scope,scope_label,denominator_package,scenario,year,period,model_key,indicator,heatwave_type,activity_type,heatwave_days,signed_pa_change_percent_all_days,pa_loss_fraction_percent_all_days,pa_loss_fraction_percent_heatwave_days,asri_mean_all_days,annualized_asri_percent,annualized_asri_low_percent,annualized_asri_high_percent,benefit_adjusted_asri_percent,benefit_adjusted_asri_low_percent,benefit_adjusted_asri_high_percent,exposure_clipped_share,pa_loss_fraction_low_percent_all_days,pa_loss_fraction_high_percent_all_days,pa_loss_fraction_linear_tail_percent_all_days,pa_loss_fraction_linear_tail_low_percent_all_days,pa_loss_fraction_linear_tail_high_percent_all_days,curve_scope,partition_family,partition_name,denominator_id,denominator_label,denominator_months
sensitivity_dtw4lag12,DTW4lag12 phenotype-stratified,annual_all_days_primary,ssp245,2025,2025-2030,cehwi_composite_all,cehwi,composite,all,453.12698412698415,-0.1862663796242681,0.1862693764295039,1.940519495640134,0.0019012705203079,0.1901270520307967,0.0150985503902339,0.7586030788496164,0.1901240686624079,0.0150985503902339,0.7586030788496164,0.0,0.0150256572284947,0.6935192691997009,0.1862693764295039,0.0150256572284947,0.6935192691997009,DTW4lag12,DTW4lag12_mixed,All_cities,annual_all_days_primary,All calendar-year days; non-heatwave days contribute zero,"1,2,3,4,5,6,7,8,9,10,11,12"
sensitivity_dtw4lag12,DTW4lag12 phenotype-stratified,annual_all_days_primary,ssp245,2025,2025-2030,cehwi_day_all,cehwi,day,all,689.4324324324324,-0.1628245329432616,0.1745870472859549,1.23339657122366,0.0017901923692541,0.179019236925414,6.212179667793877e-05,0.769937332695147,0.1768650998088602,0.0,0.769937332695147,0.0,6.165203809612655e-05,0.724810535342088,0.1745870472859549,6.165203809612655e-05,0.724810535342088,DTW4lag12,DTW4lag12_mixed,All_cities,annual_all_days_primary,All calendar-year days; non-heatwave days contribute zero,"1,2,3,4,5,6,7,8,9,10,11,12"
sensitivity_dtw4lag12,DTW4lag12 phenotype-stratified,annual_all_days_primary,ssp245,2025,2025-2030,cehwi_night_all,cehwi,night,all,468.6349206349207,-1.264428812094294,1.2931987609584932,12.996104559937038,0.0247467556910313,2.4746755691031392,0.8648358827309407,47.975732551276,2.4746755691031392,0.0,47.975448109128855,0.0,0.243591986829412,3.0185685086751723,1.2931987609584932,0.243591986829412,3.0185685086751723,DTW4lag12,DTW4lag12_mixed,All_cities,annual_all_days_primary,All calendar-year days; non-heatwave days contribute zero,"1,2,3,4,5,6,7,8,9,10,11,12"
sensitivity_dtw4lag12,DTW4lag12 phenotype-stratified,annual_all_days_primary,ssp245,2025,2025-2030,exceeded_quantity_composite_all,exceeded_quantity,composite,all,453.12698412698415,0.2481318593043263,0.1884730970913012,1.9264769353864355,0.0019349066215013,0.1934906621501316,0.0474716892223662,0.9339657759627004,0.1933253791121739,0.0474716892223662,0.9339657759627004,0.0,0.0469659238008412,0.8657888640956249,0.1884730970913012,0.0469659238008412,0.8657888640956249,DTW4lag12,DTW4lag12_mixed,All_cities,annual_all_days_primary,All calendar-year days; non-heatwave days contribute zero,"1,2,3,4,5,6,7,8,9,10,11,12"
sensitivity_dtw4lag12,DTW4lag12 phenotype-stratified,annual_all_days_primary,ssp245,2025,2025-2030,exceeded_quantity_day_all,exceeded_quantity,day,all,689.4324324324324,-0.261512919848945,0.2772257196070841,2.0586814719995936,0.0028668261675212,0.2866826167521219,0.0005818171882611,1.074892442538648,0.2801704879946741,0.0,1.074892442538648,0.0,0.0005759675360607,0.9987071080204027,0.2772257196070841,0.0005759675360607,0.9987071080204027,DTW4lag12,DTW4lag12_mixed,All_cities,annual_all_days_primary,All calendar-year days; non-heatwave days contribute zero,"1,2,3,4,5,6,7,8,9,10,11,12"
sensitivity_dtw4lag12,DTW4lag12 phenotype-stratified,annual_all_days_primary,ssp245,2025,2025-2030,exceeded_quantity_night_all,exceeded_quantity,night,all,468.6349206349207,-3.024217334846109,3.128256564840424,32.4148035803228,0.5381507059102713,53.81507059102713,51.17949044963343,57.246129517201055,53.81506529503627,44.8322857596195,57.246129517201055,0.0,2.79417654415527,3.2514210829199026,3.128256564840424,2.79417654415527,3.2514210829199026,DTW4lag12,DTW4lag12_mixed,All_cities,annual_all_days_primary,All calendar-year days; non-heatwave days contribute zero,"1,2,3,4,5,6,7,8,9,10,11,12"
sensitivity_dtw4lag12,DTW4lag12 phenotype-stratified,annual_all_days_primary,ssp245,2026,2025-2030,cehwi_composite_all,cehwi,composite,all,456.0,-0.1727737359458275,0.1727737359458275,1.8274772600446183,0.0017663282675502,0.1766328267550254,0.0224948356736017,0.6007140113259345,0.1766328267550254,0.0224948356736017,0.6007140113259345,0.0,0.022292823221906,0.5559109886678543,0.1727737359458275,0.022292823221906,0.5559109886678543,DTW4lag12,DTW4lag12_mixed,All_cities,annual_all_days_primary,All calendar-year days; non-heatwave days contribute zero,"1,2,3,4,5,6,7,8,9,10,11,12"
sensitivity_dtw4lag12,DTW4lag12 phenotype-stratified,annual_all_days_primary,ssp245,2026,2025-2030,cehwi_day_all,cehwi,day,all,729.1081081081081,-0.1980351295759851,0.2141043124726067,1.3943405636031727,0.002197445216719,0.2197445216719075,0.0002411240135679,0.9497873312260332,0.2165644157090326,0.0,0.9497873312260332,0.0,0.0002396610347727,0.8906457498089414,0.2141043124726067,0.0002396610347727,0.8906457498089414,DTW4lag12,DTW4lag12_mixed,All_cities,annual_all_days_primary,All calendar-year days; non-heatwave days contribute zero,"1,2,3,4,5,6,7,8,9,10,11,12"
sensitivity_dtw4lag12,DTW4lag12 phenotype-stratified,annual_all_days_primary,ssp245,2026,2025-2030,cehwi_night_all,cehwi,night,all,462.7936507936508,-1.1268592696092556,1.1516508280003663,11.80896659914226,0.0217280176808823,2.1728017680882314,0.7113439606408115,45.143351342665554,2.1728017680882314,0.0,45.143122230155015,0.0,0.1909785296715305,2.801409327648996,1.1516508280003663,0.1909785296715305,2.801409327648996,DTW4lag12,DTW4lag12_mixed,All_cities,annual_all_days_primary,All calendar-year days; non-heatwave days contribute zero,"1,2,3,4,5,6,7,8,9,10,11,12"
sensitivity_dtw4lag12,DTW4lag12 phenotype-stratified,annual_all_days_primary,ssp245,2026,2025-2030,exceeded_quantity_composite_all,exceeded_quantity,composite,all,456.0,0.354608737760126,0.1823008688629792,1.7658603308020973,0.0018727854434537,0.1872785443453725,0.0506591071977465,0.8437674334537895,0.1872735511756353,0.0506591071977465,0.8437674334537895,0.0,0.0500715332430837,0.7810095327511614,0.1823008688629792,0.0500715332430837,0.7810095327511614,DTW4lag12,DTW4lag12_mixed,All_cities,annual_all_days_primary,All calendar-year days; non-heatwave days contribute zero,"1,2,3,4,5,6,7,8,9,10,11,12"
sensitivity_dtw4lag12,DTW4lag12 phenotype-stratified,annual_all_days_primary,ssp245,2026,2025-2030,exceeded_quantity_day_all,exceeded_quantity,day,all,729.1081081081081,-0.2851242076852367,0.300434066176548,2.048663114942378,0.0030974673576809,0.3097467357680969,0.0027094285696657,1.1459480530973092,0.3015525442505632,0.0,1.1459480530973092,0.0,0.0026566145203956,1.0715541767404917,0.300434066176548,0.0026566145203956,1.0715541767404917,DTW4lag12,DTW4lag12_mixed,All_cities,annual_all_days_primary,All calendar-year days; non-heatwave days contribute zero,"1,2,3,4,5,6,7,8,9,10,11,12"
sensitivity_dtw4lag12,DTW4lag12 phenotype-stratified,annual_all_days_primary,ssp245,2026,2025-2030,exceeded_quantity_night_all,exceeded_quantity,night,all,462.7936507936508,-3.061581981015796,3.1521326091510957,30.73640051282276,0.5503795885738935,55.03795885738933,52.86979352433467,57.7729753511127,55.03736367668917,47.75702137672608,57.7729753511127,0.0,2.8813248548468517,3.2545796916303846,3.1521326091510957,2.8813248548468517,3.2545796916303846,DTW4lag12,DTW4lag12_mixed,All_cities,annual_all_days_primary,All calendar-year days; non-heatwave days contribute zero,"1,2,3,4,5,6,7,8,9,10,11,12"
sensitivity_dtw4lag12,DTW4lag12 phenotype-stratified,annual_all_days_primary,ssp245,2027,2025-2030,cehwi_composite_all,cehwi,composite,all,502.07936507936506,-0.2246591893658388,0.2250587153117648,2.042656179336369,0.0023039385755298,0.2303938575529847,0.024804628815141,0.8529009013482981,0.2300049836976984,0.024804628815141,0.8529009013482981,0.0,0.0246034688808047,0.7764644765911097,0.2250587153117648,0.0246034688808047,0.7764644765911097,DTW4lag12,DTW4lag12_mixed,All_cities,annual_all_days_primary,All calendar-year days; non-heatwave days contribute zero,"1,2,3,4,5,6,7,8,9,10,11,12"
sensitivity_dtw4lag12,DTW4lag12 phenotype-stratified,annual_all_days_primary,ssp245,2027,2025-2030,cehwi_day_all,cehwi,day,all,881.5945945945946,-0.2539006161207606,0.2698706974794142,1.433591636252158,0.0027726938554785,0.277269385547853,0.0001003025304463,1.1477801039572122,0.2740865138818665,0.0,1.1477801039572122,0.0,9.98892522525469e-05,1.0744805227687393,0.2698706974794142,9.98892522525469e-05,1.0744805227687393,DTW4lag12,DTW4lag12_mixed,All_cities,annual_all_days_primary,All calendar-year days; non-heatwave days contribute zero,"1,2,3,4,5,6,7,8,9,10,11,12"
sensitivity_dtw4lag12,DTW4lag12 phenotype-stratified,annual_all_days_primary,ssp245,2027,2025-2030,cehwi_night_all,cehwi,night,all,464.3333333333333,-1.3605999907058808,1.3834512951432485,13.114108131322508,0.0262085802675252,2.6208580267525257,0.7237991472459808,49.58276730446872,2.6208580267525257,0.0,49.58276730446872,0.0,0.2062702017947965,3.0709698035564266,1.3834512951432485,0.2062702017947965,3.0709698035564266,DTW4lag12,DTW4lag12_mixed,All_cities,annual_all_days_primary,All calendar-year days; non-heatwave days contribute zero,"1,2,3,4,5,6,7,8,9,10,11,12"
sensitivity_dtw4lag12,DTW4lag12 phenotype-stratified,annual_all_days_primary,ssp245,2027,2025-2030,exceeded_quantity_composite_all,exceeded_quantity,composite,all,502.07936507936506,0.2880610238176987,0.2422530528615243,2.046170129987189,0.0024991994803157,0.249919948031572,0.0689932213438565,1.0924011403243232,0.2498213761722201,0.0689932213438565,1.0924011403243232,0.0,0.06801418527666,1.0079364370626247,0.2422530528615243,0.06801418527666,1.0079364370626247,DTW4lag12,DTW4lag12_mixed,All_cities,annual_all_days_primary,All calendar-year days; non-heatwave days contribute zero,"1,2,3,4,5,6,7,8,9,10,11,12"
sensitivity_dtw4lag12,DTW4lag12 phenotype-stratified,annual_all_days_primary,ssp245,2027,2025-2030,exceeded_quantity_day_all,exceeded_quantity,day,all,881.5945945945946,-0.3845380851581373,0.4041002487302613,2.2602085682834545,0.0041882958781088,0.4188295878108897,0.0022331406927248,1.5341274542291945,0.4046984452512395,0.0,1.5341274542291945,0.0,0.0022003432546198,1.4194814217396718,0.4041002487302613,0.0022003432546198,1.4194814217396718,DTW4lag12,DTW4lag12_mixed,All_cities,annual_all_days_primary,All calendar-year days; non-heatwave days contribute zero,"1,2,3,4,5,6,7,8,9,10,11,12"
sensitivity_dtw4lag12,DTW4lag12 phenotype-stratified,annual_all_days_primary,ssp245,2027,2025-2030,exceeded_quantity_night_all,exceeded_quantity,night,all,464.3333333333333,-3.098045866974836,3.2004921126845867,29.62487527135524,0.5570542538184284,55.70542538184284,53.45092082785053,58.45358112499156,55.70542538184284,47.95662279086918,58.45358112499156,0.0,2.9163789099574604,3.324061561449553,3.2004921126845867,2.9163789099574604,3.324061561449553,DTW4lag12,DTW4lag12_mixed,All_cities,annual_all_days_primary,All calendar-year days; non-heatwave days contribute zero,"1,2,3,4,5,6,7,8,9,10,11,12"
sensitivity_dtw4lag12,DTW4lag12 phenotype-stratified,annual_all_days_primary,ssp245,2028,2025-2030,cehwi_composite_all,cehwi,composite,all,476.3015873015873,-0.2129757428335579,0.2131680586598154,2.0332373843368687,0.0021859241716203,0.2185924171620359,0.0221415694393574,0.8387973707727755,0.2184045288764978,0.0221415694393574,0.8387973707727755,0.0,0.0218902759828203,0.7583033619096861,0.2131680586598154,0.0218902759828203,0.7583033619096861,DTW4lag12,DTW4lag12_mixed,All_cities,annual_all_days_primary,All calendar-year days; non-heatwave days contribute zero,"1,2,3,4,5,6,7,8,9,10,11,12"
sensitivity_dtw4lag12,DTW4lag12 phenotype-stratified,annual_all_days_primary,ssp245,2028,2025-2030,cehwi_day_all,cehwi,day,all,921.2432432432432,-0.2901596213092961,0.3083989399238751,1.5853081024050026,0.0031719322546589,0.3171932254658967,0.0003799447603558,1.2837313092206173,0.3137979607420396,0.0,1.2837313092206173,0.0,0.0003778900491415,1.197892130659014,0.3083989399238751,0.0003778900491415,1.197892130659014,DTW4lag12,DTW4lag12_mixed,All_cities,annual_all_days_primary,All calendar-year days; non-heatwave days contribute zero,"1,2,3,4,5,6,7,8,9,10,11,12"
sensitivity_dtw4lag12,DTW4lag12 phenotype-stratified,annual_all_days_primary,ssp245,2028,2025-2030,cehwi_night_all,cehwi,night,all,458.57142857142856,-1.3695255634295918,1.394843163756604,11.354838999213008,0.0271905834012922,2.7190583401292248,0.9733965049658532,51.129237088125535,2.7190583401292248,0.0,51.12914759333222,0.0,0.2769336936929505,3.201556124708313,1.394843163756604,0.2769336936929505,3.201556124708313,DTW4lag12,DTW4lag12_mixed,All_cities,annual_all_days_primary,All calendar-year days; non-heatwave days contribute zero,"1,2,3,4,5,6,7,8,9,10,11,12"
sensitivity_dtw4lag12,DTW4lag12 phenotype-stratified,annual_all_days_primary,ssp245,2028,2025-2030,exceeded_quantity_composite_all,exceeded_quantity,composite,all,476.3015873015873,0.2354358497141776,0.2103293170207494,1.913903098997144,0.0021654821899935,0.2165482189993509,0.0569797273556037,0.9831730298028374,0.2163320901095964,0.0569797273556037,0.9831730298028374,0.0,0.0562385492331553,0.9098821375275268,0.2103293170207494,0.0562385492331553,0.9098821375275268,DTW4lag12,DTW4lag12_mixed,All_cities,annual_all_days_primary,All calendar-year days; non-heatwave days contribute zero,"1,2,3,4,5,6,7,8,9,10,11,12"
sensitivity_dtw4lag12,DTW4lag12 phenotype-stratified,annual_all_days_primary,ssp245,2028,2025-2030,exceeded_quantity_day_all,exceeded_quantity,day,all,921.2432432432432,-0.412257994950689,0.4313614939721484,2.3178087093148063,0.0044707527762259,0.4470752776225906,0.0050978541703516,1.6062944309854923,0.4367732850087777,0.0,1.6062944309854923,0.0,0.005009866838614,1.488241765407719,0.4313614939721484,0.005009866838614,1.488241765407719,DTW4lag12,DTW4lag12_mixed,All_cities,annual_all_days_primary,All calendar-year days; non-heatwave days contribute zero,"1,2,3,4,5,6,7,8,9,10,11,12"
sensitivity_dtw4lag12,DTW4lag12 phenotype-stratified,annual_all_days_primary,ssp245,2028,2025-2030,exceeded_quantity_night_all,exceeded_quantity,night,all,458.57142857142856,-2.9743709249638206,3.0787797845262936,29.18523368911054,0.5322411212324235,53.22411212324234,50.79148000453935,56.36904186826731,53.22411212324234,44.65091372841268,56.36904186826731,0.0,2.766509004122523,3.20574999745705,3.0787797845262936,2.766509004122523,3.20574999745705,DTW4lag12,DTW4lag12_mixed,All_cities,annual_all_days_primary,All calendar-year days; non-heatwave days contribute zero,"1,2,3,4,5,6,7,8,9,10,11,12"
sensitivity_dtw4lag12,DTW4lag12 phenotype-stratified,annual_all_days_primary,ssp245,2029,2025-2030,cehwi_composite_all,cehwi,composite,all,520.4603174603175,-0.2197151710273654,0.2228741521284559,2.1921897329642253,0.002283743040054,0.2283743040054044,0.0238937609318828,0.890541607939252,0.2255347951825006,0.0238937609318828,0.890541607939252,0.0,0.0236842981346564,0.8046052608998687,0.2228741521284559,0.0236842981346564,0.8046052608998687,DTW4lag12,DTW4lag12_mixed,All_cities,annual_all_days_primary,All calendar-year days; non-heatwave days contribute zero,"1,2,3,4,5,6,7,8,9,10,11,12"
sensitivity_dtw4lag12,DTW4lag12 phenotype-stratified,annual_all_days_primary,ssp245,2029,2025-2030,cehwi_day_all,cehwi,day,all,896.1351351351351,-0.2963531666257735,0.3178232274762543,1.7970230651968155,0.003299470450922,0.329947045092207,0.0040882695852706,1.3453232713198346,0.3231142860052113,0.0019811906048218,1.3453232713198346,0.0,0.0040106653583435,1.237077688096277,0.3178232274762543,0.0040106653583435,1.237077688096277,DTW4lag12,DTW4lag12_mixed,All_cities,annual_all_days_primary,All calendar-year days; non-heatwave days contribute zero,"1,2,3,4,5,6,7,8,9,10,11,12"
sensitivity_dtw4lag12,DTW4lag12 phenotype-stratified,annual_all_days_primary,ssp245,2029,2025-2030,cehwi_night_all,cehwi,night,all,459.1746031746032,-1.4441671634574067,1.4727090288165006,12.763202840861554,0.0322400354061042,3.2240035406104277,1.5105468558308783,49.59351201449304,3.2240035406104277,0.0,49.5933372996596,0.0,0.3717600919271837,3.230639078226777,1.4727090288165006,0.3717600919271837,3.230639078226777,DTW4lag12,DTW4lag12_mixed,All_cities,annual_all_days_primary,All calendar-year days; non-heatwave days contribute zero,"1,2,3,4,5,6,7,8,9,10,11,12"
sensitivity_dtw4lag12,DTW4lag12 phenotype-stratified,annual_all_days_primary,ssp245,2029,2025-2030,exceeded_quantity_composite_all,exceeded_quantity,composite,all,520.4603174603175,0.5186510835554901,0.2242861429905084,2.056672656992182,0.0023126433609517,0.2312643360951767,0.0628453126472824,1.1924546124321007,0.2291321705164346,0.0628453126472824,1.1924546124321007,0.0,0.0619900774806805,1.0902129622842536,0.2242861429905084,0.0619900774806805,1.0902129622842536,DTW4lag12,DTW4lag12_mixed,All_cities,annual_all_days_primary,All calendar-year days; non-heatwave days contribute zero,"1,2,3,4,5,6,7,8,9,10,11,12"
sensitivity_dtw4lag12,DTW4lag12 phenotype-stratified,annual_all_days_primary,ssp245,2029,2025-2030,exceeded_quantity_day_all,exceeded_quantity,day,all,896.1351351351351,-0.4055496587389287,0.4232723336665399,2.413046664048271,0.004398146344759,0.4398146344759006,0.0037606891051557,1.5895846954776196,0.4239890513398067,0.0,1.5895846954776196,0.0,0.0036007069700175,1.466726349722169,0.4232723336665399,0.0036007069700175,1.466726349722169,DTW4lag12,DTW4lag12_mixed,All_cities,annual_all_days_primary,All calendar-year days; non-heatwave days contribute zero,"1,2,3,4,5,6,7,8,9,10,11,12"
sensitivity_dtw4lag12,DTW4lag12 phenotype-stratified,annual_all_days_primary,ssp245,2029,2025-2030,exceeded_quantity_night_all,exceeded_quantity,night,all,459.1746031746032,-2.701080076855749,2.812187611911418,29.70522953223864,0.4915725587728264,49.15725587728264,47.68126149565102,51.517349363186526,49.15713907014494,43.41158432297657,51.517349363186526,0.0,2.5966753443222896,2.9452838456023303,2.812187611911418,2.5966753443222896,2.9452838456023303,DTW4lag12,DTW4lag12_mixed,All_cities,annual_all_days_primary,All calendar-year days; non-heatwave days contribute zero,"1,2,3,4,5,6,7,8,9,10,11,12"
sensitivity_dtw4lag12,DTW4lag12 phenotype-stratified,annual_all_days_primary,ssp245,2030,2025-2030,cehwi_composite_all,cehwi,composite,all,559.6984126984127,4.724964849588325,0.2783531331345915,2.3783995565651663,0.0028650535453272,0.2865053545327226,0.0395951484914053,2.27537288577775,0.25718068143533,0.0395951484914053,2.27537288577775,0.0,0.0389544868880651,1.264689413822091,0.2783531331345915,0.0389544868880651,1.264689413822091,DTW4lag12,DTW4lag12_mixed,All_cities,annual_all_days_primary,All calendar-year days; non-heatwave days contribute zero,"1,2,3,4,5,6,7,8,9,10,11,12"
sensitivity_dtw4lag12,DTW4lag12 phenotype-stratified,annual_all_days_primary,ssp245,2030,2025-2030,cehwi_day_all,cehwi,day,all,815.472972972973,-0.2201442726845824,0.2369618971458386,1.4522275722407962,0.0024394516478744,0.2439451647874461,0.0015111533273433,1.0376820668505944,0.2386725158924997,0.0,1.0376820668505944,0.0,0.0014735591202355,0.9673398576027986,0.2369618971458386,0.0014735591202355,0.9673398576027986,DTW4lag12,DTW4lag12_mixed,All_cities,annual_all_days_primary,All calendar-year days; non-heatwave days contribute zero,"1,2,3,4,5,6,7,8,9,10,11,12"
sensitivity_dtw4lag12,DTW4lag12 phenotype-stratified,annual_all_days_primary,ssp245,2030,2025-2030,cehwi_night_all,cehwi,night,all,407.9047619047619,-1.2318339296472005,1.2471364408052967,11.80451919344695,0.0238093856857747,2.3809385685774744,0.7018933151925358,44.56975469151937,2.3809385685774744,0.0,44.56973982738544,0.0,0.2029671970818823,2.752560899821431,1.2471364408052967,0.2029671970818823,2.752560899821431,DTW4lag12,DTW4lag12_mixed,All_cities,annual_all_days_primary,All calendar-year days; non-heatwave days contribute zero,"1,2,3,4,5,6,7,8,9,10,11,12"
sensitivity_dtw4lag12,DTW4lag12 phenotype-stratified,annual_all_days_primary,ssp245,2030,2025-2030,exceeded_quantity_composite_all,exceeded_quantity,composite,all,559.6984126984127,0.3772379353687582,0.2716186912349413,2.24852398303097,0.0028122757523709,0.2812275752370974,0.0783585880473378,1.4012090024918642,0.2789609793390668,0.0783585880473378,1.4012090024918642,0.0,0.0770722704033649,1.2664557192167654,0.2716186912349413,0.0770722704033649,1.2664557192167654,DTW4lag12,DTW4lag12_mixed,All_cities,annual_all_days_primary,All calendar-year days; non-heatwave days contribute zero,"1,2,3,4,5,6,7,8,9,10,11,12"
sensitivity_dtw4lag12,DTW4lag12 phenotype-stratified,annual_all_days_primary,ssp245,2030,2025-2030,exceeded_quantity_day_all,exceeded_quantity,day,all,815.472972972973,-0.3494433137846834,0.3661784437530613,2.3722017215538225,0.0037965319271547,0.3796531927154737,0.0018586464463324,1.3892192766955354,0.3701342799044381,0.0,1.3892192766955354,0.0,0.0018337294900011,1.2826954804307735,0.3661784437530613,0.0018337294900011,1.2826954804307735,DTW4lag12,DTW4lag12_mixed,All_cities,annual_all_days_primary,All calendar-year days; non-heatwave days contribute zero,"1,2,3,4,5,6,7,8,9,10,11,12"
sensitivity_dtw4lag12,DTW4lag12 phenotype-stratified,annual_all_days_primary,ssp245,2030,2025-2030,exceeded_quantity_night_all,exceeded_quantity,night,all,407.9047619047619,-2.851528951671025,2.946713813844512,30.732564455917444,0.5143903763992081,51.43903763992082,49.23789024776299,54.066740287983535,51.43883954211967,44.16196223993332,54.066740287983535,0.0,2.6812571428712566,3.0553237368410118,2.946713813844512,2.6812571428712566,3.0553237368410118,DTW4lag12,DTW4lag12_mixed,All_cities,annual_all_days_primary,All calendar-year days; non-heatwave days contribute zero,"1,2,3,4,5,6,7,8,9,10,11,12"
sensitivity_dtw4lag12,DTW4lag12 phenotype-stratified,annual_all_days_primary,ssp245,2031,2031-2040,cehwi_composite_all,cehwi,composite,all,457.3968253968254,-0.2208554223572448,0.2208554223572448,2.139674597742621,0.0022698042334765,0.226980423347656,0.0372899671996761,0.7633803452424377,0.226980423347656,0.0372899671996761,0.7633803452424377,0.0,0.036695462192323,0.69578433585746,0.2208554223572448,0.036695462192323,0.69578433585746,DTW4lag12,DTW4lag12_mixed,All_cities,annual_all_days_primary,All calendar-year days; non-heatwave days contribute zero,"1,2,3,4,5,6,7,8,9,10,11,12"
sensitivity_dtw4lag12,DTW4lag12 phenotype-stratified,annual_all_days_primary,ssp245,2031,2031-2040,cehwi_day_all,cehwi,day,all,823.3783783783783,-0.2462912861843947,0.2601709457787581,1.5946931658617494,0.0026874328078564,0.2687432807856435,7.382225981513219e-05,1.0794371082523098,0.2655988120652029,0.0,1.0794371082523098,0.0,7.349682865545624e-05,1.0031319309160185,0.2601709457787581,7.349682865545624e-05,1.0031319309160185,DTW4lag12,DTW4lag12_mixed,All_cities,annual_all_days_primary,All calendar-year days; non-heatwave days contribute zero,"1,2,3,4,5,6,7,8,9,10,11,12"
sensitivity_dtw4lag12,DTW4lag12 phenotype-stratified,annual_all_days_primary,ssp245,2031,2031-2040,cehwi_night_all,cehwi,night,all,411.4126984126984,-1.4556843996768514,1.4754784799666192,13.773108006387044,0.0295726910604579,2.957269106045796,1.0767271598921346,47.06906067359174,2.957269106045796,0.0,47.06906067359174,0.0,0.3180162609511703,2.9930888166677456,1.4754784799666192,0.3180162609511703,2.9930888166677456,DTW4lag12,DTW4lag12_mixed,All_cities,annual_all_days_primary,All calendar-year days; non-heatwave days contribute zero,"1,2,3,4,5,6,7,8,9,10,11,12"
sensitivity_dtw4lag12,DTW4lag12 phenotype-stratified,annual_all_days_primary,ssp245,2031,2031-2040,exceeded_quantity_composite_all,exceeded_quantity,composite,all,457.3968253968254,0.260269108994767,0.2189640945409033,2.103041738696308,0.0022617764692954,0.2261776469295492,0.0664668494783209,0.9452377933597504,0.2259381644839104,0.0664668494783209,0.9452377933597504,0.0,0.0654570109032662,0.8710815610957727,0.2189640945409033,0.0654570109032662,0.8710815610957727,DTW4lag12,DTW4lag12_mixed,All_cities,annual_all_days_primary,All calendar-year days; non-heatwave days contribute zero,"1,2,3,4,5,6,7,8,9,10,11,12"
sensitivity_dtw4lag12,DTW4lag12 phenotype-stratified,annual_all_days_primary,ssp245,2031,2031-2040,exceeded_quantity_day_all,exceeded_quantity,day,all,823.3783783783783,-0.3308192301863992,0.3491992593929476,2.1751224333069,0.0036148890719451,0.3614889071945121,0.001510244873376,1.336717391745677,0.3479357024138868,0.0,1.336717391745677,0.0,0.0014849752446835,1.2413680227778552,0.3491992593929476,0.0014849752446835,1.2413680227778552,DTW4lag12,DTW4lag12_mixed,All_cities,annual_all_days_primary,All calendar-year days; non-heatwave days contribute zero,"1,2,3,4,5,6,7,8,9,10,11,12"
sensitivity_dtw4lag12,DTW4lag12 phenotype-stratified,annual_all_days_primary,ssp245,2031,2031-2040,exceeded_quantity_night_all,exceeded_quantity,night,all,411.4126984126984,-2.7283587694896583,2.835627454853873,31.379003909340327,0.4969297437088342,49.69297437088343,47.998570131107016,52.048853119536574,49.69297437088343,43.74875720873828,52.048853119536574,0.0,2.6135306801646747,2.9573684039243253,2.835627454853873,2.6135306801646747,2.9573684039243253,DTW4lag12,DTW4lag12_mixed,All_cities,annual_all_days_primary,All calendar-year days; non-heatwave days contribute zero,"1,2,3,4,5,6,7,8,9,10,11,12"
sensitivity_dtw4lag12,DTW4lag12 phenotype-stratified,annual_all_days_primary,ssp245,2032,2031-2040,cehwi_composite_all,cehwi,composite,all,346.1111111111111,-0.1384718911102455,0.1384718911102455,1.83738193269704,0.0014116300083364,0.1411630008336425,0.015010591195985,0.5164265734975431,0.1411630008336425,0.015010591195985,0.5164265734975431,0.0,0.014921172013254,0.4787941689607788,0.1384718911102455,0.014921172013254,0.4787941689607788,DTW4lag12,DTW4lag12_mixed,All_cities,annual_all_days_primary,All calendar-year days; non-heatwave days contribute zero,"1,2,3,4,5,6,7,8,9,10,11,12"
sensitivity_dtw4lag12,DTW4lag12 phenotype-stratified,annual_all_days_primary,ssp245,2032,2031-2040,cehwi_day_all,cehwi,day,all,634.7027027027027,-0.157580012428454,0.1709829258317972,1.2345771235689045,0.0017565726171037,0.1756572617103734,0.0003481789359499,0.7763888049018401,0.1721476712564336,0.0,0.7763888049018401,0.0,0.0003467229262162,0.7297517808438398,0.1709829258317972,0.0003467229262162,0.7297517808438398,DTW4lag12,DTW4lag12_mixed,All_cities,annual_all_days_primary,All calendar-year days; non-heatwave days contribute zero,"1,2,3,4,5,6,7,8,9,10,11,12"
sensitivity_dtw4lag12,DTW4lag12 phenotype-stratified,annual_all_days_primary,ssp245,2032,2031-2040,cehwi_night_all,cehwi,night,all,395.6031746031746,-1.0691758034394745,1.096655384188177,11.812065819442228,0.0196634106671016,1.9663410667101653,0.4818416661219912,42.62486881298042,1.9663410667101653,0.0,42.62480004653079,0.0,0.1425716368297372,2.635601288440573,1.096655384188177,0.1425716368297372,2.635601288440573,DTW4lag12,DTW4lag12_mixed,All_cities,annual_all_days_primary,All calendar-year days; non-heatwave days contribute zero,"1,2,3,4,5,6,7,8,9,10,11,12"
sensitivity_dtw4lag12,DTW4lag12 phenotype-stratified,annual_all_days_primary,ssp245,2032,2031-2040,exceeded_quantity_composite_all,exceeded_quantity,composite,all,346.1111111111111,0.2180849292553015,0.1469438997523357,1.7341946269306625,0.0015068996839126,0.1506899683912693,0.0410267240409045,0.665960173401314,0.1506899683912693,0.0410267240409045,0.665960173401314,0.0,0.040591303972397,0.6214557301998676,0.1469438997523357,0.040591303972397,0.6214557301998676,DTW4lag12,DTW4lag12_mixed,All_cities,annual_all_days_primary,All calendar-year days; non-heatwave days contribute zero,"1,2,3,4,5,6,7,8,9,10,11,12"
sensitivity_dtw4lag12,DTW4lag12 phenotype-stratified,annual_all_days_primary,ssp245,2032,2031-2040,exceeded_quantity_day_all,exceeded_quantity,day,all,634.7027027027027,-0.2283865027086288,0.2445714209353243,1.850567891695375,0.002519489739487,0.2519489739487061,0.000582190218418,0.9706396313710264,0.2425180257319283,0.0,0.9706396313710264,0.0,0.0005747220795517,0.9096190759379286,0.2445714209353243,0.0005747220795517,0.9096190759379286,DTW4lag12,DTW4lag12_mixed,All_cities,annual_all_days_primary,All calendar-year days; non-heatwave days contribute zero,"1,2,3,4,5,6,7,8,9,10,11,12"
sensitivity_dtw4lag12,DTW4lag12 phenotype-stratified,annual_all_days_primary,ssp245,2032,2031-2040,exceeded_quantity_night_all,exceeded_quantity,night,all,395.6031746031746,-2.6048613689558158,2.690558114453029,29.78191180608002,0.4640708433613108,46.407084336131085,44.01991174284271,49.15914828531554,46.40687450209483,38.58472356275876,49.15914828531554,0.0,2.4036640071743105,2.7900701464438478,2.690558114453029,2.4036640071743105,2.7900701464438478,DTW4lag12,DTW4lag12_mixed,All_cities,annual_all_days_primary,All calendar-year days; non-heatwave days contribute zero,"1,2,3,4,5,6,7,8,9,10,11,12"
sensitivity_dtw4lag12,DTW4lag12 phenotype-stratified,annual_all_days_primary,ssp245,2033,2031-2040,cehwi_composite_all,cehwi,composite,all,477.12698412698415,-0.2064079400807391,0.2064079400807391,2.007024682453534,0.0021143812360455,0.211438123604558,0.0175641067459633,0.854837308983388,0.211438123604558,0.0175641067459633,0.854837308983388,0.0,0.0173696259498744,0.7737657947816308,0.2064079400807391,0.0173696259498744,0.7737657947816308,DTW4lag12,DTW4lag12_mixed,All_cities,annual_all_days_primary,All calendar-year days; non-heatwave days contribute zero,"1,2,3,4,5,6,7,8,9,10,11,12"
sensitivity_dtw4lag12,DTW4lag12 phenotype-stratified,annual_all_days_primary,ssp245,2033,2031-2040,cehwi_day_all,cehwi,day,all,827.3378378378378,-0.2221860220021962,0.2363442808374862,1.3470882078402753,0.0024254055552327,0.2425405555232796,5.815758627144564e-06,1.00193041561174,0.2396604950544534,0.0,1.00193041561174,0.0,5.80948801054599e-06,0.9408496829385656,0.2363442808374862,5.80948801054599e-06,0.9408496829385656,DTW4lag12,DTW4lag12_mixed,All_cities,annual_all_days_primary,All calendar-year days; non-heatwave days contribute zero,"1,2,3,4,5,6,7,8,9,10,11,12"
sensitivity_dtw4lag12,DTW4lag12 phenotype-stratified,annual_all_days_primary,ssp245,2033,2031-2040,cehwi_night_all,cehwi,night,all,422.6984126984127,-1.0504461480524627,1.0716920338056442,12.58610908908067,0.0211298132606161,2.1129813260616115,0.7202238791883119,40.6657892096412,2.1129813260616115,0.0,40.6657892096412,0.0,0.1800543504637555,2.513845190343465,1.0716920338056442,0.1800543504637555,2.513845190343465,DTW4lag12,DTW4lag12_mixed,All_cities,annual_all_days_primary,All calendar-year days; non-heatwave days contribute zero,"1,2,3,4,5,6,7,8,9,10,11,12"
sensitivity_dtw4lag12,DTW4lag12 phenotype-stratified,annual_all_days_primary,ssp245,2033,2031-2040,exceeded_quantity_composite_all,exceeded_quantity,composite,all,477.12698412698415,0.2918581601823964,0.1893742674788458,1.8877408188005187,0.0019468522441695,0.1946852244169524,0.0459440368918495,0.9984931207573317,0.1941238992759027,0.0459440368918495,0.9984931207573317,0.0,0.0453709385300968,0.922047548705916,0.1893742674788458,0.0453709385300968,0.922047548705916,DTW4lag12,DTW4lag12_mixed,All_cities,annual_all_days_primary,All calendar-year days; non-heatwave days contribute zero,"1,2,3,4,5,6,7,8,9,10,11,12"
sensitivity_dtw4lag12,DTW4lag12 phenotype-stratified,annual_all_days_primary,ssp245,2033,2031-2040,exceeded_quantity_day_all,exceeded_quantity,day,all,827.3378378378378,-0.3216859100035245,0.3406722919014519,2.0000961158156128,0.0035191679080936,0.3519167908093668,0.001620752074706,1.2992878647202837,0.343243736670533,0.0,1.2992878647202837,0.0,0.0015896850077024,1.2111869542783764,0.3406722919014519,0.0015896850077024,1.2111869542783764,DTW4lag12,DTW4lag12_mixed,All_cities,annual_all_days_primary,All calendar-year days; non-heatwave days contribute zero,"1,2,3,4,5,6,7,8,9,10,11,12"
sensitivity_dtw4lag12,DTW4lag12 phenotype-stratified,annual_all_days_primary,ssp245,2033,2031-2040,exceeded_quantity_night_all,exceeded_quantity,night,all,422.6984126984127,-2.464688749747712,2.5448685518849525,30.116818055023177,0.4355376194398441,43.553761943984405,41.23382751999201,46.46113772702811,43.553749982416456,35.45971913310088,46.46113772702811,0.0,2.2480000880156883,2.643046315079692,2.5448685518849525,2.2480000880156883,2.643046315079692,DTW4lag12,DTW4lag12_mixed,All_cities,annual_all_days_primary,All calendar-year days; non-heatwave days contribute zero,"1,2,3,4,5,6,7,8,9,10,11,12"
sensitivity_dtw4lag12,DTW4lag12 phenotype-stratified,annual_all_days_primary,ssp245,2034,2031-2040,cehwi_composite_all,cehwi,composite,all,469.1587301587302,-0.1879453275690932,0.1879453275690932,1.898381382405241,0.0019201083667338,0.1920108366733893,0.0150024590171364,0.7535537649123911,0.1920108366733893,0.0150024590171364,0.7535537649123911,0.0,0.0149126533242176,0.688385710278868,0.1879453275690932,0.0149126533242176,0.688385710278868,DTW4lag12,DTW4lag12_mixed,All_cities,annual_all_days_primary,All calendar-year days; non-heatwave days contribute zero,"1,2,3,4,5,6,7,8,9,10,11,12"
sensitivity_dtw4lag12,DTW4lag12 phenotype-stratified,annual_all_days_primary,ssp245,2034,2031-2040,cehwi_day_all,cehwi,day,all,721.6756756756756,-0.2029742671943697,0.2135456960874913,1.2788713695064178,0.0022041660326633,0.2204166032663358,5.121906062977353e-05,0.864346690538278,0.2188003374815905,0.0,0.864346690538278,0.0,5.100986410184005e-05,0.8043513216515676,0.2135456960874913,5.100986410184005e-05,0.8043513216515676,DTW4lag12,DTW4lag12_mixed,All_cities,annual_all_days_primary,All calendar-year days; non-heatwave days contribute zero,"1,2,3,4,5,6,7,8,9,10,11,12"
sensitivity_dtw4lag12,DTW4lag12 phenotype-stratified,annual_all_days_primary,ssp245,2034,2031-2040,cehwi_night_all,cehwi,night,all,450.8888888888889,-0.9961704159409128,1.0282901101167967,11.50369791382604,0.0193539618929034,1.9353961892903435,0.5918460316437995,40.379413476908816,1.9353961892903435,0.0,40.37894106170429,0.0,0.1574145135038817,2.4825319169531603,1.0282901101167967,0.1574145135038817,2.4825319169531603,DTW4lag12,DTW4lag12_mixed,All_cities,annual_all_days_primary,All calendar-year days; non-heatwave days contribute zero,"1,2,3,4,5,6,7,8,9,10,11,12"
sensitivity_dtw4lag12,DTW4lag12 phenotype-stratified,annual_all_days_primary,ssp245,2034,2031-2040,exceeded_quantity_composite_all,exceeded_quantity,composite,all,469.1587301587302,0.4005922753337926,0.1795081428001693,1.8157275334470016,0.0018418902580218,0.1841890258021809,0.0447888833932794,0.950681493142061,0.1841808061447559,0.0447888833932794,0.950681493142061,0.0,0.044293214595113,0.8790787480703229,0.1795081428001693,0.044293214595113,0.8790787480703229,DTW4lag12,DTW4lag12_mixed,All_cities,annual_all_days_primary,All calendar-year days; non-heatwave days contribute zero,"1,2,3,4,5,6,7,8,9,10,11,12"
sensitivity_dtw4lag12,DTW4lag12 phenotype-stratified,annual_all_days_primary,ssp245,2034,2031-2040,exceeded_quantity_day_all,exceeded_quantity,day,all,721.6756756756756,-0.2934997568430239,0.3080739365351251,1.953822996172034,0.0032054110215272,0.3205411021527244,0.0022161998702147,1.1471316597372134,0.3160159665919708,0.0,1.1471316597372134,0.0,0.0020373849668101,1.0624113140135332,0.3080739365351251,0.0020373849668101,1.0624113140135332,DTW4lag12,DTW4lag12_mixed,All_cities,annual_all_days_primary,All calendar-year days; non-heatwave days contribute zero,"1,2,3,4,5,6,7,8,9,10,11,12"
sensitivity_dtw4lag12,DTW4lag12 phenotype-stratified,annual_all_days_primary,ssp245,2034,2031-2040,exceeded_quantity_night_all,exceeded_quantity,night,all,450.8888888888889,-2.928153277917624,3.016070655158216,30.710823535035555,0.5263179911423652,52.63179911423652,50.52170134327038,55.191077354007234,52.63179911423652,45.581829433007535,55.191077354007234,0.0,2.7541927904024397,3.1180474181598075,3.016070655158216,2.7541927904024397,3.1180474181598075,DTW4lag12,DTW4lag12_mixed,All_cities,annual_all_days_primary,All calendar-year days; non-heatwave days contribute zero,"1,2,3,4,5,6,7,8,9,10,11,12"
sensitivity_dtw4lag12,DTW4lag12 phenotype-stratified,annual_all_days_primary,ssp245,2035,2031-2040,cehwi_composite_all,cehwi,composite,all,405.9206349206349,-0.1511170971842612,0.1511170971842612,1.908575371618363,0.001544149161853,0.1544149161853028,0.0163652567094078,0.5714111998373982,0.1544149161853028,0.0163652567094078,0.5714111998373982,0.0,0.0162523956301864,0.5232205317754438,0.1511170971842612,0.0162523956301864,0.5232205317754438,DTW4lag12,DTW4lag12_mixed,All_cities,annual_all_days_primary,All calendar-year days; non-heatwave days contribute zero,"1,2,3,4,5,6,7,8,9,10,11,12"
sensitivity_dtw4lag12,DTW4lag12 phenotype-stratified,annual_all_days_primary,ssp245,2035,2031-2040,cehwi_day_all,cehwi,day,all,670.5,-0.2122594764073392,0.2249325038324344,1.4506022764493225,0.0023148366336408,0.2314836633640863,4.79795514072212e-06,0.9358047162470856,0.228499086450707,0.0,0.9358047162470856,0.0,4.788701031903765e-06,0.8737055737323327,0.2249325038324344,4.788701031903765e-06,0.8737055737323327,DTW4lag12,DTW4lag12_mixed,All_cities,annual_all_days_primary,All calendar-year days; non-heatwave days contribute zero,"1,2,3,4,5,6,7,8,9,10,11,12"
sensitivity_dtw4lag12,DTW4lag12 phenotype-stratified,annual_all_days_primary,ssp245,2035,2031-2040,cehwi_night_all,cehwi,night,all,442.8888888888889,-1.3029976462823778,1.3249301455250675,13.270545658147071,0.0247399073355623,2.4739907335562377,0.6729389368419694,49.43860368503192,2.4739907335562377,0.0,49.43859806791744,0.0,0.2009171932433125,3.0495124491280183,1.3249301455250675,0.2009171932433125,3.0495124491280183,DTW4lag12,DTW4lag12_mixed,All_cities,annual_all_days_primary,All calendar-year days; non-heatwave days contribute zero,"1,2,3,4,5,6,7,8,9,10,11,12"
sensitivity_dtw4lag12,DTW4lag12 phenotype-stratified,annual_all_days_primary,ssp245,2035,2031-2040,exceeded_quantity_composite_all,exceeded_quantity,composite,all,405.9206349206349,0.2818885272357973,0.1528560072195991,1.8028244136336329,0.0015705556765735,0.1570555676573583,0.0434694902795267,0.7375614688991197,0.1568139310236481,0.0434694902795267,0.7375614688991197,0.0,0.0429445468346706,0.6857215494056432,0.1528560072195991,0.0429445468346706,0.6857215494056432,DTW4lag12,DTW4lag12_mixed,All_cities,annual_all_days_primary,All calendar-year days; non-heatwave days contribute zero,"1,2,3,4,5,6,7,8,9,10,11,12"
sensitivity_dtw4lag12,DTW4lag12 phenotype-stratified,annual_all_days_primary,ssp245,2035,2031-2040,exceeded_quantity_day_all,exceeded_quantity,day,all,670.5,-0.2794347503888865,0.2966772224789126,2.059145722958901,0.0030666350437373,0.3066635043737354,0.0017552006945217,1.1310967933455411,0.2947643587424396,0.0,1.1310967933455411,0.0,0.0017274567671968,1.05388153932913,0.2966772224789126,0.0017274567671968,1.05388153932913,DTW4lag12,DTW4lag12_mixed,All_cities,annual_all_days_primary,All calendar-year days; non-heatwave days contribute zero,"1,2,3,4,5,6,7,8,9,10,11,12"
sensitivity_dtw4lag12,DTW4lag12 phenotype-stratified,annual_all_days_primary,ssp245,2035,2031-2040,exceeded_quantity_night_all,exceeded_quantity,night,all,442.8888888888889,-2.8959788385606275,2.990529083207893,30.769387052113963,0.5173089907888259,51.73089907888258,49.540612478015866,54.74753789858061,51.73089907888257,43.91057370686794,54.74753789858061,0.0,2.6996873604814224,3.1049447998025195,2.990529083207893,2.6996873604814224,3.1049447998025195,DTW4lag12,DTW4lag12_mixed,All_cities,annual_all_days_primary,All calendar-year days; non-heatwave days contribute zero,"1,2,3,4,5,6,7,8,9,10,11,12"
sensitivity_dtw4lag12,DTW4lag12 phenotype-stratified,annual_all_days_primary,ssp245,2036,2031-2040,cehwi_composite_all,cehwi,composite,all,536.3015873015873,-0.2194249625670645,0.2194249625670645,1.9978867649628675,0.0022476464949297,0.2247646494929715,0.0145594584182454,0.921381251424041,0.2247646494929715,0.0145573647875448,0.921381251424041,0.0,0.014457885540104,0.8306827519942677,0.2194249625670645,0.014457885540104,0.8306827519942677,DTW4lag12,DTW4lag12_mixed,All_cities,annual_all_days_primary,All calendar-year days; non-heatwave days contribute zero,"1,2,3,4,5,6,7,8,9,10,11,12"
sensitivity_dtw4lag12,DTW4lag12 phenotype-stratified,annual_all_days_primary,ssp245,2036,2031-2040,cehwi_day_all,cehwi,day,all,914.5945945945946,-0.2955238378010769,0.3114659003652523,1.7051282014769562,0.0032262938462366,0.3226293846236683,6.766142801189283e-05,1.2538874389665189,0.3183277151342744,0.0,1.2538874389665189,0.0,6.716268860462743e-05,1.1569583198776892,0.3114659003652523,6.716268860462743e-05,1.1569583198776892,DTW4lag12,DTW4lag12_mixed,All_cities,annual_all_days_primary,All calendar-year days; non-heatwave days contribute zero,"1,2,3,4,5,6,7,8,9,10,11,12"
sensitivity_dtw4lag12,DTW4lag12 phenotype-stratified,annual_all_days_primary,ssp245,2036,2031-2040,cehwi_night_all,cehwi,night,all,477.0952380952381,-1.3859890204620444,1.4097021709263031,13.984968534056348,0.0264170307082663,2.6417030708266345,0.7901969930192763,51.038526911701695,2.641703070826635,0.0,51.03848729775689,0.0,0.2161312382493549,3.1337227660517093,1.4097021709263031,0.2161312382493549,3.1337227660517093,DTW4lag12,DTW4lag12_mixed,All_cities,annual_all_days_primary,All calendar-year days; non-heatwave days contribute zero,"1,2,3,4,5,6,7,8,9,10,11,12"
sensitivity_dtw4lag12,DTW4lag12 phenotype-stratified,annual_all_days_primary,ssp245,2036,2031-2040,exceeded_quantity_composite_all,exceeded_quantity,composite,all,536.3015873015873,0.4259274685091327,0.1993194314935406,1.8150624149912635,0.0020472487358095,0.204724873580956,0.0452998975313574,1.1367392076808778,0.2028087218703399,0.0452998975313574,1.1367392076808778,0.0,0.0447704569996237,1.0444019115782102,0.1993194314935406,0.0447704569996237,1.0444019115782102,DTW4lag12,DTW4lag12_mixed,All_cities,annual_all_days_primary,All calendar-year days; non-heatwave days contribute zero,"1,2,3,4,5,6,7,8,9,10,11,12"
sensitivity_dtw4lag12,DTW4lag12 phenotype-stratified,annual_all_days_primary,ssp245,2036,2031-2040,exceeded_quantity_day_all,exceeded_quantity,day,all,914.5945945945946,-0.3865953657220091,0.4070693636269588,2.326790809694805,0.0042303351394548,0.4230335139454844,0.0008766896234837,1.526897521405022,0.4126142040472965,0.0,1.526897521405022,0.0,0.0008612993135143,1.4071974200402158,0.4070693636269588,0.0008612993135143,1.4071974200402158,DTW4lag12,DTW4lag12_mixed,All_cities,annual_all_days_primary,All calendar-year days; non-heatwave days contribute zero,"1,2,3,4,5,6,7,8,9,10,11,12"
sensitivity_dtw4lag12,DTW4lag12 phenotype-stratified,annual_all_days_primary,ssp245,2036,2031-2040,exceeded_quantity_night_all,exceeded_quantity,night,all,477.0952380952381,-3.200580957928579,3.3074954671207726,28.805405314139453,0.5808669783040675,58.08669783040676,56.044596786249166,60.64040901328333,58.086591498147286,51.140700239079614,60.64040901328333,0.0,3.054017185497487,3.4313489969625954,3.3074954671207726,3.054017185497487,3.4313489969625954,DTW4lag12,DTW4lag12_mixed,All_cities,annual_all_days_primary,All calendar-year days; non-heatwave days contribute zero,"1,2,3,4,5,6,7,8,9,10,11,12"
sensitivity_dtw4lag12,DTW4lag12 phenotype-stratified,annual_all_days_primary,ssp245,2037,2031-2040,cehwi_composite_all,cehwi,composite,all,440.8888888888889,-0.1832983694126163,0.1833058406571999,1.939706139099603,0.0018764638799326,0.1876463879932686,0.0167099916395832,0.7226689927188124,0.1876389859089877,0.0167099916395832,0.7226689927188124,0.0,0.0165551639742692,0.6572375231709802,0.1833058406571999,0.0165551639742692,0.6572375231709802,DTW4lag12,DTW4lag12_mixed,All_cities,annual_all_days_primary,All calendar-year days; non-heatwave days contribute zero,"1,2,3,4,5,6,7,8,9,10,11,12"
sensitivity_dtw4lag12,DTW4lag12 phenotype-stratified,annual_all_days_primary,ssp245,2037,2031-2040,cehwi_day_all,cehwi,day,all,818.2162162162163,-0.2267896236722905,0.2390170300346455,1.3505408341276344,0.0024614335491417,0.2461433549141733,4.76475036803789e-07,1.0013877256916133,0.2429729511671255,0.0,1.0013877256916133,0.0,4.760737903665323e-07,0.9342756176686378,0.2390170300346455,4.760737903665323e-07,0.9342756176686378,DTW4lag12,DTW4lag12_mixed,All_cities,annual_all_days_primary,All calendar-year days; non-heatwave days contribute zero,"1,2,3,4,5,6,7,8,9,10,11,12"
sensitivity_dtw4lag12,DTW4lag12 phenotype-stratified,annual_all_days_primary,ssp245,2037,2031-2040,cehwi_night_all,cehwi,night,all,438.8888888888889,-1.4767964273161784,1.4962097723657906,12.850071895372936,0.0293438629861334,2.934386298613349,0.9681507678749792,53.32417052933964,2.934386298613349,0.0,53.32417052933964,0.0,0.2605301188654737,3.3035742603140745,1.4962097723657906,0.2605301188654737,3.3035742603140745,DTW4lag12,DTW4lag12_mixed,All_cities,annual_all_days_primary,All calendar-year days; non-heatwave days contribute zero,"1,2,3,4,5,6,7,8,9,10,11,12"
sensitivity_dtw4lag12,DTW4lag12 phenotype-stratified,annual_all_days_primary,ssp245,2037,2031-2040,exceeded_quantity_composite_all,exceeded_quantity,composite,all,440.8888888888889,0.3127193373115893,0.1856433214136792,1.8448370310746187,0.001908682850971,0.1908682850971063,0.0482434671811522,0.9036590612775682,0.1906450744593853,0.0482434671811522,0.9036590612775682,0.0,0.0476505689373156,0.8330796605660712,0.1856433214136792,0.0476505689373156,0.8330796605660712,DTW4lag12,DTW4lag12_mixed,All_cities,annual_all_days_primary,All calendar-year days; non-heatwave days contribute zero,"1,2,3,4,5,6,7,8,9,10,11,12"
sensitivity_dtw4lag12,DTW4lag12 phenotype-stratified,annual_all_days_primary,ssp245,2037,2031-2040,exceeded_quantity_day_all,exceeded_quantity,day,all,818.2162162162163,-0.3235138531288996,0.341509423478648,2.008988616913787,0.003532179752476,0.3532179752476078,0.0005036085876006,1.279849816517642,0.3473885254370708,0.0,1.279849816517642,0.0,0.0004972141876243,1.1898219624706805,0.341509423478648,0.0004972141876243,1.1898219624706805,DTW4lag12,DTW4lag12_mixed,All_cities,annual_all_days_primary,All calendar-year days; non-heatwave days contribute zero,"1,2,3,4,5,6,7,8,9,10,11,12"
sensitivity_dtw4lag12,DTW4lag12 phenotype-stratified,annual_all_days_primary,ssp245,2037,2031-2040,exceeded_quantity_night_all,exceeded_quantity,night,all,438.8888888888889,-3.0864910553710203,3.1957358187324,29.5760103817534,0.5561214223240476,55.61214223240477,53.1840429223371,58.52863603462808,55.61214223240476,47.438583890758565,58.52863603462808,0.0,2.8989727579465425,3.3259746730014785,3.1957358187324,2.8989727579465425,3.3259746730014785,DTW4lag12,DTW4lag12_mixed,All_cities,annual_all_days_primary,All calendar-year days; non-heatwave days contribute zero,"1,2,3,4,5,6,7,8,9,10,11,12"
sensitivity_dtw4lag12,DTW4lag12 phenotype-stratified,annual_all_days_primary,ssp245,2038,2031-2040,cehwi_composite_all,cehwi,composite,all,574.5873015873016,-0.2879885708468935,0.2971249667609675,2.4061665377673784,0.0030557789823632,0.3055778982363258,0.0333919593576603,1.210872797959034,0.29707038135854,0.0333919593576603,1.210872797959034,0.0,0.0329376568505125,1.0803624544357873,0.2971249667609675,0.0329376568505125,1.0803624544357873,DTW4lag12,DTW4lag12_mixed,All_cities,annual_all_days_primary,All calendar-year days; non-heatwave days contribute zero,"1,2,3,4,5,6,7,8,9,10,11,12"
sensitivity_dtw4lag12,DTW4lag12 phenotype-stratified,annual_all_days_primary,ssp245,2038,2031-2040,cehwi_day_all,cehwi,day,all,800.6216216216217,-0.2211278206584674,0.2387608335976991,1.4208338636500504,0.0024535935819717,0.245359358197173,0.000258432116623,1.0591547194058344,0.2415499966869728,0.0,1.0591547194058344,0.0,0.0002562884841381,0.990439682507582,0.2387608335976991,0.0002562884841381,0.990439682507582,DTW4lag12,DTW4lag12_mixed,All_cities,annual_all_days_primary,All calendar-year days; non-heatwave days contribute zero,"1,2,3,4,5,6,7,8,9,10,11,12"
sensitivity_dtw4lag12,DTW4lag12 phenotype-stratified,annual_all_days_primary,ssp245,2038,2031-2040,cehwi_night_all,cehwi,night,all,461.6190476190476,-1.104491576367565,1.124532557569755,11.629053080993394,0.0196875864661294,1.96875864661294,0.4814722652042816,46.86278398520953,1.96875864661294,0.0,46.86278398520953,0.0,0.1345748616980548,2.865322188740566,1.124532557569755,0.1345748616980548,2.865322188740566,DTW4lag12,DTW4lag12_mixed,All_cities,annual_all_days_primary,All calendar-year days; non-heatwave days contribute zero,"1,2,3,4,5,6,7,8,9,10,11,12"
sensitivity_dtw4lag12,DTW4lag12 phenotype-stratified,annual_all_days_primary,ssp245,2038,2031-2040,exceeded_quantity_composite_all,exceeded_quantity,composite,all,574.5873015873016,0.3449820781681566,0.2539652618524342,2.006557254797461,0.0026154889236394,0.2615488923639452,0.0638094200106563,1.2917404152752694,0.2590420494249581,0.0638094200106563,1.2917404152752694,0.0,0.0629571490158756,1.1876217327660608,0.2539652618524342,0.0629571490158756,1.1876217327660608,DTW4lag12,DTW4lag12_mixed,All_cities,annual_all_days_primary,All calendar-year days; non-heatwave days contribute zero,"1,2,3,4,5,6,7,8,9,10,11,12"
sensitivity_dtw4lag12,DTW4lag12 phenotype-stratified,annual_all_days_primary,ssp245,2038,2031-2040,exceeded_quantity_day_all,exceeded_quantity,day,all,800.6216216216217,-0.3513663008536689,0.3681051474716063,2.291321519835187,0.0038122793434309,0.3812279343430939,0.0021587979651615,1.3950440254130592,0.3694306754407535,0.0,1.3950440254130592,0.0,0.0021214579142012,1.2919894579362683,0.3681051474716063,0.0021214579142012,1.2919894579362683,DTW4lag12,DTW4lag12_mixed,All_cities,annual_all_days_primary,All calendar-year days; non-heatwave days contribute zero,"1,2,3,4,5,6,7,8,9,10,11,12"
sensitivity_dtw4lag12,DTW4lag12 phenotype-stratified,annual_all_days_primary,ssp245,2038,2031-2040,exceeded_quantity_night_all,exceeded_quantity,night,all,461.6190476190476,-3.0594763945711496,3.1533699583798533,29.13324497348944,0.542452867436496,54.24528674364961,51.571814640709306,57.64500774121715,54.245244029266,44.79851002526175,57.64500774121715,0.0,2.81111142208661,3.276966488433745,3.1533699583798533,2.81111142208661,3.276966488433745,DTW4lag12,DTW4lag12_mixed,All_cities,annual_all_days_primary,All calendar-year days; non-heatwave days contribute zero,"1,2,3,4,5,6,7,8,9,10,11,12"
sensitivity_dtw4lag12,DTW4lag12 phenotype-stratified,annual_all_days_primary,ssp245,2039,2031-2040,cehwi_composite_all,cehwi,composite,all,622.1269841269841,-0.2978724546420018,0.2980107405784162,2.28452813612035,0.0030604549407049,0.3060454940704956,0.0323487322585234,1.1807600970166292,0.3059088231834199,0.0323487322585234,1.1807600970166292,0.0,0.0319216181843088,1.0621532420527562,0.2980107405784162,0.0319216181843088,1.0621532420527562,DTW4lag12,DTW4lag12_mixed,All_cities,annual_all_days_primary,All calendar-year days; non-heatwave days contribute zero,"1,2,3,4,5,6,7,8,9,10,11,12"
sensitivity_dtw4lag12,DTW4lag12 phenotype-stratified,annual_all_days_primary,ssp245,2039,2031-2040,cehwi_day_all,cehwi,day,all,880.581081081081,-0.2859019426509005,0.2988960488118823,1.50050345818308,0.0030833631401609,0.3083363140160982,0.0001206156261186,1.1749926621922888,0.3056892484736548,0.0,1.1749926621922888,0.0,0.0001202901840792,1.0936343908176758,0.2988960488118823,0.0001202901840792,1.0936343908176758,DTW4lag12,DTW4lag12_mixed,All_cities,annual_all_days_primary,All calendar-year days; non-heatwave days contribute zero,"1,2,3,4,5,6,7,8,9,10,11,12"
sensitivity_dtw4lag12,DTW4lag12 phenotype-stratified,annual_all_days_primary,ssp245,2039,2031-2040,cehwi_night_all,cehwi,night,all,433.3809523809524,-1.3240575308402214,1.3463983781912563,13.125745437065724,0.025274596355175,2.5274596355175074,0.7159889233736229,47.82241422287408,2.5274596355175074,0.0,47.82241422287408,0.0,0.2172678387380543,2.97914422076073,1.3463983781912563,0.2172678387380543,2.97914422076073,DTW4lag12,DTW4lag12_mixed,All_cities,annual_all_days_primary,All calendar-year days; non-heatwave days contribute zero,"1,2,3,4,5,6,7,8,9,10,11,12"
sensitivity_dtw4lag12,DTW4lag12 phenotype-stratified,annual_all_days_primary,ssp245,2039,2031-2040,exceeded_quantity_composite_all,exceeded_quantity,composite,all,622.1269841269841,0.4182167706189751,0.2515887706593424,1.9516740953248184,0.0025891501970753,0.2589150197075325,0.063992671289587,1.3016985057370067,0.2588098990113381,0.063992671289587,1.3016985057370067,0.0,0.0631734901174281,1.198745428626356,0.2515887706593424,0.0631734901174281,1.198745428626356,DTW4lag12,DTW4lag12_mixed,All_cities,annual_all_days_primary,All calendar-year days; non-heatwave days contribute zero,"1,2,3,4,5,6,7,8,9,10,11,12"
sensitivity_dtw4lag12,DTW4lag12 phenotype-stratified,annual_all_days_primary,ssp245,2039,2031-2040,exceeded_quantity_day_all,exceeded_quantity,day,all,880.581081081081,-0.3775540071840291,0.3939604236858036,2.160110937901047,0.0040752214385317,0.4075221438531744,0.0002407473472601,1.4891070837093403,0.4015292270580224,0.0,1.4891070837093403,0.0,0.0002366871170446,1.3823527146730503,0.3939604236858036,0.0002366871170446,1.3823527146730503,DTW4lag12,DTW4lag12_mixed,All_cities,annual_all_days_primary,All calendar-year days; non-heatwave days contribute zero,"1,2,3,4,5,6,7,8,9,10,11,12"
sensitivity_dtw4lag12,DTW4lag12 phenotype-stratified,annual_all_days_primary,ssp245,2039,2031-2040,exceeded_quantity_night_all,exceeded_quantity,night,all,433.3809523809524,-2.234338493430939,2.3384978620418173,32.37615531500871,0.4019890904399091,40.19890904399091,38.33966301485837,42.81495323289573,40.19890904399091,33.53309955168741,42.81495323289573,0.0,2.0892501909801635,2.4609500979784045,2.3384978620418173,2.0892501909801635,2.4609500979784045,DTW4lag12,DTW4lag12_mixed,All_cities,annual_all_days_primary,All calendar-year days; non-heatwave days contribute zero,"1,2,3,4,5,6,7,8,9,10,11,12"
sensitivity_dtw4lag12,DTW4lag12 phenotype-stratified,annual_all_days_primary,ssp245,2040,2031-2040,cehwi_composite_all,cehwi,composite,all,493.95238095238096,-0.2282818568261326,0.228515306122116,2.268106185154721,0.0023473186507921,0.2347318650792137,0.0384756553241344,0.7957770940737624,0.2345134333338122,0.0384756553241344,0.7957770940737624,0.0,0.0378900460574116,0.725757845390824,0.228515306122116,0.0378900460574116,0.725757845390824,DTW4lag12,DTW4lag12_mixed,All_cities,annual_all_days_primary,All calendar-year days; non-heatwave days contribute zero,"1,2,3,4,5,6,7,8,9,10,11,12"
sensitivity_dtw4lag12,DTW4lag12 phenotype-stratified,annual_all_days_primary,ssp245,2040,2031-2040,cehwi_day_all,cehwi,day,all,873.0945945945946,-0.4392064994178622,0.4974908711360564,2.284901570834656,0.0059712183362569,0.5971218336256927,0.0001597744318879,2.3185399955058714,0.5600405147772607,0.0,2.3185399955058714,0.0,0.0001586460577634,1.7047343149214833,0.4974908711360564,0.0001586460577634,1.7047343149214833,DTW4lag12,DTW4lag12_mixed,All_cities,annual_all_days_primary,All calendar-year days; non-heatwave days contribute zero,"1,2,3,4,5,6,7,8,9,10,11,12"
sensitivity_dtw4lag12,DTW4lag12 phenotype-stratified,annual_all_days_primary,ssp245,2040,2031-2040,cehwi_night_all,cehwi,night,all,504.9047619047619,-1.1954850649832052,1.2240122139581444,12.276737402580324,0.0221419888496051,2.2141988849605148,0.5647082053022646,48.7585845115966,2.214198884960515,0.0,48.75818297770835,0.0,0.1601897332835294,2.966265136933684,1.2240122139581444,0.1601897332835294,2.966265136933684,DTW4lag12,DTW4lag12_mixed,All_cities,annual_all_days_primary,All calendar-year days; non-heatwave days contribute zero,"1,2,3,4,5,6,7,8,9,10,11,12"
sensitivity_dtw4lag12,DTW4lag12 phenotype-stratified,annual_all_days_primary,ssp245,2040,2031-2040,exceeded_quantity_composite_all,exceeded_quantity,composite,all,493.95238095238096,0.3803936247723392,0.2237922116109773,1.960202033824848,0.0023108722568909,0.2310872256890941,0.0672645351477852,1.0250037285540694,0.2306152360895966,0.0672645351477852,1.0250037285540694,0.0,0.0663074335263307,0.9430695510724392,0.2237922116109773,0.0663074335263307,0.9430695510724392,DTW4lag12,DTW4lag12_mixed,All_cities,annual_all_days_primary,All calendar-year days; non-heatwave days contribute zero,"1,2,3,4,5,6,7,8,9,10,11,12"
sensitivity_dtw4lag12,DTW4lag12 phenotype-stratified,annual_all_days_primary,ssp245,2040,2031-2040,exceeded_quantity_day_all,exceeded_quantity,day,all,873.0945945945946,-0.4649395330039734,0.4818356586842371,2.469650326144285,0.0050407878803145,0.5040787880314572,0.0032586424204695,1.7241137783398692,0.4928561196388337,0.0,1.7241137783398692,0.0,0.0031940623950434,1.567648560200769,0.4818356586842371,0.0031940623950434,1.567648560200769,DTW4lag12,DTW4lag12_mixed,All_cities,annual_all_days_primary,All calendar-year days; non-heatwave days contribute zero,"1,2,3,4,5,6,7,8,9,10,11,12"
sensitivity_dtw4lag12,DTW4lag12 phenotype-stratified,annual_all_days_primary,ssp245,2040,2031-2040,exceeded_quantity_night_all,exceeded_quantity,night,all,504.9047619047619,-2.881275908668772,2.977951487938132,30.28918295055041,0.5130405233743639,51.30405233743639,48.829458321640686,54.45230279680229,51.30405233743639,42.84987309286431,54.45230279680229,0.0,2.664486378619752,3.08892844618219,2.977951487938132,2.664486378619752,3.08892844618219,DTW4lag12,DTW4lag12_mixed,All_cities,annual_all_days_primary,All calendar-year days; non-heatwave days contribute zero,"1,2,3,4,5,6,7,8,9,10,11,12"
sensitivity_dtw4lag12,DTW4lag12 phenotype-stratified,annual_all_days_primary,ssp245,2041,2041-2050,cehwi_composite_all,cehwi,composite,all,617.3492063492064,-0.261083759708899,0.2610837597088991,2.0491174222801427,0.0026723609364508,0.2672360936450841,0.0271763375914671,1.0078818643975949,0.2672360936450841,0.0271763375914671,1.0078818643975949,0.0,0.0269255618221144,0.9177545481893856,0.2610837597088991,0.0269255618221144,0.9177545481893856,DTW4lag12,DTW4lag12_mixed,All_cities,annual_all_days_primary,All calendar-year days; non-heatwave days contribute zero,"1,2,3,4,5,6,7,8,9,10,11,12"
sensitivity_dtw4lag12,DTW4lag12 phenotype-stratified,annual_all_days_primary,ssp245,2041,2041-2050,cehwi_day_all,cehwi,day,all,846.6081081081081,-0.2244735868941218,0.2381342566157968,1.3559652739456802,0.0024475093065157,0.2447509306515715,0.0011623132360539,1.033822808103057,0.2413632799658532,0.0,1.033822808103057,0.0,0.0011511139220148,0.9667139498011376,0.2381342566157968,0.0011511139220148,0.9667139498011376,DTW4lag12,DTW4lag12_mixed,All_cities,annual_all_days_primary,All calendar-year days; non-heatwave days contribute zero,"1,2,3,4,5,6,7,8,9,10,11,12"
sensitivity_dtw4lag12,DTW4lag12 phenotype-stratified,annual_all_days_primary,ssp245,2041,2041-2050,cehwi_night_all,cehwi,night,all,517.6349206349206,-1.6983937747605,1.7223128636366134,14.249745550506548,0.0333847423390248,3.338474233902484,1.054676864977843,59.92041317908418,3.3384742339024847,0.0,59.92041317908418,0.0,0.2928392283177565,3.727658027515188,1.7223128636366134,0.2928392283177565,3.727658027515188,DTW4lag12,DTW4lag12_mixed,All_cities,annual_all_days_primary,All calendar-year days; non-heatwave days contribute zero,"1,2,3,4,5,6,7,8,9,10,11,12"
sensitivity_dtw4lag12,DTW4lag12 phenotype-stratified,annual_all_days_primary,ssp245,2041,2041-2050,exceeded_quantity_composite_all,exceeded_quantity,composite,all,617.3492063492064,0.5325133351898287,0.2366171990084656,1.7909488153924542,0.0024303304300744,0.2430330430074471,0.0623727928587305,1.248255784660795,0.2420308393885438,0.0623727928587305,1.248255784660795,0.0,0.0616511812182116,1.1524290404055515,0.2366171990084656,0.0616511812182116,1.1524290404055515,DTW4lag12,DTW4lag12_mixed,All_cities,annual_all_days_primary,All calendar-year days; non-heatwave days contribute zero,"1,2,3,4,5,6,7,8,9,10,11,12"
sensitivity_dtw4lag12,DTW4lag12 phenotype-stratified,annual_all_days_primary,ssp245,2041,2041-2050,exceeded_quantity_day_all,exceeded_quantity,day,all,846.6081081081081,-0.3205633647240066,0.338482918034168,2.014795018315463,0.0034939105988085,0.3493910598808503,0.0005441219884298,1.299101929533877,0.3433226547004413,0.0,1.299101929533877,0.0,0.0005374981670302,1.211675474589634,0.338482918034168,0.0005374981670302,1.211675474589634,DTW4lag12,DTW4lag12_mixed,All_cities,annual_all_days_primary,All calendar-year days; non-heatwave days contribute zero,"1,2,3,4,5,6,7,8,9,10,11,12"
sensitivity_dtw4lag12,DTW4lag12 phenotype-stratified,annual_all_days_primary,ssp245,2041,2041-2050,exceeded_quantity_night_all,exceeded_quantity,night,all,517.6349206349206,-3.287691487702487,3.4155017388238598,28.24041952361653,0.5827437430975183,58.27437430975183,55.2947305528869,62.4441170811745,58.27437430975184,47.49744220411239,62.4441170811745,0.0,3.01492484157023,3.5716450869396814,3.4155017388238598,3.01492484157023,3.5716450869396814,DTW4lag12,DTW4lag12_mixed,All_cities,annual_all_days_primary,All calendar-year days; non-heatwave days contribute zero,"1,2,3,4,5,6,7,8,9,10,11,12"
sensitivity_dtw4lag12,DTW4lag12 phenotype-stratified,annual_all_days_primary,ssp245,2042,2041-2050,cehwi_composite_all,cehwi,composite,all,681.7142857142857,0.540039351334999,0.4059232287694795,2.7498957044147505,0.0041943971536431,0.4194397153643108,0.0506362300239411,2.096472724815833,0.3740769303368002,0.04757448465766,2.096472724815833,0.0,0.0498052647432374,1.593701457774489,0.4059232287694795,0.0498052647432374,1.593701457774489,DTW4lag12,DTW4lag12_mixed,All_cities,annual_all_days_primary,All calendar-year days; non-heatwave days contribute zero,"1,2,3,4,5,6,7,8,9,10,11,12"
sensitivity_dtw4lag12,DTW4lag12 phenotype-stratified,annual_all_days_primary,ssp245,2042,2041-2050,cehwi_day_all,cehwi,day,all,851.5,-0.3451916975711452,0.3624230200213725,2.000166662253383,0.0037876759012191,0.3787675901219198,0.0003938492943674,1.477305768695057,0.3726924810181112,0.0,1.477305768695057,0.0,0.0003904475379327,1.3295915205916902,0.3624230200213725,0.0003904475379327,1.3295915205916902,DTW4lag12,DTW4lag12_mixed,All_cities,annual_all_days_primary,All calendar-year days; non-heatwave days contribute zero,"1,2,3,4,5,6,7,8,9,10,11,12"
sensitivity_dtw4lag12,DTW4lag12 phenotype-stratified,annual_all_days_primary,ssp245,2042,2041-2050,cehwi_night_all,cehwi,night,all,500.57142857142856,-1.4062703304484765,1.4315174087274072,12.55347539242072,0.0247880988880884,2.478809888808841,0.5018440928999587,56.267765251421416,2.478809888808841,0.0,56.267765251421416,0.0,0.161075933542377,3.38701044475619,1.4315174087274072,0.161075933542377,3.38701044475619,DTW4lag12,DTW4lag12_mixed,All_cities,annual_all_days_primary,All calendar-year days; non-heatwave days contribute zero,"1,2,3,4,5,6,7,8,9,10,11,12"
sensitivity_dtw4lag12,DTW4lag12 phenotype-stratified,annual_all_days_primary,ssp245,2042,2041-2050,exceeded_quantity_composite_all,exceeded_quantity,composite,all,681.7142857142857,0.5310593611164394,0.3300895548397272,2.238096088654689,0.0034140745441926,0.3414074544192616,0.0901029899851407,1.7175211716707972,0.3365633777743851,0.0901029899851407,1.7175211716707972,0.0,0.0886644270234844,1.5577553311077266,0.3300895548397272,0.0886644270234844,1.5577553311077266,DTW4lag12,DTW4lag12_mixed,All_cities,annual_all_days_primary,All calendar-year days; non-heatwave days contribute zero,"1,2,3,4,5,6,7,8,9,10,11,12"
sensitivity_dtw4lag12,DTW4lag12 phenotype-stratified,annual_all_days_primary,ssp245,2042,2041-2050,exceeded_quantity_day_all,exceeded_quantity,day,all,851.5,-0.4262014102138506,0.4415240326063882,2.566063778223276,0.0045944843843644,0.4594484384364479,0.0022532692240567,1.6044995911768714,0.4455838256181629,0.0,1.6044995911768714,0.0,0.0022139085009286,1.4727849019493628,0.4415240326063882,0.0022139085009286,1.4727849019493628,DTW4lag12,DTW4lag12_mixed,All_cities,annual_all_days_primary,All calendar-year days; non-heatwave days contribute zero,"1,2,3,4,5,6,7,8,9,10,11,12"
sensitivity_dtw4lag12,DTW4lag12 phenotype-stratified,annual_all_days_primary,ssp245,2042,2041-2050,exceeded_quantity_night_all,exceeded_quantity,night,all,500.57142857142856,-2.5449152918675213,2.6541068103404646,29.59486812935392,0.4574495369551855,45.74495369551855,43.593593008642976,48.51468465946445,45.74495369551855,38.27497997701427,48.51468465946445,0.0,2.377299834851324,2.7804681397717625,2.6541068103404646,2.377299834851324,2.7804681397717625,DTW4lag12,DTW4lag12_mixed,All_cities,annual_all_days_primary,All calendar-year days; non-heatwave days contribute zero,"1,2,3,4,5,6,7,8,9,10,11,12"
sensitivity_dtw4lag12,DTW4lag12 phenotype-stratified,annual_all_days_primary,ssp245,2043,2041-2050,cehwi_composite_all,cehwi,composite,all,547.6984126984127,-0.2281034997615148,0.232304212460084,2.0328858277636823,0.0023764004851947,0.2376400485194748,0.0207246072712975,0.947116589215802,0.2337977521641495,0.0207246072712975,0.947116589215802,0.0,0.0205317273142334,0.8628223620789608,0.232304212460084,0.0205317273142334,0.8628223620789608,DTW4lag12,DTW4lag12_mixed,All_cities,annual_all_days_primary,All calendar-year days; non-heatwave days contribute zero,"1,2,3,4,5,6,7,8,9,10,11,12"
sensitivity_dtw4lag12,DTW4lag12 phenotype-stratified,annual_all_days_primary,ssp245,2043,2041-2050,cehwi_day_all,cehwi,day,all,679.6216216216217,-0.2377155041904067,0.2508326798002955,1.4604586835858715,0.0026008381213125,0.2600838121312527,0.0001709576636405,1.021972777717965,0.2571937145394661,0.0,1.021972777717965,0.0,0.0001704765434971,0.9419167318255106,0.2508326798002955,0.0001704765434971,0.9419167318255106,DTW4lag12,DTW4lag12_mixed,All_cities,annual_all_days_primary,All calendar-year days; non-heatwave days contribute zero,"1,2,3,4,5,6,7,8,9,10,11,12"
sensitivity_dtw4lag12,DTW4lag12 phenotype-stratified,annual_all_days_primary,ssp245,2043,2041-2050,cehwi_night_all,cehwi,night,all,556.952380952381,-1.4443791945712363,1.4790297666441363,13.197553471269778,0.0289920629708422,2.8992062970842243,1.02399707565848,53.15272876576567,2.8992062970842243,0.0,53.15221685981915,0.0,0.2783074814499465,3.317912867377505,1.4790297666441363,0.2783074814499465,3.317912867377505,DTW4lag12,DTW4lag12_mixed,All_cities,annual_all_days_primary,All calendar-year days; non-heatwave days contribute zero,"1,2,3,4,5,6,7,8,9,10,11,12"
sensitivity_dtw4lag12,DTW4lag12 phenotype-stratified,annual_all_days_primary,ssp245,2043,2041-2050,exceeded_quantity_composite_all,exceeded_quantity,composite,all,547.6984126984127,0.4764372527396217,0.2140824483009616,1.85353891753698,0.00220060795768,0.220060795768007,0.0550743004013148,1.1494479097327792,0.2195257730928833,0.0550743004013148,1.1494479097327792,0.0,0.054389292376253,1.0599922289864312,0.2140824483009616,0.054389292376253,1.0599922289864312,DTW4lag12,DTW4lag12_mixed,All_cities,annual_all_days_primary,All calendar-year days; non-heatwave days contribute zero,"1,2,3,4,5,6,7,8,9,10,11,12"
sensitivity_dtw4lag12,DTW4lag12 phenotype-stratified,annual_all_days_primary,ssp245,2043,2041-2050,exceeded_quantity_day_all,exceeded_quantity,day,all,679.6216216216217,-0.3175915679147686,0.3345541198374325,2.184494134568438,0.0034799015352056,0.3479901535205653,0.001172246173086,1.2568775051875585,0.341531896644489,0.0,1.2568775051875585,0.0,0.0011513422965125,1.1572721189494952,0.3345541198374325,0.0011513422965125,1.1572721189494952,DTW4lag12,DTW4lag12_mixed,All_cities,annual_all_days_primary,All calendar-year days; non-heatwave days contribute zero,"1,2,3,4,5,6,7,8,9,10,11,12"
sensitivity_dtw4lag12,DTW4lag12 phenotype-stratified,annual_all_days_primary,ssp245,2043,2041-2050,exceeded_quantity_night_all,exceeded_quantity,night,all,556.952380952381,-3.5282504882198173,3.6437139803978176,29.280012650672248,0.6407695718712727,64.07695718712726,62.03691957678763,66.76860389553347,64.07685983583674,56.87715671962996,66.76860389553347,0.0,3.381599640282909,3.780557102223036,3.6437139803978176,3.381599640282909,3.780557102223036,DTW4lag12,DTW4lag12_mixed,All_cities,annual_all_days_primary,All calendar-year days; non-heatwave days contribute zero,"1,2,3,4,5,6,7,8,9,10,11,12"
sensitivity_dtw4lag12,DTW4lag12 phenotype-stratified,annual_all_days_primary,ssp245,2044,2041-2050,cehwi_composite_all,cehwi,composite,all,507.0952380952381,-0.185033926445116,0.2025881352272317,1.981574353083622,0.0020722749804925,0.2072274980492524,0.0201688043075226,0.8133850811001166,0.1917184212120177,0.0201670399769559,0.8133850811001166,0.0,0.0200499761080402,0.7386713016868971,0.2025881352272317,0.0200499761080402,0.7386713016868971,DTW4lag12,DTW4lag12_mixed,All_cities,annual_all_days_primary,All calendar-year days; non-heatwave days contribute zero,"1,2,3,4,5,6,7,8,9,10,11,12"
sensitivity_dtw4lag12,DTW4lag12 phenotype-stratified,annual_all_days_primary,ssp245,2044,2041-2050,cehwi_day_all,cehwi,day,all,771.7702702702703,-0.1971013590836988,0.2149010115483457,1.3036692948314903,0.0022096103133844,0.220961031338447,0.0003177025724966,1.0006440007259267,0.2168931497997794,0.0,1.0006440007259267,0.0,0.0003157437110298,0.9351990679837916,0.2149010115483457,0.0003157437110298,0.9351990679837916,DTW4lag12,DTW4lag12_mixed,All_cities,annual_all_days_primary,All calendar-year days; non-heatwave days contribute zero,"1,2,3,4,5,6,7,8,9,10,11,12"
sensitivity_dtw4lag12,DTW4lag12 phenotype-stratified,annual_all_days_primary,ssp245,2044,2041-2050,cehwi_night_all,cehwi,night,all,480.9047619047619,-1.342974059811873,1.3714646116516973,12.33747490912325,0.0252556339809509,2.5255633980950987,0.7059700322294559,55.21344230780626,2.5255633980950987,0.0,55.212968270218006,0.0,0.1849464547172983,3.405498039197808,1.3714646116516973,0.1849464547172983,3.405498039197808,DTW4lag12,DTW4lag12_mixed,All_cities,annual_all_days_primary,All calendar-year days; non-heatwave days contribute zero,"1,2,3,4,5,6,7,8,9,10,11,12"
sensitivity_dtw4lag12,DTW4lag12 phenotype-stratified,annual_all_days_primary,ssp245,2044,2041-2050,exceeded_quantity_composite_all,exceeded_quantity,composite,all,507.0952380952381,0.3976458254862555,0.2106395017102623,1.8263609391895783,0.002165805424793,0.2165805424793047,0.056450951427356,1.0606389668205505,0.2161061279656456,0.056450951427356,1.0606389668205505,0.0,0.0557942381522946,0.9774855490089972,0.2106395017102623,0.0557942381522946,0.9774855490089972,DTW4lag12,DTW4lag12_mixed,All_cities,annual_all_days_primary,All calendar-year days; non-heatwave days contribute zero,"1,2,3,4,5,6,7,8,9,10,11,12"
sensitivity_dtw4lag12,DTW4lag12 phenotype-stratified,annual_all_days_primary,ssp245,2044,2041-2050,exceeded_quantity_day_all,exceeded_quantity,day,all,771.7702702702703,-0.2984166317613373,0.3180140693463362,2.0486078019336,0.0032758158853515,0.3275815885351529,0.0031211143762702,1.263873348757406,0.3140978304533345,0.0,1.263873348757406,0.0,0.0030570017360341,1.1833282220269612,0.3180140693463362,0.0030570017360341,1.1833282220269612,DTW4lag12,DTW4lag12_mixed,All_cities,annual_all_days_primary,All calendar-year days; non-heatwave days contribute zero,"1,2,3,4,5,6,7,8,9,10,11,12"
sensitivity_dtw4lag12,DTW4lag12 phenotype-stratified,annual_all_days_primary,ssp245,2044,2041-2050,exceeded_quantity_night_all,exceeded_quantity,night,all,480.9047619047619,-2.8469639571231493,2.9510439355412426,29.128649465090124,0.4979605351728334,49.79605351728335,46.79017402963556,53.88212298916605,49.79594712623639,39.065140000425785,53.88212298916605,0.0,2.5536947954768543,3.081278649985579,2.9510439355412426,2.5536947954768543,3.081278649985579,DTW4lag12,DTW4lag12_mixed,All_cities,annual_all_days_primary,All calendar-year days; non-heatwave days contribute zero,"1,2,3,4,5,6,7,8,9,10,11,12"
sensitivity_dtw4lag12,DTW4lag12 phenotype-stratified,annual_all_days_primary,ssp245,2045,2041-2050,cehwi_composite_all,cehwi,composite,all,583.952380952381,-0.2519248664305754,0.2519248664305754,2.143655368088866,0.0025827844526221,0.2582784452622131,0.0273921854969004,0.9591487452933434,0.2582784452622131,0.0273921854969004,0.9591487452933434,0.0,0.0271087864816617,0.8698280056962048,0.2519248664305754,0.0271087864816617,0.8698280056962048,DTW4lag12,DTW4lag12_mixed,All_cities,annual_all_days_primary,All calendar-year days; non-heatwave days contribute zero,"1,2,3,4,5,6,7,8,9,10,11,12"
sensitivity_dtw4lag12,DTW4lag12 phenotype-stratified,annual_all_days_primary,ssp245,2045,2041-2050,cehwi_day_all,cehwi,day,all,803.7567567567568,-0.271096336945172,0.2859513390152302,1.550898563430368,0.0029619087642366,0.2961908764236602,0.0006806346107932,1.1616792013902095,0.2934409599882064,0.0003128221314824,1.1616792013902095,0.0,0.0006726162345283,1.06928883378145,0.2859513390152302,0.0006726162345283,1.06928883378145,DTW4lag12,DTW4lag12_mixed,All_cities,annual_all_days_primary,All calendar-year days; non-heatwave days contribute zero,"1,2,3,4,5,6,7,8,9,10,11,12"
sensitivity_dtw4lag12,DTW4lag12 phenotype-stratified,annual_all_days_primary,ssp245,2045,2041-2050,cehwi_night_all,cehwi,night,all,510.6825396825397,-1.5557943895198714,1.578627778555028,12.9802287485466,0.0284437797657516,2.844377976575168,0.7028247822790141,57.5599644986898,2.844377976575167,0.0,57.55995185866698,0.0,0.2179347148592272,3.521835733026441,1.578627778555028,0.2179347148592272,3.521835733026441,DTW4lag12,DTW4lag12_mixed,All_cities,annual_all_days_primary,All calendar-year days; non-heatwave days contribute zero,"1,2,3,4,5,6,7,8,9,10,11,12"
sensitivity_dtw4lag12,DTW4lag12 phenotype-stratified,annual_all_days_primary,ssp245,2045,2041-2050,exceeded_quantity_composite_all,exceeded_quantity,composite,all,583.952380952381,0.420806070997689,0.2333939298723339,1.903072641639432,0.0024020847620081,0.2402084762008115,0.0622576916407972,1.1657776046274344,0.2395951196356734,0.0622576916407972,1.1657776046274344,0.0,0.0614609507193612,1.074770169165698,0.2333939298723339,0.0614609507193612,1.074770169165698,DTW4lag12,DTW4lag12_mixed,All_cities,annual_all_days_primary,All calendar-year days; non-heatwave days contribute zero,"1,2,3,4,5,6,7,8,9,10,11,12"
sensitivity_dtw4lag12,DTW4lag12 phenotype-stratified,annual_all_days_primary,ssp245,2045,2041-2050,exceeded_quantity_day_all,exceeded_quantity,day,all,803.7567567567568,-0.3847974946967171,0.399373974934884,2.327338758329707,0.0041496036410097,0.4149603641009798,0.0013500472928935,1.4599825523395789,0.4055406683914503,0.0,1.4599825523395789,0.0,0.0013299261857139,1.3444812749911632,0.399373974934884,0.0013299261857139,1.3444812749911632,DTW4lag12,DTW4lag12_mixed,All_cities,annual_all_days_primary,All calendar-year days; non-heatwave days contribute zero,"1,2,3,4,5,6,7,8,9,10,11,12"
sensitivity_dtw4lag12,DTW4lag12 phenotype-stratified,annual_all_days_primary,ssp245,2045,2041-2050,exceeded_quantity_night_all,exceeded_quantity,night,all,510.6825396825397,-3.2106436884952814,3.325875996606431,29.35105512404375,0.5870558817122395,58.70558817122396,57.006573628155145,61.03899284074896,58.70557982612462,52.772298119882656,61.03899284074896,0.0,3.104070761492387,3.4559486335616563,3.325875996606431,3.104070761492387,3.4559486335616563,DTW4lag12,DTW4lag12_mixed,All_cities,annual_all_days_primary,All calendar-year days; non-heatwave days contribute zero,"1,2,3,4,5,6,7,8,9,10,11,12"
sensitivity_dtw4lag12,DTW4lag12 phenotype-stratified,annual_all_days_primary,ssp245,2046,2041-2050,cehwi_composite_all,cehwi,composite,all,632.968253968254,-0.2862033652770975,0.286437203269955,2.193565829080489,0.0029316504312159,0.293165043121599,0.0226940561851869,1.1786822128914312,0.292937163545189,0.0226940561851869,1.1786822128914312,0.0,0.0225328564867916,1.067639200324633,0.286437203269955,0.0225328564867916,1.067639200324633,DTW4lag12,DTW4lag12_mixed,All_cities,annual_all_days_primary,All calendar-year days; non-heatwave days contribute zero,"1,2,3,4,5,6,7,8,9,10,11,12"
sensitivity_dtw4lag12,DTW4lag12 phenotype-stratified,annual_all_days_primary,ssp245,2046,2041-2050,cehwi_day_all,cehwi,day,all,771.081081081081,-0.2980307500243155,0.3115259331540203,1.6006513628463963,0.0032388234520871,0.3238823452087137,2.2038818150958053e-06,1.2492786861716834,0.3204787185044326,0.0,1.2492786861716834,0.0,2.201191232980376e-06,1.1451096036043311,0.3115259331540203,2.201191232980376e-06,1.1451096036043311,DTW4lag12,DTW4lag12_mixed,All_cities,annual_all_days_primary,All calendar-year days; non-heatwave days contribute zero,"1,2,3,4,5,6,7,8,9,10,11,12"
sensitivity_dtw4lag12,DTW4lag12 phenotype-stratified,annual_all_days_primary,ssp245,2046,2041-2050,cehwi_night_all,cehwi,night,all,515.7936507936508,-1.3484717570712292,1.373019302678543,13.904328588547475,0.0241766254423075,2.417662544230753,0.4984589199540218,54.89062244773062,2.4176625442307533,0.0,54.890620358608295,0.0,0.1435960705253514,3.322420825948426,1.373019302678543,0.1435960705253514,3.322420825948426,DTW4lag12,DTW4lag12_mixed,All_cities,annual_all_days_primary,All calendar-year days; non-heatwave days contribute zero,"1,2,3,4,5,6,7,8,9,10,11,12"
sensitivity_dtw4lag12,DTW4lag12 phenotype-stratified,annual_all_days_primary,ssp245,2046,2041-2050,exceeded_quantity_composite_all,exceeded_quantity,composite,all,632.968253968254,0.350566908590006,0.269323262662479,2.0576210713820378,0.0027708661144651,0.2770866114465166,0.0655857218418926,1.3448519649561652,0.2767666252021808,0.0655857218418926,1.3448519649561652,0.0,0.0647409143486254,1.2411499629580698,0.269323262662479,0.0647409143486254,1.2411499629580698,DTW4lag12,DTW4lag12_mixed,All_cities,annual_all_days_primary,All calendar-year days; non-heatwave days contribute zero,"1,2,3,4,5,6,7,8,9,10,11,12"
sensitivity_dtw4lag12,DTW4lag12 phenotype-stratified,annual_all_days_primary,ssp245,2046,2041-2050,exceeded_quantity_day_all,exceeded_quantity,day,all,771.081081081081,-0.3537411882904219,0.3737597796147446,2.158841437922919,0.0038795234991989,0.3879523499198921,0.0002966961299927,1.4129497102655657,0.3798136604522052,0.0,1.4129497102655657,0.0,0.0002938828495158,1.3056912508368437,0.3737597796147446,0.0002938828495158,1.3056912508368437,DTW4lag12,DTW4lag12_mixed,All_cities,annual_all_days_primary,All calendar-year days; non-heatwave days contribute zero,"1,2,3,4,5,6,7,8,9,10,11,12"
sensitivity_dtw4lag12,DTW4lag12 phenotype-stratified,annual_all_days_primary,ssp245,2046,2041-2050,exceeded_quantity_night_all,exceeded_quantity,night,all,515.7936507936508,-3.1395256318597604,3.2493969930936557,30.27840317776672,0.5634701528193933,56.34701528193933,53.87867839537573,59.44959673325207,56.347015281939335,47.86842062482076,59.44959673325207,0.0,2.935903945481129,3.379070184817566,3.2493969930936557,2.935903945481129,3.379070184817566,DTW4lag12,DTW4lag12_mixed,All_cities,annual_all_days_primary,All calendar-year days; non-heatwave days contribute zero,"1,2,3,4,5,6,7,8,9,10,11,12"
sensitivity_dtw4lag12,DTW4lag12 phenotype-stratified,annual_all_days_primary,ssp245,2047,2041-2050,cehwi_composite_all,cehwi,composite,all,679.047619047619,-0.3137415482229321,0.3304575684358478,2.3572706360885327,0.0033947246238881,0.3394724623888129,0.0425244609288514,1.268501630508149,0.3253245864531193,0.0425134084627837,1.268501630508149,0.0,0.0419501038704141,1.1425072439822257,0.3304575684358478,0.0419501038704141,1.1425072439822257,DTW4lag12,DTW4lag12_mixed,All_cities,annual_all_days_primary,All calendar-year days; non-heatwave days contribute zero,"1,2,3,4,5,6,7,8,9,10,11,12"
sensitivity_dtw4lag12,DTW4lag12 phenotype-stratified,annual_all_days_primary,ssp245,2047,2041-2050,cehwi_day_all,cehwi,day,all,959.081081081081,-0.2952997803013648,0.3124287964124104,1.502549692211811,0.003222923671613,0.3222923671613006,0.0003156743561775,1.294877016065704,0.3186583712927175,0.0,1.294877016065704,0.0,0.0003135631250555,1.203012814573923,0.3124287964124104,0.0003135631250555,1.203012814573923,DTW4lag12,DTW4lag12_mixed,All_cities,annual_all_days_primary,All calendar-year days; non-heatwave days contribute zero,"1,2,3,4,5,6,7,8,9,10,11,12"
sensitivity_dtw4lag12,DTW4lag12 phenotype-stratified,annual_all_days_primary,ssp245,2047,2041-2050,cehwi_night_all,cehwi,night,all,517.3492063492064,-1.3532833514123042,1.380836790903304,12.960573027842276,0.0235390131839117,2.353901318391176,0.4055489352150807,55.852509053448514,2.353901318391176,0.0,55.85250816899608,0.0,0.128541055209622,3.36789583057176,1.380836790903304,0.128541055209622,3.36789583057176,DTW4lag12,DTW4lag12_mixed,All_cities,annual_all_days_primary,All calendar-year days; non-heatwave days contribute zero,"1,2,3,4,5,6,7,8,9,10,11,12"
sensitivity_dtw4lag12,DTW4lag12 phenotype-stratified,annual_all_days_primary,ssp245,2047,2041-2050,exceeded_quantity_composite_all,exceeded_quantity,composite,all,679.047619047619,0.6437071003143384,0.3105994617591361,2.1011596987308505,0.0032079443912813,0.3207944391281374,0.0872189499320987,1.58913373656252,0.3187025610088386,0.0872189499320987,1.58913373656252,0.0,0.0859407042032787,1.4479274846381422,0.3105994617591361,0.0859407042032787,1.4479274846381422,DTW4lag12,DTW4lag12_mixed,All_cities,annual_all_days_primary,All calendar-year days; non-heatwave days contribute zero,"1,2,3,4,5,6,7,8,9,10,11,12"
sensitivity_dtw4lag12,DTW4lag12 phenotype-stratified,annual_all_days_primary,ssp245,2047,2041-2050,exceeded_quantity_day_all,exceeded_quantity,day,all,959.081081081081,-0.4256099607748987,0.4436298818192377,2.2725021333031643,0.0045998683873834,0.459986838738341,0.0019028616825531,1.6394169890241932,0.4501112181925312,0.0,1.6394169890241932,0.0,0.0018751856406571,1.5153427924491003,0.4436298818192377,0.0018751856406571,1.5153427924491003,DTW4lag12,DTW4lag12_mixed,All_cities,annual_all_days_primary,All calendar-year days; non-heatwave days contribute zero,"1,2,3,4,5,6,7,8,9,10,11,12"
sensitivity_dtw4lag12,DTW4lag12 phenotype-stratified,annual_all_days_primary,ssp245,2047,2041-2050,exceeded_quantity_night_all,exceeded_quantity,night,all,517.3492063492064,-3.253244158172691,3.3632752994714097,29.215570332604926,0.5793555105307554,57.935551053075535,54.88160221444375,61.50858114333797,57.935498975949805,47.90681894525759,61.50858114333797,0.0,2.994586821157232,3.49182731071677,3.3632752994714097,2.994586821157232,3.49182731071677,DTW4lag12,DTW4lag12_mixed,All_cities,annual_all_days_primary,All calendar-year days; non-heatwave days contribute zero,"1,2,3,4,5,6,7,8,9,10,11,12"
sensitivity_dtw4lag12,DTW4lag12 phenotype-stratified,annual_all_days_primary,ssp245,2048,2041-2050,cehwi_composite_all,cehwi,composite,all,707.7936507936508,-0.3338714349600461,0.4580925431613125,3.1629788799889336,0.0047621488659062,0.4762148865906279,0.0491743857716397,1.954405255679674,0.4283051426308903,0.0488762354469283,1.954405255679674,0.0,0.0484363108027675,1.6849829185478833,0.4580925431613125,0.0484363108027675,1.6849829185478833,DTW4lag12,DTW4lag12_mixed,All_cities,annual_all_days_primary,All calendar-year days; non-heatwave days contribute zero,"1,2,3,4,5,6,7,8,9,10,11,12"
sensitivity_dtw4lag12,DTW4lag12 phenotype-stratified,annual_all_days_primary,ssp245,2048,2041-2050,cehwi_day_all,cehwi,day,all,856.5540540540541,-0.378678852614774,0.3973076175399565,1.8660552215473296,0.0045078138102236,0.4507813810223618,4.9384259358785405e-05,1.6814914154322993,0.4450756448281162,0.0,1.6814914154322993,4.113702743839729e-06,4.922053621787445e-05,1.3957899720702795,0.3973087430882743,4.922053621787445e-05,1.395790012521701,DTW4lag12,DTW4lag12_mixed,All_cities,annual_all_days_primary,All calendar-year days; non-heatwave days contribute zero,"1,2,3,4,5,6,7,8,9,10,11,12"
sensitivity_dtw4lag12,DTW4lag12 phenotype-stratified,annual_all_days_primary,ssp245,2048,2041-2050,cehwi_night_all,cehwi,night,all,467.95238095238096,-1.338532843210366,1.3600814560704373,14.007148984984369,0.023126817111547,2.312681711154704,0.3447917345120677,52.98056075298537,2.312681711154704,0.0,52.98056075298537,0.0,0.1089138906030074,3.187875173215382,1.3600814560704373,0.1089138906030074,3.187875173215382,DTW4lag12,DTW4lag12_mixed,All_cities,annual_all_days_primary,All calendar-year days; non-heatwave days contribute zero,"1,2,3,4,5,6,7,8,9,10,11,12"
sensitivity_dtw4lag12,DTW4lag12 phenotype-stratified,annual_all_days_primary,ssp245,2048,2041-2050,exceeded_quantity_composite_all,exceeded_quantity,composite,all,707.7936507936508,0.6736272819246407,0.3396438175273182,2.317078936097864,0.0035094168497601,0.3509416849760109,0.0853408356364057,1.8956483822049703,0.3479207711913755,0.0853408356364057,1.8956483822049703,0.0,0.0840712911717787,1.7162773565547649,0.3396438175273182,0.0840712911717787,1.7162773565547649,DTW4lag12,DTW4lag12_mixed,All_cities,annual_all_days_primary,All calendar-year days; non-heatwave days contribute zero,"1,2,3,4,5,6,7,8,9,10,11,12"
sensitivity_dtw4lag12,DTW4lag12 phenotype-stratified,annual_all_days_primary,ssp245,2048,2041-2050,exceeded_quantity_day_all,exceeded_quantity,day,all,856.5540540540541,-0.4289842712493792,0.4474252332017541,2.4191917600225654,0.0046610964333884,0.4661096433388485,0.0009067188541334,1.6550097144691531,0.4574780838286868,0.0,1.6550097144691531,0.0,0.0008955094611059,1.5161089542661694,0.4474252332017541,0.0008955094611059,1.5161089542661694,DTW4lag12,DTW4lag12_mixed,All_cities,annual_all_days_primary,All calendar-year days; non-heatwave days contribute zero,"1,2,3,4,5,6,7,8,9,10,11,12"
sensitivity_dtw4lag12,DTW4lag12 phenotype-stratified,annual_all_days_primary,ssp245,2048,2041-2050,exceeded_quantity_night_all,exceeded_quantity,night,all,467.95238095238096,-2.746581554635978,2.8525347173942444,30.25873340209735,0.4972665068077974,49.72665068077973,47.70523081138507,52.250589304097794,49.72664436981823,42.76052464268532,52.250589304097794,0.0,2.598246022697578,2.979640996799055,2.8525347173942444,2.598246022697578,2.979640996799055,DTW4lag12,DTW4lag12_mixed,All_cities,annual_all_days_primary,All calendar-year days; non-heatwave days contribute zero,"1,2,3,4,5,6,7,8,9,10,11,12"
sensitivity_dtw4lag12,DTW4lag12 phenotype-stratified,annual_all_days_primary,ssp245,2049,2041-2050,cehwi_composite_all,cehwi,composite,all,610.7936507936508,-0.2721002360376605,0.2721002360376606,2.15178632065917,0.0027886036983717,0.2788603698371761,0.0397586434878563,0.9771538888991396,0.2788603698371761,0.0397586434878563,0.9771538888991396,0.0,0.0392835470181186,0.8932152226664738,0.2721002360376606,0.0392835470181186,0.8932152226664738,DTW4lag12,DTW4lag12_mixed,All_cities,annual_all_days_primary,All calendar-year days; non-heatwave days contribute zero,"1,2,3,4,5,6,7,8,9,10,11,12"
sensitivity_dtw4lag12,DTW4lag12 phenotype-stratified,annual_all_days_primary,ssp245,2049,2041-2050,cehwi_day_all,cehwi,day,all,746.1081081081081,-0.1353490165567182,0.1494102126015753,1.0049163730644874,0.0015214744933512,0.1521474493351211,9.5605483337723e-05,0.73920237984377,0.14837349287745,0.0,0.73920237984377,0.0,9.485114700364276e-05,0.7050639776751754,0.1494102126015753,9.485114700364276e-05,0.7050639776751754,DTW4lag12,DTW4lag12_mixed,All_cities,annual_all_days_primary,All calendar-year days; non-heatwave days contribute zero,"1,2,3,4,5,6,7,8,9,10,11,12"
sensitivity_dtw4lag12,DTW4lag12 phenotype-stratified,annual_all_days_primary,ssp245,2049,2041-2050,cehwi_night_all,cehwi,night,all,559.2857142857143,-1.8630826374560616,1.8920876254259105,14.213534738516426,0.0383575000269899,3.8357500026989984,1.3308251090350445,66.36383711800603,3.835750002698998,0.0,66.36328687657372,0.0,0.3166076158592435,4.116471561511848,1.8920876254259105,0.3166076158592435,4.116471561511848,DTW4lag12,DTW4lag12_mixed,All_cities,annual_all_days_primary,All calendar-year days; non-heatwave days contribute zero,"1,2,3,4,5,6,7,8,9,10,11,12"
sensitivity_dtw4lag12,DTW4lag12 phenotype-stratified,annual_all_days_primary,ssp245,2049,2041-2050,exceeded_quantity_composite_all,exceeded_quantity,composite,all,610.7936507936508,0.5938631403537719,0.2633872416125257,2.057238225220372,0.0027191193085066,0.2719119308506607,0.0799535917958947,1.3216512828949023,0.2711470760837278,0.0799535917958947,1.3216512828949023,0.0,0.0788436133453193,1.211719436665455,0.2633872416125257,0.0788436133453193,1.211719436665455,DTW4lag12,DTW4lag12_mixed,All_cities,annual_all_days_primary,All calendar-year days; non-heatwave days contribute zero,"1,2,3,4,5,6,7,8,9,10,11,12"
sensitivity_dtw4lag12,DTW4lag12 phenotype-stratified,annual_all_days_primary,ssp245,2049,2041-2050,exceeded_quantity_day_all,exceeded_quantity,day,all,746.1081081081081,-0.2324428747600667,0.2536784250696057,1.7781333247918472,0.0026079221350793,0.2607922135079317,0.0029985605018309,1.0468285331932958,0.2483208839551799,0.0,1.0468285331932958,0.0,0.0029420347744812,0.985543653129754,0.2536784250696057,0.0029420347744812,0.985543653129754,DTW4lag12,DTW4lag12_mixed,All_cities,annual_all_days_primary,All calendar-year days; non-heatwave days contribute zero,"1,2,3,4,5,6,7,8,9,10,11,12"
sensitivity_dtw4lag12,DTW4lag12 phenotype-stratified,annual_all_days_primary,ssp245,2049,2041-2050,exceeded_quantity_night_all,exceeded_quantity,night,all,559.2857142857143,-3.4978027543397547,3.638038281240961,28.7695943983393,0.6349863714068174,63.49863714068173,61.02428424005981,66.60763381756718,63.49835968888284,55.04370900721624,66.60763381756718,0.0,3.32693330016708,3.8045773572164663,3.638038281240961,3.32693330016708,3.8045773572164663,DTW4lag12,DTW4lag12_mixed,All_cities,annual_all_days_primary,All calendar-year days; non-heatwave days contribute zero,"1,2,3,4,5,6,7,8,9,10,11,12"
sensitivity_dtw4lag12,DTW4lag12 phenotype-stratified,annual_all_days_primary,ssp245,2050,2041-2050,cehwi_composite_all,cehwi,composite,all,662.6984126984127,-0.2279951039303591,0.3304478582189023,2.3911913137180965,0.0033986457396262,0.3398645739626273,0.0483250294317581,1.3478728905117718,0.3176691333254436,0.0482554131237453,1.3478728905117718,0.0,0.0475573496631156,1.2024176954827952,0.3304478582189023,0.0475573496631156,1.2024176954827952,DTW4lag12,DTW4lag12_mixed,All_cities,annual_all_days_primary,All calendar-year days; non-heatwave days contribute zero,"1,2,3,4,5,6,7,8,9,10,11,12"
sensitivity_dtw4lag12,DTW4lag12 phenotype-stratified,annual_all_days_primary,ssp245,2050,2041-2050,cehwi_day_all,cehwi,day,all,818.6351351351351,-0.2108229079991203,0.2279133411621095,1.273293029799058,0.0023386551743864,0.2338655174386464,0.0022148677643452,1.008661834639467,0.2288970982945046,0.0,1.008661834639467,0.0,0.0021978216545335,0.9473064536727814,0.2279133411621095,0.0021978216545335,0.9473064536727814,DTW4lag12,DTW4lag12_mixed,All_cities,annual_all_days_primary,All calendar-year days; non-heatwave days contribute zero,"1,2,3,4,5,6,7,8,9,10,11,12"
sensitivity_dtw4lag12,DTW4lag12 phenotype-stratified,annual_all_days_primary,ssp245,2050,2041-2050,cehwi_night_all,cehwi,night,all,587.1111111111111,-2.1732821320012685,2.1998804257694813,14.908155596000356,0.0485903269288186,4.85903269288187,2.1877509868927123,68.98552981064311,4.85903269288187,0.0,68.98552981064311,0.0,0.5413978207020378,4.432493173008321,2.1998804257694813,0.5413978207020378,4.432493173008321,DTW4lag12,DTW4lag12_mixed,All_cities,annual_all_days_primary,All calendar-year days; non-heatwave days contribute zero,"1,2,3,4,5,6,7,8,9,10,11,12"
sensitivity_dtw4lag12,DTW4lag12 phenotype-stratified,annual_all_days_primary,ssp245,2050,2041-2050,exceeded_quantity_composite_all,exceeded_quantity,composite,all,662.6984126984127,0.6375026203920209,0.3019231381806919,2.122932702065849,0.0031206038138464,0.3120603813846413,0.0888047974481811,1.574418451472685,0.3112114729923982,0.0888047974481811,1.574418451472685,0.0,0.0874180010035777,1.4366910947352745,0.3019231381806919,0.0874180010035777,1.4366910947352745,DTW4lag12,DTW4lag12_mixed,All_cities,annual_all_days_primary,All calendar-year days; non-heatwave days contribute zero,"1,2,3,4,5,6,7,8,9,10,11,12"
sensitivity_dtw4lag12,DTW4lag12 phenotype-stratified,annual_all_days_primary,ssp245,2050,2041-2050,exceeded_quantity_day_all,exceeded_quantity,day,all,818.6351351351351,-0.3094263570263846,0.3291027714807632,1.9846654307551304,0.0033977935578649,0.3397793557864933,0.0024631753194744,1.280920934321135,0.328372583634747,0.0,1.280920934321135,0.0,0.0024099751504643,1.1953003546690928,0.3291027714807632,0.0024099751504643,1.1953003546690928,DTW4lag12,DTW4lag12_mixed,All_cities,annual_all_days_primary,All calendar-year days; non-heatwave days contribute zero,"1,2,3,4,5,6,7,8,9,10,11,12"
sensitivity_dtw4lag12,DTW4lag12 phenotype-stratified,annual_all_days_primary,ssp245,2050,2041-2050,exceeded_quantity_night_all,exceeded_quantity,night,all,587.1111111111111,-3.367653679898943,3.519328286183496,29.225795381494365,0.612530769453087,61.25307694530871,59.02195844741653,64.48145895418126,61.2530769453087,53.14043512900125,64.48145895418126,0.0,3.2157923961093933,3.6938406386983536,3.519328286183496,3.2157923961093933,3.6938406386983536,DTW4lag12,DTW4lag12_mixed,All_cities,annual_all_days_primary,All calendar-year days; non-heatwave days contribute zero,"1,2,3,4,5,6,7,8,9,10,11,12"
sensitivity_dtw4lag12,DTW4lag12 phenotype-stratified,annual_all_days_primary,ssp370,2025,2025-2030,cehwi_composite_all,cehwi,composite,all,398.8095238095238,-0.1509268792895818,0.150965801586782,1.845917614694992,0.0015427949892604,0.1542794989260445,0.0158832123183469,0.5725506151021316,0.1542411607366845,0.0158832123183469,0.5725506151021316,0.0,0.0157606308965121,0.5252232157714448,0.150965801586782,0.0157606308965121,0.5252232157714448,DTW4lag12,DTW4lag12_mixed,All_cities,annual_all_days_primary,All calendar-year days; non-heatwave days contribute zero,"1,2,3,4,5,6,7,8,9,10,11,12"
sensitivity_dtw4lag12,DTW4lag12 phenotype-stratified,annual_all_days_primary,ssp370,2025,2025-2030,cehwi_day_all,cehwi,day,all,673.8513513513514,-0.1623497568628505,0.1749957153976259,1.262990974837421,0.0017956692402652,0.1795669240265247,0.0001793857746106,0.7776598726613229,0.1771712542249737,0.0,0.7776598726613229,0.0,0.0001779395614858,0.7324325534381917,0.1749957153976259,0.0001779395614858,0.7324325534381917,DTW4lag12,DTW4lag12_mixed,All_cities,annual_all_days_primary,All calendar-year days; non-heatwave days contribute zero,"1,2,3,4,5,6,7,8,9,10,11,12"
sensitivity_dtw4lag12,DTW4lag12 phenotype-stratified,annual_all_days_primary,ssp370,2025,2025-2030,cehwi_night_all,cehwi,night,all,447.26984126984127,-1.1043302781694957,1.1348801934561383,12.715643343152257,0.021433915513701,2.143391551370107,0.6919820311851921,41.36961379051248,2.1433915513701067,0.0,41.36959550177045,0.0,0.2005943995794169,2.575550022027268,1.1348801934561383,0.2005943995794169,2.575550022027268,DTW4lag12,DTW4lag12_mixed,All_cities,annual_all_days_primary,All calendar-year days; non-heatwave days contribute zero,"1,2,3,4,5,6,7,8,9,10,11,12"
sensitivity_dtw4lag12,DTW4lag12 phenotype-stratified,annual_all_days_primary,ssp370,2025,2025-2030,exceeded_quantity_composite_all,exceeded_quantity,composite,all,398.8095238095238,0.331095949069956,0.154887900914048,1.7174516374845754,0.0015887170905857,0.1588717090585703,0.0406361788626057,0.7735460459783079,0.1586157925056692,0.0406361788626057,0.7735460459783079,0.0,0.0402176181928797,0.7154470072834636,0.154887900914048,0.0402176181928797,0.7154470072834636,DTW4lag12,DTW4lag12_mixed,All_cities,annual_all_days_primary,All calendar-year days; non-heatwave days contribute zero,"1,2,3,4,5,6,7,8,9,10,11,12"
sensitivity_dtw4lag12,DTW4lag12 phenotype-stratified,annual_all_days_primary,ssp370,2025,2025-2030,exceeded_quantity_day_all,exceeded_quantity,day,all,673.8513513513514,-0.239563047314271,0.2556524274285818,1.892634409525352,0.0026377345366815,0.2637734536681545,0.001595967622767,0.9969951201985155,0.2542166983909962,0.0,0.9969951201985155,0.0,0.0015708778112449,0.93257033109637,0.2556524274285818,0.0015708778112449,0.93257033109637,DTW4lag12,DTW4lag12_mixed,All_cities,annual_all_days_primary,All calendar-year days; non-heatwave days contribute zero,"1,2,3,4,5,6,7,8,9,10,11,12"
sensitivity_dtw4lag12,DTW4lag12 phenotype-stratified,annual_all_days_primary,ssp370,2025,2025-2030,exceeded_quantity_night_all,exceeded_quantity,night,all,447.26984126984127,-3.0778603090407435,3.165622279841695,31.19676548375934,0.5425140531815608,54.25140531815608,51.24997561242085,57.769191758609566,54.25140531815608,44.07674151600837,57.769191758609566,0.0,2.797793169062901,3.27631752186556,3.165622279841695,2.797793169062901,3.27631752186556,DTW4lag12,DTW4lag12_mixed,All_cities,annual_all_days_primary,All calendar-year days; non-heatwave days contribute zero,"1,2,3,4,5,6,7,8,9,10,11,12"
sensitivity_dtw4lag12,DTW4lag12 phenotype-stratified,annual_all_days_primary,ssp370,2026,2025-2030,cehwi_composite_all,cehwi,composite,all,458.12698412698415,-0.2018637572289195,0.2050272904359095,1.9755293869531017,0.0020988063716593,0.2098806371659336,0.0260531159261846,0.7669667126470078,0.2069662429542181,0.0260531159261846,0.7669667126470078,0.0,0.025784174029234,0.7002295153924722,0.2050272904359095,0.025784174029234,0.7002295153924722,DTW4lag12,DTW4lag12_mixed,All_cities,annual_all_days_primary,All calendar-year days; non-heatwave days contribute zero,"1,2,3,4,5,6,7,8,9,10,11,12"
sensitivity_dtw4lag12,DTW4lag12 phenotype-stratified,annual_all_days_primary,ssp370,2026,2025-2030,cehwi_day_all,cehwi,day,all,795.6891891891892,-0.1902283443613197,0.2063591988526295,1.3310002466050204,0.002114327980524,0.2114327980524037,0.0002916375981519,0.9320906635539936,0.2077718052129325,0.0,0.9320906635539936,0.0,0.0002905072872248,0.8789360943292377,0.2063591988526295,0.0002905072872248,0.8789360943292377,DTW4lag12,DTW4lag12_mixed,All_cities,annual_all_days_primary,All calendar-year days; non-heatwave days contribute zero,"1,2,3,4,5,6,7,8,9,10,11,12"
sensitivity_dtw4lag12,DTW4lag12 phenotype-stratified,annual_all_days_primary,ssp370,2026,2025-2030,cehwi_night_all,cehwi,night,all,471.5079365079365,-1.2279043813436077,1.2587496859021097,11.486572302785286,0.0219110037906134,2.1911003790613486,0.4591550821544944,48.956366674246695,2.1911003790613486,0.0,48.95635483432203,0.0,0.146187863684423,2.970765168202657,1.2587496859021097,0.146187863684423,2.970765168202657,DTW4lag12,DTW4lag12_mixed,All_cities,annual_all_days_primary,All calendar-year days; non-heatwave days contribute zero,"1,2,3,4,5,6,7,8,9,10,11,12"
sensitivity_dtw4lag12,DTW4lag12 phenotype-stratified,annual_all_days_primary,ssp370,2026,2025-2030,exceeded_quantity_composite_all,exceeded_quantity,composite,all,458.12698412698415,0.3032836780076995,0.2221042976724142,1.924094992683801,0.0022902985066838,0.229029850668381,0.064234545439515,0.9999516761976384,0.2286589945566892,0.064234545439515,0.9999516761976384,0.0,0.0633480932523414,0.9230945279597994,0.2221042976724142,0.0633480932523414,0.9230945279597994,DTW4lag12,DTW4lag12_mixed,All_cities,annual_all_days_primary,All calendar-year days; non-heatwave days contribute zero,"1,2,3,4,5,6,7,8,9,10,11,12"
sensitivity_dtw4lag12,DTW4lag12 phenotype-stratified,annual_all_days_primary,ssp370,2026,2025-2030,exceeded_quantity_day_all,exceeded_quantity,day,all,795.6891891891892,-0.2960102900268253,0.316411056442652,2.032484741556246,0.0032655941282251,0.3265594128225109,0.0018032610097939,1.242407785234662,0.3194358967565417,0.0,1.242407785234662,0.0,0.0017690320916415,1.1607537143304882,0.316411056442652,0.0017690320916415,1.1607537143304882,DTW4lag12,DTW4lag12_mixed,All_cities,annual_all_days_primary,All calendar-year days; non-heatwave days contribute zero,"1,2,3,4,5,6,7,8,9,10,11,12"
sensitivity_dtw4lag12,DTW4lag12 phenotype-stratified,annual_all_days_primary,ssp370,2026,2025-2030,exceeded_quantity_night_all,exceeded_quantity,night,all,471.5079365079365,-3.242942581011958,3.338571088350859,30.772062019652864,0.5786647232093128,57.86647232093128,55.248120572045245,61.11531934044351,57.86647232093129,48.99753758368306,61.11531934044351,0.0,3.012188966284394,3.4490248489544606,3.338571088350859,3.012188966284394,3.4490248489544606,DTW4lag12,DTW4lag12_mixed,All_cities,annual_all_days_primary,All calendar-year days; non-heatwave days contribute zero,"1,2,3,4,5,6,7,8,9,10,11,12"
sensitivity_dtw4lag12,DTW4lag12 phenotype-stratified,annual_all_days_primary,ssp370,2027,2025-2030,cehwi_composite_all,cehwi,composite,all,555.5873015873016,-0.1924502163346946,0.2414405371442203,2.0613335530085144,0.0024760962332924,0.2476096233292484,0.0167354893499531,1.0932704764101224,0.2171752964813239,0.0167354893499531,1.0932704764101224,0.0,0.016637032421568,0.9677816158369472,0.2414405371442203,0.016637032421568,0.9677816158369472,DTW4lag12,DTW4lag12_mixed,All_cities,annual_all_days_primary,All calendar-year days; non-heatwave days contribute zero,"1,2,3,4,5,6,7,8,9,10,11,12"
sensitivity_dtw4lag12,DTW4lag12 phenotype-stratified,annual_all_days_primary,ssp370,2027,2025-2030,cehwi_day_all,cehwi,day,all,861.4054054054054,-0.2552571106186809,0.2716217069602836,1.6112157620932748,0.0028154767560637,0.2815476756063794,3.16002752512049e-05,1.1848241911009936,0.2765948140821916,0.0,1.1848241911009936,0.0,3.146730319306526e-05,1.0889767091453637,0.2716217069602836,3.146730319306526e-05,1.0889767091453637,DTW4lag12,DTW4lag12_mixed,All_cities,annual_all_days_primary,All calendar-year days; non-heatwave days contribute zero,"1,2,3,4,5,6,7,8,9,10,11,12"
sensitivity_dtw4lag12,DTW4lag12 phenotype-stratified,annual_all_days_primary,ssp370,2027,2025-2030,cehwi_night_all,cehwi,night,all,448.6666666666667,-1.3038314005166718,1.336036447368533,12.20765296700512,0.0282517956278405,2.825179562784053,1.1637806136037272,44.860814989373765,2.825179562784053,0.0,44.86013795143368,0.0,0.3050708183575757,2.867865959258669,1.336036447368533,0.3050708183575757,2.867865959258669,DTW4lag12,DTW4lag12_mixed,All_cities,annual_all_days_primary,All calendar-year days; non-heatwave days contribute zero,"1,2,3,4,5,6,7,8,9,10,11,12"
sensitivity_dtw4lag12,DTW4lag12 phenotype-stratified,annual_all_days_primary,ssp370,2027,2025-2030,exceeded_quantity_composite_all,exceeded_quantity,composite,all,555.5873015873016,0.2447873587758709,0.2284057125273459,1.8931393135016208,0.0023485770590999,0.2348577059099904,0.0515939778006836,1.1505572894684344,0.2346168650918957,0.0515939778006836,1.1505572894684344,0.0,0.0509723732871391,1.0584909604515185,0.2284057125273459,0.0509723732871391,1.0584909604515185,DTW4lag12,DTW4lag12_mixed,All_cities,annual_all_days_primary,All calendar-year days; non-heatwave days contribute zero,"1,2,3,4,5,6,7,8,9,10,11,12"
sensitivity_dtw4lag12,DTW4lag12 phenotype-stratified,annual_all_days_primary,ssp370,2027,2025-2030,exceeded_quantity_day_all,exceeded_quantity,day,all,861.4054054054054,-0.3595870834743083,0.3788168588951479,2.347618205497688,0.0039349105988173,0.393491059881735,0.0016312421021517,1.437258992599791,0.3810325222624391,0.0,1.437258992599791,0.0,0.0016048415671247,1.325420612971539,0.3788168588951479,0.0016048415671247,1.325420612971539,DTW4lag12,DTW4lag12_mixed,All_cities,annual_all_days_primary,All calendar-year days; non-heatwave days contribute zero,"1,2,3,4,5,6,7,8,9,10,11,12"
sensitivity_dtw4lag12,DTW4lag12 phenotype-stratified,annual_all_days_primary,ssp370,2027,2025-2030,exceeded_quantity_night_all,exceeded_quantity,night,all,448.6666666666667,-2.995996533173916,3.09572652406873,30.593507603621557,0.5330317591085921,53.30317591085922,50.81009686256928,56.64466313012291,53.30317591085923,44.596960273821125,56.64466313012291,0.0,2.770758290386224,3.213338392642559,3.09572652406873,2.770758290386224,3.213338392642559,DTW4lag12,DTW4lag12_mixed,All_cities,annual_all_days_primary,All calendar-year days; non-heatwave days contribute zero,"1,2,3,4,5,6,7,8,9,10,11,12"
sensitivity_dtw4lag12,DTW4lag12 phenotype-stratified,annual_all_days_primary,ssp370,2028,2025-2030,cehwi_composite_all,cehwi,composite,all,424.0952380952381,-0.1832480437707402,0.1832926844413023,2.1376076477298387,0.001876079889488,0.1876079889488042,0.013704731482268,0.7640450140553486,0.1875638528390154,0.013704731482268,0.7640450140553486,0.0,0.0136201624013334,0.690817499569414,0.1832926844413023,0.0136201624013334,0.690817499569414,DTW4lag12,DTW4lag12_mixed,All_cities,annual_all_days_primary,All calendar-year days; non-heatwave days contribute zero,"1,2,3,4,5,6,7,8,9,10,11,12"
sensitivity_dtw4lag12,DTW4lag12 phenotype-stratified,annual_all_days_primary,ssp370,2028,2025-2030,cehwi_day_all,cehwi,day,all,759.6621621621622,-0.1877837279065952,0.2002946526952934,1.3379541663814498,0.0020521446452103,0.2052144645210356,9.860893605699864e-05,0.8822479534819855,0.2020680579692356,0.0,0.8822479534819855,0.0,9.803046696027308e-05,0.8312197208141161,0.2002946526952934,9.803046696027308e-05,0.8312197208141161,DTW4lag12,DTW4lag12_mixed,All_cities,annual_all_days_primary,All calendar-year days; non-heatwave days contribute zero,"1,2,3,4,5,6,7,8,9,10,11,12"
sensitivity_dtw4lag12,DTW4lag12 phenotype-stratified,annual_all_days_primary,ssp370,2028,2025-2030,cehwi_night_all,cehwi,night,all,405.7936507936508,-1.4147029118165555,1.4309090688421755,11.634600087117557,0.0281069266086472,2.8106926608647256,0.9397250136144188,49.44644506685957,2.8106926608647256,0.0,49.44644506685957,0.0,0.2759095348908635,3.0932788487097143,1.4309090688421755,0.2759095348908635,3.0932788487097143,DTW4lag12,DTW4lag12_mixed,All_cities,annual_all_days_primary,All calendar-year days; non-heatwave days contribute zero,"1,2,3,4,5,6,7,8,9,10,11,12"
sensitivity_dtw4lag12,DTW4lag12 phenotype-stratified,annual_all_days_primary,ssp370,2028,2025-2030,exceeded_quantity_composite_all,exceeded_quantity,composite,all,424.0952380952381,0.2444434853251012,0.1662177016882882,1.849159186750188,0.0017060790331604,0.1706079033160484,0.0403995573513694,0.8467311590600172,0.1706026469828732,0.0403995573513694,0.8467311590600172,0.0,0.0399404764449513,0.7850850746610323,0.1662177016882882,0.0399404764449513,0.7850850746610323,DTW4lag12,DTW4lag12_mixed,All_cities,annual_all_days_primary,All calendar-year days; non-heatwave days contribute zero,"1,2,3,4,5,6,7,8,9,10,11,12"
sensitivity_dtw4lag12,DTW4lag12 phenotype-stratified,annual_all_days_primary,ssp370,2028,2025-2030,exceeded_quantity_day_all,exceeded_quantity,day,all,759.6621621621622,-0.2715786219080202,0.2892307105572723,2.023341864369638,0.0029864347644622,0.29864347644622,0.0007121077931457,1.1559146675692629,0.2903169209137916,0.0,1.1559146675692629,0.0,0.0007009595821694,1.078705285759824,0.2892307105572723,0.0007009595821694,1.078705285759824,DTW4lag12,DTW4lag12_mixed,All_cities,annual_all_days_primary,All calendar-year days; non-heatwave days contribute zero,"1,2,3,4,5,6,7,8,9,10,11,12"
sensitivity_dtw4lag12,DTW4lag12 phenotype-stratified,annual_all_days_primary,ssp370,2028,2025-2030,exceeded_quantity_night_all,exceeded_quantity,night,all,405.7936507936508,-2.666278387030669,2.766878153490182,30.804044205839617,0.4793700884646307,47.93700884646307,45.972013152603225,50.598773811278136,47.93700374721263,40.81778572582789,50.598773811278136,0.0,2.507078526099296,2.8928737817213643,2.766878153490182,2.507078526099296,2.8928737817213643,DTW4lag12,DTW4lag12_mixed,All_cities,annual_all_days_primary,All calendar-year days; non-heatwave days contribute zero,"1,2,3,4,5,6,7,8,9,10,11,12"
sensitivity_dtw4lag12,DTW4lag12 phenotype-stratified,annual_all_days_primary,ssp370,2029,2025-2030,cehwi_composite_all,cehwi,composite,all,562.1428571428571,-0.2355521077090129,0.2360943913023613,2.052505547035478,0.0024160639785286,0.2416063978528675,0.0203866456874937,0.9489409597602072,0.2410814512209562,0.0203866456874937,0.9489409597602072,0.0,0.0202653609741203,0.858312051584032,0.2360943913023613,0.0202653609741203,0.858312051584032,DTW4lag12,DTW4lag12_mixed,All_cities,annual_all_days_primary,All calendar-year days; non-heatwave days contribute zero,"1,2,3,4,5,6,7,8,9,10,11,12"
sensitivity_dtw4lag12,DTW4lag12 phenotype-stratified,annual_all_days_primary,ssp370,2029,2025-2030,cehwi_day_all,cehwi,day,all,845.6621621621622,-0.2480467893008032,0.26506954874646,1.507297118373947,0.0027421975318986,0.2742197531898601,0.0008527033042455,1.1050375467940627,0.2701162920395413,0.0,1.1050375467940627,0.0,0.0008408287275159,1.024134122995165,0.26506954874646,0.0008408287275159,1.024134122995165,DTW4lag12,DTW4lag12_mixed,All_cities,annual_all_days_primary,All calendar-year days; non-heatwave days contribute zero,"1,2,3,4,5,6,7,8,9,10,11,12"
sensitivity_dtw4lag12,DTW4lag12 phenotype-stratified,annual_all_days_primary,ssp370,2029,2025-2030,cehwi_night_all,cehwi,night,all,449.0634920634921,-1.0768198055877225,1.0964468680690895,11.69141285487998,0.0190965885085348,1.909658850853487,0.3891507136297665,44.1754446371407,1.909658850853487,0.0,44.1754446371407,0.0,0.1159233244560862,2.6663563463184463,1.0964468680690895,0.1159233244560862,2.6663563463184463,DTW4lag12,DTW4lag12_mixed,All_cities,annual_all_days_primary,All calendar-year days; non-heatwave days contribute zero,"1,2,3,4,5,6,7,8,9,10,11,12"
sensitivity_dtw4lag12,DTW4lag12 phenotype-stratified,annual_all_days_primary,ssp370,2029,2025-2030,exceeded_quantity_composite_all,exceeded_quantity,composite,all,562.1428571428571,0.4217425227807912,0.223767183773503,1.8693756484686568,0.0022982167226292,0.2298216722629287,0.0571014338536103,1.1546000765060824,0.2297606087008206,0.0571014338536103,1.1546000765060824,0.0,0.0564896508151006,1.064726766443187,0.223767183773503,0.0564896508151006,1.064726766443187,DTW4lag12,DTW4lag12_mixed,All_cities,annual_all_days_primary,All calendar-year days; non-heatwave days contribute zero,"1,2,3,4,5,6,7,8,9,10,11,12"
sensitivity_dtw4lag12,DTW4lag12 phenotype-stratified,annual_all_days_primary,ssp370,2029,2025-2030,exceeded_quantity_day_all,exceeded_quantity,day,all,845.6621621621622,-0.3500303025305959,0.3685094704969626,2.1525117725113065,0.0038207081924854,0.3820708192485464,0.0015737225471734,1.3890886694400566,0.3744303002987956,0.0,1.3890886694400566,0.0,0.0015511114723453,1.2860031801456844,0.3685094704969626,0.0015511114723453,1.2860031801456844,DTW4lag12,DTW4lag12_mixed,All_cities,annual_all_days_primary,All calendar-year days; non-heatwave days contribute zero,"1,2,3,4,5,6,7,8,9,10,11,12"
sensitivity_dtw4lag12,DTW4lag12 phenotype-stratified,annual_all_days_primary,ssp370,2029,2025-2030,exceeded_quantity_night_all,exceeded_quantity,night,all,449.0634920634921,-2.900785208023404,2.9837025574804934,30.78360660919134,0.513330080427212,51.3330080427212,48.98503241221063,54.58985446600735,51.33299841267927,42.95004806628699,54.58985446600735,0.0,2.6716221332950907,3.0841798489584304,2.9837025574804934,2.6716221332950907,3.0841798489584304,DTW4lag12,DTW4lag12_mixed,All_cities,annual_all_days_primary,All calendar-year days; non-heatwave days contribute zero,"1,2,3,4,5,6,7,8,9,10,11,12"
sensitivity_dtw4lag12,DTW4lag12 phenotype-stratified,annual_all_days_primary,ssp370,2030,2025-2030,cehwi_composite_all,cehwi,composite,all,492.04761904761904,-0.2199702954703141,0.2248050466644483,2.160080395529444,0.0023071079142636,0.230710791426363,0.0259249989028619,0.8646454093083653,0.2263760648016394,0.0259077415508602,0.8646454093083653,0.0,0.0256230101311888,0.7853778614023712,0.2248050466644483,0.0256230101311888,0.7853778614023712,DTW4lag12,DTW4lag12_mixed,All_cities,annual_all_days_primary,All calendar-year days; non-heatwave days contribute zero,"1,2,3,4,5,6,7,8,9,10,11,12"
sensitivity_dtw4lag12,DTW4lag12 phenotype-stratified,annual_all_days_primary,ssp370,2030,2025-2030,cehwi_day_all,cehwi,day,all,890.4054054054054,-0.2686341651830781,0.2835928028878177,1.502202767043435,0.0029206022960962,0.2920602296096227,0.0001888273632984,1.1522238138425218,0.2889907590387611,0.0,1.1522238138425218,0.0,0.0001878428936536,1.0747786133188235,0.2835928028878177,0.0001878428936536,1.0747786133188235,DTW4lag12,DTW4lag12_mixed,All_cities,annual_all_days_primary,All calendar-year days; non-heatwave days contribute zero,"1,2,3,4,5,6,7,8,9,10,11,12"
sensitivity_dtw4lag12,DTW4lag12 phenotype-stratified,annual_all_days_primary,ssp370,2030,2025-2030,cehwi_night_all,cehwi,night,all,394.3174603174603,-0.8442990238935213,0.862550797655391,10.15440837780486,0.0141166861373348,1.4116686137334815,0.2616170796868478,39.42526473724534,1.4116686137334815,0.0,39.42526473724534,0.0,0.0891649396963017,2.3960831362021318,0.862550797655391,0.0891649396963017,2.3960831362021318,DTW4lag12,DTW4lag12_mixed,All_cities,annual_all_days_primary,All calendar-year days; non-heatwave days contribute zero,"1,2,3,4,5,6,7,8,9,10,11,12"
sensitivity_dtw4lag12,DTW4lag12 phenotype-stratified,annual_all_days_primary,ssp370,2030,2025-2030,exceeded_quantity_composite_all,exceeded_quantity,composite,all,492.04761904761904,0.3548946704444171,0.2156655567336016,2.014923898603959,0.0022218954067307,0.2221895406730778,0.0571874221262705,1.0641544474227005,0.2208949755646166,0.0571874221262705,1.0641544474227005,0.0,0.0563976092425628,0.9801627681907994,0.2156655567336016,0.0563976092425628,0.9801627681907994,DTW4lag12,DTW4lag12_mixed,All_cities,annual_all_days_primary,All calendar-year days; non-heatwave days contribute zero,"1,2,3,4,5,6,7,8,9,10,11,12"
sensitivity_dtw4lag12,DTW4lag12 phenotype-stratified,annual_all_days_primary,ssp370,2030,2025-2030,exceeded_quantity_day_all,exceeded_quantity,day,all,890.4054054054054,-0.372965244754722,0.3897781955482509,2.20717122350811,0.0040288883822057,0.4028888382205743,0.0012792445534315,1.46666884259277,0.3897978555997678,0.0,1.46666884259277,0.0,0.0012564243107132,1.363823287384266,0.3897781955482509,0.0012564243107132,1.363823287384266,DTW4lag12,DTW4lag12_mixed,All_cities,annual_all_days_primary,All calendar-year days; non-heatwave days contribute zero,"1,2,3,4,5,6,7,8,9,10,11,12"
sensitivity_dtw4lag12,DTW4lag12 phenotype-stratified,annual_all_days_primary,ssp370,2030,2025-2030,exceeded_quantity_night_all,exceeded_quantity,night,all,394.3174603174603,-2.30621717668026,2.380275221604527,29.20759265562961,0.4037569439371911,40.37569439371912,38.08533205988963,43.44112048602738,40.3756848789464,32.31357004173459,43.44112048602738,0.0,2.0797312598327835,2.472585652205468,2.380275221604527,2.0797312598327835,2.472585652205468,DTW4lag12,DTW4lag12_mixed,All_cities,annual_all_days_primary,All calendar-year days; non-heatwave days contribute zero,"1,2,3,4,5,6,7,8,9,10,11,12"
sensitivity_dtw4lag12,DTW4lag12 phenotype-stratified,annual_all_days_primary,ssp370,2031,2031-2040,cehwi_composite_all,cehwi,composite,all,512.8730158730159,-0.2422920613092618,0.2479333381752977,2.291614122268874,0.0025433020435759,0.2543302043575915,0.0193957690707255,1.0516770920972665,0.2492203703083395,0.0193939254677938,1.0516770920972665,0.0,0.019236932086353,0.9412080241672912,0.2479333381752977,0.019236932086353,0.9412080241672912,DTW4lag12,DTW4lag12_mixed,All_cities,annual_all_days_primary,All calendar-year days; non-heatwave days contribute zero,"1,2,3,4,5,6,7,8,9,10,11,12"
sensitivity_dtw4lag12,DTW4lag12 phenotype-stratified,annual_all_days_primary,ssp370,2031,2031-2040,cehwi_day_all,cehwi,day,all,867.8243243243244,-0.3353844674635948,0.3522185984245407,1.66582745587035,0.0036483371576834,0.3648337157683402,0.001399812559747,1.407173367605822,0.3615843284398762,0.0006443175953424,1.407173367605822,0.0,0.0013773450574282,1.2976851092775183,0.3522185984245407,0.0013773450574282,1.2976851092775183,DTW4lag12,DTW4lag12_mixed,All_cities,annual_all_days_primary,All calendar-year days; non-heatwave days contribute zero,"1,2,3,4,5,6,7,8,9,10,11,12"
sensitivity_dtw4lag12,DTW4lag12 phenotype-stratified,annual_all_days_primary,ssp370,2031,2031-2040,cehwi_night_all,cehwi,night,all,455.3333333333333,-1.023024802014336,1.0486233245419925,11.198212728406109,0.0196760762568526,1.967607625685268,0.6364213242140808,41.87980212749377,1.967607625685268,0.0,41.87979097523528,0.0,0.1758474766681731,2.6066720053205907,1.0486233245419925,0.1758474766681731,2.6066720053205907,DTW4lag12,DTW4lag12_mixed,All_cities,annual_all_days_primary,All calendar-year days; non-heatwave days contribute zero,"1,2,3,4,5,6,7,8,9,10,11,12"
sensitivity_dtw4lag12,DTW4lag12 phenotype-stratified,annual_all_days_primary,ssp370,2031,2031-2040,exceeded_quantity_composite_all,exceeded_quantity,composite,all,512.8730158730159,0.3795674883738489,0.2228579743553839,2.042160676694576,0.002296215925923,0.2296215925923092,0.0525078887505757,1.1914828719086017,0.225622796230122,0.0525078887505757,1.1914828719086017,0.0,0.0518055425713528,1.0902091041714383,0.2228579743553839,0.0518055425713528,1.0902091041714383,DTW4lag12,DTW4lag12_mixed,All_cities,annual_all_days_primary,All calendar-year days; non-heatwave days contribute zero,"1,2,3,4,5,6,7,8,9,10,11,12"
sensitivity_dtw4lag12,DTW4lag12 phenotype-stratified,annual_all_days_primary,ssp370,2031,2031-2040,exceeded_quantity_day_all,exceeded_quantity,day,all,867.8243243243244,-0.4301316707915867,0.4479627314137827,2.3572130913177864,0.0046582481783081,0.4658248178308179,0.0021140766469059,1.650061184627878,0.4586518698316692,0.0,1.650061184627878,0.0,0.0020787763928393,1.5169190066916232,0.4479627314137827,0.0020787763928393,1.5169190066916232,DTW4lag12,DTW4lag12_mixed,All_cities,annual_all_days_primary,All calendar-year days; non-heatwave days contribute zero,"1,2,3,4,5,6,7,8,9,10,11,12"
sensitivity_dtw4lag12,DTW4lag12 phenotype-stratified,annual_all_days_primary,ssp370,2031,2031-2040,exceeded_quantity_night_all,exceeded_quantity,night,all,455.3333333333333,-2.649615546610835,2.7359466390499887,30.24033286320176,0.4723545384486165,47.23545384486165,45.32772445427972,50.02415547994767,47.23545384486165,40.19872361167902,50.02415547994767,0.0,2.4710866197609254,2.8403152833884056,2.7359466390499887,2.4710866197609254,2.8403152833884056,DTW4lag12,DTW4lag12_mixed,All_cities,annual_all_days_primary,All calendar-year days; non-heatwave days contribute zero,"1,2,3,4,5,6,7,8,9,10,11,12"
sensitivity_dtw4lag12,DTW4lag12 phenotype-stratified,annual_all_days_primary,ssp370,2032,2031-2040,cehwi_composite_all,cehwi,composite,all,476.77777777777777,-0.1853056720543029,0.1967873182671898,2.020916185511337,0.0020140370687328,0.2014037068732891,0.0144656573472509,0.8340423000869569,0.1916481182776939,0.0144656573472509,0.8340423000869569,0.0,0.0143636834633863,0.7545010052990415,0.1967873182671898,0.0143636834633863,0.7545010052990415,DTW4lag12,DTW4lag12_mixed,All_cities,annual_all_days_primary,All calendar-year days; non-heatwave days contribute zero,"1,2,3,4,5,6,7,8,9,10,11,12"
sensitivity_dtw4lag12,DTW4lag12 phenotype-stratified,annual_all_days_primary,ssp370,2032,2031-2040,cehwi_day_all,cehwi,day,all,790.8648648648649,-0.2362040355261488,0.2506788208926682,1.3117376042433513,0.0025878565462447,0.2587856546244781,0.001289389486046,1.0537450441797682,0.2563778080780418,0.0003019211387641,1.0537450441797682,0.0,0.0012659114655091,0.977772706078016,0.2506788208926682,0.0012659114655091,0.977772706078016,DTW4lag12,DTW4lag12_mixed,All_cities,annual_all_days_primary,All calendar-year days; non-heatwave days contribute zero,"1,2,3,4,5,6,7,8,9,10,11,12"
sensitivity_dtw4lag12,DTW4lag12 phenotype-stratified,annual_all_days_primary,ssp370,2032,2031-2040,cehwi_night_all,cehwi,night,all,446.0,-1.1266871283139128,1.157804388429113,10.795991266937246,0.0234506709315933,2.3450670931593365,0.8955379187552255,44.27453872360539,2.3450670931593365,0.0,44.27389135686823,0.0,0.231170881694097,2.7909652109659926,1.157804388429113,0.231170881694097,2.7909652109659926,DTW4lag12,DTW4lag12_mixed,All_cities,annual_all_days_primary,All calendar-year days; non-heatwave days contribute zero,"1,2,3,4,5,6,7,8,9,10,11,12"
sensitivity_dtw4lag12,DTW4lag12 phenotype-stratified,annual_all_days_primary,ssp370,2032,2031-2040,exceeded_quantity_composite_all,exceeded_quantity,composite,all,476.77777777777777,0.3158861123537169,0.1915212821623046,1.8889884553882748,0.0019677557484104,0.1967755748410418,0.0445228139552462,0.9987522189347962,0.1964692625362418,0.0445228139552462,0.9987522189347962,0.0,0.0439988718299488,0.9203950475787976,0.1915212821623046,0.0439988718299488,0.9203950475787976,DTW4lag12,DTW4lag12_mixed,All_cities,annual_all_days_primary,All calendar-year days; non-heatwave days contribute zero,"1,2,3,4,5,6,7,8,9,10,11,12"
sensitivity_dtw4lag12,DTW4lag12 phenotype-stratified,annual_all_days_primary,ssp370,2032,2031-2040,exceeded_quantity_day_all,exceeded_quantity,day,all,790.8648648648649,-0.3603428078170699,0.3749925130621242,2.0799756077854528,0.0039015996553411,0.3901599655341187,0.0041607364948259,1.3590406271415505,0.3848124691430077,0.0,1.3590406271415505,0.0,0.0039936468639777,1.25412203883085,0.3749925130621242,0.0039936468639777,1.25412203883085,DTW4lag12,DTW4lag12_mixed,All_cities,annual_all_days_primary,All calendar-year days; non-heatwave days contribute zero,"1,2,3,4,5,6,7,8,9,10,11,12"
sensitivity_dtw4lag12,DTW4lag12 phenotype-stratified,annual_all_days_primary,ssp370,2032,2031-2040,exceeded_quantity_night_all,exceeded_quantity,night,all,446.0,-2.923085558229793,3.013650207297523,30.21641799789248,0.5188124932932402,51.881249329324014,49.660119113275165,55.16145947237181,51.881228603014144,43.61785138752061,55.16145947237181,0.0,2.704187148409467,3.1248503090125235,3.013650207297523,2.704187148409467,3.1248503090125235,DTW4lag12,DTW4lag12_mixed,All_cities,annual_all_days_primary,All calendar-year days; non-heatwave days contribute zero,"1,2,3,4,5,6,7,8,9,10,11,12"
sensitivity_dtw4lag12,DTW4lag12 phenotype-stratified,annual_all_days_primary,ssp370,2033,2031-2040,cehwi_composite_all,cehwi,composite,all,413.3333333333333,-0.1657950912081342,0.1727018589098093,1.914043644539981,0.0017701083981962,0.1770108398196203,0.0134138028930785,0.7128977826288653,0.170964217394553,0.0134138028930785,0.7128977826288653,0.0,0.0133106650424648,0.6415461200313025,0.1727018589098093,0.0133106650424648,0.6415461200313025,DTW4lag12,DTW4lag12_mixed,All_cities,annual_all_days_primary,All calendar-year days; non-heatwave days contribute zero,"1,2,3,4,5,6,7,8,9,10,11,12"
sensitivity_dtw4lag12,DTW4lag12 phenotype-stratified,annual_all_days_primary,ssp370,2033,2031-2040,cehwi_day_all,cehwi,day,all,671.8513513513514,-0.1940035533499003,0.2034439594308982,1.3312916566636444,0.0020899740620103,0.2089974062010338,0.0001583441152414,0.8339677690245642,0.2063136325183902,0.0,0.8339677690245642,0.0,0.0001575358822554,0.78086868236167,0.2034439594308982,0.0001575358822554,0.78086868236167,DTW4lag12,DTW4lag12_mixed,All_cities,annual_all_days_primary,All calendar-year days; non-heatwave days contribute zero,"1,2,3,4,5,6,7,8,9,10,11,12"
sensitivity_dtw4lag12,DTW4lag12 phenotype-stratified,annual_all_days_primary,ssp370,2033,2031-2040,cehwi_night_all,cehwi,night,all,490.12698412698415,-1.1898061897297203,1.2130431407223523,12.23051932535249,0.0205077937984576,2.0507793798457663,0.3354565224470121,50.33949963810255,2.0507793798457663,0.0,50.33949963810255,0.0,0.1037179541530471,3.039840066330686,1.2130431407223523,0.1037179541530471,3.039840066330686,DTW4lag12,DTW4lag12_mixed,All_cities,annual_all_days_primary,All calendar-year days; non-heatwave days contribute zero,"1,2,3,4,5,6,7,8,9,10,11,12"
sensitivity_dtw4lag12,DTW4lag12 phenotype-stratified,annual_all_days_primary,ssp370,2033,2031-2040,exceeded_quantity_composite_all,exceeded_quantity,composite,all,413.3333333333333,0.3019815208774615,0.152004202301599,1.767028371512361,0.0015599689523354,0.1559968952335435,0.0340905189618198,0.8260568847981977,0.1558175074808204,0.0340905189618198,0.8260568847981977,0.0,0.0337064353606414,0.7596242375140362,0.152004202301599,0.0337064353606414,0.7596242375140362,DTW4lag12,DTW4lag12_mixed,All_cities,annual_all_days_primary,All calendar-year days; non-heatwave days contribute zero,"1,2,3,4,5,6,7,8,9,10,11,12"
sensitivity_dtw4lag12,DTW4lag12 phenotype-stratified,annual_all_days_primary,ssp370,2033,2031-2040,exceeded_quantity_day_all,exceeded_quantity,day,all,671.8513513513514,-0.23666297277214,0.2524325806879059,1.846585676714548,0.0025996180314871,0.2599618031487138,0.0003857097666454,0.9846893259988831,0.2535922946595702,0.0,0.9846893259988831,0.0,0.0003788219614809,0.9236185337014314,0.2524325806879059,0.0003788219614809,0.9236185337014314,DTW4lag12,DTW4lag12_mixed,All_cities,annual_all_days_primary,All calendar-year days; non-heatwave days contribute zero,"1,2,3,4,5,6,7,8,9,10,11,12"
sensitivity_dtw4lag12,DTW4lag12 phenotype-stratified,annual_all_days_primary,ssp370,2033,2031-2040,exceeded_quantity_night_all,exceeded_quantity,night,all,490.12698412698415,-2.9782852534752524,3.075700388960356,30.7246881621561,0.532300732359334,53.2300732359334,50.66619581204747,56.26404108888761,53.2300732359334,44.59858273172919,56.26404108888761,0.0,2.761580269880796,3.194065553252512,3.075700388960356,2.761580269880796,3.194065553252512,DTW4lag12,DTW4lag12_mixed,All_cities,annual_all_days_primary,All calendar-year days; non-heatwave days contribute zero,"1,2,3,4,5,6,7,8,9,10,11,12"
sensitivity_dtw4lag12,DTW4lag12 phenotype-stratified,annual_all_days_primary,ssp370,2034,2031-2040,cehwi_composite_all,cehwi,composite,all,531.1269841269841,-0.221006354281824,0.2210793796923854,2.0190182355383195,0.0022651110172873,0.2265111017287398,0.0268646639427146,0.829525429887551,0.2264388889436449,0.0268646639427146,0.829525429887551,0.0,0.0265059299424815,0.7581452474989305,0.2210793796923854,0.0265059299424815,0.7581452474989305,DTW4lag12,DTW4lag12_mixed,All_cities,annual_all_days_primary,All calendar-year days; non-heatwave days contribute zero,"1,2,3,4,5,6,7,8,9,10,11,12"
sensitivity_dtw4lag12,DTW4lag12 phenotype-stratified,annual_all_days_primary,ssp370,2034,2031-2040,cehwi_day_all,cehwi,day,all,759.7972972972973,-0.1816534483059788,0.1946932964309857,1.191308827269573,0.0019938738329279,0.1993873832927922,0.0003043971477647,0.8672413464656739,0.1964053866093812,0.0,0.8672413464656739,0.0,0.000303158352759,0.8185582841444159,0.1946932964309857,0.000303158352759,0.8185582841444159,DTW4lag12,DTW4lag12_mixed,All_cities,annual_all_days_primary,All calendar-year days; non-heatwave days contribute zero,"1,2,3,4,5,6,7,8,9,10,11,12"
sensitivity_dtw4lag12,DTW4lag12 phenotype-stratified,annual_all_days_primary,ssp370,2034,2031-2040,cehwi_night_all,cehwi,night,all,481.44444444444446,-1.3136271994214046,1.3378828834966028,11.962528947345744,0.0225804098593221,2.258040985932217,0.3442800916486968,54.15411711105152,2.258040985932217,0.0,54.15411711105152,0.0,0.1140571092013165,3.2362120362587485,1.3378828834966028,0.1140571092013165,3.2362120362587485,DTW4lag12,DTW4lag12_mixed,All_cities,annual_all_days_primary,All calendar-year days; non-heatwave days contribute zero,"1,2,3,4,5,6,7,8,9,10,11,12"
sensitivity_dtw4lag12,DTW4lag12 phenotype-stratified,annual_all_days_primary,ssp370,2034,2031-2040,exceeded_quantity_composite_all,exceeded_quantity,composite,all,531.1269841269841,0.508242535519862,0.221096740075004,1.928714143341279,0.0022790943962178,0.2279094396217819,0.0608399024834951,1.1358342647811928,0.2269211511478212,0.0608399024834951,1.1358342647811928,0.0,0.0599735571120324,1.042874194009894,0.221096740075004,0.0599735571120324,1.042874194009894,DTW4lag12,DTW4lag12_mixed,All_cities,annual_all_days_primary,All calendar-year days; non-heatwave days contribute zero,"1,2,3,4,5,6,7,8,9,10,11,12"
sensitivity_dtw4lag12,DTW4lag12 phenotype-stratified,annual_all_days_primary,ssp370,2034,2031-2040,exceeded_quantity_day_all,exceeded_quantity,day,all,759.7972972972973,-0.2928280016214579,0.3106825461146543,1.996328484153151,0.0032065652143661,0.3206565214366169,0.0017066459711315,1.2044328143707637,0.3100602082129835,0.0,1.2044328143707637,0.0,0.0016742886090524,1.124172329228658,0.3106825461146543,0.0016742886090524,1.124172329228658,DTW4lag12,DTW4lag12_mixed,All_cities,annual_all_days_primary,All calendar-year days; non-heatwave days contribute zero,"1,2,3,4,5,6,7,8,9,10,11,12"
sensitivity_dtw4lag12,DTW4lag12 phenotype-stratified,annual_all_days_primary,ssp370,2034,2031-2040,exceeded_quantity_night_all,exceeded_quantity,night,all,481.44444444444446,-3.225266964885336,3.3264262504442725,30.76113787121077,0.5722880610631664,57.22880610631664,54.47560534194384,60.7784350313305,57.22880610631664,47.708672577321785,60.7784350313305,0.0,2.972907068955833,3.445675330927886,3.3264262504442725,2.972907068955833,3.445675330927886,DTW4lag12,DTW4lag12_mixed,All_cities,annual_all_days_primary,All calendar-year days; non-heatwave days contribute zero,"1,2,3,4,5,6,7,8,9,10,11,12"
sensitivity_dtw4lag12,DTW4lag12 phenotype-stratified,annual_all_days_primary,ssp370,2035,2031-2040,cehwi_composite_all,cehwi,composite,all,566.6031746031746,-0.2535135223687392,0.2579794456136822,2.078847634819428,0.0026408201174323,0.2640820117432374,0.0286549145928655,0.9961449992773292,0.2600013482691401,0.0286549145928655,0.9961449992773292,0.0,0.0283675258742747,0.9098866686225018,0.2579794456136822,0.0283675258742747,0.9098866686225018,DTW4lag12,DTW4lag12_mixed,All_cities,annual_all_days_primary,All calendar-year days; non-heatwave days contribute zero,"1,2,3,4,5,6,7,8,9,10,11,12"
sensitivity_dtw4lag12,DTW4lag12 phenotype-stratified,annual_all_days_primary,ssp370,2035,2031-2040,cehwi_day_all,cehwi,day,all,875.6216216216217,-0.2936864224317136,0.3117770140714068,1.6109873250856517,0.0032248455566892,0.3224845556689267,0.001193622772384,1.276613159077277,0.3184111740481496,0.0,1.276613159077277,0.0,0.0011814683810448,1.182635408070812,0.3117770140714068,0.0011814683810448,1.182635408070812,DTW4lag12,DTW4lag12_mixed,All_cities,annual_all_days_primary,All calendar-year days; non-heatwave days contribute zero,"1,2,3,4,5,6,7,8,9,10,11,12"
sensitivity_dtw4lag12,DTW4lag12 phenotype-stratified,annual_all_days_primary,ssp370,2035,2031-2040,cehwi_night_all,cehwi,night,all,498.4603174603175,-1.2157961110617377,1.238302286675798,11.773410961523496,0.0235421568974651,2.3542156897465176,0.748519386789574,49.80842101336791,2.3542156897465176,0.0,49.80842087929693,0.0,0.1833259263268429,3.059873048039156,1.238302286675798,0.1833259263268429,3.059873048039156,DTW4lag12,DTW4lag12_mixed,All_cities,annual_all_days_primary,All calendar-year days; non-heatwave days contribute zero,"1,2,3,4,5,6,7,8,9,10,11,12"
sensitivity_dtw4lag12,DTW4lag12 phenotype-stratified,annual_all_days_primary,ssp370,2035,2031-2040,exceeded_quantity_composite_all,exceeded_quantity,composite,all,566.6031746031746,0.4831118462395251,0.2358607167800273,1.818760329370181,0.0024238356035776,0.2423835603577609,0.0611571480551296,1.227531764733085,0.2420724650338391,0.0611571480551296,1.227531764733085,0.0,0.0604392961769596,1.1315896066273103,0.2358607167800273,0.0604392961769596,1.1315896066273103,DTW4lag12,DTW4lag12_mixed,All_cities,annual_all_days_primary,All calendar-year days; non-heatwave days contribute zero,"1,2,3,4,5,6,7,8,9,10,11,12"
sensitivity_dtw4lag12,DTW4lag12 phenotype-stratified,annual_all_days_primary,ssp370,2035,2031-2040,exceeded_quantity_day_all,exceeded_quantity,day,all,875.6216216216217,-0.3875379528124906,0.4068178306623025,2.256143039878852,0.0042161729276567,0.4216172927656718,0.0005799471564514,1.5440488925798683,0.4147458287809187,0.0,1.5440488925798683,0.0,0.0005736760344908,1.4291409424765351,0.4068178306623025,0.0005736760344908,1.4291409424765351,DTW4lag12,DTW4lag12_mixed,All_cities,annual_all_days_primary,All calendar-year days; non-heatwave days contribute zero,"1,2,3,4,5,6,7,8,9,10,11,12"
sensitivity_dtw4lag12,DTW4lag12 phenotype-stratified,annual_all_days_primary,ssp370,2035,2031-2040,exceeded_quantity_night_all,exceeded_quantity,night,all,498.4603174603175,-3.240096602646428,3.335730047493372,28.782186835196097,0.578353947587652,57.8353947587652,55.194370331779496,60.99950306712319,57.8353947587652,48.76034007034001,60.99950306712319,0.0,3.0074392383108117,3.456085511602292,3.335730047493372,3.0074392383108117,3.456085511602292,DTW4lag12,DTW4lag12_mixed,All_cities,annual_all_days_primary,All calendar-year days; non-heatwave days contribute zero,"1,2,3,4,5,6,7,8,9,10,11,12"
sensitivity_dtw4lag12,DTW4lag12 phenotype-stratified,annual_all_days_primary,ssp370,2036,2031-2040,cehwi_composite_all,cehwi,composite,all,516.6666666666666,-0.2143979128420617,0.2143979128420617,2.0720100757855504,0.0021918852626475,0.2191885262647544,0.0199444212376378,0.8436405643601527,0.2191885262647544,0.0199444212376378,0.8436405643601527,0.0,0.0198120253449312,0.7699628746301024,0.2143979128420617,0.0198120253449312,0.7699628746301024,DTW4lag12,DTW4lag12_mixed,All_cities,annual_all_days_primary,All calendar-year days; non-heatwave days contribute zero,"1,2,3,4,5,6,7,8,9,10,11,12"
sensitivity_dtw4lag12,DTW4lag12 phenotype-stratified,annual_all_days_primary,ssp370,2036,2031-2040,cehwi_day_all,cehwi,day,all,714.0675675675676,-0.1799209337729206,0.1911797103050687,1.1866340996805014,0.0019549913432858,0.1954991343285821,3.526776687299864e-05,0.8225872880122833,0.1932651609482203,0.0,0.8225872880122833,0.0,3.509585686800676e-05,0.7776217527508298,0.1911797103050687,3.509585686800676e-05,0.7776217527508298,DTW4lag12,DTW4lag12_mixed,All_cities,annual_all_days_primary,All calendar-year days; non-heatwave days contribute zero,"1,2,3,4,5,6,7,8,9,10,11,12"
sensitivity_dtw4lag12,DTW4lag12 phenotype-stratified,annual_all_days_primary,ssp370,2036,2031-2040,cehwi_night_all,cehwi,night,all,496.015873015873,-1.2851335957697965,1.3146679660920615,12.780670961409283,0.021451434815372,2.1451434815372017,0.2313623787410653,54.3109628475758,2.1451434815372017,0.0,54.31081180679607,0.0,0.0748409904771061,3.2307385575006835,1.3146679660920615,0.0748409904771061,3.2307385575006835,DTW4lag12,DTW4lag12_mixed,All_cities,annual_all_days_primary,All calendar-year days; non-heatwave days contribute zero,"1,2,3,4,5,6,7,8,9,10,11,12"
sensitivity_dtw4lag12,DTW4lag12 phenotype-stratified,annual_all_days_primary,ssp370,2036,2031-2040,exceeded_quantity_composite_all,exceeded_quantity,composite,all,516.6666666666666,0.4336845927257425,0.2052479897673292,1.921868032301772,0.0021122572102925,0.2112257210292515,0.0575616080005825,1.0693085510640064,0.2103307349113394,0.0575616080005825,1.0693085510640064,0.0,0.056826242587882,0.9854859819783164,0.2052479897673292,0.056826242587882,0.9854859819783164,DTW4lag12,DTW4lag12_mixed,All_cities,annual_all_days_primary,All calendar-year days; non-heatwave days contribute zero,"1,2,3,4,5,6,7,8,9,10,11,12"
sensitivity_dtw4lag12,DTW4lag12 phenotype-stratified,annual_all_days_primary,ssp370,2036,2031-2040,exceeded_quantity_day_all,exceeded_quantity,day,all,714.0675675675676,-0.277134684548483,0.2929508385421077,1.9706135569868013,0.0030184321278048,0.3018432127804819,0.0002135759910755,1.1319558315763425,0.2956454556181441,0.0,1.1319558315763425,0.0,0.0002113419747077,1.0591780048150503,0.2929508385421077,0.0002113419747077,1.0591780048150503,DTW4lag12,DTW4lag12_mixed,All_cities,annual_all_days_primary,All calendar-year days; non-heatwave days contribute zero,"1,2,3,4,5,6,7,8,9,10,11,12"
sensitivity_dtw4lag12,DTW4lag12 phenotype-stratified,annual_all_days_primary,ssp370,2036,2031-2040,exceeded_quantity_night_all,exceeded_quantity,night,all,496.015873015873,-2.733757105521703,2.8407162242338373,30.64285683343102,0.4879459517029066,48.794595170290656,46.44804844375295,51.945030412776624,48.79459517029066,40.50548762712999,51.945030412776624,0.0,2.532996654463327,2.9676361473178448,2.8407162242338373,2.532996654463327,2.9676361473178448,DTW4lag12,DTW4lag12_mixed,All_cities,annual_all_days_primary,All calendar-year days; non-heatwave days contribute zero,"1,2,3,4,5,6,7,8,9,10,11,12"
sensitivity_dtw4lag12,DTW4lag12 phenotype-stratified,annual_all_days_primary,ssp370,2037,2031-2040,cehwi_composite_all,cehwi,composite,all,525.5238095238095,-0.2625302325810401,0.264306432108911,2.344814659147577,0.0027194179303698,0.271941793036989,0.0294081289665877,1.0359184299921995,0.2702450499347006,0.0294081289665877,1.0359184299921995,0.0,0.029045249384282,0.922907103352212,0.264306432108911,0.029045249384282,0.922907103352212,DTW4lag12,DTW4lag12_mixed,All_cities,annual_all_days_primary,All calendar-year days; non-heatwave days contribute zero,"1,2,3,4,5,6,7,8,9,10,11,12"
sensitivity_dtw4lag12,DTW4lag12 phenotype-stratified,annual_all_days_primary,ssp370,2037,2031-2040,cehwi_day_all,cehwi,day,all,817.4459459459459,-0.2245950415530421,0.2417930335920797,1.4282778551500772,0.0024834942897909,0.2483494289790909,0.0033628597959372,1.072912454629922,0.2437486696591401,0.0007503291720588,1.072912454629922,0.0,0.0033234471725656,1.0042206419508497,0.2417930335920797,0.0033234471725656,1.0042206419508497,DTW4lag12,DTW4lag12_mixed,All_cities,annual_all_days_primary,All calendar-year days; non-heatwave days contribute zero,"1,2,3,4,5,6,7,8,9,10,11,12"
sensitivity_dtw4lag12,DTW4lag12 phenotype-stratified,annual_all_days_primary,ssp370,2037,2031-2040,cehwi_night_all,cehwi,night,all,542.968253968254,-1.405998002746402,1.4346633962283184,12.95384877502132,0.0271101657337256,2.711016573372568,0.9362275939726168,56.01516446560872,2.711016573372568,0.0,56.01516446560872,0.0,0.2463752912401621,3.484580974566008,1.4346633962283184,0.2463752912401621,3.484580974566008,DTW4lag12,DTW4lag12_mixed,All_cities,annual_all_days_primary,All calendar-year days; non-heatwave days contribute zero,"1,2,3,4,5,6,7,8,9,10,11,12"
sensitivity_dtw4lag12,DTW4lag12 phenotype-stratified,annual_all_days_primary,ssp370,2037,2031-2040,exceeded_quantity_composite_all,exceeded_quantity,composite,all,525.5238095238095,0.4827236576220938,0.2305326390198312,1.995512039078671,0.0023771840826701,0.2377184082670131,0.0627137860013087,1.1883579920002785,0.2371089257059611,0.0627137860013087,1.1883579920002785,0.0,0.0618213377346807,1.0881482320416205,0.2305326390198312,0.0618213377346807,1.0881482320416205,DTW4lag12,DTW4lag12_mixed,All_cities,annual_all_days_primary,All calendar-year days; non-heatwave days contribute zero,"1,2,3,4,5,6,7,8,9,10,11,12"
sensitivity_dtw4lag12,DTW4lag12 phenotype-stratified,annual_all_days_primary,ssp370,2037,2031-2040,exceeded_quantity_day_all,exceeded_quantity,day,all,817.4459459459459,-0.2893604037663905,0.308049401445492,1.9690816026641489,0.0031692824500631,0.3169282450063122,0.0017547783228361,1.230906456702534,0.3053315161229362,0.0,1.230906456702534,0.0,0.0017222642713747,1.1553063849970573,0.308049401445492,0.0017222642713747,1.1553063849970573,DTW4lag12,DTW4lag12_mixed,All_cities,annual_all_days_primary,All calendar-year days; non-heatwave days contribute zero,"1,2,3,4,5,6,7,8,9,10,11,12"
sensitivity_dtw4lag12,DTW4lag12 phenotype-stratified,annual_all_days_primary,ssp370,2037,2031-2040,exceeded_quantity_night_all,exceeded_quantity,night,all,542.968253968254,-3.232872081326261,3.349859049724421,30.7345756949912,0.5812602842565485,58.126028425654845,55.543047875425145,61.383427777827976,58.1259966639056,49.42294819807841,61.383427777827976,0.0,3.029812423259768,3.483031750852134,3.349859049724421,3.029812423259768,3.483031750852134,DTW4lag12,DTW4lag12_mixed,All_cities,annual_all_days_primary,All calendar-year days; non-heatwave days contribute zero,"1,2,3,4,5,6,7,8,9,10,11,12"
sensitivity_dtw4lag12,DTW4lag12 phenotype-stratified,annual_all_days_primary,ssp370,2038,2031-2040,cehwi_composite_all,cehwi,composite,all,597.047619047619,-0.3011864041068437,0.301786737325792,2.394447507823826,0.0031018542271217,0.3101854227121777,0.0383821528190724,1.1500570058261883,0.3095970917337009,0.0383821528190724,1.1500570058261883,0.0,0.0378286712842799,1.0362306968123631,0.301786737325792,0.0378286712842799,1.0362306968123631,DTW4lag12,DTW4lag12_mixed,All_cities,annual_all_days_primary,All calendar-year days; non-heatwave days contribute zero,"1,2,3,4,5,6,7,8,9,10,11,12"
sensitivity_dtw4lag12,DTW4lag12 phenotype-stratified,annual_all_days_primary,ssp370,2038,2031-2040,cehwi_day_all,cehwi,day,all,802.1081081081081,-0.2072885608293494,0.2231755413102077,1.2974909558871868,0.0022873203413951,0.2287320341395194,0.0004847012282651,0.9751786443316792,0.2265707736531705,0.0,0.9751786443316792,0.0,0.0004804512680766,0.9168902545030982,0.2231755413102077,0.0004804512680766,0.9168902545030982,DTW4lag12,DTW4lag12_mixed,All_cities,annual_all_days_primary,All calendar-year days; non-heatwave days contribute zero,"1,2,3,4,5,6,7,8,9,10,11,12"
sensitivity_dtw4lag12,DTW4lag12 phenotype-stratified,annual_all_days_primary,ssp370,2038,2031-2040,cehwi_night_all,cehwi,night,all,535.2857142857143,-1.3604269610310338,1.3908253456403004,13.200461067839209,0.0238932140363925,2.3893214036392547,0.4105570851069544,55.17105856166858,2.3893214036392547,0.0,55.171058468802414,0.0,0.1249522323285861,3.32386197998029,1.3908253456403004,0.1249522323285861,3.32386197998029,DTW4lag12,DTW4lag12_mixed,All_cities,annual_all_days_primary,All calendar-year days; non-heatwave days contribute zero,"1,2,3,4,5,6,7,8,9,10,11,12"
sensitivity_dtw4lag12,DTW4lag12 phenotype-stratified,annual_all_days_primary,ssp370,2038,2031-2040,exceeded_quantity_composite_all,exceeded_quantity,composite,all,597.047619047619,0.4634123220935776,0.2649440102394461,2.086042667292048,0.0027313333826163,0.2731333382616366,0.0728369886775748,1.3095677656160525,0.2728915687557207,0.0728369886775748,1.3095677656160525,0.0,0.0718297224212651,1.2057874872665484,0.2649440102394461,0.0718297224212651,1.2057874872665484,DTW4lag12,DTW4lag12_mixed,All_cities,annual_all_days_primary,All calendar-year days; non-heatwave days contribute zero,"1,2,3,4,5,6,7,8,9,10,11,12"
sensitivity_dtw4lag12,DTW4lag12 phenotype-stratified,annual_all_days_primary,ssp370,2038,2031-2040,exceeded_quantity_day_all,exceeded_quantity,day,all,802.1081081081081,-0.3242265301529811,0.3413635730078664,2.1043947555596847,0.0035258223522493,0.3525822352249386,0.0001250954666013,1.307485646978474,0.3474833249832513,0.0,1.307485646978474,0.0,0.0001242092114749,1.216828768199217,0.3413635730078664,0.0001242092114749,1.216828768199217,DTW4lag12,DTW4lag12_mixed,All_cities,annual_all_days_primary,All calendar-year days; non-heatwave days contribute zero,"1,2,3,4,5,6,7,8,9,10,11,12"
sensitivity_dtw4lag12,DTW4lag12 phenotype-stratified,annual_all_days_primary,ssp370,2038,2031-2040,exceeded_quantity_night_all,exceeded_quantity,night,all,535.2857142857143,-3.1143661091145765,3.2270448527447666,30.66163584983177,0.5607623252782075,56.07623252782074,53.659415405378624,59.11688474807412,56.07621429159593,47.858197475261534,59.11688474807412,0.0,2.923730880922246,3.3579151864199224,3.2270448527447666,2.923730880922246,3.3579151864199224,DTW4lag12,DTW4lag12_mixed,All_cities,annual_all_days_primary,All calendar-year days; non-heatwave days contribute zero,"1,2,3,4,5,6,7,8,9,10,11,12"
sensitivity_dtw4lag12,DTW4lag12 phenotype-stratified,annual_all_days_primary,ssp370,2039,2031-2040,cehwi_composite_all,cehwi,composite,all,548.4444444444445,-0.2361400752969374,0.2435888117102206,2.237988032331207,0.0024974440407308,0.249744404073087,0.0270602543862505,0.968166747917068,0.2433339357822367,0.0270602543862505,0.968166747917068,0.0,0.0267618145136069,0.8736185569411788,0.2435888117102206,0.0267618145136069,0.8736185569411788,DTW4lag12,DTW4lag12_mixed,All_cities,annual_all_days_primary,All calendar-year days; non-heatwave days contribute zero,"1,2,3,4,5,6,7,8,9,10,11,12"
sensitivity_dtw4lag12,DTW4lag12 phenotype-stratified,annual_all_days_primary,ssp370,2039,2031-2040,cehwi_day_all,cehwi,day,all,829.1621621621622,-0.2245356135049373,0.2397240294987153,1.3964784420984715,0.002461681394092,0.2461681394092006,0.0004984945927638,1.025831947558537,0.2431392110350284,0.0,1.025831947558537,0.0,0.0004947173678943,0.9620564515496424,0.2397240294987153,0.0004947173678943,0.9620564515496424,DTW4lag12,DTW4lag12_mixed,All_cities,annual_all_days_primary,All calendar-year days; non-heatwave days contribute zero,"1,2,3,4,5,6,7,8,9,10,11,12"
sensitivity_dtw4lag12,DTW4lag12 phenotype-stratified,annual_all_days_primary,ssp370,2039,2031-2040,cehwi_night_all,cehwi,night,all,459.5396825396825,-1.2852826549834415,1.31054592415733,11.91208935033922,0.022887950421683,2.288795042168305,0.5114130843074693,52.05085152922519,2.288795042168305,0.0,52.050843205256285,0.0,0.1552289252763432,3.1491759568328725,1.31054592415733,0.1552289252763432,3.1491759568328725,DTW4lag12,DTW4lag12_mixed,All_cities,annual_all_days_primary,All calendar-year days; non-heatwave days contribute zero,"1,2,3,4,5,6,7,8,9,10,11,12"
sensitivity_dtw4lag12,DTW4lag12 phenotype-stratified,annual_all_days_primary,ssp370,2039,2031-2040,exceeded_quantity_composite_all,exceeded_quantity,composite,all,548.4444444444445,0.4535470765483385,0.2241498024710314,1.980020513527721,0.0023082974982387,0.2308297498238709,0.0616908856541021,1.1611106195448804,0.2305969028203339,0.0616908856541021,1.1611106195448804,0.0,0.0608915598617144,1.067979454777866,0.2241498024710314,0.0608915598617144,1.067979454777866,DTW4lag12,DTW4lag12_mixed,All_cities,annual_all_days_primary,All calendar-year days; non-heatwave days contribute zero,"1,2,3,4,5,6,7,8,9,10,11,12"
sensitivity_dtw4lag12,DTW4lag12 phenotype-stratified,annual_all_days_primary,ssp370,2039,2031-2040,exceeded_quantity_day_all,exceeded_quantity,day,all,829.1621621621622,-0.3157416063187815,0.3332750857722926,2.049184886077471,0.0034397207690275,0.3439720769027543,0.0012305017138926,1.2836031890585222,0.3325073358025467,0.0,1.2836031890585222,0.0,0.0012134814144151,1.1974791217123355,0.3332750857722926,0.0012134814144151,1.1974791217123355,DTW4lag12,DTW4lag12_mixed,All_cities,annual_all_days_primary,All calendar-year days; non-heatwave days contribute zero,"1,2,3,4,5,6,7,8,9,10,11,12"
sensitivity_dtw4lag12,DTW4lag12 phenotype-stratified,annual_all_days_primary,ssp370,2039,2031-2040,exceeded_quantity_night_all,exceeded_quantity,night,all,459.5396825396825,-2.7422513504019617,2.8431089289316307,30.26036984227584,0.4964389403518262,49.64389403518263,47.742491195642025,52.10389566162264,49.64388610097664,42.87991372517329,52.10389566162264,0.0,2.598511806595958,2.964495501643216,2.8431089289316307,2.598511806595958,2.964495501643216,DTW4lag12,DTW4lag12_mixed,All_cities,annual_all_days_primary,All calendar-year days; non-heatwave days contribute zero,"1,2,3,4,5,6,7,8,9,10,11,12"
sensitivity_dtw4lag12,DTW4lag12 phenotype-stratified,annual_all_days_primary,ssp370,2040,2031-2040,cehwi_composite_all,cehwi,composite,all,600.3333333333334,-0.2510305753168383,0.2528308108096239,2.047207779906,0.0025860558017296,0.2586055801729642,0.0237036959235328,1.0048911598087025,0.2569657243323905,0.0237036959235328,1.0048911598087025,0.0,0.0235589961945491,0.9107985843953168,0.2528308108096239,0.0235589961945491,0.9107985843953168,DTW4lag12,DTW4lag12_mixed,All_cities,annual_all_days_primary,All calendar-year days; non-heatwave days contribute zero,"1,2,3,4,5,6,7,8,9,10,11,12"
sensitivity_dtw4lag12,DTW4lag12 phenotype-stratified,annual_all_days_primary,ssp370,2040,2031-2040,cehwi_day_all,cehwi,day,all,847.3648648648649,-0.2045960459755537,0.2228234632074479,1.2599766458236257,0.0022805835523822,0.2280583552382236,0.0023982590381888,1.0114072565359378,0.2239433897762681,0.0010914249124489,1.0114072565359378,0.0,0.0023590962160297,0.9518608064057812,0.2228234632074479,0.0023590962160297,0.9518608064057812,DTW4lag12,DTW4lag12_mixed,All_cities,annual_all_days_primary,All calendar-year days; non-heatwave days contribute zero,"1,2,3,4,5,6,7,8,9,10,11,12"
sensitivity_dtw4lag12,DTW4lag12 phenotype-stratified,annual_all_days_primary,ssp370,2040,2031-2040,cehwi_night_all,cehwi,night,all,523.047619047619,-1.2126203203222172,1.237032329114624,12.594005659048316,0.0197674471134205,1.976744711342056,0.1118382647632785,53.38567928218927,1.976744711342056,0.0,53.38567765629335,0.0,0.0385469890388981,3.1343349939912746,1.237032329114624,0.0385469890388981,3.1343349939912746,DTW4lag12,DTW4lag12_mixed,All_cities,annual_all_days_primary,All calendar-year days; non-heatwave days contribute zero,"1,2,3,4,5,6,7,8,9,10,11,12"
sensitivity_dtw4lag12,DTW4lag12 phenotype-stratified,annual_all_days_primary,ssp370,2040,2031-2040,exceeded_quantity_composite_all,exceeded_quantity,composite,all,600.3333333333334,0.4710466766324215,0.2546463931868882,1.9297947632101624,0.0026231110594811,0.2623111059481104,0.0734459766900833,1.2663468288881905,0.2620936418550431,0.0734459766900833,1.2663468288881905,0.0,0.0724953469170266,1.1671806841847934,0.2546463931868882,0.0724953469170266,1.1671806841847934,DTW4lag12,DTW4lag12_mixed,All_cities,annual_all_days_primary,All calendar-year days; non-heatwave days contribute zero,"1,2,3,4,5,6,7,8,9,10,11,12"
sensitivity_dtw4lag12,DTW4lag12 phenotype-stratified,annual_all_days_primary,ssp370,2040,2031-2040,exceeded_quantity_day_all,exceeded_quantity,day,all,847.3648648648649,-0.3171862026239903,0.3356768193186795,1.9934138138093145,0.0034521552678533,0.3452155267853319,0.0012231670109112,1.309849124448232,0.332757151897199,0.0,1.309849124448232,0.0,0.0012085296115431,1.2288139253251296,0.3356768193186795,0.0012085296115431,1.2288139253251296,DTW4lag12,DTW4lag12_mixed,All_cities,annual_all_days_primary,All calendar-year days; non-heatwave days contribute zero,"1,2,3,4,5,6,7,8,9,10,11,12"
sensitivity_dtw4lag12,DTW4lag12 phenotype-stratified,annual_all_days_primary,ssp370,2040,2031-2040,exceeded_quantity_night_all,exceeded_quantity,night,all,523.047619047619,-3.0854414782532342,3.1844645755188568,29.70677869530366,0.5436591079070188,54.36591079070188,51.6407319502105,58.14363560492184,54.365823448426376,44.41010034734319,58.14363560492184,0.0,2.8163645045541776,3.311011397633407,3.1844645755188568,2.8163645045541776,3.311011397633407,DTW4lag12,DTW4lag12_mixed,All_cities,annual_all_days_primary,All calendar-year days; non-heatwave days contribute zero,"1,2,3,4,5,6,7,8,9,10,11,12"
sensitivity_dtw4lag12,DTW4lag12 phenotype-stratified,annual_all_days_primary,ssp370,2041,2041-2050,cehwi_composite_all,cehwi,composite,all,626.6984126984127,-0.2600228763822982,0.2624210740793185,2.096074040010155,0.0026853696651513,0.268536966515136,0.0214203018547844,1.072993978487376,0.2662813538678518,0.0214203018547844,1.072993978487376,0.0,0.0213067949504823,0.967885807782868,0.2624210740793185,0.0213067949504823,0.967885807782868,DTW4lag12,DTW4lag12_mixed,All_cities,annual_all_days_primary,All calendar-year days; non-heatwave days contribute zero,"1,2,3,4,5,6,7,8,9,10,11,12"
sensitivity_dtw4lag12,DTW4lag12 phenotype-stratified,annual_all_days_primary,ssp370,2041,2041-2050,cehwi_day_all,cehwi,day,all,781.2702702702703,-0.1763645481094669,0.1936700932546,1.2270067672857443,0.001979067908679,0.197906790867905,2.996770415953512e-05,0.8870450394576632,0.1948237140931465,0.0,0.8870450394576632,0.0,2.983178704718688e-05,0.8397936168475256,0.1936700932546,2.983178704718688e-05,0.8397936168475256,DTW4lag12,DTW4lag12_mixed,All_cities,annual_all_days_primary,All calendar-year days; non-heatwave days contribute zero,"1,2,3,4,5,6,7,8,9,10,11,12"
sensitivity_dtw4lag12,DTW4lag12 phenotype-stratified,annual_all_days_primary,ssp370,2041,2041-2050,cehwi_night_all,cehwi,night,all,465.1904761904762,-1.5681625984352665,1.593655064489428,13.635307015390898,0.0302476373180867,3.024763731808678,0.9491225880882656,56.12073712265716,3.024763731808678,0.0,56.12064088800494,0.0,0.2837099535336473,3.4856684457017013,1.593655064489428,0.2837099535336473,3.4856684457017013,DTW4lag12,DTW4lag12_mixed,All_cities,annual_all_days_primary,All calendar-year days; non-heatwave days contribute zero,"1,2,3,4,5,6,7,8,9,10,11,12"
sensitivity_dtw4lag12,DTW4lag12 phenotype-stratified,annual_all_days_primary,ssp370,2041,2041-2050,exceeded_quantity_composite_all,exceeded_quantity,composite,all,626.6984126984127,0.4951111626061527,0.2509606377897947,1.8642867900479123,0.0025789950760599,0.2578995076059961,0.0620387994356047,1.3006377132455058,0.2570676899766843,0.0620387994356047,1.3006377132455058,0.0,0.0613305054957098,1.195345009230777,0.2509606377897947,0.0613305054957098,1.195345009230777,DTW4lag12,DTW4lag12_mixed,All_cities,annual_all_days_primary,All calendar-year days; non-heatwave days contribute zero,"1,2,3,4,5,6,7,8,9,10,11,12"
sensitivity_dtw4lag12,DTW4lag12 phenotype-stratified,annual_all_days_primary,ssp370,2041,2041-2050,exceeded_quantity_day_all,exceeded_quantity,day,all,781.2702702702703,-0.3024195863647375,0.3196371592816783,2.1009047423328835,0.0032974552697346,0.3297455269734614,0.002614763630731,1.2306188260194133,0.3174550235276529,0.0,1.2306188260194133,0.0,0.0025693302841173,1.1498699780035615,0.3196371592816783,0.0025693302841173,1.1498699780035615,DTW4lag12,DTW4lag12_mixed,All_cities,annual_all_days_primary,All calendar-year days; non-heatwave days contribute zero,"1,2,3,4,5,6,7,8,9,10,11,12"
sensitivity_dtw4lag12,DTW4lag12 phenotype-stratified,annual_all_days_primary,ssp370,2041,2041-2050,exceeded_quantity_night_all,exceeded_quantity,night,all,465.1904761904762,-2.729354671809004,2.84233467990959,29.234819931322622,0.4919721208987798,49.19721208987798,47.06922813739868,52.05058542035828,49.19719931023939,41.76376489312332,52.05058542035828,0.0,2.5650508352645947,2.9724493645435426,2.84233467990959,2.5650508352645947,2.9724493645435426,DTW4lag12,DTW4lag12_mixed,All_cities,annual_all_days_primary,All calendar-year days; non-heatwave days contribute zero,"1,2,3,4,5,6,7,8,9,10,11,12"
sensitivity_dtw4lag12,DTW4lag12 phenotype-stratified,annual_all_days_primary,ssp370,2042,2041-2050,cehwi_composite_all,cehwi,composite,all,638.9047619047619,-0.3076769153886795,0.3220705118662392,2.3792089805624324,0.0033102319082841,0.3310231908284118,0.0510962595483846,1.1986100798925443,0.3186799838281946,0.0510961763160267,1.1986100798925443,0.0,0.0502507905908727,1.0865892719571826,0.3220705118662392,0.0502507905908727,1.0865892719571826,DTW4lag12,DTW4lag12_mixed,All_cities,annual_all_days_primary,All calendar-year days; non-heatwave days contribute zero,"1,2,3,4,5,6,7,8,9,10,11,12"
sensitivity_dtw4lag12,DTW4lag12 phenotype-stratified,annual_all_days_primary,ssp370,2042,2041-2050,cehwi_day_all,cehwi,day,all,876.6756756756756,-0.2737713444097556,0.2958310074112746,1.5270353698975283,0.0030575521062797,0.3057552106279797,8.817952256557482e-05,1.269901917355324,0.3013803550091598,0.0,1.269901917355324,0.0,8.768106509568466e-05,1.179462171894332,0.2958310074112746,8.768106509568466e-05,1.179462171894332,DTW4lag12,DTW4lag12_mixed,All_cities,annual_all_days_primary,All calendar-year days; non-heatwave days contribute zero,"1,2,3,4,5,6,7,8,9,10,11,12"
sensitivity_dtw4lag12,DTW4lag12 phenotype-stratified,annual_all_days_primary,ssp370,2042,2041-2050,cehwi_night_all,cehwi,night,all,608.2857142857143,-1.8667409669766035,1.9122693600675251,14.635763405778482,0.0376584238292266,3.765842382922669,1.2855321873610228,64.08293871210755,3.765842382922669,0.0,64.08271128865712,0.0,0.3752869169619335,4.046540225165663,1.9122693600675251,0.3752869169619335,4.046540225165663,DTW4lag12,DTW4lag12_mixed,All_cities,annual_all_days_primary,All calendar-year days; non-heatwave days contribute zero,"1,2,3,4,5,6,7,8,9,10,11,12"
sensitivity_dtw4lag12,DTW4lag12 phenotype-stratified,annual_all_days_primary,ssp370,2042,2041-2050,exceeded_quantity_composite_all,exceeded_quantity,composite,all,638.9047619047619,0.5150533887103028,0.2931776456100347,2.0482910718896328,0.0030267765283705,0.3026776528370501,0.084205750625974,1.4373376830238225,0.3007623664436032,0.084205750625974,1.4373376830238225,0.0,0.082945111964912,1.3178168263454957,0.2931776456100347,0.082945111964912,1.3178168263454957,DTW4lag12,DTW4lag12_mixed,All_cities,annual_all_days_primary,All calendar-year days; non-heatwave days contribute zero,"1,2,3,4,5,6,7,8,9,10,11,12"
sensitivity_dtw4lag12,DTW4lag12 phenotype-stratified,annual_all_days_primary,ssp370,2042,2041-2050,exceeded_quantity_day_all,exceeded_quantity,day,all,876.6756756756756,-0.3907862907937482,0.4106954039402823,2.238276728971289,0.0042479569141794,0.4247956914179498,0.0045989003386059,1.5319904960544188,0.4057834436305513,0.0,1.5319904960544188,0.0,0.0045176997964537,1.4255118852770323,0.4106954039402823,0.0045176997964537,1.4255118852770323,DTW4lag12,DTW4lag12_mixed,All_cities,annual_all_days_primary,All calendar-year days; non-heatwave days contribute zero,"1,2,3,4,5,6,7,8,9,10,11,12"
sensitivity_dtw4lag12,DTW4lag12 phenotype-stratified,annual_all_days_primary,ssp370,2042,2041-2050,exceeded_quantity_night_all,exceeded_quantity,night,all,608.2857142857143,-3.504535295591904,3.654018674779835,28.326193117248327,0.640994297296925,64.0994297296925,61.93295718853754,66.981398756914,64.09900979253173,56.52218637966272,66.981398756914,0.0,3.374117644158559,3.824437730427311,3.654018674779835,3.374117644158559,3.824437730427311,DTW4lag12,DTW4lag12_mixed,All_cities,annual_all_days_primary,All calendar-year days; non-heatwave days contribute zero,"1,2,3,4,5,6,7,8,9,10,11,12"
sensitivity_dtw4lag12,DTW4lag12 phenotype-stratified,annual_all_days_primary,ssp370,2043,2041-2050,cehwi_composite_all,cehwi,composite,all,618.0793650793651,-0.2707325830515903,0.2709444466359774,2.194733951645401,0.0027706757030887,0.2770675703088752,0.0224414103606296,1.1034886160222357,0.2768627282767693,0.0224414103606296,1.1034886160222357,0.0,0.0222850620821966,1.0021951054641152,0.2709444466359774,0.0222850620821966,1.0021951054641152,DTW4lag12,DTW4lag12_mixed,All_cities,annual_all_days_primary,All calendar-year days; non-heatwave days contribute zero,"1,2,3,4,5,6,7,8,9,10,11,12"
sensitivity_dtw4lag12,DTW4lag12 phenotype-stratified,annual_all_days_primary,ssp370,2043,2041-2050,cehwi_day_all,cehwi,day,all,773.7702702702703,-0.1662261541795906,0.1806733515704485,1.1858955951251835,0.0018455124132492,0.1845512413249241,0.0006382742736473,0.8417337108011953,0.1807297977002211,0.0,0.8417337108011953,0.0,0.0006316542649217,0.7955065238822274,0.1806733515704485,0.0006316542649217,0.7955065238822274,DTW4lag12,DTW4lag12_mixed,All_cities,annual_all_days_primary,All calendar-year days; non-heatwave days contribute zero,"1,2,3,4,5,6,7,8,9,10,11,12"
sensitivity_dtw4lag12,DTW4lag12 phenotype-stratified,annual_all_days_primary,ssp370,2043,2041-2050,cehwi_night_all,cehwi,night,all,579.063492063492,-1.9400509706806732,1.9778068975124068,13.754798447556656,0.0355748242501076,3.5574824250107664,0.8258227802792547,71.75601378638706,3.5574824250107664,0.0,71.7560117250441,0.0,0.2634063186521427,4.3681354764323865,1.9778068975124068,0.2634063186521427,4.3681354764323865,DTW4lag12,DTW4lag12_mixed,All_cities,annual_all_days_primary,All calendar-year days; non-heatwave days contribute zero,"1,2,3,4,5,6,7,8,9,10,11,12"
sensitivity_dtw4lag12,DTW4lag12 phenotype-stratified,annual_all_days_primary,ssp370,2043,2041-2050,exceeded_quantity_composite_all,exceeded_quantity,composite,all,618.0793650793651,0.5349481988122182,0.2428273623907518,1.856165049159972,0.0024941527738413,0.2494152773841391,0.0623789988736975,1.278216887428726,0.2491541644353737,0.0623789988736975,1.278216887428726,0.0,0.061642618489837,1.1794424957731078,0.2428273623907518,0.061642618489837,1.1794424957731078,DTW4lag12,DTW4lag12_mixed,All_cities,annual_all_days_primary,All calendar-year days; non-heatwave days contribute zero,"1,2,3,4,5,6,7,8,9,10,11,12"
sensitivity_dtw4lag12,DTW4lag12 phenotype-stratified,annual_all_days_primary,ssp370,2043,2041-2050,exceeded_quantity_day_all,exceeded_quantity,day,all,773.7702702702703,-0.2559870775551182,0.2753270681475621,1.920522649858456,0.0028319849467211,0.2831984946721177,0.000715707722573,1.1050034650253593,0.2747768859058113,0.0,1.1050034650253593,0.0,0.0007013202485381,1.0379036201065084,0.2753270681475621,0.0007013202485381,1.0379036201065084,DTW4lag12,DTW4lag12_mixed,All_cities,annual_all_days_primary,All calendar-year days; non-heatwave days contribute zero,"1,2,3,4,5,6,7,8,9,10,11,12"
sensitivity_dtw4lag12,DTW4lag12 phenotype-stratified,annual_all_days_primary,ssp370,2043,2041-2050,exceeded_quantity_night_all,exceeded_quantity,night,all,579.063492063492,-3.2285516092124227,3.373932703482024,29.73064661835106,0.5887666202236251,58.87666202236252,56.42527033788912,61.79664491333177,58.87664817315324,50.64048565209273,61.79664491333177,0.0,3.0767831811409985,3.542772176097634,3.373932703482024,3.0767831811409985,3.542772176097634,DTW4lag12,DTW4lag12_mixed,All_cities,annual_all_days_primary,All calendar-year days; non-heatwave days contribute zero,"1,2,3,4,5,6,7,8,9,10,11,12"
sensitivity_dtw4lag12,DTW4lag12 phenotype-stratified,annual_all_days_primary,ssp370,2044,2041-2050,cehwi_composite_all,cehwi,composite,all,607.5873015873016,-0.2495263098689229,0.2495267275872796,1.98905690454612,0.002552097197305,0.2552097197305034,0.0229262704417801,1.0038982553379372,0.2552093023127855,0.0229262704417801,1.0038982553379372,0.0,0.0227427234685171,0.9127678020471172,0.2495267275872796,0.0227427234685171,0.9127678020471172,DTW4lag12,DTW4lag12_mixed,All_cities,annual_all_days_primary,All calendar-year days; non-heatwave days contribute zero,"1,2,3,4,5,6,7,8,9,10,11,12"
sensitivity_dtw4lag12,DTW4lag12 phenotype-stratified,annual_all_days_primary,ssp370,2044,2041-2050,cehwi_day_all,cehwi,day,all,853.7837837837837,-0.2195612419065667,0.235948464136699,1.2832059747529636,0.0024255417866512,0.2425541786651273,7.539168879276128e-05,1.0565067354691593,0.2384757594318555,0.0,1.0565067354691593,0.0,7.501494673124473e-05,0.9878588864933668,0.235948464136699,7.501494673124473e-05,0.9878588864933668,DTW4lag12,DTW4lag12_mixed,All_cities,annual_all_days_primary,All calendar-year days; non-heatwave days contribute zero,"1,2,3,4,5,6,7,8,9,10,11,12"
sensitivity_dtw4lag12,DTW4lag12 phenotype-stratified,annual_all_days_primary,ssp370,2044,2041-2050,cehwi_night_all,cehwi,night,all,519.0793650793651,-1.5307743974637973,1.552254591665847,13.310796633532313,0.0262253052221835,2.622530522218357,0.340038161724374,61.61444960778361,2.622530522218357,0.0,61.61444960778361,0.0,0.1117760568932987,3.6553028849460647,1.552254591665847,0.1117760568932987,3.6553028849460647,DTW4lag12,DTW4lag12_mixed,All_cities,annual_all_days_primary,All calendar-year days; non-heatwave days contribute zero,"1,2,3,4,5,6,7,8,9,10,11,12"
sensitivity_dtw4lag12,DTW4lag12 phenotype-stratified,annual_all_days_primary,ssp370,2044,2041-2050,exceeded_quantity_composite_all,exceeded_quantity,composite,all,607.5873015873016,0.4599293478400911,0.2431203047158236,1.8484719176763784,0.0025027586682422,0.2502758668242201,0.0658553024798146,1.2743696721206674,0.2492080984374632,0.0658553024798146,1.2743696721206674,0.0,0.0649643003511413,1.1750956185106658,0.2431203047158236,0.0649643003511413,1.1750956185106658,DTW4lag12,DTW4lag12_mixed,All_cities,annual_all_days_primary,All calendar-year days; non-heatwave days contribute zero,"1,2,3,4,5,6,7,8,9,10,11,12"
sensitivity_dtw4lag12,DTW4lag12 phenotype-stratified,annual_all_days_primary,ssp370,2044,2041-2050,exceeded_quantity_day_all,exceeded_quantity,day,all,853.7837837837837,-0.334707413234112,0.3558720065977813,2.0306012199690064,0.0036776980712908,0.3677698071290887,0.0010159850356753,1.3879624002793545,0.3598022127309039,0.0,1.3879624002793545,0.0,0.0009962353703094,1.2918864621404922,0.3558720065977813,0.0009962353703094,1.2918864621404922,DTW4lag12,DTW4lag12_mixed,All_cities,annual_all_days_primary,All calendar-year days; non-heatwave days contribute zero,"1,2,3,4,5,6,7,8,9,10,11,12"
sensitivity_dtw4lag12,DTW4lag12 phenotype-stratified,annual_all_days_primary,ssp370,2044,2041-2050,exceeded_quantity_night_all,exceeded_quantity,night,all,519.0793650793651,-3.324226234168992,3.443339626263992,30.77079437917989,0.6008638780387631,60.08638780387631,57.75956785615626,63.13488619964296,60.08638780387631,52.03814150547906,63.13488619964296,0.0,3.1456728158947875,3.579934195814032,3.443339626263992,3.1456728158947875,3.579934195814032,DTW4lag12,DTW4lag12_mixed,All_cities,annual_all_days_primary,All calendar-year days; non-heatwave days contribute zero,"1,2,3,4,5,6,7,8,9,10,11,12"
sensitivity_dtw4lag12,DTW4lag12 phenotype-stratified,annual_all_days_primary,ssp370,2045,2041-2050,cehwi_composite_all,cehwi,composite,all,623.6507936507936,-0.2987360031690688,0.3113400363817776,2.3891680922884557,0.0031947238204822,0.3194723820482233,0.041083030689975,1.2174781496464828,0.3081963357827673,0.0409694226351174,1.2174781496464828,0.0,0.0404967413534929,1.1063300487132095,0.3113400363817776,0.0404967413534929,1.1063300487132095,DTW4lag12,DTW4lag12_mixed,All_cities,annual_all_days_primary,All calendar-year days; non-heatwave days contribute zero,"1,2,3,4,5,6,7,8,9,10,11,12"
sensitivity_dtw4lag12,DTW4lag12 phenotype-stratified,annual_all_days_primary,ssp370,2045,2041-2050,cehwi_day_all,cehwi,day,all,745.1756756756756,-0.1816398679201533,0.1952456787695111,1.243712895406673,0.00200502324192,0.2005023241920066,0.0,0.8727057144002015,0.1975667044880002,0.0,0.8727057144002015,0.0,0.0,0.8191235392397297,0.1952456787695111,0.0,0.8191235392397297,DTW4lag12,DTW4lag12_mixed,All_cities,annual_all_days_primary,All calendar-year days; non-heatwave days contribute zero,"1,2,3,4,5,6,7,8,9,10,11,12"
sensitivity_dtw4lag12,DTW4lag12 phenotype-stratified,annual_all_days_primary,ssp370,2045,2041-2050,cehwi_night_all,cehwi,night,all,580.8571428571429,-1.8437658376839123,1.876496621140348,14.144949709617034,0.0371815265702566,3.718152657025668,1.294596887297173,65.17725119221592,3.718152657025668,0.0,65.17724784871852,0.0,0.3589915858318305,4.067524086460391,1.876496621140348,0.3589915858318305,4.067524086460391,DTW4lag12,DTW4lag12_mixed,All_cities,annual_all_days_primary,All calendar-year days; non-heatwave days contribute zero,"1,2,3,4,5,6,7,8,9,10,11,12"
sensitivity_dtw4lag12,DTW4lag12 phenotype-stratified,annual_all_days_primary,ssp370,2045,2041-2050,exceeded_quantity_composite_all,exceeded_quantity,composite,all,623.6507936507936,0.5504168747470088,0.2803460072189341,2.0998927838389214,0.0028970710350997,0.2897071035099779,0.0810252696216315,1.4388214794015135,0.289228127277427,0.0810252696216315,1.4388214794015135,0.0,0.0797612298172081,1.3181780932928269,0.2803460072189341,0.0797612298172081,1.3181780932928269,DTW4lag12,DTW4lag12_mixed,All_cities,annual_all_days_primary,All calendar-year days; non-heatwave days contribute zero,"1,2,3,4,5,6,7,8,9,10,11,12"
sensitivity_dtw4lag12,DTW4lag12 phenotype-stratified,annual_all_days_primary,ssp370,2045,2041-2050,exceeded_quantity_day_all,exceeded_quantity,day,all,745.1756756756756,-0.2820706367172882,0.299452283096383,1.9928544174668053,0.0030930943728805,0.3093094372880552,0.0030673126307173,1.159798424151564,0.297922448750103,0.0,1.159798424151564,0.0,0.0030089216562177,1.082172833349203,0.299452283096383,0.0030089216562177,1.082172833349203,DTW4lag12,DTW4lag12_mixed,All_cities,annual_all_days_primary,All calendar-year days; non-heatwave days contribute zero,"1,2,3,4,5,6,7,8,9,10,11,12"
sensitivity_dtw4lag12,DTW4lag12 phenotype-stratified,annual_all_days_primary,ssp370,2045,2041-2050,exceeded_quantity_night_all,exceeded_quantity,night,all,580.8571428571429,-3.6782838920370096,3.819231836449851,28.85115745063213,0.6693552282163886,66.93552282163887,64.44915301666374,69.95713205255454,66.9354403221384,58.60698104909301,69.95713205255454,0.0,3.512364942145955,3.978273883407613,3.819231836449851,3.512364942145955,3.978273883407613,DTW4lag12,DTW4lag12_mixed,All_cities,annual_all_days_primary,All calendar-year days; non-heatwave days contribute zero,"1,2,3,4,5,6,7,8,9,10,11,12"
sensitivity_dtw4lag12,DTW4lag12 phenotype-stratified,annual_all_days_primary,ssp370,2046,2041-2050,cehwi_composite_all,cehwi,composite,all,717.5714285714286,-0.2968471466244512,0.330919770996808,2.1536639370908155,0.003389588926172,0.3389588926172069,0.0256062310757442,1.4138015276171243,0.3105573037608527,0.0256062310757442,1.4138015276171243,0.0,0.0254205422016673,1.2731120530160176,0.330919770996808,0.0254205422016673,1.2731120530160176,DTW4lag12,DTW4lag12_mixed,All_cities,annual_all_days_primary,All calendar-year days; non-heatwave days contribute zero,"1,2,3,4,5,6,7,8,9,10,11,12"
sensitivity_dtw4lag12,DTW4lag12 phenotype-stratified,annual_all_days_primary,ssp370,2046,2041-2050,cehwi_day_all,cehwi,day,all,806.2567567567568,-0.2419515456974678,0.2574091943793606,1.4106329114926333,0.0026458086326261,0.26458086326261,0.0,1.0842528174907633,0.2616753971291487,0.0,1.0842528174907633,0.0,0.0,1.01395024358246,0.2574091943793606,0.0,1.01395024358246,DTW4lag12,DTW4lag12_mixed,All_cities,annual_all_days_primary,All calendar-year days; non-heatwave days contribute zero,"1,2,3,4,5,6,7,8,9,10,11,12"
sensitivity_dtw4lag12,DTW4lag12 phenotype-stratified,annual_all_days_primary,ssp370,2046,2041-2050,cehwi_night_all,cehwi,night,all,589.936507936508,-1.8887375595782907,1.9289565691868784,13.584831585611838,0.0389974858682275,3.899748586822752,1.4244728598168317,67.14835701789232,3.899748586822751,0.0,67.14830599450006,0.0,0.3583119433966565,4.19227640571737,1.9289565691868784,0.3583119433966565,4.19227640571737,DTW4lag12,DTW4lag12_mixed,All_cities,annual_all_days_primary,All calendar-year days; non-heatwave days contribute zero,"1,2,3,4,5,6,7,8,9,10,11,12"
sensitivity_dtw4lag12,DTW4lag12 phenotype-stratified,annual_all_days_primary,ssp370,2046,2041-2050,exceeded_quantity_composite_all,exceeded_quantity,composite,all,717.5714285714286,0.53668858085306,0.2909312287939092,1.909713877365194,0.0029908577252789,0.29908577252789,0.067897497005273,1.5963171495075257,0.2982460549935722,0.067897497005273,1.5963171495075257,0.0,0.0670482895950821,1.4665546328390653,0.2909312287939092,0.0670482895950821,1.4665546328390653,DTW4lag12,DTW4lag12_mixed,All_cities,annual_all_days_primary,All calendar-year days; non-heatwave days contribute zero,"1,2,3,4,5,6,7,8,9,10,11,12"
sensitivity_dtw4lag12,DTW4lag12 phenotype-stratified,annual_all_days_primary,ssp370,2046,2041-2050,exceeded_quantity_day_all,exceeded_quantity,day,all,806.2567567567568,-0.3687116076002655,0.384891175396393,2.1846297696199355,0.0039852627804498,0.3985262780449876,0.0033448532141354,1.4229543343629805,0.3849635020916592,0.0,1.4229543343629805,0.0,0.0032829004097592,1.3203555115235326,0.384891175396393,0.0032829004097592,1.3203555115235326,DTW4lag12,DTW4lag12_mixed,All_cities,annual_all_days_primary,All calendar-year days; non-heatwave days contribute zero,"1,2,3,4,5,6,7,8,9,10,11,12"
sensitivity_dtw4lag12,DTW4lag12 phenotype-stratified,annual_all_days_primary,ssp370,2046,2041-2050,exceeded_quantity_night_all,exceeded_quantity,night,all,589.936507936508,-3.412754268272052,3.5645110752062448,28.231898809359443,0.6200761120399276,62.00761120399277,59.61147331407838,65.30553875737684,62.00739185664531,53.466410777602405,65.30553875737684,0.0,3.2471538384523715,3.7409298542881615,3.5645110752062448,3.2471538384523715,3.7409298542881615,DTW4lag12,DTW4lag12_mixed,All_cities,annual_all_days_primary,All calendar-year days; non-heatwave days contribute zero,"1,2,3,4,5,6,7,8,9,10,11,12"
sensitivity_dtw4lag12,DTW4lag12 phenotype-stratified,annual_all_days_primary,ssp370,2047,2041-2050,cehwi_composite_all,cehwi,composite,all,623.5396825396825,-0.2698333982316284,0.2756507559803708,2.1097339907641897,0.0028264172731405,0.282641727314054,0.0279796324477948,1.108149256805261,0.2774778473135841,0.0279745851471641,1.108149256805261,0.0,0.0276724011338085,1.002873808423958,0.2756507559803708,0.0276724011338085,1.002873808423958,DTW4lag12,DTW4lag12_mixed,All_cities,annual_all_days_primary,All calendar-year days; non-heatwave days contribute zero,"1,2,3,4,5,6,7,8,9,10,11,12"
sensitivity_dtw4lag12,DTW4lag12 phenotype-stratified,annual_all_days_primary,ssp370,2047,2041-2050,cehwi_day_all,cehwi,day,all,887.7837837837837,-0.3180979752359774,0.3336712021477369,1.5374266550857865,0.0034675289025386,0.3467528902538601,0.0,1.3770547503304813,0.3424023026852592,0.0,1.3770547503304813,0.0,0.0,1.2605819147223924,0.3336712021477369,0.0,1.2605819147223924,DTW4lag12,DTW4lag12_mixed,All_cities,annual_all_days_primary,All calendar-year days; non-heatwave days contribute zero,"1,2,3,4,5,6,7,8,9,10,11,12"
sensitivity_dtw4lag12,DTW4lag12 phenotype-stratified,annual_all_days_primary,ssp370,2047,2041-2050,cehwi_night_all,cehwi,night,all,536.3650793650794,-1.526185803431349,1.5598277486551315,13.56747671850635,0.0286783288543494,2.8678328854349484,0.7977727820961225,58.26151710797988,2.8678328854349484,0.0,58.26097600503382,0.0,0.2358422509307032,3.599039979262951,1.5598277486551315,0.2358422509307032,3.599039979262951,DTW4lag12,DTW4lag12_mixed,All_cities,annual_all_days_primary,All calendar-year days; non-heatwave days contribute zero,"1,2,3,4,5,6,7,8,9,10,11,12"
sensitivity_dtw4lag12,DTW4lag12 phenotype-stratified,annual_all_days_primary,ssp370,2047,2041-2050,exceeded_quantity_composite_all,exceeded_quantity,composite,all,623.5396825396825,0.3585112774595062,0.2438388824637241,1.851887095292613,0.0025099696635741,0.2509969663574142,0.0622328821276006,1.248912197292903,0.2502533260680016,0.0622328821276006,1.248912197292903,0.0,0.0613691072976704,1.1542659442697845,0.2438388824637241,0.0613691072976704,1.1542659442697845,DTW4lag12,DTW4lag12_mixed,All_cities,annual_all_days_primary,All calendar-year days; non-heatwave days contribute zero,"1,2,3,4,5,6,7,8,9,10,11,12"
sensitivity_dtw4lag12,DTW4lag12 phenotype-stratified,annual_all_days_primary,ssp370,2047,2041-2050,exceeded_quantity_day_all,exceeded_quantity,day,all,887.7837837837837,-0.3987707678699553,0.4174322798134499,2.155777919495279,0.0043338594030911,0.4333859403091122,0.0019274746929493,1.5461970815189787,0.4203925883190994,0.0,1.5461970815189787,0.0,0.0018936185673477,1.4277880855759444,0.4174322798134499,0.0018936185673477,1.4277880855759444,DTW4lag12,DTW4lag12_mixed,All_cities,annual_all_days_primary,All calendar-year days; non-heatwave days contribute zero,"1,2,3,4,5,6,7,8,9,10,11,12"
sensitivity_dtw4lag12,DTW4lag12 phenotype-stratified,annual_all_days_primary,ssp370,2047,2041-2050,exceeded_quantity_night_all,exceeded_quantity,night,all,536.3650793650794,-3.1684011027171533,3.2939997456517336,29.718828439598465,0.5701931751582147,57.01931751582146,54.5057187815427,60.23710454596854,57.01927394451962,48.35523211472695,60.23710454596854,0.0,2.974499973931723,3.439851870410088,3.2939997456517336,2.974499973931723,3.439851870410088,DTW4lag12,DTW4lag12_mixed,All_cities,annual_all_days_primary,All calendar-year days; non-heatwave days contribute zero,"1,2,3,4,5,6,7,8,9,10,11,12"
sensitivity_dtw4lag12,DTW4lag12 phenotype-stratified,annual_all_days_primary,ssp370,2048,2041-2050,cehwi_composite_all,cehwi,composite,all,636.6984126984127,-0.3353817009200144,0.3452485954467834,2.4706484217961826,0.0035533048745843,0.3553304874584365,0.0386788372252986,1.3778820418128477,0.3462651558243833,0.0386788372252986,1.3778820418128477,0.0,0.0382296967170072,1.22491433356566,0.3452485954467834,0.0382296967170072,1.22491433356566,DTW4lag12,DTW4lag12_mixed,All_cities,annual_all_days_primary,All calendar-year days; non-heatwave days contribute zero,"1,2,3,4,5,6,7,8,9,10,11,12"
sensitivity_dtw4lag12,DTW4lag12 phenotype-stratified,annual_all_days_primary,ssp370,2048,2041-2050,cehwi_day_all,cehwi,day,all,761.8783783783783,-0.2371467112252004,0.2576078444006863,1.573243661543844,0.0026525070222439,0.2652507022243929,0.0028230372726039,1.1370220057457328,0.2608603444314296,0.0002989733426406,1.1370220057457328,0.0,0.0027872575989146,1.0584216190927629,0.2576078444006863,0.0027872575989146,1.0584216190927629,DTW4lag12,DTW4lag12_mixed,All_cities,annual_all_days_primary,All calendar-year days; non-heatwave days contribute zero,"1,2,3,4,5,6,7,8,9,10,11,12"
sensitivity_dtw4lag12,DTW4lag12 phenotype-stratified,annual_all_days_primary,ssp370,2048,2041-2050,cehwi_night_all,cehwi,night,all,601.4603174603175,-2.021172275122712,2.0594938498754143,14.956106747538223,0.0474357399338408,4.743573993384083,2.342037939349926,62.172613564276666,4.743573993384083,0.0,62.17258531206413,0.0,0.596940866410834,4.138437603722461,2.0594938498754143,0.596940866410834,4.138437603722461,DTW4lag12,DTW4lag12_mixed,All_cities,annual_all_days_primary,All calendar-year days; non-heatwave days contribute zero,"1,2,3,4,5,6,7,8,9,10,11,12"
sensitivity_dtw4lag12,DTW4lag12 phenotype-stratified,annual_all_days_primary,ssp370,2048,2041-2050,exceeded_quantity_composite_all,exceeded_quantity,composite,all,636.6984126984127,0.5193867696839779,0.3039061918430253,2.061504742467376,0.0031377760297448,0.3137776029744882,0.0892042528558512,1.4889778729439882,0.3118607072374087,0.0892042528558512,1.4889778729439882,0.0,0.0878474213939384,1.3663713847279886,0.3039061918430253,0.0878474213939384,1.3663713847279886,DTW4lag12,DTW4lag12_mixed,All_cities,annual_all_days_primary,All calendar-year days; non-heatwave days contribute zero,"1,2,3,4,5,6,7,8,9,10,11,12"
sensitivity_dtw4lag12,DTW4lag12 phenotype-stratified,annual_all_days_primary,ssp370,2048,2041-2050,exceeded_quantity_day_all,exceeded_quantity,day,all,761.8783783783783,-0.3425250824294927,0.3650108895936553,2.3336480968951103,0.0037796067721672,0.3779606772167262,0.0047023044976418,1.3933980434342987,0.3610924952597928,0.0,1.3933980434342987,0.0,0.0046185228155498,1.293566179978073,0.3650108895936553,0.0046185228155498,1.293566179978073,DTW4lag12,DTW4lag12_mixed,All_cities,annual_all_days_primary,All calendar-year days; non-heatwave days contribute zero,"1,2,3,4,5,6,7,8,9,10,11,12"
sensitivity_dtw4lag12,DTW4lag12 phenotype-stratified,annual_all_days_primary,ssp370,2048,2041-2050,exceeded_quantity_night_all,exceeded_quantity,night,all,601.4603174603175,-3.297725531085536,3.4543170986148923,29.270835210954115,0.6116776222123693,61.16776222123693,59.43051908749661,63.42037544407716,61.167758644819486,55.16391013625007,63.42037544407716,0.0,3.235655328845223,3.6320476346535537,3.4543170986148923,3.235655328845223,3.6320476346535537,DTW4lag12,DTW4lag12_mixed,All_cities,annual_all_days_primary,All calendar-year days; non-heatwave days contribute zero,"1,2,3,4,5,6,7,8,9,10,11,12"
sensitivity_dtw4lag12,DTW4lag12 phenotype-stratified,annual_all_days_primary,ssp370,2049,2041-2050,cehwi_composite_all,cehwi,composite,all,751.063492063492,-0.45781513016809,0.4589966778955148,2.673690510382868,0.0047286908242639,0.4728690824263984,0.0437915780427396,1.8284520231357768,0.4717588053783372,0.0399805313491511,1.8284520231357768,0.0,0.0431595523157846,1.6301225361383935,0.4589966778955148,0.0431595523157846,1.6301225361383935,DTW4lag12,DTW4lag12_mixed,All_cities,annual_all_days_primary,All calendar-year days; non-heatwave days contribute zero,"1,2,3,4,5,6,7,8,9,10,11,12"
sensitivity_dtw4lag12,DTW4lag12 phenotype-stratified,annual_all_days_primary,ssp370,2049,2041-2050,cehwi_day_all,cehwi,day,all,916.027027027027,-0.3609169087064481,0.3749061614653274,1.6303097305126946,0.0038940591161033,0.3894059116103329,0.0001561937266416,1.4639739333628277,0.3856662993448626,0.0,1.4639739333628277,0.0,0.0001550064073937,1.3404732015693162,0.3749061614653274,0.0001550064073937,1.3404732015693162,DTW4lag12,DTW4lag12_mixed,All_cities,annual_all_days_primary,All calendar-year days; non-heatwave days contribute zero,"1,2,3,4,5,6,7,8,9,10,11,12"
sensitivity_dtw4lag12,DTW4lag12 phenotype-stratified,annual_all_days_primary,ssp370,2049,2041-2050,cehwi_night_all,cehwi,night,all,590.4761904761905,-1.9236629645004195,1.959922824329576,14.316196604939506,0.0363058196485348,3.630581964853482,0.8845950437057807,68.22553354495827,3.630581964853482,0.0,68.22550057902552,0.0,0.2796264854090042,4.1641529345360775,1.959922824329576,0.2796264854090042,4.1641529345360775,DTW4lag12,DTW4lag12_mixed,All_cities,annual_all_days_primary,All calendar-year days; non-heatwave days contribute zero,"1,2,3,4,5,6,7,8,9,10,11,12"
sensitivity_dtw4lag12,DTW4lag12 phenotype-stratified,annual_all_days_primary,ssp370,2049,2041-2050,exceeded_quantity_composite_all,exceeded_quantity,composite,all,751.063492063492,0.5687821000125951,0.3326177011235529,2.0310725113062595,0.0034229302309527,0.3422930230952704,0.0808114236105479,1.7220657408611963,0.3410981739097517,0.0808114236105479,1.7220657408611963,0.0,0.0798027202128238,1.5850841303348588,0.3326177011235529,0.0798027202128238,1.5850841303348588,DTW4lag12,DTW4lag12_mixed,All_cities,annual_all_days_primary,All calendar-year days; non-heatwave days contribute zero,"1,2,3,4,5,6,7,8,9,10,11,12"
sensitivity_dtw4lag12,DTW4lag12 phenotype-stratified,annual_all_days_primary,ssp370,2049,2041-2050,exceeded_quantity_day_all,exceeded_quantity,day,all,916.027027027027,-0.4379898803007907,0.4574773186850732,2.203308161481513,0.0047584571462407,0.4758457146240737,0.0017977342700769,1.6742290933953374,0.4652720249471483,0.0,1.6742290933953374,0.0,0.0017661704139006,1.5407120141003996,0.4574773186850732,0.0017661704139006,1.5407120141003996,DTW4lag12,DTW4lag12_mixed,All_cities,annual_all_days_primary,All calendar-year days; non-heatwave days contribute zero,"1,2,3,4,5,6,7,8,9,10,11,12"
sensitivity_dtw4lag12,DTW4lag12 phenotype-stratified,annual_all_days_primary,ssp370,2049,2041-2050,exceeded_quantity_night_all,exceeded_quantity,night,all,590.4761904761905,-3.7457083397283726,3.8859284920437687,29.79317277751267,0.68289789530171,68.289789530171,66.06995116325226,71.29157736535376,68.28978372377452,60.57097073600464,71.29157736535376,0.0,3.598171754718013,4.039538415439436,3.8859284920437687,3.598171754718013,4.039538415439436,DTW4lag12,DTW4lag12_mixed,All_cities,annual_all_days_primary,All calendar-year days; non-heatwave days contribute zero,"1,2,3,4,5,6,7,8,9,10,11,12"
sensitivity_dtw4lag12,DTW4lag12 phenotype-stratified,annual_all_days_primary,ssp370,2050,2041-2050,cehwi_composite_all,cehwi,composite,all,818.6507936507936,-0.4686160578874833,0.4769899109525503,2.7037694211633503,0.0049188517876963,0.4918851787696351,0.0512563754541198,1.9245062025920727,0.4843045436711203,0.0511271321682927,1.9245062025920727,0.0,0.0504803483154529,1.7067148959817626,0.4769899109525503,0.0504803483154529,1.7067148959817626,DTW4lag12,DTW4lag12_mixed,All_cities,annual_all_days_primary,All calendar-year days; non-heatwave days contribute zero,"1,2,3,4,5,6,7,8,9,10,11,12"
sensitivity_dtw4lag12,DTW4lag12 phenotype-stratified,annual_all_days_primary,ssp370,2050,2041-2050,cehwi_day_all,cehwi,day,all,798.4594594594595,-0.2088037841290759,0.2231305621740688,1.3001532807118128,0.0022874170130157,0.2287417013015701,0.0004722602366515,0.9843486140898102,0.2254955439963143,0.0,0.9843486140898102,0.0,0.0004676003468979,0.926206034292499,0.2231305621740688,0.0004676003468979,0.926206034292499,DTW4lag12,DTW4lag12_mixed,All_cities,annual_all_days_primary,All calendar-year days; non-heatwave days contribute zero,"1,2,3,4,5,6,7,8,9,10,11,12"
sensitivity_dtw4lag12,DTW4lag12 phenotype-stratified,annual_all_days_primary,ssp370,2050,2041-2050,cehwi_night_all,cehwi,night,all,634.6984126984127,-1.802737808374383,1.8392134976725585,13.78801683163085,0.0329653705571574,3.29653705571574,0.730154118513697,69.3259756792935,3.29653705571574,0.0,69.32593464984866,0.0,0.2155312309557207,4.20017082746989,1.8392134976725585,0.2155312309557207,4.20017082746989,DTW4lag12,DTW4lag12_mixed,All_cities,annual_all_days_primary,All calendar-year days; non-heatwave days contribute zero,"1,2,3,4,5,6,7,8,9,10,11,12"
sensitivity_dtw4lag12,DTW4lag12 phenotype-stratified,annual_all_days_primary,ssp370,2050,2041-2050,exceeded_quantity_composite_all,exceeded_quantity,composite,all,818.6507936507936,0.6176086909802931,0.3629133731289597,2.107504430909226,0.0037448189738543,0.3744818973854313,0.0935277799912818,1.9080437023311292,0.3722864266436381,0.0935277799912818,1.9080437023311292,0.0,0.092133406866685,1.7484279732030212,0.3629133731289597,0.092133406866685,1.7484279732030212,DTW4lag12,DTW4lag12_mixed,All_cities,annual_all_days_primary,All calendar-year days; non-heatwave days contribute zero,"1,2,3,4,5,6,7,8,9,10,11,12"
sensitivity_dtw4lag12,DTW4lag12 phenotype-stratified,annual_all_days_primary,ssp370,2050,2041-2050,exceeded_quantity_day_all,exceeded_quantity,day,all,798.4594594594595,-0.3022358669277386,0.3221861571655099,2.003610123238466,0.0033274261579179,0.3327426157917939,0.0036552863406964,1.270286551226562,0.3226116436301081,0.0,1.270286551226562,0.0,0.003582520559576,1.186133513288136,0.3221861571655099,0.003582520559576,1.186133513288136,DTW4lag12,DTW4lag12_mixed,All_cities,annual_all_days_primary,All calendar-year days; non-heatwave days contribute zero,"1,2,3,4,5,6,7,8,9,10,11,12"
sensitivity_dtw4lag12,DTW4lag12 phenotype-stratified,annual_all_days_primary,ssp370,2050,2041-2050,exceeded_quantity_night_all,exceeded_quantity,night,all,634.6984126984127,-3.6695472133892473,3.814728740091156,29.30647625749404,0.6738167157152352,67.38167157152353,65.2568247057815,70.04034648468976,67.38167156519573,60.21414588685457,70.04034648468976,0.0,3.552716650189336,3.975781575538192,3.814728740091156,3.552716650189336,3.975781575538192,DTW4lag12,DTW4lag12_mixed,All_cities,annual_all_days_primary,All calendar-year days; non-heatwave days contribute zero,"1,2,3,4,5,6,7,8,9,10,11,12"
sensitivity_dtw4lag12,DTW4lag12 phenotype-stratified,annual_all_days_primary,ssp585,2025,2025-2030,cehwi_composite_all,cehwi,composite,all,404.0,-0.1951843240483408,0.1955477207209547,2.072692449914501,0.0020018664094695,0.2001866409469503,0.0207634726413518,0.7616968249745192,0.199846884444571,0.0207634726413518,0.7616968249745192,0.0,0.020530625403208,0.6960218386553468,0.1955477207209547,0.020530625403208,0.6960218386553468,DTW4lag12,DTW4lag12_mixed,All_cities,annual_all_days_primary,All calendar-year days; non-heatwave days contribute zero,"1,2,3,4,5,6,7,8,9,10,11,12"
sensitivity_dtw4lag12,DTW4lag12 phenotype-stratified,annual_all_days_primary,ssp585,2025,2025-2030,cehwi_day_all,cehwi,day,all,747.3108108108108,-0.1857062326426329,0.2026404087457363,1.2571539970054175,0.0020758838538242,0.2075883853824207,4.543420880578888e-05,0.912685588097381,0.2047468857676324,0.0,0.912685588097381,1.8511662347278786e-05,4.524201097998111e-05,0.8604993033083739,0.2026404087457363,4.524201097998111e-05,0.8605486443806332,DTW4lag12,DTW4lag12_mixed,All_cities,annual_all_days_primary,All calendar-year days; non-heatwave days contribute zero,"1,2,3,4,5,6,7,8,9,10,11,12"
sensitivity_dtw4lag12,DTW4lag12 phenotype-stratified,annual_all_days_primary,ssp585,2025,2025-2030,cehwi_night_all,cehwi,night,all,473.57142857142856,-1.2751474251360246,1.298299848478504,13.59159780140003,0.023633978644777,2.3633978644777054,0.6008658669515302,49.280951811927565,2.363397864477705,0.0,49.28095150059711,0.0,0.1820569644717347,3.033659067839454,1.298299848478504,0.1820569644717347,3.033659067839454,DTW4lag12,DTW4lag12_mixed,All_cities,annual_all_days_primary,All calendar-year days; non-heatwave days contribute zero,"1,2,3,4,5,6,7,8,9,10,11,12"
sensitivity_dtw4lag12,DTW4lag12 phenotype-stratified,annual_all_days_primary,ssp585,2025,2025-2030,exceeded_quantity_composite_all,exceeded_quantity,composite,all,404.0,0.2786526210818193,0.1787197541180477,1.8477639860982569,0.001834697076048,0.1834697076048,0.0462472475046039,0.8715484409571738,0.1834697076048,0.0462472475046039,0.8715484409571738,0.0,0.0457172175419141,0.8089647320181345,0.1787197541180477,0.0457172175419141,0.8089647320181345,DTW4lag12,DTW4lag12_mixed,All_cities,annual_all_days_primary,All calendar-year days; non-heatwave days contribute zero,"1,2,3,4,5,6,7,8,9,10,11,12"
sensitivity_dtw4lag12,DTW4lag12 phenotype-stratified,annual_all_days_primary,ssp585,2025,2025-2030,exceeded_quantity_day_all,exceeded_quantity,day,all,747.3108108108108,-0.2923852304344259,0.3094594505140164,1.957243443025988,0.003190701435613,0.3190701435613018,0.0031316430024943,1.1879723436912544,0.3081186166431503,0.0,1.1879723436912544,0.0,0.0030706521362969,1.1114960205415036,0.3094594505140164,0.0030706521362969,1.1114960205415036,DTW4lag12,DTW4lag12_mixed,All_cities,annual_all_days_primary,All calendar-year days; non-heatwave days contribute zero,"1,2,3,4,5,6,7,8,9,10,11,12"
sensitivity_dtw4lag12,DTW4lag12 phenotype-stratified,annual_all_days_primary,ssp585,2025,2025-2030,exceeded_quantity_night_all,exceeded_quantity,night,all,473.57142857142856,-2.949422853144284,3.049913215439341,29.71115066428576,0.5269279651259955,52.69279651259955,50.34049145433191,55.76311047444344,52.69279651259955,44.371728604532784,55.76311047444344,0.0,2.745006687896445,3.1740852803804973,3.049913215439341,2.745006687896445,3.1740852803804973,DTW4lag12,DTW4lag12_mixed,All_cities,annual_all_days_primary,All calendar-year days; non-heatwave days contribute zero,"1,2,3,4,5,6,7,8,9,10,11,12"
sensitivity_dtw4lag12,DTW4lag12 phenotype-stratified,annual_all_days_primary,ssp585,2026,2025-2030,cehwi_composite_all,cehwi,composite,all,462.4126984126984,-0.2174590998314568,0.2174590998314568,2.011331513532256,0.0022338309432511,0.2233830943251173,0.0314587921376292,0.7603742613203316,0.2233830943251173,0.0312939711961997,0.7603742613203316,0.0,0.030977567394845,0.6965466777207346,0.2174590998314568,0.030977567394845,0.6965466777207346,DTW4lag12,DTW4lag12_mixed,All_cities,annual_all_days_primary,All calendar-year days; non-heatwave days contribute zero,"1,2,3,4,5,6,7,8,9,10,11,12"
sensitivity_dtw4lag12,DTW4lag12 phenotype-stratified,annual_all_days_primary,ssp585,2026,2025-2030,cehwi_day_all,cehwi,day,all,774.9594594594595,-0.209707031128232,0.2217005886187012,1.2765612090327072,0.0022723960760224,0.2272396076022455,1.6361530625536403e-06,0.92651142270737,0.2247952184548699,0.0,0.92651142270737,0.0,1.6332773163477472e-06,0.8699389597582229,0.2217005886187012,1.6332773163477472e-06,0.8699389597582229,DTW4lag12,DTW4lag12_mixed,All_cities,annual_all_days_primary,All calendar-year days; non-heatwave days contribute zero,"1,2,3,4,5,6,7,8,9,10,11,12"
sensitivity_dtw4lag12,DTW4lag12 phenotype-stratified,annual_all_days_primary,ssp585,2026,2025-2030,cehwi_night_all,cehwi,night,all,425.04761904761904,-1.1878103125800552,1.2100261356018005,11.434628645192262,0.021635126916804,2.163512691680403,0.4852007561391644,46.320771824527256,2.163512691680403,0.0,46.320771824527256,0.0,0.1563193188328355,2.818172145633248,1.2100261356018005,0.1563193188328355,2.818172145633248,DTW4lag12,DTW4lag12_mixed,All_cities,annual_all_days_primary,All calendar-year days; non-heatwave days contribute zero,"1,2,3,4,5,6,7,8,9,10,11,12"
sensitivity_dtw4lag12,DTW4lag12 phenotype-stratified,annual_all_days_primary,ssp585,2026,2025-2030,exceeded_quantity_composite_all,exceeded_quantity,composite,all,462.4126984126984,0.3411630434767996,0.1991975768227102,1.8168133640164257,0.002052914082974,0.205291408297409,0.0544633218881923,0.923909293734878,0.205291408297409,0.0544633218881923,0.923909293734878,0.0,0.0537050017996051,0.8527579176010891,0.1991975768227102,0.0537050017996051,0.8527579176010891,DTW4lag12,DTW4lag12_mixed,All_cities,annual_all_days_primary,All calendar-year days; non-heatwave days contribute zero,"1,2,3,4,5,6,7,8,9,10,11,12"
sensitivity_dtw4lag12,DTW4lag12 phenotype-stratified,annual_all_days_primary,ssp585,2026,2025-2030,exceeded_quantity_day_all,exceeded_quantity,day,all,774.9594594594595,-0.2891355047093379,0.3039221362651765,1.9334573896540577,0.0031393166604558,0.3139316660455837,0.0004391067319254,1.156226262283247,0.3051394919399686,0.0,1.156226262283247,0.0,0.0004318583526954,1.0778267777365709,0.3039221362651765,0.0004318583526954,1.0778267777365709,DTW4lag12,DTW4lag12_mixed,All_cities,annual_all_days_primary,All calendar-year days; non-heatwave days contribute zero,"1,2,3,4,5,6,7,8,9,10,11,12"
sensitivity_dtw4lag12,DTW4lag12 phenotype-stratified,annual_all_days_primary,ssp585,2026,2025-2030,exceeded_quantity_night_all,exceeded_quantity,night,all,425.04761904761904,-2.6478486648943638,2.737545138458681,29.43338382377357,0.470807351434633,47.0807351434633,44.83467677622974,50.09011852888641,47.0807351434633,39.23648946004505,50.09011852888641,0.0,2.445856889779113,2.8413726360919043,2.737545138458681,2.445856889779113,2.8413726360919043,DTW4lag12,DTW4lag12_mixed,All_cities,annual_all_days_primary,All calendar-year days; non-heatwave days contribute zero,"1,2,3,4,5,6,7,8,9,10,11,12"
sensitivity_dtw4lag12,DTW4lag12 phenotype-stratified,annual_all_days_primary,ssp585,2027,2025-2030,cehwi_composite_all,cehwi,composite,all,412.6031746031746,-0.1530268221590012,0.1530268221590013,1.8403073775896737,0.0015635120606718,0.1563512060671858,0.0195591414232357,0.5630846965101207,0.1563512060671858,0.0195591414232357,0.5630846965101207,0.0,0.0193610370975771,0.5195000023108224,0.1530268221590013,0.0193610370975771,0.5195000023108224,DTW4lag12,DTW4lag12_mixed,All_cities,annual_all_days_primary,All calendar-year days; non-heatwave days contribute zero,"1,2,3,4,5,6,7,8,9,10,11,12"
sensitivity_dtw4lag12,DTW4lag12 phenotype-stratified,annual_all_days_primary,ssp585,2027,2025-2030,cehwi_day_all,cehwi,day,all,771.8648648648649,-0.2061165282191958,0.2185343546355643,1.3459338019294718,0.0022479500872787,0.2247950087278735,0.0001576958473842,0.9149147186904736,0.2221652604668788,0.0,0.9149147186904736,0.0,0.0001568538300995,0.8564925874673431,0.2185343546355643,0.0001568538300995,0.8564925874673431,DTW4lag12,DTW4lag12_mixed,All_cities,annual_all_days_primary,All calendar-year days; non-heatwave days contribute zero,"1,2,3,4,5,6,7,8,9,10,11,12"
sensitivity_dtw4lag12,DTW4lag12 phenotype-stratified,annual_all_days_primary,ssp585,2027,2025-2030,cehwi_night_all,cehwi,night,all,457.936507936508,-1.3330369439063112,1.359586625401466,12.54468558954522,0.0269882096442942,2.6988209644294283,0.9501332034382812,47.61257776371522,2.6988209644294283,0.0,47.6122683681085,0.0,0.2492131562332326,2.995392913943056,1.359586625401466,0.2492131562332326,2.995392913943056,DTW4lag12,DTW4lag12_mixed,All_cities,annual_all_days_primary,All calendar-year days; non-heatwave days contribute zero,"1,2,3,4,5,6,7,8,9,10,11,12"
sensitivity_dtw4lag12,DTW4lag12 phenotype-stratified,annual_all_days_primary,ssp585,2027,2025-2030,exceeded_quantity_composite_all,exceeded_quantity,composite,all,412.6031746031746,0.2673450129841723,0.1698271539481895,1.8520434484891064,0.0017479209251276,0.1747920925127694,0.0502213201815006,0.7891447654993546,0.1744946372200673,0.0502213201815006,0.7891447654993546,0.0,0.0495724959030079,0.7309168423733999,0.1698271539481895,0.0495724959030079,0.7309168423733999,DTW4lag12,DTW4lag12_mixed,All_cities,annual_all_days_primary,All calendar-year days; non-heatwave days contribute zero,"1,2,3,4,5,6,7,8,9,10,11,12"
sensitivity_dtw4lag12,DTW4lag12 phenotype-stratified,annual_all_days_primary,ssp585,2027,2025-2030,exceeded_quantity_day_all,exceeded_quantity,day,all,771.8648648648649,-0.3035447147607445,0.3192136466121726,2.0880402440040147,0.003295681146725,0.3295681146725049,0.0016812788170191,1.2049789745565,0.3211700577796259,0.0,1.2049789745565,0.0,0.0016571636174575,1.1240171427449148,0.3192136466121726,0.0016571636174575,1.1240171427449148,DTW4lag12,DTW4lag12_mixed,All_cities,annual_all_days_primary,All calendar-year days; non-heatwave days contribute zero,"1,2,3,4,5,6,7,8,9,10,11,12"
sensitivity_dtw4lag12,DTW4lag12 phenotype-stratified,annual_all_days_primary,ssp585,2027,2025-2030,exceeded_quantity_night_all,exceeded_quantity,night,all,457.936507936508,-2.91168371807058,3.018605434023634,31.089158570843104,0.5244198156780397,52.44198156780398,50.27514710892823,55.2629058887692,52.44196627484357,44.88052274284554,55.2629058887692,0.0,2.7405020080136544,3.1457253285904905,3.018605434023634,2.7405020080136544,3.1457253285904905,DTW4lag12,DTW4lag12_mixed,All_cities,annual_all_days_primary,All calendar-year days; non-heatwave days contribute zero,"1,2,3,4,5,6,7,8,9,10,11,12"
sensitivity_dtw4lag12,DTW4lag12 phenotype-stratified,annual_all_days_primary,ssp585,2028,2025-2030,cehwi_composite_all,cehwi,composite,all,492.4761904761905,-0.23538640329232,0.2374158839135482,2.4851732795187,0.0024402140724749,0.244021407247499,0.0368081276745324,0.8544050316702496,0.2421117612144684,0.0367492660311564,0.8544050316702496,0.0,0.0362717688025875,0.7750044184783357,0.2374158839135482,0.0362717688025875,0.7750044184783357,DTW4lag12,DTW4lag12_mixed,All_cities,annual_all_days_primary,All calendar-year days; non-heatwave days contribute zero,"1,2,3,4,5,6,7,8,9,10,11,12"
sensitivity_dtw4lag12,DTW4lag12 phenotype-stratified,annual_all_days_primary,ssp585,2028,2025-2030,cehwi_day_all,cehwi,day,all,816.2972972972973,-0.217005501676486,0.2330234865472382,1.3713098616035206,0.0023989880083636,0.2398988008363615,0.000537428940036,1.027591008726592,0.2357995915938576,0.0,1.027591008726592,0.0,0.0005331181445005,0.9583311978835238,0.2330234865472382,0.0005331181445005,0.9583311978835238,DTW4lag12,DTW4lag12_mixed,All_cities,annual_all_days_primary,All calendar-year days; non-heatwave days contribute zero,"1,2,3,4,5,6,7,8,9,10,11,12"
sensitivity_dtw4lag12,DTW4lag12 phenotype-stratified,annual_all_days_primary,ssp585,2028,2025-2030,cehwi_night_all,cehwi,night,all,426.25396825396825,-1.1644309812161866,1.192519058821578,11.111021950494385,0.0231603215428887,2.3160321542888727,0.7365320538896709,43.63870159149773,2.3160321542888727,0.0,43.63809851278021,0.0,0.1935750514294822,2.719291867197517,1.192519058821578,0.1935750514294822,2.719291867197517,DTW4lag12,DTW4lag12_mixed,All_cities,annual_all_days_primary,All calendar-year days; non-heatwave days contribute zero,"1,2,3,4,5,6,7,8,9,10,11,12"
sensitivity_dtw4lag12,DTW4lag12 phenotype-stratified,annual_all_days_primary,ssp585,2028,2025-2030,exceeded_quantity_composite_all,exceeded_quantity,composite,all,492.4761904761905,0.4157502249031367,0.2350376762395305,2.181238053006143,0.0024316347398419,0.2431634739841999,0.0709264276132058,1.102209300426555,0.2426980503747814,0.0709264276132058,1.102209300426555,0.0,0.0698133905406358,1.0062671780412304,0.2350376762395305,0.0698133905406358,1.0062671780412304,DTW4lag12,DTW4lag12_mixed,All_cities,annual_all_days_primary,All calendar-year days; non-heatwave days contribute zero,"1,2,3,4,5,6,7,8,9,10,11,12"
sensitivity_dtw4lag12,DTW4lag12 phenotype-stratified,annual_all_days_primary,ssp585,2028,2025-2030,exceeded_quantity_day_all,exceeded_quantity,day,all,816.2972972972973,-0.3332716501763117,0.3513039934120484,2.110414397883643,0.0036405190456295,0.3640519045629584,0.0014432963551472,1.3352790422297758,0.3528187471557081,0.0,1.3352790422297758,0.0,0.0014176053279105,1.236811152185035,0.3513039934120484,0.0014176053279105,1.236811152185035,DTW4lag12,DTW4lag12_mixed,All_cities,annual_all_days_primary,All calendar-year days; non-heatwave days contribute zero,"1,2,3,4,5,6,7,8,9,10,11,12"
sensitivity_dtw4lag12,DTW4lag12 phenotype-stratified,annual_all_days_primary,ssp585,2028,2025-2030,exceeded_quantity_night_all,exceeded_quantity,night,all,426.25396825396825,-3.063596338826886,3.155697927763453,30.248984939048714,0.5487424938033072,54.87424938033072,52.697092442704346,57.72912941651612,54.87416734857623,47.28111730720005,57.72912941651612,0.0,2.8720212285278044,3.2638649577167858,3.155697927763453,2.8720212285278044,3.2638649577167858,DTW4lag12,DTW4lag12_mixed,All_cities,annual_all_days_primary,All calendar-year days; non-heatwave days contribute zero,"1,2,3,4,5,6,7,8,9,10,11,12"
sensitivity_dtw4lag12,DTW4lag12 phenotype-stratified,annual_all_days_primary,ssp585,2029,2025-2030,cehwi_composite_all,cehwi,composite,all,577.9047619047619,-0.2454670517117105,0.2456142132162493,2.162495957503205,0.0025104396354771,0.2510439635477196,0.0261950945157804,0.9567023461522036,0.2508993947308461,0.0261950945157804,0.9567023461522036,0.0,0.0259955250295064,0.8701207278112217,0.2456142132162493,0.0259955250295064,0.8701207278112217,DTW4lag12,DTW4lag12_mixed,All_cities,annual_all_days_primary,All calendar-year days; non-heatwave days contribute zero,"1,2,3,4,5,6,7,8,9,10,11,12"
sensitivity_dtw4lag12,DTW4lag12 phenotype-stratified,annual_all_days_primary,ssp585,2029,2025-2030,cehwi_day_all,cehwi,day,all,873.6621621621622,-0.2122218219533504,0.2303429801293048,1.3897848914625164,0.0023633071852031,0.2363307185203167,0.0002888509434127,1.0585040959584948,0.2325584556298544,0.0,1.0585040959584948,0.0,0.0002868749209848,0.994113165812515,0.2303429801293048,0.0002868749209848,0.994113165812515,DTW4lag12,DTW4lag12_mixed,All_cities,annual_all_days_primary,All calendar-year days; non-heatwave days contribute zero,"1,2,3,4,5,6,7,8,9,10,11,12"
sensitivity_dtw4lag12,DTW4lag12 phenotype-stratified,annual_all_days_primary,ssp585,2029,2025-2030,cehwi_night_all,cehwi,night,all,469.3333333333333,-1.1243615979697874,1.147898594664325,11.800496524254838,0.0203281065849745,2.032810658497457,0.4556293756432017,46.966995948205344,2.032810658497457,0.0,46.966995948205344,0.0,0.121555907815526,2.852474299164194,1.147898594664325,0.121555907815526,2.852474299164194,DTW4lag12,DTW4lag12_mixed,All_cities,annual_all_days_primary,All calendar-year days; non-heatwave days contribute zero,"1,2,3,4,5,6,7,8,9,10,11,12"
sensitivity_dtw4lag12,DTW4lag12 phenotype-stratified,annual_all_days_primary,ssp585,2029,2025-2030,exceeded_quantity_composite_all,exceeded_quantity,composite,all,577.9047619047619,0.5736989145690333,0.2544996723148334,1.91765932158144,0.0026215504619422,0.2621550461942298,0.0731559825308318,1.283301161322116,0.2619396319457985,0.0731559825308318,1.283301161322116,0.0,0.0722237973983283,1.176580559929586,0.2544996723148334,0.0722237973983283,1.176580559929586,DTW4lag12,DTW4lag12_mixed,All_cities,annual_all_days_primary,All calendar-year days; non-heatwave days contribute zero,"1,2,3,4,5,6,7,8,9,10,11,12"
sensitivity_dtw4lag12,DTW4lag12 phenotype-stratified,annual_all_days_primary,ssp585,2029,2025-2030,exceeded_quantity_day_all,exceeded_quantity,day,all,873.6621621621622,-0.3470360052911069,0.3666040834587408,2.224502894544291,0.0037965966969933,0.3796596696993383,0.0047577652860983,1.4009943365437132,0.3667248937472694,0.0,1.4009943365437132,0.0,0.0046628503908571,1.300937658113849,0.3666040834587408,0.0046628503908571,1.300937658113849,DTW4lag12,DTW4lag12_mixed,All_cities,annual_all_days_primary,All calendar-year days; non-heatwave days contribute zero,"1,2,3,4,5,6,7,8,9,10,11,12"
sensitivity_dtw4lag12,DTW4lag12 phenotype-stratified,annual_all_days_primary,ssp585,2029,2025-2030,exceeded_quantity_night_all,exceeded_quantity,night,all,469.3333333333333,-3.0768832390412686,3.170319160010034,31.191464465455084,0.5510026900373995,55.10026900373995,52.71170703457958,57.93653779607384,55.10026900373995,46.91636389254693,57.93653779607384,0.0,2.873686609625498,3.2851286074753063,3.170319160010034,2.873686609625498,3.2851286074753063,DTW4lag12,DTW4lag12_mixed,All_cities,annual_all_days_primary,All calendar-year days; non-heatwave days contribute zero,"1,2,3,4,5,6,7,8,9,10,11,12"
sensitivity_dtw4lag12,DTW4lag12 phenotype-stratified,annual_all_days_primary,ssp585,2030,2025-2030,cehwi_composite_all,cehwi,composite,all,560.4920634920635,-0.2716312106837449,0.2739880954478105,2.3935971321439533,0.0028166058139269,0.2816605813926988,0.034090516949703,1.057705553562276,0.2794054924192701,0.0340891558217958,1.057705553562276,0.0,0.033586232077782,0.950300072666726,0.2739880954478105,0.033586232077782,0.950300072666726,DTW4lag12,DTW4lag12_mixed,All_cities,annual_all_days_primary,All calendar-year days; non-heatwave days contribute zero,"1,2,3,4,5,6,7,8,9,10,11,12"
sensitivity_dtw4lag12,DTW4lag12 phenotype-stratified,annual_all_days_primary,ssp585,2030,2025-2030,cehwi_day_all,cehwi,day,all,1058.1756756756756,-0.373574139115093,0.3931104443667199,1.6827784600764577,0.0040784217507024,0.4078421750702421,6.851898797875367e-05,1.596401198951002,0.4029987343034134,0.0,1.596401198951002,0.0,6.820628235773705e-05,1.4672443016778165,0.3931104443667199,6.820628235773705e-05,1.4672443016778165,DTW4lag12,DTW4lag12_mixed,All_cities,annual_all_days_primary,All calendar-year days; non-heatwave days contribute zero,"1,2,3,4,5,6,7,8,9,10,11,12"
sensitivity_dtw4lag12,DTW4lag12 phenotype-stratified,annual_all_days_primary,ssp585,2030,2025-2030,cehwi_night_all,cehwi,night,all,446.9047619047619,-1.133274890413822,1.15691048454208,11.6257015376451,0.021130882562041,2.1130882562041062,0.5475163239069226,44.42621394182583,2.1130882562041062,0.0,44.42620914988208,0.0,0.1560051847973734,2.708724736043836,1.15691048454208,0.1560051847973734,2.708724736043836,DTW4lag12,DTW4lag12_mixed,All_cities,annual_all_days_primary,All calendar-year days; non-heatwave days contribute zero,"1,2,3,4,5,6,7,8,9,10,11,12"
sensitivity_dtw4lag12,DTW4lag12 phenotype-stratified,annual_all_days_primary,ssp585,2030,2025-2030,exceeded_quantity_composite_all,exceeded_quantity,composite,all,560.4920634920635,0.3982555287039431,0.260563074488571,2.066065978127107,0.0026903026580094,0.2690302658009473,0.0719767755243993,1.2549992557607523,0.2687087874796685,0.0719767755243993,1.2549992557607523,0.0,0.0708904080993455,1.1495599129607417,0.260563074488571,0.0708904080993455,1.1495599129607417,DTW4lag12,DTW4lag12_mixed,All_cities,annual_all_days_primary,All calendar-year days; non-heatwave days contribute zero,"1,2,3,4,5,6,7,8,9,10,11,12"
sensitivity_dtw4lag12,DTW4lag12 phenotype-stratified,annual_all_days_primary,ssp585,2030,2025-2030,exceeded_quantity_day_all,exceeded_quantity,day,all,1058.1756756756756,-0.5179935570336801,0.5388910358843476,2.4016583787698225,0.0056021942218944,0.5602194221894411,0.0046133665840406,1.9347225650049975,0.5420403772592596,0.0,1.9347225650049975,0.0,0.0045339795337744,1.780880288477758,0.5388910358843476,0.0045339795337744,1.780880288477758,DTW4lag12,DTW4lag12_mixed,All_cities,annual_all_days_primary,All calendar-year days; non-heatwave days contribute zero,"1,2,3,4,5,6,7,8,9,10,11,12"
sensitivity_dtw4lag12,DTW4lag12 phenotype-stratified,annual_all_days_primary,ssp585,2030,2025-2030,exceeded_quantity_night_all,exceeded_quantity,night,all,446.9047619047619,-3.027485448906563,3.119406796608439,30.79829843799885,0.5415066143109357,54.15066143109358,51.90516350273295,57.02836339991377,54.15066143109358,46.41089229642947,57.02836339991377,0.0,2.8326878069408523,3.2277982727505337,3.119406796608439,2.8326878069408523,3.2277982727505337,DTW4lag12,DTW4lag12_mixed,All_cities,annual_all_days_primary,All calendar-year days; non-heatwave days contribute zero,"1,2,3,4,5,6,7,8,9,10,11,12"
sensitivity_dtw4lag12,DTW4lag12 phenotype-stratified,annual_all_days_primary,ssp585,2031,2031-2040,cehwi_composite_all,cehwi,composite,all,535.6825396825396,-0.2541711065921043,0.2604839867598962,2.376613990189052,0.002675107529192,0.2675107529192052,0.0254676955914571,1.0628595788093085,0.2618085306824366,0.0254676955914571,1.0628595788093085,0.0,0.0251732003076206,0.9511502585855086,0.2604839867598962,0.0251732003076206,0.9511502585855086,DTW4lag12,DTW4lag12_mixed,All_cities,annual_all_days_primary,All calendar-year days; non-heatwave days contribute zero,"1,2,3,4,5,6,7,8,9,10,11,12"
sensitivity_dtw4lag12,DTW4lag12 phenotype-stratified,annual_all_days_primary,ssp585,2031,2031-2040,cehwi_day_all,cehwi,day,all,928.527027027027,-0.4078539369730146,0.4259919447522966,2.0419999801822586,0.0046272820607835,0.4627282060783571,0.0001808048633671,1.716961777149885,0.4560863405196139,0.0,1.716961777149885,0.0,0.0001798706735174,1.483893969738595,0.4259919447522966,0.0001798706735174,1.483893969738595,DTW4lag12,DTW4lag12_mixed,All_cities,annual_all_days_primary,All calendar-year days; non-heatwave days contribute zero,"1,2,3,4,5,6,7,8,9,10,11,12"
sensitivity_dtw4lag12,DTW4lag12 phenotype-stratified,annual_all_days_primary,ssp585,2031,2031-2040,cehwi_night_all,cehwi,night,all,432.3174603174603,-0.9760628031378364,1.001285584127258,12.043129030743652,0.0167421395303348,1.67421395303348,0.2581912033425116,41.61303784864636,1.67421395303348,0.0,41.61303784864636,0.0,0.0798598378015543,2.493498636274939,1.001285584127258,0.0798598378015543,2.493498636274939,DTW4lag12,DTW4lag12_mixed,All_cities,annual_all_days_primary,All calendar-year days; non-heatwave days contribute zero,"1,2,3,4,5,6,7,8,9,10,11,12"
sensitivity_dtw4lag12,DTW4lag12 phenotype-stratified,annual_all_days_primary,ssp585,2031,2031-2040,exceeded_quantity_composite_all,exceeded_quantity,composite,all,535.6825396825396,0.4256895067945014,0.2271360047223424,2.0743535437526024,0.0023389526720406,0.2338952672040647,0.0565751019528183,1.2072202359422628,0.2335892672139603,0.0565751019528183,1.2072202359422628,0.0,0.0558224915913509,1.107247748463459,0.2271360047223424,0.0558224915913509,1.107247748463459,DTW4lag12,DTW4lag12_mixed,All_cities,annual_all_days_primary,All calendar-year days; non-heatwave days contribute zero,"1,2,3,4,5,6,7,8,9,10,11,12"
sensitivity_dtw4lag12,DTW4lag12 phenotype-stratified,annual_all_days_primary,ssp585,2031,2031-2040,exceeded_quantity_day_all,exceeded_quantity,day,all,928.527027027027,-0.4571376769625563,0.4743142990005641,2.4420502165766487,0.0049438264531878,0.494382645318789,0.0024194775077526,1.7100993681911174,0.4838997858827821,0.0,1.7100993681911174,0.0,0.0023789861962973,1.5649021618682355,0.4743142990005641,0.0023789861962973,1.5649021618682355,DTW4lag12,DTW4lag12_mixed,All_cities,annual_all_days_primary,All calendar-year days; non-heatwave days contribute zero,"1,2,3,4,5,6,7,8,9,10,11,12"
sensitivity_dtw4lag12,DTW4lag12 phenotype-stratified,annual_all_days_primary,ssp585,2031,2031-2040,exceeded_quantity_night_all,exceeded_quantity,night,all,432.3174603174603,-3.026384756039812,3.107479116787487,30.190338702768667,0.5313575681816207,53.13575681816208,50.12443099933862,56.69497273881593,53.13551086809794,42.96317536126634,56.69497273881593,0.0,2.7358443738136264,3.2113179445160824,3.107479116787487,2.7358443738136264,3.2113179445160824,DTW4lag12,DTW4lag12_mixed,All_cities,annual_all_days_primary,All calendar-year days; non-heatwave days contribute zero,"1,2,3,4,5,6,7,8,9,10,11,12"
sensitivity_dtw4lag12,DTW4lag12 phenotype-stratified,annual_all_days_primary,ssp585,2032,2031-2040,cehwi_composite_all,cehwi,composite,all,329.53968253968253,-0.1218723045552759,0.1218723045552759,1.644456151217076,0.0012403162956017,0.1240316295601712,0.0118443517244761,0.4872076669398059,0.1240316295601712,0.0118443517244761,0.4872076669398059,0.0,0.0117870061611184,0.4492999731685347,0.1218723045552759,0.0117870061611184,0.4492999731685347,DTW4lag12,DTW4lag12_mixed,All_cities,annual_all_days_primary,All calendar-year days; non-heatwave days contribute zero,"1,2,3,4,5,6,7,8,9,10,11,12"
sensitivity_dtw4lag12,DTW4lag12 phenotype-stratified,annual_all_days_primary,ssp585,2032,2031-2040,cehwi_day_all,cehwi,day,all,719.3918918918919,-0.1492475488391934,0.164801377071707,1.129608482395,0.0016839833980765,0.1683983398076514,6.056900198739635e-07,0.8109478287338668,0.1650684239937848,0.0,0.8109478287338668,0.0,6.05392205107506e-07,0.7679077956360032,0.164801377071707,6.05392205107506e-07,0.7679077956360032,DTW4lag12,DTW4lag12_mixed,All_cities,annual_all_days_primary,All calendar-year days; non-heatwave days contribute zero,"1,2,3,4,5,6,7,8,9,10,11,12"
sensitivity_dtw4lag12,DTW4lag12 phenotype-stratified,annual_all_days_primary,ssp585,2032,2031-2040,cehwi_night_all,cehwi,night,all,422.8571428571428,-1.2865303032258235,1.3126297291647917,12.710467174322982,0.0302239486836941,3.022394868369419,1.5969487263737745,43.70522546205023,3.022394868369419,0.0,43.70467779526104,0.0,0.4026830393675573,2.917178869204853,1.3126297291647917,0.4026830393675573,2.917178869204853,DTW4lag12,DTW4lag12_mixed,All_cities,annual_all_days_primary,All calendar-year days; non-heatwave days contribute zero,"1,2,3,4,5,6,7,8,9,10,11,12"
sensitivity_dtw4lag12,DTW4lag12 phenotype-stratified,annual_all_days_primary,ssp585,2032,2031-2040,exceeded_quantity_composite_all,exceeded_quantity,composite,all,329.53968253968253,0.2757100997995197,0.1443131965234921,1.6673696122809796,0.0014833821024971,0.1483382102497117,0.043594358167117,0.7075018936927536,0.1482317255013799,0.043594358167117,0.7075018936927536,0.0,0.0430779496661039,0.6570093400029461,0.1443131965234921,0.0430779496661039,0.6570093400029461,DTW4lag12,DTW4lag12_mixed,All_cities,annual_all_days_primary,All calendar-year days; non-heatwave days contribute zero,"1,2,3,4,5,6,7,8,9,10,11,12"
sensitivity_dtw4lag12,DTW4lag12 phenotype-stratified,annual_all_days_primary,ssp585,2032,2031-2040,exceeded_quantity_day_all,exceeded_quantity,day,all,719.3918918918919,-0.2529351045954987,0.2710631795155307,1.8655358300915856,0.0027904466883359,0.2790446688335999,0.0029085851028756,1.0771173966045156,0.2650225579944917,0.0,1.0771173966045156,0.0,0.0028575428589277,1.0113466380442335,0.2710631795155307,0.0028575428589277,1.0113466380442335,DTW4lag12,DTW4lag12_mixed,All_cities,annual_all_days_primary,All calendar-year days; non-heatwave days contribute zero,"1,2,3,4,5,6,7,8,9,10,11,12"
sensitivity_dtw4lag12,DTW4lag12 phenotype-stratified,annual_all_days_primary,ssp585,2032,2031-2040,exceeded_quantity_night_all,exceeded_quantity,night,all,422.8571428571428,-2.9727170963421825,3.0764220177256214,29.183841248511197,0.5356709750215036,53.56709750215037,51.42717184993568,56.330097074240655,53.56651316502406,46.09950436516623,56.330097074240655,0.0,2.8020617876475646,3.198881880671544,3.0764220177256214,2.8020617876475646,3.198881880671544,DTW4lag12,DTW4lag12_mixed,All_cities,annual_all_days_primary,All calendar-year days; non-heatwave days contribute zero,"1,2,3,4,5,6,7,8,9,10,11,12"
sensitivity_dtw4lag12,DTW4lag12 phenotype-stratified,annual_all_days_primary,ssp585,2033,2031-2040,cehwi_composite_all,cehwi,composite,all,520.8730158730159,-0.2124912242323663,0.2172917713533337,1.9585080847190848,0.0022219763460823,0.2221976346082374,0.0186830978615389,0.8931219195060737,0.2176988097639447,0.0186830978615389,0.8931219195060737,0.0,0.0185583909510332,0.8115863106412592,0.2172917713533337,0.0185583909510332,0.8115863106412592,DTW4lag12,DTW4lag12_mixed,All_cities,annual_all_days_primary,All calendar-year days; non-heatwave days contribute zero,"1,2,3,4,5,6,7,8,9,10,11,12"
sensitivity_dtw4lag12,DTW4lag12 phenotype-stratified,annual_all_days_primary,ssp585,2033,2031-2040,cehwi_day_all,cehwi,day,all,835.1486486486486,-0.3011505890083514,0.3156035235705257,1.6676608094618297,0.0032733781522268,0.327337815222686,0.0002048669485141,1.275980819348152,0.323556748192528,0.0,1.275980819348152,0.0,0.0002026066275801,1.1726884008166247,0.3156035235705257,0.0002026066275801,1.1726884008166247,DTW4lag12,DTW4lag12_mixed,All_cities,annual_all_days_primary,All calendar-year days; non-heatwave days contribute zero,"1,2,3,4,5,6,7,8,9,10,11,12"
sensitivity_dtw4lag12,DTW4lag12 phenotype-stratified,annual_all_days_primary,ssp585,2033,2031-2040,cehwi_night_all,cehwi,night,all,490.1904761904762,-1.3814461107339049,1.408305559779664,12.027202902363454,0.0276598330611414,2.765983306114149,1.010499581625049,47.72962441483671,2.765983306114149,0.0,47.72962441483671,0.0,0.3107534715798094,3.0681163352393237,1.408305559779664,0.3107534715798094,3.0681163352393237,DTW4lag12,DTW4lag12_mixed,All_cities,annual_all_days_primary,All calendar-year days; non-heatwave days contribute zero,"1,2,3,4,5,6,7,8,9,10,11,12"
sensitivity_dtw4lag12,DTW4lag12 phenotype-stratified,annual_all_days_primary,ssp585,2033,2031-2040,exceeded_quantity_composite_all,exceeded_quantity,composite,all,520.8730158730159,0.3466431846193158,0.2168353470266684,1.8324095466530024,0.0022275536148218,0.2227553614821842,0.0540735846974395,1.0954826830698954,0.2226181163303392,0.0540735846974395,1.0954826830698954,0.0,0.0534750956259993,1.0095007388372284,0.2168353470266684,0.0534750956259993,1.0095007388372284,DTW4lag12,DTW4lag12_mixed,All_cities,annual_all_days_primary,All calendar-year days; non-heatwave days contribute zero,"1,2,3,4,5,6,7,8,9,10,11,12"
sensitivity_dtw4lag12,DTW4lag12 phenotype-stratified,annual_all_days_primary,ssp585,2033,2031-2040,exceeded_quantity_day_all,exceeded_quantity,day,all,835.1486486486486,-0.3789358560279199,0.3962711607045249,2.257648147998637,0.0041109607053786,0.4110960705378665,0.0016422523982278,1.478532810187619,0.4004923927887233,0.0,1.478532810187619,0.0,0.0016177591367319,1.366445814360138,0.3962711607045249,0.0016177591367319,1.366445814360138,DTW4lag12,DTW4lag12_mixed,All_cities,annual_all_days_primary,All calendar-year days; non-heatwave days contribute zero,"1,2,3,4,5,6,7,8,9,10,11,12"
sensitivity_dtw4lag12,DTW4lag12 phenotype-stratified,annual_all_days_primary,ssp585,2033,2031-2040,exceeded_quantity_night_all,exceeded_quantity,night,all,490.1904761904762,-3.370675716812857,3.4808340887020983,30.757897615669943,0.6074371790199269,60.74371790199269,58.44954450612392,63.68369858994527,60.74371392527454,52.65172644293111,63.68369858994527,0.0,3.184831631034112,3.6155867201393614,3.4808340887020983,3.184831631034112,3.6155867201393614,DTW4lag12,DTW4lag12_mixed,All_cities,annual_all_days_primary,All calendar-year days; non-heatwave days contribute zero,"1,2,3,4,5,6,7,8,9,10,11,12"
sensitivity_dtw4lag12,DTW4lag12 phenotype-stratified,annual_all_days_primary,ssp585,2034,2031-2040,cehwi_composite_all,cehwi,composite,all,562.952380952381,-0.2832571664280561,0.2832571664280561,2.275075484843581,0.0029091364668701,0.2909136466870146,0.042022606055256,1.0248325508592833,0.2909136466870146,0.042022606055256,1.0248325508592833,0.0,0.0414909714457918,0.9241679986903456,0.2832571664280561,0.0414909714457918,0.9241679986903456,DTW4lag12,DTW4lag12_mixed,All_cities,annual_all_days_primary,All calendar-year days; non-heatwave days contribute zero,"1,2,3,4,5,6,7,8,9,10,11,12"
sensitivity_dtw4lag12,DTW4lag12 phenotype-stratified,annual_all_days_primary,ssp585,2034,2031-2040,cehwi_day_all,cehwi,day,all,933.054054054054,-0.3429162605540807,0.3592073989275226,1.6127977757124172,0.003719500292634,0.3719500292634083,8.814265513466765e-05,1.4642482927722569,0.3676041420899145,0.0,1.4642482927722569,0.0,8.743004246345698e-05,1.3483743015715723,0.3592073989275226,8.743004246345698e-05,1.3483743015715723,DTW4lag12,DTW4lag12_mixed,All_cities,annual_all_days_primary,All calendar-year days; non-heatwave days contribute zero,"1,2,3,4,5,6,7,8,9,10,11,12"
sensitivity_dtw4lag12,DTW4lag12 phenotype-stratified,annual_all_days_primary,ssp585,2034,2031-2040,cehwi_night_all,cehwi,night,all,414.0952380952381,-1.0201664644812676,1.036323275478946,11.807896589872875,0.0170064925325695,1.7006492532569586,0.276746501544898,45.8597111456568,1.7006492532569586,0.0,45.8597111456568,0.0,0.0862083518734455,2.7680884272223247,1.036323275478946,0.0862083518734455,2.7680884272223247,DTW4lag12,DTW4lag12_mixed,All_cities,annual_all_days_primary,All calendar-year days; non-heatwave days contribute zero,"1,2,3,4,5,6,7,8,9,10,11,12"
sensitivity_dtw4lag12,DTW4lag12 phenotype-stratified,annual_all_days_primary,ssp585,2034,2031-2040,exceeded_quantity_composite_all,exceeded_quantity,composite,all,562.952380952381,0.5577323449812689,0.258332839367087,1.9994206724001415,0.0026677525685328,0.2667752568532806,0.0808628607717557,1.2784640848929854,0.2653135613275401,0.0808628607717557,1.2784640848929854,0.0,0.0796838683158991,1.1729713586953432,0.258332839367087,0.0796838683158991,1.1729713586953432,DTW4lag12,DTW4lag12_mixed,All_cities,annual_all_days_primary,All calendar-year days; non-heatwave days contribute zero,"1,2,3,4,5,6,7,8,9,10,11,12"
sensitivity_dtw4lag12,DTW4lag12 phenotype-stratified,annual_all_days_primary,ssp585,2034,2031-2040,exceeded_quantity_day_all,exceeded_quantity,day,all,933.054054054054,-0.4200252315482783,0.4397330566662557,2.1949250842869974,0.0045572999859023,0.4557299985902323,0.0015950495254501,1.6694406053595314,0.4409835665439385,0.0,1.6694406053595314,0.0,0.001565790903111,1.5456678782563489,0.4397330566662557,0.001565790903111,1.5456678782563489,DTW4lag12,DTW4lag12_mixed,All_cities,annual_all_days_primary,All calendar-year days; non-heatwave days contribute zero,"1,2,3,4,5,6,7,8,9,10,11,12"
sensitivity_dtw4lag12,DTW4lag12 phenotype-stratified,annual_all_days_primary,ssp585,2034,2031-2040,exceeded_quantity_night_all,exceeded_quantity,night,all,414.0952380952381,-2.973196979731171,3.0575845567058453,29.27550818115431,0.5310380596216393,53.10380596216393,50.90268958245783,55.87942441120494,53.10380596216393,45.53450240293418,55.87942441120494,0.0,2.7778472126935814,3.1569031476804583,3.0575845567058453,2.7778472126935814,3.1569031476804583,DTW4lag12,DTW4lag12_mixed,All_cities,annual_all_days_primary,All calendar-year days; non-heatwave days contribute zero,"1,2,3,4,5,6,7,8,9,10,11,12"
sensitivity_dtw4lag12,DTW4lag12 phenotype-stratified,annual_all_days_primary,ssp585,2035,2031-2040,cehwi_composite_all,cehwi,composite,all,582.1269841269841,-0.2996957623103867,0.3020833178790468,2.5557103211530725,0.0031033230986985,0.3103323098698551,0.0358409599682357,1.1693308400290623,0.308049333574202,0.0358409599682357,1.1693308400290623,0.0,0.0353908651578457,1.0536935112366443,0.3020833178790468,0.0353908651578457,1.0536935112366443,DTW4lag12,DTW4lag12_mixed,All_cities,annual_all_days_primary,All calendar-year days; non-heatwave days contribute zero,"1,2,3,4,5,6,7,8,9,10,11,12"
sensitivity_dtw4lag12,DTW4lag12 phenotype-stratified,annual_all_days_primary,ssp585,2035,2031-2040,cehwi_day_all,cehwi,day,all,947.7162162162164,-0.4040019812363903,0.4223492968445465,1.96818417677603,0.0044293931934815,0.4429393193481507,0.0003448024746335,1.6916528503729786,0.4379183375398375,0.0,1.6916528503729786,0.0,0.0003423501055522,1.5274915189483176,0.4223492968445465,0.0003423501055522,1.5274915189483176,DTW4lag12,DTW4lag12_mixed,All_cities,annual_all_days_primary,All calendar-year days; non-heatwave days contribute zero,"1,2,3,4,5,6,7,8,9,10,11,12"
sensitivity_dtw4lag12,DTW4lag12 phenotype-stratified,annual_all_days_primary,ssp585,2035,2031-2040,cehwi_night_all,cehwi,night,all,466.031746031746,-1.0935688687331335,1.1155264005009502,11.470685421508902,0.0179745850595055,1.797458505950555,0.1961429604894739,47.63168136161315,1.797458505950555,0.0,47.63168136161315,0.0,0.0659899189942144,2.8402798238540004,1.1155264005009502,0.0659899189942144,2.8402798238540004,DTW4lag12,DTW4lag12_mixed,All_cities,annual_all_days_primary,All calendar-year days; non-heatwave days contribute zero,"1,2,3,4,5,6,7,8,9,10,11,12"
sensitivity_dtw4lag12,DTW4lag12 phenotype-stratified,annual_all_days_primary,ssp585,2035,2031-2040,exceeded_quantity_composite_all,exceeded_quantity,composite,all,582.1269841269841,0.4826892607879707,0.2766783856966934,2.242283988412565,0.0028620591142237,0.2862059114223728,0.0763286126430658,1.3957869769237978,0.2815338513196586,0.0763286126430658,1.3957869769237978,0.0,0.0751430693435317,1.2746992253619245,0.2766783856966934,0.0751430693435317,1.2746992253619245,DTW4lag12,DTW4lag12_mixed,All_cities,annual_all_days_primary,All calendar-year days; non-heatwave days contribute zero,"1,2,3,4,5,6,7,8,9,10,11,12"
sensitivity_dtw4lag12,DTW4lag12 phenotype-stratified,annual_all_days_primary,ssp585,2035,2031-2040,exceeded_quantity_day_all,exceeded_quantity,day,all,947.7162162162164,-0.5207076096526301,0.5388839493637821,2.6937324105470672,0.0056297433132874,0.5629743313287425,0.0052479794152382,1.92108582994538,0.5453822802361877,0.0,1.92108582994538,0.0,0.0051633993106374,1.749663954968438,0.5388839493637821,0.0051633993106374,1.749663954968438,DTW4lag12,DTW4lag12_mixed,All_cities,annual_all_days_primary,All calendar-year days; non-heatwave days contribute zero,"1,2,3,4,5,6,7,8,9,10,11,12"
sensitivity_dtw4lag12,DTW4lag12 phenotype-stratified,annual_all_days_primary,ssp585,2035,2031-2040,exceeded_quantity_night_all,exceeded_quantity,night,all,466.031746031746,-2.9976998292414865,3.087604952557403,29.127268776437436,0.528914147444563,52.89141474445631,50.24381984535714,56.36019396675053,52.89140114687749,43.45848852131922,56.36019396675053,0.0,2.741877130740982,3.203659320927167,3.087604952557403,2.741877130740982,3.203659320927167,DTW4lag12,DTW4lag12_mixed,All_cities,annual_all_days_primary,All calendar-year days; non-heatwave days contribute zero,"1,2,3,4,5,6,7,8,9,10,11,12"
sensitivity_dtw4lag12,DTW4lag12 phenotype-stratified,annual_all_days_primary,ssp585,2036,2031-2040,cehwi_composite_all,cehwi,composite,all,528.3968253968254,-0.2040569237598384,0.2040569237598384,1.8523219488586304,0.0020839537036788,0.2083953703678833,0.01556962278335,0.8243635556888044,0.2083953703678833,0.01556962278335,0.8243635556888044,0.0,0.0154804753719622,0.7545150854526351,0.2040569237598384,0.0154804753719622,0.7545150854526351,DTW4lag12,DTW4lag12_mixed,All_cities,annual_all_days_primary,All calendar-year days; non-heatwave days contribute zero,"1,2,3,4,5,6,7,8,9,10,11,12"
sensitivity_dtw4lag12,DTW4lag12 phenotype-stratified,annual_all_days_primary,ssp585,2036,2031-2040,cehwi_day_all,cehwi,day,all,824.6486486486486,-0.2452380716172198,0.2606220292003916,1.4170836562415292,0.0026935811473596,0.2693581147359685,5.506493259371138e-06,1.0988894248243866,0.2663306694027175,0.0,1.0988894248243866,0.0,5.497622142786649e-06,1.0192303985557989,0.2606220292003916,5.497622142786649e-06,1.0192303985557989,DTW4lag12,DTW4lag12_mixed,All_cities,annual_all_days_primary,All calendar-year days; non-heatwave days contribute zero,"1,2,3,4,5,6,7,8,9,10,11,12"
sensitivity_dtw4lag12,DTW4lag12 phenotype-stratified,annual_all_days_primary,ssp585,2036,2031-2040,cehwi_night_all,cehwi,night,all,540.2380952380952,-1.5628390632081082,1.5898852023536532,12.469078355379589,0.0288010081714184,2.880100817141843,0.7084970984977794,59.35540882854644,2.880100817141843,0.0,59.35540520682529,0.0,0.2154245438329414,3.636305574433766,1.5898852023536532,0.2154245438329414,3.636305574433766,DTW4lag12,DTW4lag12_mixed,All_cities,annual_all_days_primary,All calendar-year days; non-heatwave days contribute zero,"1,2,3,4,5,6,7,8,9,10,11,12"
sensitivity_dtw4lag12,DTW4lag12 phenotype-stratified,annual_all_days_primary,ssp585,2036,2031-2040,exceeded_quantity_composite_all,exceeded_quantity,composite,all,528.3968253968254,0.4138241655084331,0.1971323928124962,1.786465771193057,0.002024583420374,0.2024583420374077,0.050677195048257,1.0379870482743088,0.2013795461205941,0.050677195048257,1.0379870482743088,0.0,0.0500606223712561,0.9599402398613393,0.1971323928124962,0.0500606223712561,0.9599402398613393,DTW4lag12,DTW4lag12_mixed,All_cities,annual_all_days_primary,All calendar-year days; non-heatwave days contribute zero,"1,2,3,4,5,6,7,8,9,10,11,12"
sensitivity_dtw4lag12,DTW4lag12 phenotype-stratified,annual_all_days_primary,ssp585,2036,2031-2040,exceeded_quantity_day_all,exceeded_quantity,day,all,824.6486486486486,-0.3389454821152629,0.3555798795442504,2.027615557963637,0.003676803091457,0.3676803091457019,0.0008026751754603,1.3612136309449756,0.3594292442074701,0.0,1.3612136309449756,0.0,0.0007908667518328,1.2648500659716624,0.3555798795442504,0.0007908667518328,1.2648500659716624,DTW4lag12,DTW4lag12_mixed,All_cities,annual_all_days_primary,All calendar-year days; non-heatwave days contribute zero,"1,2,3,4,5,6,7,8,9,10,11,12"
sensitivity_dtw4lag12,DTW4lag12 phenotype-stratified,annual_all_days_primary,ssp585,2036,2031-2040,exceeded_quantity_night_all,exceeded_quantity,night,all,540.2380952380952,-3.2568475302023447,3.378945325321397,30.789404823416703,0.590745821310247,59.0745821310247,56.80443163693921,61.884076889999335,59.07445797848557,51.31780566578511,61.884076889999335,0.0,3.096145994315868,3.523763893831143,3.378945325321397,3.096145994315868,3.523763893831143,DTW4lag12,DTW4lag12_mixed,All_cities,annual_all_days_primary,All calendar-year days; non-heatwave days contribute zero,"1,2,3,4,5,6,7,8,9,10,11,12"
sensitivity_dtw4lag12,DTW4lag12 phenotype-stratified,annual_all_days_primary,ssp585,2037,2031-2040,cehwi_composite_all,cehwi,composite,all,625.6825396825396,0.0921729596452347,0.2972536912617723,2.3785880455345234,0.003054568756382,0.3054568756382049,0.0427639221068865,1.4088523931564243,0.28380129183482,0.0427592500915765,1.4088523931564243,0.0,0.0421219935909446,1.1577791679835072,0.2972536912617723,0.0421219935909446,1.1577791679835072,DTW4lag12,DTW4lag12_mixed,All_cities,annual_all_days_primary,All calendar-year days; non-heatwave days contribute zero,"1,2,3,4,5,6,7,8,9,10,11,12"
sensitivity_dtw4lag12,DTW4lag12 phenotype-stratified,annual_all_days_primary,ssp585,2037,2031-2040,cehwi_day_all,cehwi,day,all,865.8108108108108,-0.2897542262639407,0.3083304068667912,1.6107666162850656,0.0032016328930771,0.3201632893077147,0.0015480729977728,1.3039440701312874,0.3154970004336858,7.341545903874957e-05,1.3039440701312874,0.0,0.0015322701890268,1.1997200772521563,0.3083304068667912,0.0015322701890268,1.1997200772521563,DTW4lag12,DTW4lag12_mixed,All_cities,annual_all_days_primary,All calendar-year days; non-heatwave days contribute zero,"1,2,3,4,5,6,7,8,9,10,11,12"
sensitivity_dtw4lag12,DTW4lag12 phenotype-stratified,annual_all_days_primary,ssp585,2037,2031-2040,cehwi_night_all,cehwi,night,all,578.3015873015873,-1.5457934035740186,1.5770701666998932,12.525066694040532,0.0274622738182033,2.746227381820332,0.5879052017832923,62.02850390455528,2.746227381820332,0.0,62.02845319029978,0.0,0.1850276510805489,3.752172163366261,1.5770701666998932,0.1850276510805489,3.752172163366261,DTW4lag12,DTW4lag12_mixed,All_cities,annual_all_days_primary,All calendar-year days; non-heatwave days contribute zero,"1,2,3,4,5,6,7,8,9,10,11,12"
sensitivity_dtw4lag12,DTW4lag12 phenotype-stratified,annual_all_days_primary,ssp585,2037,2031-2040,exceeded_quantity_composite_all,exceeded_quantity,composite,all,625.6825396825396,0.6057095948896223,0.2943488384946838,2.2374993654863213,0.0030427673514152,0.3042767351415212,0.0800191280048861,1.5098086103161548,0.3000640343427989,0.0800191280048861,1.5098086103161548,0.0,0.07882592839707,1.3692855909837356,0.2943488384946838,0.07882592839707,1.3692855909837356,DTW4lag12,DTW4lag12_mixed,All_cities,annual_all_days_primary,All calendar-year days; non-heatwave days contribute zero,"1,2,3,4,5,6,7,8,9,10,11,12"
sensitivity_dtw4lag12,DTW4lag12 phenotype-stratified,annual_all_days_primary,ssp585,2037,2031-2040,exceeded_quantity_day_all,exceeded_quantity,day,all,865.8108108108108,-0.3858537610970635,0.4049486612397459,2.290574051197276,0.0041937620278595,0.419376202785951,0.0037191197942098,1.509467493657989,0.4077769734180417,0.0,1.509467493657989,0.0,0.0036494386398288,1.399687087875085,0.4049486612397459,0.0036494386398288,1.399687087875085,DTW4lag12,DTW4lag12_mixed,All_cities,annual_all_days_primary,All calendar-year days; non-heatwave days contribute zero,"1,2,3,4,5,6,7,8,9,10,11,12"
sensitivity_dtw4lag12,DTW4lag12 phenotype-stratified,annual_all_days_primary,ssp585,2037,2031-2040,exceeded_quantity_night_all,exceeded_quantity,night,all,578.3015873015873,-3.449857790437298,3.571220710877568,29.707357803097807,0.616178388649734,61.61783886497339,58.688858930894426,65.43108299691247,61.61783823466133,51.54264676766524,65.43108299691247,0.0,3.198971847232084,3.7127187702011217,3.571220710877568,3.198971847232084,3.7127187702011217,DTW4lag12,DTW4lag12_mixed,All_cities,annual_all_days_primary,All calendar-year days; non-heatwave days contribute zero,"1,2,3,4,5,6,7,8,9,10,11,12"
sensitivity_dtw4lag12,DTW4lag12 phenotype-stratified,annual_all_days_primary,ssp585,2038,2031-2040,cehwi_composite_all,cehwi,composite,all,634.047619047619,-0.3237930684765221,0.323839523228096,2.4613597776247964,0.0033305208575644,0.3330520857564437,0.0499032754735967,1.149025244404818,0.3330066544372831,0.0499032754735967,1.149025244404818,0.0,0.0491920610549661,1.0371475462222126,0.323839523228096,0.0491920610549661,1.0371475462222126,DTW4lag12,DTW4lag12_mixed,All_cities,annual_all_days_primary,All calendar-year days; non-heatwave days contribute zero,"1,2,3,4,5,6,7,8,9,10,11,12"
sensitivity_dtw4lag12,DTW4lag12 phenotype-stratified,annual_all_days_primary,ssp585,2038,2031-2040,cehwi_day_all,cehwi,day,all,922.7702702702704,-0.2930334905771639,0.3111170866794113,1.5364024407128547,0.0032493511786558,0.3249351178655887,3.220956239020189e-06,1.3513009426898384,0.3198290485836461,0.0,1.3513009426898384,0.0,3.2145113843254607e-06,1.2335013960614298,0.3111170866794113,3.2145113843254607e-06,1.2335013960614298,DTW4lag12,DTW4lag12_mixed,All_cities,annual_all_days_primary,All calendar-year days; non-heatwave days contribute zero,"1,2,3,4,5,6,7,8,9,10,11,12"
sensitivity_dtw4lag12,DTW4lag12 phenotype-stratified,annual_all_days_primary,ssp585,2038,2031-2040,cehwi_night_all,cehwi,night,all,568.7460317460317,-1.8188178748217656,1.8504445018393472,14.506069582255083,0.0377128820761564,3.771288207615648,1.4652792053386587,59.96621796233512,3.771288207615648,0.0,59.96621182282116,0.0,0.4286892592472082,3.846242207062311,1.8504445018393472,0.4286892592472082,3.846242207062311,DTW4lag12,DTW4lag12_mixed,All_cities,annual_all_days_primary,All calendar-year days; non-heatwave days contribute zero,"1,2,3,4,5,6,7,8,9,10,11,12"
sensitivity_dtw4lag12,DTW4lag12 phenotype-stratified,annual_all_days_primary,ssp585,2038,2031-2040,exceeded_quantity_composite_all,exceeded_quantity,composite,all,634.047619047619,0.5940704866868943,0.3090091839143953,2.2021966556111,0.00320030123129,0.3200301231290091,0.0982675285159542,1.4558078501156888,0.3155382438686709,0.0982675285159542,1.4558078501156888,0.0,0.0966036772579993,1.3289185280705165,0.3090091839143953,0.0966036772579993,1.3289185280705165,DTW4lag12,DTW4lag12_mixed,All_cities,annual_all_days_primary,All calendar-year days; non-heatwave days contribute zero,"1,2,3,4,5,6,7,8,9,10,11,12"
sensitivity_dtw4lag12,DTW4lag12 phenotype-stratified,annual_all_days_primary,ssp585,2038,2031-2040,exceeded_quantity_day_all,exceeded_quantity,day,all,922.7702702702704,-0.3913998015567315,0.412605733771974,2.1883352760527828,0.0042731854876835,0.4273185487683589,0.0020784857760698,1.5701895381524256,0.4134101541403686,0.0,1.5701895381524256,0.0,0.0020343264939316,1.4556409358392637,0.412605733771974,0.0020343264939316,1.4556409358392637,DTW4lag12,DTW4lag12_mixed,All_cities,annual_all_days_primary,All calendar-year days; non-heatwave days contribute zero,"1,2,3,4,5,6,7,8,9,10,11,12"
sensitivity_dtw4lag12,DTW4lag12 phenotype-stratified,annual_all_days_primary,ssp585,2038,2031-2040,exceeded_quantity_night_all,exceeded_quantity,night,all,568.7460317460317,-3.588231957238419,3.72725210053822,29.793586370192784,0.6488310454360545,64.88310454360546,62.1875655030941,68.32790039778818,64.88310454360546,55.698154514291126,68.32790039778818,0.0,3.3881892478613547,3.884316686668315,3.72725210053822,3.3881892478613547,3.884316686668315,DTW4lag12,DTW4lag12_mixed,All_cities,annual_all_days_primary,All calendar-year days; non-heatwave days contribute zero,"1,2,3,4,5,6,7,8,9,10,11,12"
sensitivity_dtw4lag12,DTW4lag12 phenotype-stratified,annual_all_days_primary,ssp585,2039,2031-2040,cehwi_composite_all,cehwi,composite,all,610.5396825396825,-0.2433224529479771,0.3037499582223779,2.4009030283749144,0.003110617225679,0.3110617225679015,0.0308110782642998,1.2704575727694865,0.2870935139481889,0.0308110782642998,1.2704575727694865,0.0,0.0305677435474356,1.1347524242671787,0.3037499582223779,0.0305677435474356,1.1347524242671787,DTW4lag12,DTW4lag12_mixed,All_cities,annual_all_days_primary,All calendar-year days; non-heatwave days contribute zero,"1,2,3,4,5,6,7,8,9,10,11,12"
sensitivity_dtw4lag12,DTW4lag12 phenotype-stratified,annual_all_days_primary,ssp585,2039,2031-2040,cehwi_day_all,cehwi,day,all,742.081081081081,-0.1777316331890453,0.1934565032343444,1.1818589305887774,0.0019809802728854,0.1980980272885437,7.048011782282177e-05,0.9222258716563498,0.1942379819530173,0.0,0.9222258716563498,0.0,6.994083635179241e-05,0.8687350443353489,0.1934565032343444,6.994083635179241e-05,0.8687350443353489,DTW4lag12,DTW4lag12_mixed,All_cities,annual_all_days_primary,All calendar-year days; non-heatwave days contribute zero,"1,2,3,4,5,6,7,8,9,10,11,12"
sensitivity_dtw4lag12,DTW4lag12 phenotype-stratified,annual_all_days_primary,ssp585,2039,2031-2040,cehwi_night_all,cehwi,night,all,559.1587301587301,-1.791626964232648,1.8274848389903884,14.15849667625377,0.0405768221952849,4.057682219528494,1.9701379601937512,55.04375064887758,4.057682219528494,0.0,55.04315731862137,0.0,0.5315060235892101,3.661773130886527,1.8274848389903884,0.5315060235892101,3.661773130886527,DTW4lag12,DTW4lag12_mixed,All_cities,annual_all_days_primary,All calendar-year days; non-heatwave days contribute zero,"1,2,3,4,5,6,7,8,9,10,11,12"
sensitivity_dtw4lag12,DTW4lag12 phenotype-stratified,annual_all_days_primary,ssp585,2039,2031-2040,exceeded_quantity_composite_all,exceeded_quantity,composite,all,610.5396825396825,0.5304658533466359,0.2841312794454945,2.076754434863073,0.0029311730709488,0.2931173070948881,0.0799180997969897,1.4596467548642589,0.2927883630237178,0.0799180997969897,1.4596467548642589,0.0,0.0788198908091292,1.3387273306388767,0.2841312794454945,0.0788198908091292,1.3387273306388767,DTW4lag12,DTW4lag12_mixed,All_cities,annual_all_days_primary,All calendar-year days; non-heatwave days contribute zero,"1,2,3,4,5,6,7,8,9,10,11,12"
sensitivity_dtw4lag12,DTW4lag12 phenotype-stratified,annual_all_days_primary,ssp585,2039,2031-2040,exceeded_quantity_day_all,exceeded_quantity,day,all,742.081081081081,-0.2859141726494141,0.3050024041701457,2.0404948630881448,0.0031469385227452,0.3146938522745278,0.0031562817012797,1.2214142828795524,0.2987779723347295,0.0,1.2214142828795524,0.0,0.0031003541363448,1.1406683383748282,0.3050024041701457,0.0031003541363448,1.1406683383748282,DTW4lag12,DTW4lag12_mixed,All_cities,annual_all_days_primary,All calendar-year days; non-heatwave days contribute zero,"1,2,3,4,5,6,7,8,9,10,11,12"
sensitivity_dtw4lag12,DTW4lag12 phenotype-stratified,annual_all_days_primary,ssp585,2039,2031-2040,exceeded_quantity_night_all,exceeded_quantity,night,all,559.1587301587301,-3.386655549106513,3.520040314978829,29.76199272207327,0.6158765338258427,61.58765338258428,59.55310899448582,64.55280190818918,61.58753540949447,54.178378766628,64.55280190818918,0.0,3.2425408831478983,3.672949315313487,3.520040314978829,3.2425408831478983,3.672949315313487,DTW4lag12,DTW4lag12_mixed,All_cities,annual_all_days_primary,All calendar-year days; non-heatwave days contribute zero,"1,2,3,4,5,6,7,8,9,10,11,12"
sensitivity_dtw4lag12,DTW4lag12 phenotype-stratified,annual_all_days_primary,ssp585,2040,2031-2040,cehwi_composite_all,cehwi,composite,all,701.6984126984127,-0.3684495629428154,0.368459934714495,2.673393868356293,0.0037812019194272,0.3781201919427254,0.0388547072954218,1.4407309133346555,0.3781099538884634,0.0388547072954218,1.4407309133346555,0.0,0.0384760347897262,1.2952926770564386,0.368459934714495,0.0384760347897262,1.2952926770564386,DTW4lag12,DTW4lag12_mixed,All_cities,annual_all_days_primary,All calendar-year days; non-heatwave days contribute zero,"1,2,3,4,5,6,7,8,9,10,11,12"
sensitivity_dtw4lag12,DTW4lag12 phenotype-stratified,annual_all_days_primary,ssp585,2040,2031-2040,cehwi_day_all,cehwi,day,all,851.8513513513514,-0.2561378157788632,0.2743780814452135,1.453851313941214,0.0028364427953662,0.2836442795366279,0.0077313805347133,1.1781801669502237,0.2791550838977985,0.0040022973390485,1.1781801669502237,0.0,0.0076009080495353,1.094445762488686,0.2743780814452135,0.0076009080495353,1.094445762488686,DTW4lag12,DTW4lag12_mixed,All_cities,annual_all_days_primary,All calendar-year days; non-heatwave days contribute zero,"1,2,3,4,5,6,7,8,9,10,11,12"
sensitivity_dtw4lag12,DTW4lag12 phenotype-stratified,annual_all_days_primary,ssp585,2040,2031-2040,cehwi_night_all,cehwi,night,all,559.4285714285714,-1.6738242720424052,1.7114074697475896,13.405651956062654,0.0362462890173736,3.6246289017373647,1.617945412823863,54.79524652880087,3.6246289017373647,0.0,54.79480846801784,0.0,0.4457480441329156,3.5819749440914794,1.7114074697475896,0.4457480441329156,3.5819749440914794,DTW4lag12,DTW4lag12_mixed,All_cities,annual_all_days_primary,All calendar-year days; non-heatwave days contribute zero,"1,2,3,4,5,6,7,8,9,10,11,12"
sensitivity_dtw4lag12,DTW4lag12 phenotype-stratified,annual_all_days_primary,ssp585,2040,2031-2040,exceeded_quantity_composite_all,exceeded_quantity,composite,all,701.6984126984127,0.6833508409139926,0.3096244076814278,2.1669702298112568,0.0031979696405863,0.319796964058631,0.0895237400090331,1.6463571071677257,0.3149973491599241,0.0895237400090331,1.6463571071677257,0.0,0.0881638597351312,1.506363756516092,0.3096244076814278,0.0881638597351312,1.506363756516092,DTW4lag12,DTW4lag12_mixed,All_cities,annual_all_days_primary,All calendar-year days; non-heatwave days contribute zero,"1,2,3,4,5,6,7,8,9,10,11,12"
sensitivity_dtw4lag12,DTW4lag12 phenotype-stratified,annual_all_days_primary,ssp585,2040,2031-2040,exceeded_quantity_day_all,exceeded_quantity,day,all,851.8513513513514,-0.3486432288537305,0.3695626801005213,2.089600644311532,0.0038063584600581,0.3806358460058158,0.0065382329458008,1.4177795870035097,0.3613021298940262,0.0,1.4177795870035097,0.0,0.0064335256699454,1.328499747609029,0.3695626801005213,0.0064335256699454,1.328499747609029,DTW4lag12,DTW4lag12_mixed,All_cities,annual_all_days_primary,All calendar-year days; non-heatwave days contribute zero,"1,2,3,4,5,6,7,8,9,10,11,12"
sensitivity_dtw4lag12,DTW4lag12 phenotype-stratified,annual_all_days_primary,ssp585,2040,2031-2040,exceeded_quantity_night_all,exceeded_quantity,night,all,559.4285714285714,-3.507686697169909,3.635983205396073,28.31009954073417,0.636810350526702,63.68103505267021,61.28689898671656,66.56835657420629,63.68095703270488,55.60828995085669,66.56835657420629,0.0,3.34316630496314,3.786451146021153,3.635983205396073,3.34316630496314,3.786451146021153,DTW4lag12,DTW4lag12_mixed,All_cities,annual_all_days_primary,All calendar-year days; non-heatwave days contribute zero,"1,2,3,4,5,6,7,8,9,10,11,12"
sensitivity_dtw4lag12,DTW4lag12 phenotype-stratified,annual_all_days_primary,ssp585,2041,2041-2050,cehwi_composite_all,cehwi,composite,all,697.4444444444445,-0.3374593440965285,0.3386909786759257,2.3674352326915065,0.0034735750357981,0.3473575035798141,0.0310339383333812,1.3860610437834584,0.3461901307995798,0.0310329936724563,1.3860610437834584,0.0,0.0307111906895164,1.246804054529192,0.3386909786759257,0.0307111906895164,1.246804054529192,DTW4lag12,DTW4lag12_mixed,All_cities,annual_all_days_primary,All calendar-year days; non-heatwave days contribute zero,"1,2,3,4,5,6,7,8,9,10,11,12"
sensitivity_dtw4lag12,DTW4lag12 phenotype-stratified,annual_all_days_primary,ssp585,2041,2041-2050,cehwi_day_all,cehwi,day,all,957.4864864864865,-0.3583497668290374,0.3756282018618233,1.7345584788034851,0.0039025989548112,0.3902598954811243,0.0011627830186791,1.5452750583586785,0.3847778087634657,0.0,1.5452750583586785,0.0,0.0011518551746273,1.4124909661854077,0.3756282018618233,0.0011518551746273,1.4124909661854077,DTW4lag12,DTW4lag12_mixed,All_cities,annual_all_days_primary,All calendar-year days; non-heatwave days contribute zero,"1,2,3,4,5,6,7,8,9,10,11,12"
sensitivity_dtw4lag12,DTW4lag12 phenotype-stratified,annual_all_days_primary,ssp585,2041,2041-2050,cehwi_night_all,cehwi,night,all,492.07936507936506,-1.1806338455552026,1.2059325767089772,12.555189272286928,0.0213755140129051,2.137551401290511,0.5087568309302364,47.37651649342816,2.137551401290511,0.0,47.37651649342816,0.0,0.1566297033999888,2.8915459531580283,1.2059325767089772,0.1566297033999888,2.8915459531580283,DTW4lag12,DTW4lag12_mixed,All_cities,annual_all_days_primary,All calendar-year days; non-heatwave days contribute zero,"1,2,3,4,5,6,7,8,9,10,11,12"
sensitivity_dtw4lag12,DTW4lag12 phenotype-stratified,annual_all_days_primary,ssp585,2041,2041-2050,exceeded_quantity_composite_all,exceeded_quantity,composite,all,697.4444444444445,0.5930393702718518,0.2908637656864611,2.039311507855996,0.0029959902783191,0.2995990278319157,0.0743526169834343,1.5686670530531286,0.298971312591156,0.0743526169834343,1.5686670530531286,0.0,0.0733995010555204,1.4367330771645628,0.2908637656864611,0.0733995010555204,1.4367330771645628,DTW4lag12,DTW4lag12_mixed,All_cities,annual_all_days_primary,All calendar-year days; non-heatwave days contribute zero,"1,2,3,4,5,6,7,8,9,10,11,12"
sensitivity_dtw4lag12,DTW4lag12 phenotype-stratified,annual_all_days_primary,ssp585,2041,2041-2050,exceeded_quantity_day_all,exceeded_quantity,day,all,957.4864864864865,-0.465216156903766,0.4858832381602145,2.38172444417128,0.0050484256449062,0.504842564490627,0.0035930874464106,1.780491305541389,0.4898183620795114,0.0,1.780491305541389,0.0,0.0035300057137453,1.640707679057444,0.4858832381602145,0.0035300057137453,1.640707679057444,DTW4lag12,DTW4lag12_mixed,All_cities,annual_all_days_primary,All calendar-year days; non-heatwave days contribute zero,"1,2,3,4,5,6,7,8,9,10,11,12"
sensitivity_dtw4lag12,DTW4lag12 phenotype-stratified,annual_all_days_primary,ssp585,2041,2041-2050,exceeded_quantity_night_all,exceeded_quantity,night,all,492.07936507936506,-3.354120350030644,3.451265826048941,30.67604921615137,0.5935206608078712,59.352066080787125,56.35333427875693,63.094668996527005,59.35200510450836,48.99657608894566,63.094668996527005,0.0,3.07295241932093,3.570982498278836,3.451265826048941,3.07295241932093,3.570982498278836,DTW4lag12,DTW4lag12_mixed,All_cities,annual_all_days_primary,All calendar-year days; non-heatwave days contribute zero,"1,2,3,4,5,6,7,8,9,10,11,12"
sensitivity_dtw4lag12,DTW4lag12 phenotype-stratified,annual_all_days_primary,ssp585,2042,2041-2050,cehwi_composite_all,cehwi,composite,all,585.3174603174604,-0.2785613691312414,0.2860197349836691,2.204492050351164,0.0029356460271612,0.2935646027161206,0.0369471506957241,1.0882807052997738,0.2868753905413425,0.0368764656509326,1.0882807052997738,0.0,0.0364579959948988,0.985028182338606,0.2860197349836691,0.0364579959948988,0.985028182338606,DTW4lag12,DTW4lag12_mixed,All_cities,annual_all_days_primary,All calendar-year days; non-heatwave days contribute zero,"1,2,3,4,5,6,7,8,9,10,11,12"
sensitivity_dtw4lag12,DTW4lag12 phenotype-stratified,annual_all_days_primary,ssp585,2042,2041-2050,cehwi_day_all,cehwi,day,all,809.7432432432432,-0.2289878161877337,0.2419414735874844,1.354075231402858,0.0024839863380972,0.2483986338097219,6.584686989336961e-05,1.0320121077233164,0.2456774787890975,0.0,1.0320121077233164,0.0,6.560772755006858e-05,0.9667799829933622,0.2419414735874844,6.560772755006858e-05,0.9667799829933622,DTW4lag12,DTW4lag12_mixed,All_cities,annual_all_days_primary,All calendar-year days; non-heatwave days contribute zero,"1,2,3,4,5,6,7,8,9,10,11,12"
sensitivity_dtw4lag12,DTW4lag12 phenotype-stratified,annual_all_days_primary,ssp585,2042,2041-2050,cehwi_night_all,cehwi,night,all,521.9047619047619,-1.45252901249301,1.4753149136793764,13.599229994760544,0.0260283860192905,2.6028386019290584,0.5741198187271399,56.80547511137242,2.602838601929059,0.0,56.80547511137242,0.0,0.1742210824282686,3.467523179418564,1.4753149136793764,0.1742210824282686,3.467523179418564,DTW4lag12,DTW4lag12_mixed,All_cities,annual_all_days_primary,All calendar-year days; non-heatwave days contribute zero,"1,2,3,4,5,6,7,8,9,10,11,12"
sensitivity_dtw4lag12,DTW4lag12 phenotype-stratified,annual_all_days_primary,ssp585,2042,2041-2050,exceeded_quantity_composite_all,exceeded_quantity,composite,all,585.3174603174604,0.541273930987646,0.2510210287466815,1.8920084557744736,0.0025861203728928,0.2586120372892828,0.0724058626577235,1.281483289038329,0.2585158432625543,0.0724058626577235,1.281483289038329,0.0,0.0714471077723141,1.179011685657559,0.2510210287466815,0.0714471077723141,1.179011685657559,DTW4lag12,DTW4lag12_mixed,All_cities,annual_all_days_primary,All calendar-year days; non-heatwave days contribute zero,"1,2,3,4,5,6,7,8,9,10,11,12"
sensitivity_dtw4lag12,DTW4lag12 phenotype-stratified,annual_all_days_primary,ssp585,2042,2041-2050,exceeded_quantity_day_all,exceeded_quantity,day,all,809.7432432432432,-0.3180044423848523,0.3366094882141171,2.009200719993908,0.003484212923744,0.3484212923744039,0.0029324008219052,1.2864790688816925,0.3407202525723022,0.0,1.2864790688816925,0.0,0.0028736159212748,1.197088258010691,0.3366094882141171,0.0028736159212748,1.197088258010691,DTW4lag12,DTW4lag12_mixed,All_cities,annual_all_days_primary,All calendar-year days; non-heatwave days contribute zero,"1,2,3,4,5,6,7,8,9,10,11,12"
sensitivity_dtw4lag12,DTW4lag12 phenotype-stratified,annual_all_days_primary,ssp585,2042,2041-2050,exceeded_quantity_night_all,exceeded_quantity,night,all,521.9047619047619,-3.275395424539207,3.387776049298308,30.723591195911983,0.5838282801750633,58.38282801750633,55.882698130010624,61.92458359506468,58.382828017506334,49.22204464382205,61.92458359506468,0.0,3.048130537013352,3.528466319776317,3.387776049298308,3.048130537013352,3.528466319776317,DTW4lag12,DTW4lag12_mixed,All_cities,annual_all_days_primary,All calendar-year days; non-heatwave days contribute zero,"1,2,3,4,5,6,7,8,9,10,11,12"
sensitivity_dtw4lag12,DTW4lag12 phenotype-stratified,annual_all_days_primary,ssp585,2043,2041-2050,cehwi_composite_all,cehwi,composite,all,703.9206349206349,-0.338598499468382,0.3471475241046961,2.3784990396845567,0.0035585210171884,0.3558521017188455,0.0392210146601667,1.381323089953025,0.3479001823852964,0.0392210146601667,1.381323089953025,0.0,0.0388242708413633,1.2485220091268514,0.3471475241046961,0.0388242708413633,1.2485220091268514,DTW4lag12,DTW4lag12_mixed,All_cities,annual_all_days_primary,All calendar-year days; non-heatwave days contribute zero,"1,2,3,4,5,6,7,8,9,10,11,12"
sensitivity_dtw4lag12,DTW4lag12 phenotype-stratified,annual_all_days_primary,ssp585,2043,2041-2050,cehwi_day_all,cehwi,day,all,975.8243243243244,-0.328985435029721,0.3522277791731549,1.770795249098728,0.0036527093449504,0.365270934495041,0.0079379391792713,1.473521952051278,0.3602569200557375,0.0049085643423296,1.473521952051278,0.0,0.0078087704234582,1.3566243688893305,0.3522277791731549,0.0078087704234582,1.3566243688893305,DTW4lag12,DTW4lag12_mixed,All_cities,annual_all_days_primary,All calendar-year days; non-heatwave days contribute zero,"1,2,3,4,5,6,7,8,9,10,11,12"
sensitivity_dtw4lag12,DTW4lag12 phenotype-stratified,annual_all_days_primary,ssp585,2043,2041-2050,cehwi_night_all,cehwi,night,all,542.7777777777778,-1.785421173652298,1.81896120163403,13.32641313542611,0.0338607523076911,3.3860752307691167,0.9510013601124312,66.30361817794805,3.3860752307691167,0.0,66.30352575966438,0.0,0.2892676876300575,4.102381347961569,1.81896120163403,0.2892676876300575,4.102381347961569,DTW4lag12,DTW4lag12_mixed,All_cities,annual_all_days_primary,All calendar-year days; non-heatwave days contribute zero,"1,2,3,4,5,6,7,8,9,10,11,12"
sensitivity_dtw4lag12,DTW4lag12 phenotype-stratified,annual_all_days_primary,ssp585,2043,2041-2050,exceeded_quantity_composite_all,exceeded_quantity,composite,all,703.9206349206349,0.5131249659243392,0.3256945037423436,2.142632583640369,0.0033607054982871,0.3360705498287126,0.0894469580268083,1.6120044876759814,0.3346329248128881,0.0894469580268083,1.6120044876759814,0.0,0.0881929470504384,1.480124486427957,0.3256945037423436,0.0881929470504384,1.480124486427957,DTW4lag12,DTW4lag12_mixed,All_cities,annual_all_days_primary,All calendar-year days; non-heatwave days contribute zero,"1,2,3,4,5,6,7,8,9,10,11,12"
sensitivity_dtw4lag12,DTW4lag12 phenotype-stratified,annual_all_days_primary,ssp585,2043,2041-2050,exceeded_quantity_day_all,exceeded_quantity,day,all,975.8243243243244,-0.4396690965874905,0.4613678309305383,2.476245370221932,0.0047844759627813,0.4784475962781395,0.0058261993457797,1.7189327437948445,0.4610909950039843,0.0,1.7189327437948445,0.0,0.0057333066236105,1.5903642047591686,0.4613678309305383,0.0057333066236105,1.5903642047591686,DTW4lag12,DTW4lag12_mixed,All_cities,annual_all_days_primary,All calendar-year days; non-heatwave days contribute zero,"1,2,3,4,5,6,7,8,9,10,11,12"
sensitivity_dtw4lag12,DTW4lag12 phenotype-stratified,annual_all_days_primary,ssp585,2043,2041-2050,exceeded_quantity_night_all,exceeded_quantity,night,all,542.7777777777778,-2.863831652528113,3.0029156419457257,28.617491886841098,0.5141971093312433,51.419710933124335,48.76947559601972,54.91817978112204,51.41970642396132,41.99088332505893,54.91817978112204,0.0,2.657011913822896,3.1723887271995856,3.0029156419457257,2.657011913822896,3.1723887271995856,DTW4lag12,DTW4lag12_mixed,All_cities,annual_all_days_primary,All calendar-year days; non-heatwave days contribute zero,"1,2,3,4,5,6,7,8,9,10,11,12"
sensitivity_dtw4lag12,DTW4lag12 phenotype-stratified,annual_all_days_primary,ssp585,2044,2041-2050,cehwi_composite_all,cehwi,composite,all,653.4126984126984,-0.3544591021809175,0.3545157672509696,2.542887726708171,0.0036382905505806,0.363829055058068,0.0455624444304078,1.3114269948477555,0.3637731749280531,0.0455624444304078,1.3114269948477555,0.0,0.0450503232962774,1.19092361988755,0.3545157672509696,0.0450503232962774,1.19092361988755,DTW4lag12,DTW4lag12_mixed,All_cities,annual_all_days_primary,All calendar-year days; non-heatwave days contribute zero,"1,2,3,4,5,6,7,8,9,10,11,12"
sensitivity_dtw4lag12,DTW4lag12 phenotype-stratified,annual_all_days_primary,ssp585,2044,2041-2050,cehwi_day_all,cehwi,day,all,818.8648648648649,-0.2653140362846498,0.2825602366712771,1.4755101825864774,0.0029113414002637,0.2911341400263749,0.0004229875076551,1.227257157043439,0.2870387402675972,0.0,1.227257157043439,0.0,0.0004193106425085,1.1430208606205636,0.2825602366712771,0.0004193106425085,1.1430208606205636,DTW4lag12,DTW4lag12_mixed,All_cities,annual_all_days_primary,All calendar-year days; non-heatwave days contribute zero,"1,2,3,4,5,6,7,8,9,10,11,12"
sensitivity_dtw4lag12,DTW4lag12 phenotype-stratified,annual_all_days_primary,ssp585,2044,2041-2050,cehwi_night_all,cehwi,night,all,597.8412698412699,-1.8374085359887544,1.877947139367055,14.223652172929093,0.0391839953653985,3.918399536539851,1.5721175281112576,63.36457759112574,3.918399536539851,0.0,63.36408524357128,0.0,0.3990065126076402,4.018777379687918,1.877947139367055,0.3990065126076402,4.018777379687918,DTW4lag12,DTW4lag12_mixed,All_cities,annual_all_days_primary,All calendar-year days; non-heatwave days contribute zero,"1,2,3,4,5,6,7,8,9,10,11,12"
sensitivity_dtw4lag12,DTW4lag12 phenotype-stratified,annual_all_days_primary,ssp585,2044,2041-2050,exceeded_quantity_composite_all,exceeded_quantity,composite,all,653.4126984126984,0.5915071039535829,0.3112549553792914,2.0974122354754043,0.0032137854176737,0.3213785417673783,0.0916010066465828,1.537096717230218,0.3208358145574075,0.0916010066465828,1.537096717230218,0.0,0.0902232764913223,1.4110477046544894,0.3112549553792914,0.0902232764913223,1.4110477046544894,DTW4lag12,DTW4lag12_mixed,All_cities,annual_all_days_primary,All calendar-year days; non-heatwave days contribute zero,"1,2,3,4,5,6,7,8,9,10,11,12"
sensitivity_dtw4lag12,DTW4lag12 phenotype-stratified,annual_all_days_primary,ssp585,2044,2041-2050,exceeded_quantity_day_all,exceeded_quantity,day,all,818.8648648648649,-0.3708355783704674,0.3909884011312597,2.226438682735899,0.0040472379921411,0.4047237992141184,0.0039548334835729,1.5066975599161234,0.3882248565603151,0.0,1.5066975599161234,0.0,0.0038837614008248,1.4003936366460243,0.3909884011312597,0.0038837614008248,1.4003936366460243,DTW4lag12,DTW4lag12_mixed,All_cities,annual_all_days_primary,All calendar-year days; non-heatwave days contribute zero,"1,2,3,4,5,6,7,8,9,10,11,12"
sensitivity_dtw4lag12,DTW4lag12 phenotype-stratified,annual_all_days_primary,ssp585,2044,2041-2050,exceeded_quantity_night_all,exceeded_quantity,night,all,597.8412698412699,-3.734428923978436,3.880781181944168,28.31388537117366,0.6800710963994295,68.00710963994295,65.62176133973263,71.1332102216462,68.006566279134,59.61548060411582,71.1332102216462,0.0,3.5746817920555523,4.051278086094581,3.880781181944168,3.5746817920555523,4.051278086094581,DTW4lag12,DTW4lag12_mixed,All_cities,annual_all_days_primary,All calendar-year days; non-heatwave days contribute zero,"1,2,3,4,5,6,7,8,9,10,11,12"
sensitivity_dtw4lag12,DTW4lag12 phenotype-stratified,annual_all_days_primary,ssp585,2045,2041-2050,cehwi_composite_all,cehwi,composite,all,702.1111111111111,-0.3146918347466408,0.3151485263951401,2.1964700665640486,0.0032282645932116,0.3228264593211618,0.027505407868942,1.293331189108062,0.3224131213307781,0.027505407868942,1.293331189108062,0.0,0.0272409496056788,1.1686762190040667,0.3151485263951401,0.0272409496056788,1.1686762190040667,DTW4lag12,DTW4lag12_mixed,All_cities,annual_all_days_primary,All calendar-year days; non-heatwave days contribute zero,"1,2,3,4,5,6,7,8,9,10,11,12"
sensitivity_dtw4lag12,DTW4lag12 phenotype-stratified,annual_all_days_primary,ssp585,2045,2041-2050,cehwi_day_all,cehwi,day,all,892.918918918919,-0.3999691019478053,0.4184936918900956,1.847772677792896,0.0045090884731977,0.4509088473197705,0.0002614253732783,1.709947873220819,0.4443990009395668,0.0,1.709947873220819,0.0,0.0002603776432846,1.485032965687383,0.4184936918900956,0.0002603776432846,1.485032965687383,DTW4lag12,DTW4lag12_mixed,All_cities,annual_all_days_primary,All calendar-year days; non-heatwave days contribute zero,"1,2,3,4,5,6,7,8,9,10,11,12"
sensitivity_dtw4lag12,DTW4lag12 phenotype-stratified,annual_all_days_primary,ssp585,2045,2041-2050,cehwi_night_all,cehwi,night,all,600.3174603174604,-1.704571923508602,1.7406290506345687,12.349869299367652,0.0313757058189459,3.137570581894599,0.7897013615067637,65.486727960459,3.137570581894599,0.0,65.486724093341,0.0,0.2465915296257114,4.014477494551844,1.7406290506345687,0.2465915296257114,4.014477494551844,DTW4lag12,DTW4lag12_mixed,All_cities,annual_all_days_primary,All calendar-year days; non-heatwave days contribute zero,"1,2,3,4,5,6,7,8,9,10,11,12"
sensitivity_dtw4lag12,DTW4lag12 phenotype-stratified,annual_all_days_primary,ssp585,2045,2041-2050,exceeded_quantity_composite_all,exceeded_quantity,composite,all,702.1111111111111,0.5555239172884255,0.266273723965008,1.8494956945627707,0.0027348232297492,0.2734823229749251,0.0636207506277149,1.4897837596958194,0.2732755002701604,0.0636207506277149,1.4897837596958194,0.0,0.0628750537990566,1.373980895640223,0.266273723965008,0.0628750537990566,1.373980895640223,DTW4lag12,DTW4lag12_mixed,All_cities,annual_all_days_primary,All calendar-year days; non-heatwave days contribute zero,"1,2,3,4,5,6,7,8,9,10,11,12"
sensitivity_dtw4lag12,DTW4lag12 phenotype-stratified,annual_all_days_primary,ssp585,2045,2041-2050,exceeded_quantity_day_all,exceeded_quantity,day,all,892.918918918919,-0.4730379220046534,0.4925736305410093,2.401980233215919,0.0051433602629471,0.514336026294712,0.0022442621886814,1.7764662663198798,0.503382151023373,0.0,1.7764662663198798,0.0,0.0022034091481798,1.6203800590244977,0.4925736305410093,0.0022034091481798,1.6203800590244977,DTW4lag12,DTW4lag12_mixed,All_cities,annual_all_days_primary,All calendar-year days; non-heatwave days contribute zero,"1,2,3,4,5,6,7,8,9,10,11,12"
sensitivity_dtw4lag12,DTW4lag12 phenotype-stratified,annual_all_days_primary,ssp585,2045,2041-2050,exceeded_quantity_night_all,exceeded_quantity,night,all,600.3174603174604,-4.08142991265535,4.218039684290586,28.813595559537685,0.7368253622526092,73.68253622526092,70.69674565251947,77.23915903517795,73.6823599789694,63.795969970383695,77.23915903517795,0.0,3.853252636697307,4.37471797622775,4.218039684290586,3.853252636697307,4.37471797622775,DTW4lag12,DTW4lag12_mixed,All_cities,annual_all_days_primary,All calendar-year days; non-heatwave days contribute zero,"1,2,3,4,5,6,7,8,9,10,11,12"
sensitivity_dtw4lag12,DTW4lag12 phenotype-stratified,annual_all_days_primary,ssp585,2046,2041-2050,cehwi_composite_all,cehwi,composite,all,773.3015873015873,-0.2985638660902736,0.3990072532886204,2.4412225121613207,0.0040925354754425,0.4092535475442566,0.0363155914810181,1.7291336836127904,0.3764894594585058,0.0363135294516719,1.7291336836127904,0.0,0.0359167168775929,1.5341017761793387,0.3990072532886204,0.0359167168775929,1.5341017761793387,DTW4lag12,DTW4lag12_mixed,All_cities,annual_all_days_primary,All calendar-year days; non-heatwave days contribute zero,"1,2,3,4,5,6,7,8,9,10,11,12"
sensitivity_dtw4lag12,DTW4lag12 phenotype-stratified,annual_all_days_primary,ssp585,2046,2041-2050,cehwi_day_all,cehwi,day,all,790.1216216216217,-0.2598105664601741,0.2723276352189178,1.4437982177706952,0.0028152933631594,0.2815293363159489,0.0002486557189085,1.1249352784225566,0.2784471714068591,0.0,1.1249352784225566,0.0,0.0002466436447042,1.038669489824686,0.2723276352189178,0.0002466436447042,1.038669489824686,DTW4lag12,DTW4lag12_mixed,All_cities,annual_all_days_primary,All calendar-year days; non-heatwave days contribute zero,"1,2,3,4,5,6,7,8,9,10,11,12"
sensitivity_dtw4lag12,DTW4lag12 phenotype-stratified,annual_all_days_primary,ssp585,2046,2041-2050,cehwi_night_all,cehwi,night,all,682.8412698412699,-2.1344883049635754,2.175098660676462,14.10862940531246,0.0441325718829676,4.41325718829676,1.7689951193508944,74.0873990125089,4.413257188296761,0.0,74.08738707890464,0.0,0.4937222913671761,4.746943988373375,2.175098660676462,0.4937222913671761,4.746943988373375,DTW4lag12,DTW4lag12_mixed,All_cities,annual_all_days_primary,All calendar-year days; non-heatwave days contribute zero,"1,2,3,4,5,6,7,8,9,10,11,12"
sensitivity_dtw4lag12,DTW4lag12 phenotype-stratified,annual_all_days_primary,ssp585,2046,2041-2050,exceeded_quantity_composite_all,exceeded_quantity,composite,all,773.3015873015873,0.8430136032223265,0.3530378911832068,2.104949207666265,0.0036394853371597,0.3639485337159726,0.0879428246733838,1.976982936969754,0.3622638550921102,0.0879428246733838,1.976982936969754,0.0,0.0867303580646703,1.8024576480982344,0.3530378911832068,0.0867303580646703,1.8024576480982344,DTW4lag12,DTW4lag12_mixed,All_cities,annual_all_days_primary,All calendar-year days; non-heatwave days contribute zero,"1,2,3,4,5,6,7,8,9,10,11,12"
sensitivity_dtw4lag12,DTW4lag12 phenotype-stratified,annual_all_days_primary,ssp585,2046,2041-2050,exceeded_quantity_day_all,exceeded_quantity,day,all,790.1216216216217,-0.3508717039819299,0.3681149916628412,2.2044289706371862,0.0038096082763605,0.3809608276360592,0.0018633827383821,1.3985978483444936,0.3700733205606542,0.0,1.3985978483444936,0.0,0.0018325358056006,1.298064267856113,0.3681149916628412,0.0018325358056006,1.298064267856113,DTW4lag12,DTW4lag12_mixed,All_cities,annual_all_days_primary,All calendar-year days; non-heatwave days contribute zero,"1,2,3,4,5,6,7,8,9,10,11,12"
sensitivity_dtw4lag12,DTW4lag12 phenotype-stratified,annual_all_days_primary,ssp585,2046,2041-2050,exceeded_quantity_night_all,exceeded_quantity,night,all,682.8412698412699,-3.725808731293196,3.895960984506186,28.85987752119588,0.6847549244777877,68.47549244777878,66.12717553537695,71.39992201143328,68.47545183513003,60.50947294964546,71.39992201143328,0.0,3.6045973741540194,4.088187445487474,3.895960984506186,3.6045973741540194,4.088187445487474,DTW4lag12,DTW4lag12_mixed,All_cities,annual_all_days_primary,All calendar-year days; non-heatwave days contribute zero,"1,2,3,4,5,6,7,8,9,10,11,12"
sensitivity_dtw4lag12,DTW4lag12 phenotype-stratified,annual_all_days_primary,ssp585,2047,2041-2050,cehwi_composite_all,cehwi,composite,all,725.936507936508,-0.3750959638491437,0.3844141344444999,2.488845233670974,0.0039492470492683,0.3949247049268374,0.041868003719583,1.5616386830581128,0.3865025208287257,0.041844644721616,1.5616386830581128,0.0,0.0413562805907049,1.3982276163156282,0.3844141344444999,0.0413562805907049,1.3982276163156282,DTW4lag12,DTW4lag12_mixed,All_cities,annual_all_days_primary,All calendar-year days; non-heatwave days contribute zero,"1,2,3,4,5,6,7,8,9,10,11,12"
sensitivity_dtw4lag12,DTW4lag12 phenotype-stratified,annual_all_days_primary,ssp585,2047,2041-2050,cehwi_day_all,cehwi,day,all,872.2432432432432,-0.2906672971542952,0.3081559411933668,1.605590149004421,0.0031834428916296,0.3183442891629651,4.063902229636187e-05,1.288974939409304,0.3145835349971021,0.0,1.288974939409304,0.0,4.052754171388782e-05,1.1940580911526704,0.3081559411933668,4.052754171388782e-05,1.1940580911526704,DTW4lag12,DTW4lag12_mixed,All_cities,annual_all_days_primary,All calendar-year days; non-heatwave days contribute zero,"1,2,3,4,5,6,7,8,9,10,11,12"
sensitivity_dtw4lag12,DTW4lag12 phenotype-stratified,annual_all_days_primary,ssp585,2047,2041-2050,cehwi_night_all,cehwi,night,all,640.8253968253969,-2.261728985837405,2.307455014196901,14.93586671900074,0.0490122497088472,4.901224970884719,1.977447297932732,71.34012681230013,4.901224970884719,0.0,71.33901141827549,0.0,0.5495579725155814,4.618584896668867,2.307455014196901,0.5495579725155814,4.618584896668867,DTW4lag12,DTW4lag12_mixed,All_cities,annual_all_days_primary,All calendar-year days; non-heatwave days contribute zero,"1,2,3,4,5,6,7,8,9,10,11,12"
sensitivity_dtw4lag12,DTW4lag12 phenotype-stratified,annual_all_days_primary,ssp585,2047,2041-2050,exceeded_quantity_composite_all,exceeded_quantity,composite,all,725.936507936508,0.6582574841981989,0.3370036021015962,2.1160967978605703,0.0034823198820405,0.3482319882040575,0.0942581855951296,1.7799273584442132,0.3471558966088501,0.0942581855951296,1.7799273584442132,0.0,0.0927772290114124,1.6252854635406593,0.3370036021015962,0.0927772290114124,1.6252854635406593,DTW4lag12,DTW4lag12_mixed,All_cities,annual_all_days_primary,All calendar-year days; non-heatwave days contribute zero,"1,2,3,4,5,6,7,8,9,10,11,12"
sensitivity_dtw4lag12,DTW4lag12 phenotype-stratified,annual_all_days_primary,ssp585,2047,2041-2050,exceeded_quantity_day_all,exceeded_quantity,day,all,872.2432432432432,-0.3879913492368058,0.4066223579360659,2.291759649865894,0.0042092637663189,0.4209263766318984,0.0010624493824245,1.5487141460463352,0.4103132570167588,0.0,1.5487141460463352,0.0,0.001046092206868,1.4357814704412453,0.4066223579360659,0.001046092206868,1.4357814704412453,DTW4lag12,DTW4lag12_mixed,All_cities,annual_all_days_primary,All calendar-year days; non-heatwave days contribute zero,"1,2,3,4,5,6,7,8,9,10,11,12"
sensitivity_dtw4lag12,DTW4lag12 phenotype-stratified,annual_all_days_primary,ssp585,2047,2041-2050,exceeded_quantity_night_all,exceeded_quantity,night,all,640.8253968253969,-3.667261084635297,3.845181401739125,28.263012151273568,0.6714595350468657,67.14595350468657,64.87889638223966,70.51414571298113,67.14592367453912,58.858268988591895,70.51414571298113,0.0,3.5355840986876563,4.05041860920484,3.845181401739125,3.5355840986876563,4.05041860920484,DTW4lag12,DTW4lag12_mixed,All_cities,annual_all_days_primary,All calendar-year days; non-heatwave days contribute zero,"1,2,3,4,5,6,7,8,9,10,11,12"
sensitivity_dtw4lag12,DTW4lag12 phenotype-stratified,annual_all_days_primary,ssp585,2048,2041-2050,cehwi_composite_all,cehwi,composite,all,896.7777777777778,0.1358190313139345,0.5684365750386087,3.011655576046608,0.0058725655503453,0.5872565550345399,0.0695482981394165,2.6263616730084927,0.5373467682662764,0.0551129035133624,2.6263616730084927,0.0,0.0684307338580839,2.1465857160102684,0.5684365750386087,0.0684307338580839,2.1465857160102684,DTW4lag12,DTW4lag12_mixed,All_cities,annual_all_days_primary,All calendar-year days; non-heatwave days contribute zero,"1,2,3,4,5,6,7,8,9,10,11,12"
sensitivity_dtw4lag12,DTW4lag12 phenotype-stratified,annual_all_days_primary,ssp585,2048,2041-2050,cehwi_day_all,cehwi,day,all,976.8513513513514,-0.3229790211643775,0.3446738248334806,1.637765755455663,0.0035532342409952,0.3553234240995206,0.0010052579814012,1.4591867986847638,0.3508073158696955,0.0,1.4591867986847638,0.0,0.0009960644214022,1.3569082137151305,0.3446738248334806,0.0009960644214022,1.3569082137151305,DTW4lag12,DTW4lag12_mixed,All_cities,annual_all_days_primary,All calendar-year days; non-heatwave days contribute zero,"1,2,3,4,5,6,7,8,9,10,11,12"
sensitivity_dtw4lag12,DTW4lag12 phenotype-stratified,annual_all_days_primary,ssp585,2048,2041-2050,cehwi_night_all,cehwi,night,all,652.5714285714286,-2.387034958199659,2.433961424365501,16.44849532622415,0.0539836363817515,5.398363638175158,2.458662678320372,70.81928451763216,5.398363638175158,0.0,70.8191858342342,0.0,0.6570488388463742,4.654588004927775,2.433961424365501,0.6570488388463742,4.654588004927775,DTW4lag12,DTW4lag12_mixed,All_cities,annual_all_days_primary,All calendar-year days; non-heatwave days contribute zero,"1,2,3,4,5,6,7,8,9,10,11,12"
sensitivity_dtw4lag12,DTW4lag12 phenotype-stratified,annual_all_days_primary,ssp585,2048,2041-2050,exceeded_quantity_composite_all,exceeded_quantity,composite,all,896.7777777777778,0.722942576175876,0.4827558203950485,2.441378301757173,0.0050112803954019,0.5011280395401907,0.1422127548217067,2.42426086593768,0.4952173362632365,0.1422127548217067,2.42426086593768,0.0,0.1396029796318867,2.2005999791056645,0.4827558203950485,0.1396029796318867,2.2005999791056645,DTW4lag12,DTW4lag12_mixed,All_cities,annual_all_days_primary,All calendar-year days; non-heatwave days contribute zero,"1,2,3,4,5,6,7,8,9,10,11,12"
sensitivity_dtw4lag12,DTW4lag12 phenotype-stratified,annual_all_days_primary,ssp585,2048,2041-2050,exceeded_quantity_day_all,exceeded_quantity,day,all,976.8513513513514,-0.4874044828543648,0.5096507433461624,2.5766671847640583,0.0052906565948001,0.5290656594800113,0.0026689471074248,1.9013763955813563,0.5092780133026313,0.0,1.9013763955813563,0.0,0.0026237422039948,1.7514772732123232,0.5096507433461624,0.0026237422039948,1.7514772732123232,DTW4lag12,DTW4lag12_mixed,All_cities,annual_all_days_primary,All calendar-year days; non-heatwave days contribute zero,"1,2,3,4,5,6,7,8,9,10,11,12"
sensitivity_dtw4lag12,DTW4lag12 phenotype-stratified,annual_all_days_primary,ssp585,2048,2041-2050,exceeded_quantity_night_all,exceeded_quantity,night,all,652.5714285714286,-3.81958700709249,4.0033621381697735,29.7589251832614,0.7092721653030617,70.92721653030618,69.01016494415066,73.56894353748518,70.92720367706457,64.25777157841608,73.56894353748518,0.0,3.755619223682057,4.205832156330211,4.0033621381697735,3.755619223682057,4.205832156330211,DTW4lag12,DTW4lag12_mixed,All_cities,annual_all_days_primary,All calendar-year days; non-heatwave days contribute zero,"1,2,3,4,5,6,7,8,9,10,11,12"
sensitivity_dtw4lag12,DTW4lag12 phenotype-stratified,annual_all_days_primary,ssp585,2049,2041-2050,cehwi_composite_all,cehwi,composite,all,896.4285714285714,0.9399044166303938,0.6095998892545148,3.277341480831026,0.0065373028366287,0.6537302836628759,0.0600915998390945,3.3045648546498847,0.5723499555500725,0.05923876252915,3.3045648546498847,3.34520882466088e-06,0.0592650147143795,2.371767354231642,0.6096023195330408,0.0592650147143795,2.3717674777855584,DTW4lag12,DTW4lag12_mixed,All_cities,annual_all_days_primary,All calendar-year days; non-heatwave days contribute zero,"1,2,3,4,5,6,7,8,9,10,11,12"
sensitivity_dtw4lag12,DTW4lag12 phenotype-stratified,annual_all_days_primary,ssp585,2049,2041-2050,cehwi_day_all,cehwi,day,all,953.2702702702704,-0.3949775169620515,0.4199711338411735,1.9044855977754571,0.0043875390788753,0.4387539078875368,0.0009011165216786,1.766129817334908,0.4310158526642,0.0,1.766129817334908,0.0,0.0008893569416553,1.6018543199310336,0.4199711338411735,0.0008893569416553,1.6018543199310336,DTW4lag12,DTW4lag12_mixed,All_cities,annual_all_days_primary,All calendar-year days; non-heatwave days contribute zero,"1,2,3,4,5,6,7,8,9,10,11,12"
sensitivity_dtw4lag12,DTW4lag12 phenotype-stratified,annual_all_days_primary,ssp585,2049,2041-2050,cehwi_night_all,cehwi,night,all,642.2063492063492,-2.005108036703134,2.041403085428785,14.75065580578686,0.0410774214149233,4.107742141492338,1.528381516109831,68.10699630761684,4.107742141492338,0.0,68.10699189385069,0.0,0.4452134959124786,4.303804618877845,2.041403085428785,0.4452134959124786,4.303804618877845,DTW4lag12,DTW4lag12_mixed,All_cities,annual_all_days_primary,All calendar-year days; non-heatwave days contribute zero,"1,2,3,4,5,6,7,8,9,10,11,12"
sensitivity_dtw4lag12,DTW4lag12 phenotype-stratified,annual_all_days_primary,ssp585,2049,2041-2050,exceeded_quantity_composite_all,exceeded_quantity,composite,all,896.4285714285714,0.9428188820995504,0.455380867292351,2.4290201007130365,0.0047195494571883,0.4719549457188375,0.1219544954424395,2.517240202384194,0.4630874952807841,0.1219544954424395,2.517240202384194,0.0,0.1198793698298016,2.271534575379922,0.455380867292351,0.1198793698298016,2.271534575379922,DTW4lag12,DTW4lag12_mixed,All_cities,annual_all_days_primary,All calendar-year days; non-heatwave days contribute zero,"1,2,3,4,5,6,7,8,9,10,11,12"
sensitivity_dtw4lag12,DTW4lag12 phenotype-stratified,annual_all_days_primary,ssp585,2049,2041-2050,exceeded_quantity_day_all,exceeded_quantity,day,all,953.2702702702704,-0.4976308042194221,0.520088839958611,2.566199600925484,0.0054090586196704,0.5409058619670439,0.0034596595831353,1.9360033252093964,0.5205205827737613,0.0,1.9360033252093964,0.0,0.0033616321859881,1.7789200142051114,0.520088839958611,0.0033616321859881,1.7789200142051114,DTW4lag12,DTW4lag12_mixed,All_cities,annual_all_days_primary,All calendar-year days; non-heatwave days contribute zero,"1,2,3,4,5,6,7,8,9,10,11,12"
sensitivity_dtw4lag12,DTW4lag12 phenotype-stratified,annual_all_days_primary,ssp585,2049,2041-2050,exceeded_quantity_night_all,exceeded_quantity,night,all,642.2063492063492,-3.939646340551763,4.09155177456163,28.795400574143937,0.7160775472308463,71.60775472308462,68.86917340653947,74.99112732755614,71.60772983740678,62.37896697174259,74.99112732755614,0.0,3.753176782781173,4.263090041012981,4.09155177456163,3.753176782781173,4.263090041012981,DTW4lag12,DTW4lag12_mixed,All_cities,annual_all_days_primary,All calendar-year days; non-heatwave days contribute zero,"1,2,3,4,5,6,7,8,9,10,11,12"
sensitivity_dtw4lag12,DTW4lag12 phenotype-stratified,annual_all_days_primary,ssp585,2050,2041-2050,cehwi_composite_all,cehwi,composite,all,779.1269841269841,-0.4235131152348441,0.4301787047930704,2.6183516181089312,0.0044244343122886,0.4424434312288619,0.0503986270428646,1.708510197883464,0.4364201411197849,0.0498055072530279,1.708510197883464,0.0,0.0497070812660535,1.5288257724439014,0.4301787047930704,0.0497070812660535,1.5288257724439014,DTW4lag12,DTW4lag12_mixed,All_cities,annual_all_days_primary,All calendar-year days; non-heatwave days contribute zero,"1,2,3,4,5,6,7,8,9,10,11,12"
sensitivity_dtw4lag12,DTW4lag12 phenotype-stratified,annual_all_days_primary,ssp585,2050,2041-2050,cehwi_day_all,cehwi,day,all,853.3513513513514,-0.2433352424935642,0.2583834777994427,1.3337755483671456,0.0026521740387442,0.2652174038744254,9.254200231253846e-05,1.1200098067147866,0.2612228903863578,0.0,1.1200098067147866,0.0,9.221629343786695e-05,1.05015128115913,0.2583834777994427,9.221629343786695e-05,1.05015128115913,DTW4lag12,DTW4lag12_mixed,All_cities,annual_all_days_primary,All calendar-year days; non-heatwave days contribute zero,"1,2,3,4,5,6,7,8,9,10,11,12"
sensitivity_dtw4lag12,DTW4lag12 phenotype-stratified,annual_all_days_primary,ssp585,2050,2041-2050,cehwi_night_all,cehwi,night,all,637.6031746031746,-2.1718871477585067,2.214475702636716,15.08946472298148,0.0422484074636565,4.224840746365658,1.2145848652590472,75.32783529989601,4.224840746365658,0.0,75.32780965357418,0.0,0.3662824870036744,4.670400971287082,2.214475702636716,0.3662824870036744,4.670400971287082,DTW4lag12,DTW4lag12_mixed,All_cities,annual_all_days_primary,All calendar-year days; non-heatwave days contribute zero,"1,2,3,4,5,6,7,8,9,10,11,12"
sensitivity_dtw4lag12,DTW4lag12 phenotype-stratified,annual_all_days_primary,ssp585,2050,2041-2050,exceeded_quantity_composite_all,exceeded_quantity,composite,all,779.1269841269841,0.7354855713084256,0.3725986372485584,2.1876968793763294,0.0038536364010601,0.3853636401060195,0.1071705185419185,1.9396622220293065,0.3828471065966844,0.1071705185419185,1.9396622220293065,0.0,0.1054271686442861,1.7687123258711692,0.3725986372485584,0.1054271686442861,1.7687123258711692,DTW4lag12,DTW4lag12_mixed,All_cities,annual_all_days_primary,All calendar-year days; non-heatwave days contribute zero,"1,2,3,4,5,6,7,8,9,10,11,12"
sensitivity_dtw4lag12,DTW4lag12 phenotype-stratified,annual_all_days_primary,ssp585,2050,2041-2050,exceeded_quantity_day_all,exceeded_quantity,day,all,853.3513513513514,-0.3439288402841248,0.3645004973978366,2.034484187112239,0.0037601653091826,0.3760165309182666,0.0021470975493141,1.4227500833808322,0.3592156570129913,0.0,1.4227500833808322,0.0,0.0021123568909803,1.3283753235698508,0.3645004973978366,0.0021123568909803,1.3283753235698508,DTW4lag12,DTW4lag12_mixed,All_cities,annual_all_days_primary,All calendar-year days; non-heatwave days contribute zero,"1,2,3,4,5,6,7,8,9,10,11,12"
sensitivity_dtw4lag12,DTW4lag12 phenotype-stratified,annual_all_days_primary,ssp585,2050,2041-2050,exceeded_quantity_night_all,exceeded_quantity,night,all,637.6031746031746,-3.7659727168653343,3.945596460824917,28.76215675962753,0.6909392490874312,69.09392490874312,66.65525474102634,72.33604228448998,69.09390320165123,60.334193725606255,72.33604228448998,0.0,3.6279893212562406,4.157549688268046,3.945596460824917,3.6279893212562406,4.157549688268046,DTW4lag12,DTW4lag12_mixed,All_cities,annual_all_days_primary,All calendar-year days; non-heatwave days contribute zero,"1,2,3,4,5,6,7,8,9,10,11,12"
sensitivity_dtw4lag12,DTW4lag12 phenotype-stratified,warm_season_sensitivity,ssp245,2025,2025-2030,cehwi_composite_all,cehwi,composite,all,453.07936507936506,-0.444310517114228,0.4443176663554769,1.940312262427412,0.0045352048997448,0.4535204899744843,0.0360089751838379,1.8096378801209017,0.4535133727884585,0.0360089751838379,1.8096378801209017,0.0,0.0358350828080279,1.6543736776573352,0.4443176663554769,0.0358350828080279,1.6543736776573352,DTW4lag12,DTW4lag12_mixed,All_cities,warm_season_sensitivity,May-September warm-season days; non-heatwave days contribute zero,"5,6,7,8,9"
sensitivity_dtw4lag12,DTW4lag12 phenotype-stratified,warm_season_sensitivity,ssp245,2025,2025-2030,cehwi_day_all,cehwi,day,all,661.0540540540541,-0.3864652175792704,0.4131278028006068,1.2348721036350103,0.0042366311945369,0.4236631194536958,0.0001481990574342,1.794846297548236,0.4193140113497776,0.0,1.794846297548236,0.0,0.0001470783915365,1.6885333637860889,0.4131278028006068,0.0001470783915365,1.6885333637860889,DTW4lag12,DTW4lag12_mixed,All_cities,warm_season_sensitivity,May-September warm-season days; non-heatwave days contribute zero,"5,6,7,8,9"
sensitivity_dtw4lag12,DTW4lag12 phenotype-stratified,warm_season_sensitivity,ssp245,2025,2025-2030,cehwi_night_all,cehwi,night,all,450.73015873015873,-2.8933440087010207,2.95974152654621,13.120902362670147,0.0573775898552924,5.737758985529242,2.0631705699136824,107.11769850010096,5.737758985529242,0.0,107.11701992896562,0.0,0.5811181385146106,6.78291966171944,2.95974152654621,0.5811181385146106,6.78291966171944,DTW4lag12,DTW4lag12_mixed,All_cities,warm_season_sensitivity,May-September warm-season days; non-heatwave days contribute zero,"5,6,7,8,9"
sensitivity_dtw4lag12,DTW4lag12 phenotype-stratified,warm_season_sensitivity,ssp245,2025,2025-2030,exceeded_quantity_composite_all,exceeded_quantity,composite,all,453.07936507936506,0.592016391980725,0.449352163844027,1.9269722593287224,0.004613203055566,0.4613203055566017,0.1131603155329014,2.2275174417537262,0.4609260028843495,0.1131603155329014,2.2275174417537262,0.0,0.1119539476666745,2.064895541233735,0.449352163844027,0.1119539476666745,2.064895541233735,DTW4lag12,DTW4lag12_mixed,All_cities,warm_season_sensitivity,May-September warm-season days; non-heatwave days contribute zero,"5,6,7,8,9"
sensitivity_dtw4lag12,DTW4lag12 phenotype-stratified,warm_season_sensitivity,ssp245,2025,2025-2030,exceeded_quantity_day_all,exceeded_quantity,day,all,661.0540540540541,-0.6237903995979842,0.6561818432959531,2.077298487400109,0.0067867990428114,0.6786799042811454,0.0013879952530414,2.516221857915416,0.6636737590979462,0.0,2.516221857915416,0.0,0.0013740402004063,2.335885762466605,0.6561818432959531,0.0013740402004063,2.335885762466605,DTW4lag12,DTW4lag12_mixed,All_cities,warm_season_sensitivity,May-September warm-season days; non-heatwave days contribute zero,"5,6,7,8,9"
sensitivity_dtw4lag12,DTW4lag12 phenotype-stratified,warm_season_sensitivity,ssp245,2025,2025-2030,exceeded_quantity_night_all,exceeded_quantity,night,all,450.73015873015873,-7.02725620790682,7.267859769575021,32.41611357935017,1.2555793097774024,125.55793097774026,119.75051326701468,132.99202452342547,125.55791834351368,105.860914019683,132.99202452342547,0.0,6.538239483638659,7.553963724956755,7.267859769575021,6.538239483638659,7.553963724956755,DTW4lag12,DTW4lag12_mixed,All_cities,warm_season_sensitivity,May-September warm-season days; non-heatwave days contribute zero,"5,6,7,8,9"
sensitivity_dtw4lag12,DTW4lag12 phenotype-stratified,warm_season_sensitivity,ssp245,2026,2025-2030,cehwi_composite_all,cehwi,composite,all,456.0,-0.4121726380406996,0.4121726380406996,1.8274772600446183,0.0042137896578813,0.4213789657881326,0.0536641504631674,1.4330759093723275,0.4213789657881326,0.0536641504631674,1.4330759093723275,0.0,0.0531822253333052,1.326192881462528,0.4121726380406996,0.0531822253333052,1.326192881462528,DTW4lag12,DTW4lag12_mixed,All_cities,warm_season_sensitivity,May-September warm-season days; non-heatwave days contribute zero,"5,6,7,8,9"
sensitivity_dtw4lag12,DTW4lag12 phenotype-stratified,warm_season_sensitivity,ssp245,2026,2025-2030,cehwi_day_all,cehwi,day,all,717.7972972972973,-0.4729287196953982,0.5106620450579431,1.4017200465975257,0.0052411727113142,0.524117271131425,0.0005752304898843,2.2527957870486217,0.5170631198329635,0.0,2.2527957870486217,0.0,0.0005717403770722,2.1119496014009163,0.5106620450579431,0.0005717403770722,2.1119496014009163,DTW4lag12,DTW4lag12_mixed,All_cities,warm_season_sensitivity,May-September warm-season days; non-heatwave days contribute zero,"5,6,7,8,9"
sensitivity_dtw4lag12,DTW4lag12 phenotype-stratified,warm_season_sensitivity,ssp245,2026,2025-2030,cehwi_night_all,cehwi,night,all,451.3492063492063,-2.5381783113192395,2.596490316714436,11.844579746060518,0.0497953815279865,4.979538152798658,1.6969970302869035,98.95930384584612,4.979538152798658,0.0,98.9587572702491,0.0,0.4556023747065926,6.178193209460437,2.596490316714436,0.4556023747065926,6.178193209460437,DTW4lag12,DTW4lag12_mixed,All_cities,warm_season_sensitivity,May-September warm-season days; non-heatwave days contribute zero,"5,6,7,8,9"
sensitivity_dtw4lag12,DTW4lag12 phenotype-stratified,warm_season_sensitivity,ssp245,2026,2025-2030,exceeded_quantity_composite_all,exceeded_quantity,composite,all,456.0,0.8459620214538953,0.434900765588153,1.7658603308020973,0.0044677561232719,0.446775612327196,0.1208534256678267,2.012909236670805,0.4467637005170385,0.1208534256678267,2.012909236670805,0.0,0.1194516969524546,1.863192676171071,0.434900765588153,0.1194516969524546,1.863192676171071,DTW4lag12,DTW4lag12_mixed,All_cities,warm_season_sensitivity,May-September warm-season days; non-heatwave days contribute zero,"5,6,7,8,9"
sensitivity_dtw4lag12,DTW4lag12 phenotype-stratified,warm_season_sensitivity,ssp245,2026,2025-2030,exceeded_quantity_day_all,exceeded_quantity,day,all,717.7972972972973,-0.6823799052029486,0.7161625915133325,2.054215704606745,0.0073837545829541,0.7383754582954131,0.0064636694635815,2.717393840902505,0.719215645181364,0.0,2.717393840902505,0.0,0.0063376751630353,2.540223886507336,0.7161625915133325,0.0063376751630353,2.540223886507336,DTW4lag12,DTW4lag12_mixed,All_cities,warm_season_sensitivity,May-September warm-season days; non-heatwave days contribute zero,"5,6,7,8,9"
sensitivity_dtw4lag12,DTW4lag12 phenotype-stratified,warm_season_sensitivity,ssp245,2026,2025-2030,exceeded_quantity_night_all,exceeded_quantity,night,all,451.3492063492063,-7.206411968473275,7.414616905089691,30.775911770344084,1.2985388886899358,129.85388886899358,125.05683825796548,135.89305726048616,129.85246899346703,113.72991565383538,135.89305726048616,0.0,6.815577420605407,7.650715272085888,7.414616905089691,6.815577420605407,7.650715272085888,DTW4lag12,DTW4lag12_mixed,All_cities,warm_season_sensitivity,May-September warm-season days; non-heatwave days contribute zero,"5,6,7,8,9"
sensitivity_dtw4lag12,DTW4lag12 phenotype-stratified,warm_season_sensitivity,ssp245,2027,2025-2030,cehwi_composite_all,cehwi,composite,all,502.07936507936506,-0.5359516609054326,0.5369047783581318,2.042656179336369,0.0054963240527346,0.5496324052734602,0.0591744412910228,2.0346982287067243,0.5487046996709799,0.0591744412910228,2.0346982287067243,0.0,0.0586945499444034,1.852349895135654,0.5369047783581318,0.0586945499444034,1.852349895135654,DTW4lag12,DTW4lag12_mixed,All_cities,warm_season_sensitivity,May-September warm-season days; non-heatwave days contribute zero,"5,6,7,8,9"
sensitivity_dtw4lag12,DTW4lag12 phenotype-stratified,warm_season_sensitivity,ssp245,2027,2025-2030,cehwi_day_all,cehwi,day,all,853.6891891891892,-0.6049342470796623,0.6413214263725999,1.444810413506885,0.0065894925330447,0.6589492533044741,0.0002392838144635,2.6925234669095937,0.6524824228681189,0.0,2.6925234669095937,0.0,0.0002382978893606,2.5188425068199147,0.6413214263725999,0.0002382978893606,2.5188425068199147,DTW4lag12,DTW4lag12_mixed,All_cities,warm_season_sensitivity,May-September warm-season days; non-heatwave days contribute zero,"5,6,7,8,9"
sensitivity_dtw4lag12,DTW4lag12 phenotype-stratified,warm_season_sensitivity,ssp245,2027,2025-2030,cehwi_night_all,cehwi,night,all,463.2380952380952,-3.225180182662869,3.279683828510193,13.135298307657996,0.0622614850961062,6.2261485096106215,1.72671038395283,117.0095039808826,6.2261485096106215,0.0,117.0095039808826,0.0,0.4920825075496779,7.256065708442403,3.279683828510193,0.4920825075496779,7.256065708442403,DTW4lag12,DTW4lag12_mixed,All_cities,warm_season_sensitivity,May-September warm-season days; non-heatwave days contribute zero,"5,6,7,8,9"
sensitivity_dtw4lag12,DTW4lag12 phenotype-stratified,warm_season_sensitivity,ssp245,2027,2025-2030,exceeded_quantity_composite_all,exceeded_quantity,composite,all,502.07936507936506,0.687204403225229,0.5779239496369698,2.046170129987189,0.0059621425510799,0.5962142551079984,0.1645916718333831,2.6060550079632545,0.595979100018695,0.1645916718333831,2.6060550079632545,0.0,0.1622560629149078,2.4045542452801176,0.5779239496369698,0.1622560629149078,2.4045542452801176,DTW4lag12,DTW4lag12_mixed,All_cities,warm_season_sensitivity,May-September warm-season days; non-heatwave days contribute zero,"5,6,7,8,9"
sensitivity_dtw4lag12,DTW4lag12 phenotype-stratified,warm_season_sensitivity,ssp245,2027,2025-2030,exceeded_quantity_day_all,exceeded_quantity,day,all,853.6891891891892,-0.9157224512915536,0.956997702346988,2.2893008318662726,0.0099207805598145,0.992078055981459,0.005327427142775,3.5994866465687663,0.9617538188240248,0.0,3.5994866465687663,0.0,0.0052491848884722,3.327694757169901,0.956997702346988,0.0052491848884722,3.327694757169901,DTW4lag12,DTW4lag12_mixed,All_cities,warm_season_sensitivity,May-September warm-season days; non-heatwave days contribute zero,"5,6,7,8,9"
sensitivity_dtw4lag12,DTW4lag12 phenotype-stratified,warm_season_sensitivity,ssp245,2027,2025-2030,exceeded_quantity_night_all,exceeded_quantity,night,all,463.2380952380952,-7.391552493697298,7.635160922417477,29.62487527135524,1.3289202787171657,132.89202787171655,127.5136346546761,139.4472569043775,132.89202787171655,114.4063223442304,139.4472569043775,0.0,6.9573745237547255,7.929129607719378,7.635160922417477,6.9573745237547255,7.929129607719378,DTW4lag12,DTW4lag12_mixed,All_cities,warm_season_sensitivity,May-September warm-season days; non-heatwave days contribute zero,"5,6,7,8,9"
sensitivity_dtw4lag12,DTW4lag12 phenotype-stratified,warm_season_sensitivity,ssp245,2028,2025-2030,cehwi_composite_all,cehwi,composite,all,476.3015873015873,-0.5080793864983572,0.5085381791557689,2.0332373843368687,0.005214786422493,0.5214786422493015,0.0528213911461796,2.0010525511899546,0.5210304120256319,0.0528213911461796,2.0010525511899546,0.0,0.0522219002204538,1.8090243601113425,0.5085381791557689,0.0522219002204538,1.8090243601113425,DTW4lag12,DTW4lag12_mixed,All_cities,warm_season_sensitivity,May-September warm-season days; non-heatwave days contribute zero,"5,6,7,8,9"
sensitivity_dtw4lag12,DTW4lag12 phenotype-stratified,warm_season_sensitivity,ssp245,2028,2025-2030,cehwi_day_all,cehwi,day,all,885.1891891891892,-0.6837603080081389,0.7244002216286127,1.5782190366947035,0.0074520490742404,0.7452049074240403,0.000906404166862,2.9440898581533803,0.7385566154154138,0.0,2.9440898581533803,0.0,0.0009015024048148,2.744804568370345,0.7244002216286127,0.0009015024048148,2.744804568370345,DTW4lag12,DTW4lag12_mixed,All_cities,warm_season_sensitivity,May-September warm-season days; non-heatwave days contribute zero,"5,6,7,8,9"
sensitivity_dtw4lag12,DTW4lag12 phenotype-stratified,warm_season_sensitivity,ssp245,2028,2025-2030,cehwi_night_all,cehwi,night,all,457.6825396825397,-3.2495589737902875,3.309923893983022,11.369963444853465,0.0646542575188714,6.465425751887141,2.322155060866252,120.66879793996875,6.465425751887141,0.0,120.66858443931804,0.0,0.6606588117511564,7.566517291774815,3.309923893983022,0.6606588117511564,7.566517291774815,DTW4lag12,DTW4lag12_mixed,All_cities,warm_season_sensitivity,May-September warm-season days; non-heatwave days contribute zero,"5,6,7,8,9"
sensitivity_dtw4lag12,DTW4lag12 phenotype-stratified,warm_season_sensitivity,ssp245,2028,2025-2030,exceeded_quantity_composite_all,exceeded_quantity,composite,all,476.3015873015873,0.561660687226633,0.5017660177292389,1.913903098997144,0.0051660196035792,0.5166019603579287,0.135932029312388,2.3454781429936973,0.5160863587581878,0.135932029312388,2.3454781429936973,0.0,0.1341638592817104,2.170633857500309,0.5017660177292389,0.1341638592817104,2.170633857500309,DTW4lag12,DTW4lag12_mixed,All_cities,warm_season_sensitivity,May-September warm-season days; non-heatwave days contribute zero,"5,6,7,8,9"
sensitivity_dtw4lag12,DTW4lag12 phenotype-stratified,warm_season_sensitivity,ssp245,2028,2025-2030,exceeded_quantity_day_all,exceeded_quantity,day,all,885.1891891891892,-0.976079995459056,1.0140314891256763,2.319702146710971,0.0105113899371355,1.051138993713559,0.0114206649133586,3.714954811860788,1.032857700563346,0.0,3.714954811860788,0.0,0.0112259723507579,3.4385630865105385,1.0140314891256763,0.0112259723507579,3.4385630865105385,DTW4lag12,DTW4lag12_mixed,All_cities,warm_season_sensitivity,May-September warm-season days; non-heatwave days contribute zero,"5,6,7,8,9"
sensitivity_dtw4lag12,DTW4lag12 phenotype-stratified,warm_season_sensitivity,ssp245,2028,2025-2030,exceeded_quantity_night_all,exceeded_quantity,night,all,457.6825396825397,-7.034357977911824,7.282710427922106,29.182020243560608,1.260885731886738,126.0885731886738,120.40479410797816,133.3277970569417,126.0885731886738,106.13794221766356,133.3277970569417,0.0,6.558343661562133,7.584728196791346,7.282710427922106,6.558343661562133,7.584728196791346,DTW4lag12,DTW4lag12_mixed,All_cities,warm_season_sensitivity,May-September warm-season days; non-heatwave days contribute zero,"5,6,7,8,9"
sensitivity_dtw4lag12,DTW4lag12 phenotype-stratified,warm_season_sensitivity,ssp245,2029,2025-2030,cehwi_composite_all,cehwi,composite,all,519.5079365079365,-0.5240880259806778,0.5316241573656324,2.192404833676892,0.0054474527608931,0.5447452760893182,0.0569976255509384,2.124254624809811,0.5379712844529791,0.0569976255509384,2.124254624809811,0.0,0.0564979308087926,1.919244681343794,0.5316241573656324,0.0564979308087926,1.919244681343794,DTW4lag12,DTW4lag12_mixed,All_cities,warm_season_sensitivity,May-September warm-season days; non-heatwave days contribute zero,"5,6,7,8,9"
sensitivity_dtw4lag12,DTW4lag12 phenotype-stratified,warm_season_sensitivity,ssp245,2029,2025-2030,cehwi_day_all,cehwi,day,all,868.2837837837837,-0.7074801993531263,0.7570278353996005,1.8114871850784404,0.007859449884373,0.7859449884373039,0.0097530614289135,3.162903305916128,0.7709313290231538,0.0047263697435291,3.162903305916128,0.0,0.0095679271620614,2.905945246649516,0.7570278353996005,0.0095679271620614,2.905945246649516,DTW4lag12,DTW4lag12_mixed,All_cities,warm_season_sensitivity,May-September warm-season days; non-heatwave days contribute zero,"5,6,7,8,9"
sensitivity_dtw4lag12,DTW4lag12 phenotype-stratified,warm_season_sensitivity,ssp245,2029,2025-2030,cehwi_night_all,cehwi,night,all,454.1904761904762,-3.3502554111968683,3.418272895444383,12.793024594639402,0.0755893870964272,7.558938709642724,3.603592172406997,113.17246872963652,7.558938709642724,0.0,113.1720519262757,0.0,0.8868786506759613,7.421830727375012,3.418272895444383,0.8868786506759613,7.421830727375012,DTW4lag12,DTW4lag12_mixed,All_cities,warm_season_sensitivity,May-September warm-season days; non-heatwave days contribute zero,"5,6,7,8,9"
sensitivity_dtw4lag12,DTW4lag12 phenotype-stratified,warm_season_sensitivity,ssp245,2029,2025-2030,exceeded_quantity_composite_all,exceeded_quantity,composite,all,519.5079365079365,1.2320892123626563,0.534990635909158,2.056700571239664,0.0055163676224887,0.5516367622488767,0.1499011826615185,2.841564971302182,0.5465502234499168,0.1499011826615185,2.841564971302182,0.0,0.1478610488218203,2.597888931050271,0.534990635909158,0.1478610488218203,2.597888931050271,DTW4lag12,DTW4lag12_mixed,All_cities,warm_season_sensitivity,May-September warm-season days; non-heatwave days contribute zero,"5,6,7,8,9"
sensitivity_dtw4lag12,DTW4lag12 phenotype-stratified,warm_season_sensitivity,ssp245,2029,2025-2030,exceeded_quantity_day_all,exceeded_quantity,day,all,868.2837837837837,-0.9695924485051336,1.005497605897638,2.4352998153046297,0.0104492288780481,1.0449228878048165,0.008971578584195,3.734503871776248,1.010318806611122,0.0,3.734503871776248,0.0,0.0085899218565778,3.4430949528504007,1.005497605897638,0.0085899218565778,3.4430949528504007,DTW4lag12,DTW4lag12_mixed,All_cities,warm_season_sensitivity,May-September warm-season days; non-heatwave days contribute zero,"5,6,7,8,9"
sensitivity_dtw4lag12,DTW4lag12 phenotype-stratified,warm_season_sensitivity,ssp245,2029,2025-2030,exceeded_quantity_night_all,exceeded_quantity,night,all,454.1904761904762,-6.345150619852623,6.606726643336979,29.689920463234916,1.154839275095508,115.4839275095508,111.97929480511291,121.08309219837396,115.48364885200009,101.84465267477854,121.08309219837396,0.0,6.095198776738829,6.920437232537678,6.606726643336979,6.095198776738829,6.920437232537678,DTW4lag12,DTW4lag12_mixed,All_cities,warm_season_sensitivity,May-September warm-season days; non-heatwave days contribute zero,"5,6,7,8,9"
sensitivity_dtw4lag12,DTW4lag12 phenotype-stratified,warm_season_sensitivity,ssp245,2030,2025-2030,cehwi_composite_all,cehwi,composite,all,559.6031746031746,11.272001116034737,0.6640189081081677,2.3786971311760268,0.00683466907269,0.6834669072690003,0.0944590143749212,5.428073767126832,0.6135093538013642,0.0944590143749212,5.428073767126832,0.0,0.0929306386545344,3.016967833984061,0.6640189081081677,0.0929306386545344,3.016967833984061,DTW4lag12,DTW4lag12_mixed,All_cities,warm_season_sensitivity,May-September warm-season days; non-heatwave days contribute zero,"5,6,7,8,9"
sensitivity_dtw4lag12,DTW4lag12 phenotype-stratified,warm_season_sensitivity,ssp245,2030,2025-2030,cehwi_day_all,cehwi,day,all,799.7297297297297,-0.5250166617982582,0.5641110891727362,1.4628935135876109,0.0058076115011398,0.5807611501139825,0.0036050389835315,2.44682851662116,0.5689150421882468,0.0,2.44682851662116,0.0,0.0035153534567711,2.279779488599244,0.5641110891727362,0.0035153534567711,2.279779488599244,DTW4lag12,DTW4lag12_mixed,All_cities,warm_season_sensitivity,May-September warm-season days; non-heatwave days contribute zero,"5,6,7,8,9"
sensitivity_dtw4lag12,DTW4lag12 phenotype-stratified,warm_season_sensitivity,ssp245,2030,2025-2030,cehwi_night_all,cehwi,night,all,405.25396825396825,-2.862959691729145,2.899415007321631,11.794358189722882,0.0557215951678267,5.572159516782678,1.6744513728449384,102.7383808411353,5.572159516782678,0.0,102.7383453809465,0.0,0.4842027904240985,6.36914806449814,2.899415007321631,0.4842027904240985,6.36914806449814,DTW4lag12,DTW4lag12_mixed,All_cities,warm_season_sensitivity,May-September warm-season days; non-heatwave days contribute zero,"5,6,7,8,9"
sensitivity_dtw4lag12,DTW4lag12 phenotype-stratified,warm_season_sensitivity,ssp245,2030,2025-2030,exceeded_quantity_composite_all,exceeded_quantity,composite,all,559.6031746031746,0.8978647259177412,0.6479792307238795,2.24852398303097,0.0067090238536954,0.6709023853695463,0.1869338865181589,3.3416901516197983,0.6654951467892768,0.1869338865181589,3.3416901516197983,0.0,0.1838652202433215,3.020375863770533,0.6479792307238795,0.1838652202433215,3.020375863770533,DTW4lag12,DTW4lag12_mixed,All_cities,warm_season_sensitivity,May-September warm-season days; non-heatwave days contribute zero,"5,6,7,8,9"
sensitivity_dtw4lag12,DTW4lag12 phenotype-stratified,warm_season_sensitivity,ssp245,2030,2025-2030,exceeded_quantity_day_all,exceeded_quantity,day,all,799.7297297297297,-0.8339342624753562,0.8700900580551676,2.3840763008442742,0.0090219751890522,0.9021975189052274,0.0044340258360218,3.277043919057071,0.8806336264684251,0.0,3.277043919057071,0.0,0.004374583423859,3.0240599617788027,0.8700900580551676,0.004374583423859,3.0240599617788027,DTW4lag12,DTW4lag12_mixed,All_cities,warm_season_sensitivity,May-September warm-season days; non-heatwave days contribute zero,"5,6,7,8,9"
sensitivity_dtw4lag12,DTW4lag12 phenotype-stratified,warm_season_sensitivity,ssp245,2030,2025-2030,exceeded_quantity_night_all,exceeded_quantity,night,all,405.25396825396825,-6.753552845670222,6.977129514757674,30.72873498228348,1.2192622055026905,121.92622055026904,116.88429054893858,128.01475227658966,121.92574796401144,105.16067458063316,128.01475227658966,0.0,6.3647837805919085,7.232556373256446,6.977129514757674,6.3647837805919085,7.232556373256446,DTW4lag12,DTW4lag12_mixed,All_cities,warm_season_sensitivity,May-September warm-season days; non-heatwave days contribute zero,"5,6,7,8,9"
sensitivity_dtw4lag12,DTW4lag12 phenotype-stratified,warm_season_sensitivity,ssp245,2031,2031-2040,cehwi_composite_all,cehwi,composite,all,457.3968253968254,-0.5268773147738194,0.5268773147738193,2.139674597742621,0.0054148924524114,0.5414892452411402,0.0889597256724299,1.821136117735227,0.5414892452411403,0.0889597256724299,1.821136117735227,0.0,0.0875414620927968,1.659877663973679,0.5268773147738193,0.0875414620927968,1.659877663973679,DTW4lag12,DTW4lag12_mixed,All_cities,warm_season_sensitivity,May-September warm-season days; non-heatwave days contribute zero,"5,6,7,8,9"
sensitivity_dtw4lag12,DTW4lag12 phenotype-stratified,warm_season_sensitivity,ssp245,2031,2031-2040,cehwi_day_all,cehwi,day,all,797.3108108108108,-0.5798692858725332,0.6111521380138455,1.591467602871599,0.0063145698606424,0.6314569860642495,0.0001761119270099,2.4796313185788104,0.6247586457078502,0.0,2.4796313185788104,0.0,0.000175335571629,2.3021943596462986,0.6111521380138455,0.000175335571629,2.3021943596462986,DTW4lag12,DTW4lag12_mixed,All_cities,warm_season_sensitivity,May-September warm-season days; non-heatwave days contribute zero,"5,6,7,8,9"
sensitivity_dtw4lag12,DTW4lag12 phenotype-stratified,warm_season_sensitivity,ssp245,2031,2031-2040,cehwi_night_all,cehwi,night,all,407.6984126984127,-3.372558708033117,3.4196881644180084,13.782016801045351,0.0690697436098333,6.906974360983336,2.568662832422413,108.22137546907892,6.906974360983335,0.0,108.22137546907892,0.0,0.7586662434456024,6.910878556926125,3.4196881644180084,0.7586662434456024,6.910878556926125,DTW4lag12,DTW4lag12_mixed,All_cities,warm_season_sensitivity,May-September warm-season days; non-heatwave days contribute zero,"5,6,7,8,9"
sensitivity_dtw4lag12,DTW4lag12 phenotype-stratified,warm_season_sensitivity,ssp245,2031,2031-2040,exceeded_quantity_composite_all,exceeded_quantity,composite,all,457.3968253968254,0.620903429954836,0.5223653235779719,2.103041738696308,0.00539574125028,0.5395741250280097,0.1585647062718114,2.254979049518359,0.5390028106969104,0.1585647062718114,2.254979049518359,0.0,0.1561556142463541,2.0780703908493927,0.5223653235779719,0.1561556142463541,2.0780703908493927,DTW4lag12,DTW4lag12_mixed,All_cities,warm_season_sensitivity,May-September warm-season days; non-heatwave days contribute zero,"5,6,7,8,9"
sensitivity_dtw4lag12,DTW4lag12 phenotype-stratified,warm_season_sensitivity,ssp245,2031,2031-2040,exceeded_quantity_day_all,exceeded_quantity,day,all,797.3108108108108,-0.7852784065170905,0.8234144615637874,2.183850443143289,0.008524844408768,0.8524844408768073,0.0032206480264506,3.112640883454873,0.8238026327364383,0.0,3.112640883454873,0.0,0.0031665356740667,2.8882731872409626,0.8234144615637874,0.0031665356740667,2.8882731872409626,DTW4lag12,DTW4lag12_mixed,All_cities,warm_season_sensitivity,May-September warm-season days; non-heatwave days contribute zero,"5,6,7,8,9"
sensitivity_dtw4lag12,DTW4lag12 phenotype-stratified,warm_season_sensitivity,ssp245,2031,2031-2040,exceeded_quantity_night_all,exceeded_quantity,night,all,407.6984126984127,-6.405254898878702,6.656647019066471,31.39213486097686,1.17162527808415,117.162527808415,113.35975845195917,122.2163633492594,117.162527808415,104.17684447977398,122.2163633492594,0.0,6.172646332232255,6.936627163722043,6.656647019066471,6.172646332232255,6.936627163722043,DTW4lag12,DTW4lag12_mixed,All_cities,warm_season_sensitivity,May-September warm-season days; non-heatwave days contribute zero,"5,6,7,8,9"
sensitivity_dtw4lag12,DTW4lag12 phenotype-stratified,warm_season_sensitivity,ssp245,2032,2031-2040,cehwi_composite_all,cehwi,composite,all,346.1111111111111,-0.3303414395767296,0.3303414395767296,1.83738193269704,0.0033676140721751,0.3367614072175133,0.0358095803041472,1.2319980348144002,0.3367614072175133,0.0358095803041472,1.2319980348144002,0.0,0.0355962600316191,1.1422213834685246,0.3303414395767296,0.0355962600316191,1.1422213834685246,DTW4lag12,DTW4lag12_mixed,All_cities,warm_season_sensitivity,May-September warm-season days; non-heatwave days contribute zero,"5,6,7,8,9"
sensitivity_dtw4lag12,DTW4lag12 phenotype-stratified,warm_season_sensitivity,ssp245,2032,2031-2040,cehwi_day_all,cehwi,day,all,607.0135135135135,-0.3741920551745517,0.4041973008705846,1.2461566141544198,0.0041532093795647,0.4153209379564758,0.0008306229517759,1.7789103420964285,0.4084013553529039,0.0,1.7789103420964285,0.0,0.0008271494645027,1.670345902662492,0.4041973008705846,0.0008271494645027,1.670345902662492,DTW4lag12,DTW4lag12_mixed,All_cities,warm_season_sensitivity,May-September warm-season days; non-heatwave days contribute zero,"5,6,7,8,9"
sensitivity_dtw4lag12,DTW4lag12 phenotype-stratified,warm_season_sensitivity,ssp245,2032,2031-2040,cehwi_night_all,cehwi,night,all,389.4920634920635,-2.377287914940735,2.4427269026476632,11.690685941549129,0.0442365315008005,4.423653150080054,1.1494915564348156,94.8719975620618,4.423653150080054,0.0,94.87183351138128,0.0,0.3401218787114645,5.909610004440051,2.4427269026476632,0.3401218787114645,5.909610004440051,DTW4lag12,DTW4lag12_mixed,All_cities,warm_season_sensitivity,May-September warm-season days; non-heatwave days contribute zero,"5,6,7,8,9"
sensitivity_dtw4lag12,DTW4lag12 phenotype-stratified,warm_season_sensitivity,ssp245,2032,2031-2040,exceeded_quantity_composite_all,exceeded_quantity,composite,all,346.1111111111111,0.5202679684848696,0.3505524405856376,1.7341946269306625,0.0035948914027982,0.3594891402798255,0.0978742109472558,1.5887285182449646,0.3594891402798255,0.0978742109472558,1.5887285182449646,0.0,0.0968354637249994,1.48255778773171,0.3505524405856376,0.0968354637249994,1.48255778773171,DTW4lag12,DTW4lag12_mixed,All_cities,warm_season_sensitivity,May-September warm-season days; non-heatwave days contribute zero,"5,6,7,8,9"
sensitivity_dtw4lag12,DTW4lag12 phenotype-stratified,warm_season_sensitivity,ssp245,2032,2031-2040,exceeded_quantity_day_all,exceeded_quantity,day,all,607.0135135135135,-0.5423140029421678,0.5745977236787441,1.8646808981377965,0.0059207215616447,0.5920721561644742,0.0013888851615854,2.229793402757138,0.5734473683267187,0.0,2.229793402757138,0.0,0.0013710690133097,2.0876262142842053,0.5745977236787441,0.0013710690133097,2.0876262142842053,DTW4lag12,DTW4lag12_mixed,All_cities,warm_season_sensitivity,May-September warm-season days; non-heatwave days contribute zero,"5,6,7,8,9"
sensitivity_dtw4lag12,DTW4lag12 phenotype-stratified,warm_season_sensitivity,ssp245,2032,2031-2040,exceeded_quantity_night_all,exceeded_quantity,night,all,389.4920634920635,-6.105699302892318,6.303853688203652,29.78132843902744,1.0885586465944328,108.85586465944328,103.28122020604656,115.1492196156139,108.8553640749777,90.7005456568731,115.1492196156139,0.0,5.640119410405834,6.53442860852211,6.303853688203652,5.640119410405834,6.53442860852211,DTW4lag12,DTW4lag12_mixed,All_cities,warm_season_sensitivity,May-September warm-season days; non-heatwave days contribute zero,"5,6,7,8,9"
sensitivity_dtw4lag12,DTW4lag12 phenotype-stratified,warm_season_sensitivity,ssp245,2033,2031-2040,cehwi_composite_all,cehwi,composite,all,477.12698412698415,-0.4924110988854235,0.4924110988854235,2.007024682453534,0.0050441120990629,0.5044112099062986,0.0419013004070368,2.0393177632610238,0.5044112099062986,0.0419013004070368,2.0393177632610238,0.0,0.0414373429523147,1.8459118633679428,0.4924110988854235,0.0414373429523147,1.8459118633679428,DTW4lag12,DTW4lag12_mixed,All_cities,warm_season_sensitivity,May-September warm-season days; non-heatwave days contribute zero,"5,6,7,8,9"
sensitivity_dtw4lag12,DTW4lag12 phenotype-stratified,warm_season_sensitivity,ssp245,2033,2031-2040,cehwi_day_all,cehwi,day,all,803.7297297297297,-0.5220833890523212,0.5547838901756049,1.352738398875977,0.0056930182290894,0.5693018229089468,1.3874195417697816e-05,2.3340547431798453,0.5627350350229757,0.0,2.3340547431798453,0.0,1.3859236103590108e-05,2.191357571426135,0.5547838901756049,1.3859236103590108e-05,2.191357571426135,DTW4lag12,DTW4lag12_mixed,All_cities,warm_season_sensitivity,May-September warm-season days; non-heatwave days contribute zero,"5,6,7,8,9"
sensitivity_dtw4lag12,DTW4lag12 phenotype-stratified,warm_season_sensitivity,ssp245,2033,2031-2040,cehwi_night_all,cehwi,night,all,422.36507936507934,-2.5040221863381245,2.554706815749309,12.605937408462026,0.0503869998811198,5.038699988111981,1.718181149697607,96.7156561179327,5.038699988111982,0.0,96.7156561179327,0.0,0.4295414243089592,5.9763190342561545,2.554706815749309,0.4295414243089592,5.9763190342561545,DTW4lag12,DTW4lag12_mixed,All_cities,warm_season_sensitivity,May-September warm-season days; non-heatwave days contribute zero,"5,6,7,8,9"
sensitivity_dtw4lag12,DTW4lag12 phenotype-stratified,warm_season_sensitivity,ssp245,2033,2031-2040,exceeded_quantity_composite_all,exceeded_quantity,composite,all,477.12698412698415,0.696262931154083,0.4517752132665277,1.8877408188005187,0.0046444514321691,0.4644451432169127,0.1096050553302293,2.382026072394942,0.4631060342202908,0.1096050553302293,2.382026072394942,0.0,0.108237859892061,2.1996559168474463,0.4517752132665277,0.108237859892061,2.1996559168474463,DTW4lag12,DTW4lag12_mixed,All_cities,warm_season_sensitivity,May-September warm-season days; non-heatwave days contribute zero,"5,6,7,8,9"
sensitivity_dtw4lag12,DTW4lag12 phenotype-stratified,warm_season_sensitivity,ssp245,2033,2031-2040,exceeded_quantity_day_all,exceeded_quantity,day,all,803.7297297297297,-0.7557564617397937,0.7978458984251758,2.008284311944181,0.0082403605099451,0.8240360509945179,0.0038665000475013,3.026847653152355,0.804255398164399,0.0,3.026847653152355,0.0,0.0037923858026887,2.8217805457642133,0.7978458984251758,0.0037923858026887,2.8217805457642133,DTW4lag12,DTW4lag12_mixed,All_cities,warm_season_sensitivity,May-September warm-season days; non-heatwave days contribute zero,"5,6,7,8,9"
sensitivity_dtw4lag12,DTW4lag12 phenotype-stratified,warm_season_sensitivity,ssp245,2033,2031-2040,exceeded_quantity_night_all,exceeded_quantity,night,all,422.36507936507934,-5.864344667013881,6.055530461586015,30.11565167387884,1.0364071558093322,103.64071558093325,98.12001203322724,110.5584453104223,103.64068704516654,84.37702925380727,110.5584453104223,0.0,5.349043334054718,6.289648833229361,6.055530461586015,5.349043334054718,6.289648833229361,DTW4lag12,DTW4lag12_mixed,All_cities,warm_season_sensitivity,May-September warm-season days; non-heatwave days contribute zero,"5,6,7,8,9"
sensitivity_dtw4lag12,DTW4lag12 phenotype-stratified,warm_season_sensitivity,ssp245,2034,2031-2040,cehwi_composite_all,cehwi,composite,all,468.968253968254,-0.448256463267787,0.448256463267787,1.897556212701928,0.0045795440059982,0.4579544005998214,0.0357811892001439,1.7973516889927286,0.4579544005998214,0.0357811892001439,1.7973516889927286,0.0,0.0355669590423258,1.641894660327769,0.448256463267787,0.0355669590423258,1.641894660327769,DTW4lag12,DTW4lag12_mixed,All_cities,warm_season_sensitivity,May-September warm-season days; non-heatwave days contribute zero,"5,6,7,8,9"
sensitivity_dtw4lag12,DTW4lag12 phenotype-stratified,warm_season_sensitivity,ssp245,2034,2031-2040,cehwi_day_all,cehwi,day,all,699.9864864864865,-0.4813194727640743,0.5052938030296691,1.2773580903422443,0.005216230124045,0.5216230124045073,0.0001221892622867,2.0209254784162654,0.5179607816849015,0.0,2.0209254784162654,0.0,0.0001216901986743,1.8793002438405544,0.5052938030296691,0.0001216901986743,1.8793002438405544,DTW4lag12,DTW4lag12_mixed,All_cities,warm_season_sensitivity,May-September warm-season days; non-heatwave days contribute zero,"5,6,7,8,9"
sensitivity_dtw4lag12,DTW4lag12 phenotype-stratified,warm_season_sensitivity,ssp245,2034,2031-2040,cehwi_night_all,cehwi,night,all,449.6507936507937,-2.352126728530546,2.428737466279552,11.537263546662707,0.0458783398057958,4.587833980579581,1.4119202715685413,94.60559862503747,4.587833980579581,0.0,94.60447162144496,0.0,0.3755313557445544,5.8261459989970295,2.428737466279552,0.3755313557445544,5.8261459989970295,DTW4lag12,DTW4lag12_mixed,All_cities,warm_season_sensitivity,May-September warm-season days; non-heatwave days contribute zero,"5,6,7,8,9"
sensitivity_dtw4lag12,DTW4lag12 phenotype-stratified,warm_season_sensitivity,ssp245,2034,2031-2040,exceeded_quantity_composite_all,exceeded_quantity,composite,all,468.968253968254,0.9524780592429516,0.4281526298106474,1.8161741532162496,0.0043931830791761,0.4393183079176103,0.1068208466916653,2.2661909172202823,0.439298698930943,0.1068208466916653,2.2661909172202823,0.0,0.1056384914040484,2.0956465791761563,0.4281526298106474,0.1056384914040484,2.0956465791761563,DTW4lag12,DTW4lag12_mixed,All_cities,warm_season_sensitivity,May-September warm-season days; non-heatwave days contribute zero,"5,6,7,8,9"
sensitivity_dtw4lag12,DTW4lag12 phenotype-stratified,warm_season_sensitivity,ssp245,2034,2031-2040,exceeded_quantity_day_all,exceeded_quantity,day,all,699.9864864864865,-0.6990407816413299,0.7294286134694435,1.9632493884594144,0.0075910163021831,0.7591016302183152,0.0052870127622769,2.688250060649862,0.7497603585238504,0.0,2.688250060649862,0.0,0.0048604281887955,2.4877434122173114,0.7294286134694435,0.0048604281887955,2.4877434122173114,DTW4lag12,DTW4lag12_mixed,All_cities,warm_season_sensitivity,May-September warm-season days; non-heatwave days contribute zero,"5,6,7,8,9"
sensitivity_dtw4lag12,DTW4lag12 phenotype-stratified,warm_season_sensitivity,ssp245,2034,2031-2040,exceeded_quantity_night_all,exceeded_quantity,night,all,449.6507936507937,-6.922754894684291,7.131283468332754,30.714949891841897,1.2456628147522302,124.566281475223,119.55398788502282,130.56722997759869,124.566281475223,107.96043186239612,130.56722997759869,0.0,6.51562317998519,7.372048619161066,7.131283468332754,6.51562317998519,7.372048619161066,DTW4lag12,DTW4lag12_mixed,All_cities,warm_season_sensitivity,May-September warm-season days; non-heatwave days contribute zero,"5,6,7,8,9"
sensitivity_dtw4lag12,DTW4lag12 phenotype-stratified,warm_season_sensitivity,ssp245,2035,2031-2040,cehwi_composite_all,cehwi,composite,all,405.9206349206349,-0.3605081076617997,0.3605081076617997,1.908575371618363,0.0036837545364467,0.3683754536446768,0.0390412986858422,1.3631705094160151,0.3683754536446768,0.0390412986858422,1.3631705094160151,0.0,0.0387720549347586,1.2482058437780197,0.3605081076617997,0.0387720549347586,1.2482058437780197,DTW4lag12,DTW4lag12_mixed,All_cities,warm_season_sensitivity,May-September warm-season days; non-heatwave days contribute zero,"5,6,7,8,9"
sensitivity_dtw4lag12,DTW4lag12 phenotype-stratified,warm_season_sensitivity,ssp245,2035,2031-2040,cehwi_day_all,cehwi,day,all,649.3513513513514,-0.5057104055175223,0.5346140300318962,1.4736513328180885,0.0055021886498998,0.5502188649899871,1.1446102133095255e-05,2.1914345588797493,0.5441559740964048,0.0,2.1914345588797493,0.0,1.14240253375482e-05,2.044520119540644,0.5346140300318962,1.14240253375482e-05,2.044520119540644,DTW4lag12,DTW4lag12_mixed,All_cities,warm_season_sensitivity,May-September warm-season days; non-heatwave days contribute zero,"5,6,7,8,9"
sensitivity_dtw4lag12,DTW4lag12 phenotype-stratified,warm_season_sensitivity,ssp245,2035,2031-2040,cehwi_night_all,cehwi,night,all,440.07936507936506,-3.037663856544634,3.089925007736439,13.304466924798104,0.0581039864182776,5.810398641827761,1.6053772022700576,113.90410161791992,5.810398641827761,0.0,113.90408821761412,0.0,0.4793122583909088,7.051127688979909,3.089925007736439,0.4793122583909088,7.051127688979909,DTW4lag12,DTW4lag12_mixed,All_cities,warm_season_sensitivity,May-September warm-season days; non-heatwave days contribute zero,"5,6,7,8,9"
sensitivity_dtw4lag12,DTW4lag12 phenotype-stratified,warm_season_sensitivity,ssp245,2035,2031-2040,exceeded_quantity_composite_all,exceeded_quantity,composite,all,405.9206349206349,0.6724791662814773,0.364656487811462,1.8028244136336329,0.0037467504702572,0.3746750470257241,0.1037017251766488,1.7595420663279655,0.374098593618507,0.1037017251766488,1.7595420663279655,0.0,0.1024494091153906,1.6358716701507177,0.364656487811462,0.1024494091153906,1.6358716701507177,DTW4lag12,DTW4lag12_mixed,All_cities,warm_season_sensitivity,May-September warm-season days; non-heatwave days contribute zero,"5,6,7,8,9"
sensitivity_dtw4lag12,DTW4lag12 phenotype-stratified,warm_season_sensitivity,ssp245,2035,2031-2040,exceeded_quantity_day_all,exceeded_quantity,day,all,649.3513513513514,-0.6669977203273982,0.702965486762669,2.085176524762138,0.0072672711433018,0.7267271143301822,0.0041872434869309,2.644507782697705,0.7017510155675748,0.0,2.644507782697705,0.0,0.0041210569936396,2.462131126031317,0.702965486762669,0.0041210569936396,2.462131126031317,DTW4lag12,DTW4lag12_mixed,All_cities,warm_season_sensitivity,May-September warm-season days; non-heatwave days contribute zero,"5,6,7,8,9"
sensitivity_dtw4lag12,DTW4lag12 phenotype-stratified,warm_season_sensitivity,ssp245,2035,2031-2040,exceeded_quantity_night_all,exceeded_quantity,night,all,440.07936507936506,-6.850382342491512,7.072021607466074,30.76908531365892,1.222636804515545,122.26368045155446,117.038486926611,129.45607343264112,122.26368045155444,103.60734868171562,129.45607343264112,0.0,6.378183510765672,7.340855725411672,7.072021607466074,6.378183510765672,7.340855725411672,DTW4lag12,DTW4lag12_mixed,All_cities,warm_season_sensitivity,May-September warm-season days; non-heatwave days contribute zero,"5,6,7,8,9"
sensitivity_dtw4lag12,DTW4lag12 phenotype-stratified,warm_season_sensitivity,ssp245,2036,2031-2040,cehwi_composite_all,cehwi,composite,all,536.3015873015873,-0.5234647799802521,0.5234647799802521,1.9978867649628675,0.0053620324879042,0.5362032487904222,0.0347333485141149,2.1980663841161765,0.5362032487904222,0.0347283539049271,2.1980663841161765,0.0,0.0344910341316208,1.9816941469144296,0.5234647799802521,0.0344910341316208,1.9816941469144296,DTW4lag12,DTW4lag12_mixed,All_cities,warm_season_sensitivity,May-September warm-season days; non-heatwave days contribute zero,"5,6,7,8,9"
sensitivity_dtw4lag12,DTW4lag12 phenotype-stratified,warm_season_sensitivity,ssp245,2036,2031-2040,cehwi_day_all,cehwi,day,all,870.1621621621622,-0.6942889883712542,0.7293101720658941,1.6888970947576538,0.007556522503523,0.7556522503523067,0.0001614145178061,2.868946339274581,0.7493520497218465,0.0,2.868946339274581,0.0,0.000160224714645,2.6433922251949795,0.7293101720658941,0.000160224714645,2.6433922251949795,DTW4lag12,DTW4lag12_mixed,All_cities,warm_season_sensitivity,May-September warm-season days; non-heatwave days contribute zero,"5,6,7,8,9"
sensitivity_dtw4lag12,DTW4lag12 phenotype-stratified,warm_season_sensitivity,ssp245,2036,2031-2040,cehwi_night_all,cehwi,night,all,474.4920634920635,-3.3002768945356844,3.3568456915598914,13.995037409049967,0.0629469436414656,6.29469436414656,1.8851104735427184,121.29039180688774,6.294694364146561,0.0,121.29029730303247,0.0,0.5156072023595722,7.449824464628237,3.3568456915598914,0.5156072023595722,7.449824464628237,DTW4lag12,DTW4lag12_mixed,All_cities,warm_season_sensitivity,May-September warm-season days; non-heatwave days contribute zero,"5,6,7,8,9"
sensitivity_dtw4lag12,DTW4lag12 phenotype-stratified,warm_season_sensitivity,ssp245,2036,2031-2040,exceeded_quantity_composite_all,exceeded_quantity,composite,all,536.3015873015873,1.01610147716231,0.4755006045434138,1.8150624149912635,0.0048839594024214,0.4883959402421499,0.1080683829996435,2.7118288287811785,0.4838247286449286,0.1080683829996435,2.7118288287811785,0.0,0.1068053385938736,2.4915470439610896,0.4755006045434138,0.1068053385938736,2.4915470439610896,DTW4lag12,DTW4lag12_mixed,All_cities,warm_season_sensitivity,May-September warm-season days; non-heatwave days contribute zero,"5,6,7,8,9"
sensitivity_dtw4lag12,DTW4lag12 phenotype-stratified,warm_season_sensitivity,ssp245,2036,2031-2040,exceeded_quantity_day_all,exceeded_quantity,day,all,870.1621621621622,-0.9181250298041476,0.9567940500410468,2.323581899715683,0.0099453656675757,0.9945365667575752,0.0015670043887775,3.52240736255634,0.9767022629495408,0.0,3.52240736255634,0.0,0.0015377408510646,3.241662498817703,0.9567940500410468,0.0015377408510646,3.241662498817703,DTW4lag12,DTW4lag12_mixed,All_cities,warm_season_sensitivity,May-September warm-season days; non-heatwave days contribute zero,"5,6,7,8,9"
sensitivity_dtw4lag12,DTW4lag12 phenotype-stratified,warm_season_sensitivity,ssp245,2036,2031-2040,exceeded_quantity_night_all,exceeded_quantity,night,all,474.4920634920635,-7.610292736888212,7.865147896932539,28.80574103463989,1.381528058147971,138.15280581479712,133.31656926496316,144.20653800913288,138.15255214633498,121.69419790137388,144.20653800913288,0.0,7.2646077140678,8.16030900239143,7.865147896932539,7.2646077140678,8.16030900239143,DTW4lag12,DTW4lag12_mixed,All_cities,warm_season_sensitivity,May-September warm-season days; non-heatwave days contribute zero,"5,6,7,8,9"
sensitivity_dtw4lag12,DTW4lag12 phenotype-stratified,warm_season_sensitivity,ssp245,2037,2031-2040,cehwi_composite_all,cehwi,composite,all,440.8888888888889,-0.437280423762124,0.437298247319464,1.939706139099603,0.0044765314782707,0.4476531478270787,0.039863705545411,1.7240142636755984,0.4476354892600035,0.039863705545411,1.7240142636755984,0.0,0.0394943454288122,1.567919581420966,0.437298247319464,0.0394943454288122,1.567919581420966,DTW4lag12,DTW4lag12_mixed,All_cities,warm_season_sensitivity,May-September warm-season days; non-heatwave days contribute zero,"5,6,7,8,9"
sensitivity_dtw4lag12,DTW4lag12 phenotype-stratified,warm_season_sensitivity,ssp245,2037,2031-2040,cehwi_day_all,cehwi,day,all,787.8648648648649,-0.5400029915452031,0.56743057311931,1.3605437436155858,0.0058441018260162,0.5844101826016256,1.1366888132900849e-06,2.330522583723759,0.5778785322348906,0.0,2.330522583723759,0.0,1.135731591397283e-06,2.1723733943781887,0.56743057311931,1.135731591397283e-06,2.1723733943781887,DTW4lag12,DTW4lag12_mixed,All_cities,warm_season_sensitivity,May-September warm-season days; non-heatwave days contribute zero,"5,6,7,8,9"
sensitivity_dtw4lag12,DTW4lag12 phenotype-stratified,warm_season_sensitivity,ssp245,2037,2031-2040,cehwi_night_all,cehwi,night,all,436.1904761904762,-3.451175665916786,3.4974358199094246,12.8708282104696,0.0689655762036185,6.896557620361852,2.301174494291846,123.60233185575936,6.896557620361852,0.0,123.60233185575936,0.0,0.61836861523276,7.679512957955898,3.4974358199094246,0.61836861523276,7.679512957955898,DTW4lag12,DTW4lag12_mixed,All_cities,warm_season_sensitivity,May-September warm-season days; non-heatwave days contribute zero,"5,6,7,8,9"
sensitivity_dtw4lag12,DTW4lag12 phenotype-stratified,warm_season_sensitivity,ssp245,2037,2031-2040,exceeded_quantity_composite_all,exceeded_quantity,composite,all,440.8888888888889,0.7460297916256868,0.4428745903006073,1.8448370310746187,0.0045533937294407,0.4553393729440772,0.1150906243210494,2.155787956642565,0.4548068769782722,0.1150906243210494,2.155787956642565,0.0,0.1136761938700666,1.987412262134745,0.4428745903006073,0.1136761938700666,1.987412262134745,DTW4lag12,DTW4lag12_mixed,All_cities,warm_season_sensitivity,May-September warm-season days; non-heatwave days contribute zero,"5,6,7,8,9"
sensitivity_dtw4lag12,DTW4lag12 phenotype-stratified,warm_season_sensitivity,ssp245,2037,2031-2040,exceeded_quantity_day_all,exceeded_quantity,day,all,787.8648648648649,-0.7695243407036036,0.8067896987790589,2.033596095209216,0.0083463698398088,0.8346369839808869,0.0012014191795701,2.9826343148061745,0.8217767992386777,0.0,2.9826343148061745,0.0,0.0011861645652476,2.770129707169225,0.8067896987790589,0.0011861645652476,2.770129707169225,DTW4lag12,DTW4lag12_mixed,All_cities,warm_season_sensitivity,May-September warm-season days; non-heatwave days contribute zero,"5,6,7,8,9"
sensitivity_dtw4lag12,DTW4lag12 phenotype-stratified,warm_season_sensitivity,ssp245,2037,2031-2040,exceeded_quantity_night_all,exceeded_quantity,night,all,436.1904761904762,-7.311468283409336,7.568693274825867,29.59123782871957,1.3170874455863082,131.70874455863083,125.9214365211293,138.64362727640568,131.70874455863083,112.4094676152266,138.64362727640568,0.0,6.863977443093759,7.869911843370907,7.568693274825867,6.863977443093759,7.869911843370907,DTW4lag12,DTW4lag12_mixed,All_cities,warm_season_sensitivity,May-September warm-season days; non-heatwave days contribute zero,"5,6,7,8,9"
sensitivity_dtw4lag12,DTW4lag12 phenotype-stratified,warm_season_sensitivity,ssp245,2038,2031-2040,cehwi_composite_all,cehwi,composite,all,574.5873015873016,-0.6870315579027199,0.7088275350833537,2.4061665377673784,0.007289930252043,0.7289930252043066,0.0796605566375558,2.888683472255212,0.7086973150056672,0.0796605566375558,2.888683472255212,0.0,0.0785767630747521,2.577335267118055,0.7088275350833537,0.0785767630747521,2.577335267118055,DTW4lag12,DTW4lag12_mixed,All_cities,warm_season_sensitivity,May-September warm-season days; non-heatwave days contribute zero,"5,6,7,8,9"
sensitivity_dtw4lag12,DTW4lag12 phenotype-stratified,warm_season_sensitivity,ssp245,2038,2031-2040,cehwi_day_all,cehwi,day,all,792.6486486486486,-0.5278974922848878,0.5695088682370105,1.4289123665354817,0.0058525032370129,0.5852503237012979,0.0006165210625322,2.5175431623801843,0.5765759281436083,0.0,2.5175431623801843,0.0,0.0006114071680418,2.35373728510422,0.5695088682370105,0.0006114071680418,2.35373728510422,DTW4lag12,DTW4lag12_mixed,All_cities,warm_season_sensitivity,May-September warm-season days; non-heatwave days contribute zero,"5,6,7,8,9"
sensitivity_dtw4lag12,DTW4lag12 phenotype-stratified,warm_season_sensitivity,ssp245,2038,2031-2040,cehwi_night_all,cehwi,night,all,457.77777777777777,-2.562000210379132,2.6097536941785804,11.613616212405558,0.0460057972168029,4.60057972168029,1.1486103058794954,108.15792624650642,4.60057972168029,0.0,108.15792624650642,0.0,0.3210446047045099,6.629265185149448,2.6097536941785804,0.3210446047045099,6.629265185149448,DTW4lag12,DTW4lag12_mixed,All_cities,warm_season_sensitivity,May-September warm-season days; non-heatwave days contribute zero,"5,6,7,8,9"
sensitivity_dtw4lag12,DTW4lag12 phenotype-stratified,warm_season_sensitivity,ssp245,2038,2031-2040,exceeded_quantity_composite_all,exceeded_quantity,composite,all,574.5873015873016,0.8229964609893933,0.6058648403669181,2.006557254797461,0.0062395650792705,0.6239565079270589,0.1522250869535266,3.0816029514736822,0.6179761309811093,0.1522250869535266,3.0816029514736822,0.0,0.1501918914431018,2.8332152448340664,0.6058648403669181,0.1501918914431018,2.8332152448340664,DTW4lag12,DTW4lag12_mixed,All_cities,warm_season_sensitivity,May-September warm-season days; non-heatwave days contribute zero,"5,6,7,8,9"
sensitivity_dtw4lag12,DTW4lag12 phenotype-stratified,warm_season_sensitivity,ssp245,2038,2031-2040,exceeded_quantity_day_all,exceeded_quantity,day,all,792.6486486486486,-0.8402486328261004,0.877756300354758,2.299022906386764,0.0090906026738985,0.909060267389854,0.0051500735770192,3.3132122488196725,0.8829526315889163,0.0,3.3132122488196725,0.0,0.00506099437048,3.0676662610126373,0.877756300354758,0.00506099437048,3.0676662610126373,DTW4lag12,DTW4lag12_mixed,All_cities,warm_season_sensitivity,May-September warm-season days; non-heatwave days contribute zero,"5,6,7,8,9"
sensitivity_dtw4lag12,DTW4lag12 phenotype-stratified,warm_season_sensitivity,ssp245,2038,2031-2040,exceeded_quantity_night_all,exceeded_quantity,night,all,457.77777777777777,-7.245107334027134,7.466114392648186,29.17121029086776,1.2844679513689707,128.44679513689707,122.07527101267084,136.5236433184891,128.4466932365702,106.10783958225052,136.5236433184891,0.0,6.654373602643593,7.752526347547817,7.466114392648186,6.654373602643593,7.752526347547817,DTW4lag12,DTW4lag12_mixed,All_cities,warm_season_sensitivity,May-September warm-season days; non-heatwave days contribute zero,"5,6,7,8,9"
sensitivity_dtw4lag12,DTW4lag12 phenotype-stratified,warm_season_sensitivity,ssp245,2039,2031-2040,cehwi_composite_all,cehwi,composite,all,622.1269841269841,-0.7106107578060827,0.7109406556282479,2.28452813612035,0.0073010853160608,0.7301085316060844,0.0771718122507258,2.8168459830788866,0.7297824866794005,0.0771718122507258,2.8168459830788866,0.0,0.0761528799821746,2.533894989210824,0.7109406556282479,0.0761528799821746,2.533894989210824,DTW4lag12,DTW4lag12_mixed,All_cities,warm_season_sensitivity,May-September warm-season days; non-heatwave days contribute zero,"5,6,7,8,9"
sensitivity_dtw4lag12,DTW4lag12 phenotype-stratified,warm_season_sensitivity,ssp245,2039,2031-2040,cehwi_day_all,cehwi,day,all,861.7972972972973,-0.6797989763704311,0.7095893017193001,1.5045754489251886,0.0073207617780833,0.7320761778083383,0.0002877431603484,2.751360772159874,0.7266730774192123,0.0,2.751360772159874,0.0,0.0002869667790125,2.559204216664647,0.7095893017193001,0.0002869667790125,2.559204216664647,DTW4lag12,DTW4lag12_mixed,All_cities,warm_season_sensitivity,May-September warm-season days; non-heatwave days contribute zero,"5,6,7,8,9"
sensitivity_dtw4lag12,DTW4lag12 phenotype-stratified,warm_season_sensitivity,ssp245,2039,2031-2040,cehwi_night_all,cehwi,night,all,430.6507936507937,-3.049315779381259,3.1025466767976257,13.08627733738884,0.0579274247458333,5.792742474583333,1.5978948769160224,111.30654779424192,5.792742474583332,0.0,111.30654779424192,0.0,0.4838589056385532,6.9206369819586016,3.1025466767976257,0.4838589056385532,6.9206369819586016,DTW4lag12,DTW4lag12_mixed,All_cities,warm_season_sensitivity,May-September warm-season days; non-heatwave days contribute zero,"5,6,7,8,9"
sensitivity_dtw4lag12,DTW4lag12 phenotype-stratified,warm_season_sensitivity,ssp245,2039,2031-2040,exceeded_quantity_composite_all,exceeded_quantity,composite,all,622.1269841269841,0.9977066750060516,0.6001954332722876,1.9516740953248184,0.0061767308623038,0.6176730862303881,0.15266225503725,3.1053591803529903,0.6174223080989437,0.15266225503725,3.1053591803529903,0.0,0.1507079992997468,2.8597521663308494,0.6001954332722876,0.1507079992997468,2.8597521663308494,DTW4lag12,DTW4lag12_mixed,All_cities,warm_season_sensitivity,May-September warm-season days; non-heatwave days contribute zero,"5,6,7,8,9"
sensitivity_dtw4lag12,DTW4lag12 phenotype-stratified,warm_season_sensitivity,ssp245,2039,2031-2040,exceeded_quantity_day_all,exceeded_quantity,day,all,861.7972972972973,-0.9003038830662244,0.9349658464881184,2.172086541559536,0.009672709971986,0.9672709971986004,0.0005743319068623,3.496800566880859,0.9536066574859194,0.0,3.496800566880859,0.0,0.0005646457367404,3.2440493238839028,0.9349658464881184,0.0005646457367404,3.2440493238839028,DTW4lag12,DTW4lag12_mixed,All_cities,warm_season_sensitivity,May-September warm-season days; non-heatwave days contribute zero,"5,6,7,8,9"
sensitivity_dtw4lag12,DTW4lag12 phenotype-stratified,warm_season_sensitivity,ssp245,2039,2031-2040,exceeded_quantity_night_all,exceeded_quantity,night,all,430.6507936507937,-5.283611492157674,5.527846589474715,32.37791461016008,0.952497820943192,95.2497820943192,90.89058479131472,101.22274428273217,95.2497820943192,79.80615791229968,101.22274428273217,0.0,4.95303539211421,5.814685070190567,5.527846589474715,4.95303539211421,5.814685070190567,DTW4lag12,DTW4lag12_mixed,All_cities,warm_season_sensitivity,May-September warm-season days; non-heatwave days contribute zero,"5,6,7,8,9"
sensitivity_dtw4lag12,DTW4lag12 phenotype-stratified,warm_season_sensitivity,ssp245,2040,2031-2040,cehwi_composite_all,cehwi,composite,all,493.95238095238096,-0.5445939721669176,0.5451508936900155,2.268106185154721,0.005599812467576,0.5599812467576014,0.0917883280608436,1.898422479326296,0.5594601514172642,0.0917883280608436,1.898422479326296,0.0,0.0903912863461127,1.7313830952134035,0.5451508936900155,0.0903912863461127,1.7313830952134035,DTW4lag12,DTW4lag12_mixed,All_cities,warm_season_sensitivity,May-September warm-season days; non-heatwave days contribute zero,"5,6,7,8,9"
sensitivity_dtw4lag12,DTW4lag12 phenotype-stratified,warm_season_sensitivity,ssp245,2040,2031-2040,cehwi_day_all,cehwi,day,all,850.4054054054054,-1.0478718555286932,1.1853976395835049,2.29484795429497,0.0142306161902505,1.423061619025054,0.0003811612263992,5.487324765043309,1.335778270553462,0.0,5.487324765043309,0.0,0.0003784693534878,4.024321755344783,1.1853976395835049,0.0003784693534878,4.024321755344783,DTW4lag12,DTW4lag12_mixed,All_cities,warm_season_sensitivity,May-September warm-season days; non-heatwave days contribute zero,"5,6,7,8,9"
sensitivity_dtw4lag12,DTW4lag12 phenotype-stratified,warm_season_sensitivity,ssp245,2040,2031-2040,cehwi_night_all,cehwi,night,all,492.0,-2.613995492689664,2.6815491043484045,12.05267924747011,0.0489138161485517,4.891381614855172,1.3381988790267398,106.72079904193332,4.891381614855172,0.0,106.7198411342914,0.0,0.3789549480295811,6.533359498972966,2.6815491043484045,0.3789549480295811,6.533359498972966,DTW4lag12,DTW4lag12_mixed,All_cities,warm_season_sensitivity,May-September warm-season days; non-heatwave days contribute zero,"5,6,7,8,9"
sensitivity_dtw4lag12,DTW4lag12 phenotype-stratified,warm_season_sensitivity,ssp245,2040,2031-2040,exceeded_quantity_composite_all,exceeded_quantity,composite,all,493.95238095238096,0.9074749872019856,0.5338833806405668,1.960202033824848,0.0055128651880078,0.5512865188007801,0.1604676818885072,2.445270332825068,0.550160530540541,0.1604676818885072,2.445270332825068,0.0,0.1581844002425536,2.249806445368891,0.5338833806405668,0.1581844002425536,2.249806445368891,DTW4lag12,DTW4lag12_mixed,All_cities,warm_season_sensitivity,May-September warm-season days; non-heatwave days contribute zero,"5,6,7,8,9"
sensitivity_dtw4lag12,DTW4lag12 phenotype-stratified,warm_season_sensitivity,ssp245,2040,2031-2040,exceeded_quantity_day_all,exceeded_quantity,day,all,850.4054054054054,-1.1117255259803704,1.1457436321102812,2.485283248214612,0.0119874975691096,1.1987497569109629,0.0077524837224506,4.0602171754576295,1.174516951522456,0.0,4.0602171754576295,0.0,0.0075984978633146,3.6885489115161008,1.1457436321102812,0.0075984978633146,3.6885489115161008,DTW4lag12,DTW4lag12_mixed,All_cities,warm_season_sensitivity,May-September warm-season days; non-heatwave days contribute zero,"5,6,7,8,9"
sensitivity_dtw4lag12,DTW4lag12 phenotype-stratified,warm_season_sensitivity,ssp245,2040,2031-2040,exceeded_quantity_night_all,exceeded_quantity,night,all,492.0,-6.7572667316240125,6.977392003971065,30.288458542732645,1.201615513704546,120.1615513704546,114.29142044080446,127.61944860964596,120.1615513704546,100.10829930899165,127.61944860964596,0.0,6.233812788740341,7.230706743037616,6.977392003971065,6.233812788740341,7.230706743037616,DTW4lag12,DTW4lag12_mixed,All_cities,warm_season_sensitivity,May-September warm-season days; non-heatwave days contribute zero,"5,6,7,8,9"
sensitivity_dtw4lag12,DTW4lag12 phenotype-stratified,warm_season_sensitivity,ssp245,2041,2041-2050,cehwi_composite_all,cehwi,composite,all,617.3492063492064,-0.622846877736916,0.622846877736916,2.0491174222801427,0.0063752401425134,0.6375240142513445,0.0648324393521929,2.404424055589033,0.6375240142513445,0.0648324393521929,2.404424055589033,0.0,0.0642341834318416,2.1894144450269657,0.622846877736916,0.0642341834318416,2.1894144450269657,DTW4lag12,DTW4lag12_mixed,All_cities,warm_season_sensitivity,May-September warm-season days; non-heatwave days contribute zero,"5,6,7,8,9"
sensitivity_dtw4lag12,DTW4lag12 phenotype-stratified,warm_season_sensitivity,ssp245,2041,2041-2050,cehwi_day_all,cehwi,day,all,813.472972972973,-0.53591799383038,0.5662921880361462,1.3625436276370997,0.0058206136936867,0.5820613693686745,0.0027728387657495,2.403058935985733,0.5747200344011713,0.0,2.403058935985733,0.0,0.0027461214479439,2.2448542207647817,0.5662921880361462,0.0027461214479439,2.2448542207647817,DTW4lag12,DTW4lag12_mixed,All_cities,warm_season_sensitivity,May-September warm-season days; non-heatwave days contribute zero,"5,6,7,8,9"
sensitivity_dtw4lag12,DTW4lag12 phenotype-stratified,warm_season_sensitivity,ssp245,2041,2041-2050,cehwi_night_all,cehwi,night,all,512.015873015873,-3.924181649518309,3.981014403038433,14.19067815955616,0.0777496707268603,7.774967072686035,2.51605918769224,137.92477487418125,7.774967072686034,0.0,137.92477487418125,0.0,0.69860338781687,8.613892231268544,3.981014403038433,0.69860338781687,8.613892231268544,DTW4lag12,DTW4lag12_mixed,All_cities,warm_season_sensitivity,May-September warm-season days; non-heatwave days contribute zero,"5,6,7,8,9"
sensitivity_dtw4lag12,DTW4lag12 phenotype-stratified,warm_season_sensitivity,ssp245,2041,2041-2050,exceeded_quantity_composite_all,exceeded_quantity,composite,all,617.3492063492064,1.270374949962663,0.5644789388110455,1.7909488153924542,0.005797847104426,0.5797847104426026,0.1487978391727886,2.9778651071973203,0.5773938325282254,0.1487978391727886,2.9778651071973203,0.0,0.1470763473506355,2.7492588218825253,0.5644789388110455,0.1470763473506355,2.7492588218825253,DTW4lag12,DTW4lag12_mixed,All_cities,warm_season_sensitivity,May-September warm-season days; non-heatwave days contribute zero,"5,6,7,8,9"
sensitivity_dtw4lag12,DTW4lag12 phenotype-stratified,warm_season_sensitivity,ssp245,2041,2041-2050,exceeded_quantity_day_all,exceeded_quantity,day,all,813.472972972973,-0.7682915210567887,0.8030372410159843,2.027371557755514,0.008290195651814,0.8290195651814061,0.0012980687959273,3.028114116116353,0.8149579884168889,0.0,3.028114116116353,0.0,0.001282266869059,2.8216960046470168,0.8030372410159843,0.001282266869059,2.8216960046470168,DTW4lag12,DTW4lag12_mixed,All_cities,warm_season_sensitivity,May-September warm-season days; non-heatwave days contribute zero,"5,6,7,8,9"
sensitivity_dtw4lag12,DTW4lag12 phenotype-stratified,warm_season_sensitivity,ssp245,2041,2041-2050,exceeded_quantity_night_all,exceeded_quantity,night,all,512.015873015873,-7.715975637380464,8.016194920335414,28.252407545858752,1.369827546547874,136.9827546547874,130.13771254590355,146.5750619572692,136.9827546547874,112.32806209456706,146.5750619572692,0.0,7.0961329300364895,8.377400582479043,8.016194920335414,7.0961329300364895,8.377400582479043,DTW4lag12,DTW4lag12_mixed,All_cities,warm_season_sensitivity,May-September warm-season days; non-heatwave days contribute zero,"5,6,7,8,9"
sensitivity_dtw4lag12,DTW4lag12 phenotype-stratified,warm_season_sensitivity,ssp245,2042,2041-2050,cehwi_composite_all,cehwi,composite,all,681.7142857142857,1.2883291714854552,0.9683789444500656,2.7498957044147505,0.0100062415756845,1.000624157568454,0.1207988494035196,5.0013891801162025,0.8924057488426931,0.113494685621215,5.0013891801162025,0.0,0.1188164812502069,3.801967529984892,0.9683789444500656,0.1188164812502069,3.801967529984892,DTW4lag12,DTW4lag12_mixed,All_cities,warm_season_sensitivity,May-September warm-season days; non-heatwave days contribute zero,"5,6,7,8,9"
sensitivity_dtw4lag12,DTW4lag12 phenotype-stratified,warm_season_sensitivity,ssp245,2042,2041-2050,cehwi_day_all,cehwi,day,all,828.6756756756756,-0.8221364788273142,0.861928598715556,2.007740768173471,0.0090089164814726,0.9008916481472604,0.0009395751140138,3.4708741129010874,0.8873114943959151,0.0,3.4708741129010874,0.0,0.0009314598127154,3.120577830104118,0.861928598715556,0.0009314598127154,3.120577830104118,DTW4lag12,DTW4lag12_mixed,All_cities,warm_season_sensitivity,May-September warm-season days; non-heatwave days contribute zero,"5,6,7,8,9"
sensitivity_dtw4lag12,DTW4lag12 phenotype-stratified,warm_season_sensitivity,ssp245,2042,2041-2050,cehwi_night_all,cehwi,night,all,485.936507936508,-3.216067179800083,3.2757313720982517,12.554128079539549,0.0572212923158173,5.722129231581733,1.1972097641077446,127.63123172425485,5.722129231581733,0.0,127.63123172425485,0.0,0.3842661159671086,7.704870804226074,3.2757313720982517,0.3842661159671086,7.704870804226074,DTW4lag12,DTW4lag12_mixed,All_cities,warm_season_sensitivity,May-September warm-season days; non-heatwave days contribute zero,"5,6,7,8,9"
sensitivity_dtw4lag12,DTW4lag12 phenotype-stratified,warm_season_sensitivity,ssp245,2042,2041-2050,exceeded_quantity_composite_all,exceeded_quantity,composite,all,681.7142857142857,1.2669063190032703,0.78746854585948,2.238096088654689,0.0081446876381065,0.8144687638106568,0.2149515774155318,4.097354429149287,0.802912633252618,0.2149515774155318,4.097354429149287,0.0,0.2115197115266132,3.7162136983942498,0.78746854585948,0.2115197115266132,3.7162136983942498,DTW4lag12,DTW4lag12_mixed,All_cities,warm_season_sensitivity,May-September warm-season days; non-heatwave days contribute zero,"5,6,7,8,9"
sensitivity_dtw4lag12,DTW4lag12 phenotype-stratified,warm_season_sensitivity,ssp245,2042,2041-2050,exceeded_quantity_day_all,exceeded_quantity,day,all,828.6756756756756,-1.0193444183936995,1.0500279511804458,2.5927496000117856,0.0109274323847694,1.0927432384769444,0.0053754461881093,3.776779205566827,1.0649556395624622,0.0,3.776779205566827,0.0,0.005281546423784,3.4642034149663274,1.0500279511804458,0.005281546423784,3.4642034149663274,DTW4lag12,DTW4lag12_mixed,All_cities,warm_season_sensitivity,May-September warm-season days; non-heatwave days contribute zero,"5,6,7,8,9"
sensitivity_dtw4lag12,DTW4lag12 phenotype-stratified,warm_season_sensitivity,ssp245,2042,2041-2050,exceeded_quantity_night_all,exceeded_quantity,night,all,485.936507936508,-5.9805067822321325,6.233786909230885,29.599610914721087,1.0775181347010792,107.75181347010792,102.76088396105852,114.02666451944816,107.75181347010792,90.646006646076,114.02666451944816,0.0,5.602419754309457,6.525452636507672,6.233786909230885,5.602419754309457,6.525452636507672,DTW4lag12,DTW4lag12_mixed,All_cities,warm_season_sensitivity,May-September warm-season days; non-heatwave days contribute zero,"5,6,7,8,9"
sensitivity_dtw4lag12,DTW4lag12 phenotype-stratified,warm_season_sensitivity,ssp245,2043,2041-2050,cehwi_composite_all,cehwi,composite,all,547.5555555555555,-0.5441493221291867,0.5541706302009365,2.0330264423215803,0.0056689987434817,0.5668998743481747,0.0494410565622457,2.259384828739078,0.5577336118011567,0.0494410565622457,2.259384828739078,0.0,0.0489809181025829,2.0582913541812684,0.5541706302009365,0.0489809181025829,2.0582913541812684,DTW4lag12,DTW4lag12_mixed,All_cities,warm_season_sensitivity,May-September warm-season days; non-heatwave days contribute zero,"5,6,7,8,9"
sensitivity_dtw4lag12,DTW4lag12 phenotype-stratified,warm_season_sensitivity,ssp245,2043,2041-2050,cehwi_day_all,cehwi,day,all,655.2837837837837,-0.5674859925573925,0.5970320846747755,1.4714457124361804,0.0061909430251,0.6190943025100032,0.0004078401779659,2.393234479745721,0.6126762708862505,0.0,2.393234479745721,0.0,0.0004066924076891,2.2033445236141778,0.5970320846747755,0.0004066924076891,2.2033445236141778,DTW4lag12,DTW4lag12_mixed,All_cities,warm_season_sensitivity,May-September warm-season days; non-heatwave days contribute zero,"5,6,7,8,9"
sensitivity_dtw4lag12,DTW4lag12 phenotype-stratified,warm_season_sensitivity,ssp245,2043,2041-2050,cehwi_night_all,cehwi,night,all,555.5555555555555,-3.4240758448058526,3.506707431104423,13.222233564501453,0.068883868490277,6.888386849027705,2.442868840623171,125.41617815610344,6.888386849027704,0.0,125.41495694257088,0.0,0.6639361485570621,7.8376756799117695,3.506707431104423,0.6639361485570621,7.8376756799117695,DTW4lag12,DTW4lag12_mixed,All_cities,warm_season_sensitivity,May-September warm-season days; non-heatwave days contribute zero,"5,6,7,8,9"
sensitivity_dtw4lag12,DTW4lag12 phenotype-stratified,warm_season_sensitivity,ssp245,2043,2041-2050,exceeded_quantity_composite_all,exceeded_quantity,composite,all,547.5555555555555,1.1348574971754275,0.5107195662081763,1.85353891753698,0.0052498163696289,0.5249816369628926,0.1313864029181694,2.7411507956049044,0.5237052756791009,0.1313864029181694,2.7411507956049044,0.0,0.1297522334466167,2.527825074454692,0.5107195662081763,0.1297522334466167,2.527825074454692,DTW4lag12,DTW4lag12_mixed,All_cities,warm_season_sensitivity,May-September warm-season days; non-heatwave days contribute zero,"5,6,7,8,9"
sensitivity_dtw4lag12,DTW4lag12 phenotype-stratified,warm_season_sensitivity,ssp245,2043,2041-2050,exceeded_quantity_day_all,exceeded_quantity,day,all,655.2837837837837,-0.7580355490101415,0.7921921470370274,2.1995799618596403,0.0082418991091676,0.8241899109167637,0.0027943639656091,2.9334045085283025,0.809056929532168,0.0,2.9334045085283025,0.0,0.0027445010999693,2.6977543656342573,0.7921921470370274,0.0027445010999693,2.6977543656342573,DTW4lag12,DTW4lag12_mixed,All_cities,warm_season_sensitivity,May-September warm-season days; non-heatwave days contribute zero,"5,6,7,8,9"
sensitivity_dtw4lag12,DTW4lag12 phenotype-stratified,warm_season_sensitivity,ssp245,2043,2041-2050,exceeded_quantity_night_all,exceeded_quantity,night,all,555.5555555555555,-8.387173004027137,8.661396719809918,29.27803433997176,1.5229001206502808,152.2900120650281,147.42325567434855,158.71001777646413,152.2897798217533,135.11401748570444,158.71001777646413,0.0,8.036091267901805,8.986624138493392,8.661396719809918,8.036091267901805,8.986624138493392,DTW4lag12,DTW4lag12_mixed,All_cities,warm_season_sensitivity,May-September warm-season days; non-heatwave days contribute zero,"5,6,7,8,9"
sensitivity_dtw4lag12,DTW4lag12 phenotype-stratified,warm_season_sensitivity,ssp245,2044,2041-2050,cehwi_composite_all,cehwi,composite,all,506.015873015873,-0.4411283141096891,0.4830060017271548,1.9945840994464663,0.0049407275376961,0.4940727537696152,0.0481151213872272,1.9390916294535296,0.4570739756938594,0.0481109123633261,1.9390916294535296,0.0,0.0478316423492463,1.7608776837279372,0.4830060017271548,0.0478316423492463,1.7608776837279372,DTW4lag12,DTW4lag12_mixed,All_cities,warm_season_sensitivity,May-September warm-season days; non-heatwave days contribute zero,"5,6,7,8,9"
sensitivity_dtw4lag12,DTW4lag12 phenotype-stratified,warm_season_sensitivity,ssp245,2044,2041-2050,cehwi_day_all,cehwi,day,all,748.3378378378378,-0.4675722261519967,0.5082089328501976,1.3161186773851272,0.0052254496110187,0.5225449611018737,0.0007579179017075,2.3340169803133666,0.5140467362250519,0.0,2.3340169803133666,0.0,0.0007532448008228,2.1802107177486887,0.5082089328501976,0.0007532448008228,2.1802107177486887,DTW4lag12,DTW4lag12_mixed,All_cities,warm_season_sensitivity,May-September warm-season days; non-heatwave days contribute zero,"5,6,7,8,9"
sensitivity_dtw4lag12,DTW4lag12 phenotype-stratified,warm_season_sensitivity,ssp245,2044,2041-2050,cehwi_night_all,cehwi,night,all,475.936507936508,-3.146644643499691,3.2143132209246343,12.582975508190266,0.0594327055975253,5.943270559752537,1.6841768742728846,129.44314258799577,5.943270559752536,0.0,129.44201171401073,0.0,0.4412121305347313,7.995992762605582,3.2143132209246343,0.4412121305347313,7.995992762605582,DTW4lag12,DTW4lag12_mixed,All_cities,warm_season_sensitivity,May-September warm-season days; non-heatwave days contribute zero,"5,6,7,8,9"
sensitivity_dtw4lag12,DTW4lag12 phenotype-stratified,warm_season_sensitivity,ssp245,2044,2041-2050,exceeded_quantity_composite_all,exceeded_quantity,composite,all,506.015873015873,0.921983158475312,0.5025060008120638,1.8263609391895783,0.0051667907192775,0.5166790719277531,0.1346705703985943,2.515903441258875,0.515547298741573,0.1346705703985943,2.515903441258875,0.0,0.1331039014744283,2.3194859823420537,0.5025060008120638,0.1331039014744283,2.3194859823420537,DTW4lag12,DTW4lag12_mixed,All_cities,warm_season_sensitivity,May-September warm-season days; non-heatwave days contribute zero,"5,6,7,8,9"
sensitivity_dtw4lag12,DTW4lag12 phenotype-stratified,warm_season_sensitivity,ssp245,2044,2041-2050,exceeded_quantity_day_all,exceeded_quantity,day,all,748.3378378378378,-0.7145403383099149,0.7551366935774466,2.068897470990996,0.007779301963677,0.7779301963677038,0.0074457957342393,2.959011087450053,0.750439414481749,0.0,2.959011087450053,0.0,0.0072928472787743,2.7685598049451525,0.7551366935774466,0.0072928472787743,2.7685598049451525,DTW4lag12,DTW4lag12_mixed,All_cities,warm_season_sensitivity,May-September warm-season days; non-heatwave days contribute zero,"5,6,7,8,9"
sensitivity_dtw4lag12,DTW4lag12 phenotype-stratified,warm_season_sensitivity,ssp245,2044,2041-2050,exceeded_quantity_night_all,exceeded_quantity,night,all,475.936507936508,-6.633269327852226,6.879759579351236,29.613233523809654,1.1600580357466774,116.00580357466777,108.97306634574107,125.61996771622456,116.00554976596096,90.831352738268,125.61996771622456,0.0,5.946780928505526,7.187983911485377,6.879759579351236,5.946780928505526,7.187983911485377,DTW4lag12,DTW4lag12_mixed,All_cities,warm_season_sensitivity,May-September warm-season days; non-heatwave days contribute zero,"5,6,7,8,9"
sensitivity_dtw4lag12,DTW4lag12 phenotype-stratified,warm_season_sensitivity,ssp245,2045,2041-2050,cehwi_composite_all,cehwi,composite,all,583.1428571428571,-0.6008668646002745,0.6008668646002746,2.143749085653829,0.0061602316976977,0.6160231697697739,0.0653156986631137,2.2879343970661297,0.6160231697697739,0.0653156986631137,2.2879343970661297,0.0,0.0646396701296267,2.0748518243265,0.6008668646002746,0.0646396701296267,2.0748518243265,DTW4lag12,DTW4lag12_mixed,All_cities,warm_season_sensitivity,May-September warm-season days; non-heatwave days contribute zero,"5,6,7,8,9"
sensitivity_dtw4lag12,DTW4lag12 phenotype-stratified,warm_season_sensitivity,ssp245,2045,2041-2050,cehwi_day_all,cehwi,day,all,784.527027027027,-0.644890941826377,0.6793373219780784,1.5607909957951822,0.0070374335560456,0.7037433556045615,0.0016237361630034,2.7355689543711743,0.6976572130783046,0.0007462750195495,2.7355689543711743,0.0,0.0016046073568813,2.516285204367216,0.6793373219780784,0.0016046073568813,2.516285204367216,DTW4lag12,DTW4lag12_mixed,All_cities,warm_season_sensitivity,May-September warm-season days; non-heatwave days contribute zero,"5,6,7,8,9"
sensitivity_dtw4lag12,DTW4lag12 phenotype-stratified,warm_season_sensitivity,ssp245,2045,2041-2050,cehwi_night_all,cehwi,night,all,504.5873015873016,-3.5728197520704663,3.626960470841756,13.037336383162,0.0656190146937716,6.56190146937716,1.6356379760516295,131.16934416366726,6.561901469377159,0.0,131.16931400936448,0.0,0.507542154273977,8.047855055356244,3.626960470841756,0.507542154273977,8.047855055356244,DTW4lag12,DTW4lag12_mixed,All_cities,warm_season_sensitivity,May-September warm-season days; non-heatwave days contribute zero,"5,6,7,8,9"
sensitivity_dtw4lag12,DTW4lag12 phenotype-stratified,warm_season_sensitivity,ssp245,2045,2041-2050,exceeded_quantity_composite_all,exceeded_quantity,composite,all,583.1428571428571,1.004259544312168,0.5564136603777557,1.903038711641498,0.0057266286410813,0.5726628641081386,0.1483952377418436,2.780464448064709,0.5711996278579725,0.1483952377418436,2.780464448064709,0.0,0.1464953846712365,2.5633764448305194,0.5564136603777557,0.1464953846712365,2.5633764448305194,DTW4lag12,DTW4lag12_mixed,All_cities,warm_season_sensitivity,May-September warm-season days; non-heatwave days contribute zero,"5,6,7,8,9"
sensitivity_dtw4lag12,DTW4lag12 phenotype-stratified,warm_season_sensitivity,ssp245,2045,2041-2050,exceeded_quantity_day_all,exceeded_quantity,day,all,784.527027027027,-0.9130795593873026,0.9449016885492638,2.3435050420964045,0.0098193574377679,0.9819357437767946,0.0031477439857416,3.4340573606647165,0.9612093862210604,0.0,3.4340573606647165,0.0,0.0031004798783867,3.1604823201319103,0.9449016885492638,0.0031004798783867,3.1604823201319103,DTW4lag12,DTW4lag12_mixed,All_cities,warm_season_sensitivity,May-September warm-season days; non-heatwave days contribute zero,"5,6,7,8,9"
sensitivity_dtw4lag12,DTW4lag12 phenotype-stratified,warm_season_sensitivity,ssp245,2045,2041-2050,exceeded_quantity_night_all,exceeded_quantity,night,all,504.5873015873016,-7.581908605364809,7.851290432760216,29.34835744671319,1.3871254021404915,138.71254021404917,134.84943999720468,144.08105821588515,138.71252030580564,125.13027523281674,144.08105821588515,0.0,7.342889009909476,8.155644616824233,7.851290432760216,7.342889009909476,8.155644616824233,DTW4lag12,DTW4lag12_mixed,All_cities,warm_season_sensitivity,May-September warm-season days; non-heatwave days contribute zero,"5,6,7,8,9"
sensitivity_dtw4lag12,DTW4lag12 phenotype-stratified,warm_season_sensitivity,ssp245,2046,2041-2050,cehwi_composite_all,cehwi,composite,all,632.968253968254,-0.6827727341577816,0.6833305829642718,2.193565829080489,0.0069938065842734,0.6993806584273441,0.0541394150823086,2.8118889392508,0.6988370241437516,0.0541394150823086,2.8118889392508,0.0,0.0537548537103199,2.546982406003209,0.6833305829642718,0.0537548537103199,2.546982406003209,DTW4lag12,DTW4lag12_mixed,All_cities,warm_season_sensitivity,May-September warm-season days; non-heatwave days contribute zero,"5,6,7,8,9"
sensitivity_dtw4lag12,DTW4lag12 phenotype-stratified,warm_season_sensitivity,ssp245,2046,2041-2050,cehwi_day_all,cehwi,day,all,736.3648648648649,-0.7060891362633083,0.7359815025983754,1.6005427705853217,0.0076536981505093,0.7653698150509305,5.257626552352738e-06,2.882827302502733,0.7597156599223872,0.0,2.882827302502733,0.0,5.251207843384556e-06,2.638320344594165,0.7359815025983754,5.251207843384556e-06,2.638320344594165,DTW4lag12,DTW4lag12_mixed,All_cities,warm_season_sensitivity,May-September warm-season days; non-heatwave days contribute zero,"5,6,7,8,9"
sensitivity_dtw4lag12,DTW4lag12 phenotype-stratified,warm_season_sensitivity,ssp245,2046,2041-2050,cehwi_night_all,cehwi,night,all,510.6349206349207,-3.065994176827235,3.124346677626857,13.80982443790784,0.0551534429574555,5.515344295745559,1.1769905941669838,125.07546125174052,5.515344295745559,0.0,125.0754562678866,0.0,0.337877700896121,7.589390460236245,3.124346677626857,0.337877700896121,7.589390460236245,DTW4lag12,DTW4lag12_mixed,All_cities,warm_season_sensitivity,May-September warm-season days; non-heatwave days contribute zero,"5,6,7,8,9"
sensitivity_dtw4lag12,DTW4lag12 phenotype-stratified,warm_season_sensitivity,ssp245,2046,2041-2050,exceeded_quantity_composite_all,exceeded_quantity,composite,all,632.968253968254,0.8363197492506679,0.6425032083124499,2.0576210713820378,0.0066102361554234,0.6610236155423435,0.1564626697535347,3.208306975222224,0.6602602496653334,0.1564626697535347,3.208306975222224,0.0,0.1544472793284201,2.960913310324807,0.6425032083124499,0.1544472793284201,2.960913310324807,DTW4lag12,DTW4lag12_mixed,All_cities,warm_season_sensitivity,May-September warm-season days; non-heatwave days contribute zero,"5,6,7,8,9"
sensitivity_dtw4lag12,DTW4lag12 phenotype-stratified,warm_season_sensitivity,ssp245,2046,2041-2050,exceeded_quantity_day_all,exceeded_quantity,day,all,736.3648648648649,-0.8456707371126262,0.8846542190384197,2.173785884284616,0.0091845055512985,0.9184505551298588,0.0007078044931199,3.272658741743822,0.8997968668155594,0.0,3.272658741743822,0.0,0.0007010930723743,3.020157613258186,0.8846542190384197,0.0007010930723743,3.020157613258186,DTW4lag12,DTW4lag12_mixed,All_cities,warm_season_sensitivity,May-September warm-season days; non-heatwave days contribute zero,"5,6,7,8,9"
sensitivity_dtw4lag12,DTW4lag12 phenotype-stratified,warm_season_sensitivity,ssp245,2046,2041-2050,exceeded_quantity_night_all,exceeded_quantity,night,all,510.6349206349207,-7.371764479052557,7.627465509525339,30.275962147443924,1.3237492241658773,132.3749224165877,126.62304481354006,139.52414219510723,132.37492241658774,112.66705961952394,139.52414219510723,0.0,6.900208656119781,7.929972097975489,7.627465509525339,6.900208656119781,7.929972097975489,DTW4lag12,DTW4lag12_mixed,All_cities,warm_season_sensitivity,May-September warm-season days; non-heatwave days contribute zero,"5,6,7,8,9"
sensitivity_dtw4lag12,DTW4lag12 phenotype-stratified,warm_season_sensitivity,ssp245,2047,2041-2050,cehwi_composite_all,cehwi,composite,all,679.031746031746,-0.7484675323292385,0.7883456197652793,2.35727628937257,0.0080985173729105,0.8098517372910515,0.1014470356702119,3.026162490092751,0.7761002685555731,0.1014206686759982,3.026162490092751,0.0,0.100076837575318,2.725587652723637,0.7883456197652793,0.100076837575318,2.725587652723637,DTW4lag12,DTW4lag12_mixed,All_cities,warm_season_sensitivity,May-September warm-season days; non-heatwave days contribute zero,"5,6,7,8,9"
sensitivity_dtw4lag12,DTW4lag12 phenotype-stratified,warm_season_sensitivity,ssp245,2047,2041-2050,cehwi_day_all,cehwi,day,all,936.0675675675676,-0.6996895135686765,0.7398716220600606,1.5156241583948715,0.0076334317388289,0.7633431738828974,0.0007530793464365,3.0563607579633723,0.7551086865614558,0.0,3.0563607579633723,0.0,0.0007480427493154,2.83816833827823,0.7398716220600606,0.0007480427493154,2.83816833827823,DTW4lag12,DTW4lag12_mixed,All_cities,warm_season_sensitivity,May-September warm-season days; non-heatwave days contribute zero,"5,6,7,8,9"
sensitivity_dtw4lag12,DTW4lag12 phenotype-stratified,warm_season_sensitivity,ssp245,2047,2041-2050,cehwi_night_all,cehwi,night,all,511.7619047619048,-3.1267669893625847,3.1922584794166324,12.916979528679605,0.0547317725368457,5.47317725368458,0.9674860219183296,128.598673754385,5.47317725368458,0.0,128.5986716444168,0.0,0.3066502297484449,7.775730380448203,3.1922584794166324,0.3066502297484449,7.775730380448203,DTW4lag12,DTW4lag12_mixed,All_cities,warm_season_sensitivity,May-September warm-season days; non-heatwave days contribute zero,"5,6,7,8,9"
sensitivity_dtw4lag12,DTW4lag12 phenotype-stratified,warm_season_sensitivity,ssp245,2047,2041-2050,exceeded_quantity_composite_all,exceeded_quantity,composite,all,679.031746031746,1.535643621659342,0.7409700721760709,2.101170757220784,0.0076529140639436,0.7652914063943657,0.2080705355763425,3.791066460264647,0.7603009782012671,0.2080705355763425,3.791066460264647,0.0,0.2050211276236804,3.4542019200064384,0.7409700721760709,0.2050211276236804,3.4542019200064384,DTW4lag12,DTW4lag12_mixed,All_cities,warm_season_sensitivity,May-September warm-season days; non-heatwave days contribute zero,"5,6,7,8,9"
sensitivity_dtw4lag12,DTW4lag12 phenotype-stratified,warm_season_sensitivity,ssp245,2047,2041-2050,exceeded_quantity_day_all,exceeded_quantity,day,all,936.0675675675676,-1.0094978267271373,1.0502855821158028,2.2907365062986957,0.0108917963369542,1.0891796336954238,0.0045395066283131,3.864979868809037,1.0663993040551465,0.0,3.864979868809037,0.0,0.0044734820839206,3.570708209310148,1.0502855821158028,0.0044734820839206,3.570708209310148,DTW4lag12,DTW4lag12_mixed,All_cities,warm_season_sensitivity,May-September warm-season days; non-heatwave days contribute zero,"5,6,7,8,9"
sensitivity_dtw4lag12,DTW4lag12 phenotype-stratified,warm_season_sensitivity,ssp245,2047,2041-2050,exceeded_quantity_night_all,exceeded_quantity,night,all,511.7619047619048,-7.683556143054463,7.94063833464214,29.213163589031247,1.3689404367354256,136.89404367354254,129.78006374880823,145.1999668945459,136.89391943726218,113.52649895439096,145.1999668945459,0.0,7.0817018319857405,8.24122146400691,7.94063833464214,7.0817018319857405,8.24122146400691,DTW4lag12,DTW4lag12_mixed,All_cities,warm_season_sensitivity,May-September warm-season days; non-heatwave days contribute zero,"5,6,7,8,9"
sensitivity_dtw4lag12,DTW4lag12 phenotype-stratified,warm_season_sensitivity,ssp245,2048,2041-2050,cehwi_composite_all,cehwi,composite,all,707.7301587301587,-0.796481710428001,1.0928261842414793,3.1631194181186992,0.0113605921704493,1.1360592170449335,0.1173114431807092,4.66240816516871,1.0217647298207229,0.1166001695302539,4.66240816516871,0.0,0.1155506760981055,4.019669015089409,1.0928261842414793,0.1155506760981055,4.019669015089409,DTW4lag12,DTW4lag12_mixed,All_cities,warm_season_sensitivity,May-September warm-season days; non-heatwave days contribute zero,"5,6,7,8,9"
sensitivity_dtw4lag12,DTW4lag12 phenotype-stratified,warm_season_sensitivity,ssp245,2048,2041-2050,cehwi_day_all,cehwi,day,all,828.472972972973,-0.8997555556082206,0.9424997862935266,1.886495220429726,0.0107001398287076,1.0700139828707698,0.0001178121219997,3.943848145849559,1.057061292218969,0.0,3.943848145849559,9.813735303931384e-06,0.0001174215406504,3.2646293798727117,0.9425024714251344,0.0001174215406504,3.264629476374468,DTW4lag12,DTW4lag12_mixed,All_cities,warm_season_sensitivity,May-September warm-season days; non-heatwave days contribute zero,"5,6,7,8,9"
sensitivity_dtw4lag12,DTW4lag12 phenotype-stratified,warm_season_sensitivity,ssp245,2048,2041-2050,cehwi_night_all,cehwi,night,all,457.984126984127,-3.008900560958362,3.059371494914464,13.944774642023416,0.0520104667283711,5.201046672837111,0.8101511275251704,119.16275225749654,5.201046672837111,0.0,119.16275225749654,0.0,0.2551161273104396,7.182651933929027,3.059371494914464,0.2551161273104396,7.182651933929027,DTW4lag12,DTW4lag12_mixed,All_cities,warm_season_sensitivity,May-September warm-season days; non-heatwave days contribute zero,"5,6,7,8,9"
sensitivity_dtw4lag12,DTW4lag12 phenotype-stratified,warm_season_sensitivity,ssp245,2048,2041-2050,exceeded_quantity_composite_all,exceeded_quantity,composite,all,707.7301587301587,1.6070095000399454,0.8102613947547134,2.317078936097864,0.0083721382363558,0.8372138236355816,0.2035908824005758,4.522205374133033,0.8300070685284447,0.2035908824005758,4.522205374133033,0.0,0.2005622305731975,4.094294935023695,0.8102613947547134,0.2005622305731975,4.094294935023695,DTW4lag12,DTW4lag12_mixed,All_cities,warm_season_sensitivity,May-September warm-season days; non-heatwave days contribute zero,"5,6,7,8,9"
sensitivity_dtw4lag12,DTW4lag12 phenotype-stratified,warm_season_sensitivity,ssp245,2048,2041-2050,exceeded_quantity_day_all,exceeded_quantity,day,all,828.472972972973,-1.0185327325035525,1.057403187772309,2.439364862638965,0.0110181600993272,1.1018160099327283,0.0019721723662444,3.872771749517853,1.083134972878496,0.0,3.872771749517853,0.0,0.0019477327503225,3.5441929571506803,1.057403187772309,0.0019477327503225,3.5441929571506803,DTW4lag12,DTW4lag12_mixed,All_cities,warm_season_sensitivity,May-September warm-season days; non-heatwave days contribute zero,"5,6,7,8,9"
sensitivity_dtw4lag12,DTW4lag12 phenotype-stratified,warm_season_sensitivity,ssp245,2048,2041-2050,exceeded_quantity_night_all,exceeded_quantity,night,all,457.984126984127,-6.562894935653137,6.805066482672545,30.25873340209735,1.1862893789859217,118.62893789859216,113.80659638010164,124.63817097339113,118.62892284303042,102.0104019253604,124.63817097339113,0.0,6.198430054147818,7.096527605842188,6.805066482672545,6.198430054147818,7.096527605842188,DTW4lag12,DTW4lag12_mixed,All_cities,warm_season_sensitivity,May-September warm-season days; non-heatwave days contribute zero,"5,6,7,8,9"
sensitivity_dtw4lag12,DTW4lag12 phenotype-stratified,warm_season_sensitivity,ssp245,2049,2041-2050,cehwi_composite_all,cehwi,composite,all,610.7936507936508,-0.6491280140767719,0.6491280140767719,2.15178632065917,0.0066525513065731,0.6652551306573156,0.0948490514579579,2.331118754563307,0.6652551306573155,0.0948490514579579,2.331118754563307,0.0,0.0937156513830936,2.130872916818712,0.6491280140767719,0.0937156513830936,2.130872916818712,DTW4lag12,DTW4lag12_mixed,All_cities,warm_season_sensitivity,May-September warm-season days; non-heatwave days contribute zero,"5,6,7,8,9"
sensitivity_dtw4lag12,DTW4lag12 phenotype-stratified,warm_season_sensitivity,ssp245,2049,2041-2050,cehwi_day_all,cehwi,day,all,715.0405405405405,-0.3229907852376132,0.3545136940528139,1.0156633693956023,0.0036102957886634,0.3610295788663494,0.0002280784406422,1.7016371179706835,0.3536346572079433,0.0,1.7016371179706835,0.0,0.0002262788801067,1.622032282801951,0.3545136940528139,0.0002262788801067,1.622032282801951,DTW4lag12,DTW4lag12_mixed,All_cities,warm_season_sensitivity,May-September warm-season days; non-heatwave days contribute zero,"5,6,7,8,9"
sensitivity_dtw4lag12,DTW4lag12 phenotype-stratified,warm_season_sensitivity,ssp245,2049,2041-2050,cehwi_night_all,cehwi,night,all,553.6031746031746,-4.32295297570682,4.39202929889732,14.180493860193694,0.0895647891399401,8.956478913994012,3.170486741830071,153.48393066943092,8.956478913994012,0.0,153.4826180019617,0.0,0.753715771187601,9.55019823657956,4.39202929889732,0.753715771187601,9.55019823657956,DTW4lag12,DTW4lag12_mixed,All_cities,warm_season_sensitivity,May-September warm-season days; non-heatwave days contribute zero,"5,6,7,8,9"
sensitivity_dtw4lag12,DTW4lag12 phenotype-stratified,warm_season_sensitivity,ssp245,2049,2041-2050,exceeded_quantity_composite_all,exceeded_quantity,composite,all,610.7936507936508,1.416732328294946,0.6283421123436073,2.057238225220372,0.0064867878928425,0.648678789284256,0.1907389608202716,3.152958942853852,0.6468541357552983,0.1907389608202716,3.152958942853852,0.0,0.1880909730133435,2.890703231260725,0.6283421123436073,0.1880909730133435,2.890703231260725,DTW4lag12,DTW4lag12_mixed,All_cities,warm_season_sensitivity,May-September warm-season days; non-heatwave days contribute zero,"5,6,7,8,9"
sensitivity_dtw4lag12,DTW4lag12 phenotype-stratified,warm_season_sensitivity,ssp245,2049,2041-2050,exceeded_quantity_day_all,exceeded_quantity,day,all,715.0405405405405,-0.560243998989215,0.6022016952991781,1.8074349132600664,0.0061914927763911,0.6191492776391132,0.0071534286481589,2.431976902040768,0.595843465083216,0.0,2.431976902040768,0.0,0.0070185796907559,2.2875083440800714,0.6022016952991781,0.0070185796907559,2.2875083440800714,DTW4lag12,DTW4lag12_mixed,All_cities,warm_season_sensitivity,May-September warm-season days; non-heatwave days contribute zero,"5,6,7,8,9"
sensitivity_dtw4lag12,DTW4lag12 phenotype-stratified,warm_season_sensitivity,ssp245,2049,2041-2050,exceeded_quantity_night_all,exceeded_quantity,night,all,553.6031746031746,-8.306968621651421,8.63812981094698,28.7701002946133,1.5088208764453352,150.8820876445335,145.00407903353383,158.17651895775268,150.8814257497192,130.9312120004302,158.17651895775268,0.0,7.905492844286144,9.030861327103326,8.63812981094698,7.905492844286144,9.030861327103326,DTW4lag12,DTW4lag12_mixed,All_cities,warm_season_sensitivity,May-September warm-season days; non-heatwave days contribute zero,"5,6,7,8,9"
sensitivity_dtw4lag12,DTW4lag12 phenotype-stratified,warm_season_sensitivity,ssp245,2050,2041-2050,cehwi_composite_all,cehwi,composite,all,662.6984126984127,-0.5439098884613143,0.7883233218947668,2.3911913137180965,0.0081078803592391,0.8107880359239148,0.1152852009319719,3.215513758410436,0.7578381285214831,0.1151191228115492,3.215513758410436,0.0,0.113453808019851,2.868512802949152,0.7883233218947668,0.113453808019851,2.868512802949152,DTW4lag12,DTW4lag12_mixed,All_cities,warm_season_sensitivity,May-September warm-season days; non-heatwave days contribute zero,"5,6,7,8,9"
sensitivity_dtw4lag12,DTW4lag12 phenotype-stratified,warm_season_sensitivity,ssp245,2050,2041-2050,cehwi_day_all,cehwi,day,all,795.2837837837837,-0.4972340265847066,0.5369035613453783,1.283639004685556,0.0055098199782139,0.5509819978213937,0.0052838348626535,2.3620448960991696,0.5396601437654283,0.0,2.3620448960991696,0.0,0.0052431693065669,2.2171374657150484,0.5369035613453783,0.0052431693065669,2.2171374657150484,DTW4lag12,DTW4lag12_mixed,All_cities,warm_season_sensitivity,May-September warm-season days; non-heatwave days contribute zero,"5,6,7,8,9"
sensitivity_dtw4lag12,DTW4lag12 phenotype-stratified,warm_season_sensitivity,ssp245,2050,2041-2050,cehwi_night_all,cehwi,night,all,581.7777777777778,-5.068664866339732,5.131746172842788,14.882519272522735,0.1136042976207848,11.360429762078487,5.173736629672908,161.0209534639216,11.360429762078487,0.0,161.0209534639216,0.0,1.2771514424282215,10.361601953463577,5.131746172842788,1.2771514424282215,10.361601953463577,DTW4lag12,DTW4lag12_mixed,All_cities,warm_season_sensitivity,May-September warm-season days; non-heatwave days contribute zero,"5,6,7,8,9"
sensitivity_dtw4lag12,DTW4lag12 phenotype-stratified,warm_season_sensitivity,ssp245,2050,2041-2050,exceeded_quantity_composite_all,exceeded_quantity,composite,all,662.6984126984127,1.5208395845953442,0.7202741531761606,2.122932702065849,0.0074445777258427,0.7444577725842751,0.2118545821476217,3.755965586846602,0.7424325989687931,0.2118545821476217,3.755965586846602,0.0,0.2085462115444828,3.427400324041668,0.7202741531761606,0.2085462115444828,3.427400324041668,DTW4lag12,DTW4lag12_mixed,All_cities,warm_season_sensitivity,May-September warm-season days; non-heatwave days contribute zero,"5,6,7,8,9"
sensitivity_dtw4lag12,DTW4lag12 phenotype-stratified,warm_season_sensitivity,ssp245,2050,2041-2050,exceeded_quantity_day_all,exceeded_quantity,day,all,795.2837837837837,-0.730161989214099,0.7717556146881107,1.9959368475163537,0.0079676493239515,0.7967649323951553,0.0058762025595304,2.980178718134089,0.7711708584383935,0.0,2.980178718134089,0.0,0.0057492871236567,2.7798371676915523,0.7717556146881107,0.0057492871236567,2.7798371676915523,DTW4lag12,DTW4lag12_mixed,All_cities,warm_season_sensitivity,May-September warm-season days; non-heatwave days contribute zero,"5,6,7,8,9"
sensitivity_dtw4lag12,DTW4lag12 phenotype-stratified,warm_season_sensitivity,ssp245,2050,2041-2050,exceeded_quantity_night_all,exceeded_quantity,night,all,581.7777777777778,-8.008305580851237,8.3646596062699,29.22365458527393,1.4556073157609262,145.5607315760926,140.23812862360475,153.2564233265307,145.5607315760926,126.20704358294088,153.2564233265307,0.0,7.640538038446056,8.775080025282172,8.3646596062699,7.640538038446056,8.775080025282172,DTW4lag12,DTW4lag12_mixed,All_cities,warm_season_sensitivity,May-September warm-season days; non-heatwave days contribute zero,"5,6,7,8,9"
sensitivity_dtw4lag12,DTW4lag12 phenotype-stratified,warm_season_sensitivity,ssp370,2025,2025-2030,cehwi_composite_all,cehwi,composite,all,398.8095238095238,-0.3600543198738389,0.3601471737201008,1.845917614694992,0.0036805239939873,0.3680523993987337,0.0378913235045532,1.365888722302471,0.3679609390123519,0.0378913235045532,1.365888722302471,0.0,0.0375988907008295,1.2529834886050806,0.3601471737201008,0.0375988907008295,1.2529834886050806,DTW4lag12,DTW4lag12_mixed,All_cities,warm_season_sensitivity,May-September warm-season days; non-heatwave days contribute zero,"5,6,7,8,9"
sensitivity_dtw4lag12,DTW4lag12 phenotype-stratified,warm_season_sensitivity,ssp370,2025,2025-2030,cehwi_day_all,cehwi,day,all,642.2162162162163,-0.3850040314435308,0.4131721072100469,1.271980707523385,0.0042403410297356,0.4240341029735688,0.0004279464557705,1.7862886659106707,0.4191863945271125,0.0,1.7862886659106707,0.0,0.0004244963394922,1.6807185787797507,0.4131721072100469,0.0004244963394922,1.6807185787797507,DTW4lag12,DTW4lag12_mixed,All_cities,warm_season_sensitivity,May-September warm-season days; non-heatwave days contribute zero,"5,6,7,8,9"
sensitivity_dtw4lag12,DTW4lag12 phenotype-stratified,warm_season_sensitivity,ssp370,2025,2025-2030,cehwi_night_all,cehwi,night,all,441.1904761904762,-2.5970767145581672,2.669753751241637,12.8038951876224,0.0506863878025415,5.068638780254154,1.65080680642219,95.64062734591188,5.068638780254154,0.0,95.6405837159064,0.0,0.4785421950750795,5.960200039055923,2.669753751241637,0.4785421950750795,5.960200039055923,DTW4lag12,DTW4lag12_mixed,All_cities,warm_season_sensitivity,May-September warm-season days; non-heatwave days contribute zero,"5,6,7,8,9"
sensitivity_dtw4lag12,DTW4lag12 phenotype-stratified,warm_season_sensitivity,ssp370,2025,2025-2030,exceeded_quantity_composite_all,exceeded_quantity,composite,all,398.8095238095238,0.789869420983882,0.3695038159060622,1.7174516374845754,0.0037900767193711,0.3790076719371122,0.0969425182016412,1.8453876260266824,0.3783971520560084,0.0969425182016412,1.8453876260266824,0.0,0.0959439911137327,1.7067853441729686,0.3695038159060622,0.0959439911137327,1.7067853441729686,DTW4lag12,DTW4lag12_mixed,All_cities,warm_season_sensitivity,May-September warm-season days; non-heatwave days contribute zero,"5,6,7,8,9"
sensitivity_dtw4lag12,DTW4lag12 phenotype-stratified,warm_season_sensitivity,ssp370,2025,2025-2030,exceeded_quantity_day_all,exceeded_quantity,day,all,642.2162162162163,-0.5693070954978736,0.6001164161300826,1.9088003258128696,0.0061933645145368,0.6193364514536833,0.0037474389345602,2.2911093318767777,0.6016269587992561,0.0,2.2911093318767777,0.0,0.0036881900967597,2.1406312608549927,0.6001164161300826,0.0036881900967597,2.1406312608549927,DTW4lag12,DTW4lag12_mixed,All_cities,warm_season_sensitivity,May-September warm-season days; non-heatwave days contribute zero,"5,6,7,8,9"
sensitivity_dtw4lag12,DTW4lag12 phenotype-stratified,warm_season_sensitivity,ssp370,2025,2025-2030,exceeded_quantity_night_all,exceeded_quantity,night,all,441.1904761904762,-7.284227926074973,7.491603799378204,31.1911864858494,1.2871046405739988,128.7104640573999,121.78616283577075,136.70717958221962,128.7104640573999,105.30828955906236,136.70717958221962,0.0,6.648352340838033,7.753516664249876,7.491603799378204,6.648352340838033,7.753516664249876,DTW4lag12,DTW4lag12_mixed,All_cities,warm_season_sensitivity,May-September warm-season days; non-heatwave days contribute zero,"5,6,7,8,9"
sensitivity_dtw4lag12,DTW4lag12 phenotype-stratified,warm_season_sensitivity,ssp370,2026,2025-2030,cehwi_composite_all,cehwi,composite,all,458.031746031746,-0.4815503690387169,0.4890973600227127,1.9756858138656712,0.0050067549765918,0.5006754976591867,0.0621480197881243,1.8296563892432145,0.4937228578730681,0.0621480197881243,1.8296563892432145,0.0,0.0615064326239026,1.6704470685557755,0.4890973600227127,0.0615064326239026,1.6704470685557755,DTW4lag12,DTW4lag12_mixed,All_cities,warm_season_sensitivity,May-September warm-season days; non-heatwave days contribute zero,"5,6,7,8,9"
sensitivity_dtw4lag12,DTW4lag12 phenotype-stratified,warm_season_sensitivity,ssp370,2026,2025-2030,cehwi_day_all,cehwi,day,all,766.7567567567568,-0.4517061469711524,0.4885608422052173,1.332083294084199,0.0050063116659572,0.5006311665957295,0.0006957367537611,2.1693190689120927,0.4925968399157538,0.0,2.1693190689120927,0.0,0.0006930402603728,2.0441872232714866,0.4885608422052173,0.0006930402603728,2.0441872232714866,DTW4lag12,DTW4lag12_mixed,All_cities,warm_season_sensitivity,May-September warm-season days; non-heatwave days contribute zero,"5,6,7,8,9"
sensitivity_dtw4lag12,DTW4lag12 phenotype-stratified,warm_season_sensitivity,ssp370,2026,2025-2030,cehwi_night_all,cehwi,night,all,465.7619047619048,-2.83550963700917,2.9090194175346773,11.556816968940678,0.0510547998349386,5.105479983493869,1.0953699672313102,111.04835019290186,5.1054799834938684,0.0,111.04832194732992,0.0,0.348748825129506,6.760040956390626,2.9090194175346773,0.348748825129506,6.760040956390626,DTW4lag12,DTW4lag12_mixed,All_cities,warm_season_sensitivity,May-September warm-season days; non-heatwave days contribute zero,"5,6,7,8,9"
sensitivity_dtw4lag12,DTW4lag12 phenotype-stratified,warm_season_sensitivity,ssp370,2026,2025-2030,exceeded_quantity_composite_all,exceeded_quantity,composite,all,458.031746031746,0.7235986830987801,0.5297778601903802,1.924180774247637,0.0054629787678316,0.5462978767831635,0.1532121612534138,2.385371696297508,0.5454131546866439,0.1532121612534138,2.385371696297508,0.0,0.1510976228025375,2.202024394279395,0.5297778601903802,0.1510976228025375,2.202024394279395,DTW4lag12,DTW4lag12_mixed,All_cities,warm_season_sensitivity,May-September warm-season days; non-heatwave days contribute zero,"5,6,7,8,9"
sensitivity_dtw4lag12,DTW4lag12 phenotype-stratified,warm_season_sensitivity,ssp370,2026,2025-2030,exceeded_quantity_day_all,exceeded_quantity,day,all,766.7567567567568,-0.7051720495719463,0.7478578039185042,2.039164696897493,0.0077199892034703,0.7719989203470341,0.0043018971802275,2.892014266360901,0.7565744763792894,0.0,2.892014266360901,0.0,0.0042202399571839,2.699655105698342,0.7478578039185042,0.0042202399571839,2.699655105698342,DTW4lag12,DTW4lag12_mixed,All_cities,warm_season_sensitivity,May-September warm-season days; non-heatwave days contribute zero,"5,6,7,8,9"
sensitivity_dtw4lag12,DTW4lag12 phenotype-stratified,warm_season_sensitivity,ssp370,2026,2025-2030,exceeded_quantity_night_all,exceeded_quantity,night,all,465.7619047619048,-7.709730662882936,7.933441454469137,30.77055892748985,1.3747414947573702,137.474149475737,131.22775478068212,145.21998397541662,137.474149475737,116.3162332724978,145.21998397541662,0.0,7.154817437774628,8.192297567133481,7.933441454469137,7.154817437774628,8.192297567133481,DTW4lag12,DTW4lag12_mixed,All_cities,warm_season_sensitivity,May-September warm-season days; non-heatwave days contribute zero,"5,6,7,8,9"
sensitivity_dtw4lag12,DTW4lag12 phenotype-stratified,warm_season_sensitivity,ssp370,2027,2025-2030,cehwi_composite_all,cehwi,composite,all,555.5873015873016,-0.4591132611906113,0.5759855951479766,2.0613335530085144,0.0059070269617761,0.5907026961776188,0.039924533416555,2.6081289143117297,0.5180979295142695,0.039924533416555,2.6081289143117297,0.0,0.0396896525089694,2.308760063924744,0.5759855951479766,0.0396896525089694,2.308760063924744,DTW4lag12,DTW4lag12_mixed,All_cities,warm_season_sensitivity,May-September warm-season days; non-heatwave days contribute zero,"5,6,7,8,9"
sensitivity_dtw4lag12,DTW4lag12 phenotype-stratified,warm_season_sensitivity,ssp370,2027,2025-2030,cehwi_day_all,cehwi,day,all,845.1621621621622,-0.609991024221517,0.6477705025151625,1.615935324796291,0.0067144939246275,0.671449392462755,7.538627756006398e-05,2.793346784391842,0.6605807961682286,0.0,2.793346784391842,0.0,7.50690566370511e-05,2.5655907582834048,0.6477705025151625,7.50690566370511e-05,2.5655907582834048,DTW4lag12,DTW4lag12_mixed,All_cities,warm_season_sensitivity,May-September warm-season days; non-heatwave days contribute zero,"5,6,7,8,9"
sensitivity_dtw4lag12,DTW4lag12 phenotype-stratified,warm_season_sensitivity,ssp370,2027,2025-2030,cehwi_night_all,cehwi,night,all,447.015873015873,-3.0829532624119347,3.159768621637613,12.274793920053911,0.0670625012513165,6.706250125131659,2.776339372322617,104.95948468806556,6.70625012513166,0.0,104.95786953219545,0.0,0.7277833248399683,6.724331130183017,3.159768621637613,0.7277833248399683,6.724331130183017,DTW4lag12,DTW4lag12_mixed,All_cities,warm_season_sensitivity,May-September warm-season days; non-heatwave days contribute zero,"5,6,7,8,9"
sensitivity_dtw4lag12,DTW4lag12 phenotype-stratified,warm_season_sensitivity,ssp370,2027,2025-2030,exceeded_quantity_composite_all,exceeded_quantity,composite,all,555.5873015873016,0.583969842831326,0.5448894449181781,1.8931393135016208,0.0056028145527546,0.5602814552754674,0.1230836725310425,2.744793533699206,0.5597069003826272,0.1230836725310425,2.744793533699206,0.0,0.1216007598026522,2.5251581736261715,0.5448894449181781,0.1216007598026522,2.5251581736261715,DTW4lag12,DTW4lag12_mixed,All_cities,warm_season_sensitivity,May-September warm-season days; non-heatwave days contribute zero,"5,6,7,8,9"
sensitivity_dtw4lag12,DTW4lag12 phenotype-stratified,warm_season_sensitivity,ssp370,2027,2025-2030,exceeded_quantity_day_all,exceeded_quantity,day,all,845.1621621621622,-0.8601001043489042,0.9009160696733052,2.3604864793835545,0.0093589934283265,0.935899342832658,0.0038915252763751,3.384072798013975,0.9099926365087606,0.0,3.384072798013975,0.0,0.0038285436078467,3.118643770473342,0.9009160696733052,0.0038285436078467,3.118643770473342,DTW4lag12,DTW4lag12_mixed,All_cities,warm_season_sensitivity,May-September warm-season days; non-heatwave days contribute zero,"5,6,7,8,9"
sensitivity_dtw4lag12,DTW4lag12 phenotype-stratified,warm_season_sensitivity,ssp370,2027,2025-2030,exceeded_quantity_night_all,exceeded_quantity,night,all,447.015873015873,-7.096832069793661,7.333624093639579,30.58434389223157,1.2651387775848246,126.51387775848248,120.83141832202404,134.1759890765999,126.51387775848248,106.582546900188,134.1759890765999,0.0,6.589229887896173,7.612766663732525,7.333624093639579,6.589229887896173,7.612766663732525,DTW4lag12,DTW4lag12_mixed,All_cities,warm_season_sensitivity,May-September warm-season days; non-heatwave days contribute zero,"5,6,7,8,9"
sensitivity_dtw4lag12,DTW4lag12 phenotype-stratified,warm_season_sensitivity,ssp370,2028,2025-2030,cehwi_composite_all,cehwi,composite,all,424.0952380952381,-0.4371603658583017,0.4372668615756558,2.1376076477298387,0.0044756154226348,0.4475615422634873,0.0326942940590054,1.8227217655568773,0.4474562502368669,0.0326942940590054,1.8227217655568773,0.0,0.0324925442907628,1.648028675443373,0.4372668615756558,0.0324925442907628,1.648028675443373,DTW4lag12,DTW4lag12_mixed,All_cities,warm_season_sensitivity,May-September warm-season days; non-heatwave days contribute zero,"5,6,7,8,9"
sensitivity_dtw4lag12,DTW4lag12 phenotype-stratified,warm_season_sensitivity,ssp370,2028,2025-2030,cehwi_day_all,cehwi,day,all,717.6216216216217,-0.4310037297633171,0.4578673788895007,1.3324942073516424,0.0046913799048363,0.4691379904836341,0.0002228290161408,1.9530803287665648,0.4631004598448489,0.0,1.9530803287665648,0.0,0.0002215498248943,1.8391084881113096,0.4578673788895007,0.0002215498248943,1.8391084881113096,DTW4lag12,DTW4lag12_mixed,All_cities,warm_season_sensitivity,May-September warm-season days; non-heatwave days contribute zero,"5,6,7,8,9"
sensitivity_dtw4lag12,DTW4lag12 phenotype-stratified,warm_season_sensitivity,ssp370,2028,2025-2030,cehwi_night_all,cehwi,night,all,398.4761904761905,-3.2111828717738,3.249106188243351,11.5791524108999,0.0633577552036767,6.335775520367671,2.099018872160025,113.50057656524564,6.335775520367671,0.0,113.50057656524564,0.0,0.6132532707403023,7.087450539548841,3.249106188243351,0.6132532707403023,7.087450539548841,DTW4lag12,DTW4lag12_mixed,All_cities,warm_season_sensitivity,May-September warm-season days; non-heatwave days contribute zero,"5,6,7,8,9"
sensitivity_dtw4lag12,DTW4lag12 phenotype-stratified,warm_season_sensitivity,ssp370,2028,2025-2030,exceeded_quantity_composite_all,exceeded_quantity,composite,all,424.0952380952381,0.5831494911350454,0.3965324255962433,1.849159186750188,0.0040700578242063,0.4070057824206382,0.0963780289754892,2.01997956246344,0.4069932428022794,0.0963780289754892,2.01997956246344,0.0,0.0952828359634459,1.8729153741913516,0.3965324255962433,0.0952828359634459,1.8729153741913516,DTW4lag12,DTW4lag12_mixed,All_cities,warm_season_sensitivity,May-September warm-season days; non-heatwave days contribute zero,"5,6,7,8,9"
sensitivity_dtw4lag12,DTW4lag12 phenotype-stratified,warm_season_sensitivity,ssp370,2028,2025-2030,exceeded_quantity_day_all,exceeded_quantity,day,all,717.6216216216217,-0.6348625218484079,0.6697468056587327,2.0331184362958807,0.0069193436155202,0.6919343615520291,0.0016731199734374,2.595668501861773,0.6786849870620325,0.0,2.595668501861773,0.0,0.0016468049926984,2.418784342860329,0.6697468056587327,0.0016468049926984,2.418784342860329,DTW4lag12,DTW4lag12_mixed,All_cities,warm_season_sensitivity,May-September warm-season days; non-heatwave days contribute zero,"5,6,7,8,9"
sensitivity_dtw4lag12,DTW4lag12 phenotype-stratified,warm_season_sensitivity,ssp370,2028,2025-2030,exceeded_quantity_night_all,exceeded_quantity,night,all,398.4761904761905,-6.337581728078746,6.569607579905811,30.800679618042004,1.13903885576006,113.90388557600598,109.28958463485016,120.12725867637556,113.90387341112746,97.18465760877862,120.12725867637556,0.0,5.960189927342392,6.861378984247207,6.569607579905811,5.960189927342392,6.861378984247207,DTW4lag12,DTW4lag12_mixed,All_cities,warm_season_sensitivity,May-September warm-season days; non-heatwave days contribute zero,"5,6,7,8,9"
sensitivity_dtw4lag12,DTW4lag12 phenotype-stratified,warm_season_sensitivity,ssp370,2029,2025-2030,cehwi_composite_all,cehwi,composite,all,562.1428571428571,-0.5619380347306516,0.563231717812823,2.052505547035478,0.005763812759235,0.5763812759235076,0.0486348083394459,2.2638134007351347,0.575128952259144,0.0486348083394459,2.2638134007351347,0.0,0.0483454689905484,2.047607181883475,0.563231717812823,0.0483454689905484,2.047607181883475,DTW4lag12,DTW4lag12_mixed,All_cities,warm_season_sensitivity,May-September warm-season days; non-heatwave days contribute zero,"5,6,7,8,9"
sensitivity_dtw4lag12,DTW4lag12 phenotype-stratified,warm_season_sensitivity,ssp370,2029,2025-2030,cehwi_day_all,cehwi,day,all,807.5675675675676,-0.5881114380035851,0.6264066379502697,1.529762949483404,0.0064809128510846,0.6480912851084645,0.0018819573083805,2.5581539750113054,0.6409179233320027,0.0,2.5581539750113054,0.0,0.0018585725816217,2.3678384647813284,0.6264066379502697,0.0018585725816217,2.3678384647813284,DTW4lag12,DTW4lag12_mixed,All_cities,warm_season_sensitivity,May-September warm-season days; non-heatwave days contribute zero,"5,6,7,8,9"
sensitivity_dtw4lag12,DTW4lag12 phenotype-stratified,warm_season_sensitivity,ssp370,2029,2025-2030,cehwi_night_all,cehwi,night,all,439.3492063492063,-2.4466371880455644,2.493298369532307,11.720103025737066,0.0438035744071661,4.380357440716619,0.9215002242715457,98.69682852296756,4.380357440716618,0.0,98.69682852296756,0.0,0.2740696125167933,5.975391816315313,2.493298369532307,0.2740696125167933,5.975391816315313,DTW4lag12,DTW4lag12_mixed,All_cities,warm_season_sensitivity,May-September warm-season days; non-heatwave days contribute zero,"5,6,7,8,9"
sensitivity_dtw4lag12,DTW4lag12 phenotype-stratified,warm_season_sensitivity,ssp370,2029,2025-2030,exceeded_quantity_composite_all,exceeded_quantity,composite,all,562.1428571428571,1.0061177831045018,0.5338236737080301,1.8693756484686568,0.0054826738807822,0.5482673880782287,0.1362223748795279,2.754438091011243,0.5481217135673173,0.1362223748795279,2.754438091011243,0.0,0.1347628924673969,2.540034442821982,0.5338236737080301,0.1347628924673969,2.540034442821982,DTW4lag12,DTW4lag12_mixed,All_cities,warm_season_sensitivity,May-September warm-season days; non-heatwave days contribute zero,"5,6,7,8,9"
sensitivity_dtw4lag12,DTW4lag12 phenotype-stratified,warm_season_sensitivity,ssp370,2029,2025-2030,exceeded_quantity_day_all,exceeded_quantity,day,all,807.5675675675676,-0.8363115720082186,0.8708431271221023,2.1751053746513227,0.0090308014699631,0.9030801469963166,0.0037543054229954,3.2253834397837893,0.8863968859402094,0.0,3.2253834397837893,0.0,0.0037003639699742,2.982151971074647,0.8708431271221023,0.0037003639699742,2.982151971074647,DTW4lag12,DTW4lag12_mixed,All_cities,warm_season_sensitivity,May-September warm-season days; non-heatwave days contribute zero,"5,6,7,8,9"
sensitivity_dtw4lag12,DTW4lag12 phenotype-stratified,warm_season_sensitivity,ssp370,2029,2025-2030,exceeded_quantity_night_all,exceeded_quantity,night,all,439.3492063492063,-6.861213636718444,7.053506482177053,30.785594214161957,1.2184958667791197,121.84958667791196,116.65496171318186,129.04653895977103,121.84956370428252,103.25425668263377,129.04653895977103,0.0,6.3623620810301045,7.2865566734186435,7.053506482177053,6.3623620810301045,7.2865566734186435,DTW4lag12,DTW4lag12_mixed,All_cities,warm_season_sensitivity,May-September warm-season days; non-heatwave days contribute zero,"5,6,7,8,9"
sensitivity_dtw4lag12,DTW4lag12 phenotype-stratified,warm_season_sensitivity,ssp370,2030,2025-2030,cehwi_composite_all,cehwi,composite,all,492.015873015873,-0.5247433840392833,0.5362772676069891,2.160303687292043,0.0055036610552135,0.5503661055213548,0.0618472196048668,2.0625618622074926,0.5400250910244652,0.0618060501049934,2.0625618622074926,0.0,0.0611267888750583,1.873460973790633,0.5362772676069891,0.0611267888750583,1.873460973790633,DTW4lag12,DTW4lag12_mixed,All_cities,warm_season_sensitivity,May-September warm-season days; non-heatwave days contribute zero,"5,6,7,8,9"
sensitivity_dtw4lag12,DTW4lag12 phenotype-stratified,warm_season_sensitivity,ssp370,2030,2025-2030,cehwi_day_all,cehwi,day,all,874.5,-0.6387548493519449,0.6734853400538116,1.5122941378563617,0.0069364959263661,0.6936495926366134,0.0004504705072151,2.7139773592032697,0.6869517598600758,0.0,2.7139773592032697,0.0,0.0004481219358403,2.530454707658844,0.6734853400538116,0.0004481219358403,2.530454707658844,DTW4lag12,DTW4lag12_mixed,All_cities,warm_season_sensitivity,May-September warm-season days; non-heatwave days contribute zero,"5,6,7,8,9"
sensitivity_dtw4lag12,DTW4lag12 phenotype-stratified,warm_season_sensitivity,ssp370,2030,2025-2030,cehwi_night_all,cehwi,night,all,388.9047619047619,-1.973730602205777,2.0171747890991614,10.190897957668817,0.0331711754009771,3.3171175400977124,0.6241191770307154,91.31899690732148,3.3171175400977124,0.0,91.31899690732148,0.0,0.2127137450271251,5.552455309450766,2.0171747890991614,0.2127137450271251,5.552455309450766,DTW4lag12,DTW4lag12_mixed,All_cities,warm_season_sensitivity,May-September warm-season days; non-heatwave days contribute zero,"5,6,7,8,9"
sensitivity_dtw4lag12,DTW4lag12 phenotype-stratified,warm_season_sensitivity,ssp370,2030,2025-2030,exceeded_quantity_composite_all,exceeded_quantity,composite,all,492.015873015873,0.8466168691628548,0.514496262795847,2.014923898603959,0.0053006001533119,0.530060015331199,0.1364275103012336,2.538410258903737,0.526971673732582,0.1364275103012336,2.538410258903737,0.0,0.1345433161668983,2.338041527220125,0.514496262795847,0.1345433161668983,2.338041527220125,DTW4lag12,DTW4lag12_mixed,All_cities,warm_season_sensitivity,May-September warm-season days; non-heatwave days contribute zero,"5,6,7,8,9"
sensitivity_dtw4lag12,DTW4lag12 phenotype-stratified,warm_season_sensitivity,ssp370,2030,2025-2030,exceeded_quantity_day_all,exceeded_quantity,day,all,874.5,-0.8879419441533279,0.9250472193391364,2.226948085864859,0.0095626173237822,0.9562617323782268,0.0030240655956658,3.460379693512947,0.9277766862095658,0.0,3.460379693512947,0.0,0.0029700641968322,3.2162771493734925,0.9250472193391364,0.0029700641968322,3.2162771493734925,DTW4lag12,DTW4lag12_mixed,All_cities,warm_season_sensitivity,May-September warm-season days; non-heatwave days contribute zero,"5,6,7,8,9"
sensitivity_dtw4lag12,DTW4lag12 phenotype-stratified,warm_season_sensitivity,ssp370,2030,2025-2030,exceeded_quantity_night_all,exceeded_quantity,night,all,388.9047619047619,-5.447329921366485,5.621806342711113,29.22391735317967,0.9555963645567932,95.55963645567932,90.30928426542286,102.61653695605916,95.55961375703852,77.08947703504742,102.61653695605916,0.0,4.931623646017729,5.836919585079069,5.621806342711113,4.931623646017729,5.836919585079069,DTW4lag12,DTW4lag12_mixed,All_cities,warm_season_sensitivity,May-September warm-season days; non-heatwave days contribute zero,"5,6,7,8,9"
sensitivity_dtw4lag12,DTW4lag12 phenotype-stratified,warm_season_sensitivity,ssp370,2031,2031-2040,cehwi_composite_all,cehwi,composite,all,512.8730158730159,-0.5780170090057554,0.5914749570848608,2.291614122268874,0.0060673545484,0.6067354548400059,0.0462709523582669,2.508902866767989,0.5945453278597642,0.0462665542205539,2.508902866767989,0.0,0.045892027526267,2.2453655478500734,0.5914749570848608,0.045892027526267,2.2453655478500734,DTW4lag12,DTW4lag12_mixed,All_cities,warm_season_sensitivity,May-September warm-season days; non-heatwave days contribute zero,"5,6,7,8,9"
sensitivity_dtw4lag12,DTW4lag12 phenotype-stratified,warm_season_sensitivity,ssp370,2031,2031-2040,cehwi_day_all,cehwi,day,all,829.1756756756756,-0.7945330352251427,0.8319804520878827,1.659572452879795,0.0086196510209266,0.8619651020926623,0.0033394221196578,3.235397101992116,0.8563742052802433,0.0015370975313725,3.235397101992116,0.0,0.0032858231762177,2.9795386128714174,0.8319804520878827,0.0032858231762177,2.9795386128714174,DTW4lag12,DTW4lag12_mixed,All_cities,warm_season_sensitivity,May-September warm-season days; non-heatwave days contribute zero,"5,6,7,8,9"
sensitivity_dtw4lag12,DTW4lag12 phenotype-stratified,warm_season_sensitivity,ssp370,2031,2031-2040,cehwi_night_all,cehwi,night,all,451.9047619047619,-2.4050792318018748,2.4661136311692213,11.379284086310095,0.0465053130553107,4.650531305531079,1.5182600218179052,97.15912795794114,4.650531305531079,0.0,97.15910135288004,0.0,0.4195054181953149,6.054293416712565,2.4661136311692213,0.4195054181953149,6.054293416712565,DTW4lag12,DTW4lag12_mixed,All_cities,warm_season_sensitivity,May-September warm-season days; non-heatwave days contribute zero,"5,6,7,8,9"
sensitivity_dtw4lag12,DTW4lag12 phenotype-stratified,warm_season_sensitivity,ssp370,2031,2031-2040,exceeded_quantity_composite_all,exceeded_quantity,composite,all,512.8730158730159,0.9055041389310776,0.5316546447040205,2.042160676694576,0.0054779007383132,0.5477900738313258,0.1252639176075826,2.842426459128363,0.5382504615947356,0.1252639176075826,2.842426459128363,0.0,0.1235883858728351,2.600825640670425,0.5316546447040205,0.1235883858728351,2.600825640670425,DTW4lag12,DTW4lag12_mixed,All_cities,warm_season_sensitivity,May-September warm-season days; non-heatwave days contribute zero,"5,6,7,8,9"
sensitivity_dtw4lag12,DTW4lag12 phenotype-stratified,warm_season_sensitivity,ssp370,2031,2031-2040,exceeded_quantity_day_all,exceeded_quantity,day,all,829.1756756756756,-1.0273662214318675,1.0603736302612363,2.3665044401451185,0.0110288303462323,1.102883034623233,0.005043385464841,3.835493179176838,1.0880480526181024,0.0,3.835493179176838,0.0,0.0049591724404338,3.5214432897390164,1.0603736302612363,0.0049591724404338,3.5214432897390164,DTW4lag12,DTW4lag12_mixed,All_cities,warm_season_sensitivity,May-September warm-season days; non-heatwave days contribute zero,"5,6,7,8,9"
sensitivity_dtw4lag12,DTW4lag12 phenotype-stratified,warm_season_sensitivity,ssp370,2031,2031-2040,exceeded_quantity_night_all,exceeded_quantity,night,all,451.9047619047619,-6.212949150613558,6.416873092492847,30.73850619964645,1.1110295352619095,111.102953526191,106.76358214814697,117.39116739888912,111.102953526191,95.3414428283099,117.39116739888912,0.0,5.816438343380819,6.663419435268363,6.416873092492847,5.816438343380819,6.663419435268363,DTW4lag12,DTW4lag12_mixed,All_cities,warm_season_sensitivity,May-September warm-season days; non-heatwave days contribute zero,"5,6,7,8,9"
sensitivity_dtw4lag12,DTW4lag12 phenotype-stratified,warm_season_sensitivity,ssp370,2032,2031-2040,cehwi_composite_all,cehwi,composite,all,476.7142857142857,-0.4420547600228551,0.4694456153673239,2.020909818365454,0.0048045842288733,0.4804584228873334,0.0345064971063909,1.9896791067852029,0.4571852866952273,0.0345064971063909,1.9896791067852029,0.0,0.0342632345936263,1.799924236810191,0.4694456153673239,0.0342632345936263,1.799924236810191,DTW4lag12,DTW4lag12_mixed,All_cities,warm_season_sensitivity,May-September warm-season days; non-heatwave days contribute zero,"5,6,7,8,9"
sensitivity_dtw4lag12,DTW4lag12 phenotype-stratified,warm_season_sensitivity,ssp370,2032,2031-2040,cehwi_day_all,cehwi,day,all,770.6216216216217,-0.5614090610413768,0.5947071335756755,1.3151899599819323,0.0061401013128833,0.6140101312883384,0.0030759945255346,2.4761028047425646,0.6083401421074103,0.0007202693833262,2.4761028047425646,0.0,0.0030199848686982,2.295954685370381,0.5947071335756755,0.0030199848686982,2.295954685370381,DTW4lag12,DTW4lag12_mixed,All_cities,warm_season_sensitivity,May-September warm-season days; non-heatwave days contribute zero,"5,6,7,8,9"
sensitivity_dtw4lag12,DTW4lag12 phenotype-stratified,warm_season_sensitivity,ssp370,2032,2031-2040,cehwi_night_all,cehwi,night,all,442.1746031746032,-2.6494745620950986,2.723675800422656,10.890506054836766,0.0554902785971014,5.549027859710147,2.136413989187303,102.24693523151107,5.549027859710147,0.0,102.2453908598832,0.0,0.5514860903159831,6.445972519606068,2.723675800422656,0.5514860903159831,6.445972519606068,DTW4lag12,DTW4lag12_mixed,All_cities,warm_season_sensitivity,May-September warm-season days; non-heatwave days contribute zero,"5,6,7,8,9"
sensitivity_dtw4lag12,DTW4lag12 phenotype-stratified,warm_season_sensitivity,ssp370,2032,2031-2040,exceeded_quantity_composite_all,exceeded_quantity,composite,all,476.7142857142857,0.7535025185638655,0.4568852005347363,1.889017512638926,0.004694198185215,0.4694198185215035,0.1062106090120944,2.382568865779127,0.4686890734806406,0.1062106090120944,2.382568865779127,0.0,0.1049606958788232,2.1956424897612044,0.4568852005347363,0.1049606958788232,2.1956424897612044,DTW4lag12,DTW4lag12_mixed,All_cities,warm_season_sensitivity,May-September warm-season days; non-heatwave days contribute zero,"5,6,7,8,9"
sensitivity_dtw4lag12,DTW4lag12 phenotype-stratified,warm_season_sensitivity,ssp370,2032,2031-2040,exceeded_quantity_day_all,exceeded_quantity,day,all,770.6216216216217,-0.8589654440679301,0.8899047026786375,2.09074629557731,0.009260403656473,0.926040365647305,0.0099259400039966,3.2028604622379926,0.9132832664136088,0.0,3.2028604622379926,0.0,0.0095273274859599,2.953545309291973,0.8899047026786375,0.0095273274859599,2.953545309291973,DTW4lag12,DTW4lag12_mixed,All_cities,warm_season_sensitivity,May-September warm-season days; non-heatwave days contribute zero,"5,6,7,8,9"
sensitivity_dtw4lag12,DTW4lag12 phenotype-stratified,warm_season_sensitivity,ssp370,2032,2031-2040,exceeded_quantity_night_all,exceeded_quantity,night,all,442.1746031746032,-6.975819301051637,7.189426965121541,30.21641799789248,1.2376899349806054,123.76899349806054,118.47021879964338,131.59171928228272,123.76894405294225,104.05565853885636,131.59171928228272,0.0,6.451165419408206,7.4521180880500735,7.189426965121541,6.451165419408206,7.4521180880500735,DTW4lag12,DTW4lag12_mixed,All_cities,warm_season_sensitivity,May-September warm-season days; non-heatwave days contribute zero,"5,6,7,8,9"
sensitivity_dtw4lag12,DTW4lag12 phenotype-stratified,warm_season_sensitivity,ssp370,2033,2031-2040,cehwi_composite_all,cehwi,composite,all,412.8095238095238,-0.3951980711677417,0.41167500065213,1.923417087741988,0.0042195349708372,0.4219534970837286,0.032000248731854,1.6991861015584278,0.4075285481611824,0.032000248731854,1.6991861015584278,0.0,0.0317542009182985,1.528988522991374,0.41167500065213,0.0317542009182985,1.528988522991374,DTW4lag12,DTW4lag12_mixed,All_cities,warm_season_sensitivity,May-September warm-season days; non-heatwave days contribute zero,"5,6,7,8,9"
sensitivity_dtw4lag12,DTW4lag12 phenotype-stratified,warm_season_sensitivity,ssp370,2033,2031-2040,cehwi_day_all,cehwi,day,all,628.0945945945946,-0.443127348419378,0.4626298112563934,1.302890770803242,0.0047533949096253,0.4753394909625383,0.0003777490330922,1.832286462088659,0.4713327711272063,0.0,1.832286462088659,0.0,0.0003758208955767,1.7138620389186028,0.4626298112563934,0.0003758208955767,1.7138620389186028,DTW4lag12,DTW4lag12_mixed,All_cities,warm_season_sensitivity,May-September warm-season days; non-heatwave days contribute zero,"5,6,7,8,9"
sensitivity_dtw4lag12,DTW4lag12 phenotype-stratified,warm_season_sensitivity,ssp370,2033,2031-2040,cehwi_night_all,cehwi,night,all,482.5238095238095,-2.7602731501836613,2.814981979525105,12.31297208203927,0.0479115408277904,4.791154082779044,0.8002720960337217,115.30145405466922,4.791154082779044,0.0,115.30145405466922,0.0,0.2474317206919097,6.978864679459937,2.814981979525105,0.2474317206919097,6.978864679459937,DTW4lag12,DTW4lag12_mixed,All_cities,warm_season_sensitivity,May-September warm-season days; non-heatwave days contribute zero,"5,6,7,8,9"
sensitivity_dtw4lag12,DTW4lag12 phenotype-stratified,warm_season_sensitivity,ssp370,2033,2031-2040,exceeded_quantity_composite_all,exceeded_quantity,composite,all,412.8095238095238,0.7194575077915427,0.3623512622862072,1.7977322857605895,0.0037187524369611,0.3718752436961133,0.0813270550396356,1.968382118041641,0.3714472925213164,0.0813270550396356,1.968382118041641,0.0,0.0804107771675433,1.810018370926587,0.3623512622862072,0.0804107771675433,1.810018370926587,DTW4lag12,DTW4lag12_mixed,All_cities,warm_season_sensitivity,May-September warm-season days; non-heatwave days contribute zero,"5,6,7,8,9"
sensitivity_dtw4lag12,DTW4lag12 phenotype-stratified,warm_season_sensitivity,ssp370,2033,2031-2040,exceeded_quantity_day_all,exceeded_quantity,day,all,628.0945945945946,-0.5477220086038905,0.577183238116514,1.8283783609625344,0.0059436454378149,0.5943645437814908,5.633140012885665e-05,2.19625274220889,0.5882688610721117,0.0,2.19625274220889,0.0,5.606967004242142e-05,2.058522628841276,0.577183238116514,5.606967004242142e-05,2.058522628841276,DTW4lag12,DTW4lag12_mixed,All_cities,warm_season_sensitivity,May-September warm-season days; non-heatwave days contribute zero,"5,6,7,8,9"
sensitivity_dtw4lag12,DTW4lag12 phenotype-stratified,warm_season_sensitivity,ssp370,2033,2031-2040,exceeded_quantity_night_all,exceeded_quantity,night,all,482.5238095238095,-7.026803041954454,7.2544590156804,30.742141860414964,1.2545793022773384,125.45793022773384,119.34149062173144,132.69093157613855,125.45793022773384,104.86646595299833,132.69093157613855,0.0,6.505087489771646,7.5319733216330835,7.2544590156804,6.505087489771646,7.5319733216330835,DTW4lag12,DTW4lag12_mixed,All_cities,warm_season_sensitivity,May-September warm-season days; non-heatwave days contribute zero,"5,6,7,8,9"
sensitivity_dtw4lag12,DTW4lag12 phenotype-stratified,warm_season_sensitivity,ssp370,2034,2031-2040,cehwi_composite_all,cehwi,composite,all,531.1269841269841,-0.5272373811298415,0.5274115920766058,2.0190182355383195,0.0054036962177117,0.5403696217711769,0.0640889041770644,1.978933215091216,0.5401973494407217,0.0640889041770644,1.978933215091216,0.0,0.063233100843175,1.808647159066076,0.5274115920766058,0.063233100843175,1.808647159066076,DTW4lag12,DTW4lag12_mixed,All_cities,warm_season_sensitivity,May-September warm-season days; non-heatwave days contribute zero,"5,6,7,8,9"
sensitivity_dtw4lag12,DTW4lag12 phenotype-stratified,warm_season_sensitivity,ssp370,2034,2031-2040,cehwi_day_all,cehwi,day,all,744.8378378378378,-0.4340886413498525,0.4642566288452329,1.195399733268584,0.0047545430055887,0.475454300558871,0.0007261762021838,2.043665567308058,0.4688839549707816,0.0,2.043665567308058,0.0,0.0007232209069087,1.9282275797114887,0.4642566288452329,0.0007232209069087,1.9282275797114887,DTW4lag12,DTW4lag12_mixed,All_cities,warm_season_sensitivity,May-September warm-season days; non-heatwave days contribute zero,"5,6,7,8,9"
sensitivity_dtw4lag12,DTW4lag12 phenotype-stratified,warm_season_sensitivity,ssp370,2034,2031-2040,cehwi_night_all,cehwi,night,all,478.77777777777777,-3.079955012640557,3.137795511405949,11.99708096568744,0.0531787479437046,5.31787479437047,0.821321787266499,125.78344031783963,5.31787479437047,0.0,125.78344031783963,0.0,0.2720970252188271,7.518770791973965,3.137795511405949,0.2720970252188271,7.518770791973965,DTW4lag12,DTW4lag12_mixed,All_cities,warm_season_sensitivity,May-September warm-season days; non-heatwave days contribute zero,"5,6,7,8,9"
sensitivity_dtw4lag12,DTW4lag12 phenotype-stratified,warm_season_sensitivity,ssp370,2034,2031-2040,exceeded_quantity_composite_all,exceeded_quantity,composite,all,531.1269841269841,1.2124740226454225,0.5274530073684737,1.928714143341279,0.005437055258951,0.5437055258951008,0.1451409438331746,2.70966997807278,0.5413478442415343,0.1451409438331746,2.70966997807278,0.0,0.1430741721953714,2.487902488977852,0.5274530073684737,0.1430741721953714,2.487902488977852,DTW4lag12,DTW4lag12_mixed,All_cities,warm_season_sensitivity,May-September warm-season days; non-heatwave days contribute zero,"5,6,7,8,9"
sensitivity_dtw4lag12,DTW4lag12 phenotype-stratified,warm_season_sensitivity,ssp370,2034,2031-2040,exceeded_quantity_day_all,exceeded_quantity,day,all,744.8378378378378,-0.7015467754347453,0.7400748603997419,2.005951846636647,0.0076386236966563,0.7638623696656344,0.0040714103232877,2.843730145182876,0.7398299625277031,0.0,2.843730145182876,0.0,0.0039942179235565,2.65304775167732,0.7400748603997419,0.0039942179235565,2.65304775167732,DTW4lag12,DTW4lag12_mixed,All_cities,warm_season_sensitivity,May-September warm-season days; non-heatwave days contribute zero,"5,6,7,8,9"
sensitivity_dtw4lag12,DTW4lag12 phenotype-stratified,warm_season_sensitivity,ssp370,2034,2031-2040,exceeded_quantity_night_all,exceeded_quantity,night,all,478.77777777777777,-7.615325662322129,7.854190110004014,30.765041241376743,1.3521868191616488,135.21868191616488,128.8115091183346,143.5639234859537,135.2186819161649,113.05038423258983,143.5639234859537,0.0,7.029982161701358,8.13449339548317,7.854190110004014,7.029982161701358,8.13449339548317,DTW4lag12,DTW4lag12_mixed,All_cities,warm_season_sensitivity,May-September warm-season days; non-heatwave days contribute zero,"5,6,7,8,9"
sensitivity_dtw4lag12,DTW4lag12 phenotype-stratified,warm_season_sensitivity,ssp370,2035,2031-2040,cehwi_composite_all,cehwi,composite,all,566.6031746031746,-0.6047871612064694,0.6154411611045362,2.078847634819428,0.0062999957049857,0.6299995704985729,0.0683597635712151,2.3764243446812103,0.6202646543675566,0.0683597635712151,2.3764243446812103,0.0,0.0676741630334004,2.170644666975249,0.6154411611045362,0.0676741630334004,2.170644666975249,DTW4lag12,DTW4lag12_mixed,All_cities,warm_season_sensitivity,May-September warm-season days; non-heatwave days contribute zero,"5,6,7,8,9"
sensitivity_dtw4lag12,DTW4lag12 phenotype-stratified,warm_season_sensitivity,ssp370,2035,2031-2040,cehwi_day_all,cehwi,day,all,861.9864864864865,-0.7002956312039486,0.742677206224058,1.613555304929475,0.0076820708588841,0.7682070858884142,0.0028475314504585,3.023462420323751,0.7590705029857352,0.0,3.023462420323751,0.0,0.0028185356802703,2.79993095635298,0.742677206224058,0.0028185356802703,2.79993095635298,DTW4lag12,DTW4lag12_mixed,All_cities,warm_season_sensitivity,May-September warm-season days; non-heatwave days contribute zero,"5,6,7,8,9"
sensitivity_dtw4lag12,DTW4lag12 phenotype-stratified,warm_season_sensitivity,ssp370,2035,2031-2040,cehwi_night_all,cehwi,night,all,495.6349206349207,-2.855200031258682,2.908891234520983,11.783661012254324,0.0556032247596687,5.56032247596687,1.7856835044326431,115.94304033292596,5.56032247596687,0.0,115.94304001308345,0.0,0.4373461641130566,7.132438610146941,2.908891234520983,0.4373461641130566,7.132438610146941,DTW4lag12,DTW4lag12_mixed,All_cities,warm_season_sensitivity,May-September warm-season days; non-heatwave days contribute zero,"5,6,7,8,9"
sensitivity_dtw4lag12,DTW4lag12 phenotype-stratified,warm_season_sensitivity,ssp370,2035,2031-2040,exceeded_quantity_composite_all,exceeded_quantity,composite,all,566.6031746031746,1.152521724689063,0.5626742589850324,1.818760329370181,0.0057823529104956,0.5782352910495603,0.1458977715040675,2.9284254518142223,0.5774931355382437,0.1458977715040675,2.9284254518142223,0.0,0.1441852490496097,2.6995438328037142,0.5626742589850324,0.1441852490496097,2.6995438328037142,DTW4lag12,DTW4lag12_mixed,All_cities,warm_season_sensitivity,May-September warm-season days; non-heatwave days contribute zero,"5,6,7,8,9"
sensitivity_dtw4lag12,DTW4lag12 phenotype-stratified,warm_season_sensitivity,ssp370,2035,2031-2040,exceeded_quantity_day_all,exceeded_quantity,day,all,861.9864864864865,-0.9268569106424228,0.9694460712000952,2.263242511656638,0.0100474393882603,1.0047439388260326,0.0013835340660444,3.660127133773021,0.9887377571199716,0.0,3.660127133773021,0.0,0.0013685735463344,3.386545925107069,0.9694460712000952,0.0013685735463344,3.386545925107069,DTW4lag12,DTW4lag12_mixed,All_cities,warm_season_sensitivity,May-September warm-season days; non-heatwave days contribute zero,"5,6,7,8,9"
sensitivity_dtw4lag12,DTW4lag12 phenotype-stratified,warm_season_sensitivity,ssp370,2035,2031-2040,exceeded_quantity_night_all,exceeded_quantity,night,all,495.6349206349207,-7.586137164124497,7.812791971399564,28.791786410925056,1.357640201442479,135.76402014424792,129.66041868742263,142.94753991908746,135.76402014424792,115.0389364774375,142.94753991908746,0.0,7.064812944585158,8.093996508167379,7.812791971399564,7.064812944585158,8.093996508167379,DTW4lag12,DTW4lag12_mixed,All_cities,warm_season_sensitivity,May-September warm-season days; non-heatwave days contribute zero,"5,6,7,8,9"
sensitivity_dtw4lag12,DTW4lag12 phenotype-stratified,warm_season_sensitivity,ssp370,2036,2031-2040,cehwi_composite_all,cehwi,composite,all,516.5873015873016,-0.5114589721977868,0.5114589721977868,2.07217890935762,0.0052288754494044,0.5228875449404436,0.0475798284427307,2.012515655608648,0.5228875449404435,0.0475798284427307,2.012515655608648,0.0,0.0472639820320256,1.836749319696712,0.5114589721977868,0.0472639820320256,1.836749319696712,DTW4lag12,DTW4lag12_mixed,All_cities,warm_season_sensitivity,May-September warm-season days; non-heatwave days contribute zero,"5,6,7,8,9"
sensitivity_dtw4lag12,DTW4lag12 phenotype-stratified,warm_season_sensitivity,ssp370,2036,2031-2040,cehwi_day_all,cehwi,day,all,709.1081081081081,-0.4291699524573689,0.4557337314177419,1.1882058015316137,0.0046603527300611,0.4660352730061161,8.413552227872224e-05,1.9521933089441224,0.4609104517205949,0.0,1.9521933089441224,0.0,8.372541017531025e-05,1.845246463475952,0.4557337314177419,8.372541017531025e-05,1.845246463475952,DTW4lag12,DTW4lag12_mixed,All_cities,warm_season_sensitivity,May-September warm-season days; non-heatwave days contribute zero,"5,6,7,8,9"
sensitivity_dtw4lag12,DTW4lag12 phenotype-stratified,warm_season_sensitivity,ssp370,2036,2031-2040,cehwi_night_all,cehwi,night,all,488.4285714285714,-2.9275836699052387,2.997979697045941,12.855448573821452,0.0493286511583727,4.932865115837271,0.5519429296763978,121.95094944897566,4.932865115837272,0.0,121.95058912293251,0.0,0.178542232183946,7.27655039429953,2.997979697045941,0.178542232183946,7.27655039429953,DTW4lag12,DTW4lag12_mixed,All_cities,warm_season_sensitivity,May-September warm-season days; non-heatwave days contribute zero,"5,6,7,8,9"
sensitivity_dtw4lag12,DTW4lag12 phenotype-stratified,warm_season_sensitivity,ssp370,2036,2031-2040,exceeded_quantity_composite_all,exceeded_quantity,composite,all,516.5873015873016,1.0345923544851838,0.489643897157354,1.921868032301772,0.0050390449788024,0.5039044978802406,0.137320175949102,2.5508258039338845,0.5017694002786856,0.137320175949102,2.5508258039338845,0.0,0.1355658728403721,2.350858436009095,0.489643897157354,0.1355658728403721,2.350858436009095,DTW4lag12,DTW4lag12_mixed,All_cities,warm_season_sensitivity,May-September warm-season days; non-heatwave days contribute zero,"5,6,7,8,9"
sensitivity_dtw4lag12,DTW4lag12 phenotype-stratified,warm_season_sensitivity,ssp370,2036,2031-2040,exceeded_quantity_day_all,exceeded_quantity,day,all,709.1081081081081,-0.6622375371511132,0.6983974526294832,1.9759419632544164,0.0071960726789872,0.7196072678987216,0.0005095113512585,2.6877838422039217,0.7055009562353538,0.0,2.6877838422039217,0.0,0.000504181835087,2.5145389806966167,0.6983974526294832,0.000504181835087,2.5145389806966167,DTW4lag12,DTW4lag12_mixed,All_cities,warm_season_sensitivity,May-September warm-season days; non-heatwave days contribute zero,"5,6,7,8,9"
sensitivity_dtw4lag12,DTW4lag12 phenotype-stratified,warm_season_sensitivity,ssp370,2036,2031-2040,exceeded_quantity_night_all,exceeded_quantity,night,all,488.4285714285714,-6.333661510800072,6.582737725449238,30.6626988036429,1.134081155487267,113.40811554872673,108.1319556927654,120.39735454312684,113.40811554872673,94.9107869401698,120.39735454312684,0.0,5.897526515549767,6.8762098521351085,6.582737725449238,5.897526515549767,6.8762098521351085,DTW4lag12,DTW4lag12_mixed,All_cities,warm_season_sensitivity,May-September warm-season days; non-heatwave days contribute zero,"5,6,7,8,9"
sensitivity_dtw4lag12,DTW4lag12 phenotype-stratified,warm_season_sensitivity,ssp370,2037,2031-2040,cehwi_composite_all,cehwi,composite,all,525.5238095238095,-0.626297613673723,0.6305349524166831,2.344814659147577,0.0064875002914052,0.6487500291405293,0.0701566475346701,2.471308672857208,0.6447022433082727,0.0701566475346701,2.471308672857208,0.0,0.0692909544134833,2.2017064883892643,0.6305349524166831,0.0692909544134833,2.2017064883892643,DTW4lag12,DTW4lag12_mixed,All_cities,warm_season_sensitivity,May-September warm-season days; non-heatwave days contribute zero,"5,6,7,8,9"
sensitivity_dtw4lag12,DTW4lag12 phenotype-stratified,warm_season_sensitivity,ssp370,2037,2031-2040,cehwi_day_all,cehwi,day,all,774.3648648648649,-0.5260761494779955,0.5641470189058124,1.4486151328870525,0.0057961757363358,0.5796175736335841,0.0080225086635104,2.428882601546222,0.569985036069536,0.0017900009660226,2.428882601546222,0.0,0.0079284850848788,2.2707584539943606,0.5641470189058124,0.0079284850848788,2.2707584539943606,DTW4lag12,DTW4lag12_mixed,All_cities,warm_season_sensitivity,May-September warm-season days; non-heatwave days contribute zero,"5,6,7,8,9"
sensitivity_dtw4lag12,DTW4lag12 phenotype-stratified,warm_season_sensitivity,ssp370,2037,2031-2040,cehwi_night_all,cehwi,night,all,530.2698412698413,-3.2510273198697464,3.319084611242326,12.969222328629716,0.0632870430388573,6.328704303885733,2.2334841294117984,127.92213915588674,6.328704303885733,0.0,127.92213915588674,0.0,0.5877580477297986,7.992421486635957,3.319084611242326,0.5877580477297986,7.992421486635957,DTW4lag12,DTW4lag12_mixed,All_cities,warm_season_sensitivity,May-September warm-season days; non-heatwave days contribute zero,"5,6,7,8,9"
sensitivity_dtw4lag12,DTW4lag12 phenotype-stratified,warm_season_sensitivity,ssp370,2037,2031-2040,exceeded_quantity_composite_all,exceeded_quantity,composite,all,525.5238095238095,1.151595653804341,0.5499634852433882,1.995512039078671,0.0056710600665006,0.5671060066500639,0.1496113195456059,2.834971680262102,0.5656520123050707,0.1496113195456059,2.834971680262102,0.0,0.1474822762951533,2.5959091810143238,0.5499634852433882,0.1474822762951533,2.5959091810143238,DTW4lag12,DTW4lag12_mixed,All_cities,warm_season_sensitivity,May-September warm-season days; non-heatwave days contribute zero,"5,6,7,8,9"
sensitivity_dtw4lag12,DTW4lag12 phenotype-stratified,warm_season_sensitivity,ssp370,2037,2031-2040,exceeded_quantity_day_all,exceeded_quantity,day,all,774.3648648648649,-0.6780640717969388,0.7146935813379968,1.9993101294003557,0.0073542494194632,0.7354249419463229,0.0035686672741095,2.792512994572028,0.7142210317640387,0.0,2.792512994572028,0.0,0.0035013634513997,2.618585142125524,0.7146935813379968,0.0035013634513997,2.618585142125524,DTW4lag12,DTW4lag12_mixed,All_cities,warm_season_sensitivity,May-September warm-season days; non-heatwave days contribute zero,"5,6,7,8,9"
sensitivity_dtw4lag12,DTW4lag12 phenotype-stratified,warm_season_sensitivity,ssp370,2037,2031-2040,exceeded_quantity_night_all,exceeded_quantity,night,all,530.2698412698413,-7.617020568858833,7.890471784596615,30.73567846635366,1.370940975251839,137.09409752518386,131.16499682953918,144.61971466826662,137.09402175369055,116.9296721223782,144.61971466826662,0.0,7.146810683123105,8.201541557782681,7.890471784596615,7.146810683123105,8.201541557782681,DTW4lag12,DTW4lag12_mixed,All_cities,warm_season_sensitivity,May-September warm-season days; non-heatwave days contribute zero,"5,6,7,8,9"
sensitivity_dtw4lag12,DTW4lag12 phenotype-stratified,warm_season_sensitivity,ssp370,2038,2031-2040,cehwi_composite_all,cehwi,composite,all,597.047619047619,-0.7185165849607711,0.719948752443883,2.394447507823826,0.0073998483196042,0.739984831960424,0.0915652665291597,2.7436000465788157,0.7385812972732082,0.0915652665291597,2.7436000465788157,0.0,0.0902448694036743,2.4720536231144608,0.719948752443883,0.0902448694036743,2.4720536231144608,DTW4lag12,DTW4lag12_mixed,All_cities,warm_season_sensitivity,May-September warm-season days; non-heatwave days contribute zero,"5,6,7,8,9"
sensitivity_dtw4lag12,DTW4lag12 phenotype-stratified,warm_season_sensitivity,ssp370,2038,2031-2040,cehwi_day_all,cehwi,day,all,793.2027027027027,-0.4942009415672672,0.5317552236238691,1.30164909507535,0.00545007317874,0.5450073178740092,0.0011563133876914,2.3163204777285205,0.5399936296298081,0.0,2.3163204777285205,0.0,0.0011461745937775,2.1774783090569807,0.5317552236238691,0.0011461745937775,2.1774783090569807,DTW4lag12,DTW4lag12_mixed,All_cities,warm_season_sensitivity,May-September warm-season days; non-heatwave days contribute zero,"5,6,7,8,9"
sensitivity_dtw4lag12,DTW4lag12 phenotype-stratified,warm_season_sensitivity,ssp370,2038,2031-2040,cehwi_night_all,cehwi,night,all,528.1269841269841,-3.068126910059564,3.140131936675917,13.139502040644873,0.0542607551044252,5.426075510442526,0.9794335690460024,124.2196501588558,5.426075510442526,0.0,124.2196499373123,0.0,0.2980886588230976,7.5044713543199135,3.140131936675917,0.2980886588230976,7.5044713543199135,DTW4lag12,DTW4lag12_mixed,All_cities,warm_season_sensitivity,May-September warm-season days; non-heatwave days contribute zero,"5,6,7,8,9"
sensitivity_dtw4lag12,DTW4lag12 phenotype-stratified,warm_season_sensitivity,ssp370,2038,2031-2040,exceeded_quantity_composite_all,exceeded_quantity,composite,all,597.047619047619,1.1055261278702997,0.6320559721398551,2.086042667292048,0.0065159260434965,0.651592604349656,0.1737614435772211,3.124132251306269,0.6510158339597258,0.1737614435772211,3.124132251306269,0.0,0.1713584881291618,2.876551848707779,0.6320559721398551,0.1713584881291618,2.876551848707779,DTW4lag12,DTW4lag12_mixed,All_cities,warm_season_sensitivity,May-September warm-season days; non-heatwave days contribute zero,"5,6,7,8,9"
sensitivity_dtw4lag12,DTW4lag12 phenotype-stratified,warm_season_sensitivity,ssp370,2038,2031-2040,exceeded_quantity_day_all,exceeded_quantity,day,all,793.2027027027027,-0.7733691432103055,0.8126283590869621,2.109657506965885,0.0083936379909755,0.8393637990975521,0.0002984303615,3.105179895550112,0.8277397893461513,0.0,3.105179895550112,0.0,0.0002963160927344,2.8892774005721744,0.8126283590869621,0.0002963160927344,2.8892774005721744,DTW4lag12,DTW4lag12_mixed,All_cities,warm_season_sensitivity,May-September warm-season days; non-heatwave days contribute zero,"5,6,7,8,9"
sensitivity_dtw4lag12,DTW4lag12 phenotype-stratified,warm_season_sensitivity,ssp370,2038,2031-2040,exceeded_quantity_night_all,exceeded_quantity,night,all,528.1269841269841,-7.368079785807005,7.630082294391203,30.67759890540616,1.3261466534578694,132.61466534578693,126.85756413059404,139.820335634901,132.61462184106762,113.20916302792288,139.820335634901,0.0,6.912295900432757,7.930398154778881,7.630082294391203,6.912295900432757,7.930398154778881,DTW4lag12,DTW4lag12_mixed,All_cities,warm_season_sensitivity,May-September warm-season days; non-heatwave days contribute zero,"5,6,7,8,9"
sensitivity_dtw4lag12,DTW4lag12 phenotype-stratified,warm_season_sensitivity,ssp370,2039,2031-2040,cehwi_composite_all,cehwi,composite,all,548.4444444444445,-0.5633407025057658,0.5811105638838596,2.237988032331207,0.0059579547376912,0.5957954737691292,0.0645555088299441,2.3096788430701296,0.5805025265393228,0.0645555088299441,2.3096788430701296,0.0,0.0638435444278859,2.084122701199544,0.5811105638838596,0.0638435444278859,2.084122701199544,DTW4lag12,DTW4lag12_mixed,All_cities,warm_season_sensitivity,May-September warm-season days; non-heatwave days contribute zero,"5,6,7,8,9"
sensitivity_dtw4lag12,DTW4lag12 phenotype-stratified,warm_season_sensitivity,ssp370,2039,2031-2040,cehwi_day_all,cehwi,day,all,805.6756756756756,-0.5258512498920077,0.560141241544773,1.3867884517051925,0.005753181039008,0.575318103900807,0.0011892191265282,2.36873216730308,0.5686431633113062,0.0,2.36873216730308,0.0,0.0011802080998787,2.220621620095611,0.560141241544773,0.0011802080998787,2.220621620095611,DTW4lag12,DTW4lag12_mixed,All_cities,warm_season_sensitivity,May-September warm-season days; non-heatwave days contribute zero,"5,6,7,8,9"
sensitivity_dtw4lag12,DTW4lag12 phenotype-stratified,warm_season_sensitivity,ssp370,2039,2031-2040,cehwi_night_all,cehwi,night,all,451.8095238095238,-2.9489820112813554,3.0091491779089834,11.869971040951004,0.0526122721779719,5.261227217797192,1.2071229930878136,119.51055332090114,5.261227217797192,0.0,119.51053346306684,0.0,0.3655603123171307,7.245172142504123,3.0091491779089834,0.3655603123171307,7.245172142504123,DTW4lag12,DTW4lag12_mixed,All_cities,warm_season_sensitivity,May-September warm-season days; non-heatwave days contribute zero,"5,6,7,8,9"
sensitivity_dtw4lag12,DTW4lag12 phenotype-stratified,warm_season_sensitivity,ssp370,2039,2031-2040,exceeded_quantity_composite_all,exceeded_quantity,composite,all,548.4444444444445,1.0819913917656443,0.5347364568753363,1.980020513527721,0.0055067227899158,0.5506722789915874,0.1471710670833155,2.769969778652819,0.550116794309947,0.1471710670833155,2.769969778652819,0.0,0.1452641787550702,2.5477941241432758,0.5347364568753363,0.1452641787550702,2.5477941241432758,DTW4lag12,DTW4lag12_mixed,All_cities,warm_season_sensitivity,May-September warm-season days; non-heatwave days contribute zero,"5,6,7,8,9"
sensitivity_dtw4lag12,DTW4lag12 phenotype-stratified,warm_season_sensitivity,ssp370,2039,2031-2040,exceeded_quantity_day_all,exceeded_quantity,day,all,805.6756756756756,-0.7436103472931886,0.7828344096401321,2.054674630004273,0.0080814473565491,0.8081447356549138,0.0027989631352123,2.9892612453374623,0.7854112746871654,0.0,2.9892612453374623,0.0,0.0027603076137581,2.787173258994551,0.7828344096401321,0.0027603076137581,2.787173258994551,DTW4lag12,DTW4lag12_mixed,All_cities,warm_season_sensitivity,May-September warm-season days; non-heatwave days contribute zero,"5,6,7,8,9"
sensitivity_dtw4lag12,DTW4lag12 phenotype-stratified,warm_season_sensitivity,ssp370,2039,2031-2040,exceeded_quantity_night_all,exceeded_quantity,night,all,451.8095238095238,-6.47722893430846,6.712395397467375,30.257858185481084,1.1720832158985304,117.20832158985306,112.727479468543,123.00919929245372,117.2083026618453,101.25520394210513,123.00919929245372,0.0,6.135520178488872,6.996110716711561,6.712395397467375,6.135520178488872,6.996110716711561,DTW4lag12,DTW4lag12_mixed,All_cities,warm_season_sensitivity,May-September warm-season days; non-heatwave days contribute zero,"5,6,7,8,9"
sensitivity_dtw4lag12,DTW4lag12 phenotype-stratified,warm_season_sensitivity,ssp370,2040,2031-2040,cehwi_composite_all,cehwi,composite,all,600.3333333333334,-0.5988637907885358,0.6031584702321094,2.047207779906,0.0061693488080478,0.6169348808047839,0.0565480327587547,2.3972893681710867,0.613022806413873,0.0565480327587547,2.3972893681710867,0.0,0.0562028340588916,2.1728201523156256,0.6031584702321094,0.0562028340588916,2.1728201523156256,DTW4lag12,DTW4lag12_mixed,All_cities,warm_season_sensitivity,May-September warm-season days; non-heatwave days contribute zero,"5,6,7,8,9"
sensitivity_dtw4lag12,DTW4lag12 phenotype-stratified,warm_season_sensitivity,ssp370,2040,2031-2040,cehwi_day_all,cehwi,day,all,824.2162162162163,-0.487700952558559,0.5299613810159935,1.2704053543166374,0.0054243763671685,0.5424376367168552,0.0057213369211694,2.375198297263103,0.5335639088841109,0.0026037260983259,2.375198297263103,0.0,0.0056279092735349,2.234184024781368,0.5299613810159935,0.0056279092735349,2.234184024781368,DTW4lag12,DTW4lag12_mixed,All_cities,warm_season_sensitivity,May-September warm-season days; non-heatwave days contribute zero,"5,6,7,8,9"
sensitivity_dtw4lag12,DTW4lag12 phenotype-stratified,warm_season_sensitivity,ssp370,2040,2031-2040,cehwi_night_all,cehwi,night,all,522.4603174603175,-2.888496286952897,2.94673343825179,12.611139501020403,0.0471084665377258,4.710846653772589,0.2668037035202396,126.8481449764976,4.710846653772589,0.0,126.84814109772628,0.0,0.0919585032627308,7.447780440245423,2.94673343825179,0.0919585032627308,7.447780440245423,DTW4lag12,DTW4lag12_mixed,All_cities,warm_season_sensitivity,May-September warm-season days; non-heatwave days contribute zero,"5,6,7,8,9"
sensitivity_dtw4lag12,DTW4lag12 phenotype-stratified,warm_season_sensitivity,ssp370,2040,2031-2040,exceeded_quantity_composite_all,exceeded_quantity,composite,all,600.3333333333334,1.12373880373094,0.6074897615242757,1.9297947632101624,0.0062577486059516,0.6257748605951653,0.1752142581168654,3.021023480680977,0.6252560737064755,0.1752142581168654,3.021023480680977,0.0,0.1729464158478088,2.784450651813396,0.6074897615242757,0.1729464158478088,2.784450651813396,DTW4lag12,DTW4lag12_mixed,All_cities,warm_season_sensitivity,May-September warm-season days; non-heatwave days contribute zero,"5,6,7,8,9"
sensitivity_dtw4lag12,DTW4lag12 phenotype-stratified,warm_season_sensitivity,ssp370,2040,2031-2040,exceeded_quantity_day_all,exceeded_quantity,day,all,824.2162162162163,-0.7547078415720517,0.7941720659884343,2.001986379966582,0.0081682145770686,0.8168214577068695,0.0029135306811855,3.0618273785622065,0.7895479950415758,0.0,3.0618273785622065,0.0,0.0028786204459208,2.8710293901844826,0.7941720659884343,0.0028786204459208,2.8710293901844826,DTW4lag12,DTW4lag12_mixed,All_cities,warm_season_sensitivity,May-September warm-season days; non-heatwave days contribute zero,"5,6,7,8,9"
sensitivity_dtw4lag12,DTW4lag12 phenotype-stratified,warm_season_sensitivity,ssp370,2040,2031-2040,exceeded_quantity_night_all,exceeded_quantity,night,all,522.4603174603175,-7.360827583515583,7.596925294538448,29.70677869530366,1.2969645384709925,129.69645384709926,123.19521020801852,138.70853402017823,129.69624548154005,105.94566422732196,138.70853402017823,0.0,6.7187780664200965,7.898679400371992,7.596925294538448,6.7187780664200965,7.898679400371992,DTW4lag12,DTW4lag12_mixed,All_cities,warm_season_sensitivity,May-September warm-season days; non-heatwave days contribute zero,"5,6,7,8,9"
sensitivity_dtw4lag12,DTW4lag12 phenotype-stratified,warm_season_sensitivity,ssp370,2041,2041-2050,cehwi_composite_all,cehwi,composite,all,626.6984126984127,-0.6203160122845677,0.6260372028689624,2.096074040010155,0.0064062740377793,0.640627403777939,0.051100720111087,2.55975687678361,0.6352463670703654,0.051100720111087,2.55975687678361,0.0,0.0508299356661834,2.309008626410109,0.6260372028689624,0.0508299356661834,2.309008626410109,DTW4lag12,DTW4lag12_mixed,All_cities,warm_season_sensitivity,May-September warm-season days; non-heatwave days contribute zero,"5,6,7,8,9"
sensitivity_dtw4lag12,DTW4lag12 phenotype-stratified,warm_season_sensitivity,ssp370,2041,2041-2050,cehwi_day_all,cehwi,day,all,773.8378378378378,-0.4212437473663851,0.4619759888858023,1.2331817053112295,0.0047208304567427,0.4720830456742719,7.149158181849881e-05,2.1042090134536,0.4652327885191939,0.0,2.1042090134536,0.0,7.116733511257001e-05,1.991709122335304,0.4619759888858023,7.116733511257001e-05,1.991709122335304,DTW4lag12,DTW4lag12_mixed,All_cities,warm_season_sensitivity,May-September warm-season days; non-heatwave days contribute zero,"5,6,7,8,9"
sensitivity_dtw4lag12,DTW4lag12 phenotype-stratified,warm_season_sensitivity,ssp370,2041,2041-2050,cehwi_night_all,cehwi,night,all,463.3174603174603,-3.713312712077841,3.7740654007233023,13.657817989165656,0.0717879422479352,7.178794224793522,2.2642466970733133,132.3740932326229,7.178794224793522,0.0,132.37386365322382,0.0,0.6768243989528187,8.226697232836315,3.7740654007233023,0.6768243989528187,8.226697232836315,DTW4lag12,DTW4lag12_mixed,All_cities,warm_season_sensitivity,May-September warm-season days; non-heatwave days contribute zero,"5,6,7,8,9"
sensitivity_dtw4lag12,DTW4lag12 phenotype-stratified,warm_season_sensitivity,ssp370,2041,2041-2050,exceeded_quantity_composite_all,exceeded_quantity,composite,all,626.6984126984127,1.1811475447793838,0.5986969463612751,1.8642867900479123,0.0061525045932149,0.6152504593214942,0.1480010574770962,3.1028285315987554,0.613266057787515,0.1480010574770962,3.1028285315987554,0.0,0.1463113366400921,2.851640054700873,0.5986969463612751,0.1463113366400921,2.851640054700873,DTW4lag12,DTW4lag12_mixed,All_cities,warm_season_sensitivity,May-September warm-season days; non-heatwave days contribute zero,"5,6,7,8,9"
sensitivity_dtw4lag12,DTW4lag12 phenotype-stratified,warm_season_sensitivity,ssp370,2041,2041-2050,exceeded_quantity_day_all,exceeded_quantity,day,all,773.8378378378378,-0.7237161426899679,0.7621403797363713,2.1108192829728507,0.0078625152737269,0.7862515273726999,0.0062378348053387,2.9192574482688785,0.7588894402670259,0.0,2.9192574482688785,0.0,0.0061294480634171,2.727017247354113,0.7621403797363713,0.0061294480634171,2.727017247354113,DTW4lag12,DTW4lag12_mixed,All_cities,warm_season_sensitivity,May-September warm-season days; non-heatwave days contribute zero,"5,6,7,8,9"
sensitivity_dtw4lag12,DTW4lag12 phenotype-stratified,warm_season_sensitivity,ssp370,2041,2041-2050,exceeded_quantity_night_all,exceeded_quantity,night,all,463.3174603174603,-6.502142483339796,6.7703585398403385,29.234762023100767,1.1717479239883275,117.17479239883276,112.09822937494422,123.98040747415176,117.17476191145964,99.4414052954638,123.98040747415176,0.0,6.108864400654566,7.079323269274168,6.7703585398403385,6.108864400654566,7.079323269274168,DTW4lag12,DTW4lag12_mixed,All_cities,warm_season_sensitivity,May-September warm-season days; non-heatwave days contribute zero,"5,6,7,8,9"
sensitivity_dtw4lag12,DTW4lag12 phenotype-stratified,warm_season_sensitivity,ssp370,2042,2041-2050,cehwi_composite_all,cehwi,composite,all,638.6984126984127,-0.7339275172850491,0.7682651820844563,2.378478362081922,0.0078962231676503,0.789622316765037,0.1218901479218142,2.8592093210699328,0.760176103986741,0.1218899493609603,2.8592093210699328,0.0,0.1198731858940412,2.591976255327681,0.7682651820844563,0.1198731858940412,2.591976255327681,DTW4lag12,DTW4lag12_mixed,All_cities,warm_season_sensitivity,May-September warm-season days; non-heatwave days contribute zero,"5,6,7,8,9"
sensitivity_dtw4lag12,DTW4lag12 phenotype-stratified,warm_season_sensitivity,ssp370,2042,2041-2050,cehwi_day_all,cehwi,day,all,833.918918918919,-0.631323467753862,0.6787539563601225,1.504202570113988,0.0070167872466562,0.7016787246656256,0.00021036291331,2.854551299409016,0.6929530784086038,0.0,2.854551299409016,0.0,0.0002091737827446,2.6488980885476403,0.6787539563601225,0.0002091737827446,2.6488980885476403,DTW4lag12,DTW4lag12_mixed,All_cities,warm_season_sensitivity,May-September warm-season days; non-heatwave days contribute zero,"5,6,7,8,9"
sensitivity_dtw4lag12,DTW4lag12 phenotype-stratified,warm_season_sensitivity,ssp370,2042,2041-2050,cehwi_night_all,cehwi,night,all,602.2539682539683,-4.336016116147149,4.44441869726471,14.721536045333856,0.0882743136651717,8.827431366517178,3.0667924731161653,146.2071236493604,8.827431366517178,0.0,146.20658110322046,0.0,0.8952923182425213,9.282667213440137,4.44441869726471,0.8952923182425213,9.282667213440137,DTW4lag12,DTW4lag12_mixed,All_cities,warm_season_sensitivity,May-September warm-season days; non-heatwave days contribute zero,"5,6,7,8,9"
sensitivity_dtw4lag12,DTW4lag12 phenotype-stratified,warm_season_sensitivity,ssp370,2042,2041-2050,exceeded_quantity_composite_all,exceeded_quantity,composite,all,638.6984126984127,1.2267998943031535,0.6993360184534985,2.048603039861475,0.0072199846890343,0.721998468903432,0.2008582337912793,3.4277820483870234,0.7174293216249478,0.2008582337912793,3.4277820483870234,0.0,0.1978509320737572,3.142821553542091,0.6993360184534985,0.1978509320737572,3.142821553542091,DTW4lag12,DTW4lag12_mixed,All_cities,warm_season_sensitivity,May-September warm-season days; non-heatwave days contribute zero,"5,6,7,8,9"
sensitivity_dtw4lag12,DTW4lag12 phenotype-stratified,warm_season_sensitivity,ssp370,2042,2041-2050,exceeded_quantity_day_all,exceeded_quantity,day,all,833.918918918919,-0.8971240165658967,0.9366708287194562,2.217849557274431,0.0096831182921043,0.9683118292104383,0.0066555300349717,3.477994248047908,0.9336188544705492,0.0,3.477994248047908,0.0,0.006542825766179,3.23562778879703,0.9366708287194562,0.006542825766179,3.23562778879703,DTW4lag12,DTW4lag12_mixed,All_cities,warm_season_sensitivity,May-September warm-season days; non-heatwave days contribute zero,"5,6,7,8,9"
sensitivity_dtw4lag12,DTW4lag12 phenotype-stratified,warm_season_sensitivity,ssp370,2042,2041-2050,exceeded_quantity_night_all,exceeded_quantity,night,all,602.2539682539683,-8.323413394119973,8.675605294175982,28.322014928527096,1.5215251730850692,152.1525173085069,146.98413510248366,159.02329262118596,152.15151549763317,134.07608709438358,159.02329262118596,0.0,8.007867541386666,9.0776834709922,8.675605294175982,8.007867541386666,9.0776834709922,DTW4lag12,DTW4lag12_mixed,All_cities,warm_season_sensitivity,May-September warm-season days; non-heatwave days contribute zero,"5,6,7,8,9"
sensitivity_dtw4lag12,DTW4lag12 phenotype-stratified,warm_season_sensitivity,ssp370,2043,2041-2050,cehwi_composite_all,cehwi,composite,all,618.0793650793651,-0.6458653125086958,0.6463707387067436,2.194733951645401,0.0066097819060614,0.6609781906061402,0.0535366979191492,2.6325055218831115,0.6604895151700706,0.0535366979191492,2.6325055218831115,0.0,0.0531637101960899,2.390857604538576,0.6463707387067436,0.0531637101960899,2.390857604538576,DTW4lag12,DTW4lag12_mixed,All_cities,warm_season_sensitivity,May-September warm-season days; non-heatwave days contribute zero,"5,6,7,8,9"
sensitivity_dtw4lag12,DTW4lag12 phenotype-stratified,warm_season_sensitivity,ssp370,2043,2041-2050,cehwi_day_all,cehwi,day,all,727.5540540540541,-0.3931128647833558,0.425160823237167,1.1887998984428634,0.0043434485783825,0.4343448578382504,0.0015226804567404,1.935463556540715,0.4262607807334529,0.0,1.935463556540715,0.0,0.0015068876254669,1.827326460633818,0.425160823237167,0.0015068876254669,1.827326460633818,DTW4lag12,DTW4lag12_mixed,All_cities,warm_season_sensitivity,May-September warm-season days; non-heatwave days contribute zero,"5,6,7,8,9"
sensitivity_dtw4lag12,DTW4lag12 phenotype-stratified,warm_season_sensitivity,ssp370,2043,2041-2050,cehwi_night_all,cehwi,night,all,560.5238095238095,-4.292225041351186,4.381923891399072,13.80439305858756,0.0800295391265493,8.002953912654931,1.9701000967446276,156.06469462169545,8.002953912654931,0.0,156.0646897041126,0.0,0.6283876229283145,9.56955148292034,4.381923891399072,0.6283876229283145,9.56955148292034,DTW4lag12,DTW4lag12_mixed,All_cities,warm_season_sensitivity,May-September warm-season days; non-heatwave days contribute zero,"5,6,7,8,9"
sensitivity_dtw4lag12,DTW4lag12 phenotype-stratified,warm_season_sensitivity,ssp370,2043,2041-2050,exceeded_quantity_composite_all,exceeded_quantity,composite,all,618.0793650793651,1.276183611545488,0.5792940344615974,1.856165049159972,0.0059501030225627,0.5950103022562796,0.1488126443718928,3.0493409405979413,0.5943873857445191,0.1488126443718928,3.0493409405979413,0.0,0.1470559199267354,2.813702685994669,0.5792940344615974,0.1470559199267354,2.813702685994669,DTW4lag12,DTW4lag12_mixed,All_cities,warm_season_sensitivity,May-September warm-season days; non-heatwave days contribute zero,"5,6,7,8,9"
sensitivity_dtw4lag12,DTW4lag12 phenotype-stratified,warm_season_sensitivity,ssp370,2043,2041-2050,exceeded_quantity_day_all,exceeded_quantity,day,all,727.5540540540541,-0.606019907714497,0.6441657167860992,1.9313666934001223,0.0066281346983326,0.6628134698332692,0.0017074073120207,2.539247794058324,0.6445743474148564,0.0,2.539247794058324,0.0,0.0016730842530485,2.3821890524097045,0.6441657167860992,0.0016730842530485,2.3821890524097045,DTW4lag12,DTW4lag12_mixed,All_cities,warm_season_sensitivity,May-September warm-season days; non-heatwave days contribute zero,"5,6,7,8,9"
sensitivity_dtw4lag12,DTW4lag12 phenotype-stratified,warm_season_sensitivity,ssp370,2043,2041-2050,exceeded_quantity_night_all,exceeded_quantity,night,all,560.5238095238095,-7.49559638790647,7.826956848424798,29.753009026428312,1.3670561533654362,136.7056153365436,131.34907724228287,143.45570141437045,136.70558229758026,118.31319680320132,143.45570141437045,0.0,7.154443423684298,8.207763292102815,7.826956848424798,7.154443423684298,8.207763292102815,DTW4lag12,DTW4lag12_mixed,All_cities,warm_season_sensitivity,May-September warm-season days; non-heatwave days contribute zero,"5,6,7,8,9"
sensitivity_dtw4lag12,DTW4lag12 phenotype-stratified,warm_season_sensitivity,ssp370,2044,2041-2050,cehwi_composite_all,cehwi,composite,all,607.5873015873016,-0.5952751836742279,0.5952761801918761,1.98905690454612,0.0060883364510871,0.6088336451087173,0.0546933902696062,2.394920674499,0.6088326493082791,0.0546933902696062,2.394920674499,0.0,0.0542555167712989,2.177517959132012,0.5952761801918761,0.0542555167712989,2.177517959132012,DTW4lag12,DTW4lag12_mixed,All_cities,warm_season_sensitivity,May-September warm-season days; non-heatwave days contribute zero,"5,6,7,8,9"
sensitivity_dtw4lag12,DTW4lag12 phenotype-stratified,warm_season_sensitivity,ssp370,2044,2041-2050,cehwi_day_all,cehwi,day,all,809.1756756756756,-0.5142240222914146,0.5501175215942908,1.2727233034041554,0.0056563041988145,0.5656304198814515,0.0001794756841909,2.3791894314861683,0.5580000071501342,0.0,2.3791894314861683,0.0,0.0001785771905133,2.2216827106198984,0.5501175215942908,0.0001785771905133,2.2216827106198984,DTW4lag12,DTW4lag12_mixed,All_cities,warm_season_sensitivity,May-September warm-season days; non-heatwave days contribute zero,"5,6,7,8,9"
sensitivity_dtw4lag12,DTW4lag12 phenotype-stratified,warm_season_sensitivity,ssp370,2044,2041-2050,cehwi_night_all,cehwi,night,all,506.1904761904762,-3.345759978292161,3.396550902015203,13.187151689450054,0.0575790846003391,5.757908460033918,0.8081246633046749,134.49673732651485,5.757908460033918,0.0,134.49673732651485,0.0,0.2654793346468647,8.008370062409773,3.396550902015203,0.2654793346468647,8.008370062409773,DTW4lag12,DTW4lag12_mixed,All_cities,warm_season_sensitivity,May-September warm-season days; non-heatwave days contribute zero,"5,6,7,8,9"
sensitivity_dtw4lag12,DTW4lag12 phenotype-stratified,warm_season_sensitivity,ssp370,2044,2041-2050,exceeded_quantity_composite_all,exceeded_quantity,composite,all,607.5873015873016,1.097217071644662,0.5799928837991871,1.8484719176763784,0.0059706334242379,0.5970633424237931,0.1571057869616492,3.0401629432944026,0.5945160518279351,0.1571057869616492,3.0401629432944026,0.0,0.1549801936481477,2.8033326846823075,0.5799928837991871,0.1549801936481477,2.8033326846823075,DTW4lag12,DTW4lag12_mixed,All_cities,warm_season_sensitivity,May-September warm-season days; non-heatwave days contribute zero,"5,6,7,8,9"
sensitivity_dtw4lag12,DTW4lag12 phenotype-stratified,warm_season_sensitivity,ssp370,2044,2041-2050,exceeded_quantity_day_all,exceeded_quantity,day,all,809.1756756756756,-0.7937435933830289,0.8328434035273539,2.029170324160567,0.0086080430969352,0.8608043096935248,0.0016117161605449,3.162949769004685,0.848094224857012,0.0,3.162949769004685,0.0,0.001579886353013,2.940002238341305,0.8328434035273539,0.001579886353013,2.940002238341305,DTW4lag12,DTW4lag12_mixed,All_cities,warm_season_sensitivity,May-September warm-season days; non-heatwave days contribute zero,"5,6,7,8,9"
sensitivity_dtw4lag12,DTW4lag12 phenotype-stratified,warm_season_sensitivity,ssp370,2044,2041-2050,exceeded_quantity_night_all,exceeded_quantity,night,all,506.1904761904762,-7.7594115684301,8.027761670040569,30.77013599327075,1.3993124091283051,139.93124091283053,134.38033058003435,147.1868080043138,139.93124091283053,120.73117621403972,147.1868080043138,0.0,7.31764150151273,8.336859588670404,8.027761670040569,7.31764150151273,8.336859588670404,DTW4lag12,DTW4lag12_mixed,All_cities,warm_season_sensitivity,May-September warm-season days; non-heatwave days contribute zero,"5,6,7,8,9"
sensitivity_dtw4lag12,DTW4lag12 phenotype-stratified,warm_season_sensitivity,ssp370,2045,2041-2050,cehwi_composite_all,cehwi,composite,all,623.6507936507936,-0.7126708572333995,0.742739302479404,2.3891680922884557,0.0076213999638955,0.7621399963895524,0.0980085372669339,2.9044413373919364,0.7352396245798042,0.0977375115151495,2.9044413373919364,0.0,0.0966098731635615,2.639284103139357,0.742739302479404,0.0966098731635615,2.639284103139357,DTW4lag12,DTW4lag12_mixed,All_cities,warm_season_sensitivity,May-September warm-season days; non-heatwave days contribute zero,"5,6,7,8,9"
sensitivity_dtw4lag12,DTW4lag12 phenotype-stratified,warm_season_sensitivity,ssp370,2045,2041-2050,cehwi_day_all,cehwi,day,all,720.9864864864865,-0.432823354217033,0.4637218336091577,1.2602569011849396,0.0047624697223126,0.4762469722312608,0.0,2.032895427954385,0.4705244312782279,0.0,2.032895427954385,0.0,0.0,1.9065427264753367,0.4637218336091577,0.0,1.9065427264753367,DTW4lag12,DTW4lag12_mixed,All_cities,warm_season_sensitivity,May-September warm-season days; non-heatwave days contribute zero,"5,6,7,8,9"
sensitivity_dtw4lag12,DTW4lag12 phenotype-stratified,warm_season_sensitivity,ssp370,2045,2041-2050,cehwi_night_all,cehwi,night,all,575.3650793650794,-4.299612461370167,4.377637283778372,14.2576232996839,0.0874273391828439,8.742733918284392,3.088417410872341,148.80687761103886,8.742733918284394,0.0,148.80686963472155,0.0,0.8564178354811645,9.328121495260522,4.377637283778372,0.8564178354811645,9.328121495260522,DTW4lag12,DTW4lag12_mixed,All_cities,warm_season_sensitivity,May-September warm-season days; non-heatwave days contribute zero,"5,6,7,8,9"
sensitivity_dtw4lag12,DTW4lag12 phenotype-stratified,warm_season_sensitivity,ssp370,2045,2041-2050,exceeded_quantity_composite_all,exceeded_quantity,composite,all,623.6507936507936,1.3130860083833873,0.6687992982673919,2.0998927838389214,0.0069113132536694,0.6911313253669407,0.1932955778555262,3.4324826142585123,0.6899886696487639,0.1932955778555262,3.4324826142585123,0.0,0.19028005806066,3.1446732290972665,0.6687992982673919,0.19028005806066,3.1446732290972665,DTW4lag12,DTW4lag12_mixed,All_cities,warm_season_sensitivity,May-September warm-season days; non-heatwave days contribute zero,"5,6,7,8,9"
sensitivity_dtw4lag12,DTW4lag12 phenotype-stratified,warm_season_sensitivity,ssp370,2045,2041-2050,exceeded_quantity_day_all,exceeded_quantity,day,all,720.9864864864865,-0.6748043705988709,0.7096708974034113,2.0155978573879847,0.0073305887985096,0.7330588798509634,0.0070259444857412,2.7101025070565807,0.7104503712731909,0.0,2.7101025070565807,0.0,0.0068910268019043,2.5267909236316397,0.7096708974034113,0.0068910268019043,2.5267909236316397,DTW4lag12,DTW4lag12_mixed,All_cities,warm_season_sensitivity,May-September warm-season days; non-heatwave days contribute zero,"5,6,7,8,9"
sensitivity_dtw4lag12,DTW4lag12 phenotype-stratified,warm_season_sensitivity,ssp370,2045,2041-2050,exceeded_quantity_night_all,exceeded_quantity,night,all,575.3650793650794,-8.656136034021488,8.986851476555632,28.849050869901337,1.5784093180405736,157.84093180405736,152.22240160006442,164.59632105598433,157.8407349915236,139.0496168613251,164.59632105598433,0.0,8.296175106613367,9.36040549606698,8.986851476555632,8.296175106613367,9.36040549606698,DTW4lag12,DTW4lag12_mixed,All_cities,warm_season_sensitivity,May-September warm-season days; non-heatwave days contribute zero,"5,6,7,8,9"
sensitivity_dtw4lag12,DTW4lag12 phenotype-stratified,warm_season_sensitivity,ssp370,2046,2041-2050,cehwi_composite_all,cehwi,composite,all,717.5714285714286,-0.7081647615550634,0.78944912688781,2.1536639370908155,0.0080862742356392,0.8086274235639251,0.0610867604094552,3.372794493988565,0.7408719991680475,0.0610867604094552,3.372794493988565,0.0,0.0606437771477685,3.037162740855205,0.78944912688781,0.0606437771477685,3.037162740855205,DTW4lag12,DTW4lag12_mixed,All_cities,warm_season_sensitivity,May-September warm-season days; non-heatwave days contribute zero,"5,6,7,8,9"
sensitivity_dtw4lag12,DTW4lag12 phenotype-stratified,warm_season_sensitivity,ssp370,2046,2041-2050,cehwi_day_all,cehwi,day,all,791.7162162162163,-0.5773298616847554,0.613229655794083,1.4175924861389568,0.0063033418468669,0.6303341846866924,0.0,2.5565728605558085,0.6241821995493212,0.0,2.5565728605558085,0.0,0.0,2.3897337890978534,0.613229655794083,0.0,2.3897337890978534,DTW4lag12,DTW4lag12_mixed,All_cities,warm_season_sensitivity,May-September warm-season days; non-heatwave days contribute zero,"5,6,7,8,9"
sensitivity_dtw4lag12,DTW4lag12 phenotype-stratified,warm_season_sensitivity,ssp370,2046,2041-2050,cehwi_night_all,cehwi,night,all,582.1269841269841,-4.371788389652205,4.467211924803229,13.627206319924426,0.0910934177386844,9.109341773868447,3.3982522472754484,152.99789185915017,9.109341773868447,0.0,152.99777013667847,0.0,0.8547964662730696,9.588492842249437,4.467211924803229,0.8547964662730696,9.588492842249437,DTW4lag12,DTW4lag12_mixed,All_cities,warm_season_sensitivity,May-September warm-season days; non-heatwave days contribute zero,"5,6,7,8,9"
sensitivity_dtw4lag12,DTW4lag12 phenotype-stratified,warm_season_sensitivity,ssp370,2046,2041-2050,exceeded_quantity_composite_all,exceeded_quantity,composite,all,717.5714285714286,1.2803355033422672,0.6940516242469076,1.909713877365194,0.0071350527433124,0.7135052743312409,0.1619776889341481,3.808207578890502,0.7115020266186527,0.1619776889341481,3.808207578890502,0.0,0.1599518019751959,3.498643405138947,0.6940516242469076,0.1599518019751959,3.498643405138947,DTW4lag12,DTW4lag12_mixed,All_cities,warm_season_sensitivity,May-September warm-season days; non-heatwave days contribute zero,"5,6,7,8,9"
sensitivity_dtw4lag12,DTW4lag12 phenotype-stratified,warm_season_sensitivity,ssp370,2046,2041-2050,exceeded_quantity_day_all,exceeded_quantity,day,all,791.7162162162163,-0.8804174577744119,0.9151923797224032,2.193869160775671,0.0094769125890032,0.947691258900328,0.0079795517853557,3.3519216828880003,0.9174787530966834,0.0,3.3519216828880003,0.0,0.0078317558794911,3.1086667947411444,0.9151923797224032,0.0078317558794911,3.1086667947411444,DTW4lag12,DTW4lag12_mixed,All_cities,warm_season_sensitivity,May-September warm-season days; non-heatwave days contribute zero,"5,6,7,8,9"
sensitivity_dtw4lag12,DTW4lag12 phenotype-stratified,warm_season_sensitivity,ssp370,2046,2041-2050,exceeded_quantity_night_all,exceeded_quantity,night,all,582.1269841269841,-8.127561634663657,8.48148448628229,28.2504822369518,1.4753033274757612,147.53033274757613,141.81825921262893,155.3868673939907,147.5298094679564,127.1646342022048,155.3868673939907,0.0,7.724725085511186,8.893340715400296,8.48148448628229,7.724725085511186,8.893340715400296,DTW4lag12,DTW4lag12_mixed,All_cities,warm_season_sensitivity,May-September warm-season days; non-heatwave days contribute zero,"5,6,7,8,9"
sensitivity_dtw4lag12,DTW4lag12 phenotype-stratified,warm_season_sensitivity,ssp370,2047,2041-2050,cehwi_composite_all,cehwi,composite,all,623.5396825396825,-0.6437201983957148,0.6575982087113421,2.1097339907641897,0.0067427601614137,0.6742760161413709,0.0667487963623865,2.643624044012552,0.6619569560095308,0.0667367554164374,2.643624044012552,0.0,0.0660158589139878,2.3924767325146705,0.6575982087113421,0.0660158589139878,2.3924767325146705,DTW4lag12,DTW4lag12_mixed,All_cities,warm_season_sensitivity,May-September warm-season days; non-heatwave days contribute zero,"5,6,7,8,9"
sensitivity_dtw4lag12,DTW4lag12 phenotype-stratified,warm_season_sensitivity,ssp370,2047,2041-2050,cehwi_day_all,cehwi,day,all,846.3648648648649,-0.7460739123985592,0.7808014859609402,1.5546117112988216,0.0081172146651442,0.8117214665144205,0.0,3.161396374779547,0.8027653213893394,0.0,3.161396374779547,0.0,0.0,2.889130500537949,0.7808014859609402,0.0,2.889130500537949,DTW4lag12,DTW4lag12_mixed,All_cities,warm_season_sensitivity,May-September warm-season days; non-heatwave days contribute zero,"5,6,7,8,9"
sensitivity_dtw4lag12,DTW4lag12 phenotype-stratified,warm_season_sensitivity,ssp370,2047,2041-2050,cehwi_night_all,cehwi,night,all,534.6507936507936,-3.620325434084606,3.700474072406961,13.635950785712131,0.068164624181042,6.8164624181042015,1.903183434412318,136.9628723960358,6.8164624181042015,0.0,136.96158152953052,0.0,0.5626302064686711,8.46072462511777,3.700474072406961,0.5626302064686711,8.46072462511777,DTW4lag12,DTW4lag12_mixed,All_cities,warm_season_sensitivity,May-September warm-season days; non-heatwave days contribute zero,"5,6,7,8,9"
sensitivity_dtw4lag12,DTW4lag12 phenotype-stratified,warm_season_sensitivity,ssp370,2047,2041-2050,exceeded_quantity_composite_all,exceeded_quantity,composite,all,623.5396825396825,0.8552720017824819,0.5817071379036556,1.851887095292613,0.00598783612552,0.5987836125520013,0.1484640652063676,2.97943105890137,0.5970095687243178,0.1484640652063676,2.97943105890137,0.0,0.1464034259062073,2.753640978159944,0.5817071379036556,0.1464034259062073,2.753640978159944,DTW4lag12,DTW4lag12_mixed,All_cities,warm_season_sensitivity,May-September warm-season days; non-heatwave days contribute zero,"5,6,7,8,9"
sensitivity_dtw4lag12,DTW4lag12 phenotype-stratified,warm_season_sensitivity,ssp370,2047,2041-2050,exceeded_quantity_day_all,exceeded_quantity,day,all,846.3648648648649,-0.9415092352175302,0.978077659524774,2.188817624251621,0.0101575767404666,1.0157576740466685,0.0043935927804788,3.566929737762142,0.9923470573907354,0.0,3.566929737762142,0.0,0.0043151273344968,3.289384273526776,0.978077659524774,0.0043151273344968,3.289384273526776,DTW4lag12,DTW4lag12_mixed,All_cities,warm_season_sensitivity,May-September warm-season days; non-heatwave days contribute zero,"5,6,7,8,9"
sensitivity_dtw4lag12,DTW4lag12 phenotype-stratified,warm_season_sensitivity,ssp370,2047,2041-2050,exceeded_quantity_night_all,exceeded_quantity,night,all,534.6507936507936,-7.49051224632488,7.789072673503332,29.71654680266911,1.3487993226464166,134.87993226464164,128.99874529617856,142.46351067819336,134.87982832003266,114.5330468672786,142.46351067819336,0.0,7.038104948982463,8.135909497973767,7.789072673503332,7.038104948982463,8.135909497973767,DTW4lag12,DTW4lag12_mixed,All_cities,warm_season_sensitivity,May-September warm-season days; non-heatwave days contribute zero,"5,6,7,8,9"
sensitivity_dtw4lag12,DTW4lag12 phenotype-stratified,warm_season_sensitivity,ssp370,2048,2041-2050,cehwi_composite_all,cehwi,composite,all,636.3333333333334,-0.7999456516220573,0.8234843215715387,2.4737069031986696,0.008475355861624,0.8475355861624085,0.0922730430538169,3.286349800744006,0.8259091414145038,0.0922730430538169,3.286349800744006,0.0,0.0912015640634486,2.9214345274600126,0.8234843215715387,0.0912015640634486,2.9214345274600126,DTW4lag12,DTW4lag12_mixed,All_cities,warm_season_sensitivity,May-September warm-season days; non-heatwave days contribute zero,"5,6,7,8,9"
sensitivity_dtw4lag12,DTW4lag12 phenotype-stratified,warm_season_sensitivity,ssp370,2048,2041-2050,cehwi_day_all,cehwi,day,all,726.4459459459459,-0.5611748068377652,0.6077630335699106,1.6012972307802107,0.0062586396421519,0.6258639642151941,0.0066880517634131,2.6294464835418,0.6172451815076679,0.0007132370592408,2.6294464835418,0.0,0.006603902114823,2.4450924796354245,0.6077630335699106,0.006603902114823,2.4450924796354245,DTW4lag12,DTW4lag12_mixed,All_cities,warm_season_sensitivity,May-September warm-season days; non-heatwave days contribute zero,"5,6,7,8,9"
sensitivity_dtw4lag12,DTW4lag12 phenotype-stratified,warm_season_sensitivity,ssp370,2048,2041-2050,cehwi_night_all,cehwi,night,all,587.3809523809524,-4.692951317097765,4.783816029463583,15.093873571527531,0.111351954504578,11.135195450457806,5.587214691913223,141.59972983923805,11.135195450457804,0.0,141.59966244016894,0.0,1.4240746159474147,9.478547463890768,4.783816029463583,1.4240746159474147,9.478547463890768,DTW4lag12,DTW4lag12_mixed,All_cities,warm_season_sensitivity,May-September warm-season days; non-heatwave days contribute zero,"5,6,7,8,9"
sensitivity_dtw4lag12,DTW4lag12 phenotype-stratified,warm_season_sensitivity,ssp370,2048,2041-2050,exceeded_quantity_composite_all,exceeded_quantity,composite,all,636.3333333333334,1.23918081880798,0.7248188730283106,2.062271310970328,0.0074836749763666,0.7483674976366681,0.2128075313227823,3.550823542784044,0.7437945110743542,0.2128075313227823,3.550823542784044,0.0,0.2095706458090688,3.258350450078159,0.7248188730283106,0.2095706458090688,3.258350450078159,DTW4lag12,DTW4lag12_mixed,All_cities,warm_season_sensitivity,May-September warm-season days; non-heatwave days contribute zero,"5,6,7,8,9"
sensitivity_dtw4lag12,DTW4lag12 phenotype-stratified,warm_season_sensitivity,ssp370,2048,2041-2050,exceeded_quantity_day_all,exceeded_quantity,day,all,726.4459459459459,-0.8173377652112017,0.862439279804434,2.375856974052307,0.008932251468472,0.8932251468472001,0.0112156791966141,3.231888232229769,0.8614378629195033,0.0,3.231888232229769,0.0,0.0110158140829283,2.996901094938873,0.862439279804434,0.0110158140829283,2.996901094938873,DTW4lag12,DTW4lag12_mixed,All_cities,warm_season_sensitivity,May-September warm-season days; non-heatwave days contribute zero,"5,6,7,8,9"
sensitivity_dtw4lag12,DTW4lag12 phenotype-stratified,warm_season_sensitivity,ssp370,2048,2041-2050,exceeded_quantity_night_all,exceeded_quantity,night,all,587.3809523809524,-7.747602680423498,8.11477362810351,29.27567072079696,1.438118027315194,143.81180273151938,139.7407700443516,149.01533731991552,143.8117941995431,129.88418063633915,149.01533731991552,0.0,7.607212170575018,8.52889240568602,8.11477362810351,7.607212170575018,8.52889240568602,DTW4lag12,DTW4lag12_mixed,All_cities,warm_season_sensitivity,May-September warm-season days; non-heatwave days contribute zero,"5,6,7,8,9"
sensitivity_dtw4lag12,DTW4lag12 phenotype-stratified,warm_season_sensitivity,ssp370,2049,2041-2050,cehwi_composite_all,cehwi,composite,all,751.063492063492,-1.092173349747404,1.0949920747180584,2.673690510382868,0.0112808637310872,1.1280863731087285,0.1044701044810455,4.361993388526527,1.1254376729613929,0.0953783917806546,4.361993388526527,0.0,0.102962330687983,3.888854416277867,1.0949920747180584,0.102962330687983,3.888854416277867,DTW4lag12,DTW4lag12_mixed,All_cities,warm_season_sensitivity,May-September warm-season days; non-heatwave days contribute zero,"5,6,7,8,9"
sensitivity_dtw4lag12,DTW4lag12 phenotype-stratified,warm_season_sensitivity,ssp370,2049,2041-2050,cehwi_day_all,cehwi,day,all,881.5135135135135,-0.8576794301989342,0.8890025255766361,1.6404779552629745,0.0092349004259132,0.9234900425913282,0.0003726190210731,3.419202205099289,0.9158510369297146,0.0,3.419202205099289,0.0,0.0003697865274426,3.1272492603514257,0.8890025255766361,0.0003697865274426,3.1272492603514257,DTW4lag12,DTW4lag12_mixed,All_cities,warm_season_sensitivity,May-September warm-season days; non-heatwave days contribute zero,"5,6,7,8,9"
sensitivity_dtw4lag12,DTW4lag12 phenotype-stratified,warm_season_sensitivity,ssp370,2049,2041-2050,cehwi_night_all,cehwi,night,all,580.1746031746031,-4.46608504973742,4.551549896239849,14.416164674835263,0.0849637900103335,8.496379001033354,2.110308437598758,155.96955248334913,8.496379001033354,0.0,155.96947383913044,0.0,0.667082791988801,9.5494984671966,4.551549896239849,0.667082791988801,9.5494984671966,DTW4lag12,DTW4lag12_mixed,All_cities,warm_season_sensitivity,May-September warm-season days; non-heatwave days contribute zero,"5,6,7,8,9"
sensitivity_dtw4lag12,DTW4lag12 phenotype-stratified,warm_season_sensitivity,ssp370,2049,2041-2050,exceeded_quantity_composite_all,exceeded_quantity,composite,all,751.063492063492,1.3568984738862562,0.7934997445104367,2.0310725113062595,0.0081658139496584,0.8165813949658413,0.1927854223388888,4.108196048459717,0.8137309377585579,0.1927854223388888,4.108196048459717,0.0,0.1903790384162137,3.781409853413226,0.7934997445104367,0.1903790384162137,3.781409853413226,DTW4lag12,DTW4lag12_mixed,All_cities,warm_season_sensitivity,May-September warm-season days; non-heatwave days contribute zero,"5,6,7,8,9"
sensitivity_dtw4lag12,DTW4lag12 phenotype-stratified,warm_season_sensitivity,ssp370,2049,2041-2050,exceeded_quantity_day_all,exceeded_quantity,day,all,881.5135135135135,-1.0451306312802218,1.082981396499474,2.2180483154274686,0.0112660047749687,1.1266004774968787,0.0041492403762033,3.9047454602134377,1.1052752087610862,0.0,3.9047454602134377,0.0,0.0040771371453233,3.589582846378616,1.082981396499474,0.0040771371453233,3.589582846378616,DTW4lag12,DTW4lag12_mixed,All_cities,warm_season_sensitivity,May-September warm-season days; non-heatwave days contribute zero,"5,6,7,8,9"
sensitivity_dtw4lag12,DTW4lag12 phenotype-stratified,warm_season_sensitivity,ssp370,2049,2041-2050,exceeded_quantity_night_all,exceeded_quantity,night,all,580.1746031746031,-8.834300470288774,9.161073884085036,29.79281999315181,1.6091340287547231,160.91340287547234,155.6240366993552,168.05657386639766,160.9133890236115,142.5226169918364,168.05657386639766,0.0,8.475497111187794,9.51942920315655,9.161073884085036,8.475497111187794,9.51942920315655,DTW4lag12,DTW4lag12_mixed,All_cities,warm_season_sensitivity,May-September warm-season days; non-heatwave days contribute zero,"5,6,7,8,9"
sensitivity_dtw4lag12,DTW4lag12 phenotype-stratified,warm_season_sensitivity,ssp370,2050,2041-2050,cehwi_composite_all,cehwi,composite,all,818.6349206349206,-1.1179395239252727,1.137916362936707,2.703804950239781,0.0117345082516214,1.173450825162143,0.122278281312116,4.591137110431875,1.1553663035218955,0.1219699558263192,4.591137110431875,0.0,0.1204269747394791,4.071569624433357,1.137916362936707,0.1204269747394791,4.071569624433357,DTW4lag12,DTW4lag12_mixed,All_cities,warm_season_sensitivity,May-September warm-season days; non-heatwave days contribute zero,"5,6,7,8,9"
sensitivity_dtw4lag12,DTW4lag12 phenotype-stratified,warm_season_sensitivity,ssp370,2050,2041-2050,cehwi_day_all,cehwi,day,all,774.2297297297297,-0.4893626406180902,0.5225251000322985,1.3036894271046315,0.0053567719076644,0.5356771907664453,0.0011266338978942,2.289326856512622,0.5284768347241616,0.0,2.289326856512622,0.0,0.0011155171674363,2.153524985759925,0.5225251000322985,0.0011155171674363,2.153524985759925,DTW4lag12,DTW4lag12_mixed,All_cities,warm_season_sensitivity,May-September warm-season days; non-heatwave days contribute zero,"5,6,7,8,9"
sensitivity_dtw4lag12,DTW4lag12 phenotype-stratified,warm_season_sensitivity,ssp370,2050,2041-2050,cehwi_night_all,cehwi,night,all,630.3492063492064,-4.240872800454813,4.327672729138022,13.806612745407628,0.0779168789879299,7.791687898792992,1.7418709363235254,161.3763022667488,7.791687898792992,0.0,161.37620438604705,0.0,0.5141758124107063,9.79106673542627,4.327672729138022,0.5141758124107063,9.79106673542627,DTW4lag12,DTW4lag12_mixed,All_cities,warm_season_sensitivity,May-September warm-season days; non-heatwave days contribute zero,"5,6,7,8,9"
sensitivity_dtw4lag12,DTW4lag12 phenotype-stratified,warm_season_sensitivity,ssp370,2050,2041-2050,exceeded_quantity_composite_all,exceeded_quantity,composite,all,818.6349206349206,1.4733789986387729,0.8657737332815052,2.107504430909226,0.008933718467038,0.8933718467038066,0.223121828083777,4.551857505630316,0.8881342857838427,0.223121828083777,4.551857505630316,0.0,0.2197953823943794,4.171074934319035,0.8657737332815052,0.2197953823943794,4.171074934319035,DTW4lag12,DTW4lag12_mixed,All_cities,warm_season_sensitivity,May-September warm-season days; non-heatwave days contribute zero,"5,6,7,8,9"
sensitivity_dtw4lag12,DTW4lag12 phenotype-stratified,warm_season_sensitivity,ssp370,2050,2041-2050,exceeded_quantity_day_all,exceeded_quantity,day,all,774.2297297297297,-0.7201084863353504,0.763540477048272,2.0228680630606326,0.0078864513452747,0.7886451345274764,0.0087201275447986,2.988191902757748,0.7656417660715225,0.0,2.988191902757748,0.0,0.0085465359754591,2.788646083489415,0.763540477048272,0.0085465359754591,2.788646083489415,DTW4lag12,DTW4lag12_mixed,All_cities,warm_season_sensitivity,May-September warm-season days; non-heatwave days contribute zero,"5,6,7,8,9"
sensitivity_dtw4lag12,DTW4lag12 phenotype-stratified,warm_season_sensitivity,ssp370,2050,2041-2050,exceeded_quantity_night_all,exceeded_quantity,night,all,630.3492063492064,-8.61000007521178,8.953319565450872,29.3313302064914,1.5849079299319528,158.4907929931953,153.7518591997901,164.3960892988038,158.4907929780996,142.48636203788075,164.3960892988038,0.0,8.369466834831234,9.334247753147148,8.953319565450872,8.369466834831234,9.334247753147148,DTW4lag12,DTW4lag12_mixed,All_cities,warm_season_sensitivity,May-September warm-season days; non-heatwave days contribute zero,"5,6,7,8,9"
sensitivity_dtw4lag12,DTW4lag12 phenotype-stratified,warm_season_sensitivity,ssp585,2025,2025-2030,cehwi_composite_all,cehwi,composite,all,403.984126984127,-0.4656289990842158,0.4664959257868565,2.072521881092846,0.0047756255613433,0.4775625561343343,0.0495337746019178,1.817095333137604,0.4767520259162399,0.0495337746019178,1.817095333137604,0.0,0.0489782893605942,1.6604206457743995,0.4664959257868565,0.0489782893605942,1.6604206457743995,DTW4lag12,DTW4lag12_mixed,All_cities,warm_season_sensitivity,May-September warm-season days; non-heatwave days contribute zero,"5,6,7,8,9"
sensitivity_dtw4lag12,DTW4lag12 phenotype-stratified,warm_season_sensitivity,ssp585,2025,2025-2030,cehwi_day_all,cehwi,day,all,729.081081081081,-0.4364999732707161,0.475551948434588,1.2507142007865093,0.0048718488585808,0.4871848858580863,0.000108388798785,2.119454538328025,0.4809650085539531,0.0,2.119454538328025,4.416180886769122e-05,0.0001079302876319,1.9979910553542524,0.475551948434588,0.0001079302876319,1.9981087644482045,DTW4lag12,DTW4lag12_mixed,All_cities,warm_season_sensitivity,May-September warm-season days; non-heatwave days contribute zero,"5,6,7,8,9"
sensitivity_dtw4lag12,DTW4lag12 phenotype-stratified,warm_season_sensitivity,ssp585,2025,2025-2030,cehwi_night_all,cehwi,night,all,467.4285714285714,-2.943640747406542,2.998736544937863,13.637566458982096,0.055087515729396,5.508751572939601,1.433438179328814,111.73640777058776,5.508751572939601,0.0,111.73640702787132,0.0,0.4343189021711319,6.909473722211957,2.998736544937863,0.4343189021711319,6.909473722211957,DTW4lag12,DTW4lag12_mixed,All_cities,warm_season_sensitivity,May-September warm-season days; non-heatwave days contribute zero,"5,6,7,8,9"
sensitivity_dtw4lag12,DTW4lag12 phenotype-stratified,warm_season_sensitivity,ssp585,2025,2025-2030,exceeded_quantity_composite_all,exceeded_quantity,composite,all,403.984126984127,0.6645181791122355,0.4263575833535126,1.8477639860982569,0.0043768917173694,0.4376891717369413,0.1103284009096761,2.0790636413840144,0.4376891717369413,0.1103284009096761,2.0790636413840144,0.0,0.1090639503450893,1.929783056971366,0.4263575833535126,0.1090639503450893,1.929783056971366,DTW4lag12,DTW4lag12_mixed,All_cities,warm_season_sensitivity,May-September warm-season days; non-heatwave days contribute zero,"5,6,7,8,9"
sensitivity_dtw4lag12,DTW4lag12 phenotype-stratified,warm_season_sensitivity,ssp585,2025,2025-2030,exceeded_quantity_day_all,exceeded_quantity,day,all,729.081081081081,-0.6945965114156084,0.7315045870595412,1.9625541321250424,0.0075426893750576,0.7542689375057625,0.0072471314741134,2.7824616140353253,0.7330750918636635,0.0,2.7824616140353253,0.0,0.0071053617941194,2.6022071180452726,0.7315045870595412,0.0071053617941194,2.6022071180452726,DTW4lag12,DTW4lag12_mixed,All_cities,warm_season_sensitivity,May-September warm-season days; non-heatwave days contribute zero,"5,6,7,8,9"
sensitivity_dtw4lag12,DTW4lag12 phenotype-stratified,warm_season_sensitivity,ssp585,2025,2025-2030,exceeded_quantity_night_all,exceeded_quantity,night,all,467.4285714285714,-6.967327278934825,7.202574079888758,29.70961525496729,1.2435770917996063,124.35770917996064,118.75558921792673,131.67360147968722,124.35770917996066,104.53003413543864,131.67360147968722,0.0,6.475923726027467,7.494041545604605,7.202574079888758,6.475923726027467,7.494041545604605,DTW4lag12,DTW4lag12_mixed,All_cities,warm_season_sensitivity,May-September warm-season days; non-heatwave days contribute zero,"5,6,7,8,9"
sensitivity_dtw4lag12,DTW4lag12 phenotype-stratified,warm_season_sensitivity,ssp585,2026,2025-2030,cehwi_composite_all,cehwi,composite,all,462.36507936507934,-0.5187653659232883,0.5187653659232881,2.01167019459182,0.0053289774375886,0.5328977437588611,0.0750476688104031,1.8139365021557272,0.5328977437588611,0.0746544685252934,1.8139365021557272,0.0,0.0738996497911698,1.6616683375823946,0.5187653659232881,0.0738996497911698,1.6616683375823946,DTW4lag12,DTW4lag12_mixed,All_cities,warm_season_sensitivity,May-September warm-season days; non-heatwave days contribute zero,"5,6,7,8,9"
sensitivity_dtw4lag12,DTW4lag12 phenotype-stratified,warm_season_sensitivity,ssp585,2026,2025-2030,cehwi_day_all,cehwi,day,all,754.3513513513514,-0.4943332059687668,0.5212978593323441,1.2835651575035505,0.0053441008725043,0.5344100872504365,3.9032409662227365e-06,2.1444106510320258,0.529045159284764,0.0,2.1444106510320258,0.0,3.896380525927632e-06,2.012571151276489,0.5212978593323441,3.896380525927632e-06,2.012571151276489,DTW4lag12,DTW4lag12_mixed,All_cities,warm_season_sensitivity,May-September warm-season days; non-heatwave days contribute zero,"5,6,7,8,9"
sensitivity_dtw4lag12,DTW4lag12 phenotype-stratified,warm_season_sensitivity,ssp585,2026,2025-2030,cehwi_night_all,cehwi,night,all,410.8412698412698,-2.599287234726957,2.6515927183096597,11.27384848644585,0.0475463290117263,4.754632901172637,1.1134329700498509,102.39030818118202,4.754632901172636,0.0,102.39030818118202,0.0,0.3567389842446669,6.26163052431963,2.6515927183096597,0.3567389842446669,6.26163052431963,DTW4lag12,DTW4lag12_mixed,All_cities,warm_season_sensitivity,May-September warm-season days; non-heatwave days contribute zero,"5,6,7,8,9"
sensitivity_dtw4lag12,DTW4lag12 phenotype-stratified,warm_season_sensitivity,ssp585,2026,2025-2030,exceeded_quantity_composite_all,exceeded_quantity,composite,all,462.36507936507934,0.8132686320046606,0.4752010833890987,1.81688160538204,0.0048973860227338,0.4897386022733802,0.1299259663545468,2.2037567561481493,0.4897386022733802,0.1299259663545468,2.2037567561481493,0.0,0.1281169076547603,2.034060889439929,0.4752010833890987,0.1281169076547603,2.034060889439929,DTW4lag12,DTW4lag12_mixed,All_cities,warm_season_sensitivity,May-September warm-season days; non-heatwave days contribute zero,"5,6,7,8,9"
sensitivity_dtw4lag12,DTW4lag12 phenotype-stratified,warm_season_sensitivity,ssp585,2026,2025-2030,exceeded_quantity_day_all,exceeded_quantity,day,all,754.3513513513514,-0.6843803934421271,0.7166215565735486,1.948758691346253,0.0074040162144887,0.7404016214488741,0.0010475422036129,2.7038498920821032,0.7223719858552086,0.0,2.7038498920821032,0.0,0.0010302503185217,2.5188347541671385,0.7166215565735486,0.0010302503185217,2.5188347541671385,DTW4lag12,DTW4lag12_mixed,All_cities,warm_season_sensitivity,May-September warm-season days; non-heatwave days contribute zero,"5,6,7,8,9"
sensitivity_dtw4lag12,DTW4lag12 phenotype-stratified,warm_season_sensitivity,ssp585,2026,2025-2030,exceeded_quantity_night_all,exceeded_quantity,night,all,410.8412698412698,-6.203940188855183,6.404737126834506,29.42968191103023,1.1013023824572006,110.13023824572004,104.89773789930494,117.16839430230904,110.13023824572004,91.80308045400858,117.16839430230904,0.0,5.722867236085189,6.638734130962643,6.404737126834506,5.722867236085189,6.638734130962643,DTW4lag12,DTW4lag12_mixed,All_cities,warm_season_sensitivity,May-September warm-season days; non-heatwave days contribute zero,"5,6,7,8,9"
sensitivity_dtw4lag12,DTW4lag12 phenotype-stratified,warm_season_sensitivity,ssp585,2027,2025-2030,cehwi_composite_all,cehwi,composite,all,412.5396825396825,-0.3650472586538207,0.3650472586538207,1.8404273599299088,0.0037297794287998,0.3729779428799888,0.0466606968593533,1.3431910929369737,0.3729779428799888,0.0466606968593533,1.3431910929369737,0.0,0.0461880950367037,1.2392162073486064,0.3650472586538207,0.0461880950367037,1.2392162073486064,DTW4lag12,DTW4lag12_mixed,All_cities,warm_season_sensitivity,May-September warm-season days; non-heatwave days contribute zero,"5,6,7,8,9"
sensitivity_dtw4lag12,DTW4lag12 phenotype-stratified,warm_season_sensitivity,ssp585,2027,2025-2030,cehwi_day_all,cehwi,day,all,748.1351351351351,-0.4789695097908282,0.5078138665680891,1.3565051360829237,0.0052243519355528,0.5224351935552892,0.0003762025117336,2.1225994789884357,0.5164492731800294,0.0,2.1225994789884357,0.0,0.0003741937776883,1.986306580943936,0.5078138665680891,0.0003741937776883,1.986306580943936,DTW4lag12,DTW4lag12_mixed,All_cities,warm_season_sensitivity,May-September warm-season days; non-heatwave days contribute zero,"5,6,7,8,9"
sensitivity_dtw4lag12,DTW4lag12 phenotype-stratified,warm_season_sensitivity,ssp585,2027,2025-2030,cehwi_night_all,cehwi,night,all,445.3492063492063,-3.0623079714326087,3.125271574821119,12.6170526249631,0.062709981984397,6.270998198439703,2.2666576421893634,107.815375225088,6.270998198439703,0.0,107.81463712445758,0.0,0.5945281178113067,6.809272982358646,3.125271574821119,0.5945281178113067,6.809272982358646,DTW4lag12,DTW4lag12_mixed,All_cities,warm_season_sensitivity,May-September warm-season days; non-heatwave days contribute zero,"5,6,7,8,9"
sensitivity_dtw4lag12,DTW4lag12 phenotype-stratified,warm_season_sensitivity,ssp585,2027,2025-2030,exceeded_quantity_composite_all,exceeded_quantity,composite,all,412.5396825396825,0.6377718277811253,0.4051432103992757,1.8520434484891064,0.0041698767168078,0.4169876716807899,0.1198090318055407,1.882486298954679,0.4162780561132325,0.1198090318055407,1.882486298954679,0.0,0.1182611830365875,1.7435778676772145,0.4051432103992757,0.1182611830365875,1.7435778676772145,DTW4lag12,DTW4lag12_mixed,All_cities,warm_season_sensitivity,May-September warm-season days; non-heatwave days contribute zero,"5,6,7,8,9"
sensitivity_dtw4lag12,DTW4lag12 phenotype-stratified,warm_season_sensitivity,ssp585,2027,2025-2030,exceeded_quantity_day_all,exceeded_quantity,day,all,748.1351351351351,-0.7114572821968084,0.7461982926032673,2.099522474606604,0.0077053225478381,0.7705322547838179,0.0040108939098822,2.8061650558019453,0.7508857431124809,0.0,2.8061650558019453,0.0,0.0039533641854378,2.61613913724698,0.7461982926032673,0.0039533641854378,2.61613913724698,DTW4lag12,DTW4lag12_mixed,All_cities,warm_season_sensitivity,May-September warm-season days; non-heatwave days contribute zero,"5,6,7,8,9"
sensitivity_dtw4lag12,DTW4lag12 phenotype-stratified,warm_season_sensitivity,ssp585,2027,2025-2030,exceeded_quantity_night_all,exceeded_quantity,night,all,445.3492063492063,-6.903010462033814,7.150617689566975,31.087726593362635,1.2439133969515683,124.39133969515682,119.43082296255108,130.89948443413132,124.39130321195064,106.98445692082517,130.89948443413132,0.0,6.5100100178091465,7.445883053329608,7.150617689566975,6.5100100178091465,7.445883053329608,DTW4lag12,DTW4lag12_mixed,All_cities,warm_season_sensitivity,May-September warm-season days; non-heatwave days contribute zero,"5,6,7,8,9"
sensitivity_dtw4lag12,DTW4lag12 phenotype-stratified,warm_season_sensitivity,ssp585,2028,2025-2030,cehwi_composite_all,cehwi,composite,all,492.4761904761905,-0.561542726808476,0.5663842982251314,2.4851732795187,0.0058214257284534,0.5821425728453408,0.0878102392235578,2.0382865134617068,0.5775868813286339,0.0876698176560268,2.0382865134617068,0.0,0.0865306902806827,1.8488667499646567,0.5663842982251314,0.0865306902806827,1.8488667499646567,DTW4lag12,DTW4lag12_mixed,All_cities,warm_season_sensitivity,May-September warm-season days; non-heatwave days contribute zero,"5,6,7,8,9"
sensitivity_dtw4lag12,DTW4lag12 phenotype-stratified,warm_season_sensitivity,ssp585,2028,2025-2030,cehwi_day_all,cehwi,day,all,793.3648648648649,-0.5137922879408031,0.5505399497562412,1.387224517925316,0.0056685622540058,0.5668562254005886,0.0012821017196939,2.390432735214303,0.5581478140777467,0.0,2.390432735214303,0.0,0.0012718177957038,2.22752290770708,0.5505399497562412,0.0012718177957038,2.22752290770708,DTW4lag12,DTW4lag12_mixed,All_cities,warm_season_sensitivity,May-September warm-season days; non-heatwave days contribute zero,"5,6,7,8,9"
sensitivity_dtw4lag12,DTW4lag12 phenotype-stratified,warm_season_sensitivity,ssp585,2028,2025-2030,cehwi_night_all,cehwi,night,all,425.4761904761905,-2.7652473794370795,2.832254647247776,11.163554964199552,0.0551067528077237,5.510675280772376,1.7570862723511758,102.90806403958136,5.510675280772376,0.0,102.90662532237944,0.0,0.4617966913186993,6.412571476670998,2.832254647247776,0.4617966913186993,6.412571476670998,DTW4lag12,DTW4lag12_mixed,All_cities,warm_season_sensitivity,May-September warm-season days; non-heatwave days contribute zero,"5,6,7,8,9"
sensitivity_dtw4lag12,DTW4lag12 phenotype-stratified,warm_season_sensitivity,ssp585,2028,2025-2030,exceeded_quantity_composite_all,exceeded_quantity,composite,all,492.4761904761905,0.9918224319584634,0.5607107962577035,2.181238053006143,0.0058009586930871,0.5800958693087124,0.1692035691426151,2.629453559841128,0.5789855450117334,0.1692035691426151,2.629453559841128,0.0,0.1665482846230855,2.4005720260460723,0.5607107962577035,0.1665482846230855,2.4005720260460723,DTW4lag12,DTW4lag12_mixed,All_cities,warm_season_sensitivity,May-September warm-season days; non-heatwave days contribute zero,"5,6,7,8,9"
sensitivity_dtw4lag12,DTW4lag12 phenotype-stratified,warm_season_sensitivity,ssp585,2028,2025-2030,exceeded_quantity_day_all,exceeded_quantity,day,all,793.3648648648649,-0.7900849423091568,0.8269240952674659,2.1338363764442736,0.0085701693830646,0.8570169383064627,0.0034059608065517,3.1131879094251613,0.8334758914850936,0.0,3.1131879094251613,0.0,0.0033449878433899,2.8814873778944574,0.8269240952674659,0.0033449878433899,2.8814873778944574,DTW4lag12,DTW4lag12_mixed,All_cities,warm_season_sensitivity,May-September warm-season days; non-heatwave days contribute zero,"5,6,7,8,9"
sensitivity_dtw4lag12,DTW4lag12 phenotype-stratified,warm_season_sensitivity,ssp585,2028,2025-2030,exceeded_quantity_night_all,exceeded_quantity,night,all,425.4761904761905,-7.288565891208449,7.507796883405282,30.249415157356715,1.306792719626719,130.67927196267192,125.52418016864726,137.33710044016615,130.67907626600268,112.79482233417004,137.33710044016615,0.0,6.841179391119086,7.7650915500724675,7.507796883405282,6.841179391119086,7.7650915500724675,DTW4lag12,DTW4lag12_mixed,All_cities,warm_season_sensitivity,May-September warm-season days; non-heatwave days contribute zero,"5,6,7,8,9"
sensitivity_dtw4lag12,DTW4lag12 phenotype-stratified,warm_season_sensitivity,ssp585,2029,2025-2030,cehwi_composite_all,cehwi,composite,all,577.9047619047619,-0.5855913325148651,0.5859424040779805,2.162495957503205,0.0059889573003214,0.5988957300321415,0.0624915653481037,2.2823291264415317,0.5985508436389467,0.0624915653481037,2.2823291264415317,0.0,0.0620154682076462,2.075778206869908,0.5859424040779805,0.0620154682076462,2.075778206869908,DTW4lag12,DTW4lag12_mixed,All_cities,warm_season_sensitivity,May-September warm-season days; non-heatwave days contribute zero,"5,6,7,8,9"
sensitivity_dtw4lag12,DTW4lag12 phenotype-stratified,warm_season_sensitivity,ssp585,2029,2025-2030,cehwi_day_all,cehwi,day,all,848.8783783783783,-0.5044875513501438,0.5460302896431729,1.398914290768792,0.0056025957158803,0.5602595715880342,0.0006890888519324,2.4649126979050906,0.5523623061960303,0.0,2.4649126979050906,0.0,0.0006843748114997,2.313605770269264,0.5460302896431729,0.0006843748114997,2.313605770269264,DTW4lag12,DTW4lag12_mixed,All_cities,warm_season_sensitivity,May-September warm-season days; non-heatwave days contribute zero,"5,6,7,8,9"
sensitivity_dtw4lag12,DTW4lag12 phenotype-stratified,warm_season_sensitivity,ssp585,2029,2025-2030,cehwi_night_all,cehwi,night,all,466.984126984127,-2.6234531627055557,2.6795491843465937,11.826940295221224,0.0477381185631777,4.773811856317772,1.0869589680377034,108.71324207052866,4.773811856317772,0.0,108.71324207052866,0.0,0.2899863160305033,6.6168039730378805,2.6795491843465937,0.2899863160305033,6.6168039730378805,DTW4lag12,DTW4lag12_mixed,All_cities,warm_season_sensitivity,May-September warm-season days; non-heatwave days contribute zero,"5,6,7,8,9"
sensitivity_dtw4lag12,DTW4lag12 phenotype-stratified,warm_season_sensitivity,ssp585,2029,2025-2030,exceeded_quantity_composite_all,exceeded_quantity,composite,all,577.9047619047619,1.3686281295274323,0.60713974114323,1.91765932158144,0.0062540256118231,0.6254025611823131,0.1745224419853177,3.061470090735767,0.6248886644458592,0.1745224419853177,3.061470090735767,0.0,0.172298601636535,2.806875191988881,0.60713974114323,0.172298601636535,2.806875191988881,DTW4lag12,DTW4lag12_mixed,All_cities,warm_season_sensitivity,May-September warm-season days; non-heatwave days contribute zero,"5,6,7,8,9"
sensitivity_dtw4lag12,DTW4lag12 phenotype-stratified,warm_season_sensitivity,ssp585,2029,2025-2030,exceeded_quantity_day_all,exceeded_quantity,day,all,848.8783783783783,-0.8304761785360907,0.8707518368408765,2.251551472092409,0.0090186269138893,0.9018626913889334,0.0113502243753326,3.282124908263932,0.8769724958488199,0.0,3.282124908263932,0.0,0.011123793416097,3.045359623911043,0.8707518368408765,0.011123793416097,3.045359623911043,DTW4lag12,DTW4lag12_mixed,All_cities,warm_season_sensitivity,May-September warm-season days; non-heatwave days contribute zero,"5,6,7,8,9"
sensitivity_dtw4lag12,DTW4lag12 phenotype-stratified,warm_season_sensitivity,ssp585,2029,2025-2030,exceeded_quantity_night_all,exceeded_quantity,night,all,466.984126984127,-7.312085916980651,7.532056143140013,31.189109698349192,1.3092014166882089,130.92014166882086,125.36793932061076,137.67305554374354,130.92014166882086,111.71997210449976,137.67305554374354,0.0,6.834777839022546,7.802862279144741,7.532056143140013,6.834777839022546,7.802862279144741,DTW4lag12,DTW4lag12_mixed,All_cities,warm_season_sensitivity,May-September warm-season days; non-heatwave days contribute zero,"5,6,7,8,9"
sensitivity_dtw4lag12,DTW4lag12 phenotype-stratified,warm_season_sensitivity,ssp585,2030,2025-2030,cehwi_composite_all,cehwi,composite,all,560.4920634920635,-0.6480090973827903,0.653631730970267,2.3935971321439533,0.0067193537391068,0.6719353739106867,0.0813270502394877,2.523284490524384,0.6665555864904157,0.0813238031042842,2.523284490524384,0.0,0.0801240177018983,2.2670557289108166,0.653631730970267,0.0801240177018983,2.2670557289108166,DTW4lag12,DTW4lag12_mixed,All_cities,warm_season_sensitivity,May-September warm-season days; non-heatwave days contribute zero,"5,6,7,8,9"
sensitivity_dtw4lag12,DTW4lag12 phenotype-stratified,warm_season_sensitivity,ssp585,2030,2025-2030,cehwi_day_all,cehwi,day,all,1021.0675675675676,-0.8895358325353265,0.9340678202788408,1.7068388380858008,0.0096916628595094,0.9691662859509486,0.0001634603307989,3.750258093083308,0.9590727970031652,0.0,3.750258093083308,0.0,0.0001627143337292,3.443693995887305,0.9340678202788408,0.0001627143337292,3.443693995887305,DTW4lag12,DTW4lag12_mixed,All_cities,warm_season_sensitivity,May-September warm-season days; non-heatwave days contribute zero,"5,6,7,8,9"
sensitivity_dtw4lag12,DTW4lag12 phenotype-stratified,warm_season_sensitivity,ssp585,2030,2025-2030,cehwi_night_all,cehwi,night,all,442.4285714285714,-2.6753113207052044,2.731561349734585,11.655710823999865,0.0500666709933665,5.006667099336653,1.3061663936341614,104.0249085911354,5.006667099336653,0.0,104.0248971593742,0.0,0.3721692317061523,6.355289832747404,2.731561349734585,0.3721692317061523,6.355289832747404,DTW4lag12,DTW4lag12_mixed,All_cities,warm_season_sensitivity,May-September warm-season days; non-heatwave days contribute zero,"5,6,7,8,9"
sensitivity_dtw4lag12,DTW4lag12 phenotype-stratified,warm_season_sensitivity,ssp585,2030,2025-2030,exceeded_quantity_composite_all,exceeded_quantity,composite,all,560.4920634920635,0.9500867188035246,0.6216047201851531,2.066065978127107,0.0064180422887154,0.6418042288715411,0.1717093010876192,2.9939524728932976,0.6410373034645687,0.1717093010876192,2.9939524728932976,0.0,0.1691176402370009,2.7424141714422925,0.6216047201851531,0.1691176402370009,2.7424141714422925,DTW4lag12,DTW4lag12_mixed,All_cities,warm_season_sensitivity,May-September warm-season days; non-heatwave days contribute zero,"5,6,7,8,9"
sensitivity_dtw4lag12,DTW4lag12 phenotype-stratified,warm_season_sensitivity,ssp585,2030,2025-2030,exceeded_quantity_day_all,exceeded_quantity,day,all,1021.0675675675676,-1.2332546791450834,1.275927078915319,2.441949197203072,0.0132664575681308,1.3266457568130874,0.0110057438116002,4.537588386620773,1.2902837163277676,0.0,4.537588386620773,0.0,0.0108163564041024,4.173143441442971,1.275927078915319,0.0108163564041024,4.173143441442971,DTW4lag12,DTW4lag12_mixed,All_cities,warm_season_sensitivity,May-September warm-season days; non-heatwave days contribute zero,"5,6,7,8,9"
sensitivity_dtw4lag12,DTW4lag12 phenotype-stratified,warm_season_sensitivity,ssp585,2030,2025-2030,exceeded_quantity_night_all,exceeded_quantity,night,all,442.4285714285714,-7.174309346656308,7.392096524004162,30.797406054942005,1.283722457723323,128.3722457723323,123.17891407305446,135.17971352258036,128.3722457723323,110.16380603025875,135.17971352258036,0.0,6.715123544441129,7.648981845590891,7.392096524004162,6.715123544441129,7.648981845590891,DTW4lag12,DTW4lag12_mixed,All_cities,warm_season_sensitivity,May-September warm-season days; non-heatwave days contribute zero,"5,6,7,8,9"
sensitivity_dtw4lag12,DTW4lag12 phenotype-stratified,warm_season_sensitivity,ssp585,2031,2031-2040,cehwi_composite_all,cehwi,composite,all,535.6825396825396,-0.6063559078831247,0.6214160468455041,2.376613990189052,0.0063817924716019,0.6381792471601955,0.0607562672606657,2.5355800409503115,0.6245759065299958,0.0607562672606657,2.5355800409503115,0.0,0.060053713152167,2.269083950220331,0.6214160468455041,0.060053713152167,2.269083950220331,DTW4lag12,DTW4lag12_mixed,All_cities,warm_season_sensitivity,May-September warm-season days; non-heatwave days contribute zero,"5,6,7,8,9"
sensitivity_dtw4lag12,DTW4lag12 phenotype-stratified,warm_season_sensitivity,ssp585,2031,2031-2040,cehwi_day_all,cehwi,day,all,907.1891891891892,-0.9730531079746424,1.0149963165405116,2.04750772714982,0.0110262716765868,1.1026271676586823,0.0004313318635881,4.054088770277147,1.0876843632274575,0.0,4.054088770277147,0.0,0.0004291032407442,3.4994025548968035,1.0149963165405116,0.0004291032407442,3.4994025548968035,DTW4lag12,DTW4lag12_mixed,All_cities,warm_season_sensitivity,May-September warm-season days; non-heatwave days contribute zero,"5,6,7,8,9"
sensitivity_dtw4lag12,DTW4lag12 phenotype-stratified,warm_season_sensitivity,ssp585,2031,2031-2040,cehwi_night_all,cehwi,night,all,427.8412698412698,-2.2977450656487,2.3575770060082446,12.11874092302378,0.0395774333039248,3.9577433303924807,0.6159463347713514,96.70504551128242,3.957743330392481,0.0,96.70504551128242,0.0,0.1905152993305053,5.798053481202614,2.3575770060082446,0.1905152993305053,5.798053481202614,DTW4lag12,DTW4lag12_mixed,All_cities,warm_season_sensitivity,May-September warm-season days; non-heatwave days contribute zero,"5,6,7,8,9"
sensitivity_dtw4lag12,DTW4lag12 phenotype-stratified,warm_season_sensitivity,ssp585,2031,2031-2040,exceeded_quantity_composite_all,exceeded_quantity,composite,all,535.6825396825396,1.0155337907189088,0.5418604034225817,2.0743535437526024,0.0055798544136917,0.5579854413691742,0.1349667464887497,2.879969843914549,0.5572554413927812,0.1349667464887497,2.879969843914549,0.0,0.1331713034695626,2.6414733868572715,0.5418604034225817,0.1331713034695626,2.6414733868572715,DTW4lag12,DTW4lag12_mixed,All_cities,warm_season_sensitivity,May-September warm-season days; non-heatwave days contribute zero,"5,6,7,8,9"
sensitivity_dtw4lag12,DTW4lag12 phenotype-stratified,warm_season_sensitivity,ssp585,2031,2031-2040,exceeded_quantity_day_all,exceeded_quantity,day,all,907.1891891891892,-1.0919515744357442,1.1272734411949223,2.450685097274666,0.0117509868081973,1.1750986808197346,0.0057719561459458,4.02430613529234,1.1507335337279208,0.0,4.02430613529234,0.0,0.0056753592264609,3.679753134251281,1.1272734411949223,0.0056753592264609,3.679753134251281,DTW4lag12,DTW4lag12_mixed,All_cities,warm_season_sensitivity,May-September warm-season days; non-heatwave days contribute zero,"5,6,7,8,9"
sensitivity_dtw4lag12,DTW4lag12 phenotype-stratified,warm_season_sensitivity,ssp585,2031,2031-2040,exceeded_quantity_night_all,exceeded_quantity,night,all,427.8412698412698,-7.120712175295694,7.312244898476554,30.19147474157217,1.2529922741932304,125.29922741932305,118.34638416166824,133.4517613599425,125.298640675706,101.94486337672576,133.4517613599425,0.0,6.458882660848314,7.554595621054162,7.312244898476554,6.458882660848314,7.554595621054162,DTW4lag12,DTW4lag12_mixed,All_cities,warm_season_sensitivity,May-September warm-season days; non-heatwave days contribute zero,"5,6,7,8,9"
sensitivity_dtw4lag12,DTW4lag12 phenotype-stratified,warm_season_sensitivity,ssp585,2032,2031-2040,cehwi_composite_all,cehwi,composite,all,329.3174603174603,-0.2906938054300508,0.2906938054300508,1.6449643364713546,0.0029584506421192,0.2958450642119219,0.0282535698912207,1.162127911360737,0.2958450642119219,0.0282535698912207,1.162127911360737,0.0,0.0281167666667867,1.0716953199627963,0.2906938054300508,0.0281167666667867,1.0716953199627963,DTW4lag12,DTW4lag12_mixed,All_cities,warm_season_sensitivity,May-September warm-season days; non-heatwave days contribute zero,"5,6,7,8,9"
sensitivity_dtw4lag12,DTW4lag12 phenotype-stratified,warm_season_sensitivity,ssp585,2032,2031-2040,cehwi_day_all,cehwi,day,all,686.581081081081,-0.3449072444674743,0.3796640430622444,1.1226522039273243,0.0038794060126773,0.3879406012677323,1.444946779437887e-06,1.827906534655824,0.381158758491846,0.0,1.827906534655824,0.0,1.4442363063022204e-06,1.730601705614674,0.3796640430622444,1.4442363063022204e-06,1.730601705614674,DTW4lag12,DTW4lag12_mixed,All_cities,warm_season_sensitivity,May-September warm-season days; non-heatwave days contribute zero,"5,6,7,8,9"
sensitivity_dtw4lag12,DTW4lag12 phenotype-stratified,warm_season_sensitivity,ssp585,2032,2031-2040,cehwi_night_all,cehwi,night,all,418.8730158730159,-3.014913249866296,3.077003665413543,12.684878778000844,0.0713839413784279,7.138394137842796,3.809714281872076,100.99208659569602,7.138394137842796,0.0,100.99078007034927,0.0,0.9606490808441728,6.771796834751964,3.077003665413543,0.9606490808441728,6.771796834751964,DTW4lag12,DTW4lag12_mixed,All_cities,warm_season_sensitivity,May-September warm-season days; non-heatwave days contribute zero,"5,6,7,8,9"
sensitivity_dtw4lag12,DTW4lag12 phenotype-stratified,warm_season_sensitivity,ssp585,2032,2031-2040,exceeded_quantity_composite_all,exceeded_quantity,composite,all,329.3174603174603,0.6532513617616499,0.3442077100541217,1.6676696492947731,0.0035380886109403,0.3538088610940327,0.1039766478887746,1.6850697702543398,0.3535548288512803,0.1039766478887746,1.6850697702543398,0.0,0.1027448027973785,1.5648109719582697,0.3442077100541217,0.1027448027973785,1.5648109719582697,DTW4lag12,DTW4lag12_mixed,All_cities,warm_season_sensitivity,May-September warm-season days; non-heatwave days contribute zero,"5,6,7,8,9"
sensitivity_dtw4lag12,DTW4lag12 phenotype-stratified,warm_season_sensitivity,ssp585,2032,2031-2040,exceeded_quantity_day_all,exceeded_quantity,day,all,686.581081081081,-0.5871241126238137,0.624413255259762,1.861286720831595,0.0064263998836013,0.6426399883601389,0.0051564357972595,2.455717735236764,0.6155752953557073,0.0,2.455717735236764,0.0,0.0050664449991438,2.304974590330157,0.624413255259762,0.0050664449991438,2.304974590330157,DTW4lag12,DTW4lag12_mixed,All_cities,warm_season_sensitivity,May-September warm-season days; non-heatwave days contribute zero,"5,6,7,8,9"
sensitivity_dtw4lag12,DTW4lag12 phenotype-stratified,warm_season_sensitivity,ssp585,2032,2031-2040,exceeded_quantity_night_all,exceeded_quantity,night,all,418.8730158730159,-7.0117770931132215,7.256606325539046,29.178021053015108,1.2660222789474276,126.60222789474275,121.73020814579256,132.85169342164974,126.60083388787282,109.59373033802332,132.85169342164974,0.0,6.6327846054524064,7.545430707467564,7.256606325539046,6.6327846054524064,7.545430707467564,DTW4lag12,DTW4lag12_mixed,All_cities,warm_season_sensitivity,May-September warm-season days; non-heatwave days contribute zero,"5,6,7,8,9"
sensitivity_dtw4lag12,DTW4lag12 phenotype-stratified,warm_season_sensitivity,ssp585,2033,2031-2040,cehwi_composite_all,cehwi,composite,all,520.8730158730159,-0.506923508789632,0.5183757944050118,1.9585080847190848,0.005300793243922,0.5300793243922005,0.0445707890160897,2.130650330847823,0.5193468337505872,0.0445707890160897,2.130650330847823,0.0,0.0442732856021381,1.9361372770199967,0.5183757944050118,0.0442732856021381,1.9361372770199967,DTW4lag12,DTW4lag12_mixed,All_cities,warm_season_sensitivity,May-September warm-season days; non-heatwave days contribute zero,"5,6,7,8,9"
sensitivity_dtw4lag12,DTW4lag12 phenotype-stratified,warm_season_sensitivity,ssp585,2033,2031-2040,cehwi_day_all,cehwi,day,all,810.7837837837837,-0.7178254090998781,0.7504337783562202,1.6821671522253965,0.0077840602723503,0.7784060272350362,0.0004887348771742,2.985825256029825,0.7707321994144422,0.0,2.985825256029825,0.0,0.0004833426082793,2.7412099669996377,0.7504337783562202,0.0004833426082793,2.7412099669996377,DTW4lag12,DTW4lag12_mixed,All_cities,warm_season_sensitivity,May-September warm-season days; non-heatwave days contribute zero,"5,6,7,8,9"
sensitivity_dtw4lag12,DTW4lag12 phenotype-stratified,warm_season_sensitivity,ssp585,2033,2031-2040,cehwi_night_all,cehwi,night,all,489.2063492063492,-3.2695325450922037,3.3336090085020205,12.107650722396292,0.0656829540587092,6.568295405870928,2.410668936556489,111.43905212669782,6.568295405870927,0.0,111.43905212669782,0.0,0.7413399812198068,7.178903641690634,3.3336090085020205,0.7413399812198068,7.178903641690634,DTW4lag12,DTW4lag12_mixed,All_cities,warm_season_sensitivity,May-September warm-season days; non-heatwave days contribute zero,"5,6,7,8,9"
sensitivity_dtw4lag12,DTW4lag12 phenotype-stratified,warm_season_sensitivity,ssp585,2033,2031-2040,exceeded_quantity_composite_all,exceeded_quantity,composite,all,520.8730158730159,0.8269592312813743,0.5172869389851894,1.8324095466530024,0.0053140984928756,0.5314098492875637,0.1289990746050029,2.6134064007876594,0.5310824343828353,0.1289990746050029,2.6134064007876594,0.0,0.1275713065587567,2.408286076311035,0.5172869389851894,0.1275713065587567,2.408286076311035,DTW4lag12,DTW4lag12_mixed,All_cities,warm_season_sensitivity,May-September warm-season days; non-heatwave days contribute zero,"5,6,7,8,9"
sensitivity_dtw4lag12,DTW4lag12 phenotype-stratified,warm_season_sensitivity,ssp585,2033,2031-2040,exceeded_quantity_day_all,exceeded_quantity,day,all,810.7837837837837,-0.904790116568966,0.9400453833237198,2.268499485085224,0.0097535919199895,0.9753591919989548,0.0039177916689749,3.462868184861027,0.9518216231927992,0.0,3.462868184861027,0.0,0.0038593600320729,3.197602423889452,0.9400453833237198,0.0038593600320729,3.197602423889452,DTW4lag12,DTW4lag12_mixed,All_cities,warm_season_sensitivity,May-September warm-season days; non-heatwave days contribute zero,"5,6,7,8,9"
sensitivity_dtw4lag12,DTW4lag12 phenotype-stratified,warm_season_sensitivity,ssp585,2033,2031-2040,exceeded_quantity_night_all,exceeded_quantity,night,all,489.2063492063492,-8.04244735093008,8.303950603766443,30.757897615669943,1.4491148388383874,144.91148388383877,139.43845584794266,151.92382527452787,144.91147439689675,125.60705981483562,151.92382527452787,0.0,7.597800949852619,8.624090041799803,8.303950603766443,7.597800949852619,8.624090041799803,DTW4lag12,DTW4lag12_mixed,All_cities,warm_season_sensitivity,May-September warm-season days; non-heatwave days contribute zero,"5,6,7,8,9"
sensitivity_dtw4lag12,DTW4lag12 phenotype-stratified,warm_season_sensitivity,ssp585,2034,2031-2040,cehwi_composite_all,cehwi,composite,all,562.952380952381,-0.6757442205636633,0.6757442205636632,2.275075484843581,0.0069400968000496,0.6940096800049694,0.1002500079095977,2.4448619677361982,0.6940096800049694,0.1002500079095977,2.4448619677361982,0.0,0.0989817292661047,2.2047145066795824,0.6757442205636632,0.0989817292661047,2.2047145066795824,DTW4lag12,DTW4lag12_mixed,All_cities,warm_season_sensitivity,May-September warm-season days; non-heatwave days contribute zero,"5,6,7,8,9"
sensitivity_dtw4lag12,DTW4lag12 phenotype-stratified,warm_season_sensitivity,ssp585,2034,2031-2040,cehwi_day_all,cehwi,day,all,905.418918918919,-0.8156280228145936,0.852695202207547,1.6188841774004354,0.0088300147754486,0.8830014775448624,0.0002102749615957,3.4240312478248582,0.8738789985742315,0.0,3.4240312478248582,0.0,0.000208574937903,3.150423527791309,0.852695202207547,0.000208574937903,3.150423527791309,DTW4lag12,DTW4lag12_mixed,All_cities,warm_season_sensitivity,May-September warm-season days; non-heatwave days contribute zero,"5,6,7,8,9"
sensitivity_dtw4lag12,DTW4lag12 phenotype-stratified,warm_season_sensitivity,ssp585,2034,2031-2040,cehwi_night_all,cehwi,night,all,403.968253968254,-2.275791418006188,2.3141172658635685,11.769076404161558,0.0385855120476931,3.858551204769315,0.6602122422476324,99.43330674127888,3.858551204769316,0.0,99.43330674127888,0.0,0.2056604472797884,6.038014979413791,2.3141172658635685,0.2056604472797884,6.038014979413791,DTW4lag12,DTW4lag12_mixed,All_cities,warm_season_sensitivity,May-September warm-season days; non-heatwave days contribute zero,"5,6,7,8,9"
sensitivity_dtw4lag12,DTW4lag12 phenotype-stratified,warm_season_sensitivity,ssp585,2034,2031-2040,exceeded_quantity_composite_all,exceeded_quantity,composite,all,562.952380952381,1.330537947177537,0.6162842246339006,1.9994206724001415,0.006364246323624,0.6364246323624015,0.192908131906476,3.049930660038821,0.632937580944785,0.192908131906476,3.049930660038821,0.0,0.1900955028451188,2.79826500603791,0.6162842246339006,0.1900955028451188,2.79826500603791,DTW4lag12,DTW4lag12_mixed,All_cities,warm_season_sensitivity,May-September warm-season days; non-heatwave days contribute zero,"5,6,7,8,9"
sensitivity_dtw4lag12,DTW4lag12 phenotype-stratified,warm_season_sensitivity,ssp585,2034,2031-2040,exceeded_quantity_day_all,exceeded_quantity,day,all,905.418918918919,-1.0050819135715052,1.044607085783747,2.2171508737354566,0.0108272350344481,1.082723503444816,0.0038051835084268,3.9158621714327775,1.0522397809150092,0.0,3.9158621714327775,0.0,0.0037353835270296,3.622612855950436,1.044607085783747,0.0037353835270296,3.622612855950436,DTW4lag12,DTW4lag12_mixed,All_cities,warm_season_sensitivity,May-September warm-season days; non-heatwave days contribute zero,"5,6,7,8,9"
sensitivity_dtw4lag12,DTW4lag12 phenotype-stratified,warm_season_sensitivity,ssp585,2034,2031-2040,exceeded_quantity_night_all,exceeded_quantity,night,all,403.968253968254,-6.984973396662482,7.178247571939159,29.265875948499545,1.2475527156013742,124.75527156013742,119.55877062822584,131.22056589901032,124.75527156013742,106.95706714988548,131.22056589901032,0.0,6.521848397708284,7.406459373473018,7.178247571939159,6.521848397708284,7.406459373473018,DTW4lag12,DTW4lag12_mixed,All_cities,warm_season_sensitivity,May-September warm-season days; non-heatwave days contribute zero,"5,6,7,8,9"
sensitivity_dtw4lag12,DTW4lag12 phenotype-stratified,warm_season_sensitivity,ssp585,2035,2031-2040,cehwi_composite_all,cehwi,composite,all,581.8095238095239,-0.7148346160167364,0.7205304185171347,2.559978064304358,0.0074020904810793,0.7402090481079372,0.0855029437150721,2.7887770709979245,0.7347627321085032,0.0855029437150721,2.7887770709979245,0.0,0.0844291881216582,2.512923351144708,0.7205304185171347,0.0844291881216582,2.512923351144708,DTW4lag12,DTW4lag12_mixed,All_cities,warm_season_sensitivity,May-September warm-season days; non-heatwave days contribute zero,"5,6,7,8,9"
sensitivity_dtw4lag12,DTW4lag12 phenotype-stratified,warm_season_sensitivity,ssp585,2035,2031-2040,cehwi_day_all,cehwi,day,all,923.8108108108108,-0.961472867002774,1.0036914580938714,1.9779729779771424,0.0105275610992244,1.0527561099224436,0.0008225679950407,3.9702389849728914,1.0416875963260794,0.0,3.9702389849728914,0.0,0.0008167175720691,3.5812774148063657,1.0036914580938714,0.0008167175720691,3.5812774148063657,DTW4lag12,DTW4lag12_mixed,All_cities,warm_season_sensitivity,May-September warm-season days; non-heatwave days contribute zero,"5,6,7,8,9"
sensitivity_dtw4lag12,DTW4lag12 phenotype-stratified,warm_season_sensitivity,ssp585,2035,2031-2040,cehwi_night_all,cehwi,night,all,463.9047619047619,-2.563096405039748,2.6154360413054074,11.692424816440198,0.0422867832124629,4.228678321246291,0.4679227488801175,110.81719919429482,4.228678321246291,0.0,110.81719919429482,0.0,0.1574269309339103,6.62110537692643,2.6154360413054074,0.1574269309339103,6.62110537692643,DTW4lag12,DTW4lag12_mixed,All_cities,warm_season_sensitivity,May-September warm-season days; non-heatwave days contribute zero,"5,6,7,8,9"
sensitivity_dtw4lag12,DTW4lag12 phenotype-stratified,warm_season_sensitivity,ssp585,2035,2031-2040,exceeded_quantity_composite_all,exceeded_quantity,composite,all,581.8095238095239,1.1492679177900471,0.6600497436555104,2.242283988412565,0.006827788082952,0.6827788082952031,0.1820911347367257,3.3277617895098524,0.6716330439978785,0.1820911347367257,3.3277617895098524,0.0,0.1792628778456801,3.0390487259979144,0.6600497436555104,0.1792628778456801,3.0390487259979144,DTW4lag12,DTW4lag12_mixed,All_cities,warm_season_sensitivity,May-September warm-season days; non-heatwave days contribute zero,"5,6,7,8,9"
sensitivity_dtw4lag12,DTW4lag12 phenotype-stratified,warm_season_sensitivity,ssp585,2035,2031-2040,exceeded_quantity_day_all,exceeded_quantity,day,all,923.8108108108108,-1.2435735276264317,1.281088540471366,2.717176222536075,0.0133851379314459,1.3385137931445936,0.0125196894546533,4.522319757884089,1.30115249971611,0.0,4.522319757884089,0.0,0.0123179133881219,4.115427838596301,1.281088540471366,0.0123179133881219,4.115427838596301,DTW4lag12,DTW4lag12_mixed,All_cities,warm_season_sensitivity,May-September warm-season days; non-heatwave days contribute zero,"5,6,7,8,9"
sensitivity_dtw4lag12,DTW4lag12 phenotype-stratified,warm_season_sensitivity,ssp585,2035,2031-2040,exceeded_quantity_night_all,exceeded_quantity,night,all,463.9047619047619,-7.036170351536199,7.24885283908304,29.596130117517067,1.2424341682150826,124.24341682150826,118.1348260807572,132.3073223217957,124.24338438283982,102.37531056973936,132.3073223217957,0.0,6.447214724136296,7.523787607683285,7.24885283908304,6.447214724136296,7.523787607683285,DTW4lag12,DTW4lag12_mixed,All_cities,warm_season_sensitivity,May-September warm-season days; non-heatwave days contribute zero,"5,6,7,8,9"
sensitivity_dtw4lag12,DTW4lag12 phenotype-stratified,warm_season_sensitivity,ssp585,2036,2031-2040,cehwi_composite_all,cehwi,composite,all,528.3968253968254,-0.4868024651786995,0.4868024651786995,1.8523219488586304,0.004971523541456,0.497152354145604,0.037143217751129,1.966618940041919,0.4971523541456041,0.037143217751129,1.966618940041919,0.0,0.0369305458220013,1.799986968563476,0.4868024651786995,0.0369305458220013,1.799986968563476,DTW4lag12,DTW4lag12_mixed,All_cities,warm_season_sensitivity,May-September warm-season days; non-heatwave days contribute zero,"5,6,7,8,9"
sensitivity_dtw4lag12,DTW4lag12 phenotype-stratified,warm_season_sensitivity,ssp585,2036,2031-2040,cehwi_day_all,cehwi,day,all,802.8918918918919,-0.582117470643742,0.6176599145820858,1.4235439112837378,0.0063844171423413,0.6384417142341373,1.3136405488042256e-05,2.58155236034686,0.6317403255543876,0.0,2.58155236034686,0.0,1.3115242366778606e-05,2.3927907358298386,0.6176599145820858,1.3115242366778606e-05,2.3927907358298386,DTW4lag12,DTW4lag12_mixed,All_cities,warm_season_sensitivity,May-September warm-season days; non-heatwave days contribute zero,"5,6,7,8,9"
sensitivity_dtw4lag12,DTW4lag12 phenotype-stratified,warm_season_sensitivity,ssp585,2036,2031-2040,cehwi_night_all,cehwi,night,all,532.6349206349206,-3.589455483560159,3.653723940706615,12.528835905317248,0.066644248874135,6.664424887413506,1.6902054964162712,135.55509167481384,6.664424887413506,0.0,135.55508303476012,0.0,0.5139212973792393,8.337634701767792,3.653723940706615,0.5139212973792393,8.337634701767792,DTW4lag12,DTW4lag12_mixed,All_cities,warm_season_sensitivity,May-September warm-season days; non-heatwave days contribute zero,"5,6,7,8,9"
sensitivity_dtw4lag12,DTW4lag12 phenotype-stratified,warm_season_sensitivity,ssp585,2036,2031-2040,exceeded_quantity_composite_all,exceeded_quantity,composite,all,528.3968253968254,0.9872275843828634,0.4702831593239289,1.786465771193057,0.0048298885518727,0.4829888551872798,0.1208965764223124,2.476243611896227,0.4804152570850775,0.1208965764223124,2.476243611896227,0.0,0.1194256677484216,2.290053513394698,0.4702831593239289,0.1194256677484216,2.290053513394698,DTW4lag12,DTW4lag12_mixed,All_cities,warm_season_sensitivity,May-September warm-season days; non-heatwave days contribute zero,"5,6,7,8,9"
sensitivity_dtw4lag12,DTW4lag12 phenotype-stratified,warm_season_sensitivity,ssp585,2036,2031-2040,exceeded_quantity_day_all,exceeded_quantity,day,all,802.8918918918919,-0.8059909152344616,0.8416519287147379,2.033799610687232,0.0087039992013876,0.8703999201387607,0.0018841516935144,3.198067858987212,0.8517792543106644,0.0,3.198067858987212,0.0,0.0018561410594347,2.969920637752942,0.8416519287147379,0.0018561410594347,2.969920637752942,DTW4lag12,DTW4lag12_mixed,All_cities,warm_season_sensitivity,May-September warm-season days; non-heatwave days contribute zero,"5,6,7,8,9"
sensitivity_dtw4lag12,DTW4lag12 phenotype-stratified,warm_season_sensitivity,ssp585,2036,2031-2040,exceeded_quantity_night_all,exceeded_quantity,night,all,532.6349206349206,-7.683382457405014,7.967511958413627,30.78925607014489,1.3922225256344314,139.2222525634431,133.806534064481,145.91715372432807,139.2219563825491,120.71752439473428,145.91715372432807,0.0,7.292859959609587,8.305593055351409,7.967511958413627,7.292859959609587,8.305593055351409,DTW4lag12,DTW4lag12_mixed,All_cities,warm_season_sensitivity,May-September warm-season days; non-heatwave days contribute zero,"5,6,7,8,9"
sensitivity_dtw4lag12,DTW4lag12 phenotype-stratified,warm_season_sensitivity,ssp585,2037,2031-2040,cehwi_composite_all,cehwi,composite,all,624.2222222222222,0.221161069140375,0.7078632941345111,2.3797408793616035,0.0072742814327157,0.727428143271571,0.1018798224495163,3.3552543962888883,0.675766129622973,0.1018686767920773,3.3552543962888883,0.0,0.1003485649276864,2.756406743421227,0.7078632941345111,0.1003485649276864,2.756406743421227,DTW4lag12,DTW4lag12_mixed,All_cities,warm_season_sensitivity,May-September warm-season days; non-heatwave days contribute zero,"5,6,7,8,9"
sensitivity_dtw4lag12,DTW4lag12 phenotype-stratified,warm_season_sensitivity,ssp585,2037,2031-2040,cehwi_day_all,cehwi,day,all,843.6216216216217,-0.6878625168526757,0.731133824046566,1.6344996383434585,0.0075932017259123,0.7593201725912319,0.0036931153214842,3.073850568092608,0.7489590700596521,0.0001751414545695,3.073850568092608,0.0,0.0036554158104235,2.8261476581576304,0.731133824046566,0.0036554158104235,2.8261476581576304,DTW4lag12,DTW4lag12_mixed,All_cities,warm_season_sensitivity,May-September warm-season days; non-heatwave days contribute zero,"5,6,7,8,9"
sensitivity_dtw4lag12,DTW4lag12 phenotype-stratified,warm_season_sensitivity,ssp585,2037,2031-2040,cehwi_night_all,cehwi,night,all,553.4761904761905,-3.4007884827207806,3.47235014155104,12.34288992885162,0.060594570839761,6.059457083976107,1.3661811086493016,138.1912128419633,6.059457083976107,0.0,138.19109185697477,0.0,0.4283121792830389,8.39477062229603,3.47235014155104,0.4283121792830389,8.39477062229603,DTW4lag12,DTW4lag12_mixed,All_cities,warm_season_sensitivity,May-September warm-season days; non-heatwave days contribute zero,"5,6,7,8,9"
sensitivity_dtw4lag12,DTW4lag12 phenotype-stratified,warm_season_sensitivity,ssp585,2037,2031-2040,exceeded_quantity_composite_all,exceeded_quantity,composite,all,624.2222222222222,1.4428905386156772,0.7009402486274732,2.238351252225951,0.0072461511452182,0.7246151145218204,0.1904853163632791,3.593935751481365,0.7145652073876134,0.1904853163632791,3.593935751481365,0.0,0.1876397779746475,3.258918515101461,0.7009402486274732,0.1876397779746475,3.258918515101461,DTW4lag12,DTW4lag12_mixed,All_cities,warm_season_sensitivity,May-September warm-season days; non-heatwave days contribute zero,"5,6,7,8,9"
sensitivity_dtw4lag12,DTW4lag12 phenotype-stratified,warm_season_sensitivity,ssp585,2037,2031-2040,exceeded_quantity_day_all,exceeded_quantity,day,all,843.6216216216217,-0.915472687295928,0.9575451290198752,2.3184271550377007,0.0099181739288914,0.9918173928891486,0.008872409966579,3.553572197623053,0.9658753746488388,0.0,3.553572197623053,0.0,0.0087061771473041,3.2931752538319805,0.9575451290198752,0.0087061771473041,3.2931752538319805,DTW4lag12,DTW4lag12_mixed,All_cities,warm_season_sensitivity,May-September warm-season days; non-heatwave days contribute zero,"5,6,7,8,9"
sensitivity_dtw4lag12,DTW4lag12 phenotype-stratified,warm_season_sensitivity,ssp585,2037,2031-2040,exceeded_quantity_night_all,exceeded_quantity,night,all,553.4761904761905,-8.047792126975146,8.325005890535994,29.72846606027388,1.441192108237931,144.11921082379314,137.69671539234412,152.52733977432095,144.1192093201075,121.9206490356284,152.52733977432095,0.0,7.505187312477406,8.649638039201916,8.325005890535994,7.505187312477406,8.649638039201916,DTW4lag12,DTW4lag12_mixed,All_cities,warm_season_sensitivity,May-September warm-season days; non-heatwave days contribute zero,"5,6,7,8,9"
sensitivity_dtw4lag12,DTW4lag12 phenotype-stratified,warm_season_sensitivity,ssp585,2038,2031-2040,cehwi_composite_all,cehwi,composite,all,634.047619047619,-0.7724475163001997,0.7725583397271573,2.4613597776247964,0.0079453602157583,0.7945360215758299,0.1190502976984498,2.74113865495267,0.7944276396706427,0.1190502976984498,2.74113865495267,0.0,0.1173536097062918,2.4742408782425334,0.7725583397271573,0.1173536097062918,2.4742408782425334,DTW4lag12,DTW4lag12_mixed,All_cities,warm_season_sensitivity,May-September warm-season days; non-heatwave days contribute zero,"5,6,7,8,9"
sensitivity_dtw4lag12,DTW4lag12 phenotype-stratified,warm_season_sensitivity,ssp585,2038,2031-2040,cehwi_day_all,cehwi,day,all,901.2837837837836,-0.6986383731445349,0.7405548514131961,1.543639863665253,0.0077350576325465,0.7735057632546505,7.683980570211562e-06,3.184523322105342,0.7621453956566913,0.0,3.184523322105342,0.0,7.668605590057473e-06,2.90474903870325,0.7405548514131961,7.668605590057473e-06,2.90474903870325,DTW4lag12,DTW4lag12_mixed,All_cities,warm_season_sensitivity,May-September warm-season days; non-heatwave days contribute zero,"5,6,7,8,9"
sensitivity_dtw4lag12,DTW4lag12 phenotype-stratified,warm_season_sensitivity,ssp585,2038,2031-2040,cehwi_night_all,cehwi,night,all,565.2063492063492,-4.284044913604243,4.359342362101031,14.551607835226358,0.0892162084255412,8.921620842554125,3.495600718618369,140.10037719600373,8.921620842554123,0.0,140.1003625494508,0.0,1.0226900629100066,9.005193000789605,4.359342362101031,1.0226900629100066,9.005193000789605,DTW4lag12,DTW4lag12_mixed,All_cities,warm_season_sensitivity,May-September warm-season days; non-heatwave days contribute zero,"5,6,7,8,9"
sensitivity_dtw4lag12,DTW4lag12 phenotype-stratified,warm_season_sensitivity,ssp585,2038,2031-2040,exceeded_quantity_composite_all,exceeded_quantity,composite,all,634.047619047619,1.4172269780438975,0.7371787720833615,2.2021966556111,0.0076347055517704,0.7634705551770479,0.2344290712962307,3.473005655504748,0.7527546340657838,0.2344290712962307,3.473005655504748,0.0,0.23045975293575,3.170295834939468,0.7371787720833615,0.23045975293575,3.170295834939468,DTW4lag12,DTW4lag12_mixed,All_cities,warm_season_sensitivity,May-September warm-season days; non-heatwave days contribute zero,"5,6,7,8,9"
sensitivity_dtw4lag12,DTW4lag12 phenotype-stratified,warm_season_sensitivity,ssp585,2038,2031-2040,exceeded_quantity_day_all,exceeded_quantity,day,all,901.2837837837836,-0.9341344577312204,0.9797359538598231,2.202966384334193,0.0101476970297431,1.0147697029743104,0.00495847913899,3.695553070622098,0.9839935066926424,0.0,3.695553070622098,0.0,0.0048531318319285,3.4239646802091044,0.9797359538598231,0.0048531318319285,3.4239646802091044,DTW4lag12,DTW4lag12_mixed,All_cities,warm_season_sensitivity,May-September warm-season days; non-heatwave days contribute zero,"5,6,7,8,9"
sensitivity_dtw4lag12,DTW4lag12 phenotype-stratified,warm_season_sensitivity,ssp585,2038,2031-2040,exceeded_quantity_night_all,exceeded_quantity,night,all,565.2063492063492,-8.531435238066079,8.86069277534073,29.793570492400843,1.544108840265977,154.4108840265977,148.16485119506729,162.42860622017795,154.4108840265977,133.06578806209353,162.42860622017795,0.0,8.072560613712195,9.23286391273654,8.86069277534073,8.072560613712195,9.23286391273654,DTW4lag12,DTW4lag12_mixed,All_cities,warm_season_sensitivity,May-September warm-season days; non-heatwave days contribute zero,"5,6,7,8,9"
sensitivity_dtw4lag12,DTW4lag12 phenotype-stratified,warm_season_sensitivity,ssp585,2039,2031-2040,cehwi_composite_all,cehwi,composite,all,610.0952380952381,-0.5803430210414209,0.7245001414672789,2.4017778382806534,0.0074194272091039,0.7419427209103993,0.0734917577928536,3.0301687659136705,0.6847636611313463,0.0734917577928536,3.0301687659136705,0.0,0.0729112668296092,2.706441825889914,0.7245001414672789,0.0729112668296092,2.706441825889914,DTW4lag12,DTW4lag12_mixed,All_cities,warm_season_sensitivity,May-September warm-season days; non-heatwave days contribute zero,"5,6,7,8,9"
sensitivity_dtw4lag12,DTW4lag12 phenotype-stratified,warm_season_sensitivity,ssp585,2039,2031-2040,cehwi_day_all,cehwi,day,all,707.918918918919,-0.4189138310706216,0.4539615176406548,1.1886833290140186,0.004648811828059,0.4648811828059084,0.000168138843172,2.1104452282214456,0.4571699850810445,0.0,2.1104452282214456,0.0,0.0001668523220157,1.9864839320410177,0.4539615176406548,0.0001668523220157,1.9864839320410177,DTW4lag12,DTW4lag12_mixed,All_cities,warm_season_sensitivity,May-September warm-season days; non-heatwave days contribute zero,"5,6,7,8,9"
sensitivity_dtw4lag12,DTW4lag12 phenotype-stratified,warm_season_sensitivity,ssp585,2039,2031-2040,cehwi_night_all,cehwi,night,all,551.4920634920635,-4.189187586041901,4.274664808595881,14.268366248167627,0.0956776165501347,9.567761655013475,4.700002323338034,126.86985334125836,9.567761655013475,0.0,126.86843788018965,0.0,1.2679718863402727,8.47635761632028,4.274664808595881,1.2679718863402727,8.47635761632028,DTW4lag12,DTW4lag12_mixed,All_cities,warm_season_sensitivity,May-September warm-season days; non-heatwave days contribute zero,"5,6,7,8,9"
sensitivity_dtw4lag12,DTW4lag12 phenotype-stratified,warm_season_sensitivity,ssp585,2039,2031-2040,exceeded_quantity_composite_all,exceeded_quantity,composite,all,610.0952380952381,1.265627531331524,0.6776313585651893,2.077227978498716,0.0069906533592412,0.6990653359241268,0.1905877773872268,3.4812439901082013,0.6982806000680669,0.1905877773872268,3.4812439901082013,0.0,0.1879682284040524,3.192798243636864,0.6776313585651893,0.1879682284040524,3.192798243636864,DTW4lag12,DTW4lag12_mixed,All_cities,warm_season_sensitivity,May-September warm-season days; non-heatwave days contribute zero,"5,6,7,8,9"
sensitivity_dtw4lag12,DTW4lag12 phenotype-stratified,warm_season_sensitivity,ssp585,2039,2031-2040,exceeded_quantity_day_all,exceeded_quantity,day,all,707.918918918919,-0.6776919208561399,0.7153500494043684,2.0598964367669943,0.0073813315201124,0.7381331520112494,0.0067823991331176,2.8165869899025555,0.7046991655917582,0.0,2.8165869899025555,0.0,0.0066617120730551,2.6278658489130944,0.7153500494043684,0.0066617120730551,2.6278658489130944,DTW4lag12,DTW4lag12_mixed,All_cities,warm_season_sensitivity,May-September warm-season days; non-heatwave days contribute zero,"5,6,7,8,9"
sensitivity_dtw4lag12,DTW4lag12 phenotype-stratified,warm_season_sensitivity,ssp585,2039,2031-2040,exceeded_quantity_night_all,exceeded_quantity,night,all,551.4920634920635,-8.011360368155744,8.325378121192935,29.76173800787983,1.4580728943972907,145.80728943972906,141.04500838879292,152.66711700402666,145.8070080006586,128.53462388025685,152.66711700402666,0.0,7.679648550236325,8.685127112844006,8.325378121192935,7.679648550236325,8.685127112844006,DTW4lag12,DTW4lag12_mixed,All_cities,warm_season_sensitivity,May-September warm-season days; non-heatwave days contribute zero,"5,6,7,8,9"
sensitivity_dtw4lag12,DTW4lag12 phenotype-stratified,warm_season_sensitivity,ssp585,2040,2031-2040,cehwi_composite_all,cehwi,composite,all,701.6825396825396,-0.8789711497452201,0.8789958928606648,2.6736982497332407,0.0090204159521597,0.9020415952159704,0.0926926023714312,3.437000384130401,0.9020171710995936,0.0926926023714312,3.437000384130401,0.0,0.0917892333218959,3.090040020435138,0.8789958928606648,0.0917892333218959,3.090040020435138,DTW4lag12,DTW4lag12_mixed,All_cities,warm_season_sensitivity,May-September warm-season days; non-heatwave days contribute zero,"5,6,7,8,9"
sensitivity_dtw4lag12,DTW4lag12 phenotype-stratified,warm_season_sensitivity,ssp585,2040,2031-2040,cehwi_day_all,cehwi,day,all,829.8513513513514,-0.6043572451150456,0.6465882373821881,1.4589670173209122,0.0066853724402495,0.6685372440249501,0.0184441431056886,2.7430473350337605,0.6587239822394799,0.0095479642402138,2.7430473350337605,0.0,0.0181328852162118,2.5464397252769144,0.6465882373821881,0.0181328852162118,2.5464397252769144,DTW4lag12,DTW4lag12_mixed,All_cities,warm_season_sensitivity,May-September warm-season days; non-heatwave days contribute zero,"5,6,7,8,9"
sensitivity_dtw4lag12,DTW4lag12 phenotype-stratified,warm_season_sensitivity,ssp585,2040,2031-2040,cehwi_night_all,cehwi,night,all,553.7460317460317,-3.88874439997648,3.978009585126487,13.498323953016715,0.0850662284023278,8.506622840232785,3.859804416213791,125.31973343344464,8.506622840232785,0.0,125.31868838647856,0.0,1.0633858569183934,8.228996632693221,3.978009585126487,1.0633858569183934,8.228996632693221,DTW4lag12,DTW4lag12_mixed,All_cities,warm_season_sensitivity,May-September warm-season days; non-heatwave days contribute zero,"5,6,7,8,9"
sensitivity_dtw4lag12,DTW4lag12 phenotype-stratified,warm_season_sensitivity,ssp585,2040,2031-2040,exceeded_quantity_composite_all,exceeded_quantity,composite,all,701.6825396825396,1.630241884643297,0.7386206365157124,2.167109003781908,0.0076288843526263,0.7628884352626364,0.2135697065574973,3.927487763319359,0.7514383735761789,0.2135697065574973,3.927487763319359,0.0,0.2103255477341365,3.5935175843130738,0.7386206365157124,0.2103255477341365,3.5935175843130738,DTW4lag12,DTW4lag12_mixed,All_cities,warm_season_sensitivity,May-September warm-season days; non-heatwave days contribute zero,"5,6,7,8,9"
sensitivity_dtw4lag12,DTW4lag12 phenotype-stratified,warm_season_sensitivity,ssp585,2040,2031-2040,exceeded_quantity_day_all,exceeded_quantity,day,all,829.8513513513514,-0.8322248248018821,0.8764426238099295,2.1081773425510235,0.0090279076575129,0.9027907657512932,0.0155845314450994,3.314537179200815,0.8606090800977501,0.0,3.314537179200815,0.0,0.0153349546681467,3.104150405324505,0.8764426238099295,0.0153349546681467,3.104150405324505,DTW4lag12,DTW4lag12_mixed,All_cities,warm_season_sensitivity,May-September warm-season days; non-heatwave days contribute zero,"5,6,7,8,9"
sensitivity_dtw4lag12,DTW4lag12 phenotype-stratified,warm_season_sensitivity,ssp585,2040,2031-2040,exceeded_quantity_night_all,exceeded_quantity,night,all,553.7460317460317,-8.23816848449364,8.538572451871802,28.308233963147767,1.4963720684376964,149.63720684376966,144.0982727034622,156.30952039480584,149.63702071770854,130.93347566737887,156.30952039480584,0.0,7.86066670167838,8.8913936943047,8.538572451871802,7.86066670167838,8.8913936943047,DTW4lag12,DTW4lag12_mixed,All_cities,warm_season_sensitivity,May-September warm-season days; non-heatwave days contribute zero,"5,6,7,8,9"
sensitivity_dtw4lag12,DTW4lag12 phenotype-stratified,warm_season_sensitivity,ssp585,2041,2041-2050,cehwi_composite_all,cehwi,composite,all,697.015873015873,-0.8048523695467108,0.8077905827589983,2.371100008278424,0.0082846517486581,0.8284651748658161,0.0740352123639487,3.305644388182996,0.8256802659456494,0.0740329587610887,3.305644388182996,0.0,0.0732652588344673,2.973439988555729,0.8077905827589983,0.0732652588344673,2.973439988555729,DTW4lag12,DTW4lag12_mixed,All_cities,warm_season_sensitivity,May-September warm-season days; non-heatwave days contribute zero,"5,6,7,8,9"
sensitivity_dtw4lag12,DTW4lag12 phenotype-stratified,warm_season_sensitivity,ssp585,2041,2041-2050,cehwi_day_all,cehwi,day,all,925.1621621621622,-0.8471946025606473,0.8861686958431803,1.7426201839428466,0.0092084946925241,0.9208494692524196,0.0027739594890057,3.588403825682737,0.9090686173520236,0.0,3.588403825682737,0.0,0.0027478897956796,3.2762513916557223,0.8861686958431803,0.0027478897956796,3.2762513916557223,DTW4lag12,DTW4lag12_mixed,All_cities,warm_season_sensitivity,May-September warm-season days; non-heatwave days contribute zero,"5,6,7,8,9"
sensitivity_dtw4lag12,DTW4lag12 phenotype-stratified,warm_season_sensitivity,ssp585,2041,2041-2050,cehwi_night_all,cehwi,night,all,480.5873015873016,-2.455528446109532,2.515246578903907,12.340839252825084,0.0430588707169896,4.305887071698964,0.8252745138493691,102.62534052775077,4.305887071698964,0.0,102.62534052775077,0.0,0.2555399698056934,6.214636052774502,2.515246578903907,0.2555399698056934,6.214636052774502,DTW4lag12,DTW4lag12_mixed,All_cities,warm_season_sensitivity,May-September warm-season days; non-heatwave days contribute zero,"5,6,7,8,9"
sensitivity_dtw4lag12,DTW4lag12 phenotype-stratified,warm_season_sensitivity,ssp585,2041,2041-2050,exceeded_quantity_composite_all,exceeded_quantity,composite,all,697.015873015873,1.414924067139448,0.6936687198029988,2.040265920232016,0.0071450679712534,0.714506797125345,0.1773771581630949,3.74080061585426,0.7130093065183039,0.1773771581630949,3.74080061585426,0.0,0.1751033848710127,3.42607598977055,0.6936687198029988,0.1751033848710127,3.42607598977055,DTW4lag12,DTW4lag12_mixed,All_cities,warm_season_sensitivity,May-September warm-season days; non-heatwave days contribute zero,"5,6,7,8,9"
sensitivity_dtw4lag12,DTW4lag12 phenotype-stratified,warm_season_sensitivity,ssp585,2041,2041-2050,exceeded_quantity_day_all,exceeded_quantity,day,all,925.1621621621622,-1.1008915136584403,1.1421100630925047,2.396821902101807,0.0118658226529661,1.1865822652966176,0.0065407716223185,4.139721419223811,1.157978892959799,0.0,4.139721419223811,0.0,0.0064311959120228,3.811657355163685,1.1421100630925047,0.0064311959120228,3.811657355163685,DTW4lag12,DTW4lag12_mixed,All_cities,warm_season_sensitivity,May-September warm-season days; non-heatwave days contribute zero,"5,6,7,8,9"
sensitivity_dtw4lag12,DTW4lag12 phenotype-stratified,warm_season_sensitivity,ssp585,2041,2041-2050,exceeded_quantity_night_all,exceeded_quantity,night,all,480.5873015873016,-7.7901730737542785,8.00701221966487,30.671024362308845,1.37909753453157,137.909753453157,131.1713002185817,146.4037216762776,137.90960798687104,114.62416906554353,146.4037216762776,0.0,7.151815587218041,8.270858738386119,8.00701221966487,7.151815587218041,8.270858738386119,DTW4lag12,DTW4lag12_mixed,All_cities,warm_season_sensitivity,May-September warm-season days; non-heatwave days contribute zero,"5,6,7,8,9"
sensitivity_dtw4lag12,DTW4lag12 phenotype-stratified,warm_season_sensitivity,ssp585,2042,2041-2050,cehwi_composite_all,cehwi,composite,all,585.2857142857143,-0.6645334675664777,0.6823263011359946,2.204570902036083,0.0070032548077796,0.70032548077796,0.0881418954505838,2.59616748029637,0.684367556308718,0.087973267729349,2.59616748029637,0.0,0.0869749577656084,2.349846791626803,0.6823263011359946,0.0869749577656084,2.349846791626803,DTW4lag12,DTW4lag12_mixed,All_cities,warm_season_sensitivity,May-September warm-season days; non-heatwave days contribute zero,"5,6,7,8,9"
sensitivity_dtw4lag12,DTW4lag12 phenotype-stratified,warm_season_sensitivity,ssp585,2042,2041-2050,cehwi_day_all,cehwi,day,all,783.1891891891892,-0.540213729754767,0.5698576044977234,1.368704127355573,0.0058519501759199,0.5851950175919951,0.000157085670007,2.405774672008097,0.5789645071069531,0.0,2.405774672008097,0.0,0.0001565151670312,2.2517641351819413,0.5698576044977234,0.0001565151670312,2.2517641351819413,DTW4lag12,DTW4lag12_mixed,All_cities,warm_season_sensitivity,May-September warm-season days; non-heatwave days contribute zero,"5,6,7,8,9"
sensitivity_dtw4lag12,DTW4lag12 phenotype-stratified,warm_season_sensitivity,ssp585,2042,2041-2050,cehwi_night_all,cehwi,night,all,512.6349206349206,-3.307685576805302,3.361775471041748,13.593665942565806,0.0599526540451882,5.995265404518822,1.3696322472902356,127.45946760190934,5.995265404518822,0.0,127.45946760190934,0.0,0.4156254580805101,7.824112720603058,3.361775471041748,0.4156254580805101,7.824112720603058,DTW4lag12,DTW4lag12_mixed,All_cities,warm_season_sensitivity,May-September warm-season days; non-heatwave days contribute zero,"5,6,7,8,9"
sensitivity_dtw4lag12,DTW4lag12 phenotype-stratified,warm_season_sensitivity,ssp585,2042,2041-2050,exceeded_quantity_composite_all,exceeded_quantity,composite,all,585.2857142857143,1.2912656989375086,0.5988410162911029,1.8920084557744736,0.0061695028503652,0.6169502850365244,0.172732940327249,3.057050588224814,0.6167208025544598,0.172732940327249,3.057050588224814,0.0,0.1704457146202265,2.812593508510253,0.5988410162911029,0.1704457146202265,2.812593508510253,DTW4lag12,DTW4lag12_mixed,All_cities,warm_season_sensitivity,May-September warm-season days; non-heatwave days contribute zero,"5,6,7,8,9"
sensitivity_dtw4lag12,DTW4lag12 phenotype-stratified,warm_season_sensitivity,ssp585,2042,2041-2050,exceeded_quantity_day_all,exceeded_quantity,day,all,783.1891891891892,-0.7515488260387775,0.7911729546260717,2.0256265088444154,0.0081910681925256,0.8191068192525608,0.0067758183120834,2.993229416655424,0.8018583350034435,0.0,2.993229416655424,0.0,0.0066390524724723,2.7828374165695604,0.7911729546260717,0.0066390524724723,2.7828374165695604,DTW4lag12,DTW4lag12_mixed,All_cities,warm_season_sensitivity,May-September warm-season days; non-heatwave days contribute zero,"5,6,7,8,9"
sensitivity_dtw4lag12,DTW4lag12 phenotype-stratified,warm_season_sensitivity,ssp585,2042,2041-2050,exceeded_quantity_night_all,exceeded_quantity,night,all,512.6349206349206,-7.63974655124011,7.901121343505832,30.712342446061303,1.3627406402220263,136.27406402220262,130.456776030076,144.45426038035936,136.27406402220262,114.979906633738,144.45426038035936,0.0,7.113102015233788,8.229683378335041,7.901121343505832,7.113102015233788,8.229683378335041,DTW4lag12,DTW4lag12_mixed,All_cities,warm_season_sensitivity,May-September warm-season days; non-heatwave days contribute zero,"5,6,7,8,9"
sensitivity_dtw4lag12,DTW4lag12 phenotype-stratified,warm_season_sensitivity,ssp585,2043,2041-2050,cehwi_composite_all,cehwi,composite,all,703.7777777777778,-0.8076490540426654,0.828043786018186,2.378981546173266,0.0084880931233408,0.8488093123340866,0.0935384247819952,3.295095708387938,0.8298390472573192,0.0935384247819952,3.295095708387938,0.0,0.0925919612907947,2.9782836707278526,0.828043786018186,0.0925919612907947,2.9782836707278526,DTW4lag12,DTW4lag12_mixed,All_cities,warm_season_sensitivity,May-September warm-season days; non-heatwave days contribute zero,"5,6,7,8,9"
sensitivity_dtw4lag12,DTW4lag12 phenotype-stratified,warm_season_sensitivity,ssp585,2043,2041-2050,cehwi_day_all,cehwi,day,all,941.8378378378378,-0.7813382944054066,0.8346790717051699,1.7823314045763063,0.0086572261399832,0.8657226139983217,0.0189369137283271,3.442535879169366,0.8549524998893029,0.0117099737578451,3.442535879169366,0.0,0.0186287660428906,3.166185302576568,0.8346790717051699,0.0186287660428906,3.166185302576568,DTW4lag12,DTW4lag12_mixed,All_cities,warm_season_sensitivity,May-September warm-season days; non-heatwave days contribute zero,"5,6,7,8,9"
sensitivity_dtw4lag12,DTW4lag12 phenotype-stratified,warm_season_sensitivity,ssp585,2043,2041-2050,cehwi_night_all,cehwi,night,all,530.7460317460317,-4.153088267708882,4.230366619011596,13.366566783641831,0.0788313622740062,7.883136227400622,2.201649184036792,153.43444599336766,7.883136227400622,0.0,153.4342255183772,0.0,0.6668330698924855,9.495982003615389,4.230366619011596,0.6668330698924855,9.495982003615389,DTW4lag12,DTW4lag12_mixed,All_cities,warm_season_sensitivity,May-September warm-season days; non-heatwave days contribute zero,"5,6,7,8,9"
sensitivity_dtw4lag12,DTW4lag12 phenotype-stratified,warm_season_sensitivity,ssp585,2043,2041-2050,exceeded_quantity_composite_all,exceeded_quantity,composite,all,703.7777777777778,1.2247370046541182,0.7763665225860664,2.143053977369056,0.008011121594756,0.8011121594756074,0.2131818295483724,3.844570267632814,0.7976825311698825,0.2131818295483724,3.844570267632814,0.0,0.2101910725601476,3.529976039397196,0.7763665225860664,0.2101910725601476,3.529976039397196,DTW4lag12,DTW4lag12_mixed,All_cities,warm_season_sensitivity,May-September warm-season days; non-heatwave days contribute zero,"5,6,7,8,9"
sensitivity_dtw4lag12,DTW4lag12 phenotype-stratified,warm_season_sensitivity,ssp585,2043,2041-2050,exceeded_quantity_day_all,exceeded_quantity,day,all,941.8378378378378,-1.0446829313929538,1.0897627612603993,2.501386864675278,0.0113037451694315,1.1303745169431578,0.0138991030144417,4.011500175685361,1.0940542182464337,0.0,4.011500175685361,0.0,0.0136774961935806,3.708019177955062,1.0897627612603993,0.0136774961935806,3.708019177955062,DTW4lag12,DTW4lag12_mixed,All_cities,warm_season_sensitivity,May-September warm-season days; non-heatwave days contribute zero,"5,6,7,8,9"
sensitivity_dtw4lag12,DTW4lag12 phenotype-stratified,warm_season_sensitivity,ssp585,2043,2041-2050,exceeded_quantity_night_all,exceeded_quantity,night,all,530.7460317460317,-6.745242062816151,7.070304311175495,28.614012926171025,1.212751207541526,121.27512075415258,115.1988466525679,129.28440159258545,121.275109996999,99.60442493093696,129.28440159258545,0.0,6.276376072658729,7.4682707857915025,7.070304311175495,6.276376072658729,7.4682707857915025,DTW4lag12,DTW4lag12_mixed,All_cities,warm_season_sensitivity,May-September warm-season days; non-heatwave days contribute zero,"5,6,7,8,9"
sensitivity_dtw4lag12,DTW4lag12 phenotype-stratified,warm_season_sensitivity,ssp585,2044,2041-2050,cehwi_composite_all,cehwi,composite,all,652.952380952381,-0.8452784444782498,0.8454136258545183,2.544065166966496,0.0086763067040399,0.8676306704039944,0.1086668211128114,3.126911131692663,0.867497361597096,0.1086668211128114,3.126911131692663,0.0,0.1074451083819781,2.8394680582314327,0.8454136258545183,0.1074451083819781,2.8394680582314327,DTW4lag12,DTW4lag12_mixed,All_cities,warm_season_sensitivity,May-September warm-season days; non-heatwave days contribute zero,"5,6,7,8,9"
sensitivity_dtw4lag12,DTW4lag12 phenotype-stratified,warm_season_sensitivity,ssp585,2044,2041-2050,cehwi_day_all,cehwi,day,all,780.3108108108108,-0.6232069421393408,0.6624674849895203,1.4928106484654748,0.0068277328112447,0.6827732811244713,0.0010090878450596,2.8342082097988697,0.6741198118080071,0.0,2.8342082097988697,0.0,0.0010003162386641,2.636893926435516,0.6624674849895203,0.0010003162386641,2.636893926435516,DTW4lag12,DTW4lag12_mixed,All_cities,warm_season_sensitivity,May-September warm-season days; non-heatwave days contribute zero,"5,6,7,8,9"
sensitivity_dtw4lag12,DTW4lag12 phenotype-stratified,warm_season_sensitivity,ssp585,2044,2041-2050,cehwi_night_all,cehwi,night,all,588.7301587301587,-4.207819531386142,4.304012576870449,14.31909566174374,0.0909751857652118,9.097518576521187,3.7504764559516928,142.76544354898238,9.097518576521187,0.0,142.764268994359,0.0,0.9518782817110368,9.114344407538388,4.304012576870449,0.9518782817110368,9.114344407538388,DTW4lag12,DTW4lag12_mixed,All_cities,warm_season_sensitivity,May-September warm-season days; non-heatwave days contribute zero,"5,6,7,8,9"
sensitivity_dtw4lag12,DTW4lag12 phenotype-stratified,warm_season_sensitivity,ssp585,2044,2041-2050,exceeded_quantity_composite_all,exceeded_quantity,composite,all,652.952380952381,1.4114412471026998,0.7420438517616924,2.097862826336115,0.007661909029507,0.7661909029507035,0.2183641587158304,3.664541749721749,0.7648961615674398,0.2183641587158304,3.664541749721749,0.0,0.2150778385312416,3.3638770643939764,0.7420438517616924,0.2150778385312416,3.3638770643939764,DTW4lag12,DTW4lag12_mixed,All_cities,warm_season_sensitivity,May-September warm-season days; non-heatwave days contribute zero,"5,6,7,8,9"
sensitivity_dtw4lag12,DTW4lag12 phenotype-stratified,warm_season_sensitivity,ssp585,2044,2041-2050,exceeded_quantity_day_all,exceeded_quantity,day,all,780.3108108108108,-0.8760533124826491,0.9183268323147002,2.2585818723292226,0.0095088552959131,0.9508855295913188,0.0093913938255028,3.4810208899076387,0.915942194842754,0.0,3.4810208899076387,0.0,0.0092224550478949,3.2319230509376102,0.9183268323147002,0.0092224550478949,3.2319230509376102,DTW4lag12,DTW4lag12_mixed,All_cities,warm_season_sensitivity,May-September warm-season days; non-heatwave days contribute zero,"5,6,7,8,9"
sensitivity_dtw4lag12,DTW4lag12 phenotype-stratified,warm_season_sensitivity,ssp585,2044,2041-2050,exceeded_quantity_night_all,exceeded_quantity,night,all,588.7301587301587,-8.794058027771545,9.133578513805189,28.30610168143251,1.599674272320901,159.9674272320901,154.2768904374707,167.41468846755473,159.96613097917987,139.9481814930254,167.41468846755473,0.0,8.403341407208162,9.529995315558688,9.133578513805189,8.403341407208162,9.529995315558688,DTW4lag12,DTW4lag12_mixed,All_cities,warm_season_sensitivity,May-September warm-season days; non-heatwave days contribute zero,"5,6,7,8,9"
sensitivity_dtw4lag12,DTW4lag12 phenotype-stratified,warm_season_sensitivity,ssp585,2045,2041-2050,cehwi_composite_all,cehwi,composite,all,701.3492063492064,-0.7502527262123966,0.7513422193607772,2.198962933291364,0.0076965647750679,0.7696564775067918,0.0655326706372747,3.0842723094302693,0.7686704097519548,0.0655326706372747,3.0842723094302693,0.0,0.0649018787802609,2.78690655775424,0.7513422193607772,0.0649018787802609,2.78690655775424,DTW4lag12,DTW4lag12_mixed,All_cities,warm_season_sensitivity,May-September warm-season days; non-heatwave days contribute zero,"5,6,7,8,9"
sensitivity_dtw4lag12,DTW4lag12 phenotype-stratified,warm_season_sensitivity,ssp585,2045,2041-2050,cehwi_day_all,cehwi,day,all,864.7972972972973,-0.9416882359203506,0.9842610203065232,1.8671085800609653,0.0106127264661584,1.0612726466158402,0.0006236618382129,3.9886008123053247,1.0467346240463318,0.0,3.9886008123053247,0.0,0.0006211623516266,3.456577620987794,0.9842610203065232,0.0006211623516266,3.456577620987794,DTW4lag12,DTW4lag12_mixed,All_cities,warm_season_sensitivity,May-September warm-season days; non-heatwave days contribute zero,"5,6,7,8,9"
sensitivity_dtw4lag12,DTW4lag12 phenotype-stratified,warm_season_sensitivity,ssp585,2045,2041-2050,cehwi_night_all,cehwi,night,all,593.0952380952381,-4.004233528552867,4.089858465815797,12.443994029066864,0.0740442610498818,7.4044261049881825,1.8839280846403184,151.87902088426722,7.404426104988183,0.0,151.8790116587896,0.0,0.5882739105449979,9.312879008691612,4.089858465815797,0.5882739105449979,9.312879008691612,DTW4lag12,DTW4lag12_mixed,All_cities,warm_season_sensitivity,May-September warm-season days; non-heatwave days contribute zero,"5,6,7,8,9"
sensitivity_dtw4lag12,DTW4lag12 phenotype-stratified,warm_season_sensitivity,ssp585,2045,2041-2050,exceeded_quantity_composite_all,exceeded_quantity,composite,all,701.3492063492064,1.3248875555666335,0.6336364924425371,1.851528848801304,0.0065080306814459,0.6508030681445963,0.1512798222788407,3.5500735913203725,0.650309667574406,0.1512798222788407,3.5500735913203725,0.0,0.149504256691534,3.274063576589771,0.6336364924425371,0.149504256691534,3.274063576589771,DTW4lag12,DTW4lag12_mixed,All_cities,warm_season_sensitivity,May-September warm-season days; non-heatwave days contribute zero,"5,6,7,8,9"
sensitivity_dtw4lag12,DTW4lag12 phenotype-stratified,warm_season_sensitivity,ssp585,2045,2041-2050,exceeded_quantity_day_all,exceeded_quantity,day,all,864.7972972972973,-1.1147629034094362,1.1567959001983297,2.4313985276133927,0.0120825049971774,1.2082504997177446,0.0046970050660395,4.1439798334381575,1.1843637831079803,0.0,4.1439798334381575,0.0,0.004609523900555,3.7757923339649215,1.1567959001983297,0.004609523900555,3.7757923339649215,DTW4lag12,DTW4lag12_mixed,All_cities,warm_season_sensitivity,May-September warm-season days; non-heatwave days contribute zero,"5,6,7,8,9"
sensitivity_dtw4lag12,DTW4lag12 phenotype-stratified,warm_season_sensitivity,ssp585,2045,2041-2050,exceeded_quantity_night_all,exceeded_quantity,night,all,593.0952380952381,-9.587329278749351,9.909108903010203,28.81697362818656,1.731896937401777,173.18969374017772,166.2198864464943,181.46692180034543,173.18927328333848,150.13491296111224,181.46692180034543,0.0,9.058889888942913,10.278041660521517,9.909108903010203,9.058889888942913,10.278041660521517,DTW4lag12,DTW4lag12_mixed,All_cities,warm_season_sensitivity,May-September warm-season days; non-heatwave days contribute zero,"5,6,7,8,9"
sensitivity_dtw4lag12,DTW4lag12 phenotype-stratified,warm_season_sensitivity,ssp585,2046,2041-2050,cehwi_composite_all,cehwi,composite,all,770.9206349206349,-0.7088094986788369,0.9484293439559388,2.4497385613868743,0.0097285448980633,0.9728544898063388,0.0864042010978288,4.107797799425728,0.894691796006999,0.086399281877493,4.107797799425728,0.0,0.0854529140861902,3.643068463175091,0.9484293439559388,0.0854529140861902,3.643068463175091,DTW4lag12,DTW4lag12_mixed,All_cities,warm_season_sensitivity,May-September warm-season days; non-heatwave days contribute zero,"5,6,7,8,9"
sensitivity_dtw4lag12,DTW4lag12 phenotype-stratified,warm_season_sensitivity,ssp585,2046,2041-2050,cehwi_day_all,cehwi,day,all,770.8648648648649,-0.6112414552206308,0.6403123862794882,1.4658026051736008,0.0066207616881272,0.6620761688127279,0.0005931982836707,2.629037594247317,0.6550528817897799,0.0,2.629037594247317,0.0,0.0005883982373662,2.4257090569720443,0.6403123862794882,0.0005883982373662,2.4257090569720443,DTW4lag12,DTW4lag12_mixed,All_cities,warm_season_sensitivity,May-September warm-season days; non-heatwave days contribute zero,"5,6,7,8,9"
sensitivity_dtw4lag12,DTW4lag12 phenotype-stratified,warm_season_sensitivity,ssp585,2046,2041-2050,cehwi_night_all,cehwi,night,all,654.4285714285714,-4.8729318101045465,4.967435629490256,14.249282226564183,0.1018058519418792,10.180585194187923,4.1949451307085965,165.46402637670505,10.180585194187923,0.0,165.46399790764917,0.0,1.1693412110875148,10.652088402824866,4.967435629490256,1.1693412110875148,10.652088402824866,DTW4lag12,DTW4lag12_mixed,All_cities,warm_season_sensitivity,May-September warm-season days; non-heatwave days contribute zero,"5,6,7,8,9"
sensitivity_dtw4lag12,DTW4lag12 phenotype-stratified,warm_season_sensitivity,ssp585,2046,2041-2050,exceeded_quantity_composite_all,exceeded_quantity,composite,all,770.9206349206349,2.012670964227027,0.839643243401044,2.1101452752038807,0.0086565046952742,0.8656504695274221,0.2091542510874906,4.701090349815791,0.8616314649672274,0.2091542510874906,4.701090349815791,0.0,0.2062636157633445,4.285039757363459,0.839643243401044,0.2062636157633445,4.285039757363459,DTW4lag12,DTW4lag12_mixed,All_cities,warm_season_sensitivity,May-September warm-season days; non-heatwave days contribute zero,"5,6,7,8,9"
sensitivity_dtw4lag12,DTW4lag12 phenotype-stratified,warm_season_sensitivity,ssp585,2046,2041-2050,exceeded_quantity_day_all,exceeded_quantity,day,all,770.8648648648649,-0.8284323895103807,0.8665659562733823,2.230387200871189,0.0089701870593214,0.8970187059321402,0.0043446540087821,3.2727356918090407,0.8735815650614231,0.0,3.2727356918090407,0.0,0.0042719492795757,3.035352871915256,0.8665659562733823,0.0042719492795757,3.035352871915256,DTW4lag12,DTW4lag12_mixed,All_cities,warm_season_sensitivity,May-September warm-season days; non-heatwave days contribute zero,"5,6,7,8,9"
sensitivity_dtw4lag12,DTW4lag12 phenotype-stratified,warm_season_sensitivity,ssp585,2046,2041-2050,exceeded_quantity_night_all,exceeded_quantity,night,all,654.4285714285714,-8.66828752510923,9.058188143195451,28.859191491980187,1.5935766552373098,159.35766552373096,154.0713895152409,166.00617197131945,159.35756863734667,141.3108031963443,166.00617197131945,0.0,8.397468300600366,9.49953880360896,9.058188143195451,8.397468300600366,9.49953880360896,DTW4lag12,DTW4lag12_mixed,All_cities,warm_season_sensitivity,May-September warm-season days; non-heatwave days contribute zero,"5,6,7,8,9"
sensitivity_dtw4lag12,DTW4lag12 phenotype-stratified,warm_season_sensitivity,ssp585,2047,2041-2050,cehwi_composite_all,cehwi,composite,all,725.1111111111111,-0.8943415205240921,0.9165711431862164,2.490172371871632,0.0094164290118778,0.9416429011877826,0.0997894166886799,3.724190618690857,0.9215507626530718,0.0997336909745756,3.724190618690857,0.0,0.0985687292572832,3.3343871842720243,0.9165711431862164,0.0985687292572832,3.3343871842720243,DTW4lag12,DTW4lag12_mixed,All_cities,warm_season_sensitivity,May-September warm-season days; non-heatwave days contribute zero,"5,6,7,8,9"
sensitivity_dtw4lag12,DTW4lag12 phenotype-stratified,warm_season_sensitivity,ssp585,2047,2041-2050,cehwi_day_all,cehwi,day,all,834.6756756756756,-0.6834580319580261,0.7222745521415086,1.6020151051477292,0.0074638917342306,0.7463891734230603,9.694930155668028e-05,2.952374373903851,0.7386148586728539,0.0,2.952374373903851,0.0,9.668335114751015e-05,2.7316549164009536,0.7222745521415086,9.668335114751015e-05,2.7316549164009536,DTW4lag12,DTW4lag12_mixed,All_cities,warm_season_sensitivity,May-September warm-season days; non-heatwave days contribute zero,"5,6,7,8,9"
sensitivity_dtw4lag12,DTW4lag12 phenotype-stratified,warm_season_sensitivity,ssp585,2047,2041-2050,cehwi_night_all,cehwi,night,all,628.8412698412699,-5.154378750797497,5.26189746302162,15.026888347521457,0.1129198009702792,11.291980097027922,4.643186798775834,160.18163076909107,11.291980097027922,0.0,160.17896986177735,0.0,1.285296355738198,10.42173803477666,5.26189746302162,1.285296355738198,10.42173803477666,DTW4lag12,DTW4lag12_mixed,All_cities,warm_season_sensitivity,May-September warm-season days; non-heatwave days contribute zero,"5,6,7,8,9"
sensitivity_dtw4lag12,DTW4lag12 phenotype-stratified,warm_season_sensitivity,ssp585,2047,2041-2050,exceeded_quantity_composite_all,exceeded_quantity,composite,all,725.1111111111111,1.5686308654468788,0.8027157491828791,2.118696666363998,0.0082948619170992,0.8294861917099247,0.224450441359751,4.242251858323221,0.8269190450939071,0.224450441359751,4.242251858323221,0.0,0.2209192016778006,3.873608205170469,0.8027157491828791,0.2209192016778006,3.873608205170469,DTW4lag12,DTW4lag12_mixed,All_cities,warm_season_sensitivity,May-September warm-season days; non-heatwave days contribute zero,"5,6,7,8,9"
sensitivity_dtw4lag12,DTW4lag12 phenotype-stratified,warm_season_sensitivity,ssp585,2047,2041-2050,exceeded_quantity_day_all,exceeded_quantity,day,all,834.6756756756756,-0.9211277067291688,0.9583656080204428,2.316108337199174,0.0099236484280597,0.992364842805972,0.0025346014678755,3.585473558166348,0.9736912590046484,0.0,3.585473558166348,0.0,0.0024955794477571,3.3202735928417155,0.9583656080204428,0.0024955794477571,3.3202735928417155,DTW4lag12,DTW4lag12_mixed,All_cities,warm_season_sensitivity,May-September warm-season days; non-heatwave days contribute zero,"5,6,7,8,9"
sensitivity_dtw4lag12,DTW4lag12 phenotype-stratified,warm_season_sensitivity,ssp585,2047,2041-2050,exceeded_quantity_night_all,exceeded_quantity,night,all,628.8412698412699,-8.4951698932697,8.905608806780247,28.27218753355227,1.559999448195706,155.9999448195706,150.89734301103508,163.38679271492427,155.99987365614692,137.6708049169558,163.38679271492427,0.0,8.221144676286489,9.37352646114924,8.905608806780247,8.221144676286489,9.37352646114924,DTW4lag12,DTW4lag12_mixed,All_cities,warm_season_sensitivity,May-September warm-season days; non-heatwave days contribute zero,"5,6,7,8,9"
sensitivity_dtw4lag12,DTW4lag12 phenotype-stratified,warm_season_sensitivity,ssp585,2048,2041-2050,cehwi_composite_all,cehwi,composite,all,895.4603174603175,0.3241270430812278,1.3559598609624206,3.012474913882617,0.0140085698984439,1.4008569898443943,0.1659132857309835,6.26507198053373,1.2817911586652035,0.1314759063943184,6.26507198053373,0.0,0.1632472013337426,5.120511638063824,1.3559598609624206,0.1632472013337426,5.120511638063824,DTW4lag12,DTW4lag12_mixed,All_cities,warm_season_sensitivity,May-September warm-season days; non-heatwave days contribute zero,"5,6,7,8,9"
sensitivity_dtw4lag12,DTW4lag12 phenotype-stratified,warm_season_sensitivity,ssp585,2048,2041-2050,cehwi_day_all,cehwi,day,all,928.2972972972972,-0.7656867607255229,0.8141064615311334,1.6485216245222174,0.0083941181645613,0.8394118164561395,0.0023981644654344,3.3607066334893063,0.8306142362496906,0.0,3.3607066334893063,0.0,0.0023762321164171,3.121232146040073,0.8141064615311334,0.0023762321164171,3.121232146040073,DTW4lag12,DTW4lag12_mixed,All_cities,warm_season_sensitivity,May-September warm-season days; non-heatwave days contribute zero,"5,6,7,8,9"
sensitivity_dtw4lag12,DTW4lag12 phenotype-stratified,warm_season_sensitivity,ssp585,2048,2041-2050,cehwi_night_all,cehwi,night,all,642.984126984127,-5.609225936088418,5.717998734324892,16.560390663427004,0.1276621500771251,12.766215007712516,5.865437108411345,163.2805999431306,12.766215007712514,0.0,163.28036452195246,0.0,1.5674694521498471,10.789909406264496,5.717998734324892,1.5674694521498471,10.789909406264496,DTW4lag12,DTW4lag12_mixed,All_cities,warm_season_sensitivity,May-September warm-season days; non-heatwave days contribute zero,"5,6,7,8,9"
sensitivity_dtw4lag12,DTW4lag12 phenotype-stratified,warm_season_sensitivity,ssp585,2048,2041-2050,exceeded_quantity_composite_all,exceeded_quantity,composite,all,895.4603174603175,1.7156349785287144,1.1515762203624738,2.441824070611379,0.0119540491773191,1.19540491773192,0.3392344747578516,5.777973167637456,1.1813042203718658,0.3392344747578516,5.777973167637456,0.0,0.333008587958812,5.244827301918572,1.1515762203624738,0.333008587958812,5.244827301918572,DTW4lag12,DTW4lag12_mixed,All_cities,warm_season_sensitivity,May-September warm-season days; non-heatwave days contribute zero,"5,6,7,8,9"
sensitivity_dtw4lag12,DTW4lag12 phenotype-stratified,warm_season_sensitivity,ssp585,2048,2041-2050,exceeded_quantity_day_all,exceeded_quantity,day,all,928.2972972972972,-1.164253639155398,1.2055051426202918,2.6096771520979654,0.0125168814116457,1.251688141164571,0.006284662299829,4.416736042801469,1.212150049445206,0.0,4.416736042801469,0.0,0.0061775403520032,4.063048192818513,1.2055051426202918,0.0061775403520032,4.063048192818513,DTW4lag12,DTW4lag12_mixed,All_cities,warm_season_sensitivity,May-September warm-season days; non-heatwave days contribute zero,"5,6,7,8,9"
sensitivity_dtw4lag12,DTW4lag12 phenotype-stratified,warm_season_sensitivity,ssp585,2048,2041-2050,exceeded_quantity_night_all,exceeded_quantity,night,all,642.984126984127,-8.978259031965463,9.410583574149806,29.77595720616087,1.668155184058126,166.8155184058126,162.33882415167562,172.9221253382897,166.81548774285062,151.28807372803485,172.9221253382897,0.0,8.834989528018353,9.887953487533345,9.410583574149806,8.834989528018353,9.887953487533345,DTW4lag12,DTW4lag12_mixed,All_cities,warm_season_sensitivity,May-September warm-season days; non-heatwave days contribute zero,"5,6,7,8,9"
sensitivity_dtw4lag12,DTW4lag12 phenotype-stratified,warm_season_sensitivity,ssp585,2049,2041-2050,cehwi_composite_all,cehwi,composite,all,894.4920634920635,2.243117245256059,1.4534126347961729,3.2859998298110997,0.0155868807771698,1.5586880777169894,0.1433557773939184,7.87881015021902,1.3645454648988635,0.1413212308701944,7.87881015021902,7.980400137262882e-06,0.1413838586323434,5.653593905634352,1.453418432519454,0.1413838586323434,5.65359420038716,DTW4lag12,DTW4lag12_mixed,All_cities,warm_season_sensitivity,May-September warm-season days; non-heatwave days contribute zero,"5,6,7,8,9"
sensitivity_dtw4lag12,DTW4lag12 phenotype-stratified,warm_season_sensitivity,ssp585,2049,2041-2050,cehwi_day_all,cehwi,day,all,909.0675675675676,-0.9289385564328174,0.9858298183984284,1.9376524653152845,0.0103024902559798,1.0302490255979857,0.002149722420998,4.090711340958765,1.0135850528845958,0.0,4.090711340958765,0.0,0.0021216685209425,3.704565326864934,0.9858298183984284,0.0021216685209425,3.704565326864934,DTW4lag12,DTW4lag12_mixed,All_cities,warm_season_sensitivity,May-September warm-season days; non-heatwave days contribute zero,"5,6,7,8,9"
sensitivity_dtw4lag12,DTW4lag12 phenotype-stratified,warm_season_sensitivity,ssp585,2049,2041-2050,cehwi_night_all,cehwi,night,all,629.3809523809524,-4.602594718671842,4.688703697696627,14.912526540798371,0.0955021046250301,9.55021046250302,3.646138910980969,152.32593545283524,9.55021046250302,0.0,152.32592492326242,0.0,1.0621106275036254,9.691689728808631,4.688703697696627,1.0621106275036254,9.691689728808631,DTW4lag12,DTW4lag12_mixed,All_cities,warm_season_sensitivity,May-September warm-season days; non-heatwave days contribute zero,"5,6,7,8,9"
sensitivity_dtw4lag12,DTW4lag12 phenotype-stratified,warm_season_sensitivity,ssp585,2049,2041-2050,exceeded_quantity_composite_all,exceeded_quantity,composite,all,894.4920634920635,2.2479770442168583,1.085624701002914,2.431174620546798,0.0112515981376024,1.1251598137602443,0.2909371950097414,5.9984166496511735,1.104060215302318,0.2909371950097414,5.9984166496511735,0.0,0.2859867319469123,5.412505821828355,1.085624701002914,0.2859867319469123,5.412505821828355,DTW4lag12,DTW4lag12_mixed,All_cities,warm_season_sensitivity,May-September warm-season days; non-heatwave days contribute zero,"5,6,7,8,9"
sensitivity_dtw4lag12,DTW4lag12 phenotype-stratified,warm_season_sensitivity,ssp585,2049,2041-2050,exceeded_quantity_day_all,exceeded_quantity,day,all,909.0675675675676,-1.1862774788192618,1.2301912495992748,2.618207621547536,0.0127971752231521,1.2797175223152115,0.0082534362604208,4.504416892688292,1.2387154694734197,0.0,4.504416892688292,0.0,0.0080195800515404,4.133867587323535,1.2301912495992748,0.0080195800515404,4.133867587323535,DTW4lag12,DTW4lag12_mixed,All_cities,warm_season_sensitivity,May-September warm-season days; non-heatwave days contribute zero,"5,6,7,8,9"
sensitivity_dtw4lag12,DTW4lag12 phenotype-stratified,warm_season_sensitivity,ssp585,2049,2041-2050,exceeded_quantity_night_all,exceeded_quantity,night,all,629.3809523809524,-9.205592657158254,9.5583527064582,28.793989943655596,1.673741119602859,167.3741119602859,161.0297778512037,175.2419026058779,167.37405259249235,145.99857552196784,175.2419026058779,0.0,8.774696560915336,9.955827191169268,9.5583527064582,8.774696560915336,9.955827191169268,DTW4lag12,DTW4lag12_mixed,All_cities,warm_season_sensitivity,May-September warm-season days; non-heatwave days contribute zero,"5,6,7,8,9"
sensitivity_dtw4lag12,DTW4lag12 phenotype-stratified,warm_season_sensitivity,ssp585,2050,2041-2050,cehwi_composite_all,cehwi,composite,all,779.0793650793651,-1.0103076814542498,1.026209251315378,2.61873467288724,0.0105546815841562,1.0554681584156267,0.1202320187623895,4.075717985422791,1.041098871554103,0.1188170597866353,4.075717985422791,0.0,0.1185822526935265,3.647060353651784,1.026209251315378,0.1185822526935265,3.647060353651784,DTW4lag12,DTW4lag12_mixed,All_cities,warm_season_sensitivity,May-September warm-season days; non-heatwave days contribute zero,"5,6,7,8,9"
sensitivity_dtw4lag12,DTW4lag12 phenotype-stratified,warm_season_sensitivity,ssp585,2050,2041-2050,cehwi_day_all,cehwi,day,all,824.7837837837837,-0.5610671805072962,0.5949712939840499,1.3160977707645611,0.0061080002834017,0.6108000283401751,0.0002207701362357,2.549680729616531,0.6028141613410282,0.0,2.549680729616531,0.0,0.0002199931183321,2.3898314537266394,0.5949712939840499,0.0002199931183321,2.3898314537266394,DTW4lag12,DTW4lag12_mixed,All_cities,warm_season_sensitivity,May-September warm-season days; non-heatwave days contribute zero,"5,6,7,8,9"
sensitivity_dtw4lag12,DTW4lag12 phenotype-stratified,warm_season_sensitivity,ssp585,2050,2041-2050,cehwi_night_all,cehwi,night,all,625.015873015873,-4.878263649749548,4.979248860650646,15.095184954619231,0.0959465637885478,9.59465637885478,2.893390218502836,167.6257160299855,9.59465637885478,0.0,167.62565484758375,0.0,0.8722390222398891,10.45934956825661,4.979248860650646,0.8722390222398891,10.45934956825661,DTW4lag12,DTW4lag12_mixed,All_cities,warm_season_sensitivity,May-September warm-season days; non-heatwave days contribute zero,"5,6,7,8,9"
sensitivity_dtw4lag12,DTW4lag12 phenotype-stratified,warm_season_sensitivity,ssp585,2050,2041-2050,exceeded_quantity_composite_all,exceeded_quantity,composite,all,779.0793650793651,1.754625675753548,0.8888413754917989,2.1879539444552085,0.0091929371803689,0.9192937180368996,0.2556682305084986,4.627141030563404,0.9132902230636492,0.2556682305084986,4.627141030563404,0.0,0.2515092585304865,4.2193210777727685,0.8888413754917989,0.2515092585304865,4.2193210777727685,DTW4lag12,DTW4lag12_mixed,All_cities,warm_season_sensitivity,May-September warm-season days; non-heatwave days contribute zero,"5,6,7,8,9"
sensitivity_dtw4lag12,DTW4lag12 phenotype-stratified,warm_season_sensitivity,ssp585,2050,2041-2050,exceeded_quantity_day_all,exceeded_quantity,day,all,824.7837837837837,-0.8018498196439062,0.8462514112966115,2.0321227466833,0.0087306407874982,0.8730640787498222,0.0040517990993017,3.274230300908757,0.8391896521562793,0.0,3.274230300908757,0.0,0.0039870298693957,3.055336626586192,0.8462514112966115,0.0039870298693957,3.055336626586192,DTW4lag12,DTW4lag12_mixed,All_cities,warm_season_sensitivity,May-September warm-season days; non-heatwave days contribute zero,"5,6,7,8,9"
sensitivity_dtw4lag12,DTW4lag12 phenotype-stratified,warm_season_sensitivity,ssp585,2050,2041-2050,exceeded_quantity_night_all,exceeded_quantity,night,all,625.015873015873,-8.84446082050419,9.259018039473736,28.778792170694743,1.6261551765143616,162.6155176514362,157.10580646207714,169.81420037759628,162.61546586654373,143.17278544296587,169.81420037759628,0.0,8.551262003592457,9.738317916104329,9.259018039473736,8.551262003592457,9.738317916104329,DTW4lag12,DTW4lag12_mixed,All_cities,warm_season_sensitivity,May-September warm-season days; non-heatwave days contribute zero,"5,6,7,8,9"
