scope,scope_label,denominator_package,scenario,year,period,model_key,indicator,heatwave_type,activity_type,heatwave_days,signed_pa_change_percent_all_days,pa_loss_fraction_percent_all_days,pa_loss_fraction_percent_heatwave_days,asri_mean_all_days,annualized_asri_percent,annualized_asri_low_percent,annualized_asri_high_percent,benefit_adjusted_asri_percent,benefit_adjusted_asri_low_percent,benefit_adjusted_asri_high_percent,exposure_clipped_share,pa_loss_fraction_low_percent_all_days,pa_loss_fraction_high_percent_all_days,pa_loss_fraction_linear_tail_percent_all_days,pa_loss_fraction_linear_tail_low_percent_all_days,pa_loss_fraction_linear_tail_high_percent_all_days,curve_scope,partition_family,partition_name,denominator_id,denominator_label,denominator_months
primary_national,national pooled,annual_all_days_primary,ssp245,2025,2025-2030,cehwi_composite_all,cehwi,composite,all,385.9324324324325,-0.1848407081433486,0.1848407081433486,2.374161249943947,0.0018888840505366,0.1888884050536639,0.0058666644078997,0.3719101613231206,0.1888884050536639,0.0058666487842075,0.3719101613231206,0.0,0.0058618786281181,0.356537675626368,0.1848407081433486,0.0058618786281181,0.356537675626368,national,national,All_cities,annual_all_days_primary,All calendar-year days; non-heatwave days contribute zero,"1,2,3,4,5,6,7,8,9,10,11,12"
primary_national,national pooled,annual_all_days_primary,ssp245,2025,2025-2030,cehwi_day_all,cehwi,day,all,689.4324324324324,-0.1577058245222269,0.1577058245222269,1.0162914480556269,0.0015967601792329,0.1596760179232949,0.0005332721617367,0.3894400876839837,0.1596760179232949,0.0,0.3894400876839837,0.0,0.000530505003991,0.3787938459928755,0.1577058245222269,0.000530505003991,0.3787938459928755,national,national,All_cities,annual_all_days_primary,All calendar-year days; non-heatwave days contribute zero,"1,2,3,4,5,6,7,8,9,10,11,12"
primary_national,national pooled,annual_all_days_primary,ssp245,2025,2025-2030,cehwi_night_all,cehwi,night,all,398.97297297297297,0.0313967747409725,0.0,0.0,0.0,0.0,0.0,0.0387536533539274,0.0,0.0,0.0387536533539274,0.0,0.0,0.0385322295186916,0.0,0.0,0.0385322295186916,national,national,All_cities,annual_all_days_primary,All calendar-year days; non-heatwave days contribute zero,"1,2,3,4,5,6,7,8,9,10,11,12"
primary_national,national pooled,annual_all_days_primary,ssp245,2025,2025-2030,exceeded_quantity_composite_all,exceeded_quantity,composite,all,385.9324324324325,-0.1917248881689848,0.1917248881689848,2.809363918157449,0.0019514222566063,0.1951422256606372,0.0,0.4642939836423969,0.1951422256606372,0.0,0.4642939836423969,0.0,0.0,0.4457625245498025,0.1917248881689848,0.0,0.4457625245498025,national,national,All_cities,annual_all_days_primary,All calendar-year days; non-heatwave days contribute zero,"1,2,3,4,5,6,7,8,9,10,11,12"
primary_national,national pooled,annual_all_days_primary,ssp245,2025,2025-2030,exceeded_quantity_day_all,exceeded_quantity,day,all,689.4324324324324,-0.2406680100421549,0.2406680100421549,1.5948656490813329,0.0024473304805503,0.2447330480550379,0.0068507940118059,0.5519651603681904,0.2447330480550379,0.0,0.5519651603681904,0.0,0.0067823854359794,0.5341213282234073,0.2406680100421549,0.0067823854359794,0.5341213282234073,national,national,All_cities,annual_all_days_primary,All calendar-year days; non-heatwave days contribute zero,"1,2,3,4,5,6,7,8,9,10,11,12"
primary_national,national pooled,annual_all_days_primary,ssp245,2025,2025-2030,exceeded_quantity_night_all,exceeded_quantity,night,all,398.97297297297297,-0.0188382979321888,0.0188382979321888,0.2231296134104372,0.00018890510712,0.0188905107120014,0.0,0.1321052917108899,0.0188905107120014,0.0,0.1321052917108899,0.0,0.0,0.1302948319144783,0.0188382979321888,0.0,0.1302948319144783,national,national,All_cities,annual_all_days_primary,All calendar-year days; non-heatwave days contribute zero,"1,2,3,4,5,6,7,8,9,10,11,12"
primary_national,national pooled,annual_all_days_primary,ssp245,2026,2025-2030,cehwi_composite_all,cehwi,composite,all,388.3378378378378,-0.1788784840603447,0.1788784840603447,2.349611874934208,0.0018332971294668,0.1833297129466894,0.0057471636914631,0.3610051631118354,0.1833297129466894,0.0056542627815435,0.3610051631118354,0.0,0.0057417139808633,0.3441268386595439,0.1788784840603447,0.0057417139808633,0.3441268386595439,national,national,All_cities,annual_all_days_primary,All calendar-year days; non-heatwave days contribute zero,"1,2,3,4,5,6,7,8,9,10,11,12"
primary_national,national pooled,annual_all_days_primary,ssp245,2026,2025-2030,cehwi_day_all,cehwi,day,all,729.1081081081081,-0.2124910352817394,0.2124910352817394,1.2572700915655888,0.0021583663780572,0.2158366378057206,0.0018275405525333,0.5124770834115184,0.2158366378057206,0.0,0.5124770834115184,0.0,0.0018175550952236,0.4957031092744134,0.2124910352817394,0.0018175550952236,0.4957031092744134,national,national,All_cities,annual_all_days_primary,All calendar-year days; non-heatwave days contribute zero,"1,2,3,4,5,6,7,8,9,10,11,12"
primary_national,national pooled,annual_all_days_primary,ssp245,2026,2025-2030,cehwi_night_all,cehwi,night,all,394.0,0.0281785265773557,0.0,0.0,0.0,0.0,0.0,0.0345715403892542,0.0,0.0,0.0345715403892542,0.0,0.0,0.034386703608477,0.0,0.0,0.034386703608477,national,national,All_cities,annual_all_days_primary,All calendar-year days; non-heatwave days contribute zero,"1,2,3,4,5,6,7,8,9,10,11,12"
primary_national,national pooled,annual_all_days_primary,ssp245,2026,2025-2030,exceeded_quantity_composite_all,exceeded_quantity,composite,all,388.3378378378378,-0.1688647204715024,0.1688647204715024,2.7250838152209624,0.0017176789532676,0.171767895326766,0.0,0.4094851104460103,0.171767895326766,0.0,0.4094851104460103,0.0,0.0,0.3936640137924806,0.1688647204715024,0.0,0.3936640137924806,national,national,All_cities,annual_all_days_primary,All calendar-year days; non-heatwave days contribute zero,"1,2,3,4,5,6,7,8,9,10,11,12"
primary_national,national pooled,annual_all_days_primary,ssp245,2026,2025-2030,exceeded_quantity_day_all,exceeded_quantity,day,all,729.1081081081081,-0.2714164908801805,0.2714164908801805,1.6526613954742757,0.0027677403125726,0.2767740312572694,0.0142772986985626,0.6144786279619355,0.2767740312572694,0.0039773667433017,0.6144786279619355,0.0,0.0140075869688316,0.5930225705501783,0.2714164908801805,0.0140075869688316,0.5930225705501783,national,national,All_cities,annual_all_days_primary,All calendar-year days; non-heatwave days contribute zero,"1,2,3,4,5,6,7,8,9,10,11,12"
primary_national,national pooled,annual_all_days_primary,ssp245,2026,2025-2030,exceeded_quantity_night_all,exceeded_quantity,night,all,394.0,-0.0184335768454788,0.0184335768454788,0.2015985695225876,0.0001850654144253,0.0185065414425341,0.0,0.1254162286623905,0.0185065414425341,0.0,0.1254162286623905,0.0,0.0,0.123623861935531,0.0184335768454788,0.0,0.123623861935531,national,national,All_cities,annual_all_days_primary,All calendar-year days; non-heatwave days contribute zero,"1,2,3,4,5,6,7,8,9,10,11,12"
primary_national,national pooled,annual_all_days_primary,ssp245,2027,2025-2030,cehwi_composite_all,cehwi,composite,all,427.6486486486487,-0.2243932660566069,0.2243932660566069,2.6051087709799408,0.0023002766478135,0.2300276647813526,0.0073283647429826,0.4528200335279855,0.2300276647813526,0.00723529603472,0.4528200335279855,0.0,0.0073213308648884,0.4314739158146812,0.2243932660566069,0.0073213308648884,0.4314739158146812,national,national,All_cities,annual_all_days_primary,All calendar-year days; non-heatwave days contribute zero,"1,2,3,4,5,6,7,8,9,10,11,12"
primary_national,national pooled,annual_all_days_primary,ssp245,2027,2025-2030,cehwi_day_all,cehwi,day,all,881.5945945945946,-0.2466870823024458,0.2466870823024457,1.1924190091190148,0.0025079023161953,0.2507902316195303,0.0050227319798549,0.5917169128364596,0.2507902316195303,0.0,0.5917169128364596,0.0,0.004982484733117,0.5721365512068968,0.2466870823024457,0.004982484733117,0.5721365512068968,national,national,All_cities,annual_all_days_primary,All calendar-year days; non-heatwave days contribute zero,"1,2,3,4,5,6,7,8,9,10,11,12"
primary_national,national pooled,annual_all_days_primary,ssp245,2027,2025-2030,cehwi_night_all,cehwi,night,all,395.3108108108109,0.0314393786478761,0.0,0.0,0.0,0.0,0.0,0.0383787724796556,0.0,0.0,0.0383787724796556,0.0,0.0,0.0381778038887665,0.0,0.0,0.0381778038887665,national,national,All_cities,annual_all_days_primary,All calendar-year days; non-heatwave days contribute zero,"1,2,3,4,5,6,7,8,9,10,11,12"
primary_national,national pooled,annual_all_days_primary,ssp245,2027,2025-2030,exceeded_quantity_composite_all,exceeded_quantity,composite,all,427.6486486486487,-0.2314509710322823,0.2314509710322823,3.0035951629551776,0.0023615783398118,0.2361578339811839,0.0,0.5570944324193771,0.2361578339811839,0.0,0.5570944324193771,0.0,0.0,0.532198595862108,0.2314509710322823,0.0,0.532198595862108,national,national,All_cities,annual_all_days_primary,All calendar-year days; non-heatwave days contribute zero,"1,2,3,4,5,6,7,8,9,10,11,12"
primary_national,national pooled,annual_all_days_primary,ssp245,2027,2025-2030,exceeded_quantity_day_all,exceeded_quantity,day,all,881.5945945945946,-0.3548475733833002,0.3548475733833002,1.788751919031322,0.0036209160528117,0.3620916052811763,0.0188053939359172,0.797649887113953,0.3620916052811763,0.0022955555566691,0.797649887113953,0.0,0.0184704057636142,0.7686040847233127,0.3548475733833002,0.0184704057636142,0.7686040847233127,national,national,All_cities,annual_all_days_primary,All calendar-year days; non-heatwave days contribute zero,"1,2,3,4,5,6,7,8,9,10,11,12"
primary_national,national pooled,annual_all_days_primary,ssp245,2027,2025-2030,exceeded_quantity_night_all,exceeded_quantity,night,all,395.3108108108109,-0.0194834940284587,0.0194834940284587,0.2241755712436453,0.000195385436545,0.0195385436545034,0.0,0.1371942239404139,0.0195385436545034,0.0,0.1371942239404139,0.0,0.0,0.1353015190632643,0.0194834940284587,0.0,0.1353015190632643,national,national,All_cities,annual_all_days_primary,All calendar-year days; non-heatwave days contribute zero,"1,2,3,4,5,6,7,8,9,10,11,12"
primary_national,national pooled,annual_all_days_primary,ssp245,2028,2025-2030,cehwi_composite_all,cehwi,composite,all,405.8378378378378,-0.2005586760353357,0.2005586760353357,2.466567301358284,0.0020551504316078,0.2055150431607804,0.0061920864473338,0.4054681757396898,0.2055150431607804,0.0055619105818713,0.4054681757396898,0.0,0.0061865335379253,0.3865491060090442,0.2005586760353357,0.0061865335379253,0.3865491060090442,national,national,All_cities,annual_all_days_primary,All calendar-year days; non-heatwave days contribute zero,"1,2,3,4,5,6,7,8,9,10,11,12"
primary_national,national pooled,annual_all_days_primary,ssp245,2028,2025-2030,cehwi_day_all,cehwi,day,all,921.2432432432432,-0.2752738870911587,0.2752738870911587,1.322820570288631,0.0027996913241922,0.279969132419224,0.0062326212358598,0.6579474669818474,0.279969132419224,0.0011563427687448,0.6579474669818474,0.0,0.0061766371726916,0.6357623332164114,0.2752738870911587,0.0061766371726916,0.6357623332164114,national,national,All_cities,annual_all_days_primary,All calendar-year days; non-heatwave days contribute zero,"1,2,3,4,5,6,7,8,9,10,11,12"
primary_national,national pooled,annual_all_days_primary,ssp245,2028,2025-2030,cehwi_night_all,cehwi,night,all,390.4054054054054,0.0306724853937744,0.0,0.0,0.0,0.0,0.0,0.0375808542940423,0.0,0.0,0.0375808542940423,0.0,0.0,0.0373752891712627,0.0,0.0,0.0373752891712627,national,national,All_cities,annual_all_days_primary,All calendar-year days; non-heatwave days contribute zero,"1,2,3,4,5,6,7,8,9,10,11,12"
primary_national,national pooled,annual_all_days_primary,ssp245,2028,2025-2030,exceeded_quantity_composite_all,exceeded_quantity,composite,all,405.8378378378378,-0.2069329393498802,0.2069329393498802,2.969795788520558,0.0021093480069002,0.2109348006900235,0.0,0.4992010227995996,0.2109348006900235,0.0,0.4992010227995996,0.0,0.0,0.4778429160137933,0.2069329393498802,0.0,0.4778429160137933,national,national,All_cities,annual_all_days_primary,All calendar-year days; non-heatwave days contribute zero,"1,2,3,4,5,6,7,8,9,10,11,12"
primary_national,national pooled,annual_all_days_primary,ssp245,2028,2025-2030,exceeded_quantity_day_all,exceeded_quantity,day,all,921.2432432432432,-0.3678523156088799,0.3678523156088799,1.8183067449189343,0.0037532463480603,0.3753246348060393,0.0197453405098545,0.8282292836904573,0.3753246348060393,0.0069223370599518,0.8282292836904573,0.0,0.0193714519255057,0.7984338503603975,0.3678523156088799,0.0193714519255057,0.7984338503603975,national,national,All_cities,annual_all_days_primary,All calendar-year days; non-heatwave days contribute zero,"1,2,3,4,5,6,7,8,9,10,11,12"
primary_national,national pooled,annual_all_days_primary,ssp245,2028,2025-2030,exceeded_quantity_night_all,exceeded_quantity,night,all,390.4054054054054,-0.0191137842855456,0.0191137842855456,0.2065692542923367,0.0001916756958462,0.0191675695846282,0.0,0.1329104759380028,0.0191675695846282,0.0,0.1329104759380028,0.0,0.0,0.1310579646367082,0.0191137842855456,0.0,0.1310579646367082,national,national,All_cities,annual_all_days_primary,All calendar-year days; non-heatwave days contribute zero,"1,2,3,4,5,6,7,8,9,10,11,12"
primary_national,national pooled,annual_all_days_primary,ssp245,2029,2025-2030,cehwi_composite_all,cehwi,composite,all,445.2837837837838,-0.2383846372698489,0.2383846372698489,2.8832892793976423,0.0024457323889147,0.244573238891471,0.0076759921792864,0.481784475138672,0.244573238891471,0.0073620026442703,0.481784475138672,0.0,0.0076685866104889,0.4582860647491047,0.2383846372698489,0.0076685866104889,0.4582860647491047,national,national,All_cities,annual_all_days_primary,All calendar-year days; non-heatwave days contribute zero,"1,2,3,4,5,6,7,8,9,10,11,12"
primary_national,national pooled,annual_all_days_primary,ssp245,2029,2025-2030,cehwi_day_all,cehwi,day,all,896.1351351351351,-0.3089263730275627,0.3089263730275627,1.6105663044434009,0.0031546787959786,0.3154678795978623,0.0121600287286526,0.7145849944295616,0.3154678795978623,3.2217190462760154e-05,0.7145849944295616,0.0,0.0120565876174354,0.6863127771051208,0.3089263730275627,0.0120565876174354,0.6863127771051208,national,national,All_cities,annual_all_days_primary,All calendar-year days; non-heatwave days contribute zero,"1,2,3,4,5,6,7,8,9,10,11,12"
primary_national,national pooled,annual_all_days_primary,ssp245,2029,2025-2030,cehwi_night_all,cehwi,night,all,390.9594594594595,0.0384633462238655,0.0,0.0,0.0,0.0,0.0,0.0521269645202472,0.0,0.0,0.0521269645202472,0.0,0.0,0.0516280661429296,0.0,0.0,0.0516280661429296,national,national,All_cities,annual_all_days_primary,All calendar-year days; non-heatwave days contribute zero,"1,2,3,4,5,6,7,8,9,10,11,12"
primary_national,national pooled,annual_all_days_primary,ssp245,2029,2025-2030,exceeded_quantity_composite_all,exceeded_quantity,composite,all,445.2837837837838,-0.2465094263626005,0.2465094263626005,3.4281292070852696,0.0025191227788973,0.2519122778897323,3.209434204362391e-05,0.5916013166873978,0.2519122778897323,0.0,0.5916013166873978,0.0,3.1852528825261365e-05,0.5634949539668505,0.2465094263626005,3.1852528825261365e-05,0.5634949539668505,national,national,All_cities,annual_all_days_primary,All calendar-year days; non-heatwave days contribute zero,"1,2,3,4,5,6,7,8,9,10,11,12"
primary_national,national pooled,annual_all_days_primary,ssp245,2029,2025-2030,exceeded_quantity_day_all,exceeded_quantity,day,all,896.1351351351351,-0.371253451231784,0.371253451231784,1.9354794547002452,0.003792607149078,0.3792607149078039,0.022224561429285,0.830021884393419,0.3792607149078039,0.0008580339774471,0.830021884393419,0.0,0.0218198343748044,0.7985845696705799,0.371253451231784,0.0218198343748044,0.7985845696705799,national,national,All_cities,annual_all_days_primary,All calendar-year days; non-heatwave days contribute zero,"1,2,3,4,5,6,7,8,9,10,11,12"
primary_national,national pooled,annual_all_days_primary,ssp245,2029,2025-2030,exceeded_quantity_night_all,exceeded_quantity,night,all,390.9594594594595,-0.0217525983893214,0.0217525983893214,0.2360138025413344,0.0002183386479346,0.0218338647934616,0.0,0.1450846584136081,0.0218338647934616,0.0,0.1450846584136081,0.0,0.0,0.1428641978306047,0.0217525983893214,0.0,0.1428641978306047,national,national,All_cities,annual_all_days_primary,All calendar-year days; non-heatwave days contribute zero,"1,2,3,4,5,6,7,8,9,10,11,12"
primary_national,national pooled,annual_all_days_primary,ssp245,2030,2025-2030,cehwi_composite_all,cehwi,composite,all,476.7702702702703,-0.3090967848009701,0.3090967848009701,3.2034752639303936,0.0031958517621312,0.3195851762131253,0.0080384873449688,0.6681318998554772,0.3195851762131253,0.0054371437013444,0.6681318998554772,0.0,0.0080302937392687,0.6161529315493097,0.3090967848009701,0.0080302937392687,0.6161529315493097,national,national,All_cities,annual_all_days_primary,All calendar-year days; non-heatwave days contribute zero,"1,2,3,4,5,6,7,8,9,10,11,12"
primary_national,national pooled,annual_all_days_primary,ssp245,2030,2025-2030,cehwi_day_all,cehwi,day,all,815.472972972973,-0.2377318736878683,0.2377318736878683,1.3022267630781068,0.0024211567336898,0.2421156733689864,0.0061799223960897,0.5627291115424636,0.2421156733689864,0.0,0.5627291115424636,0.0,0.0061237138523974,0.5425742230496173,0.2377318736878683,0.0061237138523974,0.5425742230496173,national,national,All_cities,annual_all_days_primary,All calendar-year days; non-heatwave days contribute zero,"1,2,3,4,5,6,7,8,9,10,11,12"
primary_national,national pooled,annual_all_days_primary,ssp245,2030,2025-2030,cehwi_night_all,cehwi,night,all,347.27027027027026,0.0263121633998548,0.0,0.0,0.0,0.0,0.0,0.0326364662692828,0.0,0.0,0.0326364662692828,0.0,0.0,0.0324460767089425,0.0,0.0,0.0324460767089425,national,national,All_cities,annual_all_days_primary,All calendar-year days; non-heatwave days contribute zero,"1,2,3,4,5,6,7,8,9,10,11,12"
primary_national,national pooled,annual_all_days_primary,ssp245,2030,2025-2030,exceeded_quantity_composite_all,exceeded_quantity,composite,all,476.7702702702703,-0.3039875585236539,0.3039875585236539,3.641230499763988,0.0031223649809795,0.3122364980979559,0.0003193647819913,0.723594561317106,0.3122364980979559,0.0,0.723594561317106,0.0,0.0003170935959205,0.6820107544846046,0.3039875585236539,0.0003170935959205,0.6820107544846046,national,national,All_cities,annual_all_days_primary,All calendar-year days; non-heatwave days contribute zero,"1,2,3,4,5,6,7,8,9,10,11,12"
primary_national,national pooled,annual_all_days_primary,ssp245,2030,2025-2030,exceeded_quantity_day_all,exceeded_quantity,day,all,815.472972972973,-0.339595877516687,0.3395958775166871,1.93867544133543,0.0034733177104505,0.3473317710450566,0.0233930535220339,0.750003196842689,0.3473317710450565,0.0061638187889399,0.750003196842689,0.0,0.0229902666297383,0.7204549974466241,0.3395958775166871,0.0229902666297383,0.7204549974466241,national,national,All_cities,annual_all_days_primary,All calendar-year days; non-heatwave days contribute zero,"1,2,3,4,5,6,7,8,9,10,11,12"
primary_national,national pooled,annual_all_days_primary,ssp245,2030,2025-2030,exceeded_quantity_night_all,exceeded_quantity,night,all,347.27027027027026,-0.0182934475925737,0.0182934475925737,0.2308867547181815,0.0001836999408266,0.0183699940826638,0.0,0.1220874243269597,0.0183699940826638,0.0,0.1220874243269597,0.0,0.0,0.1202390124331664,0.0182934475925737,0.0,0.1202390124331664,national,national,All_cities,annual_all_days_primary,All calendar-year days; non-heatwave days contribute zero,"1,2,3,4,5,6,7,8,9,10,11,12"
primary_national,national pooled,annual_all_days_primary,ssp245,2031,2031-2040,cehwi_composite_all,cehwi,composite,all,389.94594594594594,-0.2175486849256515,0.2175486849256515,2.498321971090278,0.0022373045828525,0.223730458285257,0.0064652166982298,0.4460489804678605,0.223730458285257,0.0057881583238858,0.4460489804678605,0.0,0.0064585196078387,0.4218689742957928,0.2175486849256515,0.0064585196078387,0.4218689742957928,national,national,All_cities,annual_all_days_primary,All calendar-year days; non-heatwave days contribute zero,"1,2,3,4,5,6,7,8,9,10,11,12"
primary_national,national pooled,annual_all_days_primary,ssp245,2031,2031-2040,cehwi_day_all,cehwi,day,all,823.3783783783783,-0.2238081740861664,0.2238081740861664,1.1925073856533637,0.0022707147764379,0.2270714776437978,0.0017639832468765,0.5441861084811354,0.2270714776437978,0.0,0.5441861084811354,0.0,0.0017545169204896,0.5275067859234097,0.2238081740861664,0.0017545169204896,0.5275067859234097,national,national,All_cities,annual_all_days_primary,All calendar-year days; non-heatwave days contribute zero,"1,2,3,4,5,6,7,8,9,10,11,12"
primary_national,national pooled,annual_all_days_primary,ssp245,2031,2031-2040,cehwi_night_all,cehwi,night,all,350.2567567567568,0.030342032090362,0.0,0.0,0.0,0.0,0.0,0.0378767287642366,0.0,0.0,0.0378767287642366,0.0,0.0,0.0376429879869053,0.0,0.0,0.0376429879869053,national,national,All_cities,annual_all_days_primary,All calendar-year days; non-heatwave days contribute zero,"1,2,3,4,5,6,7,8,9,10,11,12"
primary_national,national pooled,annual_all_days_primary,ssp245,2031,2031-2040,exceeded_quantity_composite_all,exceeded_quantity,composite,all,389.94594594594594,-0.2049726860750151,0.2049726860750151,2.849689810708496,0.0020933350817562,0.2093335081756259,0.0,0.4926038010926765,0.2093335081756259,0.0,0.4926038010926765,0.0,0.0,0.4697571620445234,0.2049726860750151,0.0,0.4697571620445234,national,national,All_cities,annual_all_days_primary,All calendar-year days; non-heatwave days contribute zero,"1,2,3,4,5,6,7,8,9,10,11,12"
primary_national,national pooled,annual_all_days_primary,ssp245,2031,2031-2040,exceeded_quantity_day_all,exceeded_quantity,day,all,823.3783783783783,-0.3017505718499265,0.3017505718499265,1.6394885991610766,0.0030714354565944,0.3071435456594474,0.0119274329135334,0.6904009916850132,0.3071435456594474,0.0004934507663296,0.6904009916850132,0.0,0.011729052568352,0.6676364132056976,0.3017505718499265,0.011729052568352,0.6676364132056976,national,national,All_cities,annual_all_days_primary,All calendar-year days; non-heatwave days contribute zero,"1,2,3,4,5,6,7,8,9,10,11,12"
primary_national,national pooled,annual_all_days_primary,ssp245,2031,2031-2040,exceeded_quantity_night_all,exceeded_quantity,night,all,350.2567567567568,-0.0185653750138775,0.0185653750138775,0.2149678468968909,0.0001861296990197,0.0186129699019742,0.0,0.1309517209961228,0.0186129699019742,0.0,0.1309517209961228,0.0,0.0,0.1291245243836784,0.0185653750138775,0.0,0.1291245243836784,national,national,All_cities,annual_all_days_primary,All calendar-year days; non-heatwave days contribute zero,"1,2,3,4,5,6,7,8,9,10,11,12"
primary_national,national pooled,annual_all_days_primary,ssp245,2032,2031-2040,cehwi_composite_all,cehwi,composite,all,296.3783783783784,-0.1388925796284053,0.1388925796284053,2.3807687036459773,0.0014172263735916,0.1417226373591622,0.0043283818853325,0.2791168928329921,0.1417226373591622,0.0043283818853325,0.2791168928329921,0.0,0.0043250998451003,0.2683577072510527,0.1388925796284053,0.0043250998451003,0.2683577072510527,national,national,All_cities,annual_all_days_primary,All calendar-year days; non-heatwave days contribute zero,"1,2,3,4,5,6,7,8,9,10,11,12"
primary_national,national pooled,annual_all_days_primary,ssp245,2032,2031-2040,cehwi_day_all,cehwi,day,all,634.7027027027027,-0.1658911962840835,0.1658911962840835,1.051199764711385,0.00168253866542,0.1682538665420014,0.0009544661350467,0.4038607410173271,0.1682538665420014,0.0,0.4038607410173271,0.0,0.0009495435127756,0.3917636973393403,0.1658911962840835,0.0009495435127756,0.3917636973393403,national,national,All_cities,annual_all_days_primary,All calendar-year days; non-heatwave days contribute zero,"1,2,3,4,5,6,7,8,9,10,11,12"
primary_national,national pooled,annual_all_days_primary,ssp245,2032,2031-2040,cehwi_night_all,cehwi,night,all,336.81081081081084,0.0273142359772617,0.0,0.0,0.0,0.0,0.0,0.0342762982759632,0.0,0.0,0.0342762982759632,0.0,0.0,0.0340562393313488,0.0,0.0,0.0340562393313488,national,national,All_cities,annual_all_days_primary,All calendar-year days; non-heatwave days contribute zero,"1,2,3,4,5,6,7,8,9,10,11,12"
primary_national,national pooled,annual_all_days_primary,ssp245,2032,2031-2040,exceeded_quantity_composite_all,exceeded_quantity,composite,all,296.3783783783784,-0.1393146827076769,0.1393146827076769,2.8785681713553197,0.0014155728986782,0.1415572898678279,0.0,0.338418773037947,0.1415572898678279,0.0,0.338418773037947,0.0,0.0,0.3261387792146706,0.1393146827076769,0.0,0.3261387792146706,national,national,All_cities,annual_all_days_primary,All calendar-year days; non-heatwave days contribute zero,"1,2,3,4,5,6,7,8,9,10,11,12"
primary_national,national pooled,annual_all_days_primary,ssp245,2032,2031-2040,exceeded_quantity_day_all,exceeded_quantity,day,all,634.7027027027027,-0.2216309084348468,0.2216309084348468,1.4457892828903365,0.0022545802511404,0.2254580251140486,0.0091248318967552,0.5087869117498368,0.2254580251140486,0.0001430341736922,0.5087869117498368,0.0,0.0089871167240022,0.4927089171526032,0.2216309084348468,0.0089871167240022,0.4927089171526032,national,national,All_cities,annual_all_days_primary,All calendar-year days; non-heatwave days contribute zero,"1,2,3,4,5,6,7,8,9,10,11,12"
primary_national,national pooled,annual_all_days_primary,ssp245,2032,2031-2040,exceeded_quantity_night_all,exceeded_quantity,night,all,336.81081081081084,-0.0167243638374636,0.0167243638374636,0.2256788609404691,0.0001678125542125,0.0167812554212511,0.0,0.1145202512837819,0.0167812554212511,0.0,0.1145202512837819,0.0,0.0,0.1128688181174451,0.0167243638374636,0.0,0.1128688181174451,national,national,All_cities,annual_all_days_primary,All calendar-year days; non-heatwave days contribute zero,"1,2,3,4,5,6,7,8,9,10,11,12"
primary_national,national pooled,annual_all_days_primary,ssp245,2033,2031-2040,cehwi_composite_all,cehwi,composite,all,406.4324324324325,-0.1951991803075377,0.1951991803075377,2.492164162388802,0.0019993102135536,0.1999310213553649,0.0060224189227597,0.39439256364341,0.1999310213553649,0.0055305813422992,0.39439256364341,0.0,0.0060170292365997,0.3763412938614806,0.1951991803075377,0.0060170292365997,0.3763412938614806,national,national,All_cities,annual_all_days_primary,All calendar-year days; non-heatwave days contribute zero,"1,2,3,4,5,6,7,8,9,10,11,12"
primary_national,national pooled,annual_all_days_primary,ssp245,2033,2031-2040,cehwi_day_all,cehwi,day,all,827.3378378378378,-0.198813757760435,0.198813757760435,1.0630435441585984,0.0020136303682512,0.2013630368251262,0.0012518094013355,0.4889883565177219,0.2013630368251262,0.0,0.4889883565177219,0.0,0.0012451044764483,0.475551752108922,0.198813757760435,0.0012451044764483,0.475551752108922,national,national,All_cities,annual_all_days_primary,All calendar-year days; non-heatwave days contribute zero,"1,2,3,4,5,6,7,8,9,10,11,12"
primary_national,national pooled,annual_all_days_primary,ssp245,2033,2031-2040,cehwi_night_all,cehwi,night,all,359.8783783783784,0.0243271759234616,0.0,0.0,0.0,0.0,0.0,0.0303128657493063,0.0,0.0,0.0303128657493063,0.0,0.0,0.0301335009000799,0.0,0.0,0.0301335009000799,national,national,All_cities,annual_all_days_primary,All calendar-year days; non-heatwave days contribute zero,"1,2,3,4,5,6,7,8,9,10,11,12"
primary_national,national pooled,annual_all_days_primary,ssp245,2033,2031-2040,exceeded_quantity_composite_all,exceeded_quantity,composite,all,406.4324324324325,-0.2044648328607996,0.2044648328607995,2.959475757833109,0.0020841780137668,0.2084178013766813,1.644709675319005e-06,0.4933187264298024,0.2084178013766813,0.0,0.4933187264298024,0.0,1.637788088708169e-06,0.4722994897488146,0.2044648328607995,1.637788088708169e-06,0.4722994897488146,national,national,All_cities,annual_all_days_primary,All calendar-year days; non-heatwave days contribute zero,"1,2,3,4,5,6,7,8,9,10,11,12"
primary_national,national pooled,annual_all_days_primary,ssp245,2033,2031-2040,exceeded_quantity_day_all,exceeded_quantity,day,all,827.3378378378378,-0.279478643526342,0.279478643526342,1.5396729972972003,0.0028399745723704,0.2839974572370428,0.0082529932311228,0.6472569856155096,0.2839974572370428,0.0,0.6472569856155096,0.0,0.0081098300329325,0.627402212908992,0.279478643526342,0.0081098300329325,0.627402212908992,national,national,All_cities,annual_all_days_primary,All calendar-year days; non-heatwave days contribute zero,"1,2,3,4,5,6,7,8,9,10,11,12"
primary_national,national pooled,annual_all_days_primary,ssp245,2033,2031-2040,exceeded_quantity_night_all,exceeded_quantity,night,all,359.8783783783784,-0.0142047043997877,0.0142047043997877,0.2167621804227632,0.0001424227984784,0.0142422798478412,0.0,0.1017308505500229,0.0142422798478412,0.0,0.1017308505500229,0.0,0.0,0.1004511756697727,0.0142047043997877,0.0,0.1004511756697727,national,national,All_cities,annual_all_days_primary,All calendar-year days; non-heatwave days contribute zero,"1,2,3,4,5,6,7,8,9,10,11,12"
primary_national,national pooled,annual_all_days_primary,ssp245,2034,2031-2040,cehwi_composite_all,cehwi,composite,all,399.4189189189189,-0.18961034725524,0.18961034725524,2.369299244451685,0.0019402459663969,0.1940245966396971,0.0061219828636266,0.3819342965951542,0.1940245966396971,0.0061148966842403,0.3819342965951542,0.0,0.0061165073419685,0.3652036787956522,0.18961034725524,0.0061165073419685,0.3652036787956522,national,national,All_cities,annual_all_days_primary,All calendar-year days; non-heatwave days contribute zero,"1,2,3,4,5,6,7,8,9,10,11,12"
primary_national,national pooled,annual_all_days_primary,ssp245,2034,2031-2040,cehwi_day_all,cehwi,day,all,721.6756756756756,-0.1527276626271035,0.1527276626271035,0.9126612655015232,0.0015446170925639,0.1544617092563943,0.0002634670311153,0.3793688058028417,0.1544617092563943,0.0,0.3793688058028417,0.0,0.0002623355412577,0.3698315324834388,0.1527276626271035,0.0002623355412577,0.3698315324834388,national,national,All_cities,annual_all_days_primary,All calendar-year days; non-heatwave days contribute zero,"1,2,3,4,5,6,7,8,9,10,11,12"
primary_national,national pooled,annual_all_days_primary,ssp245,2034,2031-2040,cehwi_night_all,cehwi,night,all,383.8648648648648,0.0266092257549033,0.0,0.0,0.0,0.0,0.0,0.0330963023788851,0.0,0.0,0.0330963023788851,0.0,0.0,0.0329086588406924,0.0,0.0,0.0329086588406924,national,national,All_cities,annual_all_days_primary,All calendar-year days; non-heatwave days contribute zero,"1,2,3,4,5,6,7,8,9,10,11,12"
primary_national,national pooled,annual_all_days_primary,ssp245,2034,2031-2040,exceeded_quantity_composite_all,exceeded_quantity,composite,all,399.4189189189189,-0.1857440078904941,0.1857440078904941,2.7788529972123293,0.0018892168926037,0.1889216892603777,0.0,0.4503826233398068,0.1889216892603777,0.0,0.4503826233398068,0.0,0.0,0.4330628776728092,0.1857440078904941,0.0,0.4330628776728092,national,national,All_cities,annual_all_days_primary,All calendar-year days; non-heatwave days contribute zero,"1,2,3,4,5,6,7,8,9,10,11,12"
primary_national,national pooled,annual_all_days_primary,ssp245,2034,2031-2040,exceeded_quantity_day_all,exceeded_quantity,day,all,721.6756756756756,-0.2361096537550962,0.2361096537550962,1.4539812866800204,0.002399998608604,0.2399998608604093,0.0078781395157137,0.5460883711294187,0.2399998608604093,0.0,0.5460883711294187,0.0,0.0077494651761965,0.5293069298786846,0.2361096537550962,0.0077494651761965,0.5293069298786846,national,national,All_cities,annual_all_days_primary,All calendar-year days; non-heatwave days contribute zero,"1,2,3,4,5,6,7,8,9,10,11,12"
primary_national,national pooled,annual_all_days_primary,ssp245,2034,2031-2040,exceeded_quantity_night_all,exceeded_quantity,night,all,383.8648648648648,-0.0172754079953022,0.0172754079953022,0.2220110937645255,0.000173171109517,0.0173171109517092,0.0,0.1233208231151127,0.0173171109517092,0.0,0.1233208231151127,0.0,0.0,0.1216683103635765,0.0172754079953022,0.0,0.1216683103635765,national,national,All_cities,annual_all_days_primary,All calendar-year days; non-heatwave days contribute zero,"1,2,3,4,5,6,7,8,9,10,11,12"
primary_national,national pooled,annual_all_days_primary,ssp245,2035,2031-2040,cehwi_composite_all,cehwi,composite,all,345.9054054054054,-0.156593390134537,0.156593390134537,2.5277825915986964,0.0016037100225798,0.1603710022579872,0.005157211654791,0.3155849753513327,0.1603710022579872,0.0051570291646422,0.3155849753513327,0.0,0.0051523472682214,0.3012850308915055,0.156593390134537,0.0051523472682214,0.3012850308915055,national,national,All_cities,annual_all_days_primary,All calendar-year days; non-heatwave days contribute zero,"1,2,3,4,5,6,7,8,9,10,11,12"
primary_national,national pooled,annual_all_days_primary,ssp245,2035,2031-2040,cehwi_day_all,cehwi,day,all,670.5,-0.1941371980777354,0.1941371980777354,1.2075360201667813,0.0019736221572994,0.1973622157299444,0.004624854753482,0.4650360583330332,0.1973622157299444,0.0009974153379822,0.4650360583330332,0.0,0.0045845808342347,0.4498998568775277,0.1941371980777354,0.0045845808342347,0.4498998568775277,national,national,All_cities,annual_all_days_primary,All calendar-year days; non-heatwave days contribute zero,"1,2,3,4,5,6,7,8,9,10,11,12"
primary_national,national pooled,annual_all_days_primary,ssp245,2035,2031-2040,cehwi_night_all,cehwi,night,all,377.05405405405406,0.0292418286205694,0.0,0.0,0.0,0.0,0.0,0.0360190655954533,0.0,0.0,0.0360190655954533,0.0,0.0,0.0358190079822308,0.0,0.0,0.0358190079822308,national,national,All_cities,annual_all_days_primary,All calendar-year days; non-heatwave days contribute zero,"1,2,3,4,5,6,7,8,9,10,11,12"
primary_national,national pooled,annual_all_days_primary,ssp245,2035,2031-2040,exceeded_quantity_composite_all,exceeded_quantity,composite,all,345.9054054054054,-0.15101200753723,0.15101200753723,2.858380971927782,0.0015364264343678,0.1536426434367832,0.0,0.3658078926119065,0.1536426434367832,0.0,0.3658078926119065,0.0,0.0,0.3516257277573629,0.15101200753723,0.0,0.3516257277573629,national,national,All_cities,annual_all_days_primary,All calendar-year days; non-heatwave days contribute zero,"1,2,3,4,5,6,7,8,9,10,11,12"
primary_national,national pooled,annual_all_days_primary,ssp245,2035,2031-2040,exceeded_quantity_day_all,exceeded_quantity,day,all,670.5,-0.2542273731778801,0.2542273731778801,1.6325475092218826,0.0025907794603405,0.2590779460340525,0.0127183824161387,0.578386289583917,0.2590779460340525,0.0006492154564523,0.578386289583917,0.0,0.0124936284453313,0.5586261368388795,0.2542273731778801,0.0124936284453313,0.5586261368388795,national,national,All_cities,annual_all_days_primary,All calendar-year days; non-heatwave days contribute zero,"1,2,3,4,5,6,7,8,9,10,11,12"
primary_national,national pooled,annual_all_days_primary,ssp245,2035,2031-2040,exceeded_quantity_night_all,exceeded_quantity,night,all,377.05405405405406,-0.0168653554999348,0.0168653554999348,0.1986329975797216,0.0001690882543145,0.0169088254314587,0.0,0.1209146784972732,0.0169088254314587,0.0,0.1209146784972732,0.0,0.0,0.1193763897270056,0.0168653554999348,0.0,0.1193763897270056,national,national,All_cities,annual_all_days_primary,All calendar-year days; non-heatwave days contribute zero,"1,2,3,4,5,6,7,8,9,10,11,12"
primary_national,national pooled,annual_all_days_primary,ssp245,2036,2031-2040,cehwi_composite_all,cehwi,composite,all,457.05405405405406,-0.2079793363069979,0.2079793363069979,2.4450806300250583,0.0021285933392783,0.2128593339278312,0.0064888008346587,0.419476831830826,0.2128593339278311,0.0062418360248366,0.419476831830826,0.0,0.0064831859941433,0.4009159522207893,0.2079793363069979,0.0064831859941433,0.4009159522207893,national,national,All_cities,annual_all_days_primary,All calendar-year days; non-heatwave days contribute zero,"1,2,3,4,5,6,7,8,9,10,11,12"
primary_national,national pooled,annual_all_days_primary,ssp245,2036,2031-2040,cehwi_day_all,cehwi,day,all,914.5945945945946,-0.2424602752280509,0.2424602752280509,1.2170574637399574,0.0024601396763451,0.2460139676345142,0.0027490092505548,0.5895512058991046,0.2460139676345142,0.0,0.5895512058991046,0.0,0.0027301250435064,0.5715984140846762,0.2424602752280509,0.0027301250435064,0.5715984140846762,national,national,All_cities,annual_all_days_primary,All calendar-year days; non-heatwave days contribute zero,"1,2,3,4,5,6,7,8,9,10,11,12"
primary_national,national pooled,annual_all_days_primary,ssp245,2036,2031-2040,cehwi_night_all,cehwi,night,all,406.2702702702703,0.0324359714273305,0.0,0.0,0.0,0.0,0.0,0.0395050231024239,0.0,0.0,0.0395050231024239,0.0,0.0,0.039302114636051,0.0,0.0,0.039302114636051,national,national,All_cities,annual_all_days_primary,All calendar-year days; non-heatwave days contribute zero,"1,2,3,4,5,6,7,8,9,10,11,12"
primary_national,national pooled,annual_all_days_primary,ssp245,2036,2031-2040,exceeded_quantity_composite_all,exceeded_quantity,composite,all,457.05405405405406,-0.2258311131880012,0.2258311131880012,2.903147791979648,0.0023030524294171,0.2303052429417123,1.4547993518571034e-05,0.5442075751385127,0.2303052429417123,0.0,0.5442075751385127,0.0,1.4452325929542012e-05,0.5205183130568158,0.2258311131880012,1.4452325929542012e-05,0.5205183130568158,national,national,All_cities,annual_all_days_primary,All calendar-year days; non-heatwave days contribute zero,"1,2,3,4,5,6,7,8,9,10,11,12"
primary_national,national pooled,annual_all_days_primary,ssp245,2036,2031-2040,exceeded_quantity_day_all,exceeded_quantity,day,all,914.5945945945946,-0.3236562772050297,0.3236562772050297,1.6801462327615506,0.0032909764872632,0.3290976487263247,0.0097055613722008,0.7450809484340563,0.3290976487263247,0.0,0.7450809484340563,0.0,0.0095607713949307,0.7212333374234849,0.3236562772050297,0.0095607713949307,0.7212333374234849,national,national,All_cities,annual_all_days_primary,All calendar-year days; non-heatwave days contribute zero,"1,2,3,4,5,6,7,8,9,10,11,12"
primary_national,national pooled,annual_all_days_primary,ssp245,2036,2031-2040,exceeded_quantity_night_all,exceeded_quantity,night,all,406.2702702702703,-0.0204938054373743,0.0204938054373743,0.2214973829956165,0.0002055184245119,0.0205518424511907,0.0,0.1431497561777912,0.0205518424511907,0.0,0.1431497561777912,0.0,0.0,0.1411502212955465,0.0204938054373743,0.0,0.1411502212955465,national,national,All_cities,annual_all_days_primary,All calendar-year days; non-heatwave days contribute zero,"1,2,3,4,5,6,7,8,9,10,11,12"
primary_national,national pooled,annual_all_days_primary,ssp245,2037,2031-2040,cehwi_composite_all,cehwi,composite,all,375.5945945945946,-0.182148309475669,0.182148309475669,2.510090631312707,0.0018659052305006,0.1865905230500691,0.0057572259737422,0.3677924562579878,0.1865905230500691,0.0053885898421506,0.3677924562579878,0.0,0.0057519945354691,0.3508831154479658,0.182148309475669,0.0057519945354691,0.3508831154479658,national,national,All_cities,annual_all_days_primary,All calendar-year days; non-heatwave days contribute zero,"1,2,3,4,5,6,7,8,9,10,11,12"
primary_national,national pooled,annual_all_days_primary,ssp245,2037,2031-2040,cehwi_day_all,cehwi,day,all,818.2162162162163,-0.1888740788884816,0.1888740788884816,1.0413297936524308,0.0019116301798997,0.1911630179899709,9.954095614415548e-05,0.4681250704205372,0.1911630179899709,0.0,0.4681250704205372,0.0,9.92152181393192e-05,0.4554512105083627,0.1888740788884816,9.92152181393192e-05,0.4554512105083627,national,national,All_cities,annual_all_days_primary,All calendar-year days; non-heatwave days contribute zero,"1,2,3,4,5,6,7,8,9,10,11,12"
primary_national,national pooled,annual_all_days_primary,ssp245,2037,2031-2040,cehwi_night_all,cehwi,night,all,373.6486486486487,0.0312166628737252,0.0,0.0,0.0,0.0,0.0,0.0390291312654741,0.0,0.0,0.0390291312654741,0.0,0.0,0.0387855270285951,0.0,0.0,0.0387855270285951,national,national,All_cities,annual_all_days_primary,All calendar-year days; non-heatwave days contribute zero,"1,2,3,4,5,6,7,8,9,10,11,12"
primary_national,national pooled,annual_all_days_primary,ssp245,2037,2031-2040,exceeded_quantity_composite_all,exceeded_quantity,composite,all,375.5945945945946,-0.1835882576718551,0.1835882576718551,3.021419008448056,0.0018700290510695,0.187002905106952,0.0,0.4436495449788772,0.187002905106952,0.0,0.4436495449788772,0.0,0.0,0.4253209028082394,0.1835882576718551,0.0,0.4253209028082394,national,national,All_cities,annual_all_days_primary,All calendar-year days; non-heatwave days contribute zero,"1,2,3,4,5,6,7,8,9,10,11,12"
primary_national,national pooled,annual_all_days_primary,ssp245,2037,2031-2040,exceeded_quantity_day_all,exceeded_quantity,day,all,818.2162162162163,-0.2693808826791291,0.2693808826791291,1.5352426934601715,0.0027374751364351,0.2737475136435101,0.0082277637601534,0.62268057648991,0.2737475136435101,0.0,0.62268057648991,0.0,0.0081144835806612,0.6035266016039177,0.2693808826791291,0.0081144835806612,0.6035266016039177,national,national,All_cities,annual_all_days_primary,All calendar-year days; non-heatwave days contribute zero,"1,2,3,4,5,6,7,8,9,10,11,12"
primary_national,national pooled,annual_all_days_primary,ssp245,2037,2031-2040,exceeded_quantity_night_all,exceeded_quantity,night,all,373.6486486486487,-0.0207877579008984,0.0207877579008984,0.2199524290287904,0.0002086193875867,0.0208619387586794,0.0,0.1388626740988292,0.0208619387586794,0.0,0.1388626740988292,0.0,0.0,0.1367394317309037,0.0207877579008984,0.0,0.1367394317309037,national,national,All_cities,annual_all_days_primary,All calendar-year days; non-heatwave days contribute zero,"1,2,3,4,5,6,7,8,9,10,11,12"
primary_national,national pooled,annual_all_days_primary,ssp245,2038,2031-2040,cehwi_composite_all,cehwi,composite,all,490.1351351351352,-0.2904476340766982,0.2904476340766982,3.007378122571427,0.0029863508686226,0.2986350868622605,0.008713279570722,0.5921566534356942,0.2986350868622605,0.0067754169336444,0.5921566534356942,0.0,0.0087045235563048,0.5605194416551776,0.2904476340766982,0.0087045235563048,0.5605194416551776,national,national,All_cities,annual_all_days_primary,All calendar-year days; non-heatwave days contribute zero,"1,2,3,4,5,6,7,8,9,10,11,12"
primary_national,national pooled,annual_all_days_primary,ssp245,2038,2031-2040,cehwi_day_all,cehwi,day,all,800.6216216216217,-0.2248083015109586,0.2248083015109586,1.2518613790732191,0.0022829623811363,0.2282962381136335,0.0023982612683905,0.5426189152504992,0.2282962381136336,0.0,0.5426189152504992,0.0,0.0023831117899946,0.525292342966218,0.2248083015109586,0.0023831117899946,0.525292342966218,national,national,All_cities,annual_all_days_primary,All calendar-year days; non-heatwave days contribute zero,"1,2,3,4,5,6,7,8,9,10,11,12"
primary_national,national pooled,annual_all_days_primary,ssp245,2038,2031-2040,cehwi_night_all,cehwi,night,all,393.02702702702703,0.0272531811671345,0.0,0.0,0.0,0.0,0.0,0.0337283703914532,0.0,0.0,0.0337283703914532,0.0,0.0,0.03353863435645,0.0,0.0,0.03353863435645,national,national,All_cities,annual_all_days_primary,All calendar-year days; non-heatwave days contribute zero,"1,2,3,4,5,6,7,8,9,10,11,12"
primary_national,national pooled,annual_all_days_primary,ssp245,2038,2031-2040,exceeded_quantity_composite_all,exceeded_quantity,composite,all,490.1351351351352,-0.2706291767504544,0.2706291767504544,3.193733338754954,0.0027639869331586,0.2763986933158664,1.162684860975112e-05,0.6505128047625046,0.2763986933158664,0.0,0.6505128047625046,0.0,1.153718343373216e-05,0.6202826918985114,0.2706291767504544,1.153718343373216e-05,0.6202826918985114,national,national,All_cities,annual_all_days_primary,All calendar-year days; non-heatwave days contribute zero,"1,2,3,4,5,6,7,8,9,10,11,12"
primary_national,national pooled,annual_all_days_primary,ssp245,2038,2031-2040,exceeded_quantity_day_all,exceeded_quantity,day,all,800.6216216216217,-0.3193483549748427,0.3193483549748427,1.823734895259536,0.0032578479719514,0.3257847971951472,0.0165908748557121,0.7189358140581157,0.3257847971951472,0.0008051619204661,0.7189358140581157,0.0,0.0162879321450374,0.6931296606362232,0.3193483549748427,0.0162879321450374,0.6931296606362232,national,national,All_cities,annual_all_days_primary,All calendar-year days; non-heatwave days contribute zero,"1,2,3,4,5,6,7,8,9,10,11,12"
primary_national,national pooled,annual_all_days_primary,ssp245,2038,2031-2040,exceeded_quantity_night_all,exceeded_quantity,night,all,393.02702702702703,-0.0186024054282418,0.0186024054282418,0.2132106038187689,0.0001865857201193,0.0186585720119376,0.0,0.1284909789475849,0.0186585720119376,0.0,0.1284909789475849,0.0,0.0,0.126672092787454,0.0186024054282418,0.0,0.126672092787454,national,national,All_cities,annual_all_days_primary,All calendar-year days; non-heatwave days contribute zero,"1,2,3,4,5,6,7,8,9,10,11,12"
primary_national,national pooled,annual_all_days_primary,ssp245,2039,2031-2040,cehwi_composite_all,cehwi,composite,all,530.2972972972973,-0.2863566382252449,0.2863566382252448,2.903920453789861,0.0029420561505791,0.2942056150579186,0.0087428848328684,0.5825642548923926,0.2942056150579186,0.0070366223378144,0.5825642548923926,0.0,0.0087341794599408,0.5523615427168599,0.2863566382252448,0.0087341794599408,0.5523615427168599,national,national,All_cities,annual_all_days_primary,All calendar-year days; non-heatwave days contribute zero,"1,2,3,4,5,6,7,8,9,10,11,12"
primary_national,national pooled,annual_all_days_primary,ssp245,2039,2031-2040,cehwi_day_all,cehwi,day,all,880.581081081081,-0.2223245086668579,0.2223245086668579,1.1264482632772297,0.0022511144944718,0.2251114494471805,0.000451492140992,0.5492440925188273,0.2251114494471805,0.0,0.5492440925188273,0.0,0.0004496130527515,0.5340700418433455,0.2223245086668579,0.0004496130527515,0.5340700418433455,national,national,All_cities,annual_all_days_primary,All calendar-year days; non-heatwave days contribute zero,"1,2,3,4,5,6,7,8,9,10,11,12"
primary_national,national pooled,annual_all_days_primary,ssp245,2039,2031-2040,cehwi_night_all,cehwi,night,all,368.9594594594595,0.0270029302775674,0.0,0.0,0.0,0.0,0.0,0.0324921296935704,0.0,0.0,0.0324921296935704,0.0,0.0,0.0323473049970983,0.0,0.0,0.0323473049970983,national,national,All_cities,annual_all_days_primary,All calendar-year days; non-heatwave days contribute zero,"1,2,3,4,5,6,7,8,9,10,11,12"
primary_national,national pooled,annual_all_days_primary,ssp245,2039,2031-2040,exceeded_quantity_composite_all,exceeded_quantity,composite,all,530.2972972972973,-0.2666200496044209,0.2666200496044209,3.261161950973665,0.0027187523372311,0.2718752337231179,0.0,0.6429826039294471,0.2718752337231179,0.0,0.6429826039294471,0.0,0.0,0.614955967702717,0.2666200496044209,0.0,0.614955967702717,national,national,All_cities,annual_all_days_primary,All calendar-year days; non-heatwave days contribute zero,"1,2,3,4,5,6,7,8,9,10,11,12"
primary_national,national pooled,annual_all_days_primary,ssp245,2039,2031-2040,exceeded_quantity_day_all,exceeded_quantity,day,all,880.581081081081,-0.3107852218912028,0.3107852218912028,1.6462860912970452,0.00315624880227,0.3156248802270082,0.0068214801163232,0.721517282134894,0.3156248802270082,0.0,0.721517282134894,0.0,0.0067281495451188,0.6995441292418986,0.3107852218912028,0.0067281495451188,0.6995441292418986,national,national,All_cities,annual_all_days_primary,All calendar-year days; non-heatwave days contribute zero,"1,2,3,4,5,6,7,8,9,10,11,12"
primary_national,national pooled,annual_all_days_primary,ssp245,2039,2031-2040,exceeded_quantity_night_all,exceeded_quantity,night,all,368.9594594594595,-0.0163547788972827,0.0163547788972827,0.2173968391551165,0.0001638852189194,0.0163885218919456,0.0,0.1201918316405745,0.0163885218919456,0.0,0.1201918316405745,0.0,0.0,0.1186837055326395,0.0163547788972827,0.0,0.1186837055326395,national,national,All_cities,annual_all_days_primary,All calendar-year days; non-heatwave days contribute zero,"1,2,3,4,5,6,7,8,9,10,11,12"
primary_national,national pooled,annual_all_days_primary,ssp245,2040,2031-2040,cehwi_composite_all,cehwi,composite,all,421.52702702702703,-0.2362317080345565,0.2362317080345565,2.9065500745246493,0.0024287124290461,0.2428712429046149,0.0073168098726354,0.4813390960707919,0.2428712429046149,0.0055841635942876,0.4813390960707919,0.0,0.0073092407202066,0.4557224577761086,0.2362317080345565,0.0073092407202066,0.4557224577761086,national,national,All_cities,annual_all_days_primary,All calendar-year days; non-heatwave days contribute zero,"1,2,3,4,5,6,7,8,9,10,11,12"
primary_national,national pooled,annual_all_days_primary,ssp245,2040,2031-2040,cehwi_day_all,cehwi,day,all,873.0945945945946,-0.3380708504212562,0.3380708504212562,1.5790909081396318,0.0034661220088325,0.3466122008832569,0.0223278877582242,0.766443627600312,0.3466122008832569,0.006000787691296,0.766443627600312,0.0,0.0220758681535555,0.7321572098773423,0.3380708504212562,0.0220758681535555,0.7321572098773423,national,national,All_cities,annual_all_days_primary,All calendar-year days; non-heatwave days contribute zero,"1,2,3,4,5,6,7,8,9,10,11,12"
primary_national,national pooled,annual_all_days_primary,ssp245,2040,2031-2040,cehwi_night_all,cehwi,night,all,429.85135135135135,0.0253826106531045,0.0,0.0,0.0,0.0,0.0,0.030752437744756,0.0,0.0,0.030752437744756,0.0,0.0,0.0306171607669528,0.0,0.0,0.0306171607669528,national,national,All_cities,annual_all_days_primary,All calendar-year days; non-heatwave days contribute zero,"1,2,3,4,5,6,7,8,9,10,11,12"
primary_national,national pooled,annual_all_days_primary,ssp245,2040,2031-2040,exceeded_quantity_composite_all,exceeded_quantity,composite,all,421.52702702702703,-0.2157938583422001,0.2157938583422001,3.2829973725801382,0.0022025100129262,0.2202510012926223,1.227710773741369e-05,0.5188342923383545,0.2202510012926223,0.0,0.5188342923383545,0.0,1.2177906871675337e-05,0.4954020160838105,0.2157938583422001,1.2177906871675337e-05,0.4954020160838105,national,national,All_cities,annual_all_days_primary,All calendar-year days; non-heatwave days contribute zero,"1,2,3,4,5,6,7,8,9,10,11,12"
primary_national,national pooled,annual_all_days_primary,ssp245,2040,2031-2040,exceeded_quantity_day_all,exceeded_quantity,day,all,873.0945945945946,-0.3473440386836727,0.3473440386836727,1.807175137593084,0.0035414439380862,0.354144393808622,0.0158231336734569,0.7866527181694056,0.354144393808622,0.0030474594161206,0.7866527181694056,0.0,0.0155239091385028,0.7588627367606928,0.3473440386836727,0.0155239091385028,0.7588627367606928,national,national,All_cities,annual_all_days_primary,All calendar-year days; non-heatwave days contribute zero,"1,2,3,4,5,6,7,8,9,10,11,12"
primary_national,national pooled,annual_all_days_primary,ssp245,2040,2031-2040,exceeded_quantity_night_all,exceeded_quantity,night,all,429.85135135135135,-0.0162774185719104,0.0162774185719104,0.1970466377034867,0.0001631316922351,0.0163131692235135,0.0,0.1191323508967873,0.0163131692235135,0.0,0.1191323508967873,0.0,0.0,0.1176783184889323,0.0162774185719104,0.0,0.1176783184889323,national,national,All_cities,annual_all_days_primary,All calendar-year days; non-heatwave days contribute zero,"1,2,3,4,5,6,7,8,9,10,11,12"
primary_national,national pooled,annual_all_days_primary,ssp245,2041,2041-2050,cehwi_composite_all,cehwi,composite,all,526.1486486486486,-0.2684797328116939,0.2684797328116938,2.624027112559615,0.0027538951838758,0.2753895183875871,0.0085036415743631,0.5431259644307643,0.2753895183875871,0.0078341557098745,0.5431259644307643,0.0,0.0084954400422472,0.516800487150309,0.2684797328116938,0.0084954400422472,0.516800487150309,national,national,All_cities,annual_all_days_primary,All calendar-year days; non-heatwave days contribute zero,"1,2,3,4,5,6,7,8,9,10,11,12"
primary_national,national pooled,annual_all_days_primary,ssp245,2041,2041-2050,cehwi_day_all,cehwi,day,all,846.6081081081081,-0.2068688402820073,0.2068688402820073,1.1304370074909635,0.0020967788730396,0.2096778873039614,0.0012058051873632,0.5069305087163718,0.2096778873039614,0.0,0.5069305087163718,0.0,0.0011995478640954,0.492165723925529,0.2068688402820073,0.0011995478640954,0.492165723925529,national,national,All_cities,annual_all_days_primary,All calendar-year days; non-heatwave days contribute zero,"1,2,3,4,5,6,7,8,9,10,11,12"
primary_national,national pooled,annual_all_days_primary,ssp245,2041,2041-2050,cehwi_night_all,cehwi,night,all,440.72972972972974,0.0357782975085019,0.0,0.0,0.0,0.0,0.0,0.0441774332842656,0.0,0.0,0.0441774332842656,0.0,0.0,0.0439266196950287,0.0,0.0,0.0439266196950287,national,national,All_cities,annual_all_days_primary,All calendar-year days; non-heatwave days contribute zero,"1,2,3,4,5,6,7,8,9,10,11,12"
primary_national,national pooled,annual_all_days_primary,ssp245,2041,2041-2050,exceeded_quantity_composite_all,exceeded_quantity,composite,all,526.1486486486486,-0.2490234679609801,0.2490234679609801,2.8930033001153506,0.002535831646654,0.2535831646654091,0.0,0.6025110331822116,0.2535831646654091,0.0,0.6025110331822116,0.0,0.0,0.5779680348705352,0.2490234679609801,0.0,0.5779680348705352,national,national,All_cities,annual_all_days_primary,All calendar-year days; non-heatwave days contribute zero,"1,2,3,4,5,6,7,8,9,10,11,12"
primary_national,national pooled,annual_all_days_primary,ssp245,2041,2041-2050,exceeded_quantity_day_all,exceeded_quantity,day,all,846.6081081081081,-0.2804864151844234,0.2804864151844234,1.565083723269629,0.0028499285262541,0.2849928526254152,0.0079813554917934,0.6490343358172432,0.2849928526254152,0.0005555326922386,0.6490343358172432,0.0,0.0078703504377514,0.6290931438762459,0.2804864151844234,0.0078703504377514,0.6290931438762459,national,national,All_cities,annual_all_days_primary,All calendar-year days; non-heatwave days contribute zero,"1,2,3,4,5,6,7,8,9,10,11,12"
primary_national,national pooled,annual_all_days_primary,ssp245,2041,2041-2050,exceeded_quantity_night_all,exceeded_quantity,night,all,440.72972972972974,-0.023191059298578,0.023191059298578,0.2367086594736315,0.0002327303481564,0.0232730348156439,0.0,0.1568410549946346,0.0232730348156439,0.0,0.1568410549946346,0.0,0.0,0.1545420135843542,0.023191059298578,0.0,0.1545420135843542,national,national,All_cities,annual_all_days_primary,All calendar-year days; non-heatwave days contribute zero,"1,2,3,4,5,6,7,8,9,10,11,12"
primary_national,national pooled,annual_all_days_primary,ssp245,2042,2041-2050,cehwi_composite_all,cehwi,composite,all,581.1486486486486,-0.4060455928935321,0.4060455928935321,3.412315217751086,0.0041900966905252,0.419009669052527,0.0109554083188836,0.8547940117759297,0.419009669052527,0.006543361082441,0.8547940117759297,0.0,0.010942891955267,0.8012193441668783,0.4060455928935321,0.010942891955267,0.8012193441668783,national,national,All_cities,annual_all_days_primary,All calendar-year days; non-heatwave days contribute zero,"1,2,3,4,5,6,7,8,9,10,11,12"
primary_national,national pooled,annual_all_days_primary,ssp245,2042,2041-2050,cehwi_day_all,cehwi,day,all,851.5,-0.3022719297090627,0.3022719297090626,1.6012412042426325,0.0030823273755401,0.3082327375540133,0.0081035199969891,0.7083329047724987,0.3082327375540133,0.0013926356551837,0.7083329047724987,0.0,0.0080335409930253,0.6811801425500991,0.3022719297090626,0.0080335409930253,0.6811801425500991,national,national,All_cities,annual_all_days_primary,All calendar-year days; non-heatwave days contribute zero,"1,2,3,4,5,6,7,8,9,10,11,12"
primary_national,national pooled,annual_all_days_primary,ssp245,2042,2041-2050,cehwi_night_all,cehwi,night,all,426.22972972972974,0.0266242181742365,0.0,0.0,0.0,0.0,0.0,0.0318511472265112,0.0,0.0,0.0318511472265112,0.0,0.0,0.0317273172196897,0.0,0.0,0.0317273172196897,national,national,All_cities,annual_all_days_primary,All calendar-year days; non-heatwave days contribute zero,"1,2,3,4,5,6,7,8,9,10,11,12"
primary_national,national pooled,annual_all_days_primary,ssp245,2042,2041-2050,exceeded_quantity_composite_all,exceeded_quantity,composite,all,581.1486486486486,-0.3665094475683121,0.3665094475683121,3.60977055152338,0.0037596021247462,0.3759602124746259,0.0003843859329082,0.8731014301613252,0.3759602124746259,0.0,0.8731014301613252,0.0,0.000381648777621,0.8254238827596002,0.3665094475683121,0.000381648777621,0.8254238827596002,national,national,All_cities,annual_all_days_primary,All calendar-year days; non-heatwave days contribute zero,"1,2,3,4,5,6,7,8,9,10,11,12"
primary_national,national pooled,annual_all_days_primary,ssp245,2042,2041-2050,exceeded_quantity_day_all,exceeded_quantity,day,all,851.5,-0.3510616162820496,0.3510616162820496,1.9124678272670812,0.0035796918928896,0.3579691892889664,0.0161540856999872,0.7919919922551639,0.3579691892889663,0.0,0.7919919922551639,0.0,0.0158913355667546,0.7636730027480889,0.3510616162820496,0.0158913355667546,0.7636730027480889,national,national,All_cities,annual_all_days_primary,All calendar-year days; non-heatwave days contribute zero,"1,2,3,4,5,6,7,8,9,10,11,12"
primary_national,national pooled,annual_all_days_primary,ssp245,2042,2041-2050,exceeded_quantity_night_all,exceeded_quantity,night,all,426.22972972972974,-0.017368043263469,0.017368043263469,0.2027518307015856,0.0001740673358865,0.0174067335886526,0.0,0.1269256655459336,0.0174067335886526,0.0,0.1269256655459336,0.0,0.0,0.1253638373763205,0.017368043263469,0.0,0.1253638373763205,national,national,All_cities,annual_all_days_primary,All calendar-year days; non-heatwave days contribute zero,"1,2,3,4,5,6,7,8,9,10,11,12"
primary_national,national pooled,annual_all_days_primary,ssp245,2043,2041-2050,cehwi_composite_all,cehwi,composite,all,467.2972972972973,-0.2401731200205191,0.2401731200205191,2.619882664091871,0.0024634780737824,0.2463478073782473,0.0072235815612823,0.4866222417738914,0.2463478073782473,0.0064137113967394,0.4866222417738914,0.0,0.0072169125171347,0.4629805469821708,0.2401731200205191,0.0072169125171347,0.4629805469821708,national,national,All_cities,annual_all_days_primary,All calendar-year days; non-heatwave days contribute zero,"1,2,3,4,5,6,7,8,9,10,11,12"
primary_national,national pooled,annual_all_days_primary,ssp245,2043,2041-2050,cehwi_day_all,cehwi,day,all,679.6216216216217,-0.1990183736236148,0.1990183736236147,1.1561308929719878,0.0020220709120096,0.2022070912009643,0.0026201086256081,0.4783223710473056,0.2022070912009643,0.0,0.4783223710473056,0.0,0.0026031333919448,0.4627485020142073,0.1990183736236147,0.0026031333919448,0.4627485020142073,national,national,All_cities,annual_all_days_primary,All calendar-year days; non-heatwave days contribute zero,"1,2,3,4,5,6,7,8,9,10,11,12"
primary_national,national pooled,annual_all_days_primary,ssp245,2043,2041-2050,cehwi_night_all,cehwi,night,all,474.22972972972974,0.036277461375252,0.0,0.0,0.0,0.0,0.0,0.0453858214949444,0.0,0.0,0.0453858214949444,0.0,0.0,0.0451027179034673,0.0,0.0,0.0451027179034673,national,national,All_cities,annual_all_days_primary,All calendar-year days; non-heatwave days contribute zero,"1,2,3,4,5,6,7,8,9,10,11,12"
primary_national,national pooled,annual_all_days_primary,ssp245,2043,2041-2050,exceeded_quantity_composite_all,exceeded_quantity,composite,all,467.2972972972973,-0.2293664821086376,0.2293664821086376,2.854929263020724,0.0023357487534796,0.2335748753479641,0.0,0.5549368647572508,0.2335748753479641,0.0,0.5549368647572508,0.0,0.0,0.5322470307660127,0.2293664821086376,0.0,0.5322470307660127,national,national,All_cities,annual_all_days_primary,All calendar-year days; non-heatwave days contribute zero,"1,2,3,4,5,6,7,8,9,10,11,12"
primary_national,national pooled,annual_all_days_primary,ssp245,2043,2041-2050,exceeded_quantity_day_all,exceeded_quantity,day,all,679.6216216216217,-0.2645056366618287,0.2645056366618287,1.6245457498274976,0.0026914105059604,0.2691410505960474,0.0091404755364479,0.606208822111365,0.2691410505960474,0.0019601021826642,0.606208822111365,0.0,0.0089911053936297,0.5863100362639091,0.2645056366618287,0.0089911053936297,0.5863100362639091,national,national,All_cities,annual_all_days_primary,All calendar-year days; non-heatwave days contribute zero,"1,2,3,4,5,6,7,8,9,10,11,12"
primary_national,national pooled,annual_all_days_primary,ssp245,2043,2041-2050,exceeded_quantity_night_all,exceeded_quantity,night,all,474.22972972972974,-0.023083714509652,0.023083714509652,0.2453953735635656,0.0002316004558744,0.0231600455874467,0.0,0.157165127250444,0.0231600455874467,0.0,0.157165127250444,0.0,0.0,0.154871303643463,0.023083714509652,0.0,0.154871303643463,national,national,All_cities,annual_all_days_primary,All calendar-year days; non-heatwave days contribute zero,"1,2,3,4,5,6,7,8,9,10,11,12"
primary_national,national pooled,annual_all_days_primary,ssp245,2044,2041-2050,cehwi_composite_all,cehwi,composite,all,433.47297297297297,-0.2229115298058325,0.2229115298058325,2.657761202963857,0.0022860352493104,0.2286035249310408,0.0071265733110705,0.450483969724076,0.2286035249310408,0.0067352076317868,0.450483969724076,0.0,0.0071197417653511,0.4288492974053989,0.2229115298058325,0.0071197417653511,0.4288492974053989,national,national,All_cities,annual_all_days_primary,All calendar-year days; non-heatwave days contribute zero,"1,2,3,4,5,6,7,8,9,10,11,12"
primary_national,national pooled,annual_all_days_primary,ssp245,2044,2041-2050,cehwi_day_all,cehwi,day,all,771.7702702702703,-0.2420310246621642,0.2420310246621642,1.2060306019931963,0.0024640679899763,0.2464067989976347,0.0056210011991888,0.5729604570284601,0.2464067989976347,0.0,0.5729604570284601,0.0,0.005577728701734,0.5526808138952525,0.2420310246621642,0.005577728701734,0.5526808138952525,national,national,All_cities,annual_all_days_primary,All calendar-year days; non-heatwave days contribute zero,"1,2,3,4,5,6,7,8,9,10,11,12"
primary_national,national pooled,annual_all_days_primary,ssp245,2044,2041-2050,cehwi_night_all,cehwi,night,all,409.4864864864865,0.0291484853347612,0.0,0.0,0.0,0.0,0.0,0.0359026389828683,0.0,0.0,0.0359026389828683,0.0,0.0,0.035706700624558,0.0,0.0,0.035706700624558,national,national,All_cities,annual_all_days_primary,All calendar-year days; non-heatwave days contribute zero,"1,2,3,4,5,6,7,8,9,10,11,12"
primary_national,national pooled,annual_all_days_primary,ssp245,2044,2041-2050,exceeded_quantity_composite_all,exceeded_quantity,composite,all,433.47297297297297,-0.217555584435414,0.217555584435414,2.932688809599777,0.0022178691111493,0.2217869111149384,0.0,0.5248109054126525,0.2217869111149384,0.0,0.5248109054126525,0.0,0.0,0.5023467260714466,0.217555584435414,0.0,0.5023467260714466,national,national,All_cities,annual_all_days_primary,All calendar-year days; non-heatwave days contribute zero,"1,2,3,4,5,6,7,8,9,10,11,12"
primary_national,national pooled,annual_all_days_primary,ssp245,2044,2041-2050,exceeded_quantity_day_all,exceeded_quantity,day,all,771.7702702702703,-0.3221508213132695,0.3221508213132695,1.6949714808884646,0.0032868280109415,0.3286828010941516,0.0158929565475395,0.7243988614521557,0.3286828010941516,0.0015847783991105,0.7243988614521557,0.0,0.0156161834891605,0.6980217113932182,0.3221508213132695,0.0156161834891605,0.6980217113932182,national,national,All_cities,annual_all_days_primary,All calendar-year days; non-heatwave days contribute zero,"1,2,3,4,5,6,7,8,9,10,11,12"
primary_national,national pooled,annual_all_days_primary,ssp245,2044,2041-2050,exceeded_quantity_night_all,exceeded_quantity,night,all,409.4864864864865,-0.0194073988329629,0.0194073988329629,0.2397523536139387,0.0001948111329939,0.0194811132993907,0.0,0.1303529234578528,0.0194811132993907,0.0,0.1303529234578528,0.0,0.0,0.128464641292406,0.0194073988329629,0.0,0.128464641292406,national,national,All_cities,annual_all_days_primary,All calendar-year days; non-heatwave days contribute zero,"1,2,3,4,5,6,7,8,9,10,11,12"
primary_national,national pooled,annual_all_days_primary,ssp245,2045,2041-2050,cehwi_composite_all,cehwi,composite,all,497.44594594594594,-0.2524065532952594,0.2524065532952593,2.681574745505217,0.0025913610570513,0.2591361057051323,0.0081651536412122,0.5106797594569085,0.2591361057051323,0.0075924519533563,0.5106797594569085,0.0,0.0081568917776914,0.4851061864705186,0.2524065532952593,0.0081568917776914,0.4851061864705186,national,national,All_cities,annual_all_days_primary,All calendar-year days; non-heatwave days contribute zero,"1,2,3,4,5,6,7,8,9,10,11,12"
primary_national,national pooled,annual_all_days_primary,ssp245,2045,2041-2050,cehwi_day_all,cehwi,day,all,803.7567567567568,-0.2256709938539303,0.2256709938539303,1.2611658327504205,0.0022919970019525,0.2291997001952527,0.0030560929372821,0.5445008188028757,0.2291997001952527,0.0,0.5445008188028757,0.0,0.0030367480203611,0.5270421881555667,0.2256709938539303,0.0030367480203611,0.5270421881555667,national,national,All_cities,annual_all_days_primary,All calendar-year days; non-heatwave days contribute zero,"1,2,3,4,5,6,7,8,9,10,11,12"
primary_national,national pooled,annual_all_days_primary,ssp245,2045,2041-2050,cehwi_night_all,cehwi,night,all,434.8108108108109,0.0324399536693483,0.0,0.0,0.0,0.0,0.0,0.0391294364850692,0.0,0.0,0.0391294364850692,0.0,0.0,0.038949367124994,0.0,0.0,0.038949367124994,national,national,All_cities,annual_all_days_primary,All calendar-year days; non-heatwave days contribute zero,"1,2,3,4,5,6,7,8,9,10,11,12"
primary_national,national pooled,annual_all_days_primary,ssp245,2045,2041-2050,exceeded_quantity_composite_all,exceeded_quantity,composite,all,497.44594594594594,-0.236792944903089,0.236792944903089,2.929383939537995,0.0024135114631189,0.2413511463118935,3.054805839105024e-06,0.5714912692614627,0.2413511463118935,0.0,0.5714912692614627,0.0,3.0447578245201883e-06,0.5471299822163683,0.236792944903089,3.0447578245201883e-06,0.5471299822163683,national,national,All_cities,annual_all_days_primary,All calendar-year days; non-heatwave days contribute zero,"1,2,3,4,5,6,7,8,9,10,11,12"
primary_national,national pooled,annual_all_days_primary,ssp245,2045,2041-2050,exceeded_quantity_day_all,exceeded_quantity,day,all,803.7567567567568,-0.3067552610954281,0.3067552610954281,1.786990116386471,0.0031230538254403,0.3123053825440336,0.0116858242579764,0.6995918481898958,0.3123053825440336,0.0002524323045313,0.6995918481898958,0.0,0.0115061604097794,0.6761297695157105,0.3067552610954281,0.0115061604097794,0.6761297695157105,national,national,All_cities,annual_all_days_primary,All calendar-year days; non-heatwave days contribute zero,"1,2,3,4,5,6,7,8,9,10,11,12"
primary_national,national pooled,annual_all_days_primary,ssp245,2045,2041-2050,exceeded_quantity_night_all,exceeded_quantity,night,all,434.8108108108109,-0.0213214651512935,0.0213214651512935,0.2417508662219226,0.0002137914869261,0.0213791486926128,0.0,0.1498052033352094,0.0213791486926128,0.0,0.1498052033352094,0.0,0.0,0.147728012331702,0.0213214651512935,0.0,0.147728012331702,national,national,All_cities,annual_all_days_primary,All calendar-year days; non-heatwave days contribute zero,"1,2,3,4,5,6,7,8,9,10,11,12"
primary_national,national pooled,annual_all_days_primary,ssp245,2046,2041-2050,cehwi_composite_all,cehwi,composite,all,538.9864864864865,-0.2733592877639769,0.2733592877639769,2.6110756847304484,0.0027976881636696,0.2797688163669604,0.0087562806403004,0.5508377094585097,0.2797688163669604,0.0086999232754115,0.5508377094585097,0.0,0.0087486150195174,0.5265104503319751,0.2733592877639769,0.0087486150195174,0.5265104503319751,national,national,All_cities,annual_all_days_primary,All calendar-year days; non-heatwave days contribute zero,"1,2,3,4,5,6,7,8,9,10,11,12"
primary_national,national pooled,annual_all_days_primary,ssp245,2046,2041-2050,cehwi_day_all,cehwi,day,all,771.081081081081,-0.2230075267427259,0.2230075267427259,1.1543816109635392,0.0022597250786901,0.2259725078690146,0.0004525623987179,0.5491281585866562,0.2259725078690146,0.0,0.5491281585866562,0.0,0.000450626709104,0.5330261838981961,0.2230075267427259,0.000450626709104,0.5330261838981961,national,national,All_cities,annual_all_days_primary,All calendar-year days; non-heatwave days contribute zero,"1,2,3,4,5,6,7,8,9,10,11,12"
primary_national,national pooled,annual_all_days_primary,ssp245,2046,2041-2050,cehwi_night_all,cehwi,night,all,439.1216216216216,0.0300198296437724,0.0,0.0,0.0,0.0,0.0,0.0361646589884351,0.0,0.0,0.0361646589884351,0.0,0.0,0.0360025488392891,0.0,0.0,0.0360025488392891,national,national,All_cities,annual_all_days_primary,All calendar-year days; non-heatwave days contribute zero,"1,2,3,4,5,6,7,8,9,10,11,12"
primary_national,national pooled,annual_all_days_primary,ssp245,2046,2041-2050,exceeded_quantity_composite_all,exceeded_quantity,composite,all,538.9864864864865,-0.2757646965603507,0.2757646965603507,2.8193133423696937,0.0028113244872701,0.2811324487270121,0.0,0.6651361067131434,0.2811324487270121,0.0,0.6651361067131434,0.0,0.0,0.6365855614685623,0.2757646965603507,0.0,0.6365855614685623,national,national,All_cities,annual_all_days_primary,All calendar-year days; non-heatwave days contribute zero,"1,2,3,4,5,6,7,8,9,10,11,12"
primary_national,national pooled,annual_all_days_primary,ssp245,2046,2041-2050,exceeded_quantity_day_all,exceeded_quantity,day,all,771.081081081081,-0.2880560194332964,0.2880560194332964,1.5932872187780602,0.0029258119016484,0.2925811901648485,0.0069904349504133,0.667607810093013,0.2925811901648485,0.0,0.667607810093013,0.0,0.006907758750819,0.6472241182219244,0.2880560194332964,0.006907758750819,0.6472241182219244,national,national,All_cities,annual_all_days_primary,All calendar-year days; non-heatwave days contribute zero,"1,2,3,4,5,6,7,8,9,10,11,12"
primary_national,national pooled,annual_all_days_primary,ssp245,2046,2041-2050,exceeded_quantity_night_all,exceeded_quantity,night,all,439.1216216216216,-0.0196951757721494,0.0196951757721494,0.2345268373379138,0.0001974833025351,0.0197483302535153,0.0,0.1390493274793812,0.0197483302535153,0.0,0.1390493274793812,0.0,0.0,0.1371690187736952,0.0196951757721494,0.0,0.1371690187736952,national,national,All_cities,annual_all_days_primary,All calendar-year days; non-heatwave days contribute zero,"1,2,3,4,5,6,7,8,9,10,11,12"
primary_national,national pooled,annual_all_days_primary,ssp245,2047,2041-2050,cehwi_composite_all,cehwi,composite,all,579.1351351351351,-0.3416886806592117,0.3416886806592117,3.0144635010168708,0.003514929239978,0.3514929239978071,0.0105475451921703,0.6958804374571979,0.3514929239978071,0.0084306551135435,0.6958804374571979,0.0,0.0105365041239296,0.6581824643467835,0.3416886806592117,0.0105365041239296,0.6581824643467835,national,national,All_cities,annual_all_days_primary,All calendar-year days; non-heatwave days contribute zero,"1,2,3,4,5,6,7,8,9,10,11,12"
primary_national,national pooled,annual_all_days_primary,ssp245,2047,2041-2050,cehwi_day_all,cehwi,day,all,959.081081081081,-0.263338702636222,0.263338702636222,1.2492541398739248,0.0026739982946883,0.2673998294688315,0.0024238520117149,0.6367470971499047,0.2673998294688315,0.0,0.6367470971499047,0.0,0.0024086655452747,0.6163728097248228,0.263338702636222,0.0024086655452747,0.6163728097248228,national,national,All_cities,annual_all_days_primary,All calendar-year days; non-heatwave days contribute zero,"1,2,3,4,5,6,7,8,9,10,11,12"
primary_national,national pooled,annual_all_days_primary,ssp245,2047,2041-2050,cehwi_night_all,cehwi,night,all,440.44594594594594,0.0282127580646051,0.0,0.0,0.0,0.0,0.0,0.0338760218971932,0.0,0.0,0.0338760218971932,0.0,0.0,0.0337393829825932,0.0,0.0,0.0337393829825932,national,national,All_cities,annual_all_days_primary,All calendar-year days; non-heatwave days contribute zero,"1,2,3,4,5,6,7,8,9,10,11,12"
primary_national,national pooled,annual_all_days_primary,ssp245,2047,2041-2050,exceeded_quantity_composite_all,exceeded_quantity,composite,all,579.1351351351351,-0.3277569165342028,0.3277569165342028,3.3127024639296665,0.0033516034169366,0.3351603416936642,6.225579009271709e-07,0.7856522606766702,0.3351603416936642,0.0,0.7856522606766702,0.0,6.218526479449749e-07,0.747067880000599,0.3277569165342028,6.218526479449749e-07,0.747067880000599,national,national,All_cities,annual_all_days_primary,All calendar-year days; non-heatwave days contribute zero,"1,2,3,4,5,6,7,8,9,10,11,12"
primary_national,national pooled,annual_all_days_primary,ssp245,2047,2041-2050,exceeded_quantity_day_all,exceeded_quantity,day,all,959.081081081081,-0.3624602795086898,0.3624602795086898,1.780120418377835,0.0036940165614669,0.3694016561466963,0.0168973234959715,0.820700511176204,0.3694016561466963,0.0022408400451748,0.820700511176204,0.0,0.0166328922111671,0.7921618453298249,0.3624602795086898,0.0166328922111671,0.7921618453298249,national,national,All_cities,annual_all_days_primary,All calendar-year days; non-heatwave days contribute zero,"1,2,3,4,5,6,7,8,9,10,11,12"
primary_national,national pooled,annual_all_days_primary,ssp245,2047,2041-2050,exceeded_quantity_night_all,exceeded_quantity,night,all,440.44594594594594,-0.0204891951810168,0.0204891951810168,0.2341585631266058,0.0002054616507525,0.020546165075253,0.0,0.1438108313940169,0.020546165075253,0.0,0.1438108313940169,0.0,0.0,0.1418472430536148,0.0204891951810168,0.0,0.1418472430536148,national,national,All_cities,annual_all_days_primary,All calendar-year days; non-heatwave days contribute zero,"1,2,3,4,5,6,7,8,9,10,11,12"
primary_national,national pooled,annual_all_days_primary,ssp245,2048,2041-2050,cehwi_composite_all,cehwi,composite,all,603.8243243243244,-0.446823420759402,0.446823420759402,3.780189832493837,0.0046123350514677,0.4612335051467761,0.0123987548110148,0.9324446659848636,0.4612335051467761,0.0059491168105485,0.9324446659848636,0.0,0.0123843416731423,0.8745648858841141,0.446823420759402,0.0123843416731423,0.8745648858841141,national,national,All_cities,annual_all_days_primary,All calendar-year days; non-heatwave days contribute zero,"1,2,3,4,5,6,7,8,9,10,11,12"
primary_national,national pooled,annual_all_days_primary,ssp245,2048,2041-2050,cehwi_day_all,cehwi,day,all,856.5540540540541,-0.293459521603431,0.293459521603431,1.400211147346638,0.0029938073811049,0.2993807381104921,0.0109363095073898,0.68778550656424,0.2993807381104921,0.0,0.68778550656424,0.0,0.0108362163362544,0.6613913282579794,0.293459521603431,0.0108362163362544,0.6613913282579794,national,national,All_cities,annual_all_days_primary,All calendar-year days; non-heatwave days contribute zero,"1,2,3,4,5,6,7,8,9,10,11,12"
primary_national,national pooled,annual_all_days_primary,ssp245,2048,2041-2050,cehwi_night_all,cehwi,night,all,398.4594594594595,0.0273891847297659,0.0,0.0,0.0,0.0,0.0,0.0329667776134603,0.0,0.0,0.0329667776134603,0.0,0.0,0.0328273156594553,0.0,0.0,0.0328273156594553,national,national,All_cities,annual_all_days_primary,All calendar-year days; non-heatwave days contribute zero,"1,2,3,4,5,6,7,8,9,10,11,12"
primary_national,national pooled,annual_all_days_primary,ssp245,2048,2041-2050,exceeded_quantity_composite_all,exceeded_quantity,composite,all,603.8243243243244,-0.3935307590885746,0.3935307590885746,3.7174035364701385,0.0040329458665737,0.4032945866573774,4.990185299442464e-05,0.9383340151810032,0.4032945866573774,0.0,0.9383340151810032,0.0,4.956001516863816e-05,0.888350554150065,0.3935307590885746,4.956001516863816e-05,0.888350554150065,national,national,All_cities,annual_all_days_primary,All calendar-year days; non-heatwave days contribute zero,"1,2,3,4,5,6,7,8,9,10,11,12"
primary_national,national pooled,annual_all_days_primary,ssp245,2048,2041-2050,exceeded_quantity_day_all,exceeded_quantity,day,all,856.5540540540541,-0.3465102310869519,0.3465102310869519,1.8041549492152595,0.0035269628750921,0.3526962875092115,0.0117331097178593,0.7908634085233452,0.3526962875092115,0.0,0.7908634085233452,0.0,0.0115761374204242,0.7642079422460887,0.3465102310869519,0.0115761374204242,0.7642079422460887,national,national,All_cities,annual_all_days_primary,All calendar-year days; non-heatwave days contribute zero,"1,2,3,4,5,6,7,8,9,10,11,12"
primary_national,national pooled,annual_all_days_primary,ssp245,2048,2041-2050,exceeded_quantity_night_all,exceeded_quantity,night,all,398.4594594594595,-0.0183723636386967,0.0183723636386967,0.2274894905472678,0.0001841844545689,0.0184184454568954,0.0,0.1309070913541691,0.0184184454568954,0.0,0.1309070913541691,0.0,0.0,0.1291641529126804,0.0183723636386967,0.0,0.1291641529126804,national,national,All_cities,annual_all_days_primary,All calendar-year days; non-heatwave days contribute zero,"1,2,3,4,5,6,7,8,9,10,11,12"
primary_national,national pooled,annual_all_days_primary,ssp245,2049,2041-2050,cehwi_composite_all,cehwi,composite,all,523.5405405405405,-0.2946539152971079,0.2946539152971079,2.8005434261396176,0.0030285756616074,0.3028575661607439,0.0092058855195414,0.5969190792229835,0.3028575661607439,0.0087960530985047,0.5969190792229835,0.0,0.0091967203638694,0.5657466245542683,0.2946539152971079,0.0091967203638694,0.5657466245542683,national,national,All_cities,annual_all_days_primary,All calendar-year days; non-heatwave days contribute zero,"1,2,3,4,5,6,7,8,9,10,11,12"
primary_national,national pooled,annual_all_days_primary,ssp245,2049,2041-2050,cehwi_day_all,cehwi,day,all,746.1081081081081,-0.1775770099152392,0.1775770099152392,0.934600437040676,0.001800744775932,0.1800744775932061,0.0016242641968732,0.4324412959833643,0.1800744775932061,0.0,0.4324412959833643,0.0,0.0016154188814936,0.4197693510912504,0.1775770099152392,0.0016154188814936,0.4197693510912504,national,national,All_cities,annual_all_days_primary,All calendar-year days; non-heatwave days contribute zero,"1,2,3,4,5,6,7,8,9,10,11,12"
primary_national,national pooled,annual_all_days_primary,ssp245,2049,2041-2050,cehwi_night_all,cehwi,night,all,476.2702702702703,0.0395591662033439,2.755022011919777e-07,2.2714635086066293e-06,2.7564580783454435e-09,2.756458078345444e-07,0.0,0.0521525268898816,0.0,0.0,0.0521525268898816,0.0,0.0,0.0517344300447657,2.755022011919777e-07,0.0,0.0517344300447657,national,national,All_cities,annual_all_days_primary,All calendar-year days; non-heatwave days contribute zero,"1,2,3,4,5,6,7,8,9,10,11,12"
primary_national,national pooled,annual_all_days_primary,ssp245,2049,2041-2050,exceeded_quantity_composite_all,exceeded_quantity,composite,all,523.5405405405405,-0.2768672005627822,0.2768672005627822,3.238655061112123,0.0028266254697894,0.2826625469789453,7.337660908306222e-06,0.6658992903542217,0.2826625469789453,0.0,0.6658992903542217,0.0,7.312228719142316e-06,0.635297498619783,0.2768672005627822,7.312228719142316e-06,0.635297498619783,national,national,All_cities,annual_all_days_primary,All calendar-year days; non-heatwave days contribute zero,"1,2,3,4,5,6,7,8,9,10,11,12"
primary_national,national pooled,annual_all_days_primary,ssp245,2049,2041-2050,exceeded_quantity_day_all,exceeded_quantity,day,all,746.1081081081081,-0.2700096765507712,0.2700096765507712,1.489025697639347,0.0027549638484143,0.2754963848414361,0.0152700953398626,0.6115586116741019,0.2754963848414361,0.0004516563526229,0.6115586116741019,0.0,0.0149593338360176,0.5896957386691689,0.2700096765507712,0.0149593338360176,0.5896957386691689,national,national,All_cities,annual_all_days_primary,All calendar-year days; non-heatwave days contribute zero,"1,2,3,4,5,6,7,8,9,10,11,12"
primary_national,national pooled,annual_all_days_primary,ssp245,2049,2041-2050,exceeded_quantity_night_all,exceeded_quantity,night,all,476.2702702702703,-0.0259002847390991,0.0259002847390991,0.2542486438961445,0.0002599739667602,0.0259973966760255,0.0,0.1739088642355709,0.0259973966760255,0.0,0.1739088642355709,0.0,0.0,0.1713023524030043,0.0259002847390991,0.0,0.1713023524030043,national,national,All_cities,annual_all_days_primary,All calendar-year days; non-heatwave days contribute zero,"1,2,3,4,5,6,7,8,9,10,11,12"
primary_national,national pooled,annual_all_days_primary,ssp245,2050,2041-2050,cehwi_composite_all,cehwi,composite,all,565.8783783783783,-0.345477060351244,0.345477060351244,3.106381765205234,0.0035525401702362,0.3552540170236286,0.009376552833607,0.7228476626487416,0.3552540170236286,0.0068729229421012,0.7228476626487416,0.0,0.0093672808537939,0.6827574419124219,0.345477060351244,0.0093672808537939,0.6827574419124219,national,national,All_cities,annual_all_days_primary,All calendar-year days; non-heatwave days contribute zero,"1,2,3,4,5,6,7,8,9,10,11,12"
primary_national,national pooled,annual_all_days_primary,ssp245,2050,2041-2050,cehwi_day_all,cehwi,day,all,818.6351351351351,-0.2281909377562667,0.2281909377562667,1.1284820182474478,0.0023201843554093,0.2320184355409323,0.0035353553208811,0.5443872432260758,0.2320184355409323,0.0,0.5443872432260758,0.0,0.0035139893135769,0.5262059909714933,0.2281909377562667,0.0035139893135769,0.5262059909714933,national,national,All_cities,annual_all_days_primary,All calendar-year days; non-heatwave days contribute zero,"1,2,3,4,5,6,7,8,9,10,11,12"
primary_national,national pooled,annual_all_days_primary,ssp245,2050,2041-2050,cehwi_night_all,cehwi,night,all,500.0405405405405,0.0454049318411754,0.0,0.0,0.0,0.0,0.0,0.0596747154193303,0.0,0.0,0.0596747154193303,0.0,0.0,0.0591837588011444,0.0,0.0,0.0591837588011444,national,national,All_cities,annual_all_days_primary,All calendar-year days; non-heatwave days contribute zero,"1,2,3,4,5,6,7,8,9,10,11,12"
primary_national,national pooled,annual_all_days_primary,ssp245,2050,2041-2050,exceeded_quantity_composite_all,exceeded_quantity,composite,all,565.8783783783783,-0.3294011397029786,0.3294011397029786,3.33974266875773,0.0033693556544426,0.3369355654442655,2.0078632596000587e-05,0.78890128813191,0.3369355654442655,0.0,0.78890128813191,0.0,1.998495348538696e-05,0.749954518306921,0.3294011397029786,1.998495348538696e-05,0.749954518306921,national,national,All_cities,annual_all_days_primary,All calendar-year days; non-heatwave days contribute zero,"1,2,3,4,5,6,7,8,9,10,11,12"
primary_national,national pooled,annual_all_days_primary,ssp245,2050,2041-2050,exceeded_quantity_day_all,exceeded_quantity,day,all,818.6351351351351,-0.2993334099242267,0.2993334099242267,1.5690956874411746,0.0030498333703792,0.3049833370379254,0.0138753093790701,0.6812594016042883,0.3049833370379254,0.0,0.6812594016042883,0.0,0.0135977259940822,0.6582390546094501,0.2993334099242267,0.0135977259940822,0.6582390546094501,national,national,All_cities,annual_all_days_primary,All calendar-year days; non-heatwave days contribute zero,"1,2,3,4,5,6,7,8,9,10,11,12"
primary_national,national pooled,annual_all_days_primary,ssp245,2050,2041-2050,exceeded_quantity_night_all,exceeded_quantity,night,all,500.0405405405405,-0.0254073282874597,0.0254073282874597,0.2330865732298922,0.0002548374267231,0.0254837426723152,0.0,0.1765755810663369,0.0254837426723152,0.0,0.1765755810663369,0.0,0.0,0.1740865345987011,0.0254073282874597,0.0,0.1740865345987011,national,national,All_cities,annual_all_days_primary,All calendar-year days; non-heatwave days contribute zero,"1,2,3,4,5,6,7,8,9,10,11,12"
primary_national,national pooled,annual_all_days_primary,ssp370,2025,2025-2030,cehwi_composite_all,cehwi,composite,all,341.7567567567568,-0.1560123631846142,0.1560123631846142,2.421815354763841,0.0015950669503775,0.1595066950377598,0.0049104003724626,0.3142159839874117,0.1595066950377598,0.0047974060881081,0.3142159839874117,0.0,0.0049063371816036,0.300929942838234,0.1560123631846142,0.0049063371816036,0.300929942838234,national,national,All_cities,annual_all_days_primary,All calendar-year days; non-heatwave days contribute zero,"1,2,3,4,5,6,7,8,9,10,11,12"
primary_national,national pooled,annual_all_days_primary,ssp370,2025,2025-2030,cehwi_day_all,cehwi,day,all,673.8513513513514,-0.1585381985250458,0.1585381985250458,1.002935095360042,0.0016061021251337,0.1606102125133768,0.0013726536450662,0.3893661325238034,0.1606102125133768,0.0,0.3893661325238034,0.0,0.001363353308443,0.3785780344512626,0.1585381985250458,0.001363353308443,0.3785780344512626,national,national,All_cities,annual_all_days_primary,All calendar-year days; non-heatwave days contribute zero,"1,2,3,4,5,6,7,8,9,10,11,12"
primary_national,national pooled,annual_all_days_primary,ssp370,2025,2025-2030,cehwi_night_all,cehwi,night,all,380.7837837837838,0.028555947881575,0.0,0.0,0.0,0.0,0.0,0.034601665544165,0.0,0.0,0.034601665544165,0.0,0.0,0.0344306474274742,0.0,0.0,0.0344306474274742,national,national,All_cities,annual_all_days_primary,All calendar-year days; non-heatwave days contribute zero,"1,2,3,4,5,6,7,8,9,10,11,12"
primary_national,national pooled,annual_all_days_primary,ssp370,2025,2025-2030,exceeded_quantity_composite_all,exceeded_quantity,composite,all,341.7567567567568,-0.1574517740732301,0.1574517740732301,2.8469904173430813,0.0016022992291711,0.1602299229171123,4.619775317594868e-06,0.3811269025745181,0.1602299229171123,0.0,0.3811269025745181,0.0,4.600979225530479e-06,0.3661548580270277,0.1574517740732301,4.600979225530479e-06,0.3661548580270277,national,national,All_cities,annual_all_days_primary,All calendar-year days; non-heatwave days contribute zero,"1,2,3,4,5,6,7,8,9,10,11,12"
primary_national,national pooled,annual_all_days_primary,ssp370,2025,2025-2030,exceeded_quantity_day_all,exceeded_quantity,day,all,673.8513513513514,-0.2287945234260665,0.2287945234260665,1.4762973469070424,0.0023294970596766,0.2329497059676635,0.0108970859659238,0.522539267853691,0.2329497059676635,0.0002272597037892,0.522539267853691,0.0,0.0107105377019889,0.5055541269753565,0.2287945234260665,0.0107105377019889,0.5055541269753565,national,national,All_cities,annual_all_days_primary,All calendar-year days; non-heatwave days contribute zero,"1,2,3,4,5,6,7,8,9,10,11,12"
primary_national,national pooled,annual_all_days_primary,ssp370,2025,2025-2030,exceeded_quantity_night_all,exceeded_quantity,night,all,380.7837837837838,-0.0170946822816091,0.0170946822816091,0.2036217603143075,0.0001713679386442,0.017136793864422,0.0,0.1217922341001413,0.017136793864422,0.0,0.1217922341001413,0.0,0.0,0.1201658468274774,0.0170946822816091,0.0,0.1201658468274774,national,national,All_cities,annual_all_days_primary,All calendar-year days; non-heatwave days contribute zero,"1,2,3,4,5,6,7,8,9,10,11,12"
primary_national,national pooled,annual_all_days_primary,ssp370,2026,2025-2030,cehwi_composite_all,cehwi,composite,all,391.1351351351352,-0.2073868867577549,0.2073868867577549,2.558975662507545,0.0021273377004515,0.2127337700451587,0.0064964679854708,0.4193528972052384,0.2127337700451587,0.0061146428850794,0.4193528972052384,0.0,0.0064902987914483,0.3990100773754116,0.2073868867577549,0.0064902987914483,0.3990100773754116,national,national,All_cities,annual_all_days_primary,All calendar-year days; non-heatwave days contribute zero,"1,2,3,4,5,6,7,8,9,10,11,12"
primary_national,national pooled,annual_all_days_primary,ssp370,2026,2025-2030,cehwi_day_all,cehwi,day,all,795.6891891891892,-0.198846729184522,0.198846729184522,1.0959968066434569,0.0020166442554082,0.2016644255408226,0.0021541504852923,0.4843583405914846,0.2016644255408226,3.02808648947792e-06,0.4843583405914846,0.0,0.0021384017923022,0.4701786886120275,0.198846729184522,0.0021384017923022,0.4701786886120275,national,national,All_cities,annual_all_days_primary,All calendar-year days; non-heatwave days contribute zero,"1,2,3,4,5,6,7,8,9,10,11,12"
primary_national,national pooled,annual_all_days_primary,ssp370,2026,2025-2030,cehwi_night_all,cehwi,night,all,401.4189189189189,0.0289622193511102,0.0,0.0,0.0,0.0,0.0,0.034902935946284,0.0,0.0,0.034902935946284,0.0,0.0,0.0347472189519331,0.0,0.0,0.0347472189519331,national,national,All_cities,annual_all_days_primary,All calendar-year days; non-heatwave days contribute zero,"1,2,3,4,5,6,7,8,9,10,11,12"
primary_national,national pooled,annual_all_days_primary,ssp370,2026,2025-2030,exceeded_quantity_composite_all,exceeded_quantity,composite,all,391.1351351351352,-0.2128588818094248,0.2128588818094248,3.0530928080951263,0.0021711950309396,0.2171195030939629,0.0,0.5128442885502948,0.2171195030939629,0.0,0.5128442885502948,0.0,0.0,0.4902513419201452,0.2128588818094248,0.0,0.4902513419201452,national,national,All_cities,annual_all_days_primary,All calendar-year days; non-heatwave days contribute zero,"1,2,3,4,5,6,7,8,9,10,11,12"
primary_national,national pooled,annual_all_days_primary,ssp370,2026,2025-2030,exceeded_quantity_day_all,exceeded_quantity,day,all,795.6891891891892,-0.2823574645423438,0.2823574645423438,1.585555468554265,0.0028719889718193,0.2871988971819377,0.0089200923534094,0.650347697570387,0.2871988971819377,0.0018137798455463,0.650347697570387,0.0,0.0087468955812985,0.6294894734085577,0.2823574645423438,0.0087468955812985,0.6294894734085577,national,national,All_cities,annual_all_days_primary,All calendar-year days; non-heatwave days contribute zero,"1,2,3,4,5,6,7,8,9,10,11,12"
primary_national,national pooled,annual_all_days_primary,ssp370,2026,2025-2030,exceeded_quantity_night_all,exceeded_quantity,night,all,401.4189189189189,-0.0181691603437389,0.0181691603437389,0.1947459394232225,0.0001821246731843,0.0182124673184328,0.0,0.1304729688295473,0.0182124673184328,0.0,0.1304729688295473,0.0,0.0,0.128769272363319,0.0181691603437389,0.0,0.128769272363319,national,national,All_cities,annual_all_days_primary,All calendar-year days; non-heatwave days contribute zero,"1,2,3,4,5,6,7,8,9,10,11,12"
primary_national,national pooled,annual_all_days_primary,ssp370,2027,2025-2030,cehwi_composite_all,cehwi,composite,all,473.3243243243243,-0.242416123916185,0.242416123916185,2.6111655191220664,0.0024874907731612,0.2487490773161204,0.0078299660723163,0.4904710420366081,0.2487490773161204,0.0071612080346949,0.4904710420366081,0.0,0.0078221723840708,0.4663736089229578,0.242416123916185,0.0078221723840708,0.4663736089229578,national,national,All_cities,annual_all_days_primary,All calendar-year days; non-heatwave days contribute zero,"1,2,3,4,5,6,7,8,9,10,11,12"
primary_national,national pooled,annual_all_days_primary,ssp370,2027,2025-2030,cehwi_day_all,cehwi,day,all,861.4054054054054,-0.2378212650580833,0.2378212650580833,1.2270136546741464,0.0024154138682652,0.2415413868265289,0.0032089397286975,0.5736533191054937,0.2415413868265289,0.0,0.5736533191054937,0.0,0.0031894702249613,0.5552443184994408,0.2378212650580833,0.0031894702249613,0.5552443184994408,national,national,All_cities,annual_all_days_primary,All calendar-year days; non-heatwave days contribute zero,"1,2,3,4,5,6,7,8,9,10,11,12"
primary_national,national pooled,annual_all_days_primary,ssp370,2027,2025-2030,cehwi_night_all,cehwi,night,all,381.97297297297297,0.0320197532076707,0.0,0.0,0.0,0.0,0.0,0.0397803890753794,0.0,0.0,0.0397803890753794,0.0,0.0,0.0395385451483006,0.0,0.0,0.0395385451483006,national,national,All_cities,annual_all_days_primary,All calendar-year days; non-heatwave days contribute zero,"1,2,3,4,5,6,7,8,9,10,11,12"
primary_national,national pooled,annual_all_days_primary,ssp370,2027,2025-2030,exceeded_quantity_composite_all,exceeded_quantity,composite,all,473.3243243243243,-0.2367170790712155,0.2367170790712155,3.055450796668413,0.0024156413208388,0.2415641320838831,0.0,0.5700199278607296,0.2415641320838831,0.0,0.5700199278607296,0.0,0.0,0.5444445261619185,0.2367170790712155,0.0,0.5444445261619185,national,national,All_cities,annual_all_days_primary,All calendar-year days; non-heatwave days contribute zero,"1,2,3,4,5,6,7,8,9,10,11,12"
primary_national,national pooled,annual_all_days_primary,ssp370,2027,2025-2030,exceeded_quantity_day_all,exceeded_quantity,day,all,861.4054054054054,-0.3187439593274161,0.3187439593274162,1.7128461123205838,0.0032459963724647,0.3245996372464703,0.0129163533422375,0.7257056834421133,0.3245996372464703,0.0,0.7257056834421133,0.0,0.0127189563010831,0.7010815179111342,0.3187439593274162,0.0127189563010831,0.7010815179111342,national,national,All_cities,annual_all_days_primary,All calendar-year days; non-heatwave days contribute zero,"1,2,3,4,5,6,7,8,9,10,11,12"
primary_national,national pooled,annual_all_days_primary,ssp370,2027,2025-2030,exceeded_quantity_night_all,exceeded_quantity,night,all,381.97297297297297,-0.0187323339074688,0.0187323339074688,0.2083111545385298,0.0001878478710645,0.0187847871064509,0.0,0.1311105938499687,0.0187847871064509,0.0,0.1311105938499687,0.0,0.0,0.129290700371383,0.0187323339074688,0.0,0.129290700371383,national,national,All_cities,annual_all_days_primary,All calendar-year days; non-heatwave days contribute zero,"1,2,3,4,5,6,7,8,9,10,11,12"
primary_national,national pooled,annual_all_days_primary,ssp370,2028,2025-2030,cehwi_composite_all,cehwi,composite,all,361.0810810810811,-0.1716277029035946,0.1716277029035946,2.5351697109902243,0.0017547733482952,0.1754773348295221,0.0054761971981175,0.3454847033633695,0.1754773348295221,0.0054699662956748,0.3454847033633695,0.0,0.0054716234703081,0.3308710029278843,0.1716277029035946,0.0054716234703081,0.3308710029278843,national,national,All_cities,annual_all_days_primary,All calendar-year days; non-heatwave days contribute zero,"1,2,3,4,5,6,7,8,9,10,11,12"
primary_national,national pooled,annual_all_days_primary,ssp370,2028,2025-2030,cehwi_day_all,cehwi,day,all,759.6621621621622,-0.1916473337941358,0.1916473337941358,1.0905636640254437,0.0019437511388257,0.1943751138825725,0.0019133067882308,0.4670049093078312,0.1943751138825725,0.0,0.4670049093078312,0.0,0.0019009940111533,0.4531207319783248,0.1916473337941358,0.0019009940111533,0.4531207319783248,national,national,All_cities,annual_all_days_primary,All calendar-year days; non-heatwave days contribute zero,"1,2,3,4,5,6,7,8,9,10,11,12"
primary_national,national pooled,annual_all_days_primary,ssp370,2028,2025-2030,cehwi_night_all,cehwi,night,all,345.4864864864865,0.027399347609758,0.0,0.0,0.0,0.0,0.0,0.0331694855923051,0.0,0.0,0.0331694855923051,0.0,0.0,0.0330086600192197,0.0,0.0,0.0330086600192197,national,national,All_cities,annual_all_days_primary,All calendar-year days; non-heatwave days contribute zero,"1,2,3,4,5,6,7,8,9,10,11,12"
primary_national,national pooled,annual_all_days_primary,ssp370,2028,2025-2030,exceeded_quantity_composite_all,exceeded_quantity,composite,all,361.0810810810811,-0.1709512132903363,0.1709512132903363,2.821297967323397,0.0017394053272522,0.1739405327252229,0.0,0.4140399053506557,0.1739405327252229,0.0,0.4140399053506557,0.0,0.0,0.3978505269898144,0.1709512132903363,0.0,0.3978505269898144,national,national,All_cities,annual_all_days_primary,All calendar-year days; non-heatwave days contribute zero,"1,2,3,4,5,6,7,8,9,10,11,12"
primary_national,national pooled,annual_all_days_primary,ssp370,2028,2025-2030,exceeded_quantity_day_all,exceeded_quantity,day,all,759.6621621621622,-0.260642640379939,0.260642640379939,1.5619077869554188,0.0026482245785521,0.2648224578552121,0.0060892115697122,0.6026310712753931,0.2648224578552121,0.0,0.6026310712753931,0.0,0.0060092701484075,0.5838900673501438,0.260642640379939,0.0060092701484075,0.5838900673501438,national,national,All_cities,annual_all_days_primary,All calendar-year days; non-heatwave days contribute zero,"1,2,3,4,5,6,7,8,9,10,11,12"
primary_national,national pooled,annual_all_days_primary,ssp370,2028,2025-2030,exceeded_quantity_night_all,exceeded_quantity,night,all,345.4864864864865,-0.0169408629632403,0.0169408629632403,0.200753392546272,0.0001698777148484,0.0169877714848421,0.0,0.1197221271044401,0.0169877714848421,0.0,0.1197221271044401,0.0,0.0,0.11813317709604,0.0169408629632403,0.0,0.11813317709604,national,national,All_cities,annual_all_days_primary,All calendar-year days; non-heatwave days contribute zero,"1,2,3,4,5,6,7,8,9,10,11,12"
primary_national,national pooled,annual_all_days_primary,ssp370,2029,2025-2030,cehwi_composite_all,cehwi,composite,all,478.8783783783784,-0.2466543633862192,0.2466543633862192,2.535071624601258,0.0025291702635371,0.2529170263537189,0.0080475993378645,0.4979627341645212,0.2529170263537189,0.007871318542917,0.4979627341645212,0.0,0.0080397949217505,0.4742193917074053,0.2466543633862192,0.0080397949217505,0.4742193917074053,national,national,All_cities,annual_all_days_primary,All calendar-year days; non-heatwave days contribute zero,"1,2,3,4,5,6,7,8,9,10,11,12"
primary_national,national pooled,annual_all_days_primary,ssp370,2029,2025-2030,cehwi_day_all,cehwi,day,all,845.6621621621622,-0.227957166857323,0.227957166857323,1.19471194446478,0.0023148497039088,0.2314849703908876,0.0026644845007386,0.550477125588491,0.2314849703908876,0.0,0.550477125588491,0.0,0.0026480545042967,0.5329419157834326,0.227957166857323,0.0026480545042967,0.5329419157834326,national,national,All_cities,annual_all_days_primary,All calendar-year days; non-heatwave days contribute zero,"1,2,3,4,5,6,7,8,9,10,11,12"
primary_national,national pooled,annual_all_days_primary,ssp370,2029,2025-2030,cehwi_night_all,cehwi,night,all,382.3108108108109,0.0235793470425761,0.0,0.0,0.0,0.0,0.0,0.0281992254339325,0.0,0.0,0.0281992254339325,0.0,0.0,0.0280875998269197,0.0,0.0,0.0280875998269197,national,national,All_cities,annual_all_days_primary,All calendar-year days; non-heatwave days contribute zero,"1,2,3,4,5,6,7,8,9,10,11,12"
primary_national,national pooled,annual_all_days_primary,ssp370,2029,2025-2030,exceeded_quantity_composite_all,exceeded_quantity,composite,all,478.8783783783784,-0.2309728126517642,0.2309728126517642,2.752586025495188,0.0023526333030966,0.2352633303096691,0.0,0.5583976835904657,0.2352633303096691,0.0,0.5583976835904657,0.0,0.0,0.535318581169281,0.2309728126517642,0.0,0.535318581169281,national,national,All_cities,annual_all_days_primary,All calendar-year days; non-heatwave days contribute zero,"1,2,3,4,5,6,7,8,9,10,11,12"
primary_national,national pooled,annual_all_days_primary,ssp370,2029,2025-2030,exceeded_quantity_day_all,exceeded_quantity,day,all,845.6621621621622,-0.3046236790600093,0.3046236790600093,1.636165433647165,0.0031011967284666,0.3101196728466662,0.0111912774380594,0.6973345860643893,0.3101196728466662,0.0,0.6973345860643893,0.0,0.0110192038494626,0.6740225528759384,0.3046236790600093,0.0110192038494626,0.6740225528759384,national,national,All_cities,annual_all_days_primary,All calendar-year days; non-heatwave days contribute zero,"1,2,3,4,5,6,7,8,9,10,11,12"
primary_national,national pooled,annual_all_days_primary,ssp370,2029,2025-2030,exceeded_quantity_night_all,exceeded_quantity,night,all,382.3108108108109,-0.0152881388522473,0.0152881388522473,0.1979227744669321,0.0001532381243952,0.0153238124395273,0.0,0.11062000641332,0.0153238124395273,0.0,0.11062000641332,0.0,0.0,0.1092363054132008,0.0152881388522473,0.0,0.1092363054132008,national,national,All_cities,annual_all_days_primary,All calendar-year days; non-heatwave days contribute zero,"1,2,3,4,5,6,7,8,9,10,11,12"
primary_national,national pooled,annual_all_days_primary,ssp370,2030,2025-2030,cehwi_composite_all,cehwi,composite,all,418.9054054054054,-0.2221360657790236,0.2221360657790236,2.672724816946049,0.0022805419929337,0.2280541992933746,0.0068184793332067,0.4512084547634116,0.2280541992933745,0.0059569585237977,0.4512084547634116,0.0,0.0068118612794275,0.4284881709450638,0.2221360657790236,0.0068118612794275,0.4284881709450638,national,national,All_cities,annual_all_days_primary,All calendar-year days; non-heatwave days contribute zero,"1,2,3,4,5,6,7,8,9,10,11,12"
primary_national,national pooled,annual_all_days_primary,ssp370,2030,2025-2030,cehwi_day_all,cehwi,day,all,890.4054054054054,-0.2267307282714586,0.2267307282714586,1.1590946718316584,0.0022971847695617,0.2297184769561782,0.0014758623890004,0.557697413218793,0.2297184769561782,0.0,0.557697413218793,0.0,0.0014663990070182,0.5418237542524738,0.2267307282714586,0.0014663990070182,0.5418237542524738,national,national,All_cities,annual_all_days_primary,All calendar-year days; non-heatwave days contribute zero,"1,2,3,4,5,6,7,8,9,10,11,12"
primary_national,national pooled,annual_all_days_primary,ssp370,2030,2025-2030,cehwi_night_all,cehwi,night,all,335.7027027027027,0.0193093530765496,0.0,0.0,0.0,0.0,0.0,0.0231873374863237,0.0,0.0,0.0231873374863237,0.0,0.0,0.0230923578237749,0.0,0.0,0.0230923578237749,national,national,All_cities,annual_all_days_primary,All calendar-year days; non-heatwave days contribute zero,"1,2,3,4,5,6,7,8,9,10,11,12"
primary_national,national pooled,annual_all_days_primary,ssp370,2030,2025-2030,exceeded_quantity_composite_all,exceeded_quantity,composite,all,418.9054054054054,-0.2191627259722402,0.2191627259722403,2.926834303904796,0.0022365359141094,0.2236535914109494,1.6090141860916174e-06,0.5274522898308284,0.2236535914109494,0.0,0.5274522898308284,0.0,1.6060803945476098e-06,0.5038649486010918,0.2191627259722403,1.6060803945476098e-06,0.5038649486010918,national,national,All_cities,annual_all_days_primary,All calendar-year days; non-heatwave days contribute zero,"1,2,3,4,5,6,7,8,9,10,11,12"
primary_national,national pooled,annual_all_days_primary,ssp370,2030,2025-2030,exceeded_quantity_day_all,exceeded_quantity,day,all,890.4054054054054,-0.3244545587362829,0.3244545587362829,1.7117660328722315,0.0033014364603308,0.3301436460330897,0.0115672244995637,0.7428474283138967,0.3301436460330897,0.0,0.7428474283138967,0.0,0.0113954500376984,0.7185415895951112,0.3244545587362829,0.0113954500376984,0.7185415895951112,national,national,All_cities,annual_all_days_primary,All calendar-year days; non-heatwave days contribute zero,"1,2,3,4,5,6,7,8,9,10,11,12"
primary_national,national pooled,annual_all_days_primary,ssp370,2030,2025-2030,exceeded_quantity_night_all,exceeded_quantity,night,all,335.7027027027027,-0.0127600945786176,0.0127600945786176,0.1854642313490911,0.0001278850966812,0.0127885096681208,0.0,0.0935661173385936,0.0127885096681208,0.0,0.0935661173385936,0.0,0.0,0.0924383664596967,0.0127600945786176,0.0,0.0924383664596967,national,national,All_cities,annual_all_days_primary,All calendar-year days; non-heatwave days contribute zero,"1,2,3,4,5,6,7,8,9,10,11,12"
primary_national,national pooled,annual_all_days_primary,ssp370,2031,2031-2040,cehwi_composite_all,cehwi,composite,all,436.7702702702703,-0.2479785443430136,0.2479785443430136,2.891751116127523,0.0025471147605209,0.2547114760520917,0.0081794197910476,0.5017012838562944,0.2547114760520917,0.0077216682478895,0.5017012838562944,0.0,0.008170890751277,0.4761622206707401,0.2479785443430136,0.008170890751277,0.4761622206707401,national,national,All_cities,annual_all_days_primary,All calendar-year days; non-heatwave days contribute zero,"1,2,3,4,5,6,7,8,9,10,11,12"
primary_national,national pooled,annual_all_days_primary,ssp370,2031,2031-2040,cehwi_day_all,cehwi,day,all,867.8243243243244,-0.2764947167997637,0.2764947167997637,1.3784942284983248,0.0028099260669959,0.2809926066995993,0.0031748287951835,0.6648832524551204,0.2809926066995993,0.0,0.6648832524551204,0.0,0.0031558042105855,0.6425914444060984,0.2764947167997637,0.0031558042105855,0.6425914444060984,national,national,All_cities,annual_all_days_primary,All calendar-year days; non-heatwave days contribute zero,"1,2,3,4,5,6,7,8,9,10,11,12"
primary_national,national pooled,annual_all_days_primary,ssp370,2031,2031-2040,cehwi_night_all,cehwi,night,all,387.6486486486487,0.0263951822605673,0.0,0.0,0.0,0.0,0.0,0.0319959917131349,0.0,0.0,0.0319959917131349,0.0,0.0,0.0318387727618324,0.0,0.0,0.0318387727618324,national,national,All_cities,annual_all_days_primary,All calendar-year days; non-heatwave days contribute zero,"1,2,3,4,5,6,7,8,9,10,11,12"
primary_national,national pooled,annual_all_days_primary,ssp370,2031,2031-2040,exceeded_quantity_composite_all,exceeded_quantity,composite,all,436.7702702702703,-0.2445446572783764,0.2445446572783764,3.0309362811826164,0.0024993325001694,0.2499332500169461,0.0001451709399423,0.587097840493348,0.2499332500169461,0.0,0.587097840493348,0.0,0.0001442237904983,0.5591512583977394,0.2445446572783764,0.0001442237904983,0.5591512583977394,national,national,All_cities,annual_all_days_primary,All calendar-year days; non-heatwave days contribute zero,"1,2,3,4,5,6,7,8,9,10,11,12"
primary_national,national pooled,annual_all_days_primary,ssp370,2031,2031-2040,exceeded_quantity_day_all,exceeded_quantity,day,all,867.8243243243244,-0.3511300362020992,0.3511300362020992,1.8538614804516067,0.0035798656148354,0.3579865614835454,0.0168501378509261,0.7924173854380374,0.3579865614835454,0.0033850733587081,0.7924173854380374,0.0,0.0165891462510668,0.764440618833455,0.3511300362020992,0.0165891462510668,0.764440618833455,national,national,All_cities,annual_all_days_primary,All calendar-year days; non-heatwave days contribute zero,"1,2,3,4,5,6,7,8,9,10,11,12"
primary_national,national pooled,annual_all_days_primary,ssp370,2031,2031-2040,exceeded_quantity_night_all,exceeded_quantity,night,all,387.6486486486487,-0.0163998816038941,0.0163998816038941,0.2035842994226041,0.0001644071488258,0.0164407148825887,0.0,0.1169206061598117,0.0164407148825887,0.0,0.1169206061598117,0.0,0.0,0.1153693694750492,0.0163998816038941,0.0,0.1153693694750492,national,national,All_cities,annual_all_days_primary,All calendar-year days; non-heatwave days contribute zero,"1,2,3,4,5,6,7,8,9,10,11,12"
primary_national,national pooled,annual_all_days_primary,ssp370,2032,2031-2040,cehwi_composite_all,cehwi,composite,all,406.1081081081081,-0.1919010336117129,0.1919010336117129,2.563656697231284,0.0019638895510679,0.1963889551067972,0.0060161952502855,0.3869572573622731,0.1963889551067972,0.0058206528513216,0.3869572573622731,0.0,0.0060110483082152,0.3698898582322712,0.1919010336117129,0.0060110483082152,0.3698898582322712,national,national,All_cities,annual_all_days_primary,All calendar-year days; non-heatwave days contribute zero,"1,2,3,4,5,6,7,8,9,10,11,12"
primary_national,national pooled,annual_all_days_primary,ssp370,2032,2031-2040,cehwi_day_all,cehwi,day,all,790.8648648648649,-0.1996995151084903,0.1996995151084903,1.0740852006116306,0.0020276224425178,0.2027622442517892,0.0037348585027473,0.4821112865610588,0.2027622442517892,0.0,0.4821112865610588,0.0,0.0037059028162061,0.4673640359933531,0.1996995151084903,0.0037059028162061,0.4673640359933531,national,national,All_cities,annual_all_days_primary,All calendar-year days; non-heatwave days contribute zero,"1,2,3,4,5,6,7,8,9,10,11,12"
primary_national,national pooled,annual_all_days_primary,ssp370,2032,2031-2040,cehwi_night_all,cehwi,night,all,379.7027027027027,0.0296055413184995,0.0,0.0,0.0,0.0,0.0,0.0371112815362532,0.0,0.0,0.0371112815362532,0.0,0.0,0.0368767684453529,0.0,0.0,0.0368767684453529,national,national,All_cities,annual_all_days_primary,All calendar-year days; non-heatwave days contribute zero,"1,2,3,4,5,6,7,8,9,10,11,12"
primary_national,national pooled,annual_all_days_primary,ssp370,2032,2031-2040,exceeded_quantity_composite_all,exceeded_quantity,composite,all,406.1081081081081,-0.2006062192473776,0.2006062192473776,3.009616880394896,0.0020441199105134,0.2044119910513469,4.622766158402102e-06,0.4843008639042752,0.2044119910513469,0.0,0.4843008639042752,0.0,4.588306312150377e-06,0.4639500117322044,0.2006062192473776,4.588306312150377e-06,0.4639500117322044,national,national,All_cities,annual_all_days_primary,All calendar-year days; non-heatwave days contribute zero,"1,2,3,4,5,6,7,8,9,10,11,12"
primary_national,national pooled,annual_all_days_primary,ssp370,2032,2031-2040,exceeded_quantity_day_all,exceeded_quantity,day,all,790.8648648648649,-0.2971798612452767,0.2971798612452767,1.649472023849771,0.0030381337417874,0.3038133741787404,0.0204254994124526,0.6656158687149906,0.3038133741787404,0.0038530765135785,0.6656158687149906,0.0,0.0199818690621366,0.640601579453389,0.2971798612452767,0.0199818690621366,0.640601579453389,national,national,All_cities,annual_all_days_primary,All calendar-year days; non-heatwave days contribute zero,"1,2,3,4,5,6,7,8,9,10,11,12"
primary_national,national pooled,annual_all_days_primary,ssp370,2032,2031-2040,exceeded_quantity_night_all,exceeded_quantity,night,all,379.7027027027027,-0.0179975188505124,0.0179975188505124,0.2137738019274307,0.0001805368302278,0.0180536830227858,0.0,0.1233955172725745,0.0180536830227858,0.0,0.1233955172725745,0.0,0.0,0.1216427940719291,0.0179975188505124,0.0,0.1216427940719291,national,national,All_cities,annual_all_days_primary,All calendar-year days; non-heatwave days contribute zero,"1,2,3,4,5,6,7,8,9,10,11,12"
primary_national,national pooled,annual_all_days_primary,ssp370,2033,2031-2040,cehwi_composite_all,cehwi,composite,all,351.8918918918919,-0.1723270625592255,0.1723270625592255,2.3825707005342665,0.001768719162906,0.1768719162906037,0.0055102123694823,0.3484619052618052,0.1768719162906037,0.0052819273194023,0.3484619052618052,0.0,0.0055047509128867,0.331211348524454,0.1723270625592255,0.0055047509128867,0.331211348524454,national,national,All_cities,annual_all_days_primary,All calendar-year days; non-heatwave days contribute zero,"1,2,3,4,5,6,7,8,9,10,11,12"
primary_national,national pooled,annual_all_days_primary,ssp370,2033,2031-2040,cehwi_day_all,cehwi,day,all,671.8513513513514,-0.1668673617145289,0.1668673617145289,1.0519876385219276,0.0016917465769726,0.1691746576972634,0.0009779844807074,0.4077126338336622,0.1691746576972634,0.0,0.4077126338336622,0.0,0.0009715460539345,0.3957690147875487,0.1668673617145289,0.0009715460539345,0.3957690147875487,national,national,All_cities,annual_all_days_primary,All calendar-year days; non-heatwave days contribute zero,"1,2,3,4,5,6,7,8,9,10,11,12"
primary_national,national pooled,annual_all_days_primary,ssp370,2033,2031-2040,cehwi_night_all,cehwi,night,all,417.2702702702703,0.0269613578432069,0.0,0.0,0.0,0.0,0.0,0.032473196888642,0.0,0.0,0.032473196888642,0.0,0.0,0.0323332669125509,0.0,0.0,0.0323332669125509,national,national,All_cities,annual_all_days_primary,All calendar-year days; non-heatwave days contribute zero,"1,2,3,4,5,6,7,8,9,10,11,12"
primary_national,national pooled,annual_all_days_primary,ssp370,2033,2031-2040,exceeded_quantity_composite_all,exceeded_quantity,composite,all,351.8918918918919,-0.1632528474817175,0.1632528474817175,2.690825254129108,0.0016637619984806,0.1663761998480663,0.0,0.3939119669170504,0.1663761998480663,0.0,0.3939119669170504,0.0,0.0,0.3772902548357057,0.1632528474817175,0.0,0.3772902548357057,national,national,All_cities,annual_all_days_primary,All calendar-year days; non-heatwave days contribute zero,"1,2,3,4,5,6,7,8,9,10,11,12"
primary_national,national pooled,annual_all_days_primary,ssp370,2033,2031-2040,exceeded_quantity_day_all,exceeded_quantity,day,all,671.8513513513514,-0.2111425373182799,0.2111425373182799,1.4092760225720082,0.0021419854195361,0.2141985419536196,0.0046017308840941,0.4942743359527468,0.2141985419536196,0.0,0.4942743359527468,0.0,0.0045378663362225,0.4802784529766259,0.2111425373182799,0.0045378663362225,0.4802784529766259,national,national,All_cities,annual_all_days_primary,All calendar-year days; non-heatwave days contribute zero,"1,2,3,4,5,6,7,8,9,10,11,12"
primary_national,national pooled,annual_all_days_primary,ssp370,2033,2031-2040,exceeded_quantity_night_all,exceeded_quantity,night,all,417.2702702702703,-0.0180583795850263,0.0180583795850263,0.2077685159810104,0.0001810403459839,0.0181040345983972,0.0,0.1287911939380252,0.0181040345983972,0.0,0.1287911939380252,0.0,0.0,0.1270968757582958,0.0180583795850263,0.0,0.1270968757582958,national,national,All_cities,annual_all_days_primary,All calendar-year days; non-heatwave days contribute zero,"1,2,3,4,5,6,7,8,9,10,11,12"
primary_national,national pooled,annual_all_days_primary,ssp370,2034,2031-2040,cehwi_composite_all,cehwi,composite,all,452.3783783783784,-0.2239593738796874,0.2239593738796874,2.580248475233576,0.0022968051147108,0.2296805114710889,0.0067392983466093,0.4567657382165547,0.2296805114710889,0.0053236805586308,0.4567657382165547,0.0,0.0067330631197779,0.4344463862626733,0.2239593738796874,0.0067330631197779,0.4344463862626733,national,national,All_cities,annual_all_days_primary,All calendar-year days; non-heatwave days contribute zero,"1,2,3,4,5,6,7,8,9,10,11,12"
primary_national,national pooled,annual_all_days_primary,ssp370,2034,2031-2040,cehwi_day_all,cehwi,day,all,759.7972972972973,-0.1790141787246637,0.1790141787246637,0.9963575826408926,0.0018129240220649,0.1812924022064999,0.0004668065418443,0.4407539511314258,0.1812924022064998,0.0,0.4407539511314258,0.0,0.0004646937673324,0.4286041590931552,0.1790141787246637,0.0004646937673324,0.4286041590931552,national,national,All_cities,annual_all_days_primary,All calendar-year days; non-heatwave days contribute zero,"1,2,3,4,5,6,7,8,9,10,11,12"
primary_national,national pooled,annual_all_days_primary,ssp370,2034,2031-2040,cehwi_night_all,cehwi,night,all,409.8783783783784,0.0270734115991054,0.0,0.0,0.0,0.0,0.0,0.0324465453187535,0.0,0.0,0.0324465453187535,0.0,0.0,0.0323168441104036,0.0,0.0,0.0323168441104036,national,national,All_cities,annual_all_days_primary,All calendar-year days; non-heatwave days contribute zero,"1,2,3,4,5,6,7,8,9,10,11,12"
primary_national,national pooled,annual_all_days_primary,ssp370,2034,2031-2040,exceeded_quantity_composite_all,exceeded_quantity,composite,all,452.3783783783784,-0.2306003238506284,0.2306003238506284,3.0619527930907995,0.0023539784453401,0.2353978445340133,4.884423984148272e-06,0.5551221303123103,0.2353978445340133,0.0,0.5551221303123103,0.0,4.84596358943199e-06,0.5299277166714812,0.2306003238506284,4.84596358943199e-06,0.5299277166714812,national,national,All_cities,annual_all_days_primary,All calendar-year days; non-heatwave days contribute zero,"1,2,3,4,5,6,7,8,9,10,11,12"
primary_national,national pooled,annual_all_days_primary,ssp370,2034,2031-2040,exceeded_quantity_day_all,exceeded_quantity,day,all,759.7972972972973,-0.2751713235523085,0.2751713235523085,1.5899493343014792,0.0028012348125313,0.2801234812531363,0.0111280101939986,0.6291729351800602,0.2801234812531363,0.0,0.6291729351800602,0.0,0.0109416568668366,0.6084253381446072,0.2751713235523085,0.0109416568668366,0.6084253381446072,national,national,All_cities,annual_all_days_primary,All calendar-year days; non-heatwave days contribute zero,"1,2,3,4,5,6,7,8,9,10,11,12"
primary_national,national pooled,annual_all_days_primary,ssp370,2034,2031-2040,exceeded_quantity_night_all,exceeded_quantity,night,all,409.8783783783784,-0.0176376300975247,0.0176376300975247,0.1933243562952903,0.0001767419485426,0.0176741948542698,0.0,0.1294931619863583,0.0176741948542698,0.0,0.1294931619863583,0.0,0.0,0.1278976853448818,0.0176376300975247,0.0,0.1278976853448818,national,national,All_cities,annual_all_days_primary,All calendar-year days; non-heatwave days contribute zero,"1,2,3,4,5,6,7,8,9,10,11,12"
primary_national,national pooled,annual_all_days_primary,ssp370,2035,2031-2040,cehwi_composite_all,cehwi,composite,all,483.2972972972973,-0.2588828753191444,0.2588828753191444,2.6974664616871054,0.0026534355438471,0.2653435543847164,0.008210557255392,0.5230538696924804,0.2653435543847164,0.0076332390769527,0.5230538696924804,0.0,0.0082029415970805,0.498463418753736,0.2588828753191444,0.0082029415970805,0.498463418753736,national,national,All_cities,annual_all_days_primary,All calendar-year days; non-heatwave days contribute zero,"1,2,3,4,5,6,7,8,9,10,11,12"
primary_national,national pooled,annual_all_days_primary,ssp370,2035,2031-2040,cehwi_day_all,cehwi,day,all,875.6216216216217,-0.2605030578796939,0.2605030578796939,1.3141970141716346,0.0026454666422517,0.2645466642251725,0.0033182516826075,0.6300838432002681,0.2645466642251725,0.0,0.6300838432002681,0.0,0.0032930316362672,0.609859558943886,0.2605030578796939,0.0032930316362672,0.609859558943886,national,national,All_cities,annual_all_days_primary,All calendar-year days; non-heatwave days contribute zero,"1,2,3,4,5,6,7,8,9,10,11,12"
primary_national,national pooled,annual_all_days_primary,ssp370,2035,2031-2040,cehwi_night_all,cehwi,night,all,424.4864864864865,0.0308774459902301,0.0,0.0,0.0,0.0,0.0,0.0391508636117478,0.0,0.0,0.0391508636117478,0.0,0.0,0.0388909694265512,0.0,0.0,0.0388909694265512,national,national,All_cities,annual_all_days_primary,All calendar-year days; non-heatwave days contribute zero,"1,2,3,4,5,6,7,8,9,10,11,12"
primary_national,national pooled,annual_all_days_primary,ssp370,2035,2031-2040,exceeded_quantity_composite_all,exceeded_quantity,composite,all,483.2972972972973,-0.2469635859599917,0.2469635859599917,3.005534522092192,0.0025150581300738,0.2515058130073879,0.0,0.5973998421465868,0.2515058130073879,0.0,0.5973998421465868,0.0,0.0,0.5728791552158635,0.2469635859599917,0.0,0.5728791552158635,national,national,All_cities,annual_all_days_primary,All calendar-year days; non-heatwave days contribute zero,"1,2,3,4,5,6,7,8,9,10,11,12"
primary_national,national pooled,annual_all_days_primary,ssp370,2035,2031-2040,exceeded_quantity_day_all,exceeded_quantity,day,all,875.6216216216217,-0.3342959383544078,0.3342959383544078,1.7541528505475628,0.0034012261021524,0.3401226102152428,0.0114088031896372,0.7660422699388956,0.3401226102152428,0.0013363374814116,0.7660422699388956,0.0,0.0112442270779977,0.7408816283973544,0.3342959383544078,0.0112442270779977,0.7408816283973544,national,national,All_cities,annual_all_days_primary,All calendar-year days; non-heatwave days contribute zero,"1,2,3,4,5,6,7,8,9,10,11,12"
primary_national,national pooled,annual_all_days_primary,ssp370,2035,2031-2040,exceeded_quantity_night_all,exceeded_quantity,night,all,424.4864864864865,-0.0188436118443031,0.0188436118443031,0.2049350096202106,0.0001890250901592,0.0189025090159282,0.0,0.1311303172799779,0.0189025090159282,0.0,0.1311303172799779,0.0,0.0,0.129340305083977,0.0188436118443031,0.0,0.129340305083977,national,national,All_cities,annual_all_days_primary,All calendar-year days; non-heatwave days contribute zero,"1,2,3,4,5,6,7,8,9,10,11,12"
primary_national,national pooled,annual_all_days_primary,ssp370,2036,2031-2040,cehwi_composite_all,cehwi,composite,all,440.2702702702703,-0.2203229502667453,0.2203229502667453,2.6211433601496736,0.0022561901129646,0.2256190112964687,0.0071344668626106,0.4441655507041975,0.2256190112964687,0.0070724718887403,0.4441655507041975,0.0,0.0071279477989567,0.424082568612747,0.2203229502667453,0.0071279477989567,0.424082568612747,national,national,All_cities,annual_all_days_primary,All calendar-year days; non-heatwave days contribute zero,"1,2,3,4,5,6,7,8,9,10,11,12"
primary_national,national pooled,annual_all_days_primary,ssp370,2036,2031-2040,cehwi_day_all,cehwi,day,all,714.0675675675676,-0.1624812467165655,0.1624812467165655,0.9645179499532112,0.0016425024147689,0.1642502414768989,0.0002004595356122,0.4055612625585607,0.1642502414768989,0.0,0.4055612625585607,0.0,0.0001994289676804,0.3955734521968043,0.1624812467165655,0.0001994289676804,0.3955734521968043,national,national,All_cities,annual_all_days_primary,All calendar-year days; non-heatwave days contribute zero,"1,2,3,4,5,6,7,8,9,10,11,12"
primary_national,national pooled,annual_all_days_primary,ssp370,2036,2031-2040,cehwi_night_all,cehwi,night,all,422.2837837837838,0.0283458345849644,0.0,0.0,0.0,0.0,0.0,0.0346769549498272,0.0,0.0,0.0346769549498272,0.0,0.0,0.0345019107202664,0.0,0.0,0.0345019107202664,national,national,All_cities,annual_all_days_primary,All calendar-year days; non-heatwave days contribute zero,"1,2,3,4,5,6,7,8,9,10,11,12"
primary_national,national pooled,annual_all_days_primary,ssp370,2036,2031-2040,exceeded_quantity_composite_all,exceeded_quantity,composite,all,440.2702702702703,-0.2181630309969574,0.2181630309969573,2.9925045632064458,0.0022237008393362,0.2223700839336262,0.0,0.5261769557612169,0.2223700839336262,0.0,0.5261769557612169,0.0,0.0,0.5038271431313287,0.2181630309969573,0.0,0.5038271431313287,national,national,All_cities,annual_all_days_primary,All calendar-year days; non-heatwave days contribute zero,"1,2,3,4,5,6,7,8,9,10,11,12"
primary_national,national pooled,annual_all_days_primary,ssp370,2036,2031-2040,exceeded_quantity_day_all,exceeded_quantity,day,all,714.0675675675676,-0.2474765472552756,0.2474765472552756,1.522428478280229,0.0025124984306997,0.2512498430699768,0.0058397600958666,0.5758748808369244,0.2512498430699768,3.361545036204899e-05,0.5758748808369244,0.0,0.0057646109350458,0.5587790697469283,0.2474765472552756,0.0057646109350458,0.5587790697469283,national,national,All_cities,annual_all_days_primary,All calendar-year days; non-heatwave days contribute zero,"1,2,3,4,5,6,7,8,9,10,11,12"
primary_national,national pooled,annual_all_days_primary,ssp370,2036,2031-2040,exceeded_quantity_night_all,exceeded_quantity,night,all,422.2837837837838,-0.0179986243929057,0.0179986243929057,0.2141884778811547,0.0001803936172905,0.0180393617290532,0.0,0.1307706065773331,0.0180393617290532,0.0,0.1307706065773331,0.0,0.0,0.1291145234923406,0.0179986243929057,0.0,0.1291145234923406,national,national,All_cities,annual_all_days_primary,All calendar-year days; non-heatwave days contribute zero,"1,2,3,4,5,6,7,8,9,10,11,12"
primary_national,national pooled,annual_all_days_primary,ssp370,2037,2031-2040,cehwi_composite_all,cehwi,composite,all,447.8918918918919,-0.2640212287607882,0.2640212287607882,2.862368578234992,0.0027169951010468,0.271699510104684,0.0083622072970575,0.5364454905303547,0.271699510104684,0.0070613028655034,0.5364454905303547,0.0,0.0083531024953578,0.5071497799836963,0.2640212287607882,0.0083531024953578,0.5071497799836963,national,national,All_cities,annual_all_days_primary,All calendar-year days; non-heatwave days contribute zero,"1,2,3,4,5,6,7,8,9,10,11,12"
primary_national,national pooled,annual_all_days_primary,ssp370,2037,2031-2040,cehwi_day_all,cehwi,day,all,817.4459459459459,-0.2565165509690947,0.2565165509690947,1.2959872069921676,0.002610204529117,0.261020452911703,0.0051461375184318,0.6097201367087437,0.261020452911703,0.0,0.6097201367087437,0.0,0.0051133563162577,0.5884008111511232,0.2565165509690947,0.0051133563162577,0.5884008111511232,national,national,All_cities,annual_all_days_primary,All calendar-year days; non-heatwave days contribute zero,"1,2,3,4,5,6,7,8,9,10,11,12"
primary_national,national pooled,annual_all_days_primary,ssp370,2037,2031-2040,cehwi_night_all,cehwi,night,all,462.2702702702703,0.0333228714642685,0.0,0.0,0.0,0.0,0.0,0.0414199456829674,0.0,0.0,0.0414199456829674,0.0,0.0,0.0411729123411753,0.0,0.0,0.0411729123411753,national,national,All_cities,annual_all_days_primary,All calendar-year days; non-heatwave days contribute zero,"1,2,3,4,5,6,7,8,9,10,11,12"
primary_national,national pooled,annual_all_days_primary,ssp370,2037,2031-2040,exceeded_quantity_composite_all,exceeded_quantity,composite,all,447.8918918918919,-0.2421190559912469,0.2421190559912469,2.9906664208508427,0.0024726917078721,0.24726917078721,0.0,0.5816599407776223,0.24726917078721,0.0,0.5816599407776223,0.0,0.0,0.554656817442962,0.2421190559912469,0.0,0.554656817442962,national,national,All_cities,annual_all_days_primary,All calendar-year days; non-heatwave days contribute zero,"1,2,3,4,5,6,7,8,9,10,11,12"
primary_national,national pooled,annual_all_days_primary,ssp370,2037,2031-2040,exceeded_quantity_day_all,exceeded_quantity,day,all,817.4459459459459,-0.3013487147503115,0.3013487147503115,1.6052824209727825,0.0030693836851342,0.3069383685134286,0.0139742465968808,0.6867099228465167,0.3069383685134286,0.0003851909172752,0.6867099228465167,0.0,0.0137308596753836,0.6637066344738106,0.3013487147503115,0.0137308596753836,0.6637066344738106,national,national,All_cities,annual_all_days_primary,All calendar-year days; non-heatwave days contribute zero,"1,2,3,4,5,6,7,8,9,10,11,12"
primary_national,national pooled,annual_all_days_primary,ssp370,2037,2031-2040,exceeded_quantity_night_all,exceeded_quantity,night,all,462.2702702702703,-0.0236691264275792,0.0236691264275792,0.2454862389796019,0.0002378664554636,0.02378664554636,0.0,0.1518817162394889,0.02378664554636,0.0,0.1518817162394889,0.0,0.0,0.1494975723003581,0.0236691264275792,0.0,0.1494975723003581,national,national,All_cities,annual_all_days_primary,All calendar-year days; non-heatwave days contribute zero,"1,2,3,4,5,6,7,8,9,10,11,12"
primary_national,national pooled,annual_all_days_primary,ssp370,2038,2031-2040,cehwi_composite_all,cehwi,composite,all,508.94594594594594,-0.2957716786450323,0.2957716786450323,2.9015692214839404,0.0030408252681814,0.3040825268181462,0.008995993419571,0.6049969725939964,0.3040825268181462,0.0070930836057785,0.6049969725939964,0.0,0.008986714073932,0.5726435384186682,0.2957716786450323,0.008986714073932,0.5726435384186682,national,national,All_cities,annual_all_days_primary,All calendar-year days; non-heatwave days contribute zero,"1,2,3,4,5,6,7,8,9,10,11,12"
primary_national,national pooled,annual_all_days_primary,ssp370,2038,2031-2040,cehwi_day_all,cehwi,day,all,802.1081081081081,-0.2005718335474067,0.2005718335474067,1.095864854781284,0.0020327474218326,0.2032747421832628,0.0010201203517108,0.4913983049107081,0.2032747421832628,0.0,0.4913983049107081,0.0,0.0010147167888177,0.4772538162109333,0.2005718335474067,0.0010147167888177,0.4772538162109333,national,national,All_cities,annual_all_days_primary,All calendar-year days; non-heatwave days contribute zero,"1,2,3,4,5,6,7,8,9,10,11,12"
primary_national,national pooled,annual_all_days_primary,ssp370,2038,2031-2040,cehwi_night_all,cehwi,night,all,455.7162162162162,0.0307128146940187,0.0,0.0,0.0,0.0,0.0,0.036857987757372,0.0,0.0,0.036857987757372,0.0,0.0,0.0367036020655853,0.0,0.0,0.0367036020655853,national,national,All_cities,annual_all_days_primary,All calendar-year days; non-heatwave days contribute zero,"1,2,3,4,5,6,7,8,9,10,11,12"
primary_national,national pooled,annual_all_days_primary,ssp370,2038,2031-2040,exceeded_quantity_composite_all,exceeded_quantity,composite,all,508.94594594594594,-0.2688183829953344,0.2688183829953344,3.0836518670804263,0.0027415473592873,0.2741547359287354,0.0,0.6479824529503434,0.2741547359287354,0.0,0.6479824529503434,0.0,0.0,0.6195617300457085,0.2688183829953344,0.0,0.6195617300457085,national,national,All_cities,annual_all_days_primary,All calendar-year days; non-heatwave days contribute zero,"1,2,3,4,5,6,7,8,9,10,11,12"
primary_national,national pooled,annual_all_days_primary,ssp370,2038,2031-2040,exceeded_quantity_day_all,exceeded_quantity,day,all,802.1081081081081,-0.2836057547598313,0.2836057547598313,1.60715573122595,0.002881273363738,0.2881273363738015,0.0065932917274251,0.6563700669643456,0.2881273363738015,0.0,0.6563700669643456,0.0,0.0065109903950044,0.6359534764594305,0.2836057547598313,0.0065109903950044,0.6359534764594305,national,national,All_cities,annual_all_days_primary,All calendar-year days; non-heatwave days contribute zero,"1,2,3,4,5,6,7,8,9,10,11,12"
primary_national,national pooled,annual_all_days_primary,ssp370,2038,2031-2040,exceeded_quantity_night_all,exceeded_quantity,night,all,455.7162162162162,-0.0200743394604285,0.0200743394604285,0.2245423915361969,0.0002013702313745,0.0201370231374513,0.0,0.1413859430501918,0.0201370231374513,0.0,0.1413859430501918,0.0,0.0,0.1395070812550458,0.0200743394604285,0.0,0.1395070812550458,national,national,All_cities,annual_all_days_primary,All calendar-year days; non-heatwave days contribute zero,"1,2,3,4,5,6,7,8,9,10,11,12"
primary_national,national pooled,annual_all_days_primary,ssp370,2039,2031-2040,cehwi_composite_all,cehwi,composite,all,467.4054054054054,-0.2544006199496677,0.2544006199496677,2.878474142628809,0.0026141928217499,0.261419282174991,0.0080368697624974,0.5162184015506044,0.261419282174991,0.0066390371764244,0.5162184015506044,0.0,0.0080286253313879,0.4894013107075546,0.2544006199496677,0.0080286253313879,0.4894013107075546,national,national,All_cities,annual_all_days_primary,All calendar-year days; non-heatwave days contribute zero,"1,2,3,4,5,6,7,8,9,10,11,12"
primary_national,national pooled,annual_all_days_primary,ssp370,2039,2031-2040,cehwi_day_all,cehwi,day,all,829.1621621621622,-0.2192103357309097,0.2192103357309097,1.1700896979896376,0.0022244167880045,0.2224416788004573,0.0019714011395321,0.5324657006383525,0.2224416788004573,0.0,0.5324657006383525,0.0,0.0019608795471629,0.516013844126335,0.2192103357309097,0.0019608795471629,0.516013844126335,national,national,All_cities,annual_all_days_primary,All calendar-year days; non-heatwave days contribute zero,"1,2,3,4,5,6,7,8,9,10,11,12"
primary_national,national pooled,annual_all_days_primary,ssp370,2039,2031-2040,cehwi_night_all,cehwi,night,all,391.22972972972974,0.0270608115858733,0.0,0.0,0.0,0.0,0.0,0.0327896038496134,0.0,0.0,0.0327896038496134,0.0,0.0,0.0326376387532412,0.0,0.0,0.0326376387532412,national,national,All_cities,annual_all_days_primary,All calendar-year days; non-heatwave days contribute zero,"1,2,3,4,5,6,7,8,9,10,11,12"
primary_national,national pooled,annual_all_days_primary,ssp370,2039,2031-2040,exceeded_quantity_composite_all,exceeded_quantity,composite,all,467.4054054054054,-0.2368481762951571,0.2368481762951571,3.1218673919743334,0.0024152633360751,0.2415263336075181,0.0,0.5711222353657368,0.2415263336075181,0.0,0.5711222353657368,0.0,0.0,0.546181985582424,0.2368481762951571,0.0,0.546181985582424,national,national,All_cities,annual_all_days_primary,All calendar-year days; non-heatwave days contribute zero,"1,2,3,4,5,6,7,8,9,10,11,12"
primary_national,national pooled,annual_all_days_primary,ssp370,2039,2031-2040,exceeded_quantity_day_all,exceeded_quantity,day,all,829.1621621621622,-0.2920383488332501,0.2920383488332501,1.6236782403047738,0.0029727145307839,0.2972714530783957,0.0117906607391009,0.6670837931997555,0.2972714530783957,0.0007790949115555,0.6670837931997555,0.0,0.0116082284652269,0.645129322852075,0.2920383488332501,0.0116082284652269,0.645129322852075,national,national,All_cities,annual_all_days_primary,All calendar-year days; non-heatwave days contribute zero,"1,2,3,4,5,6,7,8,9,10,11,12"
primary_national,national pooled,annual_all_days_primary,ssp370,2039,2031-2040,exceeded_quantity_night_all,exceeded_quantity,night,all,391.22972972972974,-0.0176385502362248,0.0176385502362248,0.2327323282336008,0.000176804237003,0.0176804237003091,0.0,0.1266334745330909,0.0176804237003091,0.0,0.1266334745330909,0.0,0.0,0.1249790665343529,0.0176385502362248,0.0,0.1249790665343529,national,national,All_cities,annual_all_days_primary,All calendar-year days; non-heatwave days contribute zero,"1,2,3,4,5,6,7,8,9,10,11,12"
primary_national,national pooled,annual_all_days_primary,ssp370,2040,2031-2040,cehwi_composite_all,cehwi,composite,all,511.6621621621622,-0.2638376785262935,0.2638376785262935,2.5282041798708463,0.0027029832315952,0.2702983231595202,0.008580115871436,0.5320466516898026,0.2702983231595202,0.0085499946292381,0.5320466516898026,0.0,0.0085721506725245,0.5075602370443032,0.2638376785262935,0.0085721506725245,0.5075602370443032,national,national,All_cities,annual_all_days_primary,All calendar-year days; non-heatwave days contribute zero,"1,2,3,4,5,6,7,8,9,10,11,12"
primary_national,national pooled,annual_all_days_primary,ssp370,2040,2031-2040,cehwi_day_all,cehwi,day,all,847.3648648648649,-0.231152931982219,0.231152931982219,1.1613986310767803,0.0023515618195066,0.2351561819506693,0.0058427778303438,0.5494354356975008,0.2351561819506693,0.0,0.5494354356975008,0.0,0.0057961934885592,0.5310175650553685,0.231152931982219,0.0057961934885592,0.5310175650553685,national,national,All_cities,annual_all_days_primary,All calendar-year days; non-heatwave days contribute zero,"1,2,3,4,5,6,7,8,9,10,11,12"
primary_national,national pooled,annual_all_days_primary,ssp370,2040,2031-2040,cehwi_night_all,cehwi,night,all,445.2972972972973,0.0259791016240508,0.0,0.0,0.0,0.0,0.0,0.0309861099638169,0.0,0.0,0.0309861099638169,0.0,0.0,0.0308715231738445,0.0,0.0,0.0308715231738445,national,national,All_cities,annual_all_days_primary,All calendar-year days; non-heatwave days contribute zero,"1,2,3,4,5,6,7,8,9,10,11,12"
primary_national,national pooled,annual_all_days_primary,ssp370,2040,2031-2040,exceeded_quantity_composite_all,exceeded_quantity,composite,all,511.6621621621622,-0.2608639549570776,0.2608639549570776,2.9013908627233187,0.0026596502742075,0.2659650274207537,0.0,0.6288922220769873,0.2659650274207537,0.0,0.6288922220769873,0.0,0.0,0.6017526308725438,0.2608639549570776,0.0,0.6017526308725438,national,national,All_cities,annual_all_days_primary,All calendar-year days; non-heatwave days contribute zero,"1,2,3,4,5,6,7,8,9,10,11,12"
primary_national,national pooled,annual_all_days_primary,ssp370,2040,2031-2040,exceeded_quantity_day_all,exceeded_quantity,day,all,847.3648648648649,-0.3122107726849163,0.3122107726849163,1.6325145902047031,0.0031793888462771,0.3179388846277139,0.0129651391613586,0.7100773992801686,0.3179388846277139,2.952448933843587e-05,0.7100773992801686,0.0,0.0127825860579154,0.6861293703728496,0.3122107726849163,0.0127825860579154,0.6861293703728496,national,national,All_cities,annual_all_days_primary,All calendar-year days; non-heatwave days contribute zero,"1,2,3,4,5,6,7,8,9,10,11,12"
primary_national,national pooled,annual_all_days_primary,ssp370,2040,2031-2040,exceeded_quantity_night_all,exceeded_quantity,night,all,445.2972972972973,-0.0183516862625717,0.0183516862625717,0.2308105068470967,0.0001840212358386,0.0184021235838677,0.0,0.1306164971953678,0.0184021235838677,0.0,0.1306164971953678,0.0,0.0,0.1289084430247954,0.0183516862625717,0.0,0.1289084430247954,national,national,All_cities,annual_all_days_primary,All calendar-year days; non-heatwave days contribute zero,"1,2,3,4,5,6,7,8,9,10,11,12"
primary_national,national pooled,annual_all_days_primary,ssp370,2041,2041-2050,cehwi_composite_all,cehwi,composite,all,534.2837837837837,-0.2760613139669055,0.2760613139669055,2.7141605752453315,0.0028315415377673,0.2831541537767355,0.0091414837344953,0.5571840929117855,0.2831541537767355,0.0091242146416858,0.5571840929117855,0.0,0.009132498807465,0.5303346594772392,0.2760613139669055,0.009132498807465,0.5303346594772392,national,national,All_cities,annual_all_days_primary,All calendar-year days; non-heatwave days contribute zero,"1,2,3,4,5,6,7,8,9,10,11,12"
primary_national,national pooled,annual_all_days_primary,ssp370,2041,2041-2050,cehwi_day_all,cehwi,day,all,781.2702702702703,-0.2076297442257021,0.2076297442257021,1.1160085844813037,0.0021078199354167,0.2107819935416773,0.0025966613038707,0.5022083998972622,0.2107819935416772,0.0,0.5022083998972622,0.0,0.0025788785292904,0.4865883830359623,0.2076297442257021,0.0025788785292904,0.4865883830359623,national,national,All_cities,annual_all_days_primary,All calendar-year days; non-heatwave days contribute zero,"1,2,3,4,5,6,7,8,9,10,11,12"
primary_national,national pooled,annual_all_days_primary,ssp370,2041,2041-2050,cehwi_night_all,cehwi,night,all,396.0945945945946,0.0313413506466356,0.0,0.0,0.0,0.0,0.0,0.0380490167903831,0.0,0.0,0.0380490167903831,0.0,0.0,0.0378588700870142,0.0,0.0,0.0378588700870142,national,national,All_cities,annual_all_days_primary,All calendar-year days; non-heatwave days contribute zero,"1,2,3,4,5,6,7,8,9,10,11,12"
primary_national,national pooled,annual_all_days_primary,ssp370,2041,2041-2050,exceeded_quantity_composite_all,exceeded_quantity,composite,all,534.2837837837837,-0.2609677687914751,0.2609677687914751,3.0141531256819296,0.002660715703689,0.2660715703689053,0.0,0.6296262154063093,0.2660715703689052,0.0,0.6296262154063093,0.0,0.0,0.6024434657271526,0.2609677687914751,0.0,0.6024434657271526,national,national,All_cities,annual_all_days_primary,All calendar-year days; non-heatwave days contribute zero,"1,2,3,4,5,6,7,8,9,10,11,12"
primary_national,national pooled,annual_all_days_primary,ssp370,2041,2041-2050,exceeded_quantity_day_all,exceeded_quantity,day,all,781.2702702702703,-0.2997376077118215,0.2997376077118215,1.6791026144354615,0.0030602271651269,0.3060227165126959,0.0173973541884595,0.6766983746639658,0.306022716512696,0.0009066751024694,0.6766983746639658,0.0,0.0170617223673275,0.6519794196001154,0.2997376077118215,0.0170617223673275,0.6519794196001154,national,national,All_cities,annual_all_days_primary,All calendar-year days; non-heatwave days contribute zero,"1,2,3,4,5,6,7,8,9,10,11,12"
primary_national,national pooled,annual_all_days_primary,ssp370,2041,2041-2050,exceeded_quantity_night_all,exceeded_quantity,night,all,396.0945945945946,-0.0187789660967194,0.0187789660967194,0.2128282180354415,0.0001882388234016,0.0188238823401635,0.0,0.1346863036503862,0.0188238823401635,0.0,0.1346863036503862,0.0,0.0,0.1329150708903397,0.0187789660967194,0.0,0.1329150708903397,national,national,All_cities,annual_all_days_primary,All calendar-year days; non-heatwave days contribute zero,"1,2,3,4,5,6,7,8,9,10,11,12"
primary_national,national pooled,annual_all_days_primary,ssp370,2042,2041-2050,cehwi_composite_all,cehwi,composite,all,544.918918918919,-0.3230447794687189,0.3230447794687189,2.983167113685345,0.0033230303204138,0.3323030320413824,0.0095000194047607,0.662207572632459,0.3323030320413824,0.0066380414331307,0.662207572632459,0.0,0.0094901790728454,0.6260136945125533,0.3230447794687189,0.0094901790728454,0.6260136945125533,national,national,All_cities,annual_all_days_primary,All calendar-year days; non-heatwave days contribute zero,"1,2,3,4,5,6,7,8,9,10,11,12"
primary_national,national pooled,annual_all_days_primary,ssp370,2042,2041-2050,cehwi_day_all,cehwi,day,all,876.6756756756756,-0.2782344048304127,0.2782344048304127,1.2899306193810085,0.0028306963768193,0.2830696376819356,0.0058758393863828,0.6632186614444182,0.2830696376819356,0.0,0.6632186614444182,0.0,0.0058279014435708,0.6403992366585799,0.2782344048304127,0.0058279014435708,0.6403992366585799,national,national,All_cities,annual_all_days_primary,All calendar-year days; non-heatwave days contribute zero,"1,2,3,4,5,6,7,8,9,10,11,12"
primary_national,national pooled,annual_all_days_primary,ssp370,2042,2041-2050,cehwi_night_all,cehwi,night,all,517.972972972973,0.0464499883503816,0.0,0.0,0.0,0.0,0.0,0.05685888192835,0.0,0.0,0.05685888192835,0.0,0.0,0.0565333438467616,0.0,0.0,0.0565333438467616,national,national,All_cities,annual_all_days_primary,All calendar-year days; non-heatwave days contribute zero,"1,2,3,4,5,6,7,8,9,10,11,12"
primary_national,national pooled,annual_all_days_primary,ssp370,2042,2041-2050,exceeded_quantity_composite_all,exceeded_quantity,composite,all,544.918918918919,-0.3020907106081691,0.3020907106081691,3.181876618228163,0.0030874455271492,0.308744552714928,2.502705747115093e-05,0.7255403970613916,0.308744552714928,0.0,0.7255403970613916,0.0,2.4855677161337063e-05,0.6909355961638426,0.3020907106081691,2.4855677161337063e-05,0.6909355961638426,national,national,All_cities,annual_all_days_primary,All calendar-year days; non-heatwave days contribute zero,"1,2,3,4,5,6,7,8,9,10,11,12"
primary_national,national pooled,annual_all_days_primary,ssp370,2042,2041-2050,exceeded_quantity_day_all,exceeded_quantity,day,all,876.6756756756756,-0.3666871365874616,0.3666871365874616,1.783947152819651,0.0037482766133938,0.3748276613393844,0.0246204090207269,0.8206695162305068,0.3748276613393844,0.0022693542286536,0.8206695162305068,0.0,0.0241429060427332,0.7892659726818706,0.3666871365874616,0.0241429060427332,0.7892659726818706,national,national,All_cities,annual_all_days_primary,All calendar-year days; non-heatwave days contribute zero,"1,2,3,4,5,6,7,8,9,10,11,12"
primary_national,national pooled,annual_all_days_primary,ssp370,2042,2041-2050,exceeded_quantity_night_all,exceeded_quantity,night,all,517.972972972973,-0.0297802766479224,0.0297802766479224,0.282870101574985,0.000299037294265,0.0299037294265069,0.0,0.1947573493490349,0.0299037294265069,0.0,0.1947573493490349,0.0,0.0,0.191626105453935,0.0297802766479224,0.0,0.191626105453935,national,national,All_cities,annual_all_days_primary,All calendar-year days; non-heatwave days contribute zero,"1,2,3,4,5,6,7,8,9,10,11,12"
primary_national,national pooled,annual_all_days_primary,ssp370,2043,2041-2050,cehwi_composite_all,cehwi,composite,all,527.0540540540541,-0.2718616905723999,0.2718616905723999,2.7390699353625125,0.0027837816188907,0.2783781618890725,0.0087185377621455,0.5481809073705268,0.2783781618890725,0.0085754164076184,0.5481809073705268,0.0,0.0087107132512743,0.5234426464178109,0.2718616905723999,0.0087107132512743,0.5234426464178109,national,national,All_cities,annual_all_days_primary,All calendar-year days; non-heatwave days contribute zero,"1,2,3,4,5,6,7,8,9,10,11,12"
primary_national,national pooled,annual_all_days_primary,ssp370,2043,2041-2050,cehwi_day_all,cehwi,day,all,773.7702702702703,-0.189702032172859,0.189702032172859,1.0406187538953469,0.0019243661839028,0.1924366183902813,0.001883282600865,0.4608103199076692,0.1924366183902813,0.0,0.4608103199076692,0.0,0.0018728174505586,0.4470543282233292,0.189702032172859,0.0018728174505586,0.4470543282233292,national,national,All_cities,annual_all_days_primary,All calendar-year days; non-heatwave days contribute zero,"1,2,3,4,5,6,7,8,9,10,11,12"
primary_national,national pooled,annual_all_days_primary,ssp370,2043,2041-2050,cehwi_night_all,cehwi,night,all,492.9864864864865,0.0395887715591645,0.0,0.0,0.0,0.0,0.0,0.0477742941707103,0.0,0.0,0.0477742941707103,0.0,0.0,0.0475485833094292,0.0,0.0,0.0475485833094292,national,national,All_cities,annual_all_days_primary,All calendar-year days; non-heatwave days contribute zero,"1,2,3,4,5,6,7,8,9,10,11,12"
primary_national,national pooled,annual_all_days_primary,ssp370,2043,2041-2050,exceeded_quantity_composite_all,exceeded_quantity,composite,all,527.0540540540541,-0.2546344578066504,0.2546344578066504,2.953996091763992,0.0025918533839631,0.2591853383963167,0.0,0.6165366508134237,0.2591853383963167,0.0,0.6165366508134237,0.0,0.0,0.5919095566356031,0.2546344578066504,0.0,0.5919095566356031,national,national,All_cities,annual_all_days_primary,All calendar-year days; non-heatwave days contribute zero,"1,2,3,4,5,6,7,8,9,10,11,12"
primary_national,national pooled,annual_all_days_primary,ssp370,2043,2041-2050,exceeded_quantity_day_all,exceeded_quantity,day,all,773.7702702702703,-0.2553408605420632,0.2553408605420632,1.475134263327078,0.0025927070178526,0.2592707017852611,0.0054249345172582,0.5936478001359125,0.2592707017852611,0.0,0.5936478001359125,0.0,0.0053415887821084,0.5758497961117202,0.2553408605420632,0.0053415887821084,0.5758497961117202,national,national,All_cities,annual_all_days_primary,All calendar-year days; non-heatwave days contribute zero,"1,2,3,4,5,6,7,8,9,10,11,12"
primary_national,national pooled,annual_all_days_primary,ssp370,2043,2041-2050,exceeded_quantity_night_all,exceeded_quantity,night,all,492.9864864864865,-0.0253329903840628,0.0253329903840628,0.2477907140036579,0.0002540544693301,0.0254054469330143,0.0,0.1761753287918627,0.0254054469330143,0.0,0.1761753287918627,0.0,0.0,0.1736867386243425,0.0253329903840628,0.0,0.1736867386243425,national,national,All_cities,annual_all_days_primary,All calendar-year days; non-heatwave days contribute zero,"1,2,3,4,5,6,7,8,9,10,11,12"
primary_national,national pooled,annual_all_days_primary,ssp370,2044,2041-2050,cehwi_composite_all,cehwi,composite,all,517.6081081081081,-0.2483098825027208,0.2483098825027208,2.508326790501197,0.0025407685903325,0.2540768590332584,0.0078327771224064,0.5007149790561731,0.2540768590332584,0.007438739010344,0.5007149790561731,0.0,0.0078260563818867,0.4787578028643585,0.2483098825027208,0.0078260563818867,0.4787578028643585,national,national,All_cities,annual_all_days_primary,All calendar-year days; non-heatwave days contribute zero,"1,2,3,4,5,6,7,8,9,10,11,12"
primary_national,national pooled,annual_all_days_primary,ssp370,2044,2041-2050,cehwi_day_all,cehwi,day,all,853.7837837837837,-0.2160156640258335,0.2160156640258335,1.063219189646881,0.0021908115335319,0.219081153353192,0.0016083375010054,0.5264860758153046,0.219081153353192,0.0,0.5264860758153046,0.0,0.0015985696216173,0.5107714598495205,0.2160156640258335,0.0015985696216173,0.5107714598495205,national,national,All_cities,annual_all_days_primary,All calendar-year days; non-heatwave days contribute zero,"1,2,3,4,5,6,7,8,9,10,11,12"
primary_national,national pooled,annual_all_days_primary,ssp370,2044,2041-2050,cehwi_night_all,cehwi,night,all,441.9864864864865,0.0301649313565953,0.0,0.0,0.0,0.0,0.0,0.0361915130644809,0.0,0.0,0.0361915130644809,0.0,0.0,0.0360434056618381,0.0,0.0,0.0360434056618381,national,national,All_cities,annual_all_days_primary,All calendar-year days; non-heatwave days contribute zero,"1,2,3,4,5,6,7,8,9,10,11,12"
primary_national,national pooled,annual_all_days_primary,ssp370,2044,2041-2050,exceeded_quantity_composite_all,exceeded_quantity,composite,all,517.6081081081081,-0.2613944956936061,0.261394495693606,2.9985578272037894,0.0026654933694325,0.2665493369432503,0.0,0.6302365986805777,0.2665493369432503,0.0,0.6302365986805777,0.0,0.0,0.6029220908428015,0.261394495693606,0.0,0.6029220908428015,national,national,All_cities,annual_all_days_primary,All calendar-year days; non-heatwave days contribute zero,"1,2,3,4,5,6,7,8,9,10,11,12"
primary_national,national pooled,annual_all_days_primary,ssp370,2044,2041-2050,exceeded_quantity_day_all,exceeded_quantity,day,all,853.7837837837837,-0.301716771536877,0.301716771536877,1.5596893316525982,0.0030650474699593,0.3065047469959391,0.0067608316740148,0.699467893272289,0.3065047469959391,0.0,0.699467893272289,0.0,0.0066533871748545,0.6778208196892533,0.301716771536877,0.0066533871748545,0.6778208196892533,national,national,All_cities,annual_all_days_primary,All calendar-year days; non-heatwave days contribute zero,"1,2,3,4,5,6,7,8,9,10,11,12"
primary_national,national pooled,annual_all_days_primary,ssp370,2044,2041-2050,exceeded_quantity_night_all,exceeded_quantity,night,all,441.9864864864865,-0.0203545841548885,0.0203545841548885,0.2211833842401851,0.0002040239338345,0.0204023933834563,0.0,0.1465636288774784,0.0204023933834563,0.0,0.1465636288774784,0.0,0.0,0.1446621547890395,0.0203545841548885,0.0,0.1446621547890395,national,national,All_cities,annual_all_days_primary,All calendar-year days; non-heatwave days contribute zero,"1,2,3,4,5,6,7,8,9,10,11,12"
primary_national,national pooled,annual_all_days_primary,ssp370,2045,2041-2050,cehwi_composite_all,cehwi,composite,all,531.472972972973,-0.3136251040305713,0.3136251040305713,3.057378541637258,0.0032210049709111,0.3221004970911194,0.0093144475211249,0.6415382827406894,0.3221004970911194,0.0078814445470928,0.6415382827406894,0.0,0.0093054956400045,0.6084316357904999,0.3136251040305713,0.0093054956400045,0.6084316357904999,national,national,All_cities,annual_all_days_primary,All calendar-year days; non-heatwave days contribute zero,"1,2,3,4,5,6,7,8,9,10,11,12"
primary_national,national pooled,annual_all_days_primary,ssp370,2045,2041-2050,cehwi_day_all,cehwi,day,all,745.1756756756756,-0.1875298113344945,0.1875298113344945,1.0280791769743889,0.0019030835438803,0.1903083543880376,0.0020227488399253,0.454714885396257,0.1903083543880376,0.0,0.454714885396257,0.0,0.0020082873834236,0.4408185110265597,0.1875298113344945,0.0020082873834236,0.4408185110265597,national,national,All_cities,annual_all_days_primary,All calendar-year days; non-heatwave days contribute zero,"1,2,3,4,5,6,7,8,9,10,11,12"
primary_national,national pooled,annual_all_days_primary,ssp370,2045,2041-2050,cehwi_night_all,cehwi,night,all,494.5135135135135,0.0401754563728116,0.0,0.0,0.0,0.0,0.0,0.0489779442197867,0.0,0.0,0.0489779442197867,0.0,0.0,0.048718035881888,0.0,0.0,0.048718035881888,national,national,All_cities,annual_all_days_primary,All calendar-year days; non-heatwave days contribute zero,"1,2,3,4,5,6,7,8,9,10,11,12"
primary_national,national pooled,annual_all_days_primary,ssp370,2045,2041-2050,exceeded_quantity_composite_all,exceeded_quantity,composite,all,531.472972972973,-0.3009566361447718,0.3009566361447718,3.3018434582004104,0.0030746466118187,0.307464661181871,0.0,0.7221937579058881,0.307464661181871,0.0,0.7221937579058881,0.0,0.0,0.6882155808110977,0.3009566361447718,0.0,0.6882155808110977,national,national,All_cities,annual_all_days_primary,All calendar-year days; non-heatwave days contribute zero,"1,2,3,4,5,6,7,8,9,10,11,12"
primary_national,national pooled,annual_all_days_primary,ssp370,2045,2041-2050,exceeded_quantity_day_all,exceeded_quantity,day,all,745.1756756756756,-0.2770824401642199,0.2770824401642199,1.5764398039992684,0.0028284951785571,0.2828495178557133,0.0174830688724547,0.6220481059962877,0.2828495178557133,0.0029541267918504,0.6220481059962877,0.0,0.0171615809846803,0.5997625744577234,0.2770824401642199,0.0171615809846803,0.5997625744577234,national,national,All_cities,annual_all_days_primary,All calendar-year days; non-heatwave days contribute zero,"1,2,3,4,5,6,7,8,9,10,11,12"
primary_national,national pooled,annual_all_days_primary,ssp370,2045,2041-2050,exceeded_quantity_night_all,exceeded_quantity,night,all,494.5135135135135,-0.0261765791331813,0.0261765791331813,0.2537199057424734,0.0002626111616723,0.0262611161672359,0.0,0.1779936019156601,0.0262611161672359,0.0,0.1779936019156601,0.0,0.0,0.175347296368223,0.0261765791331813,0.0,0.175347296368223,national,national,All_cities,annual_all_days_primary,All calendar-year days; non-heatwave days contribute zero,"1,2,3,4,5,6,7,8,9,10,11,12"
primary_national,national pooled,annual_all_days_primary,ssp370,2046,2041-2050,cehwi_composite_all,cehwi,composite,all,612.3918918918919,-0.3343311551269966,0.3343311551269966,2.8238584048175577,0.0034303903483136,0.3430390348313613,0.0107423386789545,0.6762360705497652,0.3430390348313613,0.0098419991129579,0.6762360705497652,0.0,0.0107317491887008,0.6431080771377498,0.3343311551269966,0.0107317491887008,0.6431080771377498,national,national,All_cities,annual_all_days_primary,All calendar-year days; non-heatwave days contribute zero,"1,2,3,4,5,6,7,8,9,10,11,12"
primary_national,national pooled,annual_all_days_primary,ssp370,2046,2041-2050,cehwi_day_all,cehwi,day,all,806.2567567567568,-0.2209282311497428,0.2209282311497428,1.1468480051622172,0.0022435957591307,0.2243595759130784,0.0034300123036271,0.5340641412523793,0.2243595759130784,0.0,0.5340641412523793,0.0,0.0034019749763601,0.5172448977519594,0.2209282311497428,0.0034019749763601,0.5172448977519594,national,national,All_cities,annual_all_days_primary,All calendar-year days; non-heatwave days contribute zero,"1,2,3,4,5,6,7,8,9,10,11,12"
primary_national,national pooled,annual_all_days_primary,ssp370,2046,2041-2050,cehwi_night_all,cehwi,night,all,502.2567567567568,0.0434029086286526,0.0,0.0,0.0,0.0,0.0,0.0552065075132136,0.0,0.0,0.0552065075132136,0.0,0.0,0.0548219023113347,0.0,0.0,0.0548219023113347,national,national,All_cities,annual_all_days_primary,All calendar-year days; non-heatwave days contribute zero,"1,2,3,4,5,6,7,8,9,10,11,12"
primary_national,national pooled,annual_all_days_primary,ssp370,2046,2041-2050,exceeded_quantity_composite_all,exceeded_quantity,composite,all,612.3918918918919,-0.3235559434822562,0.3235559434822562,3.0797585023965377,0.0033011403201909,0.3301140320190924,0.0,0.778968669190685,0.3301140320190924,0.0,0.778968669190685,0.0,0.0,0.7443792514653795,0.3235559434822562,0.0,0.7443792514653795,national,national,All_cities,annual_all_days_primary,All calendar-year days; non-heatwave days contribute zero,"1,2,3,4,5,6,7,8,9,10,11,12"
primary_national,national pooled,annual_all_days_primary,ssp370,2046,2041-2050,exceeded_quantity_day_all,exceeded_quantity,day,all,806.2567567567568,-0.3125370299656608,0.3125370299656608,1.6836325123097968,0.0031864431130269,0.3186443113026901,0.0158925534530811,0.709446154449906,0.3186443113026901,0.0030589339376602,0.709446154449906,0.0,0.0155915030325013,0.6847695519629823,0.3125370299656608,0.0155915030325013,0.6847695519629823,national,national,All_cities,annual_all_days_primary,All calendar-year days; non-heatwave days contribute zero,"1,2,3,4,5,6,7,8,9,10,11,12"
primary_national,national pooled,annual_all_days_primary,ssp370,2046,2041-2050,exceeded_quantity_night_all,exceeded_quantity,night,all,502.2567567567568,-0.0290871615157902,0.0290871615157902,0.2809771315180839,0.0002921340621878,0.0292134062187849,0.0,0.1876665477145829,0.0292134062187849,0.0,0.1876665477145829,0.0,0.0,0.1846675850432616,0.0290871615157902,0.0,0.1846675850432616,national,national,All_cities,annual_all_days_primary,All calendar-year days; non-heatwave days contribute zero,"1,2,3,4,5,6,7,8,9,10,11,12"
primary_national,national pooled,annual_all_days_primary,ssp370,2047,2041-2050,cehwi_composite_all,cehwi,composite,all,532.027027027027,-0.2694219178062769,0.2694219178062769,2.6468263570875847,0.0027664894967179,0.2766489496717943,0.0084206651579171,0.5456924435931705,0.2766489496717943,0.0076054557504186,0.5456924435931705,0.0,0.0084123212070876,0.51817827702736,0.2694219178062769,0.0084123212070876,0.51817827702736,national,national,All_cities,annual_all_days_primary,All calendar-year days; non-heatwave days contribute zero,"1,2,3,4,5,6,7,8,9,10,11,12"
primary_national,national pooled,annual_all_days_primary,ssp370,2047,2041-2050,cehwi_day_all,cehwi,day,all,887.7837837837837,-0.2539100121563364,0.2539100121563364,1.1709449893023396,0.0025796950976633,0.2579695097663357,0.0029260037206948,0.6104241114579365,0.2579695097663357,0.0,0.6104241114579365,0.0,0.0029079960950038,0.590465579439283,0.2539100121563364,0.0029079960950038,0.590465579439283,national,national,All_cities,annual_all_days_primary,All calendar-year days; non-heatwave days contribute zero,"1,2,3,4,5,6,7,8,9,10,11,12"
primary_national,national pooled,annual_all_days_primary,ssp370,2047,2041-2050,cehwi_night_all,cehwi,night,all,456.6351351351352,0.0327224712179414,0.0,0.0,0.0,0.0,0.0,0.0399104402688562,0.0,0.0,0.0399104402688562,0.0,0.0,0.0397083254814699,0.0,0.0,0.0397083254814699,national,national,All_cities,annual_all_days_primary,All calendar-year days; non-heatwave days contribute zero,"1,2,3,4,5,6,7,8,9,10,11,12"
primary_national,national pooled,annual_all_days_primary,ssp370,2047,2041-2050,exceeded_quantity_composite_all,exceeded_quantity,composite,all,532.027027027027,-0.2588078131726049,0.2588078131726048,2.877927459303552,0.0026390552154791,0.2639055215479137,0.0,0.6240736006798426,0.2639055215479137,0.0,0.6240736006798426,0.0,0.0,0.5971726323530292,0.2588078131726048,0.0,0.5971726323530292,national,national,All_cities,annual_all_days_primary,All calendar-year days; non-heatwave days contribute zero,"1,2,3,4,5,6,7,8,9,10,11,12"
primary_national,national pooled,annual_all_days_primary,ssp370,2047,2041-2050,exceeded_quantity_day_all,exceeded_quantity,day,all,887.7837837837837,-0.3184716865504101,0.3184716865504101,1.5952921135057168,0.003244173556976,0.324417355697609,0.0159554826696454,0.7262433579349066,0.324417355697609,0.0009800410569069,0.7262433579349066,0.0,0.0156524702109663,0.7021433174640408,0.3184716865504101,0.0156524702109663,0.7021433174640408,national,national,All_cities,annual_all_days_primary,All calendar-year days; non-heatwave days contribute zero,"1,2,3,4,5,6,7,8,9,10,11,12"
primary_national,national pooled,annual_all_days_primary,ssp370,2047,2041-2050,exceeded_quantity_night_all,exceeded_quantity,night,all,456.6351351351352,-0.0221858918025762,0.0221858918025762,0.2291270116035326,0.0002225187729059,0.0222518772905935,0.0,0.1532907504716683,0.0222518772905935,0.0,0.1532907504716683,0.0,0.0,0.1511136645070411,0.0221858918025762,0.0,0.1511136645070411,national,national,All_cities,annual_all_days_primary,All calendar-year days; non-heatwave days contribute zero,"1,2,3,4,5,6,7,8,9,10,11,12"
primary_national,national pooled,annual_all_days_primary,ssp370,2048,2041-2050,cehwi_composite_all,cehwi,composite,all,543.3108108108108,-0.3504233193054,0.3504233193054,3.1426277427519227,0.0036060754569136,0.3606075456913619,0.0109377153415548,0.7141965264960142,0.360607545691362,0.0085242382419831,0.7141965264960142,0.0,0.0109258315021183,0.6750355827428901,0.3504233193054,0.0109258315021183,0.6750355827428901,national,national,All_cities,annual_all_days_primary,All calendar-year days; non-heatwave days contribute zero,"1,2,3,4,5,6,7,8,9,10,11,12"
primary_national,national pooled,annual_all_days_primary,ssp370,2048,2041-2050,cehwi_day_all,cehwi,day,all,761.8783783783783,-0.2772978211267253,0.2772978211267253,1.3897181690434484,0.0028290674264131,0.2829067426413154,0.0095210983252073,0.6449236999419459,0.2829067426413153,0.0,0.6449236999419459,0.0,0.0094503610497551,0.6201269355682901,0.2772978211267253,0.0094503610497551,0.6201269355682901,national,national,All_cities,annual_all_days_primary,All calendar-year days; non-heatwave days contribute zero,"1,2,3,4,5,6,7,8,9,10,11,12"
primary_national,national pooled,annual_all_days_primary,ssp370,2048,2041-2050,cehwi_night_all,cehwi,night,all,512.081081081081,0.0494719100755101,0.0,0.0,0.0,0.0,0.0,0.0658239602057183,0.0,0.0,0.0658239602057183,0.0,0.0,0.0652401872708683,0.0,0.0,0.0652401872708683,national,national,All_cities,annual_all_days_primary,All calendar-year days; non-heatwave days contribute zero,"1,2,3,4,5,6,7,8,9,10,11,12"
primary_national,national pooled,annual_all_days_primary,ssp370,2048,2041-2050,exceeded_quantity_composite_all,exceeded_quantity,composite,all,543.3108108108108,-0.3190519235343485,0.3190519235343485,3.3352986698604448,0.0032613927395998,0.326139273959984,5.990232664072704e-05,0.7656468058743111,0.326139273959984,0.0,0.7656468058743111,0.0,5.960505236223447e-05,0.7289045887656411,0.3190519235343485,5.960505236223447e-05,0.7289045887656411,national,national,All_cities,annual_all_days_primary,All calendar-year days; non-heatwave days contribute zero,"1,2,3,4,5,6,7,8,9,10,11,12"
primary_national,national pooled,annual_all_days_primary,ssp370,2048,2041-2050,exceeded_quantity_day_all,exceeded_quantity,day,all,761.8783783783783,-0.3530065562087857,0.3530065562087857,1.8698892078022329,0.0036132514884198,0.3613251488419799,0.0264045229004067,0.7805036134435716,0.3613251488419799,0.0044714221370826,0.7805036134435716,0.0,0.0258614676379678,0.7491824666214008,0.3530065562087857,0.0258614676379678,0.7491824666214008,national,national,All_cities,annual_all_days_primary,All calendar-year days; non-heatwave days contribute zero,"1,2,3,4,5,6,7,8,9,10,11,12"
primary_national,national pooled,annual_all_days_primary,ssp370,2048,2041-2050,exceeded_quantity_night_all,exceeded_quantity,night,all,512.081081081081,-0.027933465582727,0.027933465582727,0.256400978743239,0.0002801393848859,0.0280139384885979,0.0,0.1918922107509899,0.0280139384885979,0.0,0.1918922107509899,0.0,0.0,0.1890149095858896,0.027933465582727,0.0,0.1890149095858896,national,national,All_cities,annual_all_days_primary,All calendar-year days; non-heatwave days contribute zero,"1,2,3,4,5,6,7,8,9,10,11,12"
primary_national,national pooled,annual_all_days_primary,ssp370,2049,2041-2050,cehwi_composite_all,cehwi,composite,all,639.9594594594595,-0.4171453701982303,0.4171453701982303,3.0326761637297315,0.0042896383338952,0.4289638333895212,0.0116771068242352,0.8720344009392367,0.4289638333895212,0.0091153820877379,0.8720344009392367,0.0,0.0116652389640403,0.8235905252906879,0.4171453701982303,0.0116652389640403,0.8235905252906879,national,national,All_cities,annual_all_days_primary,All calendar-year days; non-heatwave days contribute zero,"1,2,3,4,5,6,7,8,9,10,11,12"
primary_national,national pooled,annual_all_days_primary,ssp370,2049,2041-2050,cehwi_day_all,cehwi,day,all,916.027027027027,-0.2575714056974172,0.2575714056974172,1.1557791088853475,0.0026131223620372,0.2613122362037254,0.0024015765637532,0.62643744760915,0.2613122362037254,0.0,0.62643744760915,0.0,0.0023876831978047,0.6074061916926932,0.2575714056974172,0.0023876831978047,0.6074061916926932,national,national,All_cities,annual_all_days_primary,All calendar-year days; non-heatwave days contribute zero,"1,2,3,4,5,6,7,8,9,10,11,12"
primary_national,national pooled,annual_all_days_primary,ssp370,2049,2041-2050,cehwi_night_all,cehwi,night,all,502.7027027027027,0.0409976159480875,0.0,0.0,0.0,0.0,0.0,0.049556680666816,0.0,0.0,0.049556680666816,0.0,0.0,0.0493177446424609,0.0,0.0,0.0493177446424609,national,national,All_cities,annual_all_days_primary,All calendar-year days; non-heatwave days contribute zero,"1,2,3,4,5,6,7,8,9,10,11,12"
primary_national,national pooled,annual_all_days_primary,ssp370,2049,2041-2050,exceeded_quantity_composite_all,exceeded_quantity,composite,all,639.9594594594595,-0.3464867853369537,0.3464867853369536,3.0475128469110926,0.0035318131883502,0.3531813188350259,1.3773054465764038e-06,0.8365414767143252,0.3531813188350259,0.0,0.8365414767143252,0.0,1.3742357859982453e-06,0.8006495822789724,0.3464867853369536,1.3742357859982453e-06,0.8006495822789724,national,national,All_cities,annual_all_days_primary,All calendar-year days; non-heatwave days contribute zero,"1,2,3,4,5,6,7,8,9,10,11,12"
primary_national,national pooled,annual_all_days_primary,ssp370,2049,2041-2050,exceeded_quantity_day_all,exceeded_quantity,day,all,916.027027027027,-0.3326715849360172,0.3326715849360172,1.598666843613108,0.0033839478729722,0.3383947872972284,0.0116140273574959,0.7658639206348081,0.3383947872972284,0.0014078581988083,0.7658639206348081,0.0,0.0114346941812652,0.7411283359251483,0.3326715849360172,0.0114346941812652,0.7411283359251483,national,national,All_cities,annual_all_days_primary,All calendar-year days; non-heatwave days contribute zero,"1,2,3,4,5,6,7,8,9,10,11,12"
primary_national,national pooled,annual_all_days_primary,ssp370,2049,2041-2050,exceeded_quantity_night_all,exceeded_quantity,night,all,502.7027027027027,-0.023752353656062,0.023752353656062,0.2291940457346984,0.0002380603318314,0.0238060331831472,0.0,0.1722561500042553,0.0238060331831472,0.0,0.1722561500042553,0.0,0.0,0.1700317830066528,0.023752353656062,0.0,0.1700317830066528,national,national,All_cities,annual_all_days_primary,All calendar-year days; non-heatwave days contribute zero,"1,2,3,4,5,6,7,8,9,10,11,12"
primary_national,national pooled,annual_all_days_primary,ssp370,2050,2041-2050,cehwi_composite_all,cehwi,composite,all,697.8243243243244,-0.4476827069275491,0.4476827069275491,3.179698966020622,0.0046083503056506,0.4608350305650612,0.0137794247814764,0.9163188221993724,0.4608350305650613,0.0107931142717894,0.9163188221993724,0.0,0.0137644631247673,0.865256850003593,0.4476827069275491,0.0137644631247673,0.865256850003593,national,national,All_cities,annual_all_days_primary,All calendar-year days; non-heatwave days contribute zero,"1,2,3,4,5,6,7,8,9,10,11,12"
primary_national,national pooled,annual_all_days_primary,ssp370,2050,2041-2050,cehwi_day_all,cehwi,day,all,798.4594594594595,-0.2274769918776106,0.2274769918776106,1.1634686998933028,0.0023139299930675,0.2313929993067547,0.0057901751815501,0.54380705350991,0.2313929993067547,0.000540761454548,0.54380705350991,0.0,0.0057365178252931,0.5254492655236521,0.2274769918776106,0.0057365178252931,0.5254492655236521,national,national,All_cities,annual_all_days_primary,All calendar-year days; non-heatwave days contribute zero,"1,2,3,4,5,6,7,8,9,10,11,12"
primary_national,national pooled,annual_all_days_primary,ssp370,2050,2041-2050,cehwi_night_all,cehwi,night,all,540.3648648648649,0.0405915174599923,0.0,0.0,0.0,0.0,0.0,0.0501948533644284,0.0,0.0,0.0501948533644284,0.0,0.0,0.0499113047698332,0.0,0.0,0.0499113047698332,national,national,All_cities,annual_all_days_primary,All calendar-year days; non-heatwave days contribute zero,"1,2,3,4,5,6,7,8,9,10,11,12"
primary_national,national pooled,annual_all_days_primary,ssp370,2050,2041-2050,exceeded_quantity_composite_all,exceeded_quantity,composite,all,697.8243243243244,-0.3946079272080087,0.3946079272080087,3.278113219145956,0.0040314758605683,0.4031475860568332,2.037018486846559e-05,0.9478879009285472,0.4031475860568332,0.0,0.9478879009285472,0.0,2.028208758588363e-05,0.9031191117417956,0.3946079272080087,2.028208758588363e-05,0.9031191117417956,national,national,All_cities,annual_all_days_primary,All calendar-year days; non-heatwave days contribute zero,"1,2,3,4,5,6,7,8,9,10,11,12"
primary_national,national pooled,annual_all_days_primary,ssp370,2050,2041-2050,exceeded_quantity_day_all,exceeded_quantity,day,all,798.4594594594595,-0.3014514097777006,0.3014514097777007,1.617662344182183,0.0030720109530524,0.3072010953052473,0.0140865139854081,0.6863761455798093,0.3072010953052472,0.0044772978471053,0.6863761455798093,0.0,0.0137944647168435,0.6628975658629458,0.3014514097777007,0.0137944647168435,0.6628975658629458,national,national,All_cities,annual_all_days_primary,All calendar-year days; non-heatwave days contribute zero,"1,2,3,4,5,6,7,8,9,10,11,12"
primary_national,national pooled,annual_all_days_primary,ssp370,2050,2041-2050,exceeded_quantity_night_all,exceeded_quantity,night,all,540.3648648648649,-0.0282757663263028,0.0282757663263028,0.2590293368311625,0.0002837663059689,0.0283766305968935,0.0,0.1893039933063189,0.0283766305968935,0.0,0.1893039933063189,0.0,0.0,0.186410599915948,0.0282757663263028,0.0,0.186410599915948,national,national,All_cities,annual_all_days_primary,All calendar-year days; non-heatwave days contribute zero,"1,2,3,4,5,6,7,8,9,10,11,12"
primary_national,national pooled,annual_all_days_primary,ssp585,2025,2025-2030,cehwi_composite_all,cehwi,composite,all,343.9864864864865,-0.1847506727212794,0.1847506727212794,2.535662528956854,0.0018918407764974,0.1891840776497489,0.0057045454597115,0.3729926773460974,0.1891840776497489,0.0053754779534007,0.3729926773460974,0.0,0.0056995908629182,0.3561001979024448,0.1847506727212794,0.0056995908629182,0.3561001979024448,national,national,All_cities,annual_all_days_primary,All calendar-year days; non-heatwave days contribute zero,"1,2,3,4,5,6,7,8,9,10,11,12"
primary_national,national pooled,annual_all_days_primary,ssp585,2025,2025-2030,cehwi_day_all,cehwi,day,all,747.3108108108108,-0.2138263207474192,0.2138263207474192,1.1325372046711164,0.0021753119975671,0.2175311997567116,0.0053134782714537,0.5131557564849718,0.2175311997567116,0.0,0.5131557564849718,0.0,0.0052633796803572,0.4951245062397756,0.2138263207474192,0.0052633796803572,0.4951245062397756,national,national,All_cities,annual_all_days_primary,All calendar-year days; non-heatwave days contribute zero,"1,2,3,4,5,6,7,8,9,10,11,12"
primary_national,national pooled,annual_all_days_primary,ssp585,2025,2025-2030,cehwi_night_all,cehwi,night,all,403.1756756756757,0.0286801531207541,0.0,0.0,0.0,0.0,0.0,0.0346598530413912,0.0,0.0,0.0346598530413912,0.0,0.0,0.0344990060570655,0.0,0.0,0.0344990060570655,national,national,All_cities,annual_all_days_primary,All calendar-year days; non-heatwave days contribute zero,"1,2,3,4,5,6,7,8,9,10,11,12"
primary_national,national pooled,annual_all_days_primary,ssp585,2025,2025-2030,exceeded_quantity_composite_all,exceeded_quantity,composite,all,343.9864864864865,-0.1768423358534808,0.1768423358534808,2.760496684931495,0.0017982711901786,0.1798271190178671,0.0,0.4291532743751993,0.1798271190178671,0.0,0.4291532743751993,0.0,0.0,0.4128038592809981,0.1768423358534808,0.0,0.4128038592809981,national,national,All_cities,annual_all_days_primary,All calendar-year days; non-heatwave days contribute zero,"1,2,3,4,5,6,7,8,9,10,11,12"
primary_national,national pooled,annual_all_days_primary,ssp585,2025,2025-2030,exceeded_quantity_day_all,exceeded_quantity,day,all,747.3108108108108,-0.2888069599289175,0.2888069599289174,1.594089916173867,0.0029472666084669,0.2947266608466908,0.015950790720058,0.6524849706227979,0.2947266608466909,0.0038181032783631,0.6524849706227979,0.0,0.0156577948168238,0.6286735034184308,0.2888069599289174,0.0156577948168238,0.6286735034184308,national,national,All_cities,annual_all_days_primary,All calendar-year days; non-heatwave days contribute zero,"1,2,3,4,5,6,7,8,9,10,11,12"
primary_national,national pooled,annual_all_days_primary,ssp585,2025,2025-2030,exceeded_quantity_night_all,exceeded_quantity,night,all,403.1756756756757,-0.0176874677515564,0.0176874677515564,0.1961572106068144,0.0001772734951497,0.017727349514977,0.0,0.1284114462979753,0.017727349514977,0.0,0.1284114462979753,0.0,0.0,0.1267820196537138,0.0176874677515564,0.0,0.1267820196537138,national,national,All_cities,annual_all_days_primary,All calendar-year days; non-heatwave days contribute zero,"1,2,3,4,5,6,7,8,9,10,11,12"
primary_national,national pooled,annual_all_days_primary,ssp585,2026,2025-2030,cehwi_composite_all,cehwi,composite,all,394.0675675675676,-0.1985511613906028,0.1985511613906028,2.420619794182,0.0020374971317602,0.203749713176022,0.0054789304386221,0.4133236810693503,0.203749713176022,0.0044759707488916,0.4133236810693503,0.0,0.0054738525581931,0.3921067845900151,0.1985511613906028,0.0054738525581931,0.3921067845900151,national,national,All_cities,annual_all_days_primary,All calendar-year days; non-heatwave days contribute zero,"1,2,3,4,5,6,7,8,9,10,11,12"
primary_national,national pooled,annual_all_days_primary,ssp585,2026,2025-2030,cehwi_day_all,cehwi,day,all,774.9594594594595,-0.1845993116230764,0.1845993116230764,1.0789319188064967,0.0018716196704499,0.1871619670449903,0.0011793924121959,0.4508049287887964,0.1871619670449903,0.0,0.4508049287887964,0.0,0.001172446551085,0.4375726940224188,0.1845993116230764,0.001172446551085,0.4375726940224188,national,national,All_cities,annual_all_days_primary,All calendar-year days; non-heatwave days contribute zero,"1,2,3,4,5,6,7,8,9,10,11,12"
primary_national,national pooled,annual_all_days_primary,ssp585,2026,2025-2030,cehwi_night_all,cehwi,night,all,361.8648648648648,0.0241788522577456,0.0,0.0,0.0,0.0,0.0,0.0289963273883665,0.0,0.0,0.0289963273883665,0.0,0.0,0.0288752417183026,0.0,0.0,0.0288752417183026,national,national,All_cities,annual_all_days_primary,All calendar-year days; non-heatwave days contribute zero,"1,2,3,4,5,6,7,8,9,10,11,12"
primary_national,national pooled,annual_all_days_primary,ssp585,2026,2025-2030,exceeded_quantity_composite_all,exceeded_quantity,composite,all,394.0675675675676,-0.1879220697973472,0.1879220697973472,2.809843532922023,0.0019152029238504,0.1915202923850426,0.0,0.453367597532849,0.1915202923850426,0.0,0.453367597532849,0.0,0.0,0.4341635629271602,0.1879220697973472,0.0,0.4341635629271602,national,national,All_cities,annual_all_days_primary,All calendar-year days; non-heatwave days contribute zero,"1,2,3,4,5,6,7,8,9,10,11,12"
primary_national,national pooled,annual_all_days_primary,ssp585,2026,2025-2030,exceeded_quantity_day_all,exceeded_quantity,day,all,774.9594594594595,-0.2408636530658246,0.2408636530658246,1.4929626742107336,0.002445965568979,0.244596556897908,0.0069312277875438,0.5597940282316098,0.244596556897908,3.505872254498848e-05,0.5597940282316098,0.0,0.0068331744960938,0.5432275606729466,0.2408636530658246,0.0068331744960938,0.5432275606729466,national,national,All_cities,annual_all_days_primary,All calendar-year days; non-heatwave days contribute zero,"1,2,3,4,5,6,7,8,9,10,11,12"
primary_national,national pooled,annual_all_days_primary,ssp585,2026,2025-2030,exceeded_quantity_night_all,exceeded_quantity,night,all,361.8648648648648,-0.0145961601878013,0.0145961601878013,0.1788354859796838,0.0001462650571032,0.0146265057103232,0.0,0.1078524570110401,0.0146265057103232,0.0,0.1078524570110401,0.0,0.0,0.1065651837366411,0.0145961601878013,0.0,0.1065651837366411,national,national,All_cities,annual_all_days_primary,All calendar-year days; non-heatwave days contribute zero,"1,2,3,4,5,6,7,8,9,10,11,12"
primary_national,national pooled,annual_all_days_primary,ssp585,2027,2025-2030,cehwi_composite_all,cehwi,composite,all,351.56756756756755,-0.1552881635622565,0.1552881635622565,2.316040690210924,0.0015891576942474,0.1589157694247427,0.004769713597556,0.3132554432869259,0.1589157694247427,0.0045760955625597,0.3132554432869259,0.0,0.0047656604659741,0.2994471965154873,0.1552881635622565,0.0047656604659741,0.2994471965154873,national,national,All_cities,annual_all_days_primary,All calendar-year days; non-heatwave days contribute zero,"1,2,3,4,5,6,7,8,9,10,11,12"
primary_national,national pooled,annual_all_days_primary,ssp585,2027,2025-2030,cehwi_day_all,cehwi,day,all,771.8648648648649,-0.180050595352089,0.180050595352089,1.0477092534642087,0.0018228015525299,0.1822801552529912,0.0003678116873652,0.4446825310633158,0.1822801552529912,0.0,0.4446825310633158,0.0,0.0003663504672673,0.4326164219519311,0.180050595352089,0.0003663504672673,0.4326164219519311,national,national,All_cities,annual_all_days_primary,All calendar-year days; non-heatwave days contribute zero,"1,2,3,4,5,6,7,8,9,10,11,12"
primary_national,national pooled,annual_all_days_primary,ssp585,2027,2025-2030,cehwi_night_all,cehwi,night,all,389.8648648648648,0.0308630438142968,0.0,0.0,0.0,0.0,0.0,0.0381785043598994,0.0,0.0,0.0381785043598994,0.0,0.0,0.0379559491803156,0.0,0.0,0.0379559491803156,national,national,All_cities,annual_all_days_primary,All calendar-year days; non-heatwave days contribute zero,"1,2,3,4,5,6,7,8,9,10,11,12"
primary_national,national pooled,annual_all_days_primary,ssp585,2027,2025-2030,exceeded_quantity_composite_all,exceeded_quantity,composite,all,351.56756756756755,-0.1656198302419626,0.1656198302419626,2.90531035213612,0.00168750699819,0.1687506998190073,0.0,0.3997571589463575,0.1687506998190073,0.0,0.3997571589463575,0.0,0.0,0.383070961529241,0.1656198302419626,0.0,0.383070961529241,national,national,All_cities,annual_all_days_primary,All calendar-year days; non-heatwave days contribute zero,"1,2,3,4,5,6,7,8,9,10,11,12"
primary_national,national pooled,annual_all_days_primary,ssp585,2027,2025-2030,exceeded_quantity_day_all,exceeded_quantity,day,all,771.8648648648649,-0.2727513099387589,0.2727513099387589,1.6203833080166208,0.0027769093153418,0.2776909315341829,0.0119841033737358,0.6222108659696788,0.2776909315341829,0.0002640690262814,0.6222108659696788,0.0,0.0117991450180694,0.6017256420318888,0.2727513099387589,0.0117991450180694,0.6017256420318888,national,national,All_cities,annual_all_days_primary,All calendar-year days; non-heatwave days contribute zero,"1,2,3,4,5,6,7,8,9,10,11,12"
primary_national,national pooled,annual_all_days_primary,ssp585,2027,2025-2030,exceeded_quantity_night_all,exceeded_quantity,night,all,389.8648648648648,-0.0188265016786643,0.0188265016786643,0.213775487466503,0.0001887342223642,0.0188734222364236,0.0,0.1338135701876978,0.0188734222364236,0.0,0.1338135701876978,0.0,0.0,0.1319912403598718,0.0188265016786643,0.0,0.1319912403598718,national,national,All_cities,annual_all_days_primary,All calendar-year days; non-heatwave days contribute zero,"1,2,3,4,5,6,7,8,9,10,11,12"
primary_national,national pooled,annual_all_days_primary,ssp585,2028,2025-2030,cehwi_composite_all,cehwi,composite,all,419.6756756756757,-0.2384276448507297,0.2384276448507297,3.179172734293777,0.0024513991574141,0.2451399157414169,0.0071720370551338,0.4925219258330502,0.2451399157414169,0.0058282741778927,0.4925219258330502,0.0,0.0071645896260003,0.4658044118627934,0.2384276448507297,0.0071645896260003,0.4658044118627934,national,national,All_cities,annual_all_days_primary,All calendar-year days; non-heatwave days contribute zero,"1,2,3,4,5,6,7,8,9,10,11,12"
primary_national,national pooled,annual_all_days_primary,ssp585,2028,2025-2030,cehwi_day_all,cehwi,day,all,816.2972972972973,-0.2034069312708729,0.2034069312708729,1.1040870634547937,0.0020631206916361,0.2063120691636165,0.0018380685721744,0.495137414665052,0.2063120691636165,0.0,0.495137414665052,0.0,0.0018263483828828,0.4804150860564761,0.2034069312708729,0.0018263483828828,0.4804150860564761,national,national,All_cities,annual_all_days_primary,All calendar-year days; non-heatwave days contribute zero,"1,2,3,4,5,6,7,8,9,10,11,12"
primary_national,national pooled,annual_all_days_primary,ssp585,2028,2025-2030,cehwi_night_all,cehwi,night,all,362.8918918918919,0.0287730430881798,0.0,0.0,0.0,0.0,0.0,0.0360543371302342,0.0,0.0,0.0360543371302342,0.0,0.0,0.0358278507905061,0.0,0.0,0.0358278507905061,national,national,All_cities,annual_all_days_primary,All calendar-year days; non-heatwave days contribute zero,"1,2,3,4,5,6,7,8,9,10,11,12"
primary_national,national pooled,annual_all_days_primary,ssp585,2028,2025-2030,exceeded_quantity_composite_all,exceeded_quantity,composite,all,419.6756756756757,-0.2338704438622958,0.2338704438622958,3.5100219667335466,0.0023929249749006,0.2392924974900641,8.210423022443606e-07,0.5594145580771667,0.2392924974900641,0.0,0.5594145580771667,0.0,8.195400679514709e-07,0.5314398193497908,0.2338704438622958,8.195400679514709e-07,0.5314398193497908,national,national,All_cities,annual_all_days_primary,All calendar-year days; non-heatwave days contribute zero,"1,2,3,4,5,6,7,8,9,10,11,12"
primary_national,national pooled,annual_all_days_primary,ssp585,2028,2025-2030,exceeded_quantity_day_all,exceeded_quantity,day,all,816.2972972972973,-0.2891985064383601,0.2891985064383601,1.5980277874745707,0.0029444942083401,0.2944494208340104,0.0119225532297527,0.6618790101765626,0.2944494208340104,0.0,0.6618790101765626,0.0,0.0116877654529522,0.6400377137305973,0.2891985064383601,0.0116877654529522,0.6400377137305973,national,national,All_cities,annual_all_days_primary,All calendar-year days; non-heatwave days contribute zero,"1,2,3,4,5,6,7,8,9,10,11,12"
primary_national,national pooled,annual_all_days_primary,ssp585,2028,2025-2030,exceeded_quantity_night_all,exceeded_quantity,night,all,362.8918918918919,-0.0199197640815657,0.0199197640815657,0.226423688750451,0.0002001219510112,0.0200121951011228,0.0,0.1286005062466484,0.0200121951011228,0.0,0.1286005062466484,0.0,0.0,0.1265620598633693,0.0199197640815657,0.0,0.1265620598633693,national,national,All_cities,annual_all_days_primary,All calendar-year days; non-heatwave days contribute zero,"1,2,3,4,5,6,7,8,9,10,11,12"
primary_national,national pooled,annual_all_days_primary,ssp585,2029,2025-2030,cehwi_composite_all,cehwi,composite,all,492.7432432432432,-0.264027967552064,0.264027967552064,2.888904884274773,0.0027057639614479,0.2705763961447998,0.0084100306998978,0.5333003180390455,0.2705763961447998,0.0078900418453612,0.5333003180390455,0.0,0.0084023534310343,0.5083669425670769,0.264027967552064,0.0084023534310343,0.5083669425670769,national,national,All_cities,annual_all_days_primary,All calendar-year days; non-heatwave days contribute zero,"1,2,3,4,5,6,7,8,9,10,11,12"
primary_national,national pooled,annual_all_days_primary,ssp585,2029,2025-2030,cehwi_day_all,cehwi,day,all,873.6621621621622,-0.2413931492353554,0.2413931492353554,1.206026790926275,0.0024528042363577,0.2452804236357777,0.0035285045062959,0.5804153971462,0.2452804236357777,0.0,0.5804153971462,0.0,0.0035031615168889,0.5614107477430935,0.2413931492353554,0.0035031615168889,0.5614107477430935,national,national,All_cities,annual_all_days_primary,All calendar-year days; non-heatwave days contribute zero,"1,2,3,4,5,6,7,8,9,10,11,12"
primary_national,national pooled,annual_all_days_primary,ssp585,2029,2025-2030,cehwi_night_all,cehwi,night,all,399.5675675675676,0.026546339840679,0.0,0.0,0.0,0.0,0.0,0.0321589763576976,0.0,0.0,0.0321589763576976,0.0,0.0,0.0320107016322972,0.0,0.0,0.0320107016322972,national,national,All_cities,annual_all_days_primary,All calendar-year days; non-heatwave days contribute zero,"1,2,3,4,5,6,7,8,9,10,11,12"
primary_national,national pooled,annual_all_days_primary,ssp585,2029,2025-2030,exceeded_quantity_composite_all,exceeded_quantity,composite,all,492.7432432432432,-0.2607899473237383,0.2607899473237383,3.1896938708909324,0.0026600588623334,0.2660058862333476,0.0,0.6287453805213303,0.2660058862333476,0.0,0.6287453805213303,0.0,0.0,0.6009440535648513,0.2607899473237383,0.0,0.6009440535648513,national,national,All_cities,annual_all_days_primary,All calendar-year days; non-heatwave days contribute zero,"1,2,3,4,5,6,7,8,9,10,11,12"
primary_national,national pooled,annual_all_days_primary,ssp585,2029,2025-2030,exceeded_quantity_day_all,exceeded_quantity,day,all,873.6621621621622,-0.3459988184128135,0.3459988184128135,1.7864087448277792,0.0035393450847822,0.353934508478224,0.0253199601217163,0.7698694456706751,0.353934508478224,0.0081530991229525,0.7698694456706751,0.0,0.0247554225109229,0.7401043705926948,0.3459988184128135,0.0247554225109229,0.7401043705926948,national,national,All_cities,annual_all_days_primary,All calendar-year days; non-heatwave days contribute zero,"1,2,3,4,5,6,7,8,9,10,11,12"
primary_national,national pooled,annual_all_days_primary,ssp585,2029,2025-2030,exceeded_quantity_night_all,exceeded_quantity,night,all,399.5675675675676,-0.0173569307876264,0.0173569307876264,0.207566915036428,0.0001739653260553,0.0173965326055306,0.0,0.12553503839169,0.0173965326055306,0.0,0.12553503839169,0.0,0.0,0.1239140805682961,0.0173569307876264,0.0,0.1239140805682961,national,national,All_cities,annual_all_days_primary,All calendar-year days; non-heatwave days contribute zero,"1,2,3,4,5,6,7,8,9,10,11,12"
primary_national,national pooled,annual_all_days_primary,ssp585,2030,2025-2030,cehwi_composite_all,cehwi,composite,all,478.1891891891892,-0.2672737581312683,0.2672737581312683,2.92897584364189,0.0027466830184306,0.2746683018430678,0.0082709468348267,0.5437569775231419,0.2746683018430678,0.007165197676551,0.5437569775231419,0.0,0.0082625356229238,0.5152997937831222,0.2672737581312683,0.0082625356229238,0.5152997937831222,national,national,All_cities,annual_all_days_primary,All calendar-year days; non-heatwave days contribute zero,"1,2,3,4,5,6,7,8,9,10,11,12"
primary_national,national pooled,annual_all_days_primary,ssp585,2030,2025-2030,cehwi_day_all,cehwi,day,all,1058.1756756756756,-0.3120123836353299,0.3120123836353299,1.366207336939108,0.0031719832752001,0.3171983275200141,0.0041867600404356,0.7471902255300974,0.3171983275200141,0.0,0.7471902255300974,0.0,0.0041588353673567,0.7219722558293187,0.3120123836353299,0.0041588353673567,0.7219722558293187,national,national,All_cities,annual_all_days_primary,All calendar-year days; non-heatwave days contribute zero,"1,2,3,4,5,6,7,8,9,10,11,12"
primary_national,national pooled,annual_all_days_primary,ssp585,2030,2025-2030,cehwi_night_all,cehwi,night,all,380.47297297297297,0.0266417229055939,0.0,0.0,0.0,0.0,0.0,0.0320652977365113,0.0,0.0,0.0320652977365113,0.0,0.0,0.031922535269067,0.0,0.0,0.031922535269067,national,national,All_cities,annual_all_days_primary,All calendar-year days; non-heatwave days contribute zero,"1,2,3,4,5,6,7,8,9,10,11,12"
primary_national,national pooled,annual_all_days_primary,ssp585,2030,2025-2030,exceeded_quantity_composite_all,exceeded_quantity,composite,all,478.1891891891892,-0.2636161232464558,0.2636161232464558,3.321897676141825,0.0026944413798759,0.2694441379875962,1.6420467602126433e-06,0.6326570701629666,0.2694441379875962,0.0,0.6326570701629666,0.0,1.637268213680439e-06,0.6022950155332553,0.2636161232464558,1.637268213680439e-06,0.6022950155332553,national,national,All_cities,annual_all_days_primary,All calendar-year days; non-heatwave days contribute zero,"1,2,3,4,5,6,7,8,9,10,11,12"
primary_national,national pooled,annual_all_days_primary,ssp585,2030,2025-2030,exceeded_quantity_day_all,exceeded_quantity,day,all,1058.1756756756756,-0.4171129116533757,0.4171129116533757,1.870900132981192,0.0042586283861919,0.4258628386191997,0.0254573588106112,0.9381252998103938,0.4258628386191997,0.0026237017788755,0.9381252998103938,0.0,0.0249590011764505,0.903831356726538,0.4171129116533757,0.0249590011764505,0.903831356726538,national,national,All_cities,annual_all_days_primary,All calendar-year days; non-heatwave days contribute zero,"1,2,3,4,5,6,7,8,9,10,11,12"
primary_national,national pooled,annual_all_days_primary,ssp585,2030,2025-2030,exceeded_quantity_night_all,exceeded_quantity,night,all,380.47297297297297,-0.0182786519227859,0.0182786519227859,0.2262743654332065,0.0001833091136355,0.01833091136355,0.0,0.1266448738254733,0.01833091136355,0.0,0.1266448738254733,0.0,0.0,0.1248560885118617,0.0182786519227859,0.0,0.1248560885118617,national,national,All_cities,annual_all_days_primary,All calendar-year days; non-heatwave days contribute zero,"1,2,3,4,5,6,7,8,9,10,11,12"
primary_national,national pooled,annual_all_days_primary,ssp585,2031,2031-2040,cehwi_composite_all,cehwi,composite,all,457.7702702702703,-0.2633747827348488,0.2633747827348488,3.0326092421522493,0.0027084745252916,0.2708474525291661,0.0085294432059177,0.5347655173774227,0.2708474525291661,0.0072220108483542,0.5347655173774227,0.0,0.0085202214498732,0.5062472070546786,0.2633747827348488,0.0085202214498732,0.5062472070546786,national,national,All_cities,annual_all_days_primary,All calendar-year days; non-heatwave days contribute zero,"1,2,3,4,5,6,7,8,9,10,11,12"
primary_national,national pooled,annual_all_days_primary,ssp585,2031,2031-2040,cehwi_day_all,cehwi,day,all,928.527027027027,-0.3107772439152127,0.3107772439152127,1.502539342470628,0.0031723727524703,0.3172372752470324,0.011233464804358,0.7235392629402806,0.3172372752470324,0.0010255018494598,0.7235392629402806,0.0,0.0111302719536774,0.6951882466983497,0.3107772439152127,0.0111302719536774,0.6951882466983497,national,national,All_cities,annual_all_days_primary,All calendar-year days; non-heatwave days contribute zero,"1,2,3,4,5,6,7,8,9,10,11,12"
primary_national,national pooled,annual_all_days_primary,ssp585,2031,2031-2040,cehwi_night_all,cehwi,night,all,368.05405405405406,0.0230210296425289,0.0,0.0,0.0,0.0,0.0,0.0274480346772011,0.0,0.0,0.0274480346772011,0.0,0.0,0.0273471434859907,0.0,0.0,0.0273471434859907,national,national,All_cities,annual_all_days_primary,All calendar-year days; non-heatwave days contribute zero,"1,2,3,4,5,6,7,8,9,10,11,12"
primary_national,national pooled,annual_all_days_primary,ssp585,2031,2031-2040,exceeded_quantity_composite_all,exceeded_quantity,composite,all,457.7702702702703,-0.246744401290623,0.246744401290623,3.2245890916828848,0.0025191889653736,0.2519188965373601,0.0,0.5935311682188325,0.2519188965373601,0.0,0.5935311682188325,0.0,0.0,0.5662623476935275,0.246744401290623,0.0,0.5662623476935275,national,national,All_cities,annual_all_days_primary,All calendar-year days; non-heatwave days contribute zero,"1,2,3,4,5,6,7,8,9,10,11,12"
primary_national,national pooled,annual_all_days_primary,ssp585,2031,2031-2040,exceeded_quantity_day_all,exceeded_quantity,day,all,928.527027027027,-0.3542886203602501,0.3542886203602502,1.8088534743552227,0.0036119983321303,0.3611998332130375,0.0155795814547055,0.8039753729509005,0.3611998332130375,0.0013049537442941,0.8039753729509005,0.0,0.0153209494290303,0.7752267676238939,0.3542886203602502,0.0153209494290303,0.7752267676238939,national,national,All_cities,annual_all_days_primary,All calendar-year days; non-heatwave days contribute zero,"1,2,3,4,5,6,7,8,9,10,11,12"
primary_national,national pooled,annual_all_days_primary,ssp585,2031,2031-2040,exceeded_quantity_night_all,exceeded_quantity,night,all,368.05405405405406,-0.0156808728617139,0.0156808728617139,0.2131780184981237,0.0001572295838698,0.0157229583869823,0.0,0.1130240545640815,0.0157229583869823,0.0,0.1130240545640815,0.0,0.0,0.1115906832376912,0.0156808728617139,0.0,0.1115906832376912,national,national,All_cities,annual_all_days_primary,All calendar-year days; non-heatwave days contribute zero,"1,2,3,4,5,6,7,8,9,10,11,12"
primary_national,national pooled,annual_all_days_primary,ssp585,2032,2031-2040,cehwi_composite_all,cehwi,composite,all,281.0,-0.1289417905694917,0.1289417905694917,2.0994651423762973,0.0013149584839433,0.1314958483943329,0.0039793356992518,0.259012587812815,0.1314958483943329,0.0039791089758511,0.259012587812815,0.0,0.0039764619959915,0.2492933064619836,0.1289417905694917,0.0039764619959915,0.2492933064619836,national,national,All_cities,annual_all_days_primary,All calendar-year days; non-heatwave days contribute zero,"1,2,3,4,5,6,7,8,9,10,11,12"
primary_national,national pooled,annual_all_days_primary,ssp585,2032,2031-2040,cehwi_day_all,cehwi,day,all,719.3918918918919,-0.1918973041555049,0.1918973041555049,1.049801856978551,0.0019483226855563,0.1948322685556336,0.0018230639182494,0.4633706548881867,0.1948322685556336,0.0,0.4633706548881867,0.0,0.0018123332874538,0.4487885236137772,0.1918973041555049,0.0018123332874538,0.4487885236137772,national,national,All_cities,annual_all_days_primary,All calendar-year days; non-heatwave days contribute zero,"1,2,3,4,5,6,7,8,9,10,11,12"
primary_national,national pooled,annual_all_days_primary,ssp585,2032,2031-2040,cehwi_night_all,cehwi,night,all,360.0,0.0347901289535501,0.0,0.0,0.0,0.0,0.0,0.0450971245850781,0.0,0.0,0.0450971245850781,0.0,0.0,0.0447327819842026,0.0,0.0,0.0447327819842026,national,national,All_cities,annual_all_days_primary,All calendar-year days; non-heatwave days contribute zero,"1,2,3,4,5,6,7,8,9,10,11,12"
primary_national,national pooled,annual_all_days_primary,ssp585,2032,2031-2040,exceeded_quantity_composite_all,exceeded_quantity,composite,all,281.0,-0.1463063747936562,0.1463063747936562,2.585459044171372,0.0014887480592504,0.1488748059250441,0.0,0.3543948564623942,0.1488748059250441,0.0,0.3543948564623942,0.0,0.0,0.3405047392005949,0.1463063747936562,0.0,0.3405047392005949,national,national,All_cities,annual_all_days_primary,All calendar-year days; non-heatwave days contribute zero,"1,2,3,4,5,6,7,8,9,10,11,12"
primary_national,national pooled,annual_all_days_primary,ssp585,2032,2031-2040,exceeded_quantity_day_all,exceeded_quantity,day,all,719.3918918918919,-0.2711445650618961,0.2711445650618961,1.5405376363878924,0.0027673946461648,0.2767394646164843,0.0159003614636441,0.6119430419065103,0.2767394646164843,0.0004448589551443,0.6119430419065103,0.0,0.0156087087553041,0.5896597965772671,0.2711445650618961,0.0156087087553041,0.5896597965772671,national,national,All_cities,annual_all_days_primary,All calendar-year days; non-heatwave days contribute zero,"1,2,3,4,5,6,7,8,9,10,11,12"
primary_national,national pooled,annual_all_days_primary,ssp585,2032,2031-2040,exceeded_quantity_night_all,exceeded_quantity,night,all,360.0,-0.0246785800334767,0.0246785800334767,0.2662756257887795,0.0002483590771936,0.024835907719362,0.0,0.1441796260762385,0.024835907719362,0.0,0.1441796260762385,0.0,0.0,0.1414837564035124,0.0246785800334767,0.0,0.1414837564035124,national,national,All_cities,annual_all_days_primary,All calendar-year days; non-heatwave days contribute zero,"1,2,3,4,5,6,7,8,9,10,11,12"
primary_national,national pooled,annual_all_days_primary,ssp585,2033,2031-2040,cehwi_composite_all,cehwi,composite,all,444.0405405405405,-0.2175383693474732,0.2175383693474732,2.46096440960719,0.0022257561194589,0.2225756119458974,0.0068008811055953,0.4384211173608825,0.2225756119458974,0.0067301065309127,0.4384211173608825,0.0,0.0067952154532532,0.4192716473543568,0.2175383693474732,0.0067952154532532,0.4192716473543568,national,national,All_cities,annual_all_days_primary,All calendar-year days; non-heatwave days contribute zero,"1,2,3,4,5,6,7,8,9,10,11,12"
primary_national,national pooled,annual_all_days_primary,ssp585,2033,2031-2040,cehwi_day_all,cehwi,day,all,835.1486486486486,-0.2472301850395676,0.2472301850395676,1.277701379487094,0.0025118530113198,0.2511853011319885,0.0031430389968544,0.5946512046507884,0.2511853011319885,0.0,0.5946512046507884,0.0,0.0031242156862936,0.5752387210705374,0.2472301850395676,0.0031242156862936,0.5752387210705374,national,national,All_cities,annual_all_days_primary,All calendar-year days; non-heatwave days contribute zero,"1,2,3,4,5,6,7,8,9,10,11,12"
primary_national,national pooled,annual_all_days_primary,ssp585,2033,2031-2040,cehwi_night_all,cehwi,night,all,417.3243243243243,0.0341831362380265,0.0,0.0,0.0,0.0,0.0,0.0414095730751872,0.0,0.0,0.0414095730751872,0.0,0.0,0.0411998334485084,0.0,0.0,0.0411998334485084,national,national,All_cities,annual_all_days_primary,All calendar-year days; non-heatwave days contribute zero,"1,2,3,4,5,6,7,8,9,10,11,12"
primary_national,national pooled,annual_all_days_primary,ssp585,2033,2031-2040,exceeded_quantity_composite_all,exceeded_quantity,composite,all,444.0405405405405,-0.2227391341977974,0.2227391341977975,2.902046632297268,0.0022695246163888,0.2269524616388802,0.0,0.5379918669044275,0.2269524616388802,0.0,0.5379918669044275,0.0,0.0,0.5154124290005224,0.2227391341977975,0.0,0.5154124290005224,national,national,All_cities,annual_all_days_primary,All calendar-year days; non-heatwave days contribute zero,"1,2,3,4,5,6,7,8,9,10,11,12"
primary_national,national pooled,annual_all_days_primary,ssp585,2033,2031-2040,exceeded_quantity_day_all,exceeded_quantity,day,all,835.1486486486486,-0.3200701285483723,0.3200701285483723,1.7353056984387365,0.0032602337434999,0.3260233743499994,0.013867648718225,0.7277413862987884,0.3260233743499994,0.001213448032799,0.7277413862987884,0.0,0.0136456344485778,0.7030698675516674,0.3200701285483723,0.0136456344485778,0.7030698675516674,national,national,All_cities,annual_all_days_primary,All calendar-year days; non-heatwave days contribute zero,"1,2,3,4,5,6,7,8,9,10,11,12"
primary_national,national pooled,annual_all_days_primary,ssp585,2033,2031-2040,exceeded_quantity_night_all,exceeded_quantity,night,all,417.3243243243243,-0.0219178635084733,0.0219178635084733,0.2255697925577498,0.0002198401032361,0.0219840103236169,0.0,0.1496947849688557,0.0219840103236169,0.0,0.1496947849688557,0.0,0.0,0.1474756222873608,0.0219178635084733,0.0,0.1474756222873608,national,national,All_cities,annual_all_days_primary,All calendar-year days; non-heatwave days contribute zero,"1,2,3,4,5,6,7,8,9,10,11,12"
primary_national,national pooled,annual_all_days_primary,ssp585,2034,2031-2040,cehwi_composite_all,cehwi,composite,all,479.6351351351352,-0.2984453415875373,0.2984453415875373,2.9096665131427293,0.0030726245549161,0.3072624554916131,0.0093683528156969,0.6067874914692097,0.3072624554916131,0.0077374195140167,0.6067874914692097,0.0,0.009358149358519,0.573125144099849,0.2984453415875373,0.009358149358519,0.573125144099849,national,national,All_cities,annual_all_days_primary,All calendar-year days; non-heatwave days contribute zero,"1,2,3,4,5,6,7,8,9,10,11,12"
primary_national,national pooled,annual_all_days_primary,ssp585,2034,2031-2040,cehwi_day_all,cehwi,day,all,933.054054054054,-0.2754328151495587,0.2754328151495588,1.239188589152046,0.002797197518196,0.2797197518196049,0.0031723231645314,0.6657449159466212,0.279719751819605,0.0,0.6657449159466212,0.0,0.0031500094909506,0.6443272915978824,0.2754328151495588,0.0031500094909506,0.6443272915978824,national,national,All_cities,annual_all_days_primary,All calendar-year days; non-heatwave days contribute zero,"1,2,3,4,5,6,7,8,9,10,11,12"
primary_national,national pooled,annual_all_days_primary,ssp585,2034,2031-2040,cehwi_night_all,cehwi,night,all,352.56756756756755,0.0240650584791704,0.0,0.0,0.0,0.0,0.0,0.0294313133405386,0.0,0.0,0.0294313133405386,0.0,0.0,0.0292852908697052,0.0,0.0,0.0292852908697052,national,national,All_cities,annual_all_days_primary,All calendar-year days; non-heatwave days contribute zero,"1,2,3,4,5,6,7,8,9,10,11,12"
primary_national,national pooled,annual_all_days_primary,ssp585,2034,2031-2040,exceeded_quantity_composite_all,exceeded_quantity,composite,all,479.6351351351352,-0.2674409793544653,0.2674409793544652,3.203268194609996,0.0027319722139566,0.2731972213956675,3.444500501013159e-06,0.6424499167594707,0.2731972213956675,0.0,0.6424499167594707,0.0,3.429094367108688e-06,0.6122941504625561,0.2674409793544652,3.429094367108688e-06,0.6122941504625561,national,national,All_cities,annual_all_days_primary,All calendar-year days; non-heatwave days contribute zero,"1,2,3,4,5,6,7,8,9,10,11,12"
primary_national,national pooled,annual_all_days_primary,ssp585,2034,2031-2040,exceeded_quantity_day_all,exceeded_quantity,day,all,933.054054054054,-0.3561812017014496,0.3561812017014496,1.7056770641284027,0.0036266056706568,0.3626605670656825,0.014315048214871,0.8127472494150595,0.3626605670656825,0.0010689716141455,0.8127472494150595,0.0,0.0140744300575693,0.7855799406191484,0.3561812017014496,0.0140744300575693,0.7855799406191484,national,national,All_cities,annual_all_days_primary,All calendar-year days; non-heatwave days contribute zero,"1,2,3,4,5,6,7,8,9,10,11,12"
primary_national,national pooled,annual_all_days_primary,ssp585,2034,2031-2040,exceeded_quantity_night_all,exceeded_quantity,night,all,352.56756756756755,-0.0161031282135449,0.0161031282135449,0.2097879125547427,0.0001614170106871,0.0161417010687148,0.0,0.1158746382489663,0.0161417010687149,0.0,0.1158746382489663,0.0,0.0,0.1143850673538485,0.0161031282135449,0.0,0.1143850673538485,national,national,All_cities,annual_all_days_primary,All calendar-year days; non-heatwave days contribute zero,"1,2,3,4,5,6,7,8,9,10,11,12"
primary_national,national pooled,annual_all_days_primary,ssp585,2035,2031-2040,cehwi_composite_all,cehwi,composite,all,496.5135135135135,-0.3047127236235317,0.3047127236235317,3.212908665332896,0.0031340055014158,0.3134005501415819,0.0096631282282511,0.6187036698829074,0.313400550141582,0.0084179692097368,0.6187036698829074,0.0,0.0096529950191186,0.5855402434063273,0.3047127236235317,0.0096529950191186,0.5855402434063273,national,national,All_cities,annual_all_days_primary,All calendar-year days; non-heatwave days contribute zero,"1,2,3,4,5,6,7,8,9,10,11,12"
primary_national,national pooled,annual_all_days_primary,ssp585,2035,2031-2040,cehwi_day_all,cehwi,day,all,947.7162162162164,-0.3318981778778894,0.3318981778778894,1.5925775726899634,0.003383515181069,0.3383515181069031,0.0094780793549911,0.7787337268453239,0.3383515181069031,0.0,0.7787337268453239,0.0,0.0094085974649659,0.7493743528619871,0.3318981778778894,0.0094085974649659,0.7493743528619871,national,national,All_cities,annual_all_days_primary,All calendar-year days; non-heatwave days contribute zero,"1,2,3,4,5,6,7,8,9,10,11,12"
primary_national,national pooled,annual_all_days_primary,ssp585,2035,2031-2040,cehwi_night_all,cehwi,night,all,396.7567567567568,0.0242361128391756,0.0,0.0,0.0,0.0,0.0,0.0289008475815351,0.0,0.0,0.0289008475815351,0.0,0.0,0.028793553760442,0.0,0.0,0.028793553760442,national,national,All_cities,annual_all_days_primary,All calendar-year days; non-heatwave days contribute zero,"1,2,3,4,5,6,7,8,9,10,11,12"
primary_national,national pooled,annual_all_days_primary,ssp585,2035,2031-2040,exceeded_quantity_composite_all,exceeded_quantity,composite,all,496.5135135135135,-0.2932230802822944,0.2932230802822944,3.480533025860212,0.0030005437178618,0.3000543717861815,0.0001076917934309,0.7012887355134207,0.3000543717861815,0.0,0.7012887355134207,0.0,0.0001071851239968,0.6661931359537319,0.2932230802822944,0.0001071851239968,0.6661931359537319,national,national,All_cities,annual_all_days_primary,All calendar-year days; non-heatwave days contribute zero,"1,2,3,4,5,6,7,8,9,10,11,12"
primary_national,national pooled,annual_all_days_primary,ssp585,2035,2031-2040,exceeded_quantity_day_all,exceeded_quantity,day,all,947.7162162162164,-0.4189184688486568,0.4189184688486568,2.093951897971733,0.0042857742330147,0.428577423301479,0.0312478534615844,0.9259430823189564,0.428577423301479,0.0039175749848939,0.9259430823189564,0.0,0.0306734877565145,0.8893734835503293,0.4189184688486568,0.0306734877565145,0.8893734835503293,national,national,All_cities,annual_all_days_primary,All calendar-year days; non-heatwave days contribute zero,"1,2,3,4,5,6,7,8,9,10,11,12"
primary_national,national pooled,annual_all_days_primary,ssp585,2035,2031-2040,exceeded_quantity_night_all,exceeded_quantity,night,all,396.7567567567568,-0.01640479236131,0.01640479236131,0.2032629787435357,0.0001644187671569,0.0164418767156976,0.0,0.1193588388762599,0.0164418767156976,0.0,0.1193588388762599,0.0,0.0,0.1178629597565383,0.01640479236131,0.0,0.1178629597565383,national,national,All_cities,annual_all_days_primary,All calendar-year days; non-heatwave days contribute zero,"1,2,3,4,5,6,7,8,9,10,11,12"
primary_national,national pooled,annual_all_days_primary,ssp585,2036,2031-2040,cehwi_composite_all,cehwi,composite,all,450.7837837837838,-0.204897058189461,0.204897058189461,2.3566349965529136,0.0020958132393981,0.2095813239398148,0.006573148018592,0.4126131312307009,0.2095813239398148,0.0065495166489291,0.4126131312307009,0.0,0.0065673816117578,0.3948499081914549,0.204897058189461,0.0065673816117578,0.3948499081914549,national,national,All_cities,annual_all_days_primary,All calendar-year days; non-heatwave days contribute zero,"1,2,3,4,5,6,7,8,9,10,11,12"
primary_national,national pooled,annual_all_days_primary,ssp585,2036,2031-2040,cehwi_day_all,cehwi,day,all,824.6486486486486,-0.2091612199732175,0.2091612199732175,1.0905279301940969,0.0021196697103026,0.2119669710302602,0.0007541535704327,0.5132551135387391,0.2119669710302602,0.0,0.5132551135387391,0.0,0.0007509021028732,0.498375508879708,0.2091612199732175,0.0007509021028732,0.498375508879708,national,national,All_cities,annual_all_days_primary,All calendar-year days; non-heatwave days contribute zero,"1,2,3,4,5,6,7,8,9,10,11,12"
primary_national,national pooled,annual_all_days_primary,ssp585,2036,2031-2040,cehwi_night_all,cehwi,night,all,459.9324324324325,0.0351582296798863,0.0,0.0,0.0,0.0,0.0,0.0433515980122282,0.0,0.0,0.0433515980122282,0.0,0.0,0.0431163883493301,0.0,0.0,0.0431163883493301,national,national,All_cities,annual_all_days_primary,All calendar-year days; non-heatwave days contribute zero,"1,2,3,4,5,6,7,8,9,10,11,12"
primary_national,national pooled,annual_all_days_primary,ssp585,2036,2031-2040,exceeded_quantity_composite_all,exceeded_quantity,composite,all,450.7837837837838,-0.2092944788976773,0.2092944788976773,2.8756808377238747,0.0021310333387047,0.2131033338704757,2.635749287804469e-05,0.506260857382309,0.2131033338704757,0.0,0.506260857382309,0.0,2.6169706285474387e-05,0.485854634990131,0.2092944788976773,2.6169706285474387e-05,0.485854634990131,national,national,All_cities,annual_all_days_primary,All calendar-year days; non-heatwave days contribute zero,"1,2,3,4,5,6,7,8,9,10,11,12"
primary_national,national pooled,annual_all_days_primary,ssp585,2036,2031-2040,exceeded_quantity_day_all,exceeded_quantity,day,all,824.6486486486486,-0.2919828360630105,0.2919828360630105,1.5671712466373242,0.0029685832903561,0.2968583290356126,0.0085649461340756,0.6723781462111272,0.2968583290356126,0.0,0.6723781462111272,0.0,0.0084436451757673,0.6510154889889157,0.2919828360630105,0.0084436451757673,0.6510154889889157,national,national,All_cities,annual_all_days_primary,All calendar-year days; non-heatwave days contribute zero,"1,2,3,4,5,6,7,8,9,10,11,12"
primary_national,national pooled,annual_all_days_primary,ssp585,2036,2031-2040,exceeded_quantity_night_all,exceeded_quantity,night,all,459.9324324324325,-0.0217646218000652,0.0217646218000652,0.2101359071559576,0.0002182136942429,0.0218213694242914,0.0,0.1550732657095745,0.0218213694242914,0.0,0.1550732657095745,0.0,0.0,0.1530163094492247,0.0217646218000652,0.0,0.1530163094492247,national,national,All_cities,annual_all_days_primary,All calendar-year days; non-heatwave days contribute zero,"1,2,3,4,5,6,7,8,9,10,11,12"
primary_national,national pooled,annual_all_days_primary,ssp585,2037,2031-2040,cehwi_composite_all,cehwi,composite,all,532.7162162162163,-0.3250535524796873,0.3250535524796873,3.187149628003339,0.0033460257622271,0.3346025762227127,0.0092847509503281,0.6709395402123693,0.3346025762227127,0.006710673378263,0.6709395402123693,0.0,0.0092751323924683,0.6331580045166537,0.3250535524796873,0.0092751323924683,0.6331580045166537,national,national,All_cities,annual_all_days_primary,All calendar-year days; non-heatwave days contribute zero,"1,2,3,4,5,6,7,8,9,10,11,12"
primary_national,national pooled,annual_all_days_primary,ssp585,2037,2031-2040,cehwi_day_all,cehwi,day,all,865.8108108108108,-0.2745456617913678,0.2745456617913678,1.3583356775967608,0.0027927862232484,0.2792786223248496,0.0039643793999301,0.6543393689110388,0.2792786223248496,0.0,0.6543393689110388,0.0,0.0039389532511728,0.6315662116531899,0.2745456617913678,0.0039389532511728,0.6315662116531899,national,national,All_cities,annual_all_days_primary,All calendar-year days; non-heatwave days contribute zero,"1,2,3,4,5,6,7,8,9,10,11,12"
primary_national,national pooled,annual_all_days_primary,ssp585,2037,2031-2040,cehwi_night_all,cehwi,night,all,492.3378378378378,0.0339327429457203,0.0,0.0,0.0,0.0,0.0,0.0408945762505622,0.0,0.0,0.0408945762505622,0.0,0.0,0.0407117774316393,0.0,0.0,0.0407117774316393,national,national,All_cities,annual_all_days_primary,All calendar-year days; non-heatwave days contribute zero,"1,2,3,4,5,6,7,8,9,10,11,12"
primary_national,national pooled,annual_all_days_primary,ssp585,2037,2031-2040,exceeded_quantity_composite_all,exceeded_quantity,composite,all,532.7162162162163,-0.3133377729081023,0.3133377729081023,3.490934552011274,0.0032103207638668,0.3210320763866834,0.0001385832775746,0.748525504881978,0.3210320763866834,0.0,0.748525504881978,0.0,0.0001375968244201,0.709230575190864,0.3133377729081023,0.0001375968244201,0.709230575190864,national,national,All_cities,annual_all_days_primary,All calendar-year days; non-heatwave days contribute zero,"1,2,3,4,5,6,7,8,9,10,11,12"
primary_national,national pooled,annual_all_days_primary,ssp585,2037,2031-2040,exceeded_quantity_day_all,exceeded_quantity,day,all,865.8108108108108,-0.3479209171673227,0.3479209171673227,1.7949940112934604,0.0035507458187654,0.3550745818765458,0.0189529108832282,0.7844165759752599,0.3550745818765458,0.0019929977315646,0.7844165759752599,0.0,0.0185842231352966,0.7558733770474856,0.3479209171673227,0.0185842231352966,0.7558733770474856,national,national,All_cities,annual_all_days_primary,All calendar-year days; non-heatwave days contribute zero,"1,2,3,4,5,6,7,8,9,10,11,12"
primary_national,national pooled,annual_all_days_primary,ssp585,2037,2031-2040,exceeded_quantity_night_all,exceeded_quantity,night,all,492.3378378378378,-0.0219090041292872,0.0219090041292872,0.2220806679706686,0.0002196623867429,0.0219662386742924,0.0,0.1552293657375007,0.0219662386742924,0.0,0.1552293657375007,0.0,0.0,0.1531527453112688,0.0219090041292872,0.0,0.1531527453112688,national,national,All_cities,annual_all_days_primary,All calendar-year days; non-heatwave days contribute zero,"1,2,3,4,5,6,7,8,9,10,11,12"
primary_national,national pooled,annual_all_days_primary,ssp585,2038,2031-2040,cehwi_composite_all,cehwi,composite,all,542.3513513513514,-0.3306572847435075,0.3306572847435076,3.0504913215622325,0.0034056350592192,0.3405635059219206,0.0099028957100632,0.6805957009475069,0.3405635059219206,0.0062829251568172,0.6805957009475069,0.0,0.0098919019510729,0.6417028524982465,0.3306572847435076,0.0098919019510729,0.6417028524982465,national,national,All_cities,annual_all_days_primary,All calendar-year days; non-heatwave days contribute zero,"1,2,3,4,5,6,7,8,9,10,11,12"
primary_national,national pooled,annual_all_days_primary,ssp585,2038,2031-2040,cehwi_day_all,cehwi,day,all,922.7702702702704,-0.2736182117327751,0.2736182117327752,1.3105656464396112,0.0027832245946402,0.278322459464024,0.0049561813853619,0.6526280473137526,0.278322459464024,0.0003283452268548,0.6526280473137526,0.0,0.0049193919605939,0.6301876780469147,0.2736182117327752,0.0049193919605939,0.6301876780469147,national,national,All_cities,annual_all_days_primary,All calendar-year days; non-heatwave days contribute zero,"1,2,3,4,5,6,7,8,9,10,11,12"
primary_national,national pooled,annual_all_days_primary,ssp585,2038,2031-2040,cehwi_night_all,cehwi,night,all,484.2837837837838,0.0417373685893103,0.0,0.0,0.0,0.0,0.0,0.0518759758516173,0.0,0.0,0.0518759758516173,0.0,0.0,0.0515578076008425,0.0,0.0,0.0515578076008425,national,national,All_cities,annual_all_days_primary,All calendar-year days; non-heatwave days contribute zero,"1,2,3,4,5,6,7,8,9,10,11,12"
primary_national,national pooled,annual_all_days_primary,ssp585,2038,2031-2040,exceeded_quantity_composite_all,exceeded_quantity,composite,all,542.3513513513514,-0.3175796659319874,0.3175796659319874,3.361277866684368,0.0032546387092664,0.3254638709266419,0.0001442873344895,0.7582974952798718,0.3254638709266419,0.0,0.7582974952798718,0.0,0.0001432174546388,0.7182645744141662,0.3175796659319874,0.0001432174546388,0.7182645744141662,national,national,All_cities,annual_all_days_primary,All calendar-year days; non-heatwave days contribute zero,"1,2,3,4,5,6,7,8,9,10,11,12"
primary_national,national pooled,annual_all_days_primary,ssp585,2038,2031-2040,exceeded_quantity_day_all,exceeded_quantity,day,all,922.7702702702704,-0.3453292823131378,0.3453292823131378,1.7318969966898243,0.003518455388303,0.3518455388303058,0.0156106541878201,0.7864707596750176,0.3518455388303058,0.0015284134537206,0.7864707596750176,0.0,0.0153175001934156,0.7595869128602242,0.3453292823131378,0.0153175001934156,0.7595869128602242,national,national,All_cities,annual_all_days_primary,All calendar-year days; non-heatwave days contribute zero,"1,2,3,4,5,6,7,8,9,10,11,12"
primary_national,national pooled,annual_all_days_primary,ssp585,2038,2031-2040,exceeded_quantity_night_all,exceeded_quantity,night,all,484.2837837837838,-0.0254295421380997,0.0254295421380997,0.2356348467392978,0.000255024718403,0.0255024718403049,0.0,0.1752227125305454,0.0255024718403049,0.0,0.1752227125305454,0.0,0.0,0.1726698036299957,0.0254295421380997,0.0,0.1726698036299957,national,national,All_cities,annual_all_days_primary,All calendar-year days; non-heatwave days contribute zero,"1,2,3,4,5,6,7,8,9,10,11,12"
primary_national,national pooled,annual_all_days_primary,ssp585,2039,2031-2040,cehwi_composite_all,cehwi,composite,all,521.1216216216217,-0.3221806565222574,0.3221806565222575,3.111999345066359,0.0033081484347746,0.3308148434774697,0.0106087489012316,0.6524239833843973,0.3308148434774697,0.0099906187198892,0.6524239833843973,0.0,0.0105979808315926,0.6195440610042334,0.3221806565222575,0.0105979808315926,0.6195440610042334,national,national,All_cities,annual_all_days_primary,All calendar-year days; non-heatwave days contribute zero,"1,2,3,4,5,6,7,8,9,10,11,12"
primary_national,national pooled,annual_all_days_primary,ssp585,2039,2031-2040,cehwi_day_all,cehwi,day,all,742.081081081081,-0.2199274815690028,0.2199274815690028,1.127673868290573,0.0022356387934663,0.2235638793466382,0.0031578959149576,0.5274037210035113,0.2235638793466382,0.0,0.5274037210035113,0.0,0.0031366898722146,0.5096592693983131,0.2199274815690028,0.0031366898722146,0.5096592693983131,national,national,All_cities,annual_all_days_primary,All calendar-year days; non-heatwave days contribute zero,"1,2,3,4,5,6,7,8,9,10,11,12"
primary_national,national pooled,annual_all_days_primary,ssp585,2039,2031-2040,cehwi_night_all,cehwi,night,all,476.0405405405405,0.0433103839114642,0.0,0.0,0.0,0.0,0.0,0.0544652968638158,0.0,0.0,0.0544652968638158,0.0,0.0,0.0540917888250925,0.0,0.0,0.0540917888250925,national,national,All_cities,annual_all_days_primary,All calendar-year days; non-heatwave days contribute zero,"1,2,3,4,5,6,7,8,9,10,11,12"
primary_national,national pooled,annual_all_days_primary,ssp585,2039,2031-2040,exceeded_quantity_composite_all,exceeded_quantity,composite,all,521.1216216216217,-0.3037008011742822,0.3037008011742822,3.3263452433802168,0.0031010113344425,0.3101011334442546,0.0,0.7306032909029831,0.3101011334442546,0.0,0.7306032909029831,0.0,0.0,0.6968154496661509,0.3037008011742822,0.0,0.6968154496661509,national,national,All_cities,annual_all_days_primary,All calendar-year days; non-heatwave days contribute zero,"1,2,3,4,5,6,7,8,9,10,11,12"
primary_national,national pooled,annual_all_days_primary,ssp585,2039,2031-2040,exceeded_quantity_day_all,exceeded_quantity,day,all,742.081081081081,-0.3094537150031656,0.3094537150031656,1.6846329101621478,0.0031596169942878,0.3159616994287823,0.0176294439419756,0.6921036243339386,0.3159616994287824,0.0008135535170735,0.6921036243339386,0.0,0.0173164313105954,0.6664515504877163,0.3094537150031656,0.0173164313105954,0.6664515504877163,national,national,All_cities,annual_all_days_primary,All calendar-year days; non-heatwave days contribute zero,"1,2,3,4,5,6,7,8,9,10,11,12"
primary_national,national pooled,annual_all_days_primary,ssp585,2039,2031-2040,exceeded_quantity_night_all,exceeded_quantity,night,all,476.0405405405405,-0.0257763161186435,0.0257763161186435,0.2521575712753397,0.0002587137533975,0.0258713753397564,0.0,0.1713032406010017,0.0258713753397564,0.0,0.1713032406010017,0.0,0.0,0.1686659010166708,0.0257763161186435,0.0,0.1686659010166708,national,national,All_cities,annual_all_days_primary,All calendar-year days; non-heatwave days contribute zero,"1,2,3,4,5,6,7,8,9,10,11,12"
primary_national,national pooled,annual_all_days_primary,ssp585,2040,2031-2040,cehwi_composite_all,cehwi,composite,all,599.918918918919,-0.380184677942376,0.380184677942376,3.3584449159715914,0.0039102420888558,0.391024208885583,0.0126607674365495,0.7696734345985387,0.391024208885583,0.0123749831726278,0.7696734345985387,0.0,0.0126470112029055,0.7286454996207524,0.380184677942376,0.0126470112029055,0.7286454996207524,national,national,All_cities,annual_all_days_primary,All calendar-year days; non-heatwave days contribute zero,"1,2,3,4,5,6,7,8,9,10,11,12"
primary_national,national pooled,annual_all_days_primary,ssp585,2040,2031-2040,cehwi_day_all,cehwi,day,all,851.8513513513514,-0.2977577059207775,0.2977577059207775,1.358967578345719,0.0030436744781555,0.3043674478155587,0.0137969780221254,0.6872483534816975,0.3043674478155587,0.0002244745561013,0.6872483534816975,0.0,0.0136737158341373,0.6587579229100886,0.2977577059207775,0.0136737158341373,0.6587579229100886,national,national,All_cities,annual_all_days_primary,All calendar-year days; non-heatwave days contribute zero,"1,2,3,4,5,6,7,8,9,10,11,12"
primary_national,national pooled,annual_all_days_primary,ssp585,2040,2031-2040,cehwi_night_all,cehwi,night,all,476.4189189189189,0.0416208625438644,0.0,0.0,0.0,0.0,0.0,0.052569199875919,0.0,0.0,0.052569199875919,0.0,0.0,0.0522019082075028,0.0,0.0,0.0522019082075028,national,national,All_cities,annual_all_days_primary,All calendar-year days; non-heatwave days contribute zero,"1,2,3,4,5,6,7,8,9,10,11,12"
primary_national,national pooled,annual_all_days_primary,ssp585,2040,2031-2040,exceeded_quantity_composite_all,exceeded_quantity,composite,all,599.918918918919,-0.3458690480579995,0.3458690480579995,3.484762019844495,0.0035372645317535,0.3537264531753583,7.827241473538129e-05,0.8289719775477439,0.3537264531753583,0.0,0.8289719775477439,0.0,7.769004959709028e-05,0.7883451444657962,0.3458690480579995,7.769004959709028e-05,0.7883451444657962,national,national,All_cities,annual_all_days_primary,All calendar-year days; non-heatwave days contribute zero,"1,2,3,4,5,6,7,8,9,10,11,12"
primary_national,national pooled,annual_all_days_primary,ssp585,2040,2031-2040,exceeded_quantity_day_all,exceeded_quantity,day,all,851.8513513513514,-0.3867515995404587,0.3867515995404587,1.8516779933607712,0.0039614358179404,0.3961435817940476,0.0320071252161156,0.846198569050446,0.3961435817940476,0.0035129248392204,0.846198569050446,0.0,0.0314310948781616,0.8115070457322824,0.3867515995404587,0.0314310948781616,0.8115070457322824,national,national,All_cities,annual_all_days_primary,All calendar-year days; non-heatwave days contribute zero,"1,2,3,4,5,6,7,8,9,10,11,12"
primary_national,national pooled,annual_all_days_primary,ssp585,2040,2031-2040,exceeded_quantity_night_all,exceeded_quantity,night,all,476.4189189189189,-0.0243193552097541,0.0243193552097541,0.2364814681036164,0.000243961816661,0.0243961816661068,0.0,0.1662086706204206,0.0243961816661068,0.0,0.1662086706204206,0.0,0.0,0.1637842795701963,0.0243193552097541,0.0,0.1637842795701963,national,national,All_cities,annual_all_days_primary,All calendar-year days; non-heatwave days contribute zero,"1,2,3,4,5,6,7,8,9,10,11,12"
primary_national,national pooled,annual_all_days_primary,ssp585,2041,2041-2050,cehwi_composite_all,cehwi,composite,all,594.7297297297297,-0.3374364397769263,0.3374364397769262,3.01630433884888,0.0034634786919178,0.3463478691917897,0.0107144011500299,0.683100994339806,0.3463478691917897,0.0095947440437739,0.683100994339806,0.0,0.0107039471521239,0.6491304316388478,0.3374364397769262,0.0107039471521239,0.6491304316388478,national,national,All_cities,annual_all_days_primary,All calendar-year days; non-heatwave days contribute zero,"1,2,3,4,5,6,7,8,9,10,11,12"
primary_national,national pooled,annual_all_days_primary,ssp585,2041,2041-2050,cehwi_day_all,cehwi,day,all,957.4864864864865,-0.305766008332938,0.305766008332938,1.3882245797701311,0.0031119468603104,0.3111946860310491,0.0050988881125774,0.7262847198339127,0.3111946860310491,0.0,0.7262847198339127,0.0,0.0050633625343627,0.7004508437232496,0.305766008332938,0.0050633625343627,0.7004508437232496,national,national,All_cities,annual_all_days_primary,All calendar-year days; non-heatwave days contribute zero,"1,2,3,4,5,6,7,8,9,10,11,12"
primary_national,national pooled,annual_all_days_primary,ssp585,2041,2041-2050,cehwi_night_all,cehwi,night,all,418.9324324324325,0.0270741508780336,0.0,0.0,0.0,0.0,0.0,0.0323719730114563,0.0,0.0,0.0323719730114563,0.0,0.0,0.0322425950789891,0.0,0.0,0.0322425950789891,national,national,All_cities,annual_all_days_primary,All calendar-year days; non-heatwave days contribute zero,"1,2,3,4,5,6,7,8,9,10,11,12"
primary_national,national pooled,annual_all_days_primary,ssp585,2041,2041-2050,exceeded_quantity_composite_all,exceeded_quantity,composite,all,594.7297297297297,-0.3189691371673863,0.3189691371673863,3.3941127815120167,0.0032552977419255,0.3255297741925537,9.409002665857888e-07,0.7676520220836721,0.3255297741925537,0.0,0.7676520220836721,0.0,9.377985714924556e-07,0.7328998505432384,0.3189691371673863,9.377985714924556e-07,0.7328998505432384,national,national,All_cities,annual_all_days_primary,All calendar-year days; non-heatwave days contribute zero,"1,2,3,4,5,6,7,8,9,10,11,12"
primary_national,national pooled,annual_all_days_primary,ssp585,2041,2041-2050,exceeded_quantity_day_all,exceeded_quantity,day,all,957.4864864864865,-0.3805797066702595,0.3805797066702595,1.809695823919648,0.0038802482523901,0.3880248252390161,0.0190923020672784,0.8615876865737392,0.3880248252390161,0.0014232954208864,0.8615876865737392,0.0,0.0187385458869554,0.8313550898917945,0.3805797066702595,0.0187385458869554,0.8313550898917945,national,national,All_cities,annual_all_days_primary,All calendar-year days; non-heatwave days contribute zero,"1,2,3,4,5,6,7,8,9,10,11,12"
primary_national,national pooled,annual_all_days_primary,ssp585,2041,2041-2050,exceeded_quantity_night_all,exceeded_quantity,night,all,418.9324324324325,-0.0190320015302883,0.0190320015302883,0.2212866341735032,0.0001908853905678,0.0190885390567805,0.0,0.133496713779938,0.0190885390567805,0.0,0.133496713779938,0.0,0.0,0.1316788577556341,0.0190320015302883,0.0,0.1316788577556341,national,national,All_cities,annual_all_days_primary,All calendar-year days; non-heatwave days contribute zero,"1,2,3,4,5,6,7,8,9,10,11,12"
primary_national,national pooled,annual_all_days_primary,ssp585,2042,2041-2050,cehwi_composite_all,cehwi,composite,all,499.2837837837838,-0.2919178873583037,0.2919178873583037,2.8069017893749413,0.0030008507670978,0.3000850767097802,0.0084783951914367,0.604180706738856,0.3000850767097802,0.0060258438439039,0.604180706738856,0.0,0.0084697386921202,0.5715241589782851,0.2919178873583037,0.0084697386921202,0.5715241589782851,national,national,All_cities,annual_all_days_primary,All calendar-year days; non-heatwave days contribute zero,"1,2,3,4,5,6,7,8,9,10,11,12"
primary_national,national pooled,annual_all_days_primary,ssp585,2042,2041-2050,cehwi_day_all,cehwi,day,all,809.7432432432432,-0.2139712488361956,0.2139712488361955,1.1308934501632075,0.0021742634556594,0.2174263455659442,0.0042357609503515,0.5149481105262079,0.2174263455659442,0.0,0.5149481105262079,0.0,0.0041942241139333,0.4984707668894735,0.2139712488361955,0.0041942241139333,0.4984707668894735,national,national,All_cities,annual_all_days_primary,All calendar-year days; non-heatwave days contribute zero,"1,2,3,4,5,6,7,8,9,10,11,12"
primary_national,national pooled,annual_all_days_primary,ssp585,2042,2041-2050,cehwi_night_all,cehwi,night,all,444.3243243243243,0.0313944603826398,0.0,0.0,0.0,0.0,0.0,0.0383535350790874,0.0,0.0,0.0383535350790874,0.0,0.0,0.0381571632773057,0.0,0.0,0.0381571632773057,national,national,All_cities,annual_all_days_primary,All calendar-year days; non-heatwave days contribute zero,"1,2,3,4,5,6,7,8,9,10,11,12"
primary_national,national pooled,annual_all_days_primary,ssp585,2042,2041-2050,exceeded_quantity_composite_all,exceeded_quantity,composite,all,499.2837837837838,-0.2617934812192462,0.2617934812192462,2.974061867202369,0.0026688406491855,0.2668840649185542,0.0,0.6314963452712167,0.2668840649185542,0.0,0.6314963452712167,0.0,0.0,0.6043296316057859,0.2617934812192462,0.0,0.6043296316057859,national,national,All_cities,annual_all_days_primary,All calendar-year days; non-heatwave days contribute zero,"1,2,3,4,5,6,7,8,9,10,11,12"
primary_national,national pooled,annual_all_days_primary,ssp585,2042,2041-2050,exceeded_quantity_day_all,exceeded_quantity,day,all,809.7432432432432,-0.2822755150497036,0.2822755150497036,1.5646049167826517,0.0028740995468082,0.287409954680829,0.0126900434275091,0.6458272707046623,0.287409954680829,0.0034420533915765,0.6458272707046623,0.0,0.0124380836722369,0.6247732924525342,0.2822755150497036,0.0124380836722369,0.6247732924525342,national,national,All_cities,annual_all_days_primary,All calendar-year days; non-heatwave days contribute zero,"1,2,3,4,5,6,7,8,9,10,11,12"
primary_national,national pooled,annual_all_days_primary,ssp585,2042,2041-2050,exceeded_quantity_night_all,exceeded_quantity,night,all,444.3243243243243,-0.0192422320819568,0.0192422320819568,0.2151876742376217,0.0001928480306905,0.0192848030690562,0.0,0.1398382406973866,0.0192848030690562,0.0,0.1398382406973866,0.0,0.0,0.1380562406287755,0.0192422320819568,0.0,0.1380562406287755,national,national,All_cities,annual_all_days_primary,All calendar-year days; non-heatwave days contribute zero,"1,2,3,4,5,6,7,8,9,10,11,12"
primary_national,national pooled,annual_all_days_primary,ssp585,2043,2041-2050,cehwi_composite_all,cehwi,composite,all,600.3378378378378,-0.3572437303917052,0.3572437303917052,2.979928339839855,0.0036694535438253,0.3669453543825393,0.0114871959760737,0.7230455794454944,0.3669453543825393,0.0108451293195846,0.7230455794454944,0.0,0.0114756190577427,0.6861883617111169,0.3572437303917052,0.0114756190577427,0.6861883617111169,national,national,All_cities,annual_all_days_primary,All calendar-year days; non-heatwave days contribute zero,"1,2,3,4,5,6,7,8,9,10,11,12"
primary_national,national pooled,annual_all_days_primary,ssp585,2043,2041-2050,cehwi_day_all,cehwi,day,all,975.8243243243244,-0.3480353434979607,0.3480353434979607,1.5359839325692617,0.0035544056890584,0.3554405689058467,0.0140413826839501,0.8050385230433544,0.3554405689058467,0.0036901893053833,0.8050385230433544,0.0,0.0139142759924295,0.772964791365599,0.3480353434979607,0.0139142759924295,0.772964791365599,national,national,All_cities,annual_all_days_primary,All calendar-year days; non-heatwave days contribute zero,"1,2,3,4,5,6,7,8,9,10,11,12"
primary_national,national pooled,annual_all_days_primary,ssp585,2043,2041-2050,cehwi_night_all,cehwi,night,all,462.1486486486487,0.0370451058911244,0.0,0.0,0.0,0.0,0.0,0.0449482286984215,0.0,0.0,0.0449482286984215,0.0,0.0,0.0447206273196538,0.0,0.0,0.0447206273196538,national,national,All_cities,annual_all_days_primary,All calendar-year days; non-heatwave days contribute zero,"1,2,3,4,5,6,7,8,9,10,11,12"
primary_national,national pooled,annual_all_days_primary,ssp585,2043,2041-2050,exceeded_quantity_composite_all,exceeded_quantity,composite,all,600.3378378378378,-0.3361018196012857,0.3361018196012857,3.251598596403223,0.0034309380033282,0.3430938003328287,7.589626769200528e-06,0.8088345586218073,0.3430938003328287,0.0,0.8088345586218073,0.0,7.565086093139244e-06,0.7718258182628461,0.3361018196012857,7.565086093139244e-06,0.7718258182628461,national,national,All_cities,annual_all_days_primary,All calendar-year days; non-heatwave days contribute zero,"1,2,3,4,5,6,7,8,9,10,11,12"
primary_national,national pooled,annual_all_days_primary,ssp585,2043,2041-2050,exceeded_quantity_day_all,exceeded_quantity,day,all,975.8243243243244,-0.4236287812269678,0.4236287812269678,1.962330347149082,0.0043339382947132,0.4333938294713286,0.0305284941139797,0.9373468122815272,0.4333938294713286,0.0022209049233073,0.9373468122815272,0.0,0.0299514057582538,0.9003366525732561,0.4236287812269678,0.0299514057582538,0.9003366525732561,national,national,All_cities,annual_all_days_primary,All calendar-year days; non-heatwave days contribute zero,"1,2,3,4,5,6,7,8,9,10,11,12"
primary_national,national pooled,annual_all_days_primary,ssp585,2043,2041-2050,exceeded_quantity_night_all,exceeded_quantity,night,all,462.1486486486487,-0.0226672309161878,0.0226672309161878,0.2431382272568479,0.0002272620065208,0.0227262006520891,0.0,0.160167250924128,0.0227262006520891,0.0,0.160167250924128,0.0,0.0,0.157980529279108,0.0226672309161878,0.0,0.157980529279108,national,national,All_cities,annual_all_days_primary,All calendar-year days; non-heatwave days contribute zero,"1,2,3,4,5,6,7,8,9,10,11,12"
primary_national,national pooled,annual_all_days_primary,ssp585,2044,2041-2050,cehwi_composite_all,cehwi,composite,all,558.8648648648649,-0.361608009588343,0.361608009588343,3.253214949034738,0.0037211028681997,0.3721102868199745,0.0120374014870959,0.7327518786425121,0.3721102868199746,0.0114686949974374,0.7327518786425121,0.0,0.0120239856396396,0.6929718328408675,0.361608009588343,0.0120239856396396,0.6929718328408675,national,national,All_cities,annual_all_days_primary,All calendar-year days; non-heatwave days contribute zero,"1,2,3,4,5,6,7,8,9,10,11,12"
primary_national,national pooled,annual_all_days_primary,ssp585,2044,2041-2050,cehwi_day_all,cehwi,day,all,818.8648648648649,-0.2651055193471786,0.2651055193471786,1.2198752893418945,0.0026962838624183,0.2696283862418338,0.0047731868372294,0.6326211181113377,0.2696283862418338,0.0,0.6326211181113377,0.0,0.0047362966009833,0.6110600275226427,0.2651055193471786,0.0047362966009833,0.6110600275226427,national,national,All_cities,annual_all_days_primary,All calendar-year days; non-heatwave days contribute zero,"1,2,3,4,5,6,7,8,9,10,11,12"
primary_national,national pooled,annual_all_days_primary,ssp585,2044,2041-2050,cehwi_night_all,cehwi,night,all,509.05405405405406,0.0438702113097744,0.0,0.0,0.0,0.0,0.0,0.0561742537855659,0.0,0.0,0.0561742537855659,0.0,0.0,0.0557722256923801,0.0,0.0,0.0557722256923801,national,national,All_cities,annual_all_days_primary,All calendar-year days; non-heatwave days contribute zero,"1,2,3,4,5,6,7,8,9,10,11,12"
primary_national,national pooled,annual_all_days_primary,ssp585,2044,2041-2050,exceeded_quantity_composite_all,exceeded_quantity,composite,all,558.8648648648649,-0.324357344406191,0.324357344406191,3.3759185305088835,0.003312312682549,0.331231268254909,4.610107570240721e-06,0.7797104283796492,0.331231268254909,0.0,0.7797104283796492,0.0,4.573499768009066e-06,0.7436065407685122,0.324357344406191,4.573499768009066e-06,0.7436065407685122,national,national,All_cities,annual_all_days_primary,All calendar-year days; non-heatwave days contribute zero,"1,2,3,4,5,6,7,8,9,10,11,12"
primary_national,national pooled,annual_all_days_primary,ssp585,2044,2041-2050,exceeded_quantity_day_all,exceeded_quantity,day,all,818.8648648648649,-0.3576120166747419,0.3576120166747419,1.745926727897782,0.0036522483724464,0.3652248372446474,0.0219825939045758,0.8019483730734038,0.3652248372446474,0.0038782548007366,0.8019483730734038,0.0,0.0215877617399876,0.7720466492954069,0.3576120166747419,0.0215877617399876,0.7720466492954069,national,national,All_cities,annual_all_days_primary,All calendar-year days; non-heatwave days contribute zero,"1,2,3,4,5,6,7,8,9,10,11,12"
primary_national,national pooled,annual_all_days_primary,ssp585,2044,2041-2050,exceeded_quantity_night_all,exceeded_quantity,night,all,509.05405405405406,-0.0283937756165825,0.0283937756165825,0.2591725709064894,0.0002851515877457,0.0285151587745745,0.0,0.1872956503519762,0.0285151587745745,0.0,0.1872956503519762,0.0,0.0,0.1843868241021647,0.0283937756165825,0.0,0.1843868241021647,national,national,All_cities,annual_all_days_primary,All calendar-year days; non-heatwave days contribute zero,"1,2,3,4,5,6,7,8,9,10,11,12"
primary_national,national pooled,annual_all_days_primary,ssp585,2045,2041-2050,cehwi_composite_all,cehwi,composite,all,599.5,-0.3068065842210254,0.3068065842210253,2.808353688205725,0.0031430993801473,0.3143099380147388,0.0097479817177319,0.6192979022721112,0.3143099380147388,0.0093219737573668,0.6192979022721112,0.0,0.0097391027566319,0.5907652006921882,0.3068065842210253,0.0097391027566319,0.5907652006921882,national,national,All_cities,annual_all_days_primary,All calendar-year days; non-heatwave days contribute zero,"1,2,3,4,5,6,7,8,9,10,11,12"
primary_national,national pooled,annual_all_days_primary,ssp585,2045,2041-2050,cehwi_day_all,cehwi,day,all,892.918918918919,-0.3061955665183505,0.3061955665183505,1.3872500165418316,0.0031245187527728,0.312451875277282,0.0116235190564835,0.7140973981922117,0.312451875277282,0.0,0.7140973981922117,0.0,0.0115134128549006,0.6866242248203467,0.3061955665183505,0.0115134128549006,0.6866242248203467,national,national,All_cities,annual_all_days_primary,All calendar-year days; non-heatwave days contribute zero,"1,2,3,4,5,6,7,8,9,10,11,12"
primary_national,national pooled,annual_all_days_primary,ssp585,2045,2041-2050,cehwi_night_all,cehwi,night,all,511.0810810810811,0.0382911386958302,0.0,0.0,0.0,0.0,0.0,0.0461671043540688,0.0,0.0,0.0461671043540688,0.0,0.0,0.0459534428228,0.0,0.0,0.0459534428228,national,national,All_cities,annual_all_days_primary,All calendar-year days; non-heatwave days contribute zero,"1,2,3,4,5,6,7,8,9,10,11,12"
primary_national,national pooled,annual_all_days_primary,ssp585,2045,2041-2050,exceeded_quantity_composite_all,exceeded_quantity,composite,all,599.5,-0.2984772828668808,0.2984772828668808,3.154487827342369,0.0030410665585775,0.304106655857757,1.8693185206544414e-07,0.7210702363343073,0.304106655857757,0.0,0.7210702363343073,0.0,1.8680920856561507e-07,0.6909148532389545,0.2984772828668808,1.8680920856561507e-07,0.6909148532389545,national,national,All_cities,annual_all_days_primary,All calendar-year days; non-heatwave days contribute zero,"1,2,3,4,5,6,7,8,9,10,11,12"
primary_national,national pooled,annual_all_days_primary,ssp585,2045,2041-2050,exceeded_quantity_day_all,exceeded_quantity,day,all,892.918918918919,-0.3579273099076339,0.3579273099076339,1.764945679254707,0.0036475984693969,0.3647598469396914,0.0157825754620102,0.8132706778771496,0.3647598469396914,0.0024091413147738,0.8132706778771496,0.0,0.0155109901710567,0.7849672864078759,0.3579273099076339,0.0155109901710567,0.7849672864078759,national,national,All_cities,annual_all_days_primary,All calendar-year days; non-heatwave days contribute zero,"1,2,3,4,5,6,7,8,9,10,11,12"
primary_national,national pooled,annual_all_days_primary,ssp585,2045,2041-2050,exceeded_quantity_night_all,exceeded_quantity,night,all,511.0810810810811,-0.0245709708335164,0.0245709708335164,0.2227906891413048,0.0002463681911389,0.0246368191138943,0.0,0.1742192482242684,0.0246368191138943,0.0,0.1742192482242684,0.0,0.0,0.1718833271855465,0.0245709708335164,0.0,0.1718833271855465,national,national,All_cities,annual_all_days_primary,All calendar-year days; non-heatwave days contribute zero,"1,2,3,4,5,6,7,8,9,10,11,12"
primary_national,national pooled,annual_all_days_primary,ssp585,2046,2041-2050,cehwi_composite_all,cehwi,composite,all,660.2297297297297,-0.4157404866733765,0.4157404866733765,3.2235066522063467,0.0042716081955657,0.427160819556572,0.0127674014344444,0.8466654365229923,0.427160819556572,0.009864372251389,0.8466654365229923,0.0,0.0127546909526006,0.802600639480186,0.4157404866733765,0.0127546909526006,0.802600639480186,national,national,All_cities,annual_all_days_primary,All calendar-year days; non-heatwave days contribute zero,"1,2,3,4,5,6,7,8,9,10,11,12"
primary_national,national pooled,annual_all_days_primary,ssp585,2046,2041-2050,cehwi_day_all,cehwi,day,all,790.1216216216217,-0.2260953780803628,0.2260953780803628,1.169327201304058,0.0022977917758456,0.2297791775845657,0.0040337686486823,0.542074655011233,0.2297791775845657,0.0,0.542074655011233,0.0,0.0040076516191842,0.5243561393222504,0.2260953780803628,0.0040076516191842,0.5243561393222504,national,national,All_cities,annual_all_days_primary,All calendar-year days; non-heatwave days contribute zero,"1,2,3,4,5,6,7,8,9,10,11,12"
primary_national,national pooled,annual_all_days_primary,ssp585,2046,2041-2050,cehwi_night_all,cehwi,night,all,581.3378378378378,0.0481296374323451,0.0,0.0,0.0,0.0,0.0,0.0626368162006302,0.0,0.0,0.0626368162006302,0.0,0.0,0.0621447684526774,0.0,0.0,0.0621447684526774,national,national,All_cities,annual_all_days_primary,All calendar-year days; non-heatwave days contribute zero,"1,2,3,4,5,6,7,8,9,10,11,12"
primary_national,national pooled,annual_all_days_primary,ssp585,2046,2041-2050,exceeded_quantity_composite_all,exceeded_quantity,composite,all,660.2297297297297,-0.4007657647142592,0.4007657647142592,3.555375047377455,0.0040946922330606,0.4094692233060601,3.129153068158705e-06,0.9620383043939504,0.4094692233060601,0.0,0.9620383043939504,0.0,3.113816733415651e-06,0.9164584876661768,0.4007657647142592,3.113816733415651e-06,0.9164584876661768,national,national,All_cities,annual_all_days_primary,All calendar-year days; non-heatwave days contribute zero,"1,2,3,4,5,6,7,8,9,10,11,12"
primary_national,national pooled,annual_all_days_primary,ssp585,2046,2041-2050,exceeded_quantity_day_all,exceeded_quantity,day,all,790.1216216216217,-0.3106937746431543,0.3106937746431543,1.7320704204575894,0.0031644261118335,0.3164426111833552,0.0128058234590809,0.707757248410209,0.3164426111833552,0.0007453571167727,0.707757248410209,0.0,0.0125835682785476,0.6837243347222837,0.3106937746431543,0.0125835682785476,0.6837243347222837,national,national,All_cities,annual_all_days_primary,All calendar-year days; non-heatwave days contribute zero,"1,2,3,4,5,6,7,8,9,10,11,12"
primary_national,national pooled,annual_all_days_primary,ssp585,2046,2041-2050,exceeded_quantity_night_all,exceeded_quantity,night,all,581.3378378378378,-0.0304028492056185,0.0304028492056185,0.2525656094968558,0.0003050455433925,0.0305045543392501,0.0,0.2050921817686907,0.0305045543392501,0.0,0.2050921817686907,0.0,0.0,0.2020105238107075,0.0304028492056185,0.0,0.2020105238107075,national,national,All_cities,annual_all_days_primary,All calendar-year days; non-heatwave days contribute zero,"1,2,3,4,5,6,7,8,9,10,11,12"
primary_national,national pooled,annual_all_days_primary,ssp585,2047,2041-2050,cehwi_composite_all,cehwi,composite,all,619.4324324324324,-0.384663853397077,0.3846638533970771,3.041954451368951,0.003955148226464,0.3955148226464036,0.0118040963718885,0.7868951149190092,0.3955148226464036,0.0086649136006377,0.7868951149190092,0.0,0.0117918733436241,0.744715104120096,0.3846638533970771,0.0117918733436241,0.744715104120096,national,national,All_cities,annual_all_days_primary,All calendar-year days; non-heatwave days contribute zero,"1,2,3,4,5,6,7,8,9,10,11,12"
primary_national,national pooled,annual_all_days_primary,ssp585,2047,2041-2050,cehwi_day_all,cehwi,day,all,872.2432432432432,-0.2609807718626848,0.2609807718626848,1.2762708695043394,0.0026482664638312,0.2648266463831279,0.0012674120209058,0.6351898973631896,0.2648266463831279,0.0,0.6351898973631896,0.0,0.0012607674794943,0.6152085005531014,0.2609807718626848,0.0012607674794943,0.6152085005531014,national,national,All_cities,annual_all_days_primary,All calendar-year days; non-heatwave days contribute zero,"1,2,3,4,5,6,7,8,9,10,11,12"
primary_national,national pooled,annual_all_days_primary,ssp585,2047,2041-2050,cehwi_night_all,cehwi,night,all,545.6351351351351,0.050010202415024,0.0,0.0,0.0,0.0,0.0,0.0624526097381312,0.0,0.0,0.0624526097381312,0.0,0.0,0.0620438137656402,0.0,0.0,0.0620438137656402,national,national,All_cities,annual_all_days_primary,All calendar-year days; non-heatwave days contribute zero,"1,2,3,4,5,6,7,8,9,10,11,12"
primary_national,national pooled,annual_all_days_primary,ssp585,2047,2041-2050,exceeded_quantity_composite_all,exceeded_quantity,composite,all,619.4324324324324,-0.374218921537027,0.374218921537027,3.390795137394893,0.0038285358802811,0.3828535880281148,0.0,0.8955890435666445,0.3828535880281148,0.0,0.8955890435666445,0.0,0.0,0.850990564964324,0.374218921537027,0.0,0.850990564964324,national,national,All_cities,annual_all_days_primary,All calendar-year days; non-heatwave days contribute zero,"1,2,3,4,5,6,7,8,9,10,11,12"
primary_national,national pooled,annual_all_days_primary,ssp585,2047,2041-2050,exceeded_quantity_day_all,exceeded_quantity,day,all,872.2432432432432,-0.340531980512131,0.340531980512131,1.7485572411509658,0.0034639951459572,0.3463995145957231,0.0103277305770085,0.7811947969616629,0.3463995145957232,0.0,0.7811947969616629,0.0,0.0101810340955,0.755587915053933,0.340531980512131,0.0101810340955,0.755587915053933,national,national,All_cities,annual_all_days_primary,All calendar-year days; non-heatwave days contribute zero,"1,2,3,4,5,6,7,8,9,10,11,12"
primary_national,national pooled,annual_all_days_primary,ssp585,2047,2041-2050,exceeded_quantity_night_all,exceeded_quantity,night,all,545.6351351351351,-0.0311629820358385,0.0311629820358385,0.258159345963782,0.0003125925959901,0.0312592595990154,0.0,0.2111048469266963,0.0312592595990154,0.0,0.2111048469266963,0.0,0.0,0.2078505834480855,0.0311629820358385,0.0,0.2078505834480855,national,national,All_cities,annual_all_days_primary,All calendar-year days; non-heatwave days contribute zero,"1,2,3,4,5,6,7,8,9,10,11,12"
primary_national,national pooled,annual_all_days_primary,ssp585,2048,2041-2050,cehwi_composite_all,cehwi,composite,all,770.4459459459459,-0.591396441518949,0.591396441518949,3.8183143935541217,0.0061108217081218,0.6110821708121806,0.0165823583939829,1.2500380500337351,0.6110821708121806,0.0096624681117355,1.2500380500337351,0.0,0.016562955858876,1.1650331908710927,0.591396441518949,0.016562955858876,1.1650331908710927,national,national,All_cities,annual_all_days_primary,All calendar-year days; non-heatwave days contribute zero,"1,2,3,4,5,6,7,8,9,10,11,12"
primary_national,national pooled,annual_all_days_primary,ssp585,2048,2041-2050,cehwi_day_all,cehwi,day,all,976.8513513513514,-0.3198200608977328,0.3198200608977328,1.4034490898354997,0.0032548463711902,0.3254846371190282,0.006110221366712,0.7606185910168053,0.3254846371190282,0.0,0.7606185910168053,0.0,0.0060665343318948,0.7337503194485216,0.3198200608977328,0.0060665343318948,0.7337503194485216,national,national,All_cities,annual_all_days_primary,All calendar-year days; non-heatwave days contribute zero,"1,2,3,4,5,6,7,8,9,10,11,12"
primary_national,national pooled,annual_all_days_primary,ssp585,2048,2041-2050,cehwi_night_all,cehwi,night,all,555.5945945945946,0.0565453577476388,0.0,0.0,0.0,0.0,0.0,0.0763347758379058,0.0,0.0,0.0763347758379058,0.0,0.0,0.0756266577279658,0.0,0.0,0.0756266577279658,national,national,All_cities,annual_all_days_primary,All calendar-year days; non-heatwave days contribute zero,"1,2,3,4,5,6,7,8,9,10,11,12"
primary_national,national pooled,annual_all_days_primary,ssp585,2048,2041-2050,exceeded_quantity_composite_all,exceeded_quantity,composite,all,770.4459459459459,-0.545623071634177,0.545623071634177,3.861219607087918,0.0056070971409908,0.5607097140990842,0.0002226367690532,1.2960964575594092,0.5607097140990842,0.0,1.2960964575594092,0.0,0.0002212262660136,1.220479719386787,0.545623071634177,0.0002212262660136,1.220479719386787,national,national,All_cities,annual_all_days_primary,All calendar-year days; non-heatwave days contribute zero,"1,2,3,4,5,6,7,8,9,10,11,12"
primary_national,national pooled,annual_all_days_primary,ssp585,2048,2041-2050,exceeded_quantity_day_all,exceeded_quantity,day,all,976.8513513513514,-0.4533587330896327,0.4533587330896327,2.084641687632186,0.0046375373638734,0.463753736387341,0.0322704633045261,0.999876512670383,0.463753736387341,0.003510154421258,0.999876512670383,0.0,0.031720934358654,0.9602226164229444,0.4533587330896327,0.031720934358654,0.9602226164229444,national,national,All_cities,annual_all_days_primary,All calendar-year days; non-heatwave days contribute zero,"1,2,3,4,5,6,7,8,9,10,11,12"
primary_national,national pooled,annual_all_days_primary,ssp585,2048,2041-2050,exceeded_quantity_night_all,exceeded_quantity,night,all,555.5945945945946,-0.0343813867161026,0.0343813867161026,0.2847444562336453,0.0003450712158848,0.0345071215884894,0.0,0.2253733387221554,0.0345071215884894,0.0,0.2253733387221554,0.0,0.0,0.2217027559251387,0.0343813867161026,0.0,0.2217027559251387,national,national,All_cities,annual_all_days_primary,All calendar-year days; non-heatwave days contribute zero,"1,2,3,4,5,6,7,8,9,10,11,12"
primary_national,national pooled,annual_all_days_primary,ssp585,2049,2041-2050,cehwi_composite_all,cehwi,composite,all,766.0540540540541,-0.5721670820950562,0.5721670820950562,3.76484122893583,0.0059030295995058,0.5903029599505832,0.0156785736713848,1.208462590789722,0.5903029599505832,0.007127467500917,1.208462590789722,0.0,0.0156604405504343,1.133492956000368,0.5721670820950562,0.0156604405504343,1.133492956000368,national,national,All_cities,annual_all_days_primary,All calendar-year days; non-heatwave days contribute zero,"1,2,3,4,5,6,7,8,9,10,11,12"
primary_national,national pooled,annual_all_days_primary,ssp585,2049,2041-2050,cehwi_day_all,cehwi,day,all,953.2702702702704,-0.3915241447422607,0.3915241447422607,1.6813066084040962,0.0040030982955706,0.4003098295570691,0.0168971886806602,0.8977746512966666,0.4003098295570691,0.0014604293939758,0.8977746512966666,0.0,0.0167483981849835,0.8602418006042771,0.3915241447422607,0.0167483981849835,0.8602418006042771,national,national,All_cities,annual_all_days_primary,All calendar-year days; non-heatwave days contribute zero,"1,2,3,4,5,6,7,8,9,10,11,12"
primary_national,national pooled,annual_all_days_primary,ssp585,2049,2041-2050,cehwi_night_all,cehwi,night,all,547.0945945945946,0.0459633415317865,0.0,0.0,0.0,0.0,0.0,0.055982359272686,0.0,0.0,0.055982359272686,0.0,0.0,0.0556827074508835,0.0,0.0,0.0556827074508835,national,national,All_cities,annual_all_days_primary,All calendar-year days; non-heatwave days contribute zero,"1,2,3,4,5,6,7,8,9,10,11,12"
primary_national,national pooled,annual_all_days_primary,ssp585,2049,2041-2050,exceeded_quantity_composite_all,exceeded_quantity,composite,all,766.0540540540541,-0.5372385734062992,0.5372385734062992,3.885484843357954,0.0055177940994982,0.5517794099498273,0.0001012350911107,1.276343745268678,0.5517794099498273,0.0,1.276343745268678,0.0,0.0001005363367992,1.202977588582114,0.5372385734062992,0.0001005363367992,1.202977588582114,national,national,All_cities,annual_all_days_primary,All calendar-year days; non-heatwave days contribute zero,"1,2,3,4,5,6,7,8,9,10,11,12"
primary_national,national pooled,annual_all_days_primary,ssp585,2049,2041-2050,exceeded_quantity_day_all,exceeded_quantity,day,all,953.2702702702704,-0.4465046929737021,0.446504692973702,2.047935999119665,0.0045654116504743,0.4565411650474317,0.0303914881522419,0.9897417322540076,0.4565411650474317,0.0032568925534695,0.9897417322540076,0.0,0.029837066100806,0.951154602333812,0.446504692973702,0.029837066100806,0.951154602333812,national,national,All_cities,annual_all_days_primary,All calendar-year days; non-heatwave days contribute zero,"1,2,3,4,5,6,7,8,9,10,11,12"
primary_national,national pooled,annual_all_days_primary,ssp585,2049,2041-2050,exceeded_quantity_night_all,exceeded_quantity,night,all,547.0945945945946,-0.0268339985639228,0.0268339985639228,0.2379691415955424,0.0002690121845382,0.0269012184538293,0.0,0.1908948273782602,0.0269012184538293,0.0,0.1908948273782602,0.0,0.0,0.1883041170699078,0.0268339985639228,0.0,0.1883041170699078,national,national,All_cities,annual_all_days_primary,All calendar-year days; non-heatwave days contribute zero,"1,2,3,4,5,6,7,8,9,10,11,12"
primary_national,national pooled,annual_all_days_primary,ssp585,2050,2041-2050,cehwi_composite_all,cehwi,composite,all,665.5,-0.4295828197529718,0.4295828197529718,3.2093702574375835,0.0044219838500805,0.4421983850080524,0.0129319273416172,0.8802460730904673,0.4421983850080524,0.0098958540170065,0.8802460730904673,0.0,0.0129180876835823,0.8311546689124776,0.4295828197529718,0.0129180876835823,0.8311546689124776,national,national,All_cities,annual_all_days_primary,All calendar-year days; non-heatwave days contribute zero,"1,2,3,4,5,6,7,8,9,10,11,12"
primary_national,national pooled,annual_all_days_primary,ssp585,2050,2041-2050,cehwi_day_all,cehwi,day,all,853.3513513513514,-0.2434264941537051,0.2434264941537051,1.132163710653492,0.0024729684662489,0.2472968466248901,0.0032313864727592,0.5864893253625059,0.2472968466248901,0.0,0.5864893253625059,0.0,0.0032071476137128,0.567483908192654,0.2434264941537051,0.0032071476137128,0.567483908192654,national,national,All_cities,annual_all_days_primary,All calendar-year days; non-heatwave days contribute zero,"1,2,3,4,5,6,7,8,9,10,11,12"
primary_national,national pooled,annual_all_days_primary,ssp585,2050,2041-2050,cehwi_night_all,cehwi,night,all,543.0675675675676,0.0477034135546292,0.0,0.0,0.0,0.0,0.0,0.0586670414243405,0.0,0.0,0.0586670414243405,0.0,0.0,0.0583338290484195,0.0,0.0,0.0583338290484195,national,national,All_cities,annual_all_days_primary,All calendar-year days; non-heatwave days contribute zero,"1,2,3,4,5,6,7,8,9,10,11,12"
primary_national,national pooled,annual_all_days_primary,ssp585,2050,2041-2050,exceeded_quantity_composite_all,exceeded_quantity,composite,all,665.5,-0.4091523861801048,0.4091523861801048,3.3720039290615,0.0041865794999676,0.4186579499967699,8.469498700453471e-06,0.9790489130905782,0.4186579499967699,0.0,0.9790489130905782,0.0,8.405224590975386e-06,0.9299031706213662,0.4091523861801048,8.405224590975386e-06,0.9299031706213662,national,national,All_cities,annual_all_days_primary,All calendar-year days; non-heatwave days contribute zero,"1,2,3,4,5,6,7,8,9,10,11,12"
primary_national,national pooled,annual_all_days_primary,ssp585,2050,2041-2050,exceeded_quantity_day_all,exceeded_quantity,day,all,853.3513513513514,-0.3329204288190566,0.3329204288190566,1.6521185411901382,0.0033925457837436,0.339254578374368,0.0161210715801703,0.7548888679846361,0.339254578374368,0.0,0.7548888679846361,0.0,0.0158637341203279,0.7289794304097501,0.3329204288190566,0.0158637341203279,0.7289794304097501,national,national,All_cities,annual_all_days_primary,All calendar-year days; non-heatwave days contribute zero,"1,2,3,4,5,6,7,8,9,10,11,12"
primary_national,national pooled,annual_all_days_primary,ssp585,2050,2041-2050,exceeded_quantity_night_all,exceeded_quantity,night,all,543.0675675675676,-0.0329808718628525,0.0329808718628525,0.2792711297453276,0.0003310587544675,0.0331058754467514,0.0,0.2162097497303609,0.0331058754467514,0.0,0.2162097497303609,0.0,0.0,0.2127513649403471,0.0329808718628525,0.0,0.2127513649403471,national,national,All_cities,annual_all_days_primary,All calendar-year days; non-heatwave days contribute zero,"1,2,3,4,5,6,7,8,9,10,11,12"
