"model_id","city","activity_type","row_exposure","col_exposure","covariance"
"Abilene__all","Abilene","all",2,2,0.0361511155501041
"Abilene__all","Abilene","all",4,2,0.0690468929516208
"Abilene__all","Abilene","all",6,2,0.0954320150843299
"Abilene__all","Abilene","all",2,4,0.0690468929516208
"Abilene__all","Abilene","all",4,4,0.13192239899949
"Abilene__all","Abilene","all",6,4,0.182455114417162
"Abilene__all","Abilene","all",2,6,0.0954320150843299
"Abilene__all","Abilene","all",4,6,0.182455114417162
"Abilene__all","Abilene","all",6,6,0.252660386452671
"Amarillo__all","Amarillo","all",2,2,0.171715936714419
"Amarillo__all","Amarillo","all",4,2,0.272602514645403
"Amarillo__all","Amarillo","all",6,2,0.231830422226355
"Amarillo__all","Amarillo","all",2,4,0.272602514645403
"Amarillo__all","Amarillo","all",4,4,0.435632123505414
"Amarillo__all","Amarillo","all",6,4,0.379515883020729
"Amarillo__all","Amarillo","all",2,6,0.231830422226355
"Amarillo__all","Amarillo","all",4,6,0.379515883020729
"Amarillo__all","Amarillo","all",6,6,0.358911430394132
"Arlington__all","Arlington","all",2,2,0.000954612484446693
"Arlington__all","Arlington","all",4,2,0.00185889289485494
"Arlington__all","Arlington","all",6,2,0.00266250975752958
"Arlington__all","Arlington","all",2,4,0.00185889289485494
"Arlington__all","Arlington","all",4,4,0.00362024964657506
"Arlington__all","Arlington","all",6,4,0.00518653363175087
"Arlington__all","Arlington","all",2,6,0.00266250975752958
"Arlington__all","Arlington","all",4,6,0.00518653363175087
"Arlington__all","Arlington","all",6,6,0.00743358585942421
"Atlanta__all","Atlanta","all",2,2,1.67135821280159
"Atlanta__all","Atlanta","all",4,2,2.36621744690171
"Atlanta__all","Atlanta","all",6,2,1.16709163103773
"Atlanta__all","Atlanta","all",2,4,2.36621744690171
"Atlanta__all","Atlanta","all",4,4,3.80717435970167
"Atlanta__all","Atlanta","all",6,4,3.44643381609103
"Atlanta__all","Atlanta","all",2,6,1.16709163103773
"Atlanta__all","Atlanta","all",4,6,3.44643381609103
"Atlanta__all","Atlanta","all",6,6,7.85526865545257
"Austin__all","Austin","all",2,2,7.69544276952761e-05
"Austin__all","Austin","all",4,2,0.000149079341084138
"Austin__all","Austin","all",6,2,0.000211545725860171
"Austin__all","Austin","all",2,4,0.000149079341084138
"Austin__all","Austin","all",4,4,0.00028884676591948
"Austin__all","Austin","all",6,4,0.000409989958257229
"Austin__all","Austin","all",2,6,0.000211545725860171
"Austin__all","Austin","all",4,6,0.000409989958257229
"Austin__all","Austin","all",6,6,0.000582231303728061
"Bakersfield__all","Bakersfield","all",2,2,0.00241792794717996
"Bakersfield__all","Bakersfield","all",4,2,0.00446984916416003
"Bakersfield__all","Bakersfield","all",6,2,0.00578975815538247
"Bakersfield__all","Bakersfield","all",2,4,0.00446984916416003
"Bakersfield__all","Bakersfield","all",4,4,0.00827458712831562
"Bakersfield__all","Bakersfield","all",6,4,0.0107491017047485
"Bakersfield__all","Bakersfield","all",2,6,0.00578975815538248
"Bakersfield__all","Bakersfield","all",4,6,0.0107491017047485
"Bakersfield__all","Bakersfield","all",6,6,0.0140476162890101
"Baltimore__all","Baltimore","all",2,2,0.00549684216075985
"Baltimore__all","Baltimore","all",4,2,0.00915215030886803
"Baltimore__all","Baltimore","all",6,2,0.0091243922986312
"Baltimore__all","Baltimore","all",2,4,0.00915215030886803
"Baltimore__all","Baltimore","all",4,4,0.0153729903432277
"Baltimore__all","Baltimore","all",6,4,0.0157312083350038
"Baltimore__all","Baltimore","all",2,6,0.0091243922986312
"Baltimore__all","Baltimore","all",4,6,0.0157312083350038
"Baltimore__all","Baltimore","all",6,6,0.017302872220251
"Boston__all","Boston","all",2,2,12.523514137609
"Boston__all","Boston","all",4,2,22.1869423747395
"Boston__all","Boston","all",6,2,26.1302041299675
"Boston__all","Boston","all",2,4,22.1869423747395
"Boston__all","Boston","all",4,4,39.3094035376076
"Boston__all","Boston","all",6,4,46.3028980214894
"Boston__all","Boston","all",2,6,26.1302041299675
"Boston__all","Boston","all",4,6,46.3028980214894
"Boston__all","Boston","all",6,6,54.5605724999308
"Cape_Coral__all","Cape_Coral","all",2,2,0.165077442420293
"Cape_Coral__all","Cape_Coral","all",4,2,0.108628663288423
"Cape_Coral__all","Cape_Coral","all",6,2,-0.107617302675789
"Cape_Coral__all","Cape_Coral","all",2,4,0.108628663288423
"Cape_Coral__all","Cape_Coral","all",4,4,0.13992565478654
"Cape_Coral__all","Cape_Coral","all",6,4,0.0894977168385095
"Cape_Coral__all","Cape_Coral","all",2,6,-0.107617302675789
"Cape_Coral__all","Cape_Coral","all",4,6,0.0894977168385095
"Cape_Coral__all","Cape_Coral","all",6,6,0.447547271064721
"Chandler__all","Chandler","all",2,2,0.00930953608239683
"Chandler__all","Chandler","all",4,2,0.0156459982819196
"Chandler__all","Chandler","all",6,2,0.016188568046416
"Chandler__all","Chandler","all",2,4,0.0156459982819196
"Chandler__all","Chandler","all",4,4,0.02645140197589
"Chandler__all","Chandler","all",6,4,0.0278219001099523
"Chandler__all","Chandler","all",2,6,0.016188568046416
"Chandler__all","Chandler","all",4,6,0.0278219001099523
"Chandler__all","Chandler","all",6,6,0.0305717253629415
"Charleston__all","Charleston","all",2,2,0.0112267001580498
"Charleston__all","Charleston","all",4,2,0.0145350373684369
"Charleston__all","Charleston","all",6,2,0.00581123753509615
"Charleston__all","Charleston","all",2,4,0.0145350373684369
"Charleston__all","Charleston","all",4,4,0.0224832291593587
"Charleston__all","Charleston","all",6,4,0.020084503812367
"Charleston__all","Charleston","all",2,6,0.00581123753509615
"Charleston__all","Charleston","all",4,6,0.020084503812367
"Charleston__all","Charleston","all",6,6,0.046075486419026
"Charlotte__all","Charlotte","all",2,2,0.0128580277219898
"Charlotte__all","Charlotte","all",4,2,0.0192530595414764
"Charlotte__all","Charlotte","all",6,2,0.0127247121907207
"Charlotte__all","Charlotte","all",2,4,0.0192530595414764
"Charlotte__all","Charlotte","all",4,4,0.0295253574073407
"Charlotte__all","Charlotte","all",6,4,0.0218396475827501
"Charlotte__all","Charlotte","all",2,6,0.0127247121907207
"Charlotte__all","Charlotte","all",4,6,0.0218396475827501
"Charlotte__all","Charlotte","all",6,6,0.0237360547243665
"Chicago__all","Chicago","all",2,2,0.178671198476502
"Chicago__all","Chicago","all",4,2,0.314450531756898
"Chicago__all","Chicago","all",6,2,0.364446208919279
"Chicago__all","Chicago","all",2,4,0.314450531756898
"Chicago__all","Chicago","all",4,4,0.554252325733036
"Chicago__all","Chicago","all",6,4,0.644756584728294
"Chicago__all","Chicago","all",2,6,0.364446208919279
"Chicago__all","Chicago","all",4,6,0.644756584728294
"Chicago__all","Chicago","all",6,6,0.756795309171619
"Cincinnati__all","Cincinnati","all",2,2,0.442355416463776
"Cincinnati__all","Cincinnati","all",4,2,0.709028269742851
"Cincinnati__all","Cincinnati","all",6,2,0.624336129220374
"Cincinnati__all","Cincinnati","all",2,4,0.709028269742851
"Cincinnati__all","Cincinnati","all",4,4,1.1556138555538
"Cincinnati__all","Cincinnati","all",6,4,1.07731396744665
"Cincinnati__all","Cincinnati","all",2,6,0.624336129220374
"Cincinnati__all","Cincinnati","all",4,6,1.07731396744665
"Cincinnati__all","Cincinnati","all",6,6,1.18757525019828
"Clearwater__all","Clearwater","all",2,2,0.159433341178646
"Clearwater__all","Clearwater","all",4,2,-0.00475390775229839
"Clearwater__all","Clearwater","all",6,2,-0.299992983721555
"Clearwater__all","Clearwater","all",2,4,-0.00475390775229839
"Clearwater__all","Clearwater","all",4,4,2.96541770931202
"Clearwater__all","Clearwater","all",6,4,6.53309417826312
"Clearwater__all","Clearwater","all",2,6,-0.299992983721555
"Clearwater__all","Clearwater","all",4,6,6.53309417826312
"Clearwater__all","Clearwater","all",6,6,14.9196463715365
"Cleveland__all","Cleveland","all",2,2,3173094.83983408
"Cleveland__all","Cleveland","all",4,2,4978461.89028638
"Cleveland__all","Cleveland","all",6,2,4048374.16972108
"Cleveland__all","Cleveland","all",2,4,4978461.89028638
"Cleveland__all","Cleveland","all",4,4,7811661.27208245
"Cleveland__all","Cleveland","all",6,4,6354334.99070679
"Cleveland__all","Cleveland","all",2,6,4048374.16972108
"Cleveland__all","Cleveland","all",4,6,6354334.99070679
"Cleveland__all","Cleveland","all",6,6,5175469.27577553
"Columbia__all","Columbia","all",2,2,0.00940897027293649
"Columbia__all","Columbia","all",4,2,0.0144120629371224
"Columbia__all","Columbia","all",6,2,0.010739117780963
"Columbia__all","Columbia","all",2,4,0.0144120629371224
"Columbia__all","Columbia","all",4,4,0.0236400691358357
"Columbia__all","Columbia","all",6,4,0.022642563088357
"Columbia__all","Columbia","all",2,6,0.010739117780963
"Columbia__all","Columbia","all",4,6,0.022642563088357
"Columbia__all","Columbia","all",6,6,0.0367713815594528
"Columbus__all","Columbus","all",2,2,0.0427715265160114
"Columbus__all","Columbus","all",4,2,0.0633005249350262
"Columbus__all","Columbus","all",6,2,0.0393444810816199
"Columbus__all","Columbus","all",2,4,0.0633005249350262
"Columbus__all","Columbus","all",4,4,0.10371161176018
"Columbus__all","Columbus","all",6,4,0.0983438112283312
"Columbus__all","Columbus","all",2,6,0.0393444810816199
"Columbus__all","Columbus","all",4,6,0.0983438112283312
"Columbus__all","Columbus","all",6,6,0.196652842289539
"Corpus_Christi__all","Corpus_Christi","all",2,2,65707453.6503537
"Corpus_Christi__all","Corpus_Christi","all",4,2,79007531.1603282
"Corpus_Christi__all","Corpus_Christi","all",6,2,46116666.4689131
"Corpus_Christi__all","Corpus_Christi","all",2,4,79007531.1603282
"Corpus_Christi__all","Corpus_Christi","all",4,4,123840233.244534
"Corpus_Christi__all","Corpus_Christi","all",6,4,131896509.162525
"Corpus_Christi__all","Corpus_Christi","all",2,6,46116666.4689131
"Corpus_Christi__all","Corpus_Christi","all",4,6,131896509.162525
"Corpus_Christi__all","Corpus_Christi","all",6,6,235823657.878186
"Dallas__all","Dallas","all",2,2,7.30634053456567e-05
"Dallas__all","Dallas","all",4,2,0.000143730466454364
"Dallas__all","Dallas","all",6,2,0.000209605339089174
"Dallas__all","Dallas","all",2,4,0.000143730466454364
"Dallas__all","Dallas","all",4,4,0.000282754889946407
"Dallas__all","Dallas","all",6,4,0.000412366827513808
"Dallas__all","Dallas","all",2,6,0.000209605339089174
"Dallas__all","Dallas","all",4,6,0.000412366827513807
"Dallas__all","Dallas","all",6,6,0.000601440714609358
"Detroit__all","Detroit","all",2,2,17.6606969434896
"Detroit__all","Detroit","all",4,2,24.6466614833638
"Detroit__all","Detroit","all",6,2,10.283164160463
"Detroit__all","Detroit","all",2,4,24.6466614833638
"Detroit__all","Detroit","all",4,4,34.5866291407284
"Detroit__all","Detroit","all",6,4,15.1132067912894
"Detroit__all","Detroit","all",2,6,10.283164160463
"Detroit__all","Detroit","all",4,6,15.1132067912894
"Detroit__all","Detroit","all",6,6,9.03700695238484
"Fort_Worth__all","Fort_Worth","all",2,2,0.000304563249274091
"Fort_Worth__all","Fort_Worth","all",4,2,0.000590644483245082
"Fort_Worth__all","Fort_Worth","all",6,2,0.000839762186609873
"Fort_Worth__all","Fort_Worth","all",2,4,0.000590644483245082
"Fort_Worth__all","Fort_Worth","all",4,4,0.00114563428584964
"Fort_Worth__all","Fort_Worth","all",6,4,0.00162931432717317
"Fort_Worth__all","Fort_Worth","all",2,6,0.000839762186609873
"Fort_Worth__all","Fort_Worth","all",4,6,0.00162931432717317
"Fort_Worth__all","Fort_Worth","all",6,6,0.00231844647564332
"Fresno__all","Fresno","all",2,2,0.00131553547324885
"Fresno__all","Fresno","all",4,2,0.00252441752696261
"Fresno__all","Fresno","all",6,2,0.0035199935218644
"Fresno__all","Fresno","all",2,4,0.00252441752696261
"Fresno__all","Fresno","all",4,4,0.00484617900153083
"Fresno__all","Fresno","all",6,4,0.00676262774710364
"Fresno__all","Fresno","all",2,6,0.0035199935218644
"Fresno__all","Fresno","all",4,6,0.00676262774710364
"Fresno__all","Fresno","all",6,6,0.00945054353514417
"Gilbert__all","Gilbert","all",2,2,0.014351847306008
"Gilbert__all","Gilbert","all",4,2,0.0239348963956558
"Gilbert__all","Gilbert","all",6,2,0.0242404442051481
"Gilbert__all","Gilbert","all",2,4,0.0239348963956558
"Gilbert__all","Gilbert","all",4,4,0.0403909488004891
"Gilbert__all","Gilbert","all",6,4,0.0422924562532538
"Gilbert__all","Gilbert","all",2,6,0.0242404442051481
"Gilbert__all","Gilbert","all",4,6,0.0422924562532538
"Gilbert__all","Gilbert","all",6,6,0.048286432044075
"Henderson__all","Henderson","all",2,2,0.0046700512974029
"Henderson__all","Henderson","all",4,2,0.00856824275583213
"Henderson__all","Henderson","all",6,2,0.0109227168431138
"Henderson__all","Henderson","all",2,4,0.00856824275583213
"Henderson__all","Henderson","all",4,4,0.0157359191484047
"Henderson__all","Henderson","all",6,4,0.0201024609690182
"Henderson__all","Henderson","all",2,6,0.0109227168431138
"Henderson__all","Henderson","all",4,6,0.0201024609690182
"Henderson__all","Henderson","all",6,6,0.0257962601218637
"Houston__all","Houston","all",2,2,0.00021730922173612
"Houston__all","Houston","all",4,2,0.000406977723996895
"Houston__all","Houston","all",6,2,0.000541590188356599
"Houston__all","Houston","all",2,4,0.000406977723996895
"Houston__all","Houston","all",4,4,0.000763085099769989
"Houston__all","Houston","all",6,4,0.00101786444158213
"Houston__all","Houston","all",2,6,0.000541590188356599
"Houston__all","Houston","all",4,6,0.00101786444158213
"Houston__all","Houston","all",6,6,0.00136403497592683
"Indianapolis__all","Indianapolis","all",2,2,0.0208286341495285
"Indianapolis__all","Indianapolis","all",4,2,0.031249363478996
"Indianapolis__all","Indianapolis","all",6,2,0.0208542890589471
"Indianapolis__all","Indianapolis","all",2,4,0.031249363478996
"Indianapolis__all","Indianapolis","all",4,4,0.0499354762500599
"Indianapolis__all","Indianapolis","all",6,4,0.0434950828927781
"Indianapolis__all","Indianapolis","all",2,6,0.0208542890589471
"Indianapolis__all","Indianapolis","all",4,6,0.0434950828927781
"Indianapolis__all","Indianapolis","all",6,6,0.0697088874545004
"Jacksonville__all","Jacksonville","all",2,2,0.0121928508861109
"Jacksonville__all","Jacksonville","all",4,2,0.0166592097011901
"Jacksonville__all","Jacksonville","all",6,2,0.0114749516466689
"Jacksonville__all","Jacksonville","all",2,4,0.0166592097011901
"Jacksonville__all","Jacksonville","all",4,4,0.0257724198850168
"Jacksonville__all","Jacksonville","all",6,4,0.0249308207222806
"Jacksonville__all","Jacksonville","all",2,6,0.0114749516466689
"Jacksonville__all","Jacksonville","all",4,6,0.0249308207222806
"Jacksonville__all","Jacksonville","all",6,6,0.0392373940488537
"Kansas_City__all","Kansas_City","all",2,2,0.00138247606964856
"Kansas_City__all","Kansas_City","all",4,2,0.00244033503391451
"Kansas_City__all","Kansas_City","all",6,2,0.00284928108406357
"Kansas_City__all","Kansas_City","all",2,4,0.00244033503391451
"Kansas_City__all","Kansas_City","all",4,4,0.00433350726788249
"Kansas_City__all","Kansas_City","all",6,4,0.00513288394758118
"Kansas_City__all","Kansas_City","all",2,6,0.00284928108406357
"Kansas_City__all","Kansas_City","all",4,6,0.00513288394758118
"Kansas_City__all","Kansas_City","all",6,6,0.00628564918028842
"Las_Vegas__all","Las_Vegas","all",2,2,0.0035358047505595
"Las_Vegas__all","Las_Vegas","all",4,2,0.00614293289081446
"Las_Vegas__all","Las_Vegas","all",6,2,0.00689668663380114
"Las_Vegas__all","Las_Vegas","all",2,4,0.00614293289081446
"Las_Vegas__all","Las_Vegas","all",4,4,0.010721266633728
"Las_Vegas__all","Las_Vegas","all",6,4,0.0121770342451019
"Las_Vegas__all","Las_Vegas","all",2,6,0.00689668663380114
"Las_Vegas__all","Las_Vegas","all",4,6,0.0121770342451019
"Las_Vegas__all","Las_Vegas","all",6,6,0.0142313562531819
"Los_Angeles__all","Los_Angeles","all",2,2,0.0961256180945546
"Los_Angeles__all","Los_Angeles","all",4,2,0.171076918458581
"Los_Angeles__all","Los_Angeles","all",6,2,0.203679625025454
"Los_Angeles__all","Los_Angeles","all",2,4,0.171076918458581
"Los_Angeles__all","Los_Angeles","all",4,4,0.304560637881753
"Los_Angeles__all","Los_Angeles","all",6,4,0.36285792590298
"Los_Angeles__all","Los_Angeles","all",2,6,0.203679625025454
"Los_Angeles__all","Los_Angeles","all",4,6,0.36285792590298
"Los_Angeles__all","Los_Angeles","all",6,6,0.43303358681743
"Louisville__all","Louisville","all",2,2,0.223855210984224
"Louisville__all","Louisville","all",4,2,0.353769171182468
"Louisville__all","Louisville","all",6,2,0.295800692565764
"Louisville__all","Louisville","all",2,4,0.353769171182468
"Louisville__all","Louisville","all",4,4,0.56763197364083
"Louisville__all","Louisville","all",6,4,0.501681988445418
"Louisville__all","Louisville","all",2,6,0.295800692565764
"Louisville__all","Louisville","all",4,6,0.501681988445418
"Louisville__all","Louisville","all",6,6,0.527724503504292
"Lubbock__all","Lubbock","all",2,2,0.0166372329897769
"Lubbock__all","Lubbock","all",4,2,0.0305551502255671
"Lubbock__all","Lubbock","all",6,2,0.0390344442378802
"Lubbock__all","Lubbock","all",2,4,0.0305551502255671
"Lubbock__all","Lubbock","all",4,4,0.0562220303451521
"Lubbock__all","Lubbock","all",6,4,0.0721123636251754
"Lubbock__all","Lubbock","all",2,6,0.0390344442378802
"Lubbock__all","Lubbock","all",4,6,0.0721123636251754
"Lubbock__all","Lubbock","all",6,6,0.0932772349681998
"Mesa__all","Mesa","all",2,2,0.0165767269184959
"Mesa__all","Mesa","all",4,2,0.0273577657372715
"Mesa__all","Mesa","all",6,2,0.0268629167852661
"Mesa__all","Mesa","all",2,4,0.0273577657372715
"Mesa__all","Mesa","all",4,4,0.0456131640014671
"Mesa__all","Mesa","all",6,4,0.0461551481635476
"Mesa__all","Mesa","all",2,6,0.0268629167852661
"Mesa__all","Mesa","all",4,6,0.0461551481635476
"Mesa__all","Mesa","all",6,6,0.0507017608189745
"Miami__all","Miami","all",2,2,13.1596522170192
"Miami__all","Miami","all",4,2,-27.8566749225699
"Miami__all","Miami","all",6,2,-198.440028777133
"Miami__all","Miami","all",2,4,-27.8566749225699
"Miami__all","Miami","all",4,4,554.572507272721
"Miami__all","Miami","all",6,4,3586.60393699645
"Miami__all","Miami","all",2,6,-198.440028777133
"Miami__all","Miami","all",4,6,3586.60393699645
"Miami__all","Miami","all",6,6,31449.829786078
"Milwaukee__all","Milwaukee","all",2,2,0.347378551233917
"Milwaukee__all","Milwaukee","all",4,2,0.641329881000957
"Milwaukee__all","Milwaukee","all",6,2,0.828426943744667
"Milwaukee__all","Milwaukee","all",2,4,0.641329881000957
"Milwaukee__all","Milwaukee","all",4,4,1.18489231094821
"Milwaukee__all","Milwaukee","all",6,4,1.53291969805974
"Milwaukee__all","Milwaukee","all",2,6,0.828426943744667
"Milwaukee__all","Milwaukee","all",4,6,1.53291969805974
"Milwaukee__all","Milwaukee","all",6,6,1.9895441086977
"Minneapolis__all","Minneapolis","all",2,2,18.6267633665192
"Minneapolis__all","Minneapolis","all",4,2,32.4643075229492
"Minneapolis__all","Minneapolis","all",6,2,36.7234206402547
"Minneapolis__all","Minneapolis","all",2,4,32.4643075229492
"Minneapolis__all","Minneapolis","all",4,4,56.5825059875555
"Minneapolis__all","Minneapolis","all",6,4,64.0084804306324
"Minneapolis__all","Minneapolis","all",2,6,36.7234206402547
"Minneapolis__all","Minneapolis","all",4,6,64.0084804306324
"Minneapolis__all","Minneapolis","all",6,6,72.4168199974668
"Miramar__all","Miramar","all",2,2,0.395388866040355
"Miramar__all","Miramar","all",4,2,0.0821752680481075
"Miramar__all","Miramar","all",6,2,-0.149150403549358
"Miramar__all","Miramar","all",2,4,0.0821752680481075
"Miramar__all","Miramar","all",4,4,2.65003383751411
"Miramar__all","Miramar","all",6,4,2.1068820170959
"Miramar__all","Miramar","all",2,6,-0.149150403549358
"Miramar__all","Miramar","all",4,6,2.1068820170959
"Miramar__all","Miramar","all",6,6,1.94066651124898
"Nashville__all","Nashville","all",2,2,0.00839736677330451
"Nashville__all","Nashville","all",4,2,0.0134590701651388
"Nashville__all","Nashville","all",6,2,0.0119055950397119
"Nashville__all","Nashville","all",2,4,0.0134590701651388
"Nashville__all","Nashville","all",4,4,0.0217103149304867
"Nashville__all","Nashville","all",6,4,0.0196332853161603
"Nashville__all","Nashville","all",2,6,0.0119055950397119
"Nashville__all","Nashville","all",4,6,0.0196332853161603
"Nashville__all","Nashville","all",6,6,0.0190743753675067
"New_York__all","New_York","all",2,2,0.00223568301442433
"New_York__all","New_York","all",4,2,0.00394479954656076
"New_York__all","New_York","all",6,2,0.00460078406600721
"New_York__all","New_York","all",2,4,0.00394479954656076
"New_York__all","New_York","all",4,4,0.0069914507288522
"New_York__all","New_York","all",6,4,0.00824180442109636
"New_York__all","New_York","all",2,6,0.00460078406600721
"New_York__all","New_York","all",4,6,0.00824180442109636
"New_York__all","New_York","all",6,6,0.00996329754472655
"Newark__all","Newark","all",2,2,3.89089775750521
"Newark__all","Newark","all",4,2,6.25556501393108
"Newark__all","Newark","all",6,2,5.56777240497816
"Newark__all","Newark","all",2,4,6.25556501393108
"Newark__all","Newark","all",4,4,10.1409148070721
"Newark__all","Newark","all",6,4,9.28583324920943
"Newark__all","Newark","all",2,6,5.56777240497816
"Newark__all","Newark","all",4,6,9.28583324920943
"Newark__all","Newark","all",6,6,9.30447119930308
"Oklahoma_City__all","Oklahoma_City","all",2,2,0.000436732338169491
"Oklahoma_City__all","Oklahoma_City","all",4,2,0.000845052587476731
"Oklahoma_City__all","Oklahoma_City","all",6,2,0.00119654915905898
"Oklahoma_City__all","Oklahoma_City","all",2,4,0.000845052587476731
"Oklahoma_City__all","Oklahoma_City","all",4,4,0.00163554536702127
"Oklahoma_City__all","Oklahoma_City","all",6,4,0.00231691813070044
"Oklahoma_City__all","Oklahoma_City","all",2,6,0.00119654915905898
"Oklahoma_City__all","Oklahoma_City","all",4,6,0.00231691813070044
"Oklahoma_City__all","Oklahoma_City","all",6,6,0.00328492682750544
"Orlando__all","Orlando","all",2,2,0.029692587802004
"Orlando__all","Orlando","all",4,2,0.0390584769360987
"Orlando__all","Orlando","all",6,2,0.0210148870202449
"Orlando__all","Orlando","all",2,4,0.0390584769360987
"Orlando__all","Orlando","all",4,4,0.0551470923808541
"Orlando__all","Orlando","all",6,4,0.0392604295335482
"Orlando__all","Orlando","all",2,6,0.0210148870202449
"Orlando__all","Orlando","all",4,6,0.0392604295335482
"Orlando__all","Orlando","all",6,6,0.0507374655919639
"Overland_Park__all","Overland_Park","all",2,2,0.00224485500401636
"Overland_Park__all","Overland_Park","all",4,2,0.00400788095748669
"Overland_Park__all","Overland_Park","all",6,2,0.00480754141903763
"Overland_Park__all","Overland_Park","all",2,4,0.00400788095748669
"Overland_Park__all","Overland_Park","all",4,4,0.00720588953334423
"Overland_Park__all","Overland_Park","all",6,4,0.00878463090548511
"Overland_Park__all","Overland_Park","all",2,6,0.00480754141903763
"Overland_Park__all","Overland_Park","all",4,6,0.00878463090548511
"Overland_Park__all","Overland_Park","all",6,6,0.0111012723260751
"Palm_Bay__all","Palm_Bay","all",2,2,0.712123950961394
"Palm_Bay__all","Palm_Bay","all",4,2,-0.407634185443738
"Palm_Bay__all","Palm_Bay","all",6,2,-2.50671843017711
"Palm_Bay__all","Palm_Bay","all",2,4,-0.407634185443738
"Palm_Bay__all","Palm_Bay","all",4,4,2.15240188303972
"Palm_Bay__all","Palm_Bay","all",6,4,6.03450257226893
"Palm_Bay__all","Palm_Bay","all",2,6,-2.50671843017711
"Palm_Bay__all","Palm_Bay","all",4,6,6.03450257226893
"Palm_Bay__all","Palm_Bay","all",6,6,19.8517435725834
"Philadelphia__all","Philadelphia","all",2,2,0.013504549588829
"Philadelphia__all","Philadelphia","all",4,2,0.0220815350145351
"Philadelphia__all","Philadelphia","all",6,2,0.0208033962588149
"Philadelphia__all","Philadelphia","all",2,4,0.0220815350145351
"Philadelphia__all","Philadelphia","all",4,4,0.0362278831370694
"Philadelphia__all","Philadelphia","all",6,4,0.0345038541597461
"Philadelphia__all","Philadelphia","all",2,6,0.0208033962588149
"Philadelphia__all","Philadelphia","all",4,6,0.0345038541597461
"Philadelphia__all","Philadelphia","all",6,6,0.0339984361738737
"Phoenix__all","Phoenix","all",2,2,0.00172458908957203
"Phoenix__all","Phoenix","all",4,2,0.00283880714904749
"Phoenix__all","Phoenix","all",6,2,0.00280436536064912
"Phoenix__all","Phoenix","all",2,4,0.00283880714904749
"Phoenix__all","Phoenix","all",4,4,0.0047157167802969
"Phoenix__all","Phoenix","all",6,4,0.00478159348925632
"Phoenix__all","Phoenix","all",2,6,0.00280436536064912
"Phoenix__all","Phoenix","all",4,6,0.00478159348925632
"Phoenix__all","Phoenix","all",6,6,0.0051990121039001
"Raleigh__all","Raleigh","all",2,2,0.00630480142937815
"Raleigh__all","Raleigh","all",4,2,0.00988234940001947
"Raleigh__all","Raleigh","all",6,2,0.00818028276921596
"Raleigh__all","Raleigh","all",2,4,0.00988234940001947
"Raleigh__all","Raleigh","all",4,4,0.0156745611577198
"Raleigh__all","Raleigh","all",6,4,0.0135425077593561
"Raleigh__all","Raleigh","all",2,6,0.00818028276921596
"Raleigh__all","Raleigh","all",4,6,0.0135425077593562
"Raleigh__all","Raleigh","all",6,6,0.0134252026502305
"Richmond__all","Richmond","all",2,2,0.0171621843257538
"Richmond__all","Richmond","all",4,2,0.0282467183064243
"Richmond__all","Richmond","all",6,2,0.0271759571202772
"Richmond__all","Richmond","all",2,4,0.0282467183064243
"Richmond__all","Richmond","all",4,4,0.0468514579333022
"Richmond__all","Richmond","all",6,4,0.0461722357824077
"Richmond__all","Richmond","all",2,6,0.0271759571202772
"Richmond__all","Richmond","all",4,6,0.0461722357824077
"Richmond__all","Richmond","all",6,6,0.0488091586329146
"Riverside__all","Riverside","all",2,2,0.153162325410956
"Riverside__all","Riverside","all",4,2,0.269109461955664
"Riverside__all","Riverside","all",6,2,0.310626283773037
"Riverside__all","Riverside","all",2,4,0.269109461955664
"Riverside__all","Riverside","all",4,4,0.473178547128165
"Riverside__all","Riverside","all",6,4,0.547166828330248
"Riverside__all","Riverside","all",2,6,0.310626283773037
"Riverside__all","Riverside","all",4,6,0.547166828330248
"Riverside__all","Riverside","all",6,6,0.635535907056874
"Sacramento__all","Sacramento","all",2,2,0.12568122584997
"Sacramento__all","Sacramento","all",4,2,0.24253497158431
"Sacramento__all","Sacramento","all",6,2,0.341733833239709
"Sacramento__all","Sacramento","all",2,4,0.24253497158431
"Sacramento__all","Sacramento","all",4,4,0.468045249953667
"Sacramento__all","Sacramento","all",6,4,0.659506080971263
"Sacramento__all","Sacramento","all",2,6,0.341733833239709
"Sacramento__all","Sacramento","all",4,6,0.659506080971263
"Sacramento__all","Sacramento","all",6,6,0.929355172916973
"San_Antonio__all","San_Antonio","all",2,2,0.000867355230576634
"San_Antonio__all","San_Antonio","all",4,2,0.00155679042058515
"San_Antonio__all","San_Antonio","all",6,2,0.00192971884230749
"San_Antonio__all","San_Antonio","all",2,4,0.00155679042058515
"San_Antonio__all","San_Antonio","all",4,4,0.00280433754546407
"San_Antonio__all","San_Antonio","all",6,4,0.00350150341393621
"San_Antonio__all","San_Antonio","all",2,6,0.00192971884230749
"San_Antonio__all","San_Antonio","all",4,6,0.00350150341393621
"San_Antonio__all","San_Antonio","all",6,6,0.00443557675234216
"San_Bernardino__all","San_Bernardino","all",2,2,0.456766841272419
"San_Bernardino__all","San_Bernardino","all",4,2,0.786425540428191
"San_Bernardino__all","San_Bernardino","all",6,2,0.86186812870675
"San_Bernardino__all","San_Bernardino","all",2,4,0.786425540428191
"San_Bernardino__all","San_Bernardino","all",4,4,1.35663123293843
"San_Bernardino__all","San_Bernardino","all",6,4,1.49439709092788
"San_Bernardino__all","San_Bernardino","all",2,6,0.86186812870675
"San_Bernardino__all","San_Bernardino","all",4,6,1.49439709092788
"San_Bernardino__all","San_Bernardino","all",6,6,1.66824775484896
"San_Jose__all","San_Jose","all",2,2,0.0119824247170936
"San_Jose__all","San_Jose","all",4,2,0.0231456599627111
"San_Jose__all","San_Jose","all",6,2,0.0326705235556139
"San_Jose__all","San_Jose","all",2,4,0.0231456599627111
"San_Jose__all","San_Jose","all",4,4,0.0447116077125702
"San_Jose__all","San_Jose","all",6,4,0.0631181252045354
"San_Jose__all","San_Jose","all",2,6,0.0326705235556139
"San_Jose__all","San_Jose","all",4,6,0.0631181252045354
"San_Jose__all","San_Jose","all",6,6,0.0891198844981198
"Scottsdale__all","Scottsdale","all",2,2,0.00718630637415551
"Scottsdale__all","Scottsdale","all",4,2,0.0120185563534414
"Scottsdale__all","Scottsdale","all",6,2,0.0123130079539912
"Scottsdale__all","Scottsdale","all",2,4,0.0120185563534414
"Scottsdale__all","Scottsdale","all",4,4,0.0202364629387332
"Scottsdale__all","Scottsdale","all",6,4,0.0211264779533778
"Scottsdale__all","Scottsdale","all",2,6,0.0123130079539912
"Scottsdale__all","Scottsdale","all",4,6,0.0211264779533778
"Scottsdale__all","Scottsdale","all",6,6,0.0231879463658175
"St_Louis__all","St_Louis","all",2,2,0.0087447010349781
"St_Louis__all","St_Louis","all",4,2,0.0150782558505396
"St_Louis__all","St_Louis","all",6,2,0.0166285216251086
"St_Louis__all","St_Louis","all",2,4,0.0150782558505396
"St_Louis__all","St_Louis","all",4,4,0.0261730853818305
"St_Louis__all","St_Louis","all",6,4,0.0293652313805429
"St_Louis__all","St_Louis","all",2,6,0.0166285216251086
"St_Louis__all","St_Louis","all",4,6,0.0293652313805429
"St_Louis__all","St_Louis","all",6,6,0.0343802338027914
"St_Petersburg__all","St_Petersburg","all",2,2,0.0465128394191595
"St_Petersburg__all","St_Petersburg","all",4,2,0.0280526227617218
"St_Petersburg__all","St_Petersburg","all",6,2,-0.0297157523219536
"St_Petersburg__all","St_Petersburg","all",2,4,0.0280526227617218
"St_Petersburg__all","St_Petersburg","all",4,4,0.0573196081564505
"St_Petersburg__all","St_Petersburg","all",6,4,0.0756942616143777
"St_Petersburg__all","St_Petersburg","all",2,6,-0.0297157523219536
"St_Petersburg__all","St_Petersburg","all",4,6,0.0756942616143777
"St_Petersburg__all","St_Petersburg","all",6,6,0.236370237774162
"Tallahassee__all","Tallahassee","all",2,2,0.0605356072059183
"Tallahassee__all","Tallahassee","all",4,2,0.0318656007859484
"Tallahassee__all","Tallahassee","all",6,2,-0.0545828955771906
"Tallahassee__all","Tallahassee","all",2,4,0.0318656007859484
"Tallahassee__all","Tallahassee","all",4,4,0.0392494473138463
"Tallahassee__all","Tallahassee","all",6,4,0.0158845744023566
"Tallahassee__all","Tallahassee","all",2,6,-0.0545828955771906
"Tallahassee__all","Tallahassee","all",4,6,0.0158845744023566
"Tallahassee__all","Tallahassee","all",6,6,0.144624445089337
"Tampa__all","Tampa","all",2,2,0.0409369696425576
"Tampa__all","Tampa","all",4,2,0.041159778232774
"Tampa__all","Tampa","all",6,2,-0.00949451621721553
"Tampa__all","Tampa","all",2,4,0.041159778232774
"Tampa__all","Tampa","all",4,4,0.0506620262387456
"Tampa__all","Tampa","all",6,4,0.0185265665674558
"Tampa__all","Tampa","all",2,6,-0.00949451621721553
"Tampa__all","Tampa","all",4,6,0.0185265665674558
"Tampa__all","Tampa","all",6,6,0.0872447230937633
"Tucson__all","Tucson","all",2,2,0.00153404573660222
"Tucson__all","Tucson","all",4,2,0.00272759318344584
"Tucson__all","Tucson","all",6,2,0.00327255046355338
"Tucson__all","Tucson","all",2,4,0.00272759318344584
"Tucson__all","Tucson","all",4,4,0.00485946923865356
"Tucson__all","Tucson","all",6,4,0.00585647628058359
"Tucson__all","Tucson","all",2,6,0.00327255046355338
"Tucson__all","Tucson","all",4,6,0.00585647628058359
"Tucson__all","Tucson","all",6,6,0.00712818619330047
"Virginia_Beach__all","Virginia_Beach","all",2,2,0.0132641928157438
"Virginia_Beach__all","Virginia_Beach","all",4,2,0.0180713316942054
"Virginia_Beach__all","Virginia_Beach","all",6,2,0.00948613124190004
"Virginia_Beach__all","Virginia_Beach","all",2,4,0.0180713316942054
"Virginia_Beach__all","Virginia_Beach","all",4,4,0.0257645765796838
"Virginia_Beach__all","Virginia_Beach","all",6,4,0.0168876553716416
"Virginia_Beach__all","Virginia_Beach","all",2,6,0.00948613124190004
"Virginia_Beach__all","Virginia_Beach","all",4,6,0.0168876553716416
"Virginia_Beach__all","Virginia_Beach","all",6,6,0.0205348284519856
"Visalia__all","Visalia","all",2,2,0.00336774537502027
"Visalia__all","Visalia","all",4,2,0.00648838311547708
"Visalia__all","Visalia","all",6,2,0.0091148076161033
"Visalia__all","Visalia","all",2,4,0.00648838311547708
"Visalia__all","Visalia","all",4,4,0.0125042548058634
"Visalia__all","Visalia","all",6,4,0.0175751020226312
"Visalia__all","Visalia","all",2,6,0.0091148076161033
"Visalia__all","Visalia","all",4,6,0.0175751020226312
"Visalia__all","Visalia","all",6,6,0.0247263704158677
"Washington__all","Washington","all",2,2,0.0113315949990031
"Washington__all","Washington","all",4,2,0.0180890923721687
"Washington__all","Washington","all",6,2,0.0156983976426384
"Washington__all","Washington","all",2,4,0.0180890923721687
"Washington__all","Washington","all",4,4,0.028984765913469
"Washington__all","Washington","all",6,4,0.0254935992738455
"Washington__all","Washington","all",2,6,0.0156983976426384
"Washington__all","Washington","all",4,6,0.0254935992738455
"Washington__all","Washington","all",6,6,0.023482409511983
"Abilene__ride","Abilene","ride",2,2,0.0457103011571321
"Abilene__ride","Abilene","ride",4,2,0.0873211235051252
"Abilene__ride","Abilene","ride",6,2,0.120733014840857
"Abilene__ride","Abilene","ride",2,4,0.0873211235051252
"Abilene__ride","Abilene","ride",4,4,0.166864073423725
"Abilene__ride","Abilene","ride",6,4,0.230850654884463
"Abilene__ride","Abilene","ride",2,6,0.120733014840857
"Abilene__ride","Abilene","ride",4,6,0.230850654884463
"Abilene__ride","Abilene","ride",6,6,0.319737550654773
"Amarillo__ride","Amarillo","ride",2,2,0.225602521570587
"Amarillo__ride","Amarillo","ride",4,2,0.358429184986018
"Amarillo__ride","Amarillo","ride",6,2,0.305704194716902
"Amarillo__ride","Amarillo","ride",2,4,0.358429184986018
"Amarillo__ride","Amarillo","ride",4,4,0.574040468773616
"Amarillo__ride","Amarillo","ride",6,4,0.504015900061704
"Amarillo__ride","Amarillo","ride",2,6,0.305704194716902
"Amarillo__ride","Amarillo","ride",4,6,0.504015900061704
"Amarillo__ride","Amarillo","ride",6,6,0.487542639185648
"Arlington__ride","Arlington","ride",2,2,0.00126939113487293
"Arlington__ride","Arlington","ride",4,2,0.002472834496257
"Arlington__ride","Arlington","ride",6,2,0.00354438311023936
"Arlington__ride","Arlington","ride",2,4,0.002472834496257
"Arlington__ride","Arlington","ride",4,4,0.00481780994217021
"Arlington__ride","Arlington","ride",6,4,0.00690706664773507
"Arlington__ride","Arlington","ride",2,6,0.00354438311023936
"Arlington__ride","Arlington","ride",4,6,0.00690706664773507
"Arlington__ride","Arlington","ride",6,6,0.00990635119965868
"Atlanta__ride","Atlanta","ride",2,2,0.0836768726499847
"Atlanta__ride","Atlanta","ride",4,2,0.122338778892787
"Atlanta__ride","Atlanta","ride",6,2,0.0736353258450841
"Atlanta__ride","Atlanta","ride",2,4,0.122338778892787
"Atlanta__ride","Atlanta","ride",4,4,0.198014899609438
"Atlanta__ride","Atlanta","ride",6,4,0.182800829413451
"Atlanta__ride","Atlanta","ride",2,6,0.0736353258450841
"Atlanta__ride","Atlanta","ride",4,6,0.182800829413451
"Atlanta__ride","Atlanta","ride",6,6,0.359642460749685
"Austin__ride","Austin","ride",2,2,0.000110371396462329
"Austin__ride","Austin","ride",4,2,0.000213838043501256
"Austin__ride","Austin","ride",6,2,0.000303495691693376
"Austin__ride","Austin","ride",2,4,0.000213838043501256
"Austin__ride","Austin","ride",4,4,0.000414362549406238
"Austin__ride","Austin","ride",6,4,0.000588259580118673
"Austin__ride","Austin","ride",2,6,0.000303495691693376
"Austin__ride","Austin","ride",4,6,0.000588259580118673
"Austin__ride","Austin","ride",6,6,0.000835559962007808
"Bakersfield__ride","Bakersfield","ride",2,2,0.00278724848466689
"Bakersfield__ride","Bakersfield","ride",4,2,0.0051585915015669
"Bakersfield__ride","Bakersfield","ride",6,2,0.00669812501275153
"Bakersfield__ride","Bakersfield","ride",2,4,0.0051585915015669
"Bakersfield__ride","Bakersfield","ride",4,4,0.00956023415697277
"Bakersfield__ride","Bakersfield","ride",6,4,0.0124479779762019
"Bakersfield__ride","Bakersfield","ride",2,6,0.00669812501275153
"Bakersfield__ride","Bakersfield","ride",4,6,0.0124479779762019
"Bakersfield__ride","Bakersfield","ride",6,6,0.0163012871270135
"Baltimore__ride","Baltimore","ride",2,2,0.00779168760161799
"Baltimore__ride","Baltimore","ride",4,2,0.0130415914921611
"Baltimore__ride","Baltimore","ride",6,2,0.0132079306585589
"Baltimore__ride","Baltimore","ride",2,4,0.0130415914921611
"Baltimore__ride","Baltimore","ride",4,4,0.0220071529082464
"Baltimore__ride","Baltimore","ride",6,4,0.0228206520137767
"Baltimore__ride","Baltimore","ride",2,6,0.0132079306585589
"Baltimore__ride","Baltimore","ride",4,6,0.0228206520137767
"Baltimore__ride","Baltimore","ride",6,6,0.0252429553019129
"Boston__ride","Boston","ride",2,2,15.8071702836348
"Boston__ride","Boston","ride",4,2,28.0033621087462
"Boston__ride","Boston","ride",6,2,32.9776037291269
"Boston__ride","Boston","ride",2,4,28.0033621087462
"Boston__ride","Boston","ride",4,4,49.612165610766
"Boston__ride","Boston","ride",6,4,58.4318465294801
"Boston__ride","Boston","ride",2,6,32.9776037291269
"Boston__ride","Boston","ride",4,6,58.4318465294801
"Boston__ride","Boston","ride",6,6,68.8393688147489
"Cape_Coral__ride","Cape_Coral","ride",2,2,0.191595777821195
"Cape_Coral__ride","Cape_Coral","ride",4,2,0.120724764070526
"Cape_Coral__ride","Cape_Coral","ride",6,2,-0.137074895936805
"Cape_Coral__ride","Cape_Coral","ride",2,4,0.120724764070526
"Cape_Coral__ride","Cape_Coral","ride",4,4,0.165764013017443
"Cape_Coral__ride","Cape_Coral","ride",6,4,0.123545055004577
"Cape_Coral__ride","Cape_Coral","ride",2,6,-0.137074895936805
"Cape_Coral__ride","Cape_Coral","ride",4,6,0.123545055004577
"Cape_Coral__ride","Cape_Coral","ride",6,6,0.591834858468351
"Chandler__ride","Chandler","ride",2,2,0.0125463983979561
"Chandler__ride","Chandler","ride",4,2,0.0210463768032528
"Chandler__ride","Chandler","ride",6,2,0.0216609391641014
"Chandler__ride","Chandler","ride",2,4,0.0210463768032528
"Chandler__ride","Chandler","ride",4,4,0.0355304798346692
"Chandler__ride","Chandler","ride",6,4,0.0372241382037866
"Chandler__ride","Chandler","ride",2,6,0.0216609391641014
"Chandler__ride","Chandler","ride",4,6,0.0372241382037866
"Chandler__ride","Chandler","ride",6,6,0.0408954636421323
"Charleston__ride","Charleston","ride",2,2,0.0161768039328862
"Charleston__ride","Charleston","ride",4,2,0.0219490116773481
"Charleston__ride","Charleston","ride",6,2,0.0118338327261213
"Charleston__ride","Charleston","ride",2,4,0.0219490116773481
"Charleston__ride","Charleston","ride",4,4,0.033806787816837
"Charleston__ride","Charleston","ride",6,4,0.0298393891362738
"Charleston__ride","Charleston","ride",2,6,0.0118338327261213
"Charleston__ride","Charleston","ride",4,6,0.0298393891362738
"Charleston__ride","Charleston","ride",6,6,0.0558663006937148
"Charlotte__ride","Charlotte","ride",2,2,0.0159720749390907
"Charlotte__ride","Charlotte","ride",4,2,0.0240653553837462
"Charlotte__ride","Charlotte","ride",6,2,0.016404185283084
"Charlotte__ride","Charlotte","ride",2,4,0.0240653553837462
"Charlotte__ride","Charlotte","ride",4,4,0.0371216242929973
"Charlotte__ride","Charlotte","ride",6,4,0.0281639636895773
"Charlotte__ride","Charlotte","ride",2,6,0.016404185283084
"Charlotte__ride","Charlotte","ride",4,6,0.0281639636895773
"Charlotte__ride","Charlotte","ride",6,6,0.030636242726872
"Chicago__ride","Chicago","ride",2,2,0.171855570535472
"Chicago__ride","Chicago","ride",4,2,0.302455367047189
"Chicago__ride","Chicago","ride",6,2,0.350543686964079
"Chicago__ride","Chicago","ride",2,4,0.302455367047189
"Chicago__ride","Chicago","ride",4,4,0.533129201976962
"Chicago__ride","Chicago","ride",6,4,0.620239915509758
"Chicago__ride","Chicago","ride",2,6,0.350543686964079
"Chicago__ride","Chicago","ride",4,6,0.620239915509758
"Chicago__ride","Chicago","ride",6,6,0.728241241509171
"Cincinnati__ride","Cincinnati","ride",2,2,0.535521968309611
"Cincinnati__ride","Cincinnati","ride",4,2,0.875971458819653
"Cincinnati__ride","Cincinnati","ride",6,2,0.82627616704822
"Cincinnati__ride","Cincinnati","ride",2,4,0.875971458819653
"Cincinnati__ride","Cincinnati","ride",4,4,1.45407946647287
"Cincinnati__ride","Cincinnati","ride",6,4,1.43646043313909
"Cincinnati__ride","Cincinnati","ride",2,6,0.82627616704822
"Cincinnati__ride","Cincinnati","ride",4,6,1.43646043313909
"Cincinnati__ride","Cincinnati","ride",6,6,1.6144609319788
"Clearwater__ride","Clearwater","ride",2,2,0.202392323169731
"Clearwater__ride","Clearwater","ride",4,2,0.0172800722895197
"Clearwater__ride","Clearwater","ride",6,2,-0.330023007174133
"Clearwater__ride","Clearwater","ride",2,4,0.0172800722895197
"Clearwater__ride","Clearwater","ride",4,4,3.91697150731574
"Clearwater__ride","Clearwater","ride",6,4,8.5849392015319
"Clearwater__ride","Clearwater","ride",2,6,-0.330023007174133
"Clearwater__ride","Clearwater","ride",4,6,8.5849392015319
"Clearwater__ride","Clearwater","ride",6,6,19.4859093106744
"Cleveland__ride","Cleveland","ride",2,2,928547088.137118
"Cleveland__ride","Cleveland","ride",4,2,1628289546.92847
"Cleveland__ride","Cleveland","ride",6,2,1870423124.73855
"Cleveland__ride","Cleveland","ride",2,4,1628289546.92847
"Cleveland__ride","Cleveland","ride",4,4,2855570863.92186
"Cleveland__ride","Cleveland","ride",6,4,3280835418.87688
"Cleveland__ride","Cleveland","ride",2,6,1870423124.73855
"Cleveland__ride","Cleveland","ride",4,6,3280835418.87688
"Cleveland__ride","Cleveland","ride",6,6,3771226127.35682
"Columbia__ride","Columbia","ride",2,2,0.0129154018973306
"Columbia__ride","Columbia","ride",4,2,0.0194296164119893
"Columbia__ride","Columbia","ride",6,2,0.0133456561712807
"Columbia__ride","Columbia","ride",2,4,0.0194296164119893
"Columbia__ride","Columbia","ride",4,4,0.0319143479857984
"Columbia__ride","Columbia","ride",6,4,0.0306991121071394
"Columbia__ride","Columbia","ride",2,6,0.0133456561712807
"Columbia__ride","Columbia","ride",4,6,0.0306991121071394
"Columbia__ride","Columbia","ride",6,6,0.0558152214192353
"Columbus__ride","Columbus","ride",2,2,0.0539200049083241
"Columbus__ride","Columbus","ride",4,2,0.0837426263376145
"Columbus__ride","Columbus","ride",6,2,0.0653704999846401
"Columbus__ride","Columbus","ride",2,4,0.0837426263376145
"Columbus__ride","Columbus","ride",4,4,0.140901039699601
"Columbus__ride","Columbus","ride",6,4,0.144891011769689
"Columbus__ride","Columbus","ride",2,6,0.0653704999846401
"Columbus__ride","Columbus","ride",4,6,0.144891011769689
"Columbus__ride","Columbus","ride",6,6,0.252711550990715
"Corpus_Christi__ride","Corpus_Christi","ride",2,2,584461560.383918
"Corpus_Christi__ride","Corpus_Christi","ride",4,2,702191730.47587
"Corpus_Christi__ride","Corpus_Christi","ride",6,2,410970153.299367
"Corpus_Christi__ride","Corpus_Christi","ride",2,4,702191730.47587
"Corpus_Christi__ride","Corpus_Christi","ride",4,4,939908457.64398
"Corpus_Christi__ride","Corpus_Christi","ride",6,4,750040820.720578
"Corpus_Christi__ride","Corpus_Christi","ride",2,6,410970153.299367
"Corpus_Christi__ride","Corpus_Christi","ride",4,6,750040820.720578
"Corpus_Christi__ride","Corpus_Christi","ride",6,6,972103360.700088
"Dallas__ride","Dallas","ride",2,2,9.08596402506174e-05
"Dallas__ride","Dallas","ride",4,2,0.000178745329730269
"Dallas__ride","Dallas","ride",6,2,0.000260683617667992
"Dallas__ride","Dallas","ride",2,4,0.000178745329730269
"Dallas__ride","Dallas","ride",4,4,0.000351649790548609
"Dallas__ride","Dallas","ride",6,4,0.000512872113543091
"Dallas__ride","Dallas","ride",2,6,0.000260683617667992
"Dallas__ride","Dallas","ride",4,6,0.000512872113543091
"Dallas__ride","Dallas","ride",6,6,0.000748070465832411
"Detroit__ride","Detroit","ride",2,2,18.2302186009907
"Detroit__ride","Detroit","ride",4,2,25.8463391476673
"Detroit__ride","Detroit","ride",6,2,12.2342667652187
"Detroit__ride","Detroit","ride",2,4,25.8463391476673
"Detroit__ride","Detroit","ride",4,4,36.7465591494271
"Detroit__ride","Detroit","ride",6,4,17.7545383154907
"Detroit__ride","Detroit","ride",2,6,12.2342667652187
"Detroit__ride","Detroit","ride",4,6,17.7545383154907
"Detroit__ride","Detroit","ride",6,6,9.84682007153362
"Fort_Worth__ride","Fort_Worth","ride",2,2,0.000401300319741955
"Fort_Worth__ride","Fort_Worth","ride",4,2,0.000778315926178059
"Fort_Worth__ride","Fort_Worth","ride",6,2,0.00110676260600246
"Fort_Worth__ride","Fort_Worth","ride",2,4,0.000778315926178059
"Fort_Worth__ride","Fort_Worth","ride",4,4,0.00150977271896661
"Fort_Worth__ride","Fort_Worth","ride",6,4,0.00214751084497615
"Fort_Worth__ride","Fort_Worth","ride",2,6,0.00110676260600246
"Fort_Worth__ride","Fort_Worth","ride",4,6,0.00214751084497615
"Fort_Worth__ride","Fort_Worth","ride",6,6,0.00305623044989233
"Fresno__ride","Fresno","ride",2,2,0.00151289238192004
"Fresno__ride","Fresno","ride",4,2,0.00290356476231458
"Fresno__ride","Fresno","ride",6,2,0.004049798037497
"Fresno__ride","Fresno","ride",2,4,0.00290356476231458
"Fresno__ride","Fresno","ride",4,4,0.0055748360823429
"Fresno__ride","Fresno","ride",6,4,0.00778151979952759
"Fresno__ride","Fresno","ride",2,6,0.004049798037497
"Fresno__ride","Fresno","ride",4,6,0.00778151979952759
"Fresno__ride","Fresno","ride",6,6,0.0108770891901931
"Gilbert__ride","Gilbert","ride",2,2,0.0173943134805222
"Gilbert__ride","Gilbert","ride",4,2,0.029056973372916
"Gilbert__ride","Gilbert","ride",6,2,0.0295684867287168
"Gilbert__ride","Gilbert","ride",2,4,0.029056973372916
"Gilbert__ride","Gilbert","ride",4,4,0.0491262034702147
"Gilbert__ride","Gilbert","ride",6,4,0.0517035382149505
"Gilbert__ride","Gilbert","ride",2,6,0.0295684867287168
"Gilbert__ride","Gilbert","ride",4,6,0.0517035382149505
"Gilbert__ride","Gilbert","ride",6,6,0.0593533756206981
"Henderson__ride","Henderson","ride",2,2,0.00638106456611946
"Henderson__ride","Henderson","ride",4,2,0.0117151539467563
"Henderson__ride","Henderson","ride",6,2,0.0149552961173194
"Henderson__ride","Henderson","ride",2,4,0.0117151539467563
"Henderson__ride","Henderson","ride",4,4,0.0215299210713249
"Henderson__ride","Henderson","ride",6,4,0.0275439120228048
"Henderson__ride","Henderson","ride",2,6,0.0149552961173194
"Henderson__ride","Henderson","ride",4,6,0.0275439120228048
"Henderson__ride","Henderson","ride",6,6,0.0353991681368004
"Houston__ride","Houston","ride",2,2,0.000331029336018203
"Houston__ride","Houston","ride",4,2,0.000620910547325895
"Houston__ride","Houston","ride",6,2,0.000828829890028967
"Houston__ride","Houston","ride",2,4,0.000620910547325895
"Houston__ride","Houston","ride",4,4,0.00116594754278795
"Houston__ride","Houston","ride",6,4,0.00155985142905399
"Houston__ride","Houston","ride",2,6,0.000828829890028967
"Houston__ride","Houston","ride",4,6,0.00155985142905399
"Houston__ride","Houston","ride",6,6,0.00209604498454668
"Indianapolis__ride","Indianapolis","ride",2,2,0.0229208493685877
"Indianapolis__ride","Indianapolis","ride",4,2,0.035643372558023
"Indianapolis__ride","Indianapolis","ride",6,2,0.0279692506625744
"Indianapolis__ride","Indianapolis","ride",2,4,0.035643372558023
"Indianapolis__ride","Indianapolis","ride",4,4,0.0586052746616391
"Indianapolis__ride","Indianapolis","ride",6,4,0.056204230037708
"Indianapolis__ride","Indianapolis","ride",2,6,0.0279692506625744
"Indianapolis__ride","Indianapolis","ride",4,6,0.056204230037708
"Indianapolis__ride","Indianapolis","ride",6,6,0.0849706682926464
"Jacksonville__ride","Jacksonville","ride",2,2,0.0184640880842186
"Jacksonville__ride","Jacksonville","ride",4,2,0.0253429307158159
"Jacksonville__ride","Jacksonville","ride",6,2,0.0177242486642144
"Jacksonville__ride","Jacksonville","ride",2,4,0.0253429307158159
"Jacksonville__ride","Jacksonville","ride",4,4,0.0387893255904594
"Jacksonville__ride","Jacksonville","ride",6,4,0.0366405544050717
"Jacksonville__ride","Jacksonville","ride",2,6,0.0177242486642144
"Jacksonville__ride","Jacksonville","ride",4,6,0.0366405544050717
"Jacksonville__ride","Jacksonville","ride",6,6,0.0548781528624512
"Kansas_City__ride","Kansas_City","ride",2,2,0.00242593893887979
"Kansas_City__ride","Kansas_City","ride",4,2,0.00432599300463929
"Kansas_City__ride","Kansas_City","ride",6,2,0.00517476397012605
"Kansas_City__ride","Kansas_City","ride",2,4,0.00432599300463929
"Kansas_City__ride","Kansas_City","ride",4,4,0.00775167824999341
"Kansas_City__ride","Kansas_City","ride",6,4,0.00937756657519152
"Kansas_City__ride","Kansas_City","ride",2,6,0.00517476397012605
"Kansas_City__ride","Kansas_City","ride",4,6,0.00937756657519152
"Kansas_City__ride","Kansas_City","ride",6,6,0.0116372968568637
"Las_Vegas__ride","Las_Vegas","ride",2,2,0.00479811035803471
"Las_Vegas__ride","Las_Vegas","ride",4,2,0.008290838829556
"Las_Vegas__ride","Las_Vegas","ride",6,2,0.00917849789602705
"Las_Vegas__ride","Las_Vegas","ride",2,4,0.008290838829556
"Las_Vegas__ride","Las_Vegas","ride",4,4,0.0143979721508429
"Las_Vegas__ride","Las_Vegas","ride",6,4,0.0161471129395944
"Las_Vegas__ride","Las_Vegas","ride",2,6,0.00917849789602705
"Las_Vegas__ride","Las_Vegas","ride",4,6,0.0161471129395944
"Las_Vegas__ride","Las_Vegas","ride",6,6,0.0187051892947253
"Los_Angeles__ride","Los_Angeles","ride",2,2,0.141721063490357
"Los_Angeles__ride","Los_Angeles","ride",4,2,0.252584286904442
"Los_Angeles__ride","Los_Angeles","ride",6,2,0.30173189195012
"Los_Angeles__ride","Los_Angeles","ride",2,4,0.252584286904442
"Los_Angeles__ride","Los_Angeles","ride",4,4,0.450285591814083
"Los_Angeles__ride","Los_Angeles","ride",6,4,0.538220883306818
"Los_Angeles__ride","Los_Angeles","ride",2,6,0.30173189195012
"Los_Angeles__ride","Los_Angeles","ride",4,6,0.538220883306818
"Los_Angeles__ride","Los_Angeles","ride",6,6,0.6442240858335
"Louisville__ride","Louisville","ride",2,2,0.231726720807732
"Louisville__ride","Louisville","ride",4,2,0.375112964157225
"Louisville__ride","Louisville","ride",6,2,0.341818323830828
"Louisville__ride","Louisville","ride",2,4,0.375112964157225
"Louisville__ride","Louisville","ride",4,4,0.615251779794839
"Louisville__ride","Louisville","ride",6,4,0.585442241400736
"Louisville__ride","Louisville","ride",2,6,0.341818323830828
"Louisville__ride","Louisville","ride",4,6,0.585442241400737
"Louisville__ride","Louisville","ride",6,6,0.6326773606969
"Lubbock__ride","Lubbock","ride",2,2,0.0197183617149692
"Lubbock__ride","Lubbock","ride",4,2,0.0362152003352297
"Lubbock__ride","Lubbock","ride",6,2,0.0462690025878797
"Lubbock__ride","Lubbock","ride",2,4,0.0362152003352297
"Lubbock__ride","Lubbock","ride",4,4,0.0666415155136894
"Lubbock__ride","Lubbock","ride",6,4,0.0854900525211631
"Lubbock__ride","Lubbock","ride",2,6,0.0462690025878797
"Lubbock__ride","Lubbock","ride",4,6,0.0854900525211631
"Lubbock__ride","Lubbock","ride",6,6,0.110615199109614
"Mesa__ride","Mesa","ride",2,2,0.0243372530249528
"Mesa__ride","Mesa","ride",4,2,0.0401594625794237
"Mesa__ride","Mesa","ride",6,2,0.0394148042851386
"Mesa__ride","Mesa","ride",2,4,0.0401594625794237
"Mesa__ride","Mesa","ride",4,4,0.0669482190273355
"Mesa__ride","Mesa","ride",6,4,0.0677167290318534
"Mesa__ride","Mesa","ride",2,6,0.0394148042851386
"Mesa__ride","Mesa","ride",4,6,0.0677167290318534
"Mesa__ride","Mesa","ride",6,6,0.0743730883295855
"Miami__ride","Miami","ride",2,2,61.9061997591023
"Miami__ride","Miami","ride",4,2,99.2566902150901
"Miami__ride","Miami","ride",6,2,-1056.25567240595
"Miami__ride","Miami","ride",2,4,99.2566902150901
"Miami__ride","Miami","ride",4,4,3304.92847423648
"Miami__ride","Miami","ride",6,4,15393.7462306995
"Miami__ride","Miami","ride",2,6,-1056.25567240595
"Miami__ride","Miami","ride",4,6,15393.7462306995
"Miami__ride","Miami","ride",6,6,126615.797248904
"Milwaukee__ride","Milwaukee","ride",2,2,0.347005374091916
"Milwaukee__ride","Milwaukee","ride",4,2,0.639904244887707
"Milwaukee__ride","Milwaukee","ride",6,2,0.824590284036488
"Milwaukee__ride","Milwaukee","ride",2,4,0.639904244887707
"Milwaukee__ride","Milwaukee","ride",4,4,1.18099748942653
"Milwaukee__ride","Milwaukee","ride",6,4,1.52446859331138
"Milwaukee__ride","Milwaukee","ride",2,6,0.824590284036488
"Milwaukee__ride","Milwaukee","ride",4,6,1.52446859331138
"Milwaukee__ride","Milwaukee","ride",6,6,1.97492298805211
"Minneapolis__ride","Minneapolis","ride",2,2,23.9697170272487
"Minneapolis__ride","Minneapolis","ride",4,2,41.7907724427241
"Minneapolis__ride","Minneapolis","ride",6,2,47.3145141466925
"Minneapolis__ride","Minneapolis","ride",2,4,41.7907724427241
"Minneapolis__ride","Minneapolis","ride",4,4,72.8626766954688
"Minneapolis__ride","Minneapolis","ride",6,4,82.4968369586232
"Minneapolis__ride","Minneapolis","ride",2,6,47.3145141466925
"Minneapolis__ride","Minneapolis","ride",4,6,82.4968369586232
"Minneapolis__ride","Minneapolis","ride",6,6,93.4147790034379
"Miramar__ride","Miramar","ride",2,2,0.707036553143015
"Miramar__ride","Miramar","ride",4,2,0.193842212363446
"Miramar__ride","Miramar","ride",6,2,-0.186731177960549
"Miramar__ride","Miramar","ride",2,4,0.193842212363446
"Miramar__ride","Miramar","ride",4,4,4.76239610819668
"Miramar__ride","Miramar","ride",6,4,3.74216769727785
"Miramar__ride","Miramar","ride",2,6,-0.186731177960549
"Miramar__ride","Miramar","ride",4,6,3.74216769727785
"Miramar__ride","Miramar","ride",6,6,3.41767681467768
"Nashville__ride","Nashville","ride",2,2,0.0114611196120597
"Nashville__ride","Nashville","ride",4,2,0.0184163335202097
"Nashville__ride","Nashville","ride",6,2,0.016435668090567
"Nashville__ride","Nashville","ride",2,4,0.0184163335202097
"Nashville__ride","Nashville","ride",4,4,0.0297853680301379
"Nashville__ride","Nashville","ride",6,4,0.0271781787179695
"Nashville__ride","Nashville","ride",2,6,0.016435668090567
"Nashville__ride","Nashville","ride",4,6,0.0271781787179695
"Nashville__ride","Nashville","ride",6,6,0.0266288100559675
"New_York__ride","New_York","ride",2,2,0.00281616832424296
"New_York__ride","New_York","ride",4,2,0.00497085685478136
"New_York__ride","New_York","ride",6,2,0.0058025869978531
"New_York__ride","New_York","ride",2,4,0.00497085685478136
"New_York__ride","New_York","ride",4,4,0.00881161997032852
"New_York__ride","New_York","ride",6,4,0.0103921946474533
"New_York__ride","New_York","ride",2,6,0.0058025869978531
"New_York__ride","New_York","ride",4,6,0.0103921946474533
"New_York__ride","New_York","ride",6,6,0.012555843840536
"Newark__ride","Newark","ride",2,2,11293726171.0925
"Newark__ride","Newark","ride",4,2,19610354921.7327
"Newark__ride","Newark","ride",6,2,21972793264.059
"Newark__ride","Newark","ride",2,4,19610354921.7327
"Newark__ride","Newark","ride",4,4,34099118813.3035
"Newark__ride","Newark","ride",6,4,38344697098.478
"Newark__ride","Newark","ride",2,6,21972793264.059
"Newark__ride","Newark","ride",4,6,38344697098.478
"Newark__ride","Newark","ride",6,6,43514822960.135
"Oklahoma_City__ride","Oklahoma_City","ride",2,2,0.000860196015564581
"Oklahoma_City__ride","Oklahoma_City","ride",4,2,0.0016346952084081
"Oklahoma_City__ride","Oklahoma_City","ride",6,2,0.00223780125580465
"Oklahoma_City__ride","Oklahoma_City","ride",2,4,0.0016346952084081
"Oklahoma_City__ride","Oklahoma_City","ride",4,4,0.00310924661397188
"Oklahoma_City__ride","Oklahoma_City","ride",6,4,0.00426351001383748
"Oklahoma_City__ride","Oklahoma_City","ride",2,6,0.00223780125580465
"Oklahoma_City__ride","Oklahoma_City","ride",4,6,0.00426351001383748
"Oklahoma_City__ride","Oklahoma_City","ride",6,6,0.00586503387631274
"Orlando__ride","Orlando","ride",2,2,0.0363310084831907
"Orlando__ride","Orlando","ride",4,2,0.0482871826998934
"Orlando__ride","Orlando","ride",6,2,0.0272044392646804
"Orlando__ride","Orlando","ride",2,4,0.0482871826998933
"Orlando__ride","Orlando","ride",4,4,0.0682731320439571
"Orlando__ride","Orlando","ride",6,4,0.0488132135468801
"Orlando__ride","Orlando","ride",2,6,0.0272044392646804
"Orlando__ride","Orlando","ride",4,6,0.0488132135468801
"Orlando__ride","Orlando","ride",6,6,0.0595503039863655
"Overland_Park__ride","Overland_Park","ride",2,2,0.00422520922344771
"Overland_Park__ride","Overland_Park","ride",4,2,0.00727713868098629
"Overland_Park__ride","Overland_Park","ride",6,2,0.00798330983634027
"Overland_Park__ride","Overland_Park","ride",2,4,0.00727713868098629
"Overland_Park__ride","Overland_Park","ride",4,4,0.0126838312243045
"Overland_Park__ride","Overland_Park","ride",6,4,0.0143508737174722
"Overland_Park__ride","Overland_Park","ride",2,6,0.00798330983634027
"Overland_Park__ride","Overland_Park","ride",4,6,0.0143508737174722
"Overland_Park__ride","Overland_Park","ride",6,6,0.0174879228241767
"Palm_Bay__ride","Palm_Bay","ride",2,2,0.861604741666562
"Palm_Bay__ride","Palm_Bay","ride",4,2,-0.419043236139753
"Palm_Bay__ride","Palm_Bay","ride",6,2,-2.85120936317253
"Palm_Bay__ride","Palm_Bay","ride",2,4,-0.419043236139753
"Palm_Bay__ride","Palm_Bay","ride",4,4,2.67469592089987
"Palm_Bay__ride","Palm_Bay","ride",6,4,7.30184209715488
"Palm_Bay__ride","Palm_Bay","ride",2,6,-2.85120936317253
"Palm_Bay__ride","Palm_Bay","ride",4,6,7.30184209715488
"Palm_Bay__ride","Palm_Bay","ride",6,6,23.5993950624988
"Philadelphia__ride","Philadelphia","ride",2,2,0.0174630868637502
"Philadelphia__ride","Philadelphia","ride",4,2,0.0285964621102782
"Philadelphia__ride","Philadelphia","ride",6,2,0.0270704195120343
"Philadelphia__ride","Philadelphia","ride",2,4,0.0285964621102782
"Philadelphia__ride","Philadelphia","ride",4,4,0.0469787654957014
"Philadelphia__ride","Philadelphia","ride",6,4,0.0449327471196762
"Philadelphia__ride","Philadelphia","ride",2,6,0.0270704195120343
"Philadelphia__ride","Philadelphia","ride",4,6,0.0449327471196762
"Philadelphia__ride","Philadelphia","ride",6,6,0.0443788919964673
"Phoenix__ride","Phoenix","ride",2,2,0.00234889555055656
"Phoenix__ride","Phoenix","ride",4,2,0.00386907838915278
"Phoenix__ride","Phoenix","ride",6,2,0.0038296574105191
"Phoenix__ride","Phoenix","ride",2,4,0.00386907838915278
"Phoenix__ride","Phoenix","ride",4,4,0.00643231264001906
"Phoenix__ride","Phoenix","ride",6,4,0.00653684598157294
"Phoenix__ride","Phoenix","ride",2,6,0.0038296574105191
"Phoenix__ride","Phoenix","ride",4,6,0.00653684598157294
"Phoenix__ride","Phoenix","ride",6,6,0.00712713826267447
"Raleigh__ride","Raleigh","ride",2,2,0.00898405849300459
"Raleigh__ride","Raleigh","ride",4,2,0.0141005596156601
"Raleigh__ride","Raleigh","ride",6,2,0.0117288866989066
"Raleigh__ride","Raleigh","ride",2,4,0.0141005596156601
"Raleigh__ride","Raleigh","ride",4,4,0.022387450658239
"Raleigh__ride","Raleigh","ride",6,4,0.0194097208131204
"Raleigh__ride","Raleigh","ride",2,6,0.0117288866989066
"Raleigh__ride","Raleigh","ride",4,6,0.0194097208131204
"Raleigh__ride","Raleigh","ride",6,6,0.0192203447820784
"Richmond__ride","Richmond","ride",2,2,0.0234532180549675
"Richmond__ride","Richmond","ride",4,2,0.0387062998792979
"Richmond__ride","Richmond","ride",6,2,0.0375591168691149
"Richmond__ride","Richmond","ride",2,4,0.0387062998792979
"Richmond__ride","Richmond","ride",4,4,0.0643587786455241
"Richmond__ride","Richmond","ride",6,4,0.0639036090841982
"Richmond__ride","Richmond","ride",2,6,0.0375591168691149
"Richmond__ride","Richmond","ride",4,6,0.0639036090841982
"Richmond__ride","Richmond","ride",6,6,0.0678188535165704
"Riverside__ride","Riverside","ride",2,2,0.17132112059661
"Riverside__ride","Riverside","ride",4,2,0.301072980732751
"Riverside__ride","Riverside","ride",6,2,0.34768639047041
"Riverside__ride","Riverside","ride",2,4,0.301072980732751
"Riverside__ride","Riverside","ride",4,4,0.52946571182271
"Riverside__ride","Riverside","ride",6,4,0.612497887209094
"Riverside__ride","Riverside","ride",2,6,0.347686390470411
"Riverside__ride","Riverside","ride",4,6,0.612497887209094
"Riverside__ride","Riverside","ride",6,6,0.711559610588794
"Sacramento__ride","Sacramento","ride",2,2,0.193760232779378
"Sacramento__ride","Sacramento","ride",4,2,0.373946014104979
"Sacramento__ride","Sacramento","ride",6,2,0.526983009969482
"Sacramento__ride","Sacramento","ride",2,4,0.373946014104979
"Sacramento__ride","Sacramento","ride",4,4,0.721709198989804
"Sacramento__ride","Sacramento","ride",6,4,1.01710663147716
"Sacramento__ride","Sacramento","ride",2,6,0.526983009969483
"Sacramento__ride","Sacramento","ride",4,6,1.01710663147716
"Sacramento__ride","Sacramento","ride",6,6,1.43351149955053
"San_Antonio__ride","San_Antonio","ride",2,2,0.00121550562481075
"San_Antonio__ride","San_Antonio","ride",4,2,0.00218151997551357
"San_Antonio__ride","San_Antonio","ride",6,2,0.00270372535891734
"San_Antonio__ride","San_Antonio","ride",2,4,0.00218151997551357
"San_Antonio__ride","San_Antonio","ride",4,4,0.00392940684301259
"San_Antonio__ride","San_Antonio","ride",6,4,0.00490555838459357
"San_Antonio__ride","San_Antonio","ride",2,6,0.00270372535891734
"San_Antonio__ride","San_Antonio","ride",4,6,0.00490555838459356
"San_Antonio__ride","San_Antonio","ride",6,6,0.00621323297474474
"San_Bernardino__ride","San_Bernardino","ride",2,2,0.961376182964098
"San_Bernardino__ride","San_Bernardino","ride",4,2,1.65226979398759
"San_Bernardino__ride","San_Bernardino","ride",6,2,1.80219862264773
"San_Bernardino__ride","San_Bernardino","ride",2,4,1.65226979398759
"San_Bernardino__ride","San_Bernardino","ride",4,4,2.84413361347476
"San_Bernardino__ride","San_Bernardino","ride",6,4,3.11518519474681
"San_Bernardino__ride","San_Bernardino","ride",2,6,1.80219862264773
"San_Bernardino__ride","San_Bernardino","ride",4,6,3.11518519474681
"San_Bernardino__ride","San_Bernardino","ride",6,6,3.44974773805217
"San_Jose__ride","San_Jose","ride",2,2,0.0155843172997538
"San_Jose__ride","San_Jose","ride",4,2,0.0301043825640611
"San_Jose__ride","San_Jose","ride",6,2,0.0424959532406986
"San_Jose__ride","San_Jose","ride",2,4,0.0301043825640611
"San_Jose__ride","San_Jose","ride",4,4,0.0581564523203863
"San_Jose__ride","San_Jose","ride",6,4,0.0821038888746611
"San_Jose__ride","San_Jose","ride",2,6,0.0424959532406986
"San_Jose__ride","San_Jose","ride",4,6,0.0821038888746611
"San_Jose__ride","San_Jose","ride",6,6,0.115935791191796
"Scottsdale__ride","Scottsdale","ride",2,2,0.00890020540087474
"Scottsdale__ride","Scottsdale","ride",4,2,0.0148843778345577
"Scottsdale__ride","Scottsdale","ride",6,2,0.0152474701332737
"Scottsdale__ride","Scottsdale","ride",2,4,0.0148843778345577
"Scottsdale__ride","Scottsdale","ride",4,4,0.0250610697145654
"Scottsdale__ride","Scottsdale","ride",6,4,0.0261610659728898
"Scottsdale__ride","Scottsdale","ride",2,6,0.0152474701332737
"Scottsdale__ride","Scottsdale","ride",4,6,0.0261610659728898
"Scottsdale__ride","Scottsdale","ride",6,6,0.0287129034677926
"St_Louis__ride","St_Louis","ride",2,2,0.0116260187949069
"St_Louis__ride","St_Louis","ride",4,2,0.0200889798534629
"St_Louis__ride","St_Louis","ride",6,2,0.0222769534695505
"St_Louis__ride","St_Louis","ride",2,4,0.0200889798534629
"St_Louis__ride","St_Louis","ride",4,4,0.0349439679679794
"St_Louis__ride","St_Louis","ride",6,4,0.039415215472883
"St_Louis__ride","St_Louis","ride",2,6,0.0222769534695505
"St_Louis__ride","St_Louis","ride",4,6,0.039415215472883
"St_Louis__ride","St_Louis","ride",6,6,0.0463577614801387
"St_Petersburg__ride","St_Petersburg","ride",2,2,0.0580790928907706
"St_Petersburg__ride","St_Petersburg","ride",4,2,0.0350612421813722
"St_Petersburg__ride","St_Petersburg","ride",6,2,-0.0369914817051643
"St_Petersburg__ride","St_Petersburg","ride",2,4,0.0350612421813722
"St_Petersburg__ride","St_Petersburg","ride",4,4,0.0704913723169942
"St_Petersburg__ride","St_Petersburg","ride",6,4,0.0919552088373551
"St_Petersburg__ride","St_Petersburg","ride",2,6,-0.0369914817051643
"St_Petersburg__ride","St_Petersburg","ride",4,6,0.0919552088373551
"St_Petersburg__ride","St_Petersburg","ride",6,6,0.288958124173779
"Tallahassee__ride","Tallahassee","ride",2,2,0.0956575437563152
"Tallahassee__ride","Tallahassee","ride",4,2,0.0521181881317715
"Tallahassee__ride","Tallahassee","ride",6,2,-0.0811470562746031
"Tallahassee__ride","Tallahassee","ride",2,4,0.0521181881317715
"Tallahassee__ride","Tallahassee","ride",4,4,0.067591997632668
"Tallahassee__ride","Tallahassee","ride",6,4,0.0332281893068179
"Tallahassee__ride","Tallahassee","ride",2,6,-0.0811470562746031
"Tallahassee__ride","Tallahassee","ride",4,6,0.0332281893068179
"Tallahassee__ride","Tallahassee","ride",6,6,0.233921943436332
"Tampa__ride","Tampa","ride",2,2,0.055800341353532
"Tampa__ride","Tampa","ride",4,2,0.0537001063799495
"Tampa__ride","Tampa","ride",6,2,-0.0199391468972144
"Tampa__ride","Tampa","ride",2,4,0.0537001063799495
"Tampa__ride","Tampa","ride",4,4,0.0645064458018485
"Tampa__ride","Tampa","ride",6,4,0.0194920074768455
"Tampa__ride","Tampa","ride",2,6,-0.0199391468972144
"Tampa__ride","Tampa","ride",4,6,0.0194920074768455
"Tampa__ride","Tampa","ride",6,6,0.123913957445277
"Tucson__ride","Tucson","ride",2,2,0.00203831492293143
"Tucson__ride","Tucson","ride",4,2,0.00362502357715633
"Tucson__ride","Tucson","ride",6,2,0.00435149431386971
"Tucson__ride","Tucson","ride",2,4,0.00362502357715633
"Tucson__ride","Tucson","ride",4,4,0.00645959080833916
"Tucson__ride","Tucson","ride",6,4,0.00778829116519026
"Tucson__ride","Tucson","ride",2,6,0.00435149431386971
"Tucson__ride","Tucson","ride",4,6,0.00778829116519026
"Tucson__ride","Tucson","ride",6,6,0.00948206671734523
"Virginia_Beach__ride","Virginia_Beach","ride",2,2,0.018165395297624
"Virginia_Beach__ride","Virginia_Beach","ride",4,2,0.0247052671458215
"Virginia_Beach__ride","Virginia_Beach","ride",6,2,0.0127659299798476
"Virginia_Beach__ride","Virginia_Beach","ride",2,4,0.0247052671458215
"Virginia_Beach__ride","Virginia_Beach","ride",4,4,0.0353585000158912
"Virginia_Beach__ride","Virginia_Beach","ride",6,4,0.0234943370882731
"Virginia_Beach__ride","Virginia_Beach","ride",2,6,0.0127659299798476
"Virginia_Beach__ride","Virginia_Beach","ride",4,6,0.0234943370882731
"Virginia_Beach__ride","Virginia_Beach","ride",6,6,0.0303736239055377
"Visalia__ride","Visalia","ride",2,2,0.00425400204160028
"Visalia__ride","Visalia","ride",4,2,0.00819730190093256
"Visalia__ride","Visalia","ride",6,2,0.0115191999608912
"Visalia__ride","Visalia","ride",2,4,0.00819730190093255
"Visalia__ride","Visalia","ride",4,4,0.0158004135438908
"Visalia__ride","Visalia","ride",6,4,0.0222151426187703
"Visalia__ride","Visalia","ride",2,6,0.0115191999608912
"Visalia__ride","Visalia","ride",4,6,0.0222151426187703
"Visalia__ride","Visalia","ride",6,6,0.0312645711836575
"Washington__ride","Washington","ride",2,2,0.0137839233656725
"Washington__ride","Washington","ride",4,2,0.0220692445699009
"Washington__ride","Washington","ride",6,2,0.019357365330097
"Washington__ride","Washington","ride",2,4,0.0220692445699009
"Washington__ride","Washington","ride",4,4,0.0354683375492311
"Washington__ride","Washington","ride",6,4,0.0315271242443402
"Washington__ride","Washington","ride",2,6,0.019357365330097
"Washington__ride","Washington","ride",4,6,0.0315271242443402
"Washington__ride","Washington","ride",6,6,0.0293216711026508
"Abilene__run","Abilene","run",2,2,0.0520017694969497
"Abilene__run","Abilene","run",4,2,0.0993627165673147
"Abilene__run","Abilene","run",6,2,0.137442049088837
"Abilene__run","Abilene","run",2,4,0.0993627165673147
"Abilene__run","Abilene","run",4,4,0.189929923874135
"Abilene__run","Abilene","run",6,4,0.262906088416505
"Abilene__run","Abilene","run",2,6,0.137442049088837
"Abilene__run","Abilene","run",4,6,0.262906088416505
"Abilene__run","Abilene","run",6,6,0.364414114282699
"Amarillo__run","Amarillo","run",2,2,0.965596376126377
"Amarillo__run","Amarillo","run",4,2,1.47627897437441
"Amarillo__run","Amarillo","run",6,2,1.07713424275571
"Amarillo__run","Amarillo","run",2,4,1.47627897437441
"Amarillo__run","Amarillo","run",4,4,2.2687159818988
"Amarillo__run","Amarillo","run",6,4,1.69346887501125
"Amarillo__run","Amarillo","run",2,6,1.07713424275571
"Amarillo__run","Amarillo","run",4,6,1.69346887501125
"Amarillo__run","Amarillo","run",6,6,1.38820433144436
"Arlington__run","Arlington","run",2,2,0.0034673077345606
"Arlington__run","Arlington","run",4,2,0.00674423940520655
"Arlington__run","Arlington","run",6,2,0.00964042111878919
"Arlington__run","Arlington","run",2,4,0.00674423940520655
"Arlington__run","Arlington","run",4,4,0.0131200743215978
"Arlington__run","Arlington","run",6,4,0.0187590985237455
"Arlington__run","Arlington","run",2,6,0.00964042111878919
"Arlington__run","Arlington","run",4,6,0.0187590985237455
"Arlington__run","Arlington","run",6,6,0.0268342889351892
"Atlanta__run","Atlanta","run",2,2,0.711871485015535
"Atlanta__run","Atlanta","run",4,2,0.176667485727876
"Atlanta__run","Atlanta","run",6,2,-1.61642522127324
"Atlanta__run","Atlanta","run",2,4,0.176667485727876
"Atlanta__run","Atlanta","run",4,4,1.43319791638805
"Atlanta__run","Atlanta","run",6,4,1.7783547868569
"Atlanta__run","Atlanta","run",2,6,-1.61642522127324
"Atlanta__run","Atlanta","run",4,6,1.7783547868569
"Atlanta__run","Atlanta","run",6,6,14.5798393349842
"Austin__run","Austin","run",2,2,0.000219849134623917
"Austin__run","Austin","run",4,2,0.000425859143006636
"Austin__run","Austin","run",6,2,0.000604191398906956
"Austin__run","Austin","run",2,4,0.000425859143006636
"Austin__run","Austin","run",4,4,0.000825035910341007
"Austin__run","Austin","run",6,4,0.00117084752633084
"Austin__run","Austin","run",2,6,0.000604191398906956
"Austin__run","Austin","run",4,6,0.00117084752633084
"Austin__run","Austin","run",6,6,0.00166243321078859
"Bakersfield__run","Bakersfield","run",2,2,0.0133874348813419
"Bakersfield__run","Bakersfield","run",4,2,0.0241130172158026
"Bakersfield__run","Bakersfield","run",6,2,0.0295149006392225
"Bakersfield__run","Bakersfield","run",2,4,0.0241130172158026
"Bakersfield__run","Bakersfield","run",4,4,0.0435733048041218
"Bakersfield__run","Bakersfield","run",6,4,0.0537281281913033
"Bakersfield__run","Bakersfield","run",2,6,0.0295149006392225
"Bakersfield__run","Bakersfield","run",4,6,0.0537281281913033
"Bakersfield__run","Bakersfield","run",6,6,0.0673380108056509
"Baltimore__run","Baltimore","run",2,2,0.0155264061077091
"Baltimore__run","Baltimore","run",4,2,0.0256108085019371
"Baltimore__run","Baltimore","run",6,2,0.0248112085859797
"Baltimore__run","Baltimore","run",2,4,0.0256108085019371
"Baltimore__run","Baltimore","run",4,4,0.0427075755567675
"Baltimore__run","Baltimore","run",6,4,0.0427762556239637
"Baltimore__run","Baltimore","run",2,6,0.0248112085859797
"Baltimore__run","Baltimore","run",4,6,0.0427762556239637
"Baltimore__run","Baltimore","run",6,6,0.047048980589312
"Boston__run","Boston","run",2,2,44.4994849698664
"Boston__run","Boston","run",4,2,78.9537479007465
"Boston__run","Boston","run",6,2,93.3175857937518
"Boston__run","Boston","run",2,4,78.9537479007465
"Boston__run","Boston","run",4,4,140.12817902089
"Boston__run","Boston","run",6,4,165.743961347747
"Boston__run","Boston","run",2,6,93.3175857937518
"Boston__run","Boston","run",4,6,165.743961347747
"Boston__run","Boston","run",6,6,196.387920230249
"Cape_Coral__run","Cape_Coral","run",2,2,0.894252070672656
"Cape_Coral__run","Cape_Coral","run",4,2,0.616904017192155
"Cape_Coral__run","Cape_Coral","run",6,2,-0.531803587461979
"Cape_Coral__run","Cape_Coral","run",2,4,0.616904017192155
"Cape_Coral__run","Cape_Coral","run",4,4,0.67946134774667
"Cape_Coral__run","Cape_Coral","run",6,4,0.228659980774304
"Cape_Coral__run","Cape_Coral","run",2,6,-0.531803587461979
"Cape_Coral__run","Cape_Coral","run",4,6,0.228659980774304
"Cape_Coral__run","Cape_Coral","run",6,6,1.71978871178728
"Chandler__run","Chandler","run",2,2,0.0468769387581581
"Chandler__run","Chandler","run",4,2,0.078840975443693
"Chandler__run","Chandler","run",6,2,0.0817469125238585
"Chandler__run","Chandler","run",2,4,0.078840975443693
"Chandler__run","Chandler","run",4,4,0.133340889263577
"Chandler__run","Chandler","run",6,4,0.140403162372793
"Chandler__run","Chandler","run",2,6,0.0817469125238585
"Chandler__run","Chandler","run",4,6,0.140403162372793
"Chandler__run","Chandler","run",6,6,0.154033144782263
"Charleston__run","Charleston","run",2,2,0.0676522113165466
"Charleston__run","Charleston","run",4,2,0.0379554971183668
"Charleston__run","Charleston","run",6,2,-0.130746891861015
"Charleston__run","Charleston","run",2,4,0.0379554971183668
"Charleston__run","Charleston","run",4,4,0.0641930610632844
"Charleston__run","Charleston","run",6,4,0.0709950224286536
"Charleston__run","Charleston","run",2,6,-0.130746891861015
"Charleston__run","Charleston","run",4,6,0.0709950224286536
"Charleston__run","Charleston","run",6,6,0.740132861963716
"Charlotte__run","Charlotte","run",2,2,0.0471727927771559
"Charlotte__run","Charlotte","run",4,2,0.0686236296845313
"Charlotte__run","Charlotte","run",6,2,0.0386417367682381
"Charlotte__run","Charlotte","run",2,4,0.0686236296845313
"Charlotte__run","Charlotte","run",4,4,0.102141777001144
"Charlotte__run","Charlotte","run",6,4,0.0654638319944847
"Charlotte__run","Charlotte","run",2,6,0.0386417367682381
"Charlotte__run","Charlotte","run",4,6,0.0654638319944847
"Charlotte__run","Charlotte","run",6,6,0.0686503093160155
"Chicago__run","Chicago","run",2,2,871.619307633382
"Chicago__run","Chicago","run",4,2,1583.15955253843
"Chicago__run","Chicago","run",6,2,1974.54209795366
"Chicago__run","Chicago","run",2,4,1583.15955253843
"Chicago__run","Chicago","run",4,4,2899.14599101141
"Chicago__run","Chicago","run",6,4,3680.78586050976
"Chicago__run","Chicago","run",2,6,1974.54209795366
"Chicago__run","Chicago","run",4,6,3680.78586050976
"Chicago__run","Chicago","run",6,6,4850.43303740194
"Cincinnati__run","Cincinnati","run",2,2,4464.32111754024
"Cincinnati__run","Cincinnati","run",4,2,6092.09577179148
"Cincinnati__run","Cincinnati","run",6,2,2046.77818696058
"Cincinnati__run","Cincinnati","run",2,4,6092.09577179148
"Cincinnati__run","Cincinnati","run",4,4,8323.05743362176
"Cincinnati__run","Cincinnati","run",6,4,2831.75032570712
"Cincinnati__run","Cincinnati","run",2,6,2046.77818696058
"Cincinnati__run","Cincinnati","run",4,6,2831.75032570712
"Cincinnati__run","Cincinnati","run",6,6,1093.11050567488
"Clearwater__run","Clearwater","run",2,2,1.13659234454994
"Clearwater__run","Clearwater","run",4,2,0.0324419849844673
"Clearwater__run","Clearwater","run",6,2,-1.99842018736681
"Clearwater__run","Clearwater","run",2,4,0.0324419849844673
"Clearwater__run","Clearwater","run",4,4,19.7233848288956
"Clearwater__run","Clearwater","run",6,4,43.3291507494172
"Clearwater__run","Clearwater","run",2,6,-1.99842018736681
"Clearwater__run","Clearwater","run",4,6,43.3291507494172
"Clearwater__run","Clearwater","run",6,6,98.9610733684613
"Cleveland__run","Cleveland","run",2,2,1704011.8623157
"Cleveland__run","Cleveland","run",4,2,2690906.45952229
"Cleveland__run","Cleveland","run",6,2,2243567.00778929
"Cleveland__run","Cleveland","run",2,4,2690906.45952229
"Cleveland__run","Cleveland","run",4,4,4324463.46279116
"Cleveland__run","Cleveland","run",6,4,3843321.16852757
"Cleveland__run","Cleveland","run",2,6,2243567.00778929
"Cleveland__run","Cleveland","run",4,6,3843321.16852757
"Cleveland__run","Cleveland","run",6,6,4155449.73141732
"Columbia__run","Columbia","run",2,2,0.0296529651986228
"Columbia__run","Columbia","run",4,2,0.0436507249714563
"Columbia__run","Columbia","run",6,2,0.0268936045411116
"Columbia__run","Columbia","run",2,4,0.0436507249714563
"Columbia__run","Columbia","run",4,4,0.0699441178226975
"Columbia__run","Columbia","run",6,4,0.0620564746911904
"Columbia__run","Columbia","run",2,6,0.0268936045411116
"Columbia__run","Columbia","run",4,6,0.0620564746911904
"Columbia__run","Columbia","run",6,6,0.113141444503293
"Columbus__run","Columbus","run",2,2,76.6785945557339
"Columbus__run","Columbus","run",4,2,84.013652903969
"Columbus__run","Columbus","run",6,2,-47.3383436718101
"Columbus__run","Columbus","run",2,4,84.013652903969
"Columbus__run","Columbus","run",4,4,111.873081745024
"Columbus__run","Columbus","run",6,4,27.424047740378
"Columbus__run","Columbus","run",2,6,-47.3383436718101
"Columbus__run","Columbus","run",4,6,27.424047740378
"Columbus__run","Columbus","run",6,6,346.387912180924
"Corpus_Christi__run","Corpus_Christi","run",2,2,645283058.600434
"Corpus_Christi__run","Corpus_Christi","run",4,2,794310206.81332
"Corpus_Christi__run","Corpus_Christi","run",6,2,505434637.127016
"Corpus_Christi__run","Corpus_Christi","run",2,4,794310206.81332
"Corpus_Christi__run","Corpus_Christi","run",4,4,1067263940.22514
"Corpus_Christi__run","Corpus_Christi","run",6,4,859458101.200621
"Corpus_Christi__run","Corpus_Christi","run",2,6,505434637.127016
"Corpus_Christi__run","Corpus_Christi","run",4,6,859458101.200621
"Corpus_Christi__run","Corpus_Christi","run",6,6,1025856462.59895
"Dallas__run","Dallas","run",2,2,0.00024037312209423
"Dallas__run","Dallas","run",4,2,0.000472760415997789
"Dallas__run","Dallas","run",6,2,0.000689176553520026
"Dallas__run","Dallas","run",2,4,0.000472760415997789
"Dallas__run","Dallas","run",4,4,0.000929846445188292
"Dallas__run","Dallas","run",6,4,0.00135558330076426
"Dallas__run","Dallas","run",2,6,0.000689176553520026
"Dallas__run","Dallas","run",4,6,0.00135558330076426
"Dallas__run","Dallas","run",6,6,0.00197645053545697
"Detroit__run","Detroit","run",2,2,93.4234009205367
"Detroit__run","Detroit","run",4,2,128.249763959476
"Detroit__run","Detroit","run",6,2,45.8820661586614
"Detroit__run","Detroit","run",2,4,128.249763959476
"Detroit__run","Detroit","run",4,4,177.739390836569
"Detroit__run","Detroit","run",6,4,69.7087316067342
"Detroit__run","Detroit","run",2,6,45.8820661586614
"Detroit__run","Detroit","run",4,6,69.7087316067342
"Detroit__run","Detroit","run",6,6,49.4245986153731
"Fort_Worth__run","Fort_Worth","run",2,2,0.00113079790901858
"Fort_Worth__run","Fort_Worth","run",4,2,0.00219230193833797
"Fort_Worth__run","Fort_Worth","run",6,2,0.00311521890693485
"Fort_Worth__run","Fort_Worth","run",2,4,0.00219230193833797
"Fort_Worth__run","Fort_Worth","run",4,4,0.0042510264824625
"Fort_Worth__run","Fort_Worth","run",6,4,0.00604259567921942
"Fort_Worth__run","Fort_Worth","run",2,6,0.00311521890693485
"Fort_Worth__run","Fort_Worth","run",4,6,0.00604259567921942
"Fort_Worth__run","Fort_Worth","run",6,6,0.00859428832193858
"Fresno__run","Fresno","run",2,2,0.0114106594356625
"Fresno__run","Fresno","run",4,2,0.0217429755840789
"Fresno__run","Fresno","run",6,2,0.0299186117380633
"Fresno__run","Fresno","run",2,4,0.0217429755840789
"Fresno__run","Fresno","run",4,4,0.0414546178954766
"Fresno__run","Fresno","run",6,4,0.0571035883974641
"Fresno__run","Fresno","run",2,6,0.0299186117380633
"Fresno__run","Fresno","run",4,6,0.0571035883974641
"Fresno__run","Fresno","run",6,6,0.0788212962155524
"Gilbert__run","Gilbert","run",2,2,0.0777980480445233
"Gilbert__run","Gilbert","run",4,2,0.129030869375407
"Gilbert__run","Gilbert","run",6,2,0.12858952180316
"Gilbert__run","Gilbert","run",2,4,0.129030869375407
"Gilbert__run","Gilbert","run",4,4,0.216416399336953
"Gilbert__run","Gilbert","run",6,4,0.22277025842835
"Gilbert__run","Gilbert","run",2,6,0.12858952180316
"Gilbert__run","Gilbert","run",4,6,0.22277025842835
"Gilbert__run","Gilbert","run",6,6,0.249925625836054
"Henderson__run","Henderson","run",2,2,0.0201662676832571
"Henderson__run","Henderson","run",4,2,0.0369993127067363
"Henderson__run","Henderson","run",6,2,0.0471659223731101
"Henderson__run","Henderson","run",2,4,0.0369993127067363
"Henderson__run","Henderson","run",4,4,0.0679525818987429
"Henderson__run","Henderson","run",6,4,0.0868137560913293
"Henderson__run","Henderson","run",2,6,0.0471659223731101
"Henderson__run","Henderson","run",4,6,0.0868137560913293
"Henderson__run","Henderson","run",6,6,0.111425414492256
"Houston__run","Houston","run",2,2,0.000718693924196798
"Houston__run","Houston","run",4,2,0.00134164436267293
"Houston__run","Houston","run",6,2,0.00177389304646698
"Houston__run","Houston","run",2,4,0.00134164436267293
"Houston__run","Houston","run",4,4,0.00250762750890418
"Houston__run","Houston","run",6,4,0.00332372471354967
"Houston__run","Houston","run",2,6,0.00177389304646698
"Houston__run","Houston","run",4,6,0.00332372471354967
"Houston__run","Houston","run",6,6,0.00442725881546045
"Indianapolis__run","Indianapolis","run",2,2,9.67838816246715
"Indianapolis__run","Indianapolis","run",4,2,15.0414788050073
"Indianapolis__run","Indianapolis","run",6,2,11.7739776802217
"Indianapolis__run","Indianapolis","run",2,4,15.0414788050073
"Indianapolis__run","Indianapolis","run",4,4,25.1245391725624
"Indianapolis__run","Indianapolis","run",6,4,25.2907599188816
"Indianapolis__run","Indianapolis","run",2,6,11.7739776802217
"Indianapolis__run","Indianapolis","run",4,6,25.2907599188816
"Indianapolis__run","Indianapolis","run",6,6,42.2931518116156
"Jacksonville__run","Jacksonville","run",2,2,0.0353807864086261
"Jacksonville__run","Jacksonville","run",4,2,0.0477251741260661
"Jacksonville__run","Jacksonville","run",6,2,0.0314447371643252
"Jacksonville__run","Jacksonville","run",2,4,0.0477251741260661
"Jacksonville__run","Jacksonville","run",4,4,0.0753481969335718
"Jacksonville__run","Jacksonville","run",6,4,0.0761149814363658
"Jacksonville__run","Jacksonville","run",2,6,0.0314447371643252
"Jacksonville__run","Jacksonville","run",4,6,0.0761149814363658
"Jacksonville__run","Jacksonville","run",6,6,0.131464299967251
"Kansas_City__run","Kansas_City","run",2,2,0.00392163423885026
"Kansas_City__run","Kansas_City","run",4,2,0.00684098777758982
"Kansas_City__run","Kansas_City","run",6,2,0.00775683488263369
"Kansas_City__run","Kansas_City","run",2,4,0.00684098777758982
"Kansas_City__run","Kansas_City","run",4,4,0.0120155493052922
"Kansas_City__run","Kansas_City","run",6,4,0.0138589739996756
"Kansas_City__run","Kansas_City","run",2,6,0.00775683488263369
"Kansas_City__run","Kansas_City","run",4,6,0.0138589739996756
"Kansas_City__run","Kansas_City","run",6,6,0.016653323390851
"Las_Vegas__run","Las_Vegas","run",2,2,0.0171224642469425
"Las_Vegas__run","Las_Vegas","run",4,2,0.0299793368793133
"Las_Vegas__run","Las_Vegas","run",6,2,0.0343227368603227
"Las_Vegas__run","Las_Vegas","run",2,4,0.0299793368793133
"Las_Vegas__run","Las_Vegas","run",4,4,0.0527038622535047
"Las_Vegas__run","Las_Vegas","run",6,4,0.0609486096458363
"Las_Vegas__run","Las_Vegas","run",2,6,0.0343227368603227
"Las_Vegas__run","Las_Vegas","run",4,6,0.0609486096458363
"Las_Vegas__run","Las_Vegas","run",6,6,0.0722116651560864
"Los_Angeles__run","Los_Angeles","run",2,2,1.24563049733971
"Los_Angeles__run","Los_Angeles","run",4,2,2.1832482957297
"Los_Angeles__run","Los_Angeles","run",6,2,2.50484120218185
"Los_Angeles__run","Los_Angeles","run",2,4,2.1832482957297
"Los_Angeles__run","Los_Angeles","run",4,4,3.82747852876335
"Los_Angeles__run","Los_Angeles","run",6,4,4.3936722316356
"Los_Angeles__run","Los_Angeles","run",2,6,2.50484120218185
"Los_Angeles__run","Los_Angeles","run",4,6,4.3936722316356
"Los_Angeles__run","Los_Angeles","run",6,6,5.05048301682547
"Louisville__run","Louisville","run",2,2,10.5123841247052
"Louisville__run","Louisville","run",4,2,14.6258426761616
"Louisville__run","Louisville","run",6,2,5.94145184556098
"Louisville__run","Louisville","run",2,4,14.6258426761616
"Louisville__run","Louisville","run",4,4,20.565599641219
"Louisville__run","Louisville","run",6,4,9.13318378659338
"Louisville__run","Louisville","run",2,6,5.94145184556098
"Louisville__run","Louisville","run",4,6,9.13318378659339
"Louisville__run","Louisville","run",6,6,6.82547628370845
"Lubbock__run","Lubbock","run",2,2,0.0319277052177413
"Lubbock__run","Lubbock","run",4,2,0.0586201206490351
"Lubbock__run","Lubbock","run",6,2,0.074841972382631
"Lubbock__run","Lubbock","run",2,4,0.0586201206490351
"Lubbock__run","Lubbock","run",4,4,0.10782461299105
"Lubbock__run","Lubbock","run",6,4,0.138197836018868
"Lubbock__run","Lubbock","run",2,6,0.074841972382631
"Lubbock__run","Lubbock","run",4,6,0.138197836018868
"Lubbock__run","Lubbock","run",6,6,0.178581485337355
"Mesa__run","Mesa","run",2,2,0.0596194056086256
"Mesa__run","Mesa","run",4,2,0.0976061400797065
"Mesa__run","Mesa","run",6,2,0.0935138668890326
"Mesa__run","Mesa","run",2,4,0.0976061400797065
"Mesa__run","Mesa","run",4,4,0.161573869832861
"Mesa__run","Mesa","run",6,4,0.160093868658694
"Mesa__run","Mesa","run",2,6,0.0935138668890326
"Mesa__run","Mesa","run",4,6,0.160093868658694
"Mesa__run","Mesa","run",6,6,0.174221785893072
"Miami__run","Miami","run",2,2,5304625276.58679
"Miami__run","Miami","run",4,2,-5388905336.99732
"Miami__run","Miami","run",6,2,-1869974174.41707
"Miami__run","Miami","run",2,4,-5388905336.99732
"Miami__run","Miami","run",4,4,29528314003.8652
"Miami__run","Miami","run",6,4,-10197737994.7627
"Miami__run","Miami","run",2,6,-1869974174.41707
"Miami__run","Miami","run",4,6,-10197737994.7627
"Miami__run","Miami","run",6,6,80497105422.5606
"Milwaukee__run","Milwaukee","run",2,2,9.36971260624118
"Milwaukee__run","Milwaukee","run",4,2,17.5658811784266
"Milwaukee__run","Milwaukee","run",6,2,23.4149667299814
"Milwaukee__run","Milwaukee","run",2,4,17.5658811784266
"Milwaukee__run","Milwaukee","run",4,4,32.941898768274
"Milwaukee__run","Milwaukee","run",6,4,43.9381851429783
"Milwaukee__run","Milwaukee","run",2,6,23.4149667299814
"Milwaukee__run","Milwaukee","run",4,6,43.9381851429783
"Milwaukee__run","Milwaukee","run",6,6,58.6779079315027
"Minneapolis__run","Minneapolis","run",2,2,286.924048651386
"Minneapolis__run","Minneapolis","run",4,2,495.720020156299
"Minneapolis__run","Minneapolis","run",6,2,548.259946967625
"Minneapolis__run","Minneapolis","run",2,4,495.720020156299
"Minneapolis__run","Minneapolis","run",4,4,856.543068850558
"Minneapolis__run","Minneapolis","run",6,4,947.572086941232
"Minneapolis__run","Minneapolis","run",2,6,548.259946967625
"Minneapolis__run","Minneapolis","run",4,6,947.572086941232
"Minneapolis__run","Minneapolis","run",6,6,1048.98863484666
"Miramar__run","Miramar","run",2,2,1.61446612305527
"Miramar__run","Miramar","run",4,2,0.364248209917383
"Miramar__run","Miramar","run",6,2,-0.65592177885664
"Miramar__run","Miramar","run",2,4,0.364248209917383
"Miramar__run","Miramar","run",4,4,13.0928116539187
"Miramar__run","Miramar","run",6,4,10.500890823952
"Miramar__run","Miramar","run",2,6,-0.65592177885664
"Miramar__run","Miramar","run",4,6,10.500890823952
"Miramar__run","Miramar","run",6,6,9.87216361734352
"Nashville__run","Nashville","run",2,2,0.0447493922755049
"Nashville__run","Nashville","run",4,2,0.0640764805794984
"Nashville__run","Nashville","run",6,2,0.0334492890702643
"Nashville__run","Nashville","run",2,4,0.0640764805794984
"Nashville__run","Nashville","run",4,4,0.0941661821126782
"Nashville__run","Nashville","run",6,4,0.0573861796771786
"Nashville__run","Nashville","run",2,6,0.0334492890702643
"Nashville__run","Nashville","run",4,6,0.0573861796771786
"Nashville__run","Nashville","run",6,6,0.0622931394071382
"New_York__run","New_York","run",2,2,0.00702448717742017
"New_York__run","New_York","run",4,2,0.0123853395863735
"New_York__run","New_York","run",6,2,0.0144189254457171
"New_York__run","New_York","run",2,4,0.0123853395863735
"New_York__run","New_York","run",4,4,0.0219441432390154
"New_York__run","New_York","run",6,4,0.0258498726343347
"New_York__run","New_York","run",2,6,0.0144189254457171
"New_York__run","New_York","run",4,6,0.0258498726343347
"New_York__run","New_York","run",6,6,0.0313048639062181
"Newark__run","Newark","run",2,2,8871987108.82931
"Newark__run","Newark","run",4,2,15405170108.8648
"Newark__run","Newark","run",6,2,17260748373.3507
"Newark__run","Newark","run",2,4,15405170108.8648
"Newark__run","Newark","run",4,4,26786892098.3016
"Newark__run","Newark","run",6,4,30121715063.252
"Newark__run","Newark","run",2,6,17260748373.3507
"Newark__run","Newark","run",4,6,30121715063.252
"Newark__run","Newark","run",6,6,34183119082.6621
"Oklahoma_City__run","Oklahoma_City","run",2,2,0.00166001250978157
"Oklahoma_City__run","Oklahoma_City","run",4,2,0.00322991163795481
"Oklahoma_City__run","Oklahoma_City","run",6,2,0.00461958504342751
"Oklahoma_City__run","Oklahoma_City","run",2,4,0.00322991163795481
"Oklahoma_City__run","Oklahoma_City","run",4,4,0.00628523371173084
"Oklahoma_City__run","Oklahoma_City","run",6,4,0.0089913758247354
"Oklahoma_City__run","Oklahoma_City","run",2,6,0.00461958504342751
"Oklahoma_City__run","Oklahoma_City","run",4,6,0.0089913758247354
"Oklahoma_City__run","Oklahoma_City","run",6,6,0.0128675782899063
"Orlando__run","Orlando","run",2,2,0.158842427012511
"Orlando__run","Orlando","run",4,2,0.191357089976432
"Orlando__run","Orlando","run",6,2,0.0591303896328227
"Orlando__run","Orlando","run",2,4,0.191357089976432
"Orlando__run","Orlando","run",4,4,0.260054417432951
"Orlando__run","Orlando","run",6,4,0.161634343465877
"Orlando__run","Orlando","run",2,6,0.0591303896328227
"Orlando__run","Orlando","run",4,6,0.161634343465877
"Orlando__run","Orlando","run",6,6,0.29911972895369
"Overland_Park__run","Overland_Park","run",2,2,0.00990473952108425
"Overland_Park__run","Overland_Park","run",4,2,0.0165434698184513
"Overland_Park__run","Overland_Park","run",6,2,0.0166525443159609
"Overland_Park__run","Overland_Park","run",2,4,0.0165434698184513
"Overland_Park__run","Overland_Park","run",4,4,0.028108899298371
"Overland_Park__run","Overland_Park","run",6,4,0.0297217496493277
"Overland_Park__run","Overland_Park","run",2,6,0.0166525443159609
"Overland_Park__run","Overland_Park","run",4,6,0.0297217496493277
"Overland_Park__run","Overland_Park","run",6,6,0.0356265006852915
"Palm_Bay__run","Palm_Bay","run",2,2,14.871797608693
"Palm_Bay__run","Palm_Bay","run",4,2,-18.9448537243695
"Palm_Bay__run","Palm_Bay","run",6,2,133.769757280821
"Palm_Bay__run","Palm_Bay","run",2,4,-18.9448537243695
"Palm_Bay__run","Palm_Bay","run",4,4,46.6620791119436
"Palm_Bay__run","Palm_Bay","run",6,4,75.5763293952316
"Palm_Bay__run","Palm_Bay","run",2,6,133.769757280821
"Palm_Bay__run","Palm_Bay","run",4,6,75.5763293952316
"Palm_Bay__run","Palm_Bay","run",6,6,14009.3059606066
"Philadelphia__run","Philadelphia","run",2,2,0.0702243642666422
"Philadelphia__run","Philadelphia","run",4,2,0.112209104820105
"Philadelphia__run","Philadelphia","run",6,2,0.0977146176154515
"Philadelphia__run","Philadelphia","run",2,4,0.112209104820105
"Philadelphia__run","Philadelphia","run",4,4,0.180124292066925
"Philadelphia__run","Philadelphia","run",6,4,0.159451628432585
"Philadelphia__run","Philadelphia","run",2,6,0.0977146176154515
"Philadelphia__run","Philadelphia","run",4,6,0.159451628432585
"Philadelphia__run","Philadelphia","run",6,6,0.149233429586735
"Phoenix__run","Phoenix","run",2,2,0.00663089829153659
"Phoenix__run","Phoenix","run",4,2,0.0109071199596636
"Phoenix__run","Phoenix","run",6,2,0.0107521399419629
"Phoenix__run","Phoenix","run",2,4,0.0109071199596636
"Phoenix__run","Phoenix","run",4,4,0.0181015165806273
"Phoenix__run","Phoenix","run",6,4,0.0183059145364727
"Phoenix__run","Phoenix","run",2,6,0.0107521399419629
"Phoenix__run","Phoenix","run",4,6,0.0183059145364727
"Phoenix__run","Phoenix","run",6,6,0.0198287158284884
"Raleigh__run","Raleigh","run",2,2,0.0216249931525857
"Raleigh__run","Raleigh","run",4,2,0.033451468038459
"Raleigh__run","Raleigh","run",6,2,0.0263584905986307
"Raleigh__run","Raleigh","run",2,4,0.033451468038459
"Raleigh__run","Raleigh","run",4,4,0.052751888433917
"Raleigh__run","Raleigh","run",6,4,0.0446724305833802
"Raleigh__run","Raleigh","run",2,6,0.0263584905986307
"Raleigh__run","Raleigh","run",4,6,0.0446724305833802
"Raleigh__run","Raleigh","run",6,6,0.0472375859272394
"Richmond__run","Richmond","run",2,2,0.0270458938710886
"Richmond__run","Richmond","run",4,2,0.0440944809335824
"Richmond__run","Richmond","run",6,2,0.0411484627365832
"Richmond__run","Richmond","run",2,4,0.0440944809335824
"Richmond__run","Richmond","run",4,4,0.0724399120932248
"Richmond__run","Richmond","run",6,4,0.0692872370188306
"Richmond__run","Richmond","run",2,6,0.0411484627365832
"Richmond__run","Richmond","run",4,6,0.0692872370188306
"Richmond__run","Richmond","run",6,6,0.0714066360639465
"Riverside__run","Riverside","run",2,2,2.81308532325578
"Riverside__run","Riverside","run",4,2,4.82854858715509
"Riverside__run","Riverside","run",6,2,5.24876878153198
"Riverside__run","Riverside","run",2,4,4.8285485871551
"Riverside__run","Riverside","run",4,4,8.29586295907854
"Riverside__run","Riverside","run",6,4,9.04070806119727
"Riverside__run","Riverside","run",2,6,5.24876878153198
"Riverside__run","Riverside","run",4,6,9.04070806119727
"Riverside__run","Riverside","run",6,6,9.91898854697729
"Sacramento__run","Sacramento","run",2,2,0.278098991923634
"Sacramento__run","Sacramento","run",4,2,0.536715358414093
"Sacramento__run","Sacramento","run",6,2,0.756366642611129
"Sacramento__run","Sacramento","run",2,4,0.536715358414093
"Sacramento__run","Sacramento","run",4,4,1.03585872323245
"Sacramento__run","Sacramento","run",6,4,1.45985796600097
"Sacramento__run","Sacramento","run",2,6,0.756366642611129
"Sacramento__run","Sacramento","run",4,6,1.45985796600097
"Sacramento__run","Sacramento","run",6,6,2.05759868466282
"San_Antonio__run","San_Antonio","run",2,2,0.00198722140734722
"San_Antonio__run","San_Antonio","run",4,2,0.00356805182124815
"San_Antonio__run","San_Antonio","run",6,2,0.00442585279255813
"San_Antonio__run","San_Antonio","run",2,4,0.00356805182124815
"San_Antonio__run","San_Antonio","run",4,4,0.00642904195554749
"San_Antonio__run","San_Antonio","run",6,4,0.00803148801690348
"San_Antonio__run","San_Antonio","run",2,6,0.00442585279255813
"San_Antonio__run","San_Antonio","run",4,6,0.00803148801690348
"San_Antonio__run","San_Antonio","run",6,6,0.0101756754254354
"San_Bernardino__run","San_Bernardino","run",2,2,2.26499896235977
"San_Bernardino__run","San_Bernardino","run",4,2,3.81587711677799
"San_Bernardino__run","San_Bernardino","run",6,2,3.93851445785371
"San_Bernardino__run","San_Bernardino","run",2,4,3.81587711677799
"San_Bernardino__run","San_Bernardino","run",4,4,6.47459811925565
"San_Bernardino__run","San_Bernardino","run",6,4,6.81900625110002
"San_Bernardino__run","San_Bernardino","run",2,6,3.93851445785371
"San_Bernardino__run","San_Bernardino","run",4,6,6.81900625110002
"San_Bernardino__run","San_Bernardino","run",6,6,7.58345287563949
"San_Jose__run","San_Jose","run",2,2,0.0528855909654814
"San_Jose__run","San_Jose","run",4,2,0.102121825508367
"San_Jose__run","San_Jose","run",6,2,0.144059379339296
"San_Jose__run","San_Jose","run",2,4,0.102121825508367
"San_Jose__run","San_Jose","run",4,4,0.197209137300996
"San_Jose__run","San_Jose","run",6,4,0.278227395955562
"San_Jose__run","San_Jose","run",2,6,0.144059379339296
"San_Jose__run","San_Jose","run",4,6,0.278227395955562
"San_Jose__run","San_Jose","run",6,6,0.392612693552415
"Scottsdale__run","Scottsdale","run",2,2,0.0302719990159933
"Scottsdale__run","Scottsdale","run",4,2,0.0506769605075613
"Scottsdale__run","Scottsdale","run",6,2,0.0520613813216187
"Scottsdale__run","Scottsdale","run",2,4,0.0506769605075613
"Scottsdale__run","Scottsdale","run",4,4,0.0853961377673625
"Scottsdale__run","Scottsdale","run",6,4,0.0893472847544327
"Scottsdale__run","Scottsdale","run",2,6,0.0520613813216187
"Scottsdale__run","Scottsdale","run",4,6,0.0893472847544327
"Scottsdale__run","Scottsdale","run",6,6,0.0981255441972163
"St_Louis__run","St_Louis","run",2,2,0.0116352694898017
"St_Louis__run","St_Louis","run",4,2,0.0197946801561714
"St_Louis__run","St_Louis","run",6,2,0.0210616685702713
"St_Louis__run","St_Louis","run",2,4,0.0197946801561714
"St_Louis__run","St_Louis","run",4,4,0.0339290461868724
"St_Louis__run","St_Louis","run",6,4,0.0368381612223392
"St_Louis__run","St_Louis","run",2,6,0.0210616685702713
"St_Louis__run","St_Louis","run",4,6,0.0368381612223392
"St_Louis__run","St_Louis","run",6,6,0.0421297915370447
"St_Petersburg__run","St_Petersburg","run",2,2,0.298727037122459
"St_Petersburg__run","St_Petersburg","run",4,2,0.152340133920419
"St_Petersburg__run","St_Petersburg","run",6,2,-0.257017796514454
"St_Petersburg__run","St_Petersburg","run",2,4,0.152340133920419
"St_Petersburg__run","St_Petersburg","run",4,4,0.837527059747632
"St_Petersburg__run","St_Petersburg","run",6,4,1.62569687037266
"St_Petersburg__run","St_Petersburg","run",2,6,-0.257017796514454
"St_Petersburg__run","St_Petersburg","run",4,6,1.62569687037266
"St_Petersburg__run","St_Petersburg","run",6,6,4.28587923100096
"Tallahassee__run","Tallahassee","run",2,2,0.290976036839257
"Tallahassee__run","Tallahassee","run",4,2,0.0468708183000443
"Tallahassee__run","Tallahassee","run",6,2,-0.439248250089062
"Tallahassee__run","Tallahassee","run",2,4,0.0468708183000443
"Tallahassee__run","Tallahassee","run",4,4,0.156495986463344
"Tallahassee__run","Tallahassee","run",6,4,0.198625918145396
"Tallahassee__run","Tallahassee","run",2,6,-0.439248250089062
"Tallahassee__run","Tallahassee","run",4,6,0.198625918145396
"Tallahassee__run","Tallahassee","run",6,6,1.17556444056508
"Tampa__run","Tampa","run",2,2,0.166208817479845
"Tampa__run","Tampa","run",4,2,0.177753058082995
"Tampa__run","Tampa","run",6,2,-0.00763023986741173
"Tampa__run","Tampa","run",2,4,0.177753058082995
"Tampa__run","Tampa","run",4,4,0.222673579966077
"Tampa__run","Tampa","run",6,4,0.0911053265857492
"Tampa__run","Tampa","run",2,6,-0.00763023986741175
"Tampa__run","Tampa","run",4,6,0.0911053265857492
"Tampa__run","Tampa","run",6,6,0.303190405240169
"Tucson__run","Tucson","run",2,2,0.0047952303850788
"Tucson__run","Tucson","run",4,2,0.00852614199942955
"Tucson__run","Tucson","run",6,2,0.0102296758945425
"Tucson__run","Tucson","run",2,4,0.00852614199942955
"Tucson__run","Tucson","run",4,4,0.0151909152149964
"Tucson__run","Tucson","run",6,4,0.0183096368947347
"Tucson__run","Tucson","run",2,6,0.0102296758945425
"Tucson__run","Tucson","run",4,6,0.0183096368947347
"Tucson__run","Tucson","run",6,6,0.0222931312858508
"Virginia_Beach__run","Virginia_Beach","run",2,2,0.0526890646081736
"Virginia_Beach__run","Virginia_Beach","run",4,2,0.0719102998133372
"Virginia_Beach__run","Virginia_Beach","run",6,2,0.038844283818775
"Virginia_Beach__run","Virginia_Beach","run",2,4,0.0719102998133372
"Virginia_Beach__run","Virginia_Beach","run",4,4,0.102453012099111
"Virginia_Beach__run","Virginia_Beach","run",6,4,0.0675356428169919
"Virginia_Beach__run","Virginia_Beach","run",2,6,0.038844283818775
"Virginia_Beach__run","Virginia_Beach","run",4,6,0.0675356428169919
"Virginia_Beach__run","Virginia_Beach","run",6,6,0.0776911725793089
"Visalia__run","Visalia","run",2,2,0.0208527963429157
"Visalia__run","Visalia","run",4,2,0.040116031086577
"Visalia__run","Visalia","run",6,2,0.0562001551217751
"Visalia__run","Visalia","run",2,4,0.040116031086577
"Visalia__run","Visalia","run",4,4,0.077197057966563
"Visalia__run","Visalia","run",6,4,0.10820806644133
"Visalia__run","Visalia","run",2,6,0.0562001551217751
"Visalia__run","Visalia","run",4,6,0.10820806644133
"Visalia__run","Visalia","run",6,6,0.151831492654453
"Washington__run","Washington","run",2,2,0.0403252778156893
"Washington__run","Washington","run",4,2,0.0635003820358518
"Washington__run","Washington","run",6,2,0.0523751496319151
"Washington__run","Washington","run",2,4,0.0635003820358518
"Washington__run","Washington","run",4,4,0.10032748363053
"Washington__run","Washington","run",6,4,0.0838080158892904
"Washington__run","Washington","run",2,6,0.0523751496319151
"Washington__run","Washington","run",4,6,0.0838080158892904
"Washington__run","Washington","run",6,6,0.0733563175109724
"Abilene__walk","Abilene","walk",2,2,0.374859953450651
"Abilene__walk","Abilene","walk",4,2,0.688937537836945
"Abilene__walk","Abilene","walk",6,2,0.881450571283325
"Abilene__walk","Abilene","walk",2,4,0.688937537836945
"Abilene__walk","Abilene","walk",4,4,1.26851834060949
"Abilene__walk","Abilene","walk",6,4,1.62938552350224
"Abilene__walk","Abilene","walk",2,6,0.881450571283325
"Abilene__walk","Abilene","walk",4,6,1.62938552350224
"Abilene__walk","Abilene","walk",6,6,2.11028927503013
"Amarillo__walk","Amarillo","walk",2,2,2.4663789647469
"Amarillo__walk","Amarillo","walk",4,2,3.90438038093404
"Amarillo__walk","Amarillo","walk",6,2,3.28562736646586
"Amarillo__walk","Amarillo","walk",2,4,3.90438038093404
"Amarillo__walk","Amarillo","walk",4,4,6.21382018063475
"Amarillo__walk","Amarillo","walk",6,4,5.33337828474528
"Amarillo__walk","Amarillo","walk",2,6,3.28562736646586
"Amarillo__walk","Amarillo","walk",4,6,5.33337828474528
"Amarillo__walk","Amarillo","walk",6,6,4.90537643998686
"Arlington__walk","Arlington","walk",2,2,0.0117694546751158
"Arlington__walk","Arlington","walk",4,2,0.0228930778356342
"Arlington__walk","Arlington","walk",6,2,0.0327250453362269
"Arlington__walk","Arlington","walk",2,4,0.0228930778356342
"Arlington__walk","Arlington","walk",4,4,0.0445368104944855
"Arlington__walk","Arlington","walk",6,4,0.0636818469043558
"Arlington__walk","Arlington","walk",2,6,0.0327250453362269
"Arlington__walk","Arlington","walk",4,6,0.0636818469043558
"Arlington__walk","Arlington","walk",6,6,0.0911021624101423
"Atlanta__walk","Atlanta","walk",2,2,1252.37964995542
"Atlanta__walk","Atlanta","walk",4,2,1978.98738545745
"Atlanta__walk","Atlanta","walk",6,2,1693.91235314855
"Atlanta__walk","Atlanta","walk",2,4,1978.98738545745
"Atlanta__walk","Atlanta","walk",4,4,3152.87780455803
"Atlanta__walk","Atlanta","walk",6,4,2778.06281703781
"Atlanta__walk","Atlanta","walk",2,6,1693.91235314855
"Atlanta__walk","Atlanta","walk",4,6,2778.06281703781
"Atlanta__walk","Atlanta","walk",6,6,2691.55855215779
"Austin__walk","Austin","walk",2,2,0.000680462141644848
"Austin__walk","Austin","walk",4,2,0.00131938977255084
"Austin__walk","Austin","walk",6,2,0.00187524888197912
"Austin__walk","Austin","walk",2,4,0.00131938977255084
"Austin__walk","Austin","walk",4,4,0.0025585545054932
"Austin__walk","Austin","walk",6,4,0.00363726875921858
"Austin__walk","Austin","walk",2,6,0.00187524888197912
"Austin__walk","Austin","walk",4,6,0.00363726875921858
"Austin__walk","Austin","walk",6,6,0.00517283072697874
"Bakersfield__walk","Bakersfield","walk",2,2,0.046776496249626
"Bakersfield__walk","Bakersfield","walk",4,2,0.0846537485705908
"Bakersfield__walk","Bakersfield","walk",6,2,0.104732535012973
"Bakersfield__walk","Bakersfield","walk",2,4,0.0846537485705908
"Bakersfield__walk","Bakersfield","walk",4,4,0.153609118022757
"Bakersfield__walk","Bakersfield","walk",6,4,0.19116771165509
"Bakersfield__walk","Bakersfield","walk",2,6,0.104732535012973
"Bakersfield__walk","Bakersfield","walk",4,6,0.19116771165509
"Bakersfield__walk","Bakersfield","walk",6,6,0.241008175951251
"Baltimore__walk","Baltimore","walk",2,2,0.0699284390615927
"Baltimore__walk","Baltimore","walk",4,2,0.114308820337815
"Baltimore__walk","Baltimore","walk",6,2,0.107593108397289
"Baltimore__walk","Baltimore","walk",2,4,0.114308820337815
"Baltimore__walk","Baltimore","walk",4,4,0.189228340878506
"Baltimore__walk","Baltimore","walk",6,4,0.185369243941766
"Baltimore__walk","Baltimore","walk",2,6,0.107593108397289
"Baltimore__walk","Baltimore","walk",4,6,0.185369243941766
"Baltimore__walk","Baltimore","walk",6,6,0.203511438251424
"Boston__walk","Boston","walk",2,2,208.459338316532
"Boston__walk","Boston","walk",4,2,369.427123648715
"Boston__walk","Boston","walk",6,2,435.411891670692
"Boston__walk","Boston","walk",2,4,369.427123648715
"Boston__walk","Boston","walk",4,4,654.737976556723
"Boston__walk","Boston","walk",6,4,771.816217056519
"Boston__walk","Boston","walk",2,6,435.411891670692
"Boston__walk","Boston","walk",4,6,771.81621705652
"Boston__walk","Boston","walk",6,6,910.205427604311
"Cape_Coral__walk","Cape_Coral","walk",2,2,3.27127185773285
"Cape_Coral__walk","Cape_Coral","walk",4,2,2.45764949733111
"Cape_Coral__walk","Cape_Coral","walk",6,2,-1.34407329806615
"Cape_Coral__walk","Cape_Coral","walk",2,4,2.45764949733111
"Cape_Coral__walk","Cape_Coral","walk",4,4,2.43250103108258
"Cape_Coral__walk","Cape_Coral","walk",6,4,0.320017300332087
"Cape_Coral__walk","Cape_Coral","walk",2,6,-1.34407329806615
"Cape_Coral__walk","Cape_Coral","walk",4,6,0.320017300332087
"Cape_Coral__walk","Cape_Coral","walk",6,6,3.60196072105651
"Chandler__walk","Chandler","walk",2,2,0.101884556491464
"Chandler__walk","Chandler","walk",4,2,0.17100595588167
"Chandler__walk","Chandler","walk",6,2,0.176348031326009
"Chandler__walk","Chandler","walk",2,4,0.17100595588167
"Chandler__walk","Chandler","walk",4,4,0.288727302872963
"Chandler__walk","Chandler","walk",6,4,0.302690274398486
"Chandler__walk","Chandler","walk",2,6,0.176348031326009
"Chandler__walk","Chandler","walk",4,6,0.302690274398486
"Chandler__walk","Chandler","walk",6,6,0.331568415390189
"Charleston__walk","Charleston","walk",2,2,0.751232740185088
"Charleston__walk","Charleston","walk",4,2,-0.148538603441637
"Charleston__walk","Charleston","walk",6,2,0.281951187508668
"Charleston__walk","Charleston","walk",2,4,-0.148538603441637
"Charleston__walk","Charleston","walk",4,4,0.715866829042507
"Charleston__walk","Charleston","walk",6,4,-2.36264702895005
"Charleston__walk","Charleston","walk",2,6,0.281951187508668
"Charleston__walk","Charleston","walk",4,6,-2.36264702895005
"Charleston__walk","Charleston","walk",6,6,30.785348168958
"Charlotte__walk","Charlotte","walk",2,2,0.49408621155729
"Charlotte__walk","Charlotte","walk",4,2,0.533630832553967
"Charlotte__walk","Charlotte","walk",6,2,-0.33475610861803
"Charlotte__walk","Charlotte","walk",2,4,0.533630832553967
"Charlotte__walk","Charlotte","walk",4,4,0.656540316237684
"Charlotte__walk","Charlotte","walk",6,4,-0.0411716178303219
"Charlotte__walk","Charlotte","walk",2,6,-0.33475610861803
"Charlotte__walk","Charlotte","walk",4,6,-0.0411716178303219
"Charlotte__walk","Charlotte","walk",6,6,1.50662669965579
"Chicago__walk","Chicago","walk",2,2,171.916073434252
"Chicago__walk","Chicago","walk",4,2,296.299012017414
"Chicago__walk","Chicago","walk",6,2,325.615752988933
"Chicago__walk","Chicago","walk",2,4,296.299012017414
"Chicago__walk","Chicago","walk",4,4,522.556141673062
"Chicago__walk","Chicago","walk",6,4,608.72944893317
"Chicago__walk","Chicago","walk",2,6,325.615752988933
"Chicago__walk","Chicago","walk",4,6,608.72944893317
"Chicago__walk","Chicago","walk",6,6,806.8390452065
"Cincinnati__walk","Cincinnati","walk",2,2,589880800.920045
"Cincinnati__walk","Cincinnati","walk",4,2,1083315102.69661
"Cincinnati__walk","Cincinnati","walk",6,2,1383856698.74543
"Cincinnati__walk","Cincinnati","walk",2,4,1083315102.69661
"Cincinnati__walk","Cincinnati","walk",4,4,1991486739.29501
"Cincinnati__walk","Cincinnati","walk",6,4,2549371209.64963
"Cincinnati__walk","Cincinnati","walk",2,6,1383856698.74543
"Cincinnati__walk","Cincinnati","walk",4,6,2549371209.64963
"Cincinnati__walk","Cincinnati","walk",6,6,3278201403.38319
"Clearwater__walk","Clearwater","walk",2,2,17.7143021932752
"Clearwater__walk","Clearwater","walk",4,2,-143.265300188148
"Clearwater__walk","Clearwater","walk",6,2,-1770.41873806485
"Clearwater__walk","Clearwater","walk",2,4,-143.265300188148
"Clearwater__walk","Clearwater","walk",4,4,3976.24345563086
"Clearwater__walk","Clearwater","walk",6,4,36852.9734508781
"Clearwater__walk","Clearwater","walk",2,6,-1770.41873806485
"Clearwater__walk","Clearwater","walk",4,6,36852.9734508781
"Clearwater__walk","Clearwater","walk",6,6,369398.157500533
"Cleveland__walk","Cleveland","walk",2,2,2909936460.61941
"Cleveland__walk","Cleveland","walk",4,2,4783338597.50667
"Cleveland__walk","Cleveland","walk",6,2,4583673012.62772
"Cleveland__walk","Cleveland","walk",2,4,4783338597.50667
"Cleveland__walk","Cleveland","walk",4,4,7912939277.16384
"Cleveland__walk","Cleveland","walk",6,4,7735063380.56353
"Cleveland__walk","Cleveland","walk",2,6,4583673012.62772
"Cleveland__walk","Cleveland","walk",4,6,7735063380.56353
"Cleveland__walk","Cleveland","walk",6,6,8021888644.25511
"Columbia__walk","Columbia","walk",2,2,0.211392315945623
"Columbia__walk","Columbia","walk",4,2,0.283651069852546
"Columbia__walk","Columbia","walk",6,2,0.0839788899692379
"Columbia__walk","Columbia","walk",2,4,0.283651069852546
"Columbia__walk","Columbia","walk",4,4,0.441476355639548
"Columbia__walk","Columbia","walk",6,4,0.352290113312617
"Columbia__walk","Columbia","walk",2,6,0.0839788899692379
"Columbia__walk","Columbia","walk",4,6,0.352290113312617
"Columbia__walk","Columbia","walk",6,6,0.976622284092258
"Columbus__walk","Columbus","walk",2,2,214.595970372723
"Columbus__walk","Columbus","walk",4,2,182.755902234757
"Columbus__walk","Columbus","walk",6,2,-341.956187715668
"Columbus__walk","Columbus","walk",2,4,182.755902234757
"Columbus__walk","Columbus","walk",4,4,175.904911118929
"Columbus__walk","Columbus","walk",6,4,-210.159909287944
"Columbus__walk","Columbus","walk",2,6,-341.956187715668
"Columbus__walk","Columbus","walk",4,6,-210.159909287944
"Columbus__walk","Columbus","walk",6,6,869.141313851974
"Corpus_Christi__walk","Corpus_Christi","walk",2,2,428739873.679541
"Corpus_Christi__walk","Corpus_Christi","walk",4,2,524913898.912482
"Corpus_Christi__walk","Corpus_Christi","walk",6,2,328919760.279484
"Corpus_Christi__walk","Corpus_Christi","walk",2,4,524913898.912482
"Corpus_Christi__walk","Corpus_Christi","walk",4,4,688023227.336797
"Corpus_Christi__walk","Corpus_Christi","walk",6,4,520432953.025254
"Corpus_Christi__walk","Corpus_Christi","walk",2,6,328919760.279484
"Corpus_Christi__walk","Corpus_Christi","walk",4,6,520432953.025254
"Corpus_Christi__walk","Corpus_Christi","walk",6,6,558708571.086484
"Dallas__walk","Dallas","walk",2,2,0.00139429317451035
"Dallas__walk","Dallas","walk",4,2,0.00273081816044403
"Dallas__walk","Dallas","walk",6,2,0.00395180766666711
"Dallas__walk","Dallas","walk",2,4,0.00273081816044403
"Dallas__walk","Dallas","walk",4,4,0.00534889871115705
"Dallas__walk","Dallas","walk",6,4,0.0077415033244549
"Dallas__walk","Dallas","walk",2,6,0.00395180766666711
"Dallas__walk","Dallas","walk",4,6,0.0077415033244549
"Dallas__walk","Dallas","walk",6,6,0.0112069751439736
"Detroit__walk","Detroit","walk",2,2,802.322197624196
"Detroit__walk","Detroit","walk",4,2,1013.88181958803
"Detroit__walk","Detroit","walk",6,2,43.916395492564
"Detroit__walk","Detroit","walk",2,4,1013.88181958803
"Detroit__walk","Detroit","walk",4,4,1294.90066359327
"Detroit__walk","Detroit","walk",6,4,110.19347307368
"Detroit__walk","Detroit","walk",2,6,43.916395492564
"Detroit__walk","Detroit","walk",4,6,110.19347307368
"Detroit__walk","Detroit","walk",6,6,221.191936614825
"Fort_Worth__walk","Fort_Worth","walk",2,2,0.00531043967216868
"Fort_Worth__walk","Fort_Worth","walk",4,2,0.0102944716371853
"Fort_Worth__walk","Fort_Worth","walk",6,2,0.0146256914677505
"Fort_Worth__walk","Fort_Worth","walk",2,4,0.0102944716371853
"Fort_Worth__walk","Fort_Worth","walk",4,4,0.0199598131178184
"Fort_Worth__walk","Fort_Worth","walk",6,4,0.0283668916614649
"Fort_Worth__walk","Fort_Worth","walk",2,6,0.0146256914677505
"Fort_Worth__walk","Fort_Worth","walk",4,6,0.0283668916614649
"Fort_Worth__walk","Fort_Worth","walk",6,6,0.0403391099630774
"Fresno__walk","Fresno","walk",2,2,0.0160105062399441
"Fresno__walk","Fresno","walk",4,2,0.0307500068879433
"Fresno__walk","Fresno","walk",6,2,0.0429475058811529
"Fresno__walk","Fresno","walk",2,4,0.0307500068879433
"Fresno__walk","Fresno","walk",4,4,0.0590817527226973
"Fresno__walk","Fresno","walk",6,4,0.0825769688277924
"Fresno__walk","Fresno","walk",2,6,0.0429475058811529
"Fresno__walk","Fresno","walk",4,6,0.0825769688277924
"Fresno__walk","Fresno","walk",6,6,0.115570347811225
"Gilbert__walk","Gilbert","walk",2,2,1.14463541921997
"Gilbert__walk","Gilbert","walk",4,2,1.64909323197981
"Gilbert__walk","Gilbert","walk",6,2,0.924733535375895
"Gilbert__walk","Gilbert","walk",2,4,1.64909323197981
"Gilbert__walk","Gilbert","walk",4,4,2.45152071064966
"Gilbert__walk","Gilbert","walk",6,4,1.62692755971155
"Gilbert__walk","Gilbert","walk",2,6,0.924733535375895
"Gilbert__walk","Gilbert","walk",4,6,1.62692755971155
"Gilbert__walk","Gilbert","walk",6,6,1.89490468771474
"Henderson__walk","Henderson","walk",2,2,0.0985968007994793
"Henderson__walk","Henderson","walk",4,2,0.180926214988752
"Henderson__walk","Henderson","walk",6,2,0.230720904659257
"Henderson__walk","Henderson","walk",2,4,0.180926214988752
"Henderson__walk","Henderson","walk",4,4,0.332279100564628
"Henderson__walk","Henderson","walk",6,4,0.424485288353432
"Henderson__walk","Henderson","walk",2,6,0.230720904659257
"Henderson__walk","Henderson","walk",4,6,0.424485288353432
"Henderson__walk","Henderson","walk",6,6,0.544336639857769
"Houston__walk","Houston","walk",2,2,0.00300021861578115
"Houston__walk","Houston","walk",4,2,0.00558555773039311
"Houston__walk","Houston","walk",6,2,0.00734455689697163
"Houston__walk","Houston","walk",2,4,0.00558555773039311
"Houston__walk","Houston","walk",4,4,0.0104110665745438
"Houston__walk","Houston","walk",6,4,0.0137227260361044
"Houston__walk","Houston","walk",2,6,0.00734455689697163
"Houston__walk","Houston","walk",4,6,0.0137227260361044
"Houston__walk","Houston","walk",6,6,0.018176036116382
"Indianapolis__walk","Indianapolis","walk",2,2,18.9204935582962
"Indianapolis__walk","Indianapolis","walk",4,2,25.7641666747622
"Indianapolis__walk","Indianapolis","walk",6,2,8.45420275843041
"Indianapolis__walk","Indianapolis","walk",2,4,25.7641666747622
"Indianapolis__walk","Indianapolis","walk",4,4,38.0420945790969
"Indianapolis__walk","Indianapolis","walk",6,4,23.3475417420867
"Indianapolis__walk","Indianapolis","walk",2,6,8.4542027584304
"Indianapolis__walk","Indianapolis","walk",4,6,23.3475417420867
"Indianapolis__walk","Indianapolis","walk",6,6,51.1191538368382
"Jacksonville__walk","Jacksonville","walk",2,2,0.174725247647212
"Jacksonville__walk","Jacksonville","walk",4,2,0.237449843138017
"Jacksonville__walk","Jacksonville","walk",6,2,0.160421431484536
"Jacksonville__walk","Jacksonville","walk",2,4,0.237449843138017
"Jacksonville__walk","Jacksonville","walk",4,4,0.38713501878022
"Jacksonville__walk","Jacksonville","walk",6,4,0.41604325571843
"Jacksonville__walk","Jacksonville","walk",2,6,0.160421431484536
"Jacksonville__walk","Jacksonville","walk",4,6,0.41604325571843
"Jacksonville__walk","Jacksonville","walk",6,6,0.755890063108458
"Kansas_City__walk","Kansas_City","walk",2,2,0.0157574607486163
"Kansas_City__walk","Kansas_City","walk",4,2,0.0266294312852416
"Kansas_City__walk","Kansas_City","walk",6,2,0.0277361242218644
"Kansas_City__walk","Kansas_City","walk",2,4,0.0266294312852416
"Kansas_City__walk","Kansas_City","walk",4,4,0.0454554433763923
"Kansas_City__walk","Kansas_City","walk",6,4,0.048683525886552
"Kansas_City__walk","Kansas_City","walk",2,6,0.0277361242218644
"Kansas_City__walk","Kansas_City","walk",4,6,0.048683525886552
"Kansas_City__walk","Kansas_City","walk",6,6,0.0560606548909373
"Las_Vegas__walk","Las_Vegas","walk",2,2,0.0621121708062558
"Las_Vegas__walk","Las_Vegas","walk",4,2,0.10724545237665
"Las_Vegas__walk","Las_Vegas","walk",6,2,0.118495876697885
"Las_Vegas__walk","Las_Vegas","walk",2,4,0.10724545237665
"Las_Vegas__walk","Las_Vegas","walk",4,4,0.186098315086933
"Las_Vegas__walk","Las_Vegas","walk",6,4,0.208289825057363
"Las_Vegas__walk","Las_Vegas","walk",2,6,0.118495876697885
"Las_Vegas__walk","Las_Vegas","walk",4,6,0.208289825057363
"Las_Vegas__walk","Las_Vegas","walk",6,6,0.240800943052844
"Los_Angeles__walk","Los_Angeles","walk",2,2,5.60129402413228
"Los_Angeles__walk","Los_Angeles","walk",4,2,9.65719762250665
"Los_Angeles__walk","Los_Angeles","walk",6,2,10.6223224972331
"Los_Angeles__walk","Los_Angeles","walk",2,4,9.65719762250665
"Los_Angeles__walk","Los_Angeles","walk",4,4,16.6640946902106
"Los_Angeles__walk","Los_Angeles","walk",6,4,18.3703889460163
"Los_Angeles__walk","Los_Angeles","walk",2,6,10.6223224972331
"Los_Angeles__walk","Los_Angeles","walk",4,6,18.3703889460163
"Los_Angeles__walk","Los_Angeles","walk",6,6,20.3699437234742
"Louisville__walk","Louisville","walk",2,2,35.1135152212209
"Louisville__walk","Louisville","walk",4,2,46.6031184260796
"Louisville__walk","Louisville","walk",6,2,10.8449027313993
"Louisville__walk","Louisville","walk",2,4,46.6031184260796
"Louisville__walk","Louisville","walk",4,4,62.7318851463605
"Louisville__walk","Louisville","walk",6,4,17.9119443531922
"Louisville__walk","Louisville","walk",2,6,10.8449027313993
"Louisville__walk","Louisville","walk",4,6,17.9119443531922
"Louisville__walk","Louisville","walk",6,6,17.4232647864919
"Lubbock__walk","Lubbock","walk",2,2,0.209779633014416
"Lubbock__walk","Lubbock","walk",4,2,0.385006403911372
"Lubbock__walk","Lubbock","walk",6,2,0.491127554640544
"Lubbock__walk","Lubbock","walk",2,4,0.385006403911372
"Lubbock__walk","Lubbock","walk",4,4,0.707785581330954
"Lubbock__walk","Lubbock","walk",6,4,0.906110222513247
"Lubbock__walk","Lubbock","walk",2,6,0.491127554640544
"Lubbock__walk","Lubbock","walk",4,6,0.906110222513247
"Lubbock__walk","Lubbock","walk",6,6,1.1688031376637
"Mesa__walk","Mesa","walk",2,2,0.122746707366964
"Mesa__walk","Mesa","walk",4,2,0.203736016991834
"Mesa__walk","Mesa","walk",6,2,0.203472526515125
"Mesa__walk","Mesa","walk",2,4,0.203736016991834
"Mesa__walk","Mesa","walk",4,4,0.341144522444692
"Mesa__walk","Mesa","walk",6,4,0.349462434022731
"Mesa__walk","Mesa","walk",2,6,0.203472526515125
"Mesa__walk","Mesa","walk",4,6,0.349462434022731
"Mesa__walk","Mesa","walk",6,6,0.383488975135768
"Miami__walk","Miami","walk",2,2,210.301779518062
"Miami__walk","Miami","walk",4,2,-432.853231110916
"Miami__walk","Miami","walk",6,2,9.37267703157841
"Miami__walk","Miami","walk",2,4,-432.853231110916
"Miami__walk","Miami","walk",4,4,8251.16837519942
"Miami__walk","Miami","walk",6,4,55460.2626972051
"Miami__walk","Miami","walk",2,6,9.37267703157842
"Miami__walk","Miami","walk",4,6,55460.2626972051
"Miami__walk","Miami","walk",6,6,445632.868745844
"Milwaukee__walk","Milwaukee","walk",2,2,636187.308138976
"Milwaukee__walk","Milwaukee","walk",4,2,827941.216691762
"Milwaukee__walk","Milwaukee","walk",6,2,130828.440341434
"Milwaukee__walk","Milwaukee","walk",2,4,827941.216691762
"Milwaukee__walk","Milwaukee","walk",4,4,1180122.56699772
"Milwaukee__walk","Milwaukee","walk",6,4,580784.093116664
"Milwaukee__walk","Milwaukee","walk",2,6,130828.440341434
"Milwaukee__walk","Milwaukee","walk",4,6,580784.093116664
"Milwaukee__walk","Milwaukee","walk",6,6,1668994.19361334
"Minneapolis__walk","Minneapolis","walk",2,2,836.917082411132
"Minneapolis__walk","Minneapolis","walk",4,2,1432.9813822894
"Minneapolis__walk","Minneapolis","walk",6,2,1547.34042485784
"Minneapolis__walk","Minneapolis","walk",2,4,1432.9813822894
"Minneapolis__walk","Minneapolis","walk",4,4,2453.90962449164
"Minneapolis__walk","Minneapolis","walk",6,4,2650.73134031479
"Minneapolis__walk","Minneapolis","walk",2,6,1547.34042485784
"Minneapolis__walk","Minneapolis","walk",4,6,2650.73134031479
"Minneapolis__walk","Minneapolis","walk",6,6,2866.22329852108
"Miramar__walk","Miramar","walk",2,2,2.70278478091681
"Miramar__walk","Miramar","walk",4,2,0.390956624365069
"Miramar__walk","Miramar","walk",6,2,-23.954185402138
"Miramar__walk","Miramar","walk",2,4,0.390956624365069
"Miramar__walk","Miramar","walk",4,4,92.3261163120676
"Miramar__walk","Miramar","walk",6,4,405.914381619662
"Miramar__walk","Miramar","walk",2,6,-23.954185402138
"Miramar__walk","Miramar","walk",4,6,405.914381619662
"Miramar__walk","Miramar","walk",6,6,4934.65109446059
"Nashville__walk","Nashville","walk",2,2,0.224161442694534
"Nashville__walk","Nashville","walk",4,2,0.304867449037957
"Nashville__walk","Nashville","walk",6,2,0.104534825621977
"Nashville__walk","Nashville","walk",2,4,0.304867449037957
"Nashville__walk","Nashville","walk",4,4,0.431304755891603
"Nashville__walk","Nashville","walk",6,4,0.207558500794537
"Nashville__walk","Nashville","walk",2,6,0.104534825621977
"Nashville__walk","Nashville","walk",4,6,0.207558500794537
"Nashville__walk","Nashville","walk",6,6,0.305170890595201
"New_York__walk","New_York","walk",2,2,0.0276562942836975
"New_York__walk","New_York","walk",4,2,0.0485229489504927
"New_York__walk","New_York","walk",6,2,0.0558103359543215
"New_York__walk","New_York","walk",2,4,0.0485229489504927
"New_York__walk","New_York","walk",4,4,0.0856344514361834
"New_York__walk","New_York","walk",6,4,0.0999230517355999
"New_York__walk","New_York","walk",2,6,0.0558103359543215
"New_York__walk","New_York","walk",4,6,0.0999230517355999
"New_York__walk","New_York","walk",6,6,0.12064052948496
"Newark__walk","Newark","walk",2,2,8.77563947602434
"Newark__walk","Newark","walk",4,2,13.1447584928465
"Newark__walk","Newark","walk",6,2,8.70083848271416
"Newark__walk","Newark","walk",2,4,13.1447584928465
"Newark__walk","Newark","walk",4,4,19.7907628753872
"Newark__walk","Newark","walk",6,4,13.4392575241578
"Newark__walk","Newark","walk",2,6,8.70083848271416
"Newark__walk","Newark","walk",4,6,13.4392575241578
"Newark__walk","Newark","walk",6,6,10.2528380613518
"Oklahoma_City__walk","Oklahoma_City","walk",2,2,0.00710209595797911
"Oklahoma_City__walk","Oklahoma_City","walk",4,2,0.013713401655405
"Oklahoma_City__walk","Oklahoma_City","walk",6,2,0.0193431311536646
"Oklahoma_City__walk","Oklahoma_City","walk",2,4,0.013713401655405
"Oklahoma_City__walk","Oklahoma_City","walk",4,4,0.0264920764087211
"Oklahoma_City__walk","Oklahoma_City","walk",6,4,0.037401293900271
"Oklahoma_City__walk","Oklahoma_City","walk",2,6,0.0193431311536646
"Oklahoma_City__walk","Oklahoma_City","walk",4,6,0.037401293900271
"Oklahoma_City__walk","Oklahoma_City","walk",6,6,0.0528895206971133
"Orlando__walk","Orlando","walk",2,2,0.742869678689876
"Orlando__walk","Orlando","walk",4,2,0.96003308617565
"Orlando__walk","Orlando","walk",6,2,0.473269233230018
"Orlando__walk","Orlando","walk",2,4,0.96003308617565
"Orlando__walk","Orlando","walk",4,4,1.32173235892203
"Orlando__walk","Orlando","walk",6,4,0.86096700209518
"Orlando__walk","Orlando","walk",2,6,0.473269233230018
"Orlando__walk","Orlando","walk",4,6,0.86096700209518
"Orlando__walk","Orlando","walk",6,6,1.06928062017765
"Overland_Park__walk","Overland_Park","walk",2,2,0.0168093370488658
"Overland_Park__walk","Overland_Park","walk",4,2,0.0304399789355707
"Overland_Park__walk","Overland_Park","walk",6,2,0.0377150039450598
"Overland_Park__walk","Overland_Park","walk",2,4,0.0304399789355707
"Overland_Park__walk","Overland_Park","walk",4,4,0.0553427006058547
"Overland_Park__walk","Overland_Park","walk",6,4,0.0691739243684014
"Overland_Park__walk","Overland_Park","walk",2,6,0.0377150039450598
"Overland_Park__walk","Overland_Park","walk",4,6,0.0691739243684014
"Overland_Park__walk","Overland_Park","walk",6,6,0.0881239442364053
"Palm_Bay__walk","Palm_Bay","walk",2,2,52.9245212222086
"Palm_Bay__walk","Palm_Bay","walk",4,2,-397.179307531412
"Palm_Bay__walk","Palm_Bay","walk",6,2,-4160.53037297247
"Palm_Bay__walk","Palm_Bay","walk",2,4,-397.179307531412
"Palm_Bay__walk","Palm_Bay","walk",4,4,22329.5614107509
"Palm_Bay__walk","Palm_Bay","walk",6,4,342348.734576253
"Palm_Bay__walk","Palm_Bay","walk",2,6,-4160.53037297247
"Palm_Bay__walk","Palm_Bay","walk",4,6,342348.734576253
"Palm_Bay__walk","Palm_Bay","walk",6,6,5409231.02117515
"Philadelphia__walk","Philadelphia","walk",2,2,0.593886600016818
"Philadelphia__walk","Philadelphia","walk",4,2,0.912396568270686
"Philadelphia__walk","Philadelphia","walk",6,2,0.68015341486625
"Philadelphia__walk","Philadelphia","walk",2,4,0.912396568270686
"Philadelphia__walk","Philadelphia","walk",4,4,1.40937668734141
"Philadelphia__walk","Philadelphia","walk",6,4,1.07552379451802
"Philadelphia__walk","Philadelphia","walk",2,6,0.68015341486625
"Philadelphia__walk","Philadelphia","walk",4,6,1.07552379451802
"Philadelphia__walk","Philadelphia","walk",6,6,0.901328132114276
"Phoenix__walk","Phoenix","walk",2,2,0.024797597289161
"Phoenix__walk","Phoenix","walk",4,2,0.0405954920897323
"Phoenix__walk","Phoenix","walk",6,2,0.0394621787529206
"Phoenix__walk","Phoenix","walk",2,4,0.0405954920897323
"Phoenix__walk","Phoenix","walk",4,4,0.067022477650813
"Phoenix__walk","Phoenix","walk",6,4,0.0667832614067552
"Phoenix__walk","Phoenix","walk",2,6,0.0394621787529206
"Phoenix__walk","Phoenix","walk",4,6,0.0667832614067552
"Phoenix__walk","Phoenix","walk",6,6,0.0712212435684606
"Raleigh__walk","Raleigh","walk",2,2,0.110137343918486
"Raleigh__walk","Raleigh","walk",4,2,0.156651156441736
"Raleigh__walk","Raleigh","walk",6,2,0.0816149357945097
"Raleigh__walk","Raleigh","walk",2,4,0.156651156441736
"Raleigh__walk","Raleigh","walk",4,4,0.233035252944253
"Raleigh__walk","Raleigh","walk",6,4,0.15536370015512
"Raleigh__walk","Raleigh","walk",2,6,0.0816149357945097
"Raleigh__walk","Raleigh","walk",4,6,0.15536370015512
"Raleigh__walk","Raleigh","walk",6,6,0.211391632749861
"Richmond__walk","Richmond","walk",2,2,0.119246091465333
"Richmond__walk","Richmond","walk",4,2,0.192055363429134
"Richmond__walk","Richmond","walk",6,2,0.171991032493958
"Richmond__walk","Richmond","walk",2,4,0.192055363429134
"Richmond__walk","Richmond","walk",4,4,0.313836524336195
"Richmond__walk","Richmond","walk",6,4,0.295069251315843
"Richmond__walk","Richmond","walk",2,6,0.171991032493958
"Richmond__walk","Richmond","walk",4,6,0.295069251315843
"Richmond__walk","Richmond","walk",6,6,0.320321850014399
"Riverside__walk","Riverside","walk",2,2,21.8978737311939
"Riverside__walk","Riverside","walk",4,2,37.970932522957
"Riverside__walk","Riverside","walk",6,2,42.3943699670997
"Riverside__walk","Riverside","walk",2,4,37.970932522957
"Riverside__walk","Riverside","walk",4,4,65.9113593640564
"Riverside__walk","Riverside","walk",6,4,73.7907680164729
"Riverside__walk","Riverside","walk",2,6,42.3943699670997
"Riverside__walk","Riverside","walk",4,6,73.7907680164729
"Riverside__walk","Riverside","walk",6,6,83.191223936664
"Sacramento__walk","Sacramento","walk",2,2,1.46016003804223
"Sacramento__walk","Sacramento","walk",4,2,2.81743384615603
"Sacramento__walk","Sacramento","walk",6,2,3.96893607873532
"Sacramento__walk","Sacramento","walk",2,4,2.81743384615603
"Sacramento__walk","Sacramento","walk",4,4,5.4364765649615
"Sacramento__walk","Sacramento","walk",6,4,7.65873632160797
"Sacramento__walk","Sacramento","walk",2,6,3.96893607873532
"Sacramento__walk","Sacramento","walk",4,6,7.65873632160796
"Sacramento__walk","Sacramento","walk",6,6,10.7902650696197
"San_Antonio__walk","San_Antonio","walk",2,2,0.0108763084561297
"San_Antonio__walk","San_Antonio","walk",4,2,0.0195335877088602
"San_Antonio__walk","San_Antonio","walk",6,2,0.0242426086251837
"San_Antonio__walk","San_Antonio","walk",2,4,0.0195335877088602
"San_Antonio__walk","San_Antonio","walk",4,4,0.0352181243494429
"San_Antonio__walk","San_Antonio","walk",6,4,0.0440506470743594
"San_Antonio__walk","San_Antonio","walk",2,6,0.0242426086251837
"San_Antonio__walk","San_Antonio","walk",4,6,0.0440506470743594
"San_Antonio__walk","San_Antonio","walk",6,6,0.0559552663885481
"San_Bernardino__walk","San_Bernardino","walk",2,2,69.4981133687756
"San_Bernardino__walk","San_Bernardino","walk",4,2,104.673573816595
"San_Bernardino__walk","San_Bernardino","walk",6,2,71.2037438374143
"San_Bernardino__walk","San_Bernardino","walk",2,4,104.673573816595
"San_Bernardino__walk","San_Bernardino","walk",4,4,158.74076643936
"San_Bernardino__walk","San_Bernardino","walk",6,4,111.59518434254
"San_Bernardino__walk","San_Bernardino","walk",2,6,71.2037438374143
"San_Bernardino__walk","San_Bernardino","walk",4,6,111.59518434254
"San_Bernardino__walk","San_Bernardino","walk",6,6,90.3620212660652
"San_Jose__walk","San_Jose","walk",2,2,0.508642865244618
"San_Jose__walk","San_Jose","walk",4,2,0.980926574793386
"San_Jose__walk","San_Jose","walk",6,2,1.38049228038809
"San_Jose__walk","San_Jose","walk",2,4,0.980926574793386
"San_Jose__walk","San_Jose","walk",4,4,1.89185414486454
"San_Jose__walk","San_Jose","walk",6,4,2.66278345954114
"San_Jose__walk","San_Jose","walk",2,6,1.38049228038809
"San_Jose__walk","San_Jose","walk",4,6,2.66278345954114
"San_Jose__walk","San_Jose","walk",6,6,3.74867249771167
"Scottsdale__walk","Scottsdale","walk",2,2,0.186500407728832
"Scottsdale__walk","Scottsdale","walk",4,2,0.307919564048073
"Scottsdale__walk","Scottsdale","walk",6,2,0.303936917403871
"Scottsdale__walk","Scottsdale","walk",2,4,0.307919564048073
"Scottsdale__walk","Scottsdale","walk",4,4,0.512952842042535
"Scottsdale__walk","Scottsdale","walk",6,4,0.519685528268897
"Scottsdale__walk","Scottsdale","walk",2,6,0.303936917403871
"Scottsdale__walk","Scottsdale","walk",4,6,0.519685528268897
"Scottsdale__walk","Scottsdale","walk",6,6,0.565297072898317
"St_Louis__walk","St_Louis","walk",2,2,0.0329298503968915
"St_Louis__walk","St_Louis","walk",4,2,0.0562247120122554
"St_Louis__walk","St_Louis","walk",6,2,0.0604096945445327
"St_Louis__walk","St_Louis","walk",2,4,0.0562247120122554
"St_Louis__walk","St_Louis","walk",4,4,0.0967489464338546
"St_Louis__walk","St_Louis","walk",6,4,0.106131176027681
"St_Louis__walk","St_Louis","walk",2,6,0.0604096945445327
"St_Louis__walk","St_Louis","walk",4,6,0.106131176027681
"St_Louis__walk","St_Louis","walk",6,6,0.122712698190603
"St_Petersburg__walk","St_Petersburg","walk",2,2,0.694137695488776
"St_Petersburg__walk","St_Petersburg","walk",4,2,0.430513776392044
"St_Petersburg__walk","St_Petersburg","walk",6,2,-0.419927040059683
"St_Petersburg__walk","St_Petersburg","walk",2,4,0.430513776392044
"St_Petersburg__walk","St_Petersburg","walk",4,4,0.595039398932213
"St_Petersburg__walk","St_Petersburg","walk",6,4,0.499262946608046
"St_Petersburg__walk","St_Petersburg","walk",2,6,-0.419927040059683
"St_Petersburg__walk","St_Petersburg","walk",4,6,0.499262946608046
"St_Petersburg__walk","St_Petersburg","walk",6,6,2.02873957476496
"Tallahassee__walk","Tallahassee","walk",2,2,0.814628061171623
"Tallahassee__walk","Tallahassee","walk",4,2,0.173051890409448
"Tallahassee__walk","Tallahassee","walk",6,2,-1.15013725508139
"Tallahassee__walk","Tallahassee","walk",2,4,0.173051890409448
"Tallahassee__walk","Tallahassee","walk",4,4,0.552917070789668
"Tallahassee__walk","Tallahassee","walk",6,4,0.69060216661987
"Tallahassee__walk","Tallahassee","walk",2,6,-1.15013725508139
"Tallahassee__walk","Tallahassee","walk",4,6,0.69060216661987
"Tallahassee__walk","Tallahassee","walk",6,6,3.39796620042302
"Tampa__walk","Tampa","walk",2,2,0.871414339240846
"Tampa__walk","Tampa","walk",4,2,0.990504850294263
"Tampa__walk","Tampa","walk",6,2,0.13072644297569
"Tampa__walk","Tampa","walk",2,4,0.990504850294263
"Tampa__walk","Tampa","walk",4,4,1.30730210986657
"Tampa__walk","Tampa","walk",6,4,0.704481723311608
"Tampa__walk","Tampa","walk",2,6,0.13072644297569
"Tampa__walk","Tampa","walk",4,6,0.704481723311608
"Tampa__walk","Tampa","walk",6,6,1.72444441357586
"Tucson__walk","Tucson","walk",2,2,0.0218624472777251
"Tucson__walk","Tucson","walk",4,2,0.0386921728226462
"Tucson__walk","Tucson","walk",6,2,0.0459377497518527
"Tucson__walk","Tucson","walk",2,4,0.0386921728226462
"Tucson__walk","Tucson","walk",4,4,0.0686406982123689
"Tucson__walk","Tucson","walk",6,4,0.0819358892635
"Tucson__walk","Tucson","walk",2,6,0.0459377497518527
"Tucson__walk","Tucson","walk",4,6,0.0819358892635
"Tucson__walk","Tucson","walk",6,6,0.0989967937421563
"Virginia_Beach__walk","Virginia_Beach","walk",2,2,0.130629078058953
"Virginia_Beach__walk","Virginia_Beach","walk",4,2,0.179003610656147
"Virginia_Beach__walk","Virginia_Beach","walk",6,2,0.0967964195338078
"Virginia_Beach__walk","Virginia_Beach","walk",2,4,0.179003610656147
"Virginia_Beach__walk","Virginia_Beach","walk",4,4,0.25573853701509
"Virginia_Beach__walk","Virginia_Beach","walk",6,4,0.169171171475506
"Virginia_Beach__walk","Virginia_Beach","walk",2,6,0.0967964195338078
"Virginia_Beach__walk","Virginia_Beach","walk",4,6,0.169171171475506
"Virginia_Beach__walk","Virginia_Beach","walk",6,6,0.199584857981542
"Visalia__walk","Visalia","walk",2,2,0.150321065796071
"Visalia__walk","Visalia","walk",4,2,0.283329078812149
"Visalia__walk","Visalia","walk",6,2,0.381711069318242
"Visalia__walk","Visalia","walk",2,4,0.283329078812149
"Visalia__walk","Visalia","walk",4,4,0.534584616820974
"Visalia__walk","Visalia","walk",6,4,0.721693006783223
"Visalia__walk","Visalia","walk",2,6,0.381711069318242
"Visalia__walk","Visalia","walk",4,6,0.721693006783223
"Visalia__walk","Visalia","walk",6,6,0.97821669715176
"Washington__walk","Washington","walk",2,2,0.086003986171636
"Washington__walk","Washington","walk",4,2,0.139555847918365
"Washington__walk","Washington","walk",6,2,0.128203486442827
"Washington__walk","Washington","walk",2,4,0.139555847918365
"Washington__walk","Washington","walk",4,4,0.227355523748629
"Washington__walk","Washington","walk",6,4,0.211642834900648
"Washington__walk","Washington","walk",2,6,0.128203486442827
"Washington__walk","Washington","walk",4,6,0.211642834900648
"Washington__walk","Washington","walk",6,6,0.205553912513962
