scenario,city_standard,model_key,indicator,heatwave_type,activity_type,curve_scope,partition_family,partition_name,denominator_id,denominator_label,denominator_months,period,n_days,heatwave_days,pa_loss_fraction_percent_all_days,pa_loss_fraction_low_percent_all_days,pa_loss_fraction_high_percent_all_days,annualized_asri_percent,annualized_asri_low_percent,annualized_asri_high_percent,benefit_adjusted_asri_percent,benefit_adjusted_asri_low_percent,benefit_adjusted_asri_high_percent,exposure_clipped_share,lon,lat
ssp245,Abilene,cehwi_composite_all,cehwi,composite,all,national,national,National,annual_all_days_primary,All calendar-year days; non-heatwave days contribute zero,"1,2,3,4,5,6,7,8,9,10,11,12",2025-2050,85410.0,16211.0,0.805055861402983,0.022807391863461188,1.5736888736973036,0.8318794155824629,0.02283532938647584,1.6808477794811105,0.8318794155824629,-0.01708894831618372,1.6808477794811105,0.0,-99.72248665892138,32.43090707989828
ssp245,Abilene,cehwi_day_all,cehwi,day,all,national,national,National,annual_all_days_primary,All calendar-year days; non-heatwave days contribute zero,"1,2,3,4,5,6,7,8,9,10,11,12",2025-2050,85410.0,8659.0,0.058370223670579105,0.0,0.14683457861921706,0.05871296532029557,0.0,0.14898163572578324,0.05871296532029557,-0.03155570508519389,0.14898163572578324,0.0,-99.72248665892138,32.43090707989828
ssp245,Abilene,cehwi_night_all,cehwi,night,all,national,national,National,annual_all_days_primary,All calendar-year days; non-heatwave days contribute zero,"1,2,3,4,5,6,7,8,9,10,11,12",2025-2050,85410.0,9875.0,0.0,0.0,0.039699791270295125,0.0,0.0,0.03983593424564109,-0.03336805704229153,-0.10657204833022525,0.03983593424564109,0.0,-99.72248665892138,32.43090707989828
ssp245,Abilene,exceeded_quantity_composite_all,exceeded_quantity,composite,all,national,national,National,annual_all_days_primary,All calendar-year days; non-heatwave days contribute zero,"1,2,3,4,5,6,7,8,9,10,11,12",2025-2050,85410.0,16211.0,0.5907666008660717,0.0,1.3529373405918574,0.603331124012908,0.0,1.4192072822413302,0.603331124012908,-0.21254503421551355,1.4192072822413302,0.0,-99.72248665892138,32.43090707989828
ssp245,Abilene,exceeded_quantity_day_all,exceeded_quantity,day,all,national,national,National,annual_all_days_primary,All calendar-year days; non-heatwave days contribute zero,"1,2,3,4,5,6,7,8,9,10,11,12",2025-2050,85410.0,8659.0,0.1142003583835246,7.887229471178081e-06,0.27202127488406846,0.11525014849139303,7.896339384431096e-06,0.2778146769853946,0.11525014849139303,-0.04731438000260824,0.2778146769853946,0.0,-99.72248665892138,32.43090707989828
ssp245,Abilene,exceeded_quantity_night_all,exceeded_quantity,night,all,national,national,National,annual_all_days_primary,All calendar-year days; non-heatwave days contribute zero,"1,2,3,4,5,6,7,8,9,10,11,12",2025-2050,85410.0,9875.0,0.025770408389322815,0.0,0.1857880336965836,0.025825368934419536,0.0,0.18816946301166057,0.025825368934419536,-0.13651872514282157,0.18816946301166057,0.0,-99.72248665892138,32.43090707989828
ssp245,Amarillo,cehwi_composite_all,cehwi,composite,all,national,national,National,annual_all_days_primary,All calendar-year days; non-heatwave days contribute zero,"1,2,3,4,5,6,7,8,9,10,11,12",2025-2050,94900.0,11896.0,0.4455803574109938,0.013742324458738403,0.8577536874278966,0.45841071506370146,0.013756541805367988,0.906998835307119,0.45841071506370146,0.009822594820284313,0.906998835307119,0.0,-101.84151260135,35.1822476629671
ssp245,Amarillo,cehwi_day_all,cehwi,day,all,national,national,National,annual_all_days_primary,All calendar-year days; non-heatwave days contribute zero,"1,2,3,4,5,6,7,8,9,10,11,12",2025-2050,94900.0,15091.0,0.16443602618876937,0.0010200263002794387,0.3935848759171742,0.16648794871678718,0.0010244581957008967,0.40425110146594195,0.16648794871678718,-0.07127520403236977,0.40425110146594195,0.0,-101.84151260135,35.1822476629671
ssp245,Amarillo,cehwi_night_all,cehwi,night,all,national,national,National,annual_all_days_primary,All calendar-year days; non-heatwave days contribute zero,"1,2,3,4,5,6,7,8,9,10,11,12",2025-2050,94900.0,5052.0,0.0,0.0,0.014931534024233617,0.0,0.0,0.014969622786200494,-0.012646615246098242,-0.04026285327839752,0.014969622786200494,0.0,-101.84151260135,35.1822476629671
ssp245,Amarillo,exceeded_quantity_composite_all,exceeded_quantity,composite,all,national,national,National,annual_all_days_primary,All calendar-year days; non-heatwave days contribute zero,"1,2,3,4,5,6,7,8,9,10,11,12",2025-2050,94900.0,11896.0,0.42469892962726963,0.0,0.9684405779595879,0.4342380902348638,0.0,1.0181947415267147,0.4342380902348638,-0.14971856105698617,1.0181947415267147,0.0,-101.84151260135,35.1822476629671
ssp245,Amarillo,exceeded_quantity_day_all,exceeded_quantity,day,all,national,national,National,annual_all_days_primary,All calendar-year days; non-heatwave days contribute zero,"1,2,3,4,5,6,7,8,9,10,11,12",2025-2050,94900.0,15091.0,0.25669501923122007,0.005826412894088257,0.5782835923117822,0.26066798312173944,0.0059032329515988245,0.5962511235966368,0.26066798312173944,-0.07491515735315755,0.5962511235966368,0.0,-101.84151260135,35.1822476629671
ssp245,Amarillo,exceeded_quantity_night_all,exceeded_quantity,night,all,national,national,National,annual_all_days_primary,All calendar-year days; non-heatwave days contribute zero,"1,2,3,4,5,6,7,8,9,10,11,12",2025-2050,94900.0,5052.0,0.010385219963017046,0.0,0.07792942328046461,0.010402972196034092,0.0,0.07880173361426082,0.010402972196034092,-0.0579957892221927,0.07880173361426082,0.0,-101.84151260135,35.1822476629671
ssp245,Arlington,cehwi_composite_all,cehwi,composite,all,national,national,National,annual_all_days_primary,All calendar-year days; non-heatwave days contribute zero,"1,2,3,4,5,6,7,8,9,10,11,12",2025-2050,85410.0,15878.0,0.8573233853831577,0.023738199929053773,1.67147829310696,0.8874016459317944,0.023768474510591515,1.791323185000551,0.8874016459317944,-0.016519893136960853,1.791323185000551,0.0,-97.1173723349748,32.70008691094104
ssp245,Arlington,cehwi_day_all,cehwi,day,all,national,national,National,annual_all_days_primary,All calendar-year days; non-heatwave days contribute zero,"1,2,3,4,5,6,7,8,9,10,11,12",2025-2050,85410.0,7244.0,0.03860506678878935,0.0,0.0971880330964617,0.03881912837706427,0.0,0.09852450691381241,0.03881912837706427,-0.02088625015968541,0.09852450691381241,0.0,-97.1173723349748,32.70008691094104
ssp245,Arlington,cehwi_night_all,cehwi,night,all,national,national,National,annual_all_days_primary,All calendar-year days; non-heatwave days contribute zero,"1,2,3,4,5,6,7,8,9,10,11,12",2025-2050,85410.0,10276.0,0.0,0.0,0.04122883078123525,0.0,0.0,0.04136244349363884,-0.03476889082107279,-0.11090022513578553,0.04136244349363884,0.0,-97.1173723349748,32.70008691094104
ssp245,Arlington,exceeded_quantity_composite_all,exceeded_quantity,composite,all,national,national,National,annual_all_days_primary,All calendar-year days; non-heatwave days contribute zero,"1,2,3,4,5,6,7,8,9,10,11,12",2025-2050,85410.0,15878.0,0.6028645789895555,0.0,1.3729770314745484,0.6164636975045173,0.0,1.4438426945746305,0.6164636975045173,-0.21091529956559493,1.4438426945746305,0.0,-97.1173723349748,32.70008691094104
ssp245,Arlington,exceeded_quantity_day_all,exceeded_quantity,day,all,national,national,National,annual_all_days_primary,All calendar-year days; non-heatwave days contribute zero,"1,2,3,4,5,6,7,8,9,10,11,12",2025-2050,85410.0,7244.0,0.07183062725096853,0.0,0.17341506761565714,0.07236821534600557,0.0,0.1764787012977952,0.07236821534600557,-0.03174227060578372,0.1764787012977952,0.0,-97.1173723349748,32.70008691094104
ssp245,Arlington,exceeded_quantity_night_all,exceeded_quantity,night,all,national,national,National,annual_all_days_primary,All calendar-year days; non-heatwave days contribute zero,"1,2,3,4,5,6,7,8,9,10,11,12",2025-2050,85410.0,10276.0,0.0234194188776137,0.0,0.17541931645969133,0.02346013191722709,0.0,0.17739876908115562,0.02346013191722709,-0.1304785052467015,0.17739876908115562,0.0,-97.1173723349748,32.70008691094104
ssp245,Atlanta,cehwi_composite_all,cehwi,composite,all,national,national,National,annual_all_days_primary,All calendar-year days; non-heatwave days contribute zero,"1,2,3,4,5,6,7,8,9,10,11,12",2025-2050,113880.0,11110.0,0.2496017096256948,0.007956323550908192,0.48095578570241254,0.25538838457132346,0.00796339354334456,0.5029098261483737,0.25538838457132346,0.007866942994273667,0.5029098261483737,0.0,-84.41868766585188,33.78528111731029
ssp245,Atlanta,cehwi_day_all,cehwi,day,all,national,national,National,annual_all_days_primary,All calendar-year days; non-heatwave days contribute zero,"1,2,3,4,5,6,7,8,9,10,11,12",2025-2050,113880.0,19777.0,0.2420664566407003,0.00595354675964184,0.5547752522002332,0.24636821640245332,0.006009853186515407,0.5746381726065154,0.24636821640245332,-0.08190173980161071,0.5746381726065154,0.0,-84.41868766585188,33.78528111731029
ssp245,Atlanta,cehwi_night_all,cehwi,night,all,national,national,National,annual_all_days_primary,All calendar-year days; non-heatwave days contribute zero,"1,2,3,4,5,6,7,8,9,10,11,12",2025-2050,113880.0,8613.0,0.0,0.0,0.019545593745990013,0.0,0.0,0.019597031306166683,-0.016536483913415615,-0.05266999913299865,0.019597031306166683,0.0,-84.41868766585188,33.78528111731029
ssp245,Atlanta,exceeded_quantity_composite_all,exceeded_quantity,composite,all,national,national,National,annual_all_days_primary,All calendar-year days; non-heatwave days contribute zero,"1,2,3,4,5,6,7,8,9,10,11,12",2025-2050,113880.0,11110.0,0.2603817062542288,0.0,0.6067367660320194,0.2648900439548448,0.0,0.6312651402406454,0.2648900439548448,-0.10148505233095527,0.6312651402406454,0.0,-84.41868766585188,33.78528111731029
ssp245,Atlanta,exceeded_quantity_day_all,exceeded_quantity,day,all,national,national,National,annual_all_days_primary,All calendar-year days; non-heatwave days contribute zero,"1,2,3,4,5,6,7,8,9,10,11,12",2025-2050,113880.0,19777.0,0.281841653138678,0.0019847296500951107,0.6458089533705614,0.2856419499426475,0.002005235021901302,0.6645449270506237,0.2856419499426475,-0.09326102716532832,0.6645449270506237,0.0,-84.41868766585188,33.78528111731029
ssp245,Atlanta,exceeded_quantity_night_all,exceeded_quantity,night,all,national,national,National,annual_all_days_primary,All calendar-year days; non-heatwave days contribute zero,"1,2,3,4,5,6,7,8,9,10,11,12",2025-2050,113880.0,8613.0,0.012368776646945717,0.0,0.093742429841741,0.012389229535606306,0.0,0.09470447755783828,0.012389229535606306,-0.06992601848662572,0.09470447755783828,0.0,-84.41868766585188,33.78528111731029
ssp245,Aurora,cehwi_composite_all,cehwi,composite,all,national,national,National,annual_all_days_primary,All calendar-year days; non-heatwave days contribute zero,"1,2,3,4,5,6,7,8,9,10,11,12",2025-2050,132860.0,0.0,0.0,0.0,0.0,0.0,0.0,0.0,0.0,0.0,0.0,0.0,-104.76873712003088,39.6946779262805
ssp245,Aurora,cehwi_day_all,cehwi,day,all,national,national,National,annual_all_days_primary,All calendar-year days; non-heatwave days contribute zero,"1,2,3,4,5,6,7,8,9,10,11,12",2025-2050,132860.0,27135.0,0.542358624523883,0.027130368804278503,1.157462943999241,0.5561003776205465,0.027357389202807548,1.2145465905421584,0.5561003776205465,-0.10234583530106613,1.2145465905421584,0.0,-104.76873712003088,39.6946779262805
ssp245,Aurora,cehwi_night_all,cehwi,night,all,national,national,National,annual_all_days_primary,All calendar-year days; non-heatwave days contribute zero,"1,2,3,4,5,6,7,8,9,10,11,12",2025-2050,132860.0,0.0,0.0,0.0,0.0,0.0,0.0,0.0,0.0,0.0,0.0,0.0,-104.76873712003088,39.6946779262805
ssp245,Aurora,exceeded_quantity_composite_all,exceeded_quantity,composite,all,national,national,National,annual_all_days_primary,All calendar-year days; non-heatwave days contribute zero,"1,2,3,4,5,6,7,8,9,10,11,12",2025-2050,132860.0,0.0,0.0,0.0,0.0,0.0,0.0,0.0,0.0,0.0,0.0,0.0,-104.76873712003088,39.6946779262805
ssp245,Aurora,exceeded_quantity_day_all,exceeded_quantity,day,all,national,national,National,annual_all_days_primary,All calendar-year days; non-heatwave days contribute zero,"1,2,3,4,5,6,7,8,9,10,11,12",2025-2050,132860.0,27135.0,0.5024248379922056,0.026030329961209332,1.066758466561079,0.5133726922983277,0.026355627220402956,1.1108249982486018,0.5133726922983277,-0.08407961365194581,1.1108249982486018,0.0,-104.76873712003088,39.6946779262805
ssp245,Aurora,exceeded_quantity_night_all,exceeded_quantity,night,all,national,national,National,annual_all_days_primary,All calendar-year days; non-heatwave days contribute zero,"1,2,3,4,5,6,7,8,9,10,11,12",2025-2050,132860.0,0.0,0.0,0.0,0.0,0.0,0.0,0.0,0.0,0.0,0.0,0.0,-104.76873712003088,39.6946779262805
ssp245,Austin,cehwi_composite_all,cehwi,composite,all,national,national,National,annual_all_days_primary,All calendar-year days; non-heatwave days contribute zero,"1,2,3,4,5,6,7,8,9,10,11,12",2025-2050,227760.0,42661.0,0.7480414415992541,0.023638122988165214,1.440994319929391,0.772340627921587,0.023667025239823156,1.5349426462625817,0.772340627921587,0.009738609580593019,1.5349426462625817,0.0,-97.74744069397526,30.309038865548093
ssp245,Austin,cehwi_day_all,cehwi,day,all,national,national,National,annual_all_days_primary,All calendar-year days; non-heatwave days contribute zero,"1,2,3,4,5,6,7,8,9,10,11,12",2025-2050,227760.0,24444.0,0.061426174562223046,0.0,0.15363562085503818,0.06183623670755721,0.0,0.1561253088506843,0.06183623670755721,-0.032452835435571675,0.1561253088506843,0.0,-97.74744069397526,30.309038865548093
ssp245,Austin,cehwi_night_all,cehwi,night,all,national,national,National,annual_all_days_primary,All calendar-year days; non-heatwave days contribute zero,"1,2,3,4,5,6,7,8,9,10,11,12",2025-2050,227760.0,38522.0,0.0,0.0,0.06493088713080021,0.0,0.0,0.06516080410140082,-0.05460132521323396,-0.17436345452787022,0.06516080410140082,0.0,-97.74744069397526,30.309038865548093
ssp245,Austin,exceeded_quantity_composite_all,exceeded_quantity,composite,all,national,national,National,annual_all_days_primary,All calendar-year days; non-heatwave days contribute zero,"1,2,3,4,5,6,7,8,9,10,11,12",2025-2050,227760.0,42661.0,0.5059724779434177,0.0,1.1729544557283873,0.5153182443169165,0.0,1.2234269118032963,0.5153182443169165,-0.19279042316946227,1.2234269118032963,0.0,-97.74744069397526,30.309038865548093
ssp245,Austin,exceeded_quantity_day_all,exceeded_quantity,day,all,national,national,National,annual_all_days_primary,All calendar-year days; non-heatwave days contribute zero,"1,2,3,4,5,6,7,8,9,10,11,12",2025-2050,227760.0,24444.0,0.09967551226589054,4.548884570442571e-07,0.24141261348730156,0.1003930764262115,4.551242644224183e-07,0.24556416267522707,0.1003930764262115,-0.044778009822803694,0.24556416267522707,0.0,-97.74744069397526,30.309038865548093
ssp245,Austin,exceeded_quantity_night_all,exceeded_quantity,night,all,national,national,National,annual_all_days_primary,All calendar-year days; non-heatwave days contribute zero,"1,2,3,4,5,6,7,8,9,10,11,12",2025-2050,227760.0,38522.0,0.03370804136661013,0.0,0.25112235803785254,0.03376909317236214,0.0,0.25399190732517823,0.03376909317236214,-0.18645372098045418,0.25399190732517823,0.0,-97.74744069397526,30.309038865548093
ssp245,Bakersfield,cehwi_composite_all,cehwi,composite,all,national,national,National,annual_all_days_primary,All calendar-year days; non-heatwave days contribute zero,"1,2,3,4,5,6,7,8,9,10,11,12",2025-2050,132860.0,15273.0,0.3206774881856629,0.010166775581786813,0.6176230006036516,0.32838147292463044,0.010175805557369575,0.6469113284751288,0.32838147292463044,0.009851617374132435,0.6469113284751288,0.0,-119.03270052430015,35.36139476524356
ssp245,Bakersfield,cehwi_day_all,cehwi,day,all,national,national,National,annual_all_days_primary,All calendar-year days; non-heatwave days contribute zero,"1,2,3,4,5,6,7,8,9,10,11,12",2025-2050,132860.0,20799.0,0.1186284184182168,0.0,0.2953064577912195,0.11955837112643096,0.0,0.3009698707937468,0.11955837112643096,-0.0618531285408873,0.3009698707937468,0.0,-119.03270052430015,35.36139476524356
ssp245,Bakersfield,cehwi_night_all,cehwi,night,all,national,national,National,annual_all_days_primary,All calendar-year days; non-heatwave days contribute zero,"1,2,3,4,5,6,7,8,9,10,11,12",2025-2050,132860.0,8826.0,0.0,0.0,0.03847024087609544,0.0,0.0,0.03874168458975526,-0.030463350691803007,-0.09966838597336179,0.03874168458975526,0.0,-119.03270052430015,35.36139476524356
ssp245,Bakersfield,exceeded_quantity_composite_all,exceeded_quantity,composite,all,national,national,National,annual_all_days_primary,All calendar-year days; non-heatwave days contribute zero,"1,2,3,4,5,6,7,8,9,10,11,12",2025-2050,132860.0,15273.0,0.3295984735549774,0.0,0.762104700276153,0.3359275556643293,0.0,0.796032237318377,0.3359275556643293,-0.12417712598971804,0.796032237318377,0.0,-119.03270052430015,35.36139476524356
ssp245,Bakersfield,exceeded_quantity_day_all,exceeded_quantity,day,all,national,national,National,annual_all_days_primary,All calendar-year days; non-heatwave days contribute zero,"1,2,3,4,5,6,7,8,9,10,11,12",2025-2050,132860.0,20799.0,0.18795007572096092,0.00030435820751992617,0.44410601761752344,0.18984311314511482,0.0003063434966945196,0.4542218348789915,0.18984311314511482,-0.07453560858876127,0.4542218348789915,0.0,-119.03270052430015,35.36139476524356
ssp245,Bakersfield,exceeded_quantity_night_all,exceeded_quantity,night,all,national,national,National,annual_all_days_primary,All calendar-year days; non-heatwave days contribute zero,"1,2,3,4,5,6,7,8,9,10,11,12",2025-2050,132860.0,8826.0,0.02081669777186763,0.0,0.13472096346225118,0.02088909784268827,0.0,0.13695937010070106,0.02088909784268827,-0.09518117441532466,0.13695937010070106,0.0,-119.03270052430015,35.36139476524356
ssp245,Baltimore,cehwi_composite_all,cehwi,composite,all,national,national,National,annual_all_days_primary,All calendar-year days; non-heatwave days contribute zero,"1,2,3,4,5,6,7,8,9,10,11,12",2025-2050,75920.0,6164.0,0.2470967294605084,0.00775228131732666,0.47727645450360423,0.2532821413178004,0.0077594942309013515,0.5010805276269692,0.2532821413178004,0.005483755008631851,0.5010805276269692,0.0,-76.61681942327382,39.29956644320838
ssp245,Baltimore,cehwi_day_all,cehwi,day,all,national,national,National,annual_all_days_primary,All calendar-year days; non-heatwave days contribute zero,"1,2,3,4,5,6,7,8,9,10,11,12",2025-2050,75920.0,10167.0,0.1404893904959291,0.001900502076132063,0.3368054544308108,0.14226518945631159,0.0019179224832651667,0.345834511780634,0.14226518945631159,-0.06130413286801256,0.345834511780634,0.0,-76.61681942327382,39.29956644320838
ssp245,Baltimore,cehwi_night_all,cehwi,night,all,national,national,National,annual_all_days_primary,All calendar-year days; non-heatwave days contribute zero,"1,2,3,4,5,6,7,8,9,10,11,12",2025-2050,75920.0,3673.0,0.0,0.0,0.014127764009199873,0.0,0.0,0.014165221580140242,-0.011953264521917969,-0.038071750623976684,0.014165221580140242,0.0,-76.61681942327382,39.29956644320838
ssp245,Baltimore,exceeded_quantity_composite_all,exceeded_quantity,composite,all,national,national,National,annual_all_days_primary,All calendar-year days; non-heatwave days contribute zero,"1,2,3,4,5,6,7,8,9,10,11,12",2025-2050,75920.0,6164.0,0.27550244638211335,0.0,0.6286882190113522,0.28166180809235053,0.0,0.6608733167256093,0.28166180809235053,-0.0975497005409078,0.6608733167256093,0.0,-76.61681942327382,39.29956644320838
ssp245,Baltimore,exceeded_quantity_day_all,exceeded_quantity,day,all,national,national,National,annual_all_days_primary,All calendar-year days; non-heatwave days contribute zero,"1,2,3,4,5,6,7,8,9,10,11,12",2025-2050,75920.0,10167.0,0.23273862915780855,0.0041451543621665796,0.5247074260854828,0.23630293816617745,0.004193034128321222,0.5412414011745695,0.23630293816617745,-0.06863552484221422,0.5412414011745695,0.0,-76.61681942327382,39.29956644320838
ssp245,Baltimore,exceeded_quantity_night_all,exceeded_quantity,night,all,national,national,National,annual_all_days_primary,All calendar-year days; non-heatwave days contribute zero,"1,2,3,4,5,6,7,8,9,10,11,12",2025-2050,75920.0,3673.0,0.010496949262884483,0.0,0.07627615232320077,0.01051930554527215,0.0,0.07722262290255881,0.01051930554527215,-0.056184011812014545,0.07722262290255881,0.0,-76.61681942327382,39.29956644320838
ssp245,Boston,cehwi_composite_all,cehwi,composite,all,national,national,National,annual_all_days_primary,All calendar-year days; non-heatwave days contribute zero,"1,2,3,4,5,6,7,8,9,10,11,12",2025-2050,56940.0,506.0,0.030404019212832048,0.0010090884484688543,0.05844964173311565,0.0311591630859104,0.001010078218396454,0.06130824795342436,0.0311591630859104,0.001010078218396454,0.06130824795342436,0.0,-71.06747675562549,42.31262407379619
ssp245,Boston,cehwi_day_all,cehwi,day,all,national,national,National,annual_all_days_primary,All calendar-year days; non-heatwave days contribute zero,"1,2,3,4,5,6,7,8,9,10,11,12",2025-2050,56940.0,9210.0,0.26822513331473513,0.001071890371632394,0.6329593043804468,0.27222478440352027,0.0010779897899487823,0.6540886936955653,0.27222478440352027,-0.10963912488852601,0.6540886936955653,0.0,-71.06747675562549,42.31262407379619
ssp245,Boston,cehwi_night_all,cehwi,night,all,national,national,National,annual_all_days_primary,All calendar-year days; non-heatwave days contribute zero,"1,2,3,4,5,6,7,8,9,10,11,12",2025-2050,56940.0,191.0,0.0,0.0,0.0015163204452797207,0.0,0.0,0.0015212049136193652,-0.0012817734380638388,-0.004084751789747065,0.0015212049136193652,0.0,-71.06747675562549,42.31262407379619
ssp245,Boston,exceeded_quantity_composite_all,exceeded_quantity,composite,all,national,national,National,annual_all_days_primary,All calendar-year days; non-heatwave days contribute zero,"1,2,3,4,5,6,7,8,9,10,11,12",2025-2050,56940.0,506.0,0.03879093279900051,0.0,0.08770173010256024,0.039756153373163586,0.0,0.09275314598387736,0.039756153373163586,-0.013240839237550145,0.09275314598387736,0.0,-71.06747675562549,42.31262407379619
ssp245,Boston,exceeded_quantity_day_all,exceeded_quantity,day,all,national,national,National,annual_all_days_primary,All calendar-year days; non-heatwave days contribute zero,"1,2,3,4,5,6,7,8,9,10,11,12",2025-2050,56940.0,9210.0,0.42599895138566973,0.029197933750327268,0.8949106007605645,0.4360514516570474,0.02966521119969438,0.9338074669474411,0.4360514516570474,-0.06170456363334623,0.9338074669474411,0.0,-71.06747675562549,42.31262407379619
ssp245,Boston,exceeded_quantity_night_all,exceeded_quantity,night,all,national,national,National,annual_all_days_primary,All calendar-year days; non-heatwave days contribute zero,"1,2,3,4,5,6,7,8,9,10,11,12",2025-2050,56940.0,191.0,0.0008946946997341809,0.0,0.006630612150635727,0.000896293084696483,0.0,0.006714503760550167,0.000896293084696483,-0.00492191759115721,0.006714503760550167,0.0,-71.06747675562549,42.31262407379619
ssp245,Cape_Coral,cehwi_composite_all,cehwi,composite,all,national,national,National,annual_all_days_primary,All calendar-year days; non-heatwave days contribute zero,"1,2,3,4,5,6,7,8,9,10,11,12",2025-2050,75920.0,6532.0,0.09462598901887825,0.0026157986692262884,0.1848175528509015,0.09560917139666292,0.002616608398531642,0.18860173439479472,0.09560917139666292,0.002616608398531642,0.18860173439479472,0.0,-82.00446533978065,26.634861968585493
ssp245,Cape_Coral,cehwi_day_all,cehwi,day,all,national,national,National,annual_all_days_primary,All calendar-year days; non-heatwave days contribute zero,"1,2,3,4,5,6,7,8,9,10,11,12",2025-2050,75920.0,17460.0,0.2526107623116829,0.004936916330905823,0.5958723738290516,0.25631574926241996,0.0049830852261405064,0.6139618730072621,0.25631574926241996,-0.10133037448242516,0.6139618730072621,0.0,-82.00446533978065,26.634861968585493
ssp245,Cape_Coral,cehwi_night_all,cehwi,night,all,national,national,National,annual_all_days_primary,All calendar-year days; non-heatwave days contribute zero,"1,2,3,4,5,6,7,8,9,10,11,12",2025-2050,75920.0,14779.0,0.0,0.0,0.08816765699382205,0.0,0.0,0.08859517255160228,-0.0729047493818437,-0.23440467131529125,0.08859517255160228,0.0,-82.00446533978065,26.634861968585493
ssp245,Cape_Coral,exceeded_quantity_composite_all,exceeded_quantity,composite,all,national,national,National,annual_all_days_primary,All calendar-year days; non-heatwave days contribute zero,"1,2,3,4,5,6,7,8,9,10,11,12",2025-2050,75920.0,6532.0,0.11602264960656833,0.0,0.27910142442476865,0.11704312859972678,0.0,0.2850444857853394,0.11704312859972678,-0.050958228585885584,0.2850444857853394,0.0,-82.00446533978065,26.634861968585493
ssp245,Cape_Coral,exceeded_quantity_day_all,exceeded_quantity,day,all,national,national,National,annual_all_days_primary,All calendar-year days; non-heatwave days contribute zero,"1,2,3,4,5,6,7,8,9,10,11,12",2025-2050,75920.0,17460.0,0.2583747140318843,0.0003757038925209225,0.6114438710146278,0.2609167728713486,0.00037750838555005963,0.6250278356723116,0.2609167728713486,-0.10319428992961378,0.6250278356723116,0.0,-82.00446533978065,26.634861968585493
ssp245,Cape_Coral,exceeded_quantity_night_all,exceeded_quantity,night,all,national,national,National,annual_all_days_primary,All calendar-year days; non-heatwave days contribute zero,"1,2,3,4,5,6,7,8,9,10,11,12",2025-2050,75920.0,14779.0,0.03698664424191981,0.0,0.2738713926194257,0.037055720996116724,0.0,0.27704110730337,0.037055720996116724,-0.20292966531113668,0.27704110730337,0.0,-82.00446533978065,26.634861968585493
ssp245,Chandler,cehwi_composite_all,cehwi,composite,all,national,national,National,annual_all_days_primary,All calendar-year days; non-heatwave days contribute zero,"1,2,3,4,5,6,7,8,9,10,11,12",2025-2050,75920.0,9452.0,0.3142919587559933,0.009724463033562685,0.6071601442949008,0.32075932609329016,0.009731504398524668,0.631787147788056,0.32075932609329016,0.009731504398524668,0.631787147788056,0.0,-111.85099065465177,33.301753251324435
ssp245,Chandler,cehwi_day_all,cehwi,day,all,national,national,National,annual_all_days_primary,All calendar-year days; non-heatwave days contribute zero,"1,2,3,4,5,6,7,8,9,10,11,12",2025-2050,75920.0,12686.0,0.20266662624387444,0.0008269709447284022,0.4817653610025584,0.2054344773563357,0.0008304071707498268,0.4963374296664013,0.2054344773563357,-0.0854684749537316,0.4963374296664013,0.0,-111.85099065465177,33.301753251324435
ssp245,Chandler,cehwi_night_all,cehwi,night,all,national,national,National,annual_all_days_primary,All calendar-year days; non-heatwave days contribute zero,"1,2,3,4,5,6,7,8,9,10,11,12",2025-2050,75920.0,9109.0,0.0,0.0,0.0961762644768454,0.0,0.0,0.09703343617401125,-0.0732491171671858,-0.24353167050838365,0.09703343617401125,0.0,-111.85099065465177,33.301753251324435
ssp245,Chandler,exceeded_quantity_composite_all,exceeded_quantity,composite,all,national,national,National,annual_all_days_primary,All calendar-year days; non-heatwave days contribute zero,"1,2,3,4,5,6,7,8,9,10,11,12",2025-2050,75920.0,9452.0,0.35209943668026317,0.0,0.8145855515449494,0.3587733317452193,0.0,0.8504347074103212,0.3587733317452193,-0.1328880439198819,0.8504347074103212,0.0,-111.85099065465177,33.301753251324435
ssp245,Chandler,exceeded_quantity_day_all,exceeded_quantity,day,all,national,national,National,annual_all_days_primary,All calendar-year days; non-heatwave days contribute zero,"1,2,3,4,5,6,7,8,9,10,11,12",2025-2050,75920.0,12686.0,0.26124629334587873,0.002955934950124659,0.5965227213947121,0.2648565949993916,0.002980912859459925,0.6138573585420959,0.2648565949993916,-0.08414416854331205,0.6138573585420959,0.0,-111.85099065465177,33.301753251324435
ssp245,Chandler,exceeded_quantity_night_all,exceeded_quantity,night,all,national,national,National,annual_all_days_primary,All calendar-year days; non-heatwave days contribute zero,"1,2,3,4,5,6,7,8,9,10,11,12",2025-2050,75920.0,9109.0,0.04740822830398762,0.0,0.2892712218992442,0.04761538918237049,0.0,0.2946531443100421,0.04761538918237049,-0.19942236594530136,0.2946531443100421,0.0,-111.85099065465177,33.301753251324435
ssp245,Charleston,cehwi_composite_all,cehwi,composite,all,national,national,National,annual_all_days_primary,All calendar-year days; non-heatwave days contribute zero,"1,2,3,4,5,6,7,8,9,10,11,12",2025-2050,66430.0,9623.0,0.3643585867918729,0.011228224851837847,0.7037031114864449,0.37289338925680565,0.011237847753552901,0.7364002927832843,0.37289338925680565,0.00938648573032767,0.7364002927832843,0.0,-79.95773562994015,32.797751375442466
ssp245,Charleston,cehwi_day_all,cehwi,day,all,national,national,National,annual_all_days_primary,All calendar-year days; non-heatwave days contribute zero,"1,2,3,4,5,6,7,8,9,10,11,12",2025-2050,66430.0,7910.0,0.09438461653490245,0.0017935162442557408,0.22353323950697493,0.09563618773836388,0.0018063025457081073,0.2294271847090535,0.09563618773836388,-0.038154809232327704,0.2294271847090535,0.0,-79.95773562994015,32.797751375442466
ssp245,Charleston,cehwi_night_all,cehwi,night,all,national,national,National,annual_all_days_primary,All calendar-year days; non-heatwave days contribute zero,"1,2,3,4,5,6,7,8,9,10,11,12",2025-2050,66430.0,9729.0,0.0,0.0,0.05660337034355129,0.0,0.0,0.05682566125256749,-0.04731886727500275,-0.15146339580257429,0.05682566125256749,0.0,-79.95773562994015,32.797751375442466
ssp245,Charleston,exceeded_quantity_composite_all,exceeded_quantity,composite,all,national,national,National,annual_all_days_primary,All calendar-year days; non-heatwave days contribute zero,"1,2,3,4,5,6,7,8,9,10,11,12",2025-2050,66430.0,9623.0,0.3360923436789588,0.0,0.7866024115127755,0.3415190724439396,0.0,0.8163382138306972,0.3415190724439396,-0.13330006894281726,0.8163382138306972,0.0,-79.95773562994015,32.797751375442466
ssp245,Charleston,exceeded_quantity_day_all,exceeded_quantity,day,all,national,national,National,annual_all_days_primary,All calendar-year days; non-heatwave days contribute zero,"1,2,3,4,5,6,7,8,9,10,11,12",2025-2050,66430.0,7910.0,0.13869775543175594,9.73448474331662e-05,0.3284669139346639,0.14006092147956406,9.798308299529157e-05,0.33583590967707944,0.14006092147956406,-0.055714066717950886,0.33583590967707944,0.0,-79.95773562994015,32.797751375442466
ssp245,Charleston,exceeded_quantity_night_all,exceeded_quantity,night,all,national,national,National,annual_all_days_primary,All calendar-year days; non-heatwave days contribute zero,"1,2,3,4,5,6,7,8,9,10,11,12",2025-2050,66430.0,9729.0,0.029073643390809808,0.0,0.21438947805539044,0.029130618621310916,0.0,0.21688491343646937,0.029130618621310916,-0.15862367619384773,0.21688491343646937,0.0,-79.95773562994015,32.797751375442466
ssp245,Charlotte,cehwi_composite_all,cehwi,composite,all,national,national,National,annual_all_days_primary,All calendar-year days; non-heatwave days contribute zero,"1,2,3,4,5,6,7,8,9,10,11,12",2025-2050,218270.0,24508.0,0.32851265586805106,0.010209205432558573,0.6328729129265136,0.33662153792787436,0.010218221802050606,0.6637896762700363,0.33662153792787436,0.00945339958571276,0.6637896762700363,0.0,-80.83226153697035,35.2026222257981
ssp245,Charlotte,cehwi_day_all,cehwi,day,all,national,national,National,annual_all_days_primary,All calendar-year days; non-heatwave days contribute zero,"1,2,3,4,5,6,7,8,9,10,11,12",2025-2050,218270.0,29166.0,0.1399798138247485,0.002430171312796846,0.32970926128236683,0.14197750354693195,0.0024461158809504563,0.33940046159733295,0.14197750354693195,-0.05544545450347089,0.33940046159733295,0.0,-80.83226153697035,35.2026222257981
ssp245,Charlotte,cehwi_night_all,cehwi,night,all,national,national,National,annual_all_days_primary,All calendar-year days; non-heatwave days contribute zero,"1,2,3,4,5,6,7,8,9,10,11,12",2025-2050,218270.0,17920.0,0.0,0.0,0.027062712235704642,0.0,0.0,0.02716111206284082,-0.022680268244344156,-0.07252164855152994,0.02716111206284082,0.0,-80.83226153697035,35.2026222257981
ssp245,Charlotte,exceeded_quantity_composite_all,exceeded_quantity,composite,all,national,national,National,annual_all_days_primary,All calendar-year days; non-heatwave days contribute zero,"1,2,3,4,5,6,7,8,9,10,11,12",2025-2050,218270.0,24508.0,0.33745484909723583,0.0,0.7773145106883556,0.34421048988422626,0.0,0.8132093496712077,0.34421048988422626,-0.12478836990275453,0.8132093496712077,0.0,-80.83226153697035,35.2026222257981
ssp245,Charlotte,exceeded_quantity_day_all,exceeded_quantity,day,all,national,national,National,annual_all_days_primary,All calendar-year days; non-heatwave days contribute zero,"1,2,3,4,5,6,7,8,9,10,11,12",2025-2050,218270.0,29166.0,0.20419648752259814,0.0024765460938485054,0.4674058645460197,0.20697164294887505,0.0024997970759562463,0.4807632342869446,0.20697164294887505,-0.06681994838919407,0.4807632342869446,0.0,-80.83226153697035,35.2026222257981
ssp245,Charlotte,exceeded_quantity_night_all,exceeded_quantity,night,all,national,national,National,annual_all_days_primary,All calendar-year days; non-heatwave days contribute zero,"1,2,3,4,5,6,7,8,9,10,11,12",2025-2050,218270.0,17920.0,0.016576043725495985,0.0,0.12019842313393997,0.01661071012529139,0.0,0.12167516701124019,0.01661071012529139,-0.08845374676065752,0.12167516701124019,0.0,-80.83226153697035,35.2026222257981
ssp245,Chicago,cehwi_composite_all,cehwi,composite,all,national,national,National,annual_all_days_primary,All calendar-year days; non-heatwave days contribute zero,"1,2,3,4,5,6,7,8,9,10,11,12",2025-2050,246740.0,22271.0,0.30169062779982175,0.009364314274680641,0.5821064675894003,0.30977417872661334,0.009373443605410012,0.6132185442446811,0.30977417872661334,0.006329813208545907,0.6132185442446811,0.0,-87.69926598228068,41.84514512774459
ssp245,Chicago,cehwi_day_all,cehwi,day,all,national,national,National,annual_all_days_primary,All calendar-year days; non-heatwave days contribute zero,"1,2,3,4,5,6,7,8,9,10,11,12",2025-2050,246740.0,37773.0,0.19483030320763584,0.0006978358736290477,0.46338104316655543,0.1974938672498103,0.0007007595955236652,0.4774822938491962,0.1974938672498103,-0.08249455934957713,0.4774822938491962,0.0,-87.69926598228068,41.84514512774459
ssp245,Chicago,cehwi_night_all,cehwi,night,all,national,national,National,annual_all_days_primary,All calendar-year days; non-heatwave days contribute zero,"1,2,3,4,5,6,7,8,9,10,11,12",2025-2050,246740.0,8279.0,0.0,0.0,0.010278101292152326,0.0,0.0,0.01030969864805317,-0.008664612504523961,-0.027638923657101414,0.01030969864805317,0.0,-87.69926598228068,41.84514512774459
ssp245,Chicago,exceeded_quantity_composite_all,exceeded_quantity,composite,all,national,national,National,annual_all_days_primary,All calendar-year days; non-heatwave days contribute zero,"1,2,3,4,5,6,7,8,9,10,11,12",2025-2050,246740.0,22271.0,0.342332192285197,8.139316390263694e-05,0.772554433799212,0.35098987486624433,8.186760891566086e-05,0.8168488413728913,0.35098987486624433,-0.11486909164040222,0.8168488413728913,0.0,-87.69926598228068,41.84514512774459
ssp245,Chicago,exceeded_quantity_day_all,exceeded_quantity,day,all,national,national,National,annual_all_days_primary,All calendar-year days; non-heatwave days contribute zero,"1,2,3,4,5,6,7,8,9,10,11,12",2025-2050,246740.0,37773.0,0.3284948152659333,0.01768315664607773,0.7030215836891119,0.3355508060547357,0.017968724818550007,0.7312050130742223,0.3355508060547357,-0.060103400964750364,0.7312050130742223,0.0,-87.69926598228068,41.84514512774459
ssp245,Chicago,exceeded_quantity_night_all,exceeded_quantity,night,all,national,national,National,annual_all_days_primary,All calendar-year days; non-heatwave days contribute zero,"1,2,3,4,5,6,7,8,9,10,11,12",2025-2050,246740.0,8279.0,0.007635699017605169,0.0,0.053733602155853155,0.007655098957852117,0.0,0.05445141680219373,0.007655098957852117,-0.03914121888648951,0.05445141680219373,0.0,-87.69926598228068,41.84514512774459
ssp245,Cincinnati,cehwi_composite_all,cehwi,composite,all,national,national,National,annual_all_days_primary,All calendar-year days; non-heatwave days contribute zero,"1,2,3,4,5,6,7,8,9,10,11,12",2025-2050,113880.0,4586.0,0.12316740893763868,0.0036713430811489735,0.23808612564727719,0.12622997313689896,0.0036746052128438303,0.24989429792456122,0.12622997313689896,0.0025656483492367027,0.24989429792456122,0.0,-84.50103323356284,39.145311433746485
ssp245,Cincinnati,cehwi_day_all,cehwi,day,all,national,national,National,annual_all_days_primary,All calendar-year days; non-heatwave days contribute zero,"1,2,3,4,5,6,7,8,9,10,11,12",2025-2050,113880.0,23048.0,0.3002066430125941,0.0014377806749562752,0.7020311966222904,0.30486407279004174,0.0014434339337537744,0.7257358926981321,0.30486407279004174,-0.1160077471180506,0.7257358926981321,0.0,-84.50103323356284,39.145311433746485
ssp245,Cincinnati,cehwi_night_all,cehwi,night,all,national,national,National,annual_all_days_primary,All calendar-year days; non-heatwave days contribute zero,"1,2,3,4,5,6,7,8,9,10,11,12",2025-2050,113880.0,1913.0,0.0,0.0,0.00412077311319333,0.0,0.0,0.004130804754820419,-0.003490086939690907,-0.011110978634202405,0.004130804754820419,0.0,-84.50103323356284,39.145311433746485
ssp245,Cincinnati,exceeded_quantity_composite_all,exceeded_quantity,composite,all,national,national,National,annual_all_days_primary,All calendar-year days; non-heatwave days contribute zero,"1,2,3,4,5,6,7,8,9,10,11,12",2025-2050,113880.0,4586.0,0.1458467065451012,0.0,0.3337635476025562,0.14901018129092516,0.0,0.35055553019990937,0.14901018129092516,-0.05253516761805884,0.35055553019990937,0.0,-84.50103323356284,39.145311433746485
ssp245,Cincinnati,exceeded_quantity_day_all,exceeded_quantity,day,all,national,national,National,annual_all_days_primary,All calendar-year days; non-heatwave days contribute zero,"1,2,3,4,5,6,7,8,9,10,11,12",2025-2050,113880.0,23048.0,0.39564846931416453,0.010131458510845907,0.873377074948324,0.4025673891068811,0.010240330005436763,0.9039647543796951,0.4025673891068811,-0.09882997616593225,0.9039647543796951,0.0,-84.50103323356284,39.145311433746485
ssp245,Cincinnati,exceeded_quantity_night_all,exceeded_quantity,night,all,national,national,National,annual_all_days_primary,All calendar-year days; non-heatwave days contribute zero,"1,2,3,4,5,6,7,8,9,10,11,12",2025-2050,113880.0,1913.0,0.0025110430315563683,0.0,0.0194705226029927,0.0025144545132667327,0.0,0.019656421992948588,0.0025144545132667327,-0.01462751296641512,0.019656421992948588,0.0,-84.50103323356284,39.145311433746485
ssp245,Clearwater,cehwi_composite_all,cehwi,composite,all,national,national,National,annual_all_days_primary,All calendar-year days; non-heatwave days contribute zero,"1,2,3,4,5,6,7,8,9,10,11,12",2025-2050,47450.0,5388.0,0.1371495023233196,0.003870627599221188,0.26738025470328985,0.1388084492250175,0.0038721368770651917,0.27374476157297034,0.1388084492250175,0.0038721368770651917,0.27374476157297034,0.0,-82.74931842952977,27.968555005462687
ssp245,Clearwater,cehwi_day_all,cehwi,day,all,national,national,National,annual_all_days_primary,All calendar-year days; non-heatwave days contribute zero,"1,2,3,4,5,6,7,8,9,10,11,12",2025-2050,47450.0,10947.0,0.22875964360605844,0.006897340783728439,0.5297629224055797,0.23259870436572147,0.006963209966060462,0.5472471248248233,0.23259870436572147,-0.08204971609338353,0.5472471248248233,0.0,-82.74931842952977,27.968555005462687
ssp245,Clearwater,cehwi_night_all,cehwi,night,all,national,national,National,annual_all_days_primary,All calendar-year days; non-heatwave days contribute zero,"1,2,3,4,5,6,7,8,9,10,11,12",2025-2050,47450.0,9006.0,0.0,0.0,0.09727653866053852,0.0,0.0,0.09779558856586919,-0.07992228434523377,-0.25764015725633826,0.09779558856586919,0.0,-82.74931842952977,27.968555005462687
ssp245,Clearwater,exceeded_quantity_composite_all,exceeded_quantity,composite,all,national,national,National,annual_all_days_primary,All calendar-year days; non-heatwave days contribute zero,"1,2,3,4,5,6,7,8,9,10,11,12",2025-2050,47450.0,5388.0,0.15040695366460521,0.0,0.36192736162151384,0.151717581656153,0.0,0.3695723405508961,0.151717581656153,-0.06613717723858978,0.3695723405508961,0.0,-82.74931842952977,27.968555005462687
ssp245,Clearwater,exceeded_quantity_day_all,exceeded_quantity,day,all,national,national,National,annual_all_days_primary,All calendar-year days; non-heatwave days contribute zero,"1,2,3,4,5,6,7,8,9,10,11,12",2025-2050,47450.0,10947.0,0.18045124330018725,0.0,0.43705484045366627,0.1817099829504878,0.0,0.4442124922087475,0.1817099829504878,-0.08079252630777115,0.4442124922087475,0.0,-82.74931842952977,27.968555005462687
ssp245,Clearwater,exceeded_quantity_night_all,exceeded_quantity,night,all,national,national,National,annual_all_days_primary,All calendar-year days; non-heatwave days contribute zero,"1,2,3,4,5,6,7,8,9,10,11,12",2025-2050,47450.0,9006.0,0.04414161025765882,0.0,0.31039060857697137,0.04424983553033316,0.0,0.3146052218801384,0.04424983553033316,-0.22610555081947237,0.3146052218801384,0.0,-82.74931842952977,27.968555005462687
ssp245,Cleveland,cehwi_composite_all,cehwi,composite,all,national,national,National,annual_all_days_primary,All calendar-year days; non-heatwave days contribute zero,"1,2,3,4,5,6,7,8,9,10,11,12",2025-2050,104390.0,3011.0,0.08265494076431132,0.0025390594319420526,0.15954862394073205,0.084456607030236,0.0025410196202024825,0.1664115833189285,0.084456607030236,0.002501630741543605,0.1664115833189285,0.0,-81.69720068009887,41.47755055399433
ssp245,Cleveland,cehwi_day_all,cehwi,day,all,national,national,National,annual_all_days_primary,All calendar-year days; non-heatwave days contribute zero,"1,2,3,4,5,6,7,8,9,10,11,12",2025-2050,104390.0,18885.0,0.27528823851050377,0.005099468143877804,0.6408212202758231,0.27977819241928553,0.005140512868327023,0.6626900983033631,0.27977819241928553,-0.10313371346479346,0.6626900983033631,0.0,-81.69720068009887,41.47755055399433
ssp245,Cleveland,cehwi_night_all,cehwi,night,all,national,national,National,annual_all_days_primary,All calendar-year days; non-heatwave days contribute zero,"1,2,3,4,5,6,7,8,9,10,11,12",2025-2050,104390.0,780.0,0.0,0.0,0.001690699088036659,0.0,0.0,0.0016950154143891474,-0.001428702146878923,-0.004552419708147076,0.0016950154143891474,0.0,-81.69720068009887,41.47755055399433
ssp245,Cleveland,exceeded_quantity_composite_all,exceeded_quantity,composite,all,national,national,National,annual_all_days_primary,All calendar-year days; non-heatwave days contribute zero,"1,2,3,4,5,6,7,8,9,10,11,12",2025-2050,104390.0,3011.0,0.10605751200416948,0.0,0.2423732141897636,0.10841603298013262,0.0,0.25484487080158524,0.10841603298013262,-0.038012804841319886,0.25484487080158524,0.0,-81.69720068009887,41.47755055399433
ssp245,Cleveland,exceeded_quantity_day_all,exceeded_quantity,day,all,national,national,National,annual_all_days_primary,All calendar-year days; non-heatwave days contribute zero,"1,2,3,4,5,6,7,8,9,10,11,12",2025-2050,104390.0,18885.0,0.4167633412481486,0.02486685594001291,0.886290652901017,0.4261894682630773,0.025301401621617144,0.9232921350860375,0.4261894682630773,-0.07091319855988246,0.9232921350860375,0.0,-81.69720068009887,41.47755055399433
ssp245,Cleveland,exceeded_quantity_night_all,exceeded_quantity,night,all,national,national,National,annual_all_days_primary,All calendar-year days; non-heatwave days contribute zero,"1,2,3,4,5,6,7,8,9,10,11,12",2025-2050,104390.0,780.0,0.0013487591173752373,0.0,0.009969873846053922,0.0013512993824689175,0.0,0.010085077248905564,0.0013512993824689175,-0.007382478483967728,0.010085077248905564,0.0,-81.69720068009887,41.47755055399433
ssp245,Columbia,cehwi_composite_all,cehwi,composite,all,national,national,National,annual_all_days_primary,All calendar-year days; non-heatwave days contribute zero,"1,2,3,4,5,6,7,8,9,10,11,12",2025-2050,104390.0,14124.0,0.4122151644911209,0.012966702563121865,0.7953594463372716,0.4231124751593475,0.01297943097259895,0.8372423941135893,0.4231124751593475,0.008982556205106188,0.8372423941135893,0.0,-81.01121446313488,34.0247807561963
ssp245,Columbia,cehwi_day_all,cehwi,day,all,national,national,National,annual_all_days_primary,All calendar-year days; non-heatwave days contribute zero,"1,2,3,4,5,6,7,8,9,10,11,12",2025-2050,104390.0,11009.0,0.09208490260702948,0.0012498515035550056,0.21890987617949298,0.09327773843288625,0.0012565759995951155,0.22480209492333356,0.09327773843288625,-0.03824661805756271,0.22480209492333356,0.0,-81.01121446313488,34.0247807561963
ssp245,Columbia,cehwi_night_all,cehwi,night,all,national,national,National,annual_all_days_primary,All calendar-year days; non-heatwave days contribute zero,"1,2,3,4,5,6,7,8,9,10,11,12",2025-2050,104390.0,14592.0,0.0,0.0,0.0661935508875258,0.0,0.0,0.06650748931212705,-0.0548909353500227,-0.1762893600121736,0.06650748931212705,0.0,-81.01121446313488,34.0247807561963
ssp245,Columbia,exceeded_quantity_composite_all,exceeded_quantity,composite,all,national,national,National,annual_all_days_primary,All calendar-year days; non-heatwave days contribute zero,"1,2,3,4,5,6,7,8,9,10,11,12",2025-2050,104390.0,14124.0,0.4002816812408412,0.0,0.9212845793259021,0.4083702933040501,0.0,0.9641625325437038,0.4083702933040501,-0.1474219459356029,0.9641625325437038,0.0,-81.01121446313488,34.0247807561963
ssp245,Columbia,exceeded_quantity_day_all,exceeded_quantity,day,all,national,national,National,annual_all_days_primary,All calendar-year days; non-heatwave days contribute zero,"1,2,3,4,5,6,7,8,9,10,11,12",2025-2050,104390.0,11009.0,0.13801610905572553,0.0005593628029624185,0.3228028878798206,0.139563018143845,0.0005645789084222911,0.33078439387720043,0.139563018143845,-0.05165835758951019,0.33078439387720043,0.0,-81.01121446313488,34.0247807561963
ssp245,Columbia,exceeded_quantity_night_all,exceeded_quantity,night,all,national,national,National,annual_all_days_primary,All calendar-year days; non-heatwave days contribute zero,"1,2,3,4,5,6,7,8,9,10,11,12",2025-2050,104390.0,14592.0,0.03900908829118173,0.0,0.26183248477374205,0.039127859641780185,0.0,0.2658278642436023,0.039127859641780185,-0.18757214496004215,0.2658278642436023,0.0,-81.01121446313488,34.0247807561963
ssp245,Columbus,cehwi_composite_all,cehwi,composite,all,national,national,National,annual_all_days_primary,All calendar-year days; non-heatwave days contribute zero,"1,2,3,4,5,6,7,8,9,10,11,12",2025-2050,237250.0,6367.0,0.08493764328696117,0.00252200784855717,0.164562410248469,0.0869908678281236,0.0025241568777079207,0.17254173599531744,0.0869908678281236,0.0014399996609298301,0.17254173599531744,0.0,-82.98587478768124,39.9884646530878
ssp245,Columbus,cehwi_day_all,cehwi,day,all,national,national,National,annual_all_days_primary,All calendar-year days; non-heatwave days contribute zero,"1,2,3,4,5,6,7,8,9,10,11,12",2025-2050,237250.0,48131.0,0.30782740318891644,0.0024316556603339616,0.720083545480188,0.31263239720975805,0.0024464465766156863,0.744455094419503,0.31263239720975805,-0.11919029999998852,0.744455094419503,0.0,-82.98587478768124,39.9884646530878
ssp245,Columbus,cehwi_night_all,cehwi,night,all,national,national,National,annual_all_days_primary,All calendar-year days; non-heatwave days contribute zero,"1,2,3,4,5,6,7,8,9,10,11,12",2025-2050,237250.0,1644.0,0.0,0.0,0.0016975737139502181,0.0,0.0,0.0017019833379560375,-0.001435603259590044,-0.004573189857136199,0.0017019833379560375,0.0,-82.98587478768124,39.9884646530878
ssp245,Columbus,exceeded_quantity_composite_all,exceeded_quantity,composite,all,national,national,National,annual_all_days_primary,All calendar-year days; non-heatwave days contribute zero,"1,2,3,4,5,6,7,8,9,10,11,12",2025-2050,237250.0,6367.0,0.1053139591007084,0.0,0.23998335617189542,0.1077216042438974,0.0,0.2527140053903827,0.1077216042438974,-0.03727079690258776,0.2527140053903827,0.0,-82.98587478768124,39.9884646530878
ssp245,Columbus,exceeded_quantity_day_all,exceeded_quantity,day,all,national,national,National,annual_all_days_primary,All calendar-year days; non-heatwave days contribute zero,"1,2,3,4,5,6,7,8,9,10,11,12",2025-2050,237250.0,48131.0,0.42094754890363867,0.01639649364249381,0.9158027153922629,0.4290692530403333,0.016611781432266815,0.9500915645336665,0.4290692530403333,-0.09195305845299968,0.9500915645336665,0.0,-82.98587478768124,39.9884646530878
ssp245,Columbus,exceeded_quantity_night_all,exceeded_quantity,night,all,national,national,National,annual_all_days_primary,All calendar-year days; non-heatwave days contribute zero,"1,2,3,4,5,6,7,8,9,10,11,12",2025-2050,237250.0,1644.0,0.0012201804106095383,0.0,0.009120777466157014,0.0012222997663894584,0.0,0.009223188419284096,0.0012222997663894584,-0.00677858888650518,0.009223188419284096,0.0,-82.98587478768124,39.9884646530878
ssp245,Corpus_Christi,cehwi_composite_all,cehwi,composite,all,national,national,National,annual_all_days_primary,All calendar-year days; non-heatwave days contribute zero,"1,2,3,4,5,6,7,8,9,10,11,12",2025-2050,18980.0,2379.0,0.14576803210070813,0.004065343348586981,0.2844484700632883,0.1474061377389225,0.004066738642458715,0.2907455368353869,0.1474061377389225,0.004066738642458715,0.2907455368353869,0.0,-97.36405256378852,27.68672149058898
ssp245,Corpus_Christi,cehwi_day_all,cehwi,day,all,national,national,National,annual_all_days_primary,All calendar-year days; non-heatwave days contribute zero,"1,2,3,4,5,6,7,8,9,10,11,12",2025-2050,18980.0,4922.0,0.31398578884777567,0.0011648145658775975,0.7473757804795911,0.31824749233080124,0.0011702040048811883,0.7699485095931712,0.31824749233080124,-0.1334535249315715,0.7699485095931712,0.0,-97.36405256378852,27.68672149058898
ssp245,Corpus_Christi,cehwi_night_all,cehwi,night,all,national,national,National,annual_all_days_primary,All calendar-year days; non-heatwave days contribute zero,"1,2,3,4,5,6,7,8,9,10,11,12",2025-2050,18980.0,4302.0,0.0,0.0,0.17043297956606074,0.0,0.0,0.17196037466776698,-0.1295709763867208,-0.43110232744121013,0.17196037466776698,0.0,-97.36405256378852,27.68672149058898
ssp245,Corpus_Christi,exceeded_quantity_composite_all,exceeded_quantity,composite,all,national,national,National,annual_all_days_primary,All calendar-year days; non-heatwave days contribute zero,"1,2,3,4,5,6,7,8,9,10,11,12",2025-2050,18980.0,2379.0,0.15937343747863533,0.0,0.3839229294562726,0.16069738732531946,0.0,0.3916476503809006,0.16069738732531946,-0.07025287573026125,0.3916476503809006,0.0,-97.36405256378852,27.68672149058898
ssp245,Corpus_Christi,exceeded_quantity_day_all,exceeded_quantity,day,all,national,national,National,annual_all_days_primary,All calendar-year days; non-heatwave days contribute zero,"1,2,3,4,5,6,7,8,9,10,11,12",2025-2050,18980.0,4922.0,0.2545792892280305,5.771429591281191e-05,0.6120851106106925,0.2566148423256408,5.781603775330085e-05,0.6234989244375168,0.2566148423256408,-0.1102692397862343,0.6234989244375168,0.0,-97.36405256378852,27.68672149058898
ssp245,Corpus_Christi,exceeded_quantity_night_all,exceeded_quantity,night,all,national,national,National,annual_all_days_primary,All calendar-year days; non-heatwave days contribute zero,"1,2,3,4,5,6,7,8,9,10,11,12",2025-2050,18980.0,4302.0,0.051954147153198085,0.0,0.3760622058587949,0.052061450267939624,0.0,0.38089061741341407,0.052061450267939624,-0.27676771687753515,0.38089061741341407,0.0,-97.36405256378852,27.68672149058898
ssp245,Dallas,cehwi_composite_all,cehwi,composite,all,national,national,National,annual_all_days_primary,All calendar-year days; non-heatwave days contribute zero,"1,2,3,4,5,6,7,8,9,10,11,12",2025-2050,275210.0,51111.0,0.8460040887790796,0.023572030348930725,1.650313746126575,0.8755333932698898,0.023602062460327186,1.7680516854177022,0.8755333932698898,-0.016984898877921414,1.7680516854177022,0.0,-96.77202001463549,32.79909361336637
ssp245,Dallas,cehwi_day_all,cehwi,day,all,national,national,National,annual_all_days_primary,All calendar-year days; non-heatwave days contribute zero,"1,2,3,4,5,6,7,8,9,10,11,12",2025-2050,275210.0,25415.0,0.04669255832566531,0.0,0.11729842607884544,0.04697277858895887,0.0,0.11903890705215185,0.04697277858895887,-0.025093349874235733,0.11903890705215185,0.0,-96.77202001463549,32.79909361336637
ssp245,Dallas,cehwi_night_all,cehwi,night,all,national,national,National,annual_all_days_primary,All calendar-year days; non-heatwave days contribute zero,"1,2,3,4,5,6,7,8,9,10,11,12",2025-2050,275210.0,35661.0,0.0,0.0,0.048860551379394185,0.0,0.0,0.04903678845174661,-0.041046356518806656,-0.13112950148936112,0.04903678845174661,0.0,-96.77202001463549,32.79909361336637
ssp245,Dallas,exceeded_quantity_composite_all,exceeded_quantity,composite,all,national,national,National,annual_all_days_primary,All calendar-year days; non-heatwave days contribute zero,"1,2,3,4,5,6,7,8,9,10,11,12",2025-2050,275210.0,51111.0,0.6098821739129177,0.0,1.3873361992025481,0.6238221434352292,0.0,1.459809990757769,0.6238221434352292,-0.21216570388730988,1.459809990757769,0.0,-96.77202001463549,32.79909361336637
ssp245,Dallas,exceeded_quantity_day_all,exceeded_quantity,day,all,national,national,National,annual_all_days_primary,All calendar-year days; non-heatwave days contribute zero,"1,2,3,4,5,6,7,8,9,10,11,12",2025-2050,275210.0,25415.0,0.08513889154480105,4.2167367314101815e-05,0.20426947469785695,0.08583914244085154,4.235161104804719e-05,0.2081616606910178,0.08583914244085154,-0.03648337580931444,0.2081616606910178,0.0,-96.77202001463549,32.79909361336637
ssp245,Dallas,exceeded_quantity_night_all,exceeded_quantity,night,all,national,national,National,annual_all_days_primary,All calendar-year days; non-heatwave days contribute zero,"1,2,3,4,5,6,7,8,9,10,11,12",2025-2050,275210.0,35661.0,0.02812312681229677,0.0,0.20596327008830098,0.02817882741403275,0.0,0.20848541326082082,0.02817882741403275,-0.15212775843275547,0.20848541326082082,0.0,-96.77202001463549,32.79909361336637
ssp245,Denver,cehwi_composite_all,cehwi,composite,all,national,national,National,annual_all_days_primary,All calendar-year days; non-heatwave days contribute zero,"1,2,3,4,5,6,7,8,9,10,11,12",2025-2050,85410.0,0.0,0.0,0.0,0.0,0.0,0.0,0.0,0.0,0.0,0.0,0.0,-104.9171195553542,39.72922080293672
ssp245,Denver,cehwi_day_all,cehwi,day,all,national,national,National,annual_all_days_primary,All calendar-year days; non-heatwave days contribute zero,"1,2,3,4,5,6,7,8,9,10,11,12",2025-2050,85410.0,17619.0,0.5324302519606483,0.024663045531752536,1.1411590508046454,0.5456653030318221,0.024857317283818944,1.196658145596769,0.5456653030318221,-0.10532753953312567,1.196658145596769,0.0,-104.9171195553542,39.72922080293672
ssp245,Denver,cehwi_night_all,cehwi,night,all,national,national,National,annual_all_days_primary,All calendar-year days; non-heatwave days contribute zero,"1,2,3,4,5,6,7,8,9,10,11,12",2025-2050,85410.0,0.0,0.0,0.0,0.0,0.0,0.0,0.0,0.0,0.0,0.0,0.0,-104.9171195553542,39.72922080293672
ssp245,Denver,exceeded_quantity_composite_all,exceeded_quantity,composite,all,national,national,National,annual_all_days_primary,All calendar-year days; non-heatwave days contribute zero,"1,2,3,4,5,6,7,8,9,10,11,12",2025-2050,85410.0,0.0,0.0,0.0,0.0,0.0,0.0,0.0,0.0,0.0,0.0,0.0,-104.9171195553542,39.72922080293672
ssp245,Denver,exceeded_quantity_day_all,exceeded_quantity,day,all,national,national,National,annual_all_days_primary,All calendar-year days; non-heatwave days contribute zero,"1,2,3,4,5,6,7,8,9,10,11,12",2025-2050,85410.0,17619.0,0.497339040447719,0.024005915366131367,1.0607432835583102,0.507901143694682,0.02428876568979346,1.1037830165434939,0.507901143694682,-0.08798072915412938,1.1037830165434939,0.0,-104.9171195553542,39.72922080293672
ssp245,Denver,exceeded_quantity_night_all,exceeded_quantity,night,all,national,national,National,annual_all_days_primary,All calendar-year days; non-heatwave days contribute zero,"1,2,3,4,5,6,7,8,9,10,11,12",2025-2050,85410.0,0.0,0.0,0.0,0.0,0.0,0.0,0.0,0.0,0.0,0.0,0.0,-104.9171195553542,39.72922080293672
ssp245,Detroit,cehwi_composite_all,cehwi,composite,all,national,national,National,annual_all_days_primary,All calendar-year days; non-heatwave days contribute zero,"1,2,3,4,5,6,7,8,9,10,11,12",2025-2050,132860.0,5526.0,0.13146799729323783,0.004224286658958488,0.2530996268500559,0.1345988304001569,0.0042280010997053615,0.26498508633990364,0.1345988304001569,0.004212574460410339,0.26498508633990364,0.0,-83.11163892745797,42.36628894040762
ssp245,Detroit,cehwi_day_all,cehwi,day,all,national,national,National,annual_all_days_primary,All calendar-year days; non-heatwave days contribute zero,"1,2,3,4,5,6,7,8,9,10,11,12",2025-2050,132860.0,23666.0,0.2751830770640164,0.005242110327210613,0.6385949535774398,0.2797948503582209,0.005300878145890027,0.6608470693166235,0.2797948503582209,-0.10125736860018317,0.6608470693166235,0.0,-83.11163892745797,42.36628894040762
ssp245,Detroit,cehwi_night_all,cehwi,night,all,national,national,National,annual_all_days_primary,All calendar-year days; non-heatwave days contribute zero,"1,2,3,4,5,6,7,8,9,10,11,12",2025-2050,132860.0,1449.0,0.0,0.0,0.002975940821137318,0.0,0.0,0.0029841396073744656,-0.002514311269242259,-0.00801276214585909,0.0029841396073744656,0.0,-83.11163892745797,42.36628894040762
ssp245,Detroit,exceeded_quantity_composite_all,exceeded_quantity,composite,all,national,national,National,annual_all_days_primary,All calendar-year days; non-heatwave days contribute zero,"1,2,3,4,5,6,7,8,9,10,11,12",2025-2050,132860.0,5526.0,0.16459537126907586,3.934617779383291e-05,0.37224227805327165,0.16864455579106205,3.955170265459491e-05,0.3931873774414113,0.16864455579106205,-0.05589826585928695,0.3931873774414113,0.0,-83.11163892745797,42.36628894040762
ssp245,Detroit,exceeded_quantity_day_all,exceeded_quantity,day,all,national,national,National,annual_all_days_primary,All calendar-year days; non-heatwave days contribute zero,"1,2,3,4,5,6,7,8,9,10,11,12",2025-2050,132860.0,23666.0,0.43162770129294153,0.035070187981897046,0.9005127884965607,0.44258785998477834,0.035748114134534055,0.9413517850269781,0.44258785998477834,-0.056176065057421155,0.9413517850269781,0.0,-83.11163892745797,42.36628894040762
ssp245,Detroit,exceeded_quantity_night_all,exceeded_quantity,night,all,national,national,National,annual_all_days_primary,All calendar-year days; non-heatwave days contribute zero,"1,2,3,4,5,6,7,8,9,10,11,12",2025-2050,132860.0,1449.0,0.0021796989019477226,0.0,0.01616927815854813,0.0021836219052376927,0.0,0.016360463452670483,0.0021836219052376927,-0.011993219642195109,0.016360463452670483,0.0,-83.11163892745797,42.36628894040762
ssp245,Fort_Worth,cehwi_composite_all,cehwi,composite,all,national,national,National,annual_all_days_primary,All calendar-year days; non-heatwave days contribute zero,"1,2,3,4,5,6,7,8,9,10,11,12",2025-2050,208780.0,38529.0,0.8354726937249595,0.02303771904223429,1.6309316677930783,0.8645231399949245,0.023066884862167077,1.7471070808040097,0.8645231399949245,-0.018060800814159565,1.7471070808040097,0.0,-97.3596103453506,32.731693684817714
ssp245,Fort_Worth,cehwi_day_all,cehwi,day,all,national,national,National,annual_all_days_primary,All calendar-year days; non-heatwave days contribute zero,"1,2,3,4,5,6,7,8,9,10,11,12",2025-2050,208780.0,19112.0,0.04882119716942944,0.0,0.12243625848573124,0.04912907698127868,0.0,0.12433428987373349,0.04912907698127868,-0.026076135911177748,0.12433428987373349,0.0,-97.3596103453506,32.731693684817714
ssp245,Fort_Worth,cehwi_night_all,cehwi,night,all,national,national,National,annual_all_days_primary,All calendar-year days; non-heatwave days contribute zero,"1,2,3,4,5,6,7,8,9,10,11,12",2025-2050,208780.0,24966.0,0.0,0.0,0.04318612988808487,0.0,0.0,0.04333467645768229,-0.03635318667931063,-0.11604104981630467,0.04333467645768229,0.0,-97.3596103453506,32.731693684817714
ssp245,Fort_Worth,exceeded_quantity_composite_all,exceeded_quantity,composite,all,national,national,National,annual_all_days_primary,All calendar-year days; non-heatwave days contribute zero,"1,2,3,4,5,6,7,8,9,10,11,12",2025-2050,208780.0,38529.0,0.5992405469079229,0.0,1.364971452921004,0.6127418566242582,0.0,1.4353702894489855,0.6127418566242582,-0.2098865762004688,1.4353702894489855,0.0,-97.3596103453506,32.731693684817714
ssp245,Fort_Worth,exceeded_quantity_day_all,exceeded_quantity,day,all,national,national,National,annual_all_days_primary,All calendar-year days; non-heatwave days contribute zero,"1,2,3,4,5,6,7,8,9,10,11,12",2025-2050,208780.0,19112.0,0.08881694444517146,4.295432577394588e-05,0.2128318542164071,0.089564713533198,4.3062946048326465e-05,0.21699765056109738,0.089564713533198,-0.03786822349470103,0.21699765056109738,0.0,-97.3596103453506,32.731693684817714
ssp245,Fort_Worth,exceeded_quantity_night_all,exceeded_quantity,night,all,national,national,National,annual_all_days_primary,All calendar-year days; non-heatwave days contribute zero,"1,2,3,4,5,6,7,8,9,10,11,12",2025-2050,208780.0,24966.0,0.02495307798885963,0.0,0.18442051047667368,0.025000031858528254,0.0,0.186613924275933,0.025000031858528254,-0.1366138605588766,0.186613924275933,0.0,-97.3596103453506,32.731693684817714
ssp245,Fresno,cehwi_composite_all,cehwi,composite,all,national,national,National,annual_all_days_primary,All calendar-year days; non-heatwave days contribute zero,"1,2,3,4,5,6,7,8,9,10,11,12",2025-2050,113880.0,11532.0,0.3345550996323223,0.010779818252683966,0.6437728596221431,0.34353342259511205,0.010790653355121643,0.6780405508558184,0.34353342259511205,0.009026294334405998,0.6780405508558184,0.0,-119.78985197805802,36.790939683928464
ssp245,Fresno,cehwi_day_all,cehwi,day,all,national,national,National,annual_all_days_primary,All calendar-year days; non-heatwave days contribute zero,"1,2,3,4,5,6,7,8,9,10,11,12",2025-2050,113880.0,18824.0,0.15994754985994006,2.0509302034047854e-05,0.39268449063643174,0.16151839318324884,2.0545026041461977e-05,0.4018192171626806,0.16151839318324884,-0.07878243079618522,0.4018192171626806,0.0,-119.78985197805802,36.790939683928464
ssp245,Fresno,cehwi_night_all,cehwi,night,all,national,national,National,annual_all_days_primary,All calendar-year days; non-heatwave days contribute zero,"1,2,3,4,5,6,7,8,9,10,11,12",2025-2050,113880.0,6682.0,0.0,0.0,0.03247666010045205,0.0,0.0,0.03268540715295531,-0.02599677228997443,-0.08467895173290463,0.03268540715295531,0.0,-119.78985197805802,36.790939683928464
ssp245,Fresno,exceeded_quantity_composite_all,exceeded_quantity,composite,all,national,national,National,annual_all_days_primary,All calendar-year days; non-heatwave days contribute zero,"1,2,3,4,5,6,7,8,9,10,11,12",2025-2050,113880.0,11532.0,0.3598479901831315,0.0,0.8176353608444181,0.3682288901940993,0.0,0.8611705014479033,0.3682288901940993,-0.12471272105970406,0.8611705014479033,0.0,-119.78985197805802,36.790939683928464
ssp245,Fresno,exceeded_quantity_day_all,exceeded_quantity,day,all,national,national,National,annual_all_days_primary,All calendar-year days; non-heatwave days contribute zero,"1,2,3,4,5,6,7,8,9,10,11,12",2025-2050,113880.0,18824.0,0.24442802528493263,0.0016408726209220911,0.565360064388689,0.2474750584411481,0.0016578292986726623,0.5805997214306251,0.2474750584411481,-0.08564960454832839,0.5805997214306251,0.0,-119.78985197805802,36.790939683928464
ssp245,Fresno,exceeded_quantity_night_all,exceeded_quantity,night,all,national,national,National,annual_all_days_primary,All calendar-year days; non-heatwave days contribute zero,"1,2,3,4,5,6,7,8,9,10,11,12",2025-2050,113880.0,6682.0,0.02009111643814329,0.0,0.12625823308528616,0.020178960818043698,0.0,0.12846303283468818,0.020178960818043698,-0.08810511119860087,0.12846303283468818,0.0,-119.78985197805802,36.790939683928464
ssp245,Gilbert,cehwi_composite_all,cehwi,composite,all,national,national,National,annual_all_days_primary,All calendar-year days; non-heatwave days contribute zero,"1,2,3,4,5,6,7,8,9,10,11,12",2025-2050,37960.0,4821.0,0.32952118626035315,0.010293230318203315,0.6361336624427505,0.33650646873441575,0.010301015189167385,0.6627119222796645,0.33650646873441575,0.010301015189167385,0.6627119222796645,0.0,-111.73870124413682,33.32052130601451
ssp245,Gilbert,cehwi_day_all,cehwi,day,all,national,national,National,annual_all_days_primary,All calendar-year days; non-heatwave days contribute zero,"1,2,3,4,5,6,7,8,9,10,11,12",2025-2050,37960.0,6288.0,0.19988171361989893,0.0011655476643153849,0.47336219819707653,0.20267820963265193,0.0011705903869888928,0.48783681398537665,0.20267820963265193,-0.08248039472007467,0.48783681398537665,0.0,-111.73870124413682,33.32052130601451
ssp245,Gilbert,cehwi_night_all,cehwi,night,all,national,national,National,annual_all_days_primary,All calendar-year days; non-heatwave days contribute zero,"1,2,3,4,5,6,7,8,9,10,11,12",2025-2050,37960.0,4501.0,0.0,0.0,0.08429616787091151,0.0,0.0,0.08493787940755848,-0.066165747914422,-0.21726937523640327,0.08493787940755848,0.0,-111.73870124413682,33.32052130601451
ssp245,Gilbert,exceeded_quantity_composite_all,exceeded_quantity,composite,all,national,national,National,annual_all_days_primary,All calendar-year days; non-heatwave days contribute zero,"1,2,3,4,5,6,7,8,9,10,11,12",2025-2050,37960.0,4821.0,0.3605859299302363,0.0,0.8335862554135686,0.3674796254862985,0.0,0.8705441976370606,0.3674796254862985,-0.13558494666446286,0.8705441976370606,0.0,-111.73870124413682,33.32052130601451
ssp245,Gilbert,exceeded_quantity_day_all,exceeded_quantity,day,all,national,national,National,annual_all_days_primary,All calendar-year days; non-heatwave days contribute zero,"1,2,3,4,5,6,7,8,9,10,11,12",2025-2050,37960.0,6288.0,0.25825442171698004,0.0028895290581934237,0.5894900526048508,0.26182990841314385,0.0029121049953003348,0.6066718633605421,0.26182990841314385,-0.08301204653425384,0.6066718633605421,0.0,-111.73870124413682,33.32052130601451
ssp245,Gilbert,exceeded_quantity_night_all,exceeded_quantity,night,all,national,national,National,annual_all_days_primary,All calendar-year days; non-heatwave days contribute zero,"1,2,3,4,5,6,7,8,9,10,11,12",2025-2050,37960.0,4501.0,0.04134403833209648,0.0,0.26507624899485355,0.04149527600881368,0.0,0.2695911722294604,0.04149527600881368,-0.18660062021183327,0.2695911722294604,0.0,-111.73870124413682,33.32052130601451
ssp245,Henderson,cehwi_composite_all,cehwi,composite,all,national,national,National,annual_all_days_primary,All calendar-year days; non-heatwave days contribute zero,"1,2,3,4,5,6,7,8,9,10,11,12",2025-2050,113880.0,12329.0,0.32693539773746133,0.010748851177395328,0.6283103879370288,0.3353142196684737,0.010759373614670746,0.6600696376295129,0.3353142196684737,0.010558801707434869,0.6600696376295129,0.0,-115.02129501152358,36.01369840409932
ssp245,Henderson,cehwi_day_all,cehwi,day,all,national,national,National,annual_all_days_primary,All calendar-year days; non-heatwave days contribute zero,"1,2,3,4,5,6,7,8,9,10,11,12",2025-2050,113880.0,20027.0,0.19629949065702879,0.0008086583763904372,0.47336410840494647,0.19867606872732788,0.00081390148025413,0.48635772007598416,0.19867606872732788,-0.08900558262133053,0.48635772007598416,0.0,-115.02129501152358,36.01369840409932
ssp245,Henderson,cehwi_night_all,cehwi,night,all,national,national,National,annual_all_days_primary,All calendar-year days; non-heatwave days contribute zero,"1,2,3,4,5,6,7,8,9,10,11,12",2025-2050,113880.0,12398.0,0.0,0.0,0.10283635155632508,0.0,0.0,0.10389180597110129,-0.07571893590011049,-0.2553296777713229,0.10389180597110129,0.0,-115.02129501152358,36.01369840409932
ssp245,Henderson,exceeded_quantity_composite_all,exceeded_quantity,composite,all,national,national,National,annual_all_days_primary,All calendar-year days; non-heatwave days contribute zero,"1,2,3,4,5,6,7,8,9,10,11,12",2025-2050,113880.0,12329.0,0.3066957560684819,0.0,0.709695327846783,0.3124988543992107,0.0,0.7408723178399523,0.3124988543992107,-0.1158746090415304,0.7408723178399523,0.0,-115.02129501152358,36.01369840409932
ssp245,Henderson,exceeded_quantity_day_all,exceeded_quantity,day,all,national,national,National,annual_all_days_primary,All calendar-year days; non-heatwave days contribute zero,"1,2,3,4,5,6,7,8,9,10,11,12",2025-2050,113880.0,20027.0,0.2514216829724788,0.0018576111405098799,0.5800793808585544,0.254605230094696,0.0018723765371994007,0.5958523902120215,0.254605230094696,-0.08664193002262913,0.5958523902120215,0.0,-115.02129501152358,36.01369840409932
ssp245,Henderson,exceeded_quantity_night_all,exceeded_quantity,night,all,national,national,National,annual_all_days_primary,All calendar-year days; non-heatwave days contribute zero,"1,2,3,4,5,6,7,8,9,10,11,12",2025-2050,113880.0,12398.0,0.05327153638695391,0.0,0.29637363706875575,0.05360953829292871,0.0,0.30273398865307627,0.05360953829292871,-0.1955149120672191,0.30273398865307627,0.0,-115.02129501152358,36.01369840409932
ssp245,Houston,cehwi_composite_all,cehwi,composite,all,national,national,National,annual_all_days_primary,All calendar-year days; non-heatwave days contribute zero,"1,2,3,4,5,6,7,8,9,10,11,12",2025-2050,531440.0,80254.0,0.40933796570861264,0.01317090848065049,0.7879447862986622,0.4192378016753745,0.013182903924074623,0.825515109125512,0.4192378016753745,0.012960494225237665,0.825515109125512,0.0,-95.40380028308488,29.82261710963412
ssp245,Houston,cehwi_day_all,cehwi,day,all,national,national,National,annual_all_days_primary,All calendar-year days; non-heatwave days contribute zero,"1,2,3,4,5,6,7,8,9,10,11,12",2025-2050,531440.0,80656.0,0.14728352873464576,0.00019605677861356745,0.35785907630899283,0.1489085285411483,0.000196825455027476,0.3669326379983789,0.1489085285411483,-0.06911558091608422,0.3669326379983789,0.0,-95.40380028308488,29.82261710963412
ssp245,Houston,cehwi_night_all,cehwi,night,all,national,national,National,annual_all_days_primary,All calendar-year days; non-heatwave days contribute zero,"1,2,3,4,5,6,7,8,9,10,11,12",2025-2050,531440.0,108177.0,0.0,0.0,0.10583234643000204,0.0,0.0,0.1064003799690752,-0.08679847407383247,-0.27999732811674166,0.1064003799690752,0.0,-95.40380028308488,29.82261710963412
ssp245,Houston,exceeded_quantity_composite_all,exceeded_quantity,composite,all,national,national,National,annual_all_days_primary,All calendar-year days; non-heatwave days contribute zero,"1,2,3,4,5,6,7,8,9,10,11,12",2025-2050,531440.0,80254.0,0.3424393828537586,0.0,0.8033962117355309,0.34777370660324863,0.0,0.8327877625406385,0.34777370660324863,-0.1372403493341405,0.8327877625406385,0.0,-95.40380028308488,29.82261710963412
ssp245,Houston,exceeded_quantity_day_all,exceeded_quantity,day,all,national,national,National,annual_all_days_primary,All calendar-year days; non-heatwave days contribute zero,"1,2,3,4,5,6,7,8,9,10,11,12",2025-2050,531440.0,80656.0,0.2052371303072835,0.0006612930934306218,0.4791199960413313,0.2075830528848539,0.0006671111728913052,0.4912471440667117,0.2075830528848539,-0.07608103829700345,0.4912471440667117,0.0,-95.40380028308488,29.82261710963412
ssp245,Houston,exceeded_quantity_night_all,exceeded_quantity,night,all,national,national,National,annual_all_days_primary,All calendar-year days; non-heatwave days contribute zero,"1,2,3,4,5,6,7,8,9,10,11,12",2025-2050,531440.0,108177.0,0.04734839939676269,0.0,0.3422512196983732,0.047448331039343795,0.0,0.3466285596413769,0.047448331039343795,-0.2517318975626897,0.3466285596413769,0.0,-95.40380028308488,29.82261710963412
ssp245,Indianapolis,cehwi_composite_all,cehwi,composite,all,national,national,National,annual_all_days_primary,All calendar-year days; non-heatwave days contribute zero,"1,2,3,4,5,6,7,8,9,10,11,12",2025-2050,237250.0,11146.0,0.1460322615044327,0.004424957722293134,0.2821795154412702,0.14956060242392374,0.004428741345496213,0.29576136788566476,0.14956060242392374,0.003359836962182796,0.29576136788566476,0.0,-86.14794458778195,39.79825151756
ssp245,Indianapolis,cehwi_day_all,cehwi,day,all,national,national,National,annual_all_days_primary,All calendar-year days; non-heatwave days contribute zero,"1,2,3,4,5,6,7,8,9,10,11,12",2025-2050,237250.0,48478.0,0.32738204586618136,0.005297800261591835,0.7542788567010894,0.3330446162164397,0.005335123147071238,0.7815901910044886,0.3330446162164397,-0.1155009585716109,0.7815901910044886,0.0,-86.14794458778195,39.79825151756
ssp245,Indianapolis,cehwi_night_all,cehwi,night,all,national,national,National,annual_all_days_primary,All calendar-year days; non-heatwave days contribute zero,"1,2,3,4,5,6,7,8,9,10,11,12",2025-2050,237250.0,1940.0,0.0,0.0,0.0013394090191716584,0.0,0.0,0.0013414359633528662,-0.0011397839522073916,-0.0036210038677677277,0.0013414359633528662,0.0,-86.14794458778195,39.79825151756
ssp245,Indianapolis,exceeded_quantity_composite_all,exceeded_quantity,composite,all,national,national,National,annual_all_days_primary,All calendar-year days; non-heatwave days contribute zero,"1,2,3,4,5,6,7,8,9,10,11,12",2025-2050,237250.0,11146.0,0.17118857139375512,0.0,0.39215323262878077,0.1748718935572887,0.0,0.41180013330524506,0.1748718935572887,-0.06205634619066727,0.41180013330524506,0.0,-86.14794458778195,39.79825151756
ssp245,Indianapolis,exceeded_quantity_day_all,exceeded_quantity,day,all,national,national,National,annual_all_days_primary,All calendar-year days; non-heatwave days contribute zero,"1,2,3,4,5,6,7,8,9,10,11,12",2025-2050,237250.0,48478.0,0.4331805748332629,0.017847791167544685,0.9367097998914896,0.4417994267046239,0.018081934651015198,0.9726085678056303,0.4417994267046239,-0.08900971439638186,0.9726085678056303,0.0,-86.14794458778195,39.79825151756
ssp245,Indianapolis,exceeded_quantity_night_all,exceeded_quantity,night,all,national,national,National,annual_all_days_primary,All calendar-year days; non-heatwave days contribute zero,"1,2,3,4,5,6,7,8,9,10,11,12",2025-2050,237250.0,1940.0,0.0010688713713550887,0.0,0.008267739624948702,0.0010703401641871644,0.0,0.008345925237259171,0.0010703401641871644,-0.006205244908884832,0.008345925237259171,0.0,-86.14794458778195,39.79825151756
ssp245,Jacksonville,cehwi_composite_all,cehwi,composite,all,national,national,National,annual_all_days_primary,All calendar-year days; non-heatwave days contribute zero,"1,2,3,4,5,6,7,8,9,10,11,12",2025-2050,256230.0,28777.0,0.221023309805847,0.006708006279910562,0.4279254604894189,0.22511501930139408,0.006712421126775276,0.44351761747601326,0.22511501930139408,0.006712421126775276,0.44351761747601326,0.0,-81.64707525045209,30.31882240289994
ssp245,Jacksonville,cehwi_day_all,cehwi,day,all,national,national,National,annual_all_days_primary,All calendar-year days; non-heatwave days contribute zero,"1,2,3,4,5,6,7,8,9,10,11,12",2025-2050,256230.0,38914.0,0.2212491067199967,0.012216162546354839,0.4857891589819487,0.22669342248349048,0.01234964109424491,0.5089763434404723,0.22669342248349048,-0.05558949847349327,0.5089763434404723,0.0,-81.64707525045209,30.31882240289994
ssp245,Jacksonville,cehwi_night_all,cehwi,night,all,national,national,National,annual_all_days_primary,All calendar-year days; non-heatwave days contribute zero,"1,2,3,4,5,6,7,8,9,10,11,12",2025-2050,256230.0,46191.0,0.0,0.0,0.058373263856516235,0.0,0.0,0.05856571025338389,-0.04911822810754229,-0.15680216646847014,0.05856571025338389,0.0,-81.64707525045209,30.31882240289994
ssp245,Jacksonville,exceeded_quantity_composite_all,exceeded_quantity,composite,all,national,national,National,annual_all_days_primary,All calendar-year days; non-heatwave days contribute zero,"1,2,3,4,5,6,7,8,9,10,11,12",2025-2050,256230.0,28777.0,0.2232341295610748,0.0,0.5284152536476308,0.22622171538340596,0.0,0.5452160175933178,0.22622171538340596,-0.09277258682650551,0.5452160175933178,0.0,-81.64707525045209,30.31882240289994
ssp245,Jacksonville,exceeded_quantity_day_all,exceeded_quantity,day,all,national,national,National,annual_all_days_primary,All calendar-year days; non-heatwave days contribute zero,"1,2,3,4,5,6,7,8,9,10,11,12",2025-2050,256230.0,38914.0,0.21048343446153855,0.001566930726353811,0.4840630530760642,0.2132154451261751,0.0015816740454777417,0.4974524087611235,0.2132154451261751,-0.07102151850877282,0.4974524087611235,0.0,-81.64707525045209,30.31882240289994
ssp245,Jacksonville,exceeded_quantity_night_all,exceeded_quantity,night,all,national,national,National,annual_all_days_primary,All calendar-year days; non-heatwave days contribute zero,"1,2,3,4,5,6,7,8,9,10,11,12",2025-2050,256230.0,46191.0,0.027741071759142095,0.0,0.2130304736696513,0.027781873858883227,0.0,0.2151353939435394,0.027781873858883227,-0.15957164622577302,0.2151353939435394,0.0,-81.64707525045209,30.31882240289994
ssp245,Kansas_City,cehwi_composite_all,cehwi,composite,all,national,national,National,annual_all_days_primary,All calendar-year days; non-heatwave days contribute zero,"1,2,3,4,5,6,7,8,9,10,11,12",2025-2050,351130.0,53966.0,0.6078913177889864,0.017944592251772962,1.1939947826464923,0.6280980111830569,0.017964967592932708,1.285517463697382,0.6280980111830569,-0.029321441331267645,1.285517463697382,0.0,-94.58725250021293,39.11017064718442
ssp245,Kansas_City,cehwi_day_all,cehwi,day,all,national,national,National,annual_all_days_primary,All calendar-year days; non-heatwave days contribute zero,"1,2,3,4,5,6,7,8,9,10,11,12",2025-2050,351130.0,44033.0,0.08284222996861183,0.0,0.20805225441754718,0.08336806294146173,0.0,0.21134931399859536,0.08336806294146173,-0.04461318811567395,0.21134931399859536,0.0,-94.58725250021293,39.11017064718442
ssp245,Kansas_City,cehwi_night_all,cehwi,night,all,national,national,National,annual_all_days_primary,All calendar-year days; non-heatwave days contribute zero,"1,2,3,4,5,6,7,8,9,10,11,12",2025-2050,351130.0,31449.0,0.0,0.0,0.03172321136412315,0.0,0.0,0.03182936396077818,-0.026704678828045784,-0.08523872161687057,0.03182936396077818,0.0,-94.58725250021293,39.11017064718442
ssp245,Kansas_City,exceeded_quantity_composite_all,exceeded_quantity,composite,all,national,national,National,annual_all_days_primary,All calendar-year days; non-heatwave days contribute zero,"1,2,3,4,5,6,7,8,9,10,11,12",2025-2050,351130.0,53966.0,0.5691002221178805,0.0007985326245825231,1.2787288895061601,0.5843911305612823,0.0008043960592861263,1.3559461616174393,0.5843911305612823,-0.18716390049487389,1.3559461616174393,0.0,-94.58725250021293,39.11017064718442
ssp245,Kansas_City,exceeded_quantity_day_all,exceeded_quantity,day,all,national,national,National,annual_all_days_primary,All calendar-year days; non-heatwave days contribute zero,"1,2,3,4,5,6,7,8,9,10,11,12",2025-2050,351130.0,44033.0,0.16333517898673777,0.0004719798460539177,0.3827036307974578,0.16513475309996714,0.00047615868366130505,0.3920688920193751,0.16513475309996714,-0.06179938581944051,0.3920688920193751,0.0,-94.58725250021293,39.11017064718442
ssp245,Kansas_City,exceeded_quantity_night_all,exceeded_quantity,night,all,national,national,National,annual_all_days_primary,All calendar-year days; non-heatwave days contribute zero,"1,2,3,4,5,6,7,8,9,10,11,12",2025-2050,351130.0,31449.0,0.021195566791629462,0.0,0.15154050608444644,0.021243998587846532,0.0,0.15353510508259885,0.021243998587846532,-0.11104710790690593,0.15353510508259885,0.0,-94.58725250021293,39.11017064718442
ssp245,Las_Vegas,cehwi_composite_all,cehwi,composite,all,national,national,National,annual_all_days_primary,All calendar-year days; non-heatwave days contribute zero,"1,2,3,4,5,6,7,8,9,10,11,12",2025-2050,132860.0,14615.0,0.3603043679954155,0.011981923404523465,0.6915066821659981,0.3700712809871112,0.01199436345768054,0.7285152750904367,0.3700712809871112,0.011627286883786241,0.7285152750904367,0.0,-115.24138225613288,36.21326422353141
ssp245,Las_Vegas,cehwi_day_all,cehwi,day,all,national,national,National,annual_all_days_primary,All calendar-year days; non-heatwave days contribute zero,"1,2,3,4,5,6,7,8,9,10,11,12",2025-2050,132860.0,23485.0,0.1974622384028583,0.0007083599776255779,0.4765025822655841,0.19984242292413001,0.0007130528124878447,0.489573657244981,0.19984242292413001,-0.0898888113967229,0.489573657244981,0.0,-115.24138225613288,36.21326422353141
ssp245,Las_Vegas,cehwi_night_all,cehwi,night,all,national,national,National,annual_all_days_primary,All calendar-year days; non-heatwave days contribute zero,"1,2,3,4,5,6,7,8,9,10,11,12",2025-2050,132860.0,14346.0,7.841216495463646e-07,0.0,0.10691191393396562,7.845303761444378e-07,0.0,0.1080900179202815,-0.07723654318621784,-0.2625631042927178,0.1080900179202815,0.0,-115.24138225613288,36.21326422353141
ssp245,Las_Vegas,exceeded_quantity_composite_all,exceeded_quantity,composite,all,national,national,National,annual_all_days_primary,All calendar-year days; non-heatwave days contribute zero,"1,2,3,4,5,6,7,8,9,10,11,12",2025-2050,132860.0,14615.0,0.3384221312032231,0.0,0.7776559039142964,0.34538932505871506,0.0,0.8145713540868872,0.34538932505871506,-0.12379270396945667,0.8145713540868872,0.0,-115.24138225613288,36.21326422353141
ssp245,Las_Vegas,exceeded_quantity_day_all,exceeded_quantity,day,all,national,national,National,annual_all_days_primary,All calendar-year days; non-heatwave days contribute zero,"1,2,3,4,5,6,7,8,9,10,11,12",2025-2050,132860.0,23485.0,0.258779310318078,0.0023419928435918407,0.5936912203614841,0.2622203576111155,0.0023638286816034296,0.6104478672633281,0.2622203576111155,-0.08600715204109684,0.6104478672633281,0.0,-115.24138225613288,36.21326422353141
ssp245,Las_Vegas,exceeded_quantity_night_all,exceeded_quantity,night,all,national,national,National,annual_all_days_primary,All calendar-year days; non-heatwave days contribute zero,"1,2,3,4,5,6,7,8,9,10,11,12",2025-2050,132860.0,14346.0,0.05565129098859822,0.0,0.3036512262624069,0.05604022336463509,0.0,0.31037109579416905,0.05604022336463509,-0.19829064906489913,0.31037109579416905,0.0,-115.24138225613288,36.21326422353141
ssp245,Long_Beach,cehwi_composite_all,cehwi,composite,all,national,national,National,annual_all_days_primary,All calendar-year days; non-heatwave days contribute zero,"1,2,3,4,5,6,7,8,9,10,11,12",2025-2050,47450.0,70.0,0.005467769729378597,0.00017252146075865437,0.010533780367656778,0.005594358054313941,0.00017265423631143603,0.011016061872316435,0.005594358054313941,0.00017265423631143603,0.011016061872316435,0.0,-118.15363485341176,33.835056657794794
ssp245,Long_Beach,cehwi_day_all,cehwi,day,all,national,national,National,annual_all_days_primary,All calendar-year days; non-heatwave days contribute zero,"1,2,3,4,5,6,7,8,9,10,11,12",2025-2050,47450.0,10973.0,0.36827214833938954,0.006535290632438677,0.8443247401761694,0.37481801255345,0.006581411717296595,0.8755704810644173,0.37481801255345,-0.12593445595751937,0.8755704810644173,0.0,-118.15363485341176,33.835056657794794
ssp245,Long_Beach,cehwi_night_all,cehwi,night,all,national,national,National,annual_all_days_primary,All calendar-year days; non-heatwave days contribute zero,"1,2,3,4,5,6,7,8,9,10,11,12",2025-2050,47450.0,0.0,0.0,0.0,0.0,0.0,0.0,0.0,0.0,0.0,0.0,0.0,-118.15363485341176,33.835056657794794
ssp245,Long_Beach,exceeded_quantity_composite_all,exceeded_quantity,composite,all,national,national,National,annual_all_days_primary,All calendar-year days; non-heatwave days contribute zero,"1,2,3,4,5,6,7,8,9,10,11,12",2025-2050,47450.0,70.0,0.00884571446483452,0.0,0.019193430988475958,0.00913448514318861,0.0,0.020611429024936314,0.00913448514318861,-0.002342458738559092,0.020611429024936314,0.0,-118.15363485341176,33.835056657794794
ssp245,Long_Beach,exceeded_quantity_day_all,exceeded_quantity,day,all,national,national,National,annual_all_days_primary,All calendar-year days; non-heatwave days contribute zero,"1,2,3,4,5,6,7,8,9,10,11,12",2025-2050,47450.0,10973.0,0.5540351083688252,0.057160509080334654,1.1374534338081153,0.5695408554887625,0.05835131057298903,1.1924605075718568,0.5695408554887625,-0.05337879659433113,1.1924605075718568,0.0,-118.15363485341176,33.835056657794794
ssp245,Long_Beach,exceeded_quantity_night_all,exceeded_quantity,night,all,national,national,National,annual_all_days_primary,All calendar-year days; non-heatwave days contribute zero,"1,2,3,4,5,6,7,8,9,10,11,12",2025-2050,47450.0,0.0,0.0,0.0,0.0,0.0,0.0,0.0,0.0,0.0,0.0,0.0,-118.15363485341176,33.835056657794794
ssp245,Los_Angeles,cehwi_composite_all,cehwi,composite,all,national,national,National,annual_all_days_primary,All calendar-year days; non-heatwave days contribute zero,"1,2,3,4,5,6,7,8,9,10,11,12",2025-2050,313170.0,2368.0,0.02714804649399529,0.0008779945198746584,0.05223104198930359,0.027807940288995293,0.0008787627312711226,0.05473711784671946,0.027807940288995293,0.0008787627312711226,0.05473711784671946,0.0,-118.38174277020067,34.071469381211
ssp245,Los_Angeles,cehwi_day_all,cehwi,day,all,national,national,National,annual_all_days_primary,All calendar-year days; non-heatwave days contribute zero,"1,2,3,4,5,6,7,8,9,10,11,12",2025-2050,313170.0,68623.0,0.36564082904491996,0.0053893858419302425,0.840226840169557,0.37206726198241596,0.005424323067827803,0.8713977487612095,0.37206726198241596,-0.12726322479637928,0.8713977487612095,0.0,-118.38174277020067,34.071469381211
ssp245,Los_Angeles,cehwi_night_all,cehwi,night,all,national,national,National,annual_all_days_primary,All calendar-year days; non-heatwave days contribute zero,"1,2,3,4,5,6,7,8,9,10,11,12",2025-2050,313170.0,64.0,0.0,0.0,1.781585797506434e-05,0.0,0.0,1.783123376217374e-05,-1.5178654565596545e-05,-4.81885428933683e-05,1.783123376217374e-05,0.0,-118.38174277020067,34.071469381211
ssp245,Los_Angeles,exceeded_quantity_composite_all,exceeded_quantity,composite,all,national,national,National,annual_all_days_primary,All calendar-year days; non-heatwave days contribute zero,"1,2,3,4,5,6,7,8,9,10,11,12",2025-2050,313170.0,2368.0,0.04038725501789038,3.903138477805314e-06,0.08884634787416307,0.04161643169778531,3.9210379186654205e-06,0.09498423649664012,0.04161643169778531,-0.011751373101069473,0.09498423649664012,0.0,-118.38174277020067,34.071469381211
ssp245,Los_Angeles,exceeded_quantity_day_all,exceeded_quantity,day,all,national,national,National,annual_all_days_primary,All calendar-year days; non-heatwave days contribute zero,"1,2,3,4,5,6,7,8,9,10,11,12",2025-2050,313170.0,68623.0,0.5315060418277012,0.049303059376120645,1.097075122752212,0.5455547179651032,0.050279585827373546,1.1474532902364725,0.5455547179651032,-0.05634385430626537,1.1474532902364725,0.0,-118.38174277020067,34.071469381211
ssp245,Los_Angeles,exceeded_quantity_night_all,exceeded_quantity,night,all,national,national,National,annual_all_days_primary,All calendar-year days; non-heatwave days contribute zero,"1,2,3,4,5,6,7,8,9,10,11,12",2025-2050,313170.0,64.0,1.5549010632204677e-05,0.0,0.00012900480193743516,1.5559023712325253e-05,0.0,0.0001296834059332762,1.5559023712325253e-05,-9.856535850862507e-05,0.0001296834059332762,0.0,-118.38174277020067,34.071469381211
ssp245,Louisville,cehwi_composite_all,cehwi,composite,all,national,national,National,annual_all_days_primary,All calendar-year days; non-heatwave days contribute zero,"1,2,3,4,5,6,7,8,9,10,11,12",2025-2050,227760.0,16341.0,0.22902923679444345,0.0068996414811137476,0.4423960330062699,0.23495374533460453,0.006905928143842859,0.4652536516110481,0.23495374533460453,0.004653839058161203,0.4652536516110481,0.0,-85.68381502432021,38.18964489781964
ssp245,Louisville,cehwi_day_all,cehwi,day,all,national,national,National,annual_all_days_primary,All calendar-year days; non-heatwave days contribute zero,"1,2,3,4,5,6,7,8,9,10,11,12",2025-2050,227760.0,45470.0,0.2356961088827014,0.0008941517975535284,0.5675076606958919,0.23860624404680758,0.0008991192813263308,0.5834020434304822,0.23860624404680758,-0.10618955533686912,0.5834020434304822,0.0,-85.68381502432021,38.18964489781964
ssp245,Louisville,cehwi_night_all,cehwi,night,all,national,national,National,annual_all_days_primary,All calendar-year days; non-heatwave days contribute zero,"1,2,3,4,5,6,7,8,9,10,11,12",2025-2050,227760.0,3268.0,0.0,0.0,0.0015907599386019962,0.0,0.0,0.0015924017196271483,-0.0013547620032977918,-0.004301925726222843,0.0015924017196271483,0.0,-85.68381502432021,38.18964489781964
ssp245,Louisville,exceeded_quantity_composite_all,exceeded_quantity,composite,all,national,national,National,annual_all_days_primary,All calendar-year days; non-heatwave days contribute zero,"1,2,3,4,5,6,7,8,9,10,11,12",2025-2050,227760.0,16341.0,0.2540602614878707,0.0,0.5786214065369897,0.2599599497379798,0.0,0.6093522479766953,0.2599599497379798,-0.08943234850073532,0.6093522479766953,0.0,-85.68381502432021,38.18964489781964
ssp245,Louisville,exceeded_quantity_day_all,exceeded_quantity,day,all,national,national,National,annual_all_days_primary,All calendar-year days; non-heatwave days contribute zero,"1,2,3,4,5,6,7,8,9,10,11,12",2025-2050,227760.0,45470.0,0.33652755544074464,0.0077972428787854466,0.75367646718588,0.3419403917362109,0.007898409301482652,0.777997204645226,0.3419403917362109,-0.0941164211728038,0.777997204645226,0.0,-85.68381502432021,38.18964489781964
ssp245,Louisville,exceeded_quantity_night_all,exceeded_quantity,night,all,national,national,National,annual_all_days_primary,All calendar-year days; non-heatwave days contribute zero,"1,2,3,4,5,6,7,8,9,10,11,12",2025-2050,227760.0,3268.0,0.00122932319412944,0.0,0.010048683556633554,0.0012303073353677834,0.0,0.010111178377732328,0.0012303073353677834,-0.007650563706996728,0.010111178377732328,0.0,-85.68381502432021,38.18964489781964
ssp245,Lubbock,cehwi_composite_all,cehwi,composite,all,national,national,National,annual_all_days_primary,All calendar-year days; non-heatwave days contribute zero,"1,2,3,4,5,6,7,8,9,10,11,12",2025-2050,94900.0,14035.0,0.573178759259607,0.017361404771749054,1.1072799353264056,0.5912510234943067,0.017381517463695734,1.1774987053752282,0.5912510234943067,0.005003341613385974,1.1774987053752282,0.0,-101.86846205987358,33.57347977527576
ssp245,Lubbock,cehwi_day_all,cehwi,day,all,national,national,National,annual_all_days_primary,All calendar-year days; non-heatwave days contribute zero,"1,2,3,4,5,6,7,8,9,10,11,12",2025-2050,94900.0,13324.0,0.1461952852101285,0.000604009101074723,0.34977023958893816,0.14804153976042397,0.0006065685986725137,0.3594581777423632,0.14804153976042397,-0.06337509822151693,0.3594581777423632,0.0,-101.86846205987358,33.57347977527576
ssp245,Lubbock,cehwi_night_all,cehwi,night,all,national,national,National,annual_all_days_primary,All calendar-year days; non-heatwave days contribute zero,"1,2,3,4,5,6,7,8,9,10,11,12",2025-2050,94900.0,8864.0,0.0,0.0,0.03881252415593488,0.0,0.0,0.03897881609647071,-0.03230934872376673,-0.10359751354400498,0.03897881609647071,0.0,-101.86846205987358,33.57347977527576
ssp245,Lubbock,exceeded_quantity_composite_all,exceeded_quantity,composite,all,national,national,National,annual_all_days_primary,All calendar-year days; non-heatwave days contribute zero,"1,2,3,4,5,6,7,8,9,10,11,12",2025-2050,94900.0,14035.0,0.5086167664249022,0.0,1.15451635719702,0.5206567991572416,0.0,1.2166688209217065,0.5206567991572416,-0.17535522260722264,1.2166688209217065,0.0,-101.86846205987358,33.57347977527576
ssp245,Lubbock,exceeded_quantity_day_all,exceeded_quantity,day,all,national,national,National,annual_all_days_primary,All calendar-year days; non-heatwave days contribute zero,"1,2,3,4,5,6,7,8,9,10,11,12",2025-2050,94900.0,13324.0,0.23307890461996378,0.0040785913582527455,0.5246084807696215,0.2366799599084484,0.004127179419926872,0.5412358565101791,0.2366799599084484,-0.06787593669328183,0.5412358565101791,0.0,-101.86846205987358,33.57347977527576
ssp245,Lubbock,exceeded_quantity_night_all,exceeded_quantity,night,all,national,national,National,annual_all_days_primary,All calendar-year days; non-heatwave days contribute zero,"1,2,3,4,5,6,7,8,9,10,11,12",2025-2050,94900.0,8864.0,0.024648294879828492,0.0,0.1685673163424371,0.024720900605070543,0.0,0.1710021375459338,0.024720900605070543,-0.1215603363357929,0.1710021375459338,0.0,-101.86846205987358,33.57347977527576
ssp245,Mesa,cehwi_composite_all,cehwi,composite,all,national,national,National,annual_all_days_primary,All calendar-year days; non-heatwave days contribute zero,"1,2,3,4,5,6,7,8,9,10,11,12",2025-2050,75920.0,8932.0,0.2961723973105695,0.009192466757719234,0.5720417257243005,0.30231989233088913,0.009199250681169027,0.5954405339806097,0.30231989233088913,0.009199250681169027,0.5954405339806097,0.0,-111.7222897149077,33.41501904761478
ssp245,Mesa,cehwi_day_all,cehwi,day,all,national,national,National,annual_all_days_primary,All calendar-year days; non-heatwave days contribute zero,"1,2,3,4,5,6,7,8,9,10,11,12",2025-2050,75920.0,13060.0,0.21778215375463458,0.0010739346813453893,0.5147429597255154,0.2208940674957151,0.0010787203053075013,0.5308672471177011,0.2208940674957151,-0.08907911212627266,0.5308672471177011,0.0,-111.7222897149077,33.41501904761478
ssp245,Mesa,cehwi_night_all,cehwi,night,all,national,national,National,annual_all_days_primary,All calendar-year days; non-heatwave days contribute zero,"1,2,3,4,5,6,7,8,9,10,11,12",2025-2050,75920.0,9059.0,0.0,0.0,0.0902968501265748,0.0,0.0,0.09106115971732855,-0.06943014109076118,-0.2299214418988517,0.09106115971732855,0.0,-111.7222897149077,33.41501904761478
ssp245,Mesa,exceeded_quantity_composite_all,exceeded_quantity,composite,all,national,national,National,annual_all_days_primary,All calendar-year days; non-heatwave days contribute zero,"1,2,3,4,5,6,7,8,9,10,11,12",2025-2050,75920.0,8932.0,0.33290455731493707,0.0,0.770044065199916,0.3392250294410324,0.0,0.8039717836262625,0.3392250294410324,-0.1255217247441971,0.8039717836262625,0.0,-111.7222897149077,33.41501904761478
ssp245,Mesa,exceeded_quantity_day_all,exceeded_quantity,day,all,national,national,National,annual_all_days_primary,All calendar-year days; non-heatwave days contribute zero,"1,2,3,4,5,6,7,8,9,10,11,12",2025-2050,75920.0,13060.0,0.2762171538573208,0.0043513203024697095,0.6261827129673991,0.2802553898268419,0.004391834138613151,0.6451014110347711,0.2802553898268419,-0.08459063138108677,0.6451014110347711,0.0,-111.7222897149077,33.41501904761478
ssp245,Mesa,exceeded_quantity_night_all,exceeded_quantity,night,all,national,national,National,annual_all_days_primary,All calendar-year days; non-heatwave days contribute zero,"1,2,3,4,5,6,7,8,9,10,11,12",2025-2050,75920.0,9059.0,0.045275623831775656,0.0,0.28069343911741734,0.04546045096194158,0.0,0.28578990029043966,0.04546045096194158,-0.19486899836655672,0.28578990029043966,0.0,-111.7222897149077,33.41501904761478
ssp245,Miami,cehwi_composite_all,cehwi,composite,all,national,national,National,annual_all_days_primary,All calendar-year days; non-heatwave days contribute zero,"1,2,3,4,5,6,7,8,9,10,11,12",2025-2050,9490.0,657.0,0.05772858558019835,0.0015625926026254988,0.11308433436669899,0.05816437663922092,0.0015629381875756061,0.11476581509086664,0.05816437663922092,0.0015629381875756061,0.11476581509086664,0.0,-80.21906371259311,25.778536464808017
ssp245,Miami,cehwi_day_all,cehwi,day,all,national,national,National,annual_all_days_primary,All calendar-year days; non-heatwave days contribute zero,"1,2,3,4,5,6,7,8,9,10,11,12",2025-2050,9490.0,2096.0,0.17860478574759925,0.0,0.44251042606753593,0.18013788663032648,0.0,0.4517042359435878,0.18013788663032648,-0.09142846268293785,0.4517042359435878,0.0,-80.21906371259311,25.778536464808017
ssp245,Miami,cehwi_night_all,cehwi,night,all,national,national,National,annual_all_days_primary,All calendar-year days; non-heatwave days contribute zero,"1,2,3,4,5,6,7,8,9,10,11,12",2025-2050,9490.0,1648.0,0.0,0.0,0.04020981125283416,0.0,0.0,0.040300768543214203,-0.034078155760190555,-0.10845708006359728,0.040300768543214203,0.0,-80.21906371259311,25.778536464808017
ssp245,Miami,exceeded_quantity_composite_all,exceeded_quantity,composite,all,national,national,National,annual_all_days_primary,All calendar-year days; non-heatwave days contribute zero,"1,2,3,4,5,6,7,8,9,10,11,12",2025-2050,9490.0,657.0,0.07842846300376967,0.0,0.1894843407554429,0.07900341109716534,0.0,0.1928589385164,0.07900341109716534,-0.03485211632206905,0.1928589385164,0.0,-80.21906371259311,25.778536464808017
ssp245,Miami,exceeded_quantity_day_all,exceeded_quantity,day,all,national,national,National,annual_all_days_primary,All calendar-year days; non-heatwave days contribute zero,"1,2,3,4,5,6,7,8,9,10,11,12",2025-2050,9490.0,2096.0,0.20265748025492775,0.0,0.4872107178768272,0.20428334883924787,0.0,0.4963823111591776,0.20428334883924787,-0.08781561348068118,0.4963823111591776,0.0,-80.21906371259311,25.778536464808017
ssp245,Miami,exceeded_quantity_night_all,exceeded_quantity,night,all,national,national,National,annual_all_days_primary,All calendar-year days; non-heatwave days contribute zero,"1,2,3,4,5,6,7,8,9,10,11,12",2025-2050,9490.0,1648.0,0.019043808384415505,0.0,0.15425486780535483,0.019061218268715204,0.0,0.15533577686769387,0.019061218268715204,-0.1172133403302634,0.15533577686769387,0.0,-80.21906371259311,25.778536464808017
ssp245,Milwaukee,cehwi_composite_all,cehwi,composite,all,national,national,National,annual_all_days_primary,All calendar-year days; non-heatwave days contribute zero,"1,2,3,4,5,6,7,8,9,10,11,12",2025-2050,113880.0,6665.0,0.20072832529329585,0.00636908840069823,0.38640669251663173,0.20603434131925455,0.006375292053846482,0.40667131312867283,0.20603434131925455,0.005397369509836486,0.40667131312867283,0.0,-87.95206111672199,43.04180163093047
ssp245,Milwaukee,cehwi_day_all,cehwi,day,all,national,national,National,annual_all_days_primary,All calendar-year days; non-heatwave days contribute zero,"1,2,3,4,5,6,7,8,9,10,11,12",2025-2050,113880.0,19542.0,0.2546325065597432,0.0015280704499683424,0.5996617760480706,0.2584262329188652,0.0015359584503478563,0.6192997259356323,0.2584262329188652,-0.10244726009790348,0.6192997259356323,0.0,-87.95206111672199,43.04180163093047
ssp245,Milwaukee,cehwi_night_all,cehwi,night,all,national,national,National,annual_all_days_primary,All calendar-year days; non-heatwave days contribute zero,"1,2,3,4,5,6,7,8,9,10,11,12",2025-2050,113880.0,1383.0,0.0,0.0,0.003407610272289515,0.0,0.0,0.0034173194071418283,-0.002879259399131631,-0.009175838205405207,0.0034173194071418283,0.0,-87.95206111672199,43.04180163093047
ssp245,Milwaukee,exceeded_quantity_composite_all,exceeded_quantity,composite,all,national,national,National,annual_all_days_primary,All calendar-year days; non-heatwave days contribute zero,"1,2,3,4,5,6,7,8,9,10,11,12",2025-2050,113880.0,6665.0,0.2424547670772088,0.0002268124120627753,0.544811179119844,0.24884176991460172,0.0002284817055235852,0.5773364720444552,0.24884176991460172,-0.07965293221525133,0.5773364720444552,0.0,-87.95206111672199,43.04180163093047
ssp245,Milwaukee,exceeded_quantity_day_all,exceeded_quantity,day,all,national,national,National,annual_all_days_primary,All calendar-year days; non-heatwave days contribute zero,"1,2,3,4,5,6,7,8,9,10,11,12",2025-2050,113880.0,19542.0,0.41050238992598814,0.02759144884899162,0.8637897680006649,0.42016928909938395,0.028058467415539502,0.9009139094544327,0.42016928909938395,-0.06057533125566436,0.9009139094544327,0.0,-87.95206111672199,43.04180163093047
ssp245,Milwaukee,exceeded_quantity_night_all,exceeded_quantity,night,all,national,national,National,annual_all_days_primary,All calendar-year days; non-heatwave days contribute zero,"1,2,3,4,5,6,7,8,9,10,11,12",2025-2050,113880.0,1383.0,0.0027927423117849524,0.0,0.0195053881569337,0.002799822080357866,0.0,0.019775158528126186,0.002799822080357866,-0.014175514367410462,0.019775158528126186,0.0,-87.95206111672199,43.04180163093047
ssp245,Minneapolis,cehwi_composite_all,cehwi,composite,all,national,national,National,annual_all_days_primary,All calendar-year days; non-heatwave days contribute zero,"1,2,3,4,5,6,7,8,9,10,11,12",2025-2050,66430.0,2085.0,0.10619075382562157,0.0032933658366526503,0.2046908756714759,0.1088117197220954,0.0032962540234374145,0.21471470494443895,0.1088117197220954,0.0029087344997518988,0.21471470494443895,0.0,-93.270301483301,44.960120100206886
ssp245,Minneapolis,cehwi_day_all,cehwi,day,all,national,national,National,annual_all_days_primary,All calendar-year days; non-heatwave days contribute zero,"1,2,3,4,5,6,7,8,9,10,11,12",2025-2050,66430.0,12800.0,0.3379092124366843,0.007612734425257943,0.7729586837858837,0.3442822325325622,0.007691362431343381,0.8030434880306091,0.3442822325325622,-0.11447902296548619,0.8030434880306091,0.0,-93.270301483301,44.960120100206886
ssp245,Minneapolis,cehwi_night_all,cehwi,night,all,national,national,National,annual_all_days_primary,All calendar-year days; non-heatwave days contribute zero,"1,2,3,4,5,6,7,8,9,10,11,12",2025-2050,66430.0,129.0,0.0,0.0,0.00029472573746028345,0.0,0.0,0.00029511439178884645,-0.00025096232369822326,-0.0007970390391853201,0.00029511439178884645,0.0,-93.270301483301,44.960120100206886
ssp245,Minneapolis,exceeded_quantity_composite_all,exceeded_quantity,composite,all,national,national,National,annual_all_days_primary,All calendar-year days; non-heatwave days contribute zero,"1,2,3,4,5,6,7,8,9,10,11,12",2025-2050,66430.0,2085.0,0.13915470650426012,0.0,0.31286261290496115,0.14277021765439218,0.0,0.3315282757651781,0.14277021765439218,-0.04598784045639366,0.3315282757651781,0.0,-93.270301483301,44.960120100206886
ssp245,Minneapolis,exceeded_quantity_day_all,exceeded_quantity,day,all,national,national,National,annual_all_days_primary,All calendar-year days; non-heatwave days contribute zero,"1,2,3,4,5,6,7,8,9,10,11,12",2025-2050,66430.0,12800.0,0.4908002015376569,0.04422386296390264,1.0142244296647775,0.5036711288566943,0.04508781595757323,1.0608630310616696,0.5036711288566943,-0.05352077334828071,1.0608630310616696,0.0,-93.270301483301,44.960120100206886
ssp245,Minneapolis,exceeded_quantity_night_all,exceeded_quantity,night,all,national,national,National,annual_all_days_primary,All calendar-year days; non-heatwave days contribute zero,"1,2,3,4,5,6,7,8,9,10,11,12",2025-2050,66430.0,129.0,0.00028915877446417055,0.0,0.0022979391793723765,0.0002894838356432198,0.0,0.0023179808467943736,0.0002894838356432198,-0.0017390131755079274,0.0023179808467943736,0.0,-93.270301483301,44.960120100206886
ssp245,Miramar,cehwi_composite_all,cehwi,composite,all,national,national,National,annual_all_days_primary,All calendar-year days; non-heatwave days contribute zero,"1,2,3,4,5,6,7,8,9,10,11,12",2025-2050,18980.0,1424.0,0.06412125853835,0.0017330960093865104,0.12559638129081604,0.06461156762971004,0.001733473755364195,0.12748966150405636,0.06461156762971004,0.001733473755364195,0.12748966150405636,0.0,-80.30889524100506,25.980599743327616
ssp245,Miramar,cehwi_day_all,cehwi,day,all,national,national,National,annual_all_days_primary,All calendar-year days; non-heatwave days contribute zero,"1,2,3,4,5,6,7,8,9,10,11,12",2025-2050,18980.0,4239.0,0.18590458942488317,0.0003841586441039073,0.4562907441972202,0.18767072205918142,0.0003859808263846617,0.4662834838360396,0.18767072205918142,-0.09094203971767997,0.4662834838360396,0.0,-80.30889524100506,25.980599743327616
ssp245,Miramar,cehwi_night_all,cehwi,night,all,national,national,National,annual_all_days_primary,All calendar-year days; non-heatwave days contribute zero,"1,2,3,4,5,6,7,8,9,10,11,12",2025-2050,18980.0,3547.0,0.0,0.0,0.04913736801987215,0.0,0.0,0.0492580751793714,-0.04161762790461466,-0.13249333098860275,0.0492580751793714,0.0,-80.30889524100506,25.980599743327616
ssp245,Miramar,exceeded_quantity_composite_all,exceeded_quantity,composite,all,national,national,National,annual_all_days_primary,All calendar-year days; non-heatwave days contribute zero,"1,2,3,4,5,6,7,8,9,10,11,12",2025-2050,18980.0,1424.0,0.0840539403971544,0.0,0.20324743024206016,0.08464790719956167,0.0,0.20674252595650663,0.08464790719956167,-0.0374467115573831,0.20674252595650663,0.0,-80.30889524100506,25.980599743327616
ssp245,Miramar,exceeded_quantity_day_all,exceeded_quantity,day,all,national,national,National,annual_all_days_primary,All calendar-year days; non-heatwave days contribute zero,"1,2,3,4,5,6,7,8,9,10,11,12",2025-2050,18980.0,4239.0,0.201446551786971,0.0,0.48630763619503886,0.2029569025007467,0.0,0.49488989850794857,0.2029569025007467,-0.08897609350645443,0.49488989850794857,0.0,-80.30889524100506,25.980599743327616
ssp245,Miramar,exceeded_quantity_night_all,exceeded_quantity,night,all,national,national,National,annual_all_days_primary,All calendar-year days; non-heatwave days contribute zero,"1,2,3,4,5,6,7,8,9,10,11,12",2025-2050,18980.0,3547.0,0.02244638846837787,0.0,0.18063751539291079,0.022468492719572283,0.0,0.18198608076502457,0.022468492719572283,-0.13704909532588003,0.18198608076502457,0.0,-80.30889524100506,25.980599743327616
ssp245,Nashville,cehwi_composite_all,cehwi,composite,all,national,national,National,annual_all_days_primary,All calendar-year days; non-heatwave days contribute zero,"1,2,3,4,5,6,7,8,9,10,11,12",2025-2050,275210.0,34501.0,0.39863729588169095,0.012336219917856606,0.7697035171971941,0.40986852254045036,0.012349129496183024,0.8131191647011793,0.40986852254045036,0.006617880379721697,0.8131191647011793,0.0,-86.77366764775488,36.19153461330117
ssp245,Nashville,cehwi_day_all,cehwi,day,all,national,national,National,annual_all_days_primary,All calendar-year days; non-heatwave days contribute zero,"1,2,3,4,5,6,7,8,9,10,11,12",2025-2050,275210.0,43781.0,0.14925213831397316,4.279069863183264e-05,0.3652449043157507,0.15077610598666397,4.2979099043957344e-05,0.3740153801881432,0.15077610598666397,-0.07246316821481734,0.3740153801881432,0.0,-86.77366764775488,36.19153461330117
ssp245,Nashville,cehwi_night_all,cehwi,night,all,national,national,National,annual_all_days_primary,All calendar-year days; non-heatwave days contribute zero,"1,2,3,4,5,6,7,8,9,10,11,12",2025-2050,275210.0,24748.0,0.0,0.0,0.026166356676635028,0.0,0.0,0.026267997325828806,-0.02160157257404886,-0.06947114247392748,0.026267997325828806,0.0,-86.77366764775488,36.19153461330117
ssp245,Nashville,exceeded_quantity_composite_all,exceeded_quantity,composite,all,national,national,National,annual_all_days_primary,All calendar-year days; non-heatwave days contribute zero,"1,2,3,4,5,6,7,8,9,10,11,12",2025-2050,275210.0,34501.0,0.37433324948201196,0.0,0.8583401578449631,0.38226054583135677,0.0,0.8998393242651178,0.38226054583135677,-0.1353182326024036,0.8998393242651178,0.0,-86.77366764775488,36.19153461330117
ssp245,Nashville,exceeded_quantity_day_all,exceeded_quantity,day,all,national,national,National,annual_all_days_primary,All calendar-year days; non-heatwave days contribute zero,"1,2,3,4,5,6,7,8,9,10,11,12",2025-2050,275210.0,43781.0,0.21709740363370922,0.0010964040082627195,0.5067552969935825,0.21959565023494812,0.0011097559873308736,0.5195612596912493,0.21959565023494812,-0.08036995922135254,0.5195612596912493,0.0,-86.77366764775488,36.19153461330117
ssp245,Nashville,exceeded_quantity_night_all,exceeded_quantity,night,all,national,national,National,annual_all_days_primary,All calendar-year days; non-heatwave days contribute zero,"1,2,3,4,5,6,7,8,9,10,11,12",2025-2050,275210.0,24748.0,0.014362286058832146,0.0,0.11083988905919998,0.014383626964330919,0.0,0.11189546458056704,0.014383626964330919,-0.08312821065190532,0.11189546458056704,0.0,-86.77366764775488,36.19153461330117
ssp245,New_York,cehwi_composite_all,cehwi,composite,all,national,national,National,annual_all_days_primary,All calendar-year days; non-heatwave days contribute zero,"1,2,3,4,5,6,7,8,9,10,11,12",2025-2050,180310.0,8492.0,0.14397716783154396,0.004652289737503655,0.2771676625093902,0.14741060253227034,0.004656481517282585,0.2901936628333017,0.14741060253227034,0.004627542231239178,0.2901936628333017,0.0,-73.93385110803686,40.68503572090172
ssp245,New_York,cehwi_day_all,cehwi,day,all,national,national,National,annual_all_days_primary,All calendar-year days; non-heatwave days contribute zero,"1,2,3,4,5,6,7,8,9,10,11,12",2025-2050,180310.0,26802.0,0.19757139895287354,0.0008180541322432382,0.4725504575771771,0.20016885105874152,0.0008230363933709008,0.4864987602851518,0.20016885105874152,-0.08616105816767013,0.4864987602851518,0.0,-73.93385110803686,40.68503572090172
ssp245,New_York,cehwi_night_all,cehwi,night,all,national,national,National,annual_all_days_primary,All calendar-year days; non-heatwave days contribute zero,"1,2,3,4,5,6,7,8,9,10,11,12",2025-2050,180310.0,2563.0,0.0,0.0,0.004143458734634502,0.0,0.0,0.004155223320694139,-0.003503670764803926,-0.011162564850302125,0.004155223320694139,0.0,-73.93385110803686,40.68503572090172
ssp245,New_York,exceeded_quantity_composite_all,exceeded_quantity,composite,all,national,national,National,annual_all_days_primary,All calendar-year days; non-heatwave days contribute zero,"1,2,3,4,5,6,7,8,9,10,11,12",2025-2050,180310.0,8492.0,0.18075690812815928,4.661396867861683e-06,0.40900122971716146,0.18520350943456607,4.681096768215628e-06,0.4319482124521375,0.18520350943456607,-0.061541193583005166,0.4319482124521375,0.0,-73.93385110803686,40.68503572090172
ssp245,New_York,exceeded_quantity_day_all,exceeded_quantity,day,all,national,national,National,annual_all_days_primary,All calendar-year days; non-heatwave days contribute zero,"1,2,3,4,5,6,7,8,9,10,11,12",2025-2050,180310.0,26802.0,0.33403803892145245,0.013831734193133839,0.7204288384554864,0.34082253549912356,0.014040927537704792,0.7485643192159518,0.34082253549912356,-0.0669192482177044,0.7485643192159518,0.0,-73.93385110803686,40.68503572090172
ssp245,New_York,exceeded_quantity_night_all,exceeded_quantity,night,all,national,national,National,annual_all_days_primary,All calendar-year days; non-heatwave days contribute zero,"1,2,3,4,5,6,7,8,9,10,11,12",2025-2050,180310.0,2563.0,0.003044994731841014,0.0,0.021996830563336577,0.003051572540121553,0.0,0.02227462004846963,0.003051572540121553,-0.016171474968226542,0.02227462004846963,0.0,-73.93385110803686,40.68503572090172
ssp245,Newark,cehwi_composite_all,cehwi,composite,all,national,national,National,annual_all_days_primary,All calendar-year days; non-heatwave days contribute zero,"1,2,3,4,5,6,7,8,9,10,11,12",2025-2050,28470.0,837.0,0.08581849765755457,0.002707271907274955,0.1655672519965341,0.08768266681703044,0.0027094039321914963,0.17265592970186944,0.08768266681703044,0.0027094039321914963,0.17265592970186944,0.0,-74.18238500330992,40.73053616358863
ssp245,Newark,cehwi_day_all,cehwi,day,all,national,national,National,annual_all_days_primary,All calendar-year days; non-heatwave days contribute zero,"1,2,3,4,5,6,7,8,9,10,11,12",2025-2050,28470.0,4361.0,0.23306321539297917,0.0037180749364710444,0.5443011834953652,0.23676842577367624,0.0037459268370122934,0.5625934034777329,0.23676842577367624,-0.08905655193038153,0.5625934034777329,0.0,-74.18238500330992,40.73053616358863
ssp245,Newark,cehwi_night_all,cehwi,night,all,national,national,National,annual_all_days_primary,All calendar-year days; non-heatwave days contribute zero,"1,2,3,4,5,6,7,8,9,10,11,12",2025-2050,28470.0,316.0,0.0,0.0,0.0033547208835343623,0.0,0.0,0.003363432664606575,-0.002843440136659865,-0.009050312937926424,0.003363432664606575,0.0,-74.18238500330992,40.73053616358863
ssp245,Newark,exceeded_quantity_composite_all,exceeded_quantity,composite,all,national,national,National,annual_all_days_primary,All calendar-year days; non-heatwave days contribute zero,"1,2,3,4,5,6,7,8,9,10,11,12",2025-2050,28470.0,837.0,0.11494887702802545,0.0,0.26060417883909354,0.1177289001588632,0.0,0.2750428627893081,0.1177289001588632,-0.039585062471581556,0.2750428627893081,0.0,-74.18238500330992,40.73053616358863
ssp245,Newark,exceeded_quantity_day_all,exceeded_quantity,day,all,national,national,National,annual_all_days_primary,All calendar-year days; non-heatwave days contribute zero,"1,2,3,4,5,6,7,8,9,10,11,12",2025-2050,28470.0,4361.0,0.37397527996075247,0.020662651374413362,0.7939488928197688,0.38233564554499505,0.02102289894418385,0.8270821933663539,0.38233564554499505,-0.062410902276363256,0.8270821933663539,0.0,-74.18238500330992,40.73053616358863
ssp245,Newark,exceeded_quantity_night_all,exceeded_quantity,night,all,national,national,National,annual_all_days_primary,All calendar-year days; non-heatwave days contribute zero,"1,2,3,4,5,6,7,8,9,10,11,12",2025-2050,28470.0,316.0,0.0024383466540678733,0.0,0.017656583863067878,0.0024433530178820063,0.0,0.017882121956470865,0.0024433530178820063,-0.012995415920706847,0.017882121956470865,0.0,-74.18238500330992,40.73053616358863
ssp245,Oakland,cehwi_composite_all,cehwi,composite,all,national,national,National,annual_all_days_primary,All calendar-year days; non-heatwave days contribute zero,"1,2,3,4,5,6,7,8,9,10,11,12",2025-2050,66430.0,39.0,0.0022671603139445594,7.176829437342902e-05,0.0043660950247983105,0.0023204371899253227,7.182411158224808e-05,0.004569050268268397,0.0023204371899253227,7.182411158224808e-05,0.004569050268268397,0.0,-122.21938649647218,37.78069814132114
ssp245,Oakland,cehwi_day_all,cehwi,day,all,national,national,National,annual_all_days_primary,All calendar-year days; non-heatwave days contribute zero,"1,2,3,4,5,6,7,8,9,10,11,12",2025-2050,66430.0,14587.0,0.36841740312113674,0.004180127539626617,0.8538937235127414,0.37457603263473094,0.004205133466740386,0.8845777291198361,0.37457603263473094,-0.13542566385037577,0.8845777291198361,0.0,-122.21938649647218,37.78069814132114
ssp245,Oakland,cehwi_night_all,cehwi,night,all,national,national,National,annual_all_days_primary,All calendar-year days; non-heatwave days contribute zero,"1,2,3,4,5,6,7,8,9,10,11,12",2025-2050,66430.0,2.0,0.0,0.0,3.848390997975012e-06,0.0,0.0,3.850911458781575e-06,-3.2796713637844348e-06,-1.0410254186350896e-05,3.850911458781575e-06,0.0,-122.21938649647218,37.78069814132114
ssp245,Oakland,exceeded_quantity_composite_all,exceeded_quantity,composite,all,national,national,National,annual_all_days_primary,All calendar-year days; non-heatwave days contribute zero,"1,2,3,4,5,6,7,8,9,10,11,12",2025-2050,66430.0,39.0,0.0038038677416392264,0.0,0.00817197756477287,0.003936364163583556,0.0,0.00881393108342607,0.003936364163583556,-0.0009412027562589554,0.00881393108342607,0.0,-122.21938649647218,37.78069814132114
ssp245,Oakland,exceeded_quantity_day_all,exceeded_quantity,day,all,national,national,National,annual_all_days_primary,All calendar-year days; non-heatwave days contribute zero,"1,2,3,4,5,6,7,8,9,10,11,12",2025-2050,66430.0,14587.0,0.53092455110695,0.02706771146413053,1.1264018231750037,0.5425480873695936,0.027419151782158712,1.1732602043723603,0.5425480873695936,-0.08816402963317227,1.1732602043723603,0.0,-122.21938649647218,37.78069814132114
ssp245,Oakland,exceeded_quantity_night_all,exceeded_quantity,night,all,national,national,National,annual_all_days_primary,All calendar-year days; non-heatwave days contribute zero,"1,2,3,4,5,6,7,8,9,10,11,12",2025-2050,66430.0,2.0,5.868666592869637e-06,0.0,4.73928561625788e-05,5.87455388415761e-06,0.0,4.777873054035677e-05,5.87455388415761e-06,-3.60296227720417e-05,4.777873054035677e-05,0.0,-122.21938649647218,37.78069814132114
ssp245,Oklahoma_City,cehwi_composite_all,cehwi,composite,all,national,national,National,annual_all_days_primary,All calendar-year days; non-heatwave days contribute zero,"1,2,3,4,5,6,7,8,9,10,11,12",2025-2050,275210.0,44069.0,0.6793297103257798,0.019284480816306456,1.3287854629737221,0.7021353847639338,0.019308107954852802,1.4212194577607826,0.7021353847639338,-0.01694868823291455,1.4212194577607826,0.0,-97.51318175134928,35.47080687822383
ssp245,Oklahoma_City,cehwi_day_all,cehwi,day,all,national,national,National,annual_all_days_primary,All calendar-year days; non-heatwave days contribute zero,"1,2,3,4,5,6,7,8,9,10,11,12",2025-2050,275210.0,26455.0,0.050999931932183974,0.0,0.12842862304650593,0.051290433197033095,0.0,0.13025767430156351,0.051290433197033095,-0.027676807907498973,0.13025767430156351,0.0,-97.51318175134928,35.47080687822383
ssp245,Oklahoma_City,cehwi_night_all,cehwi,night,all,national,national,National,annual_all_days_primary,All calendar-year days; non-heatwave days contribute zero,"1,2,3,4,5,6,7,8,9,10,11,12",2025-2050,275210.0,30264.0,0.0,0.0,0.046437416010744956,0.0,0.0,0.046620704257664985,-0.03888841568655749,-0.12439753563078086,0.046620704257664985,0.0,-97.51318175134928,35.47080687822383
ssp245,Oklahoma_City,exceeded_quantity_composite_all,exceeded_quantity,composite,all,national,national,National,annual_all_days_primary,All calendar-year days; non-heatwave days contribute zero,"1,2,3,4,5,6,7,8,9,10,11,12",2025-2050,275210.0,44069.0,0.5981847185964406,0.00012591717100015842,1.341818742275982,0.6140033426368536,0.0001266582879717048,1.4217617328655254,0.6140033426368536,-0.19375504759181736,1.4217617328655254,0.0,-97.51318175134928,35.47080687822383
ssp245,Oklahoma_City,exceeded_quantity_day_all,exceeded_quantity,day,all,national,national,National,annual_all_days_primary,All calendar-year days; non-heatwave days contribute zero,"1,2,3,4,5,6,7,8,9,10,11,12",2025-2050,275210.0,26455.0,0.10671194760863678,0.00011279076760225388,0.25126458298092724,0.10781621500404107,0.00011311084759368742,0.25705870274382214,0.10781621500404107,-0.041426272735739685,0.25705870274382214,0.0,-97.51318175134928,35.47080687822383
ssp245,Oklahoma_City,exceeded_quantity_night_all,exceeded_quantity,night,all,national,national,National,annual_all_days_primary,All calendar-year days; non-heatwave days contribute zero,"1,2,3,4,5,6,7,8,9,10,11,12",2025-2050,275210.0,30264.0,0.027914351395056086,0.0,0.19705012578252382,0.027981131898893712,0.0,0.19974822200661121,0.027981131898893712,-0.14378595820882392,0.19974822200661121,0.0,-97.51318175134928,35.47080687822383
ssp245,Orlando,cehwi_composite_all,cehwi,composite,all,national,national,National,annual_all_days_primary,All calendar-year days; non-heatwave days contribute zero,"1,2,3,4,5,6,7,8,9,10,11,12",2025-2050,123370.0,10869.0,0.12691235558258135,0.003581918356700773,0.24722193511757715,0.12855188997819111,0.003583319737118042,0.25352046021926467,0.12855188997819111,0.003583319737118042,0.25352046021926467,0.0,-81.35232299409775,28.49312681063099
ssp245,Orlando,cehwi_day_all,cehwi,day,all,national,national,National,annual_all_days_primary,All calendar-year days; non-heatwave days contribute zero,"1,2,3,4,5,6,7,8,9,10,11,12",2025-2050,123370.0,23262.0,0.25170721424510134,0.009682526147617604,0.5635164204585541,0.2573484855660822,0.009794014049980386,0.5880029877661772,0.2573484855660822,-0.07330601663401509,0.5880029877661772,0.0,-81.35232299409775,28.49312681063099
ssp245,Orlando,cehwi_night_all,cehwi,night,all,national,national,National,annual_all_days_primary,All calendar-year days; non-heatwave days contribute zero,"1,2,3,4,5,6,7,8,9,10,11,12",2025-2050,123370.0,24731.0,0.0,0.0,0.07421322996097277,0.0,0.0,0.0744919289936021,-0.062189473900811754,-0.19887087679522733,0.0744919289936021,0.0,-81.35232299409775,28.49312681063099
ssp245,Orlando,exceeded_quantity_composite_all,exceeded_quantity,composite,all,national,national,National,annual_all_days_primary,All calendar-year days; non-heatwave days contribute zero,"1,2,3,4,5,6,7,8,9,10,11,12",2025-2050,123370.0,10869.0,0.1443453938676067,0.0,0.3452421296164098,0.14587559657336724,0.0,0.3540643179674214,0.14587559657336724,-0.06231312482068659,0.3540643179674214,0.0,-81.35232299409775,28.49312681063099
ssp245,Orlando,exceeded_quantity_day_all,exceeded_quantity,day,all,national,national,National,annual_all_days_primary,All calendar-year days; non-heatwave days contribute zero,"1,2,3,4,5,6,7,8,9,10,11,12",2025-2050,123370.0,23262.0,0.23083689647126138,0.0019148892412508083,0.5354646637079766,0.23361319501508623,0.001932356087409169,0.5492058222401441,0.23361319501508623,-0.081979432209971,0.5492058222401441,0.0,-81.35232299409775,28.49312681063099
ssp245,Orlando,exceeded_quantity_night_all,exceeded_quantity,night,all,national,national,National,annual_all_days_primary,All calendar-year days; non-heatwave days contribute zero,"1,2,3,4,5,6,7,8,9,10,11,12",2025-2050,123370.0,24731.0,0.032277836995685566,0.0,0.24536479963491667,0.032329089423259544,0.0,0.2478824014898539,0.032329089423259544,-0.18322422264333504,0.2478824014898539,0.0,-81.35232299409775,28.49312681063099
ssp245,Overland_Park,cehwi_composite_all,cehwi,composite,all,national,national,National,annual_all_days_primary,All calendar-year days; non-heatwave days contribute zero,"1,2,3,4,5,6,7,8,9,10,11,12",2025-2050,56940.0,8842.0,0.6238242829589474,0.01804832101103001,1.2270635904519132,0.645262269657563,0.018068645190165773,1.3276620040584586,0.645262269657563,-0.03713746474333224,1.3276620040584586,0.0,-94.6819397869174,38.90919757348814
ssp245,Overland_Park,cehwi_day_all,cehwi,day,all,national,national,National,annual_all_days_primary,All calendar-year days; non-heatwave days contribute zero,"1,2,3,4,5,6,7,8,9,10,11,12",2025-2050,56940.0,6845.0,0.07463726892306308,0.0,0.18782305858096449,0.07507829864402397,0.0,0.1906005475860079,0.07507829864402397,-0.04044395029796204,0.1906005475860079,0.0,-94.6819397869174,38.90919757348814
ssp245,Overland_Park,cehwi_night_all,cehwi,night,all,national,national,National,annual_all_days_primary,All calendar-year days; non-heatwave days contribute zero,"1,2,3,4,5,6,7,8,9,10,11,12",2025-2050,56940.0,5147.0,0.0,0.0,0.0308892871875823,0.0,0.0,0.030991244298078285,-0.026006110819716273,-0.08300346593751172,0.030991244298078285,0.0,-94.6819397869174,38.90919757348814
ssp245,Overland_Park,exceeded_quantity_composite_all,exceeded_quantity,composite,all,national,national,National,annual_all_days_primary,All calendar-year days; non-heatwave days contribute zero,"1,2,3,4,5,6,7,8,9,10,11,12",2025-2050,56940.0,8842.0,0.5780517603311878,0.0007339734573709653,1.2981414706285057,0.5935946968967477,0.0007395102137319399,1.3764188152848893,0.5935946968967477,-0.18922942149139277,1.3764188152848893,0.0,-94.6819397869174,38.90919757348814
ssp245,Overland_Park,exceeded_quantity_day_all,exceeded_quantity,day,all,national,national,National,annual_all_days_primary,All calendar-year days; non-heatwave days contribute zero,"1,2,3,4,5,6,7,8,9,10,11,12",2025-2050,56940.0,6845.0,0.1508288916654576,0.00019996556831853262,0.35567145483289386,0.15238380548002187,0.00020088095704711348,0.3639465767425422,0.15238380548002187,-0.05917896578249815,0.3639465767425422,0.0,-94.6819397869174,38.90919757348814
ssp245,Overland_Park,exceeded_quantity_night_all,exceeded_quantity,night,all,national,national,National,annual_all_days_primary,All calendar-year days; non-heatwave days contribute zero,"1,2,3,4,5,6,7,8,9,10,11,12",2025-2050,56940.0,5147.0,0.021218454364170507,0.0,0.15220461264328722,0.02126529153037196,0.0,0.15419755834985063,0.02126529153037196,-0.11166697528910685,0.15419755834985063,0.0,-94.6819397869174,38.90919757348814
ssp245,Palm_Bay,cehwi_composite_all,cehwi,composite,all,national,national,National,annual_all_days_primary,All calendar-year days; non-heatwave days contribute zero,"1,2,3,4,5,6,7,8,9,10,11,12",2025-2050,56940.0,3601.0,0.058778431758314514,0.0015911517863103541,0.11508245984068532,0.05925265158075992,0.0015915130187703587,0.11691379014274984,0.05925265158075992,0.0015915130187703587,0.11691379014274984,0.0,-80.66822135465287,27.98177179128451
ssp245,Palm_Bay,cehwi_day_all,cehwi,day,all,national,national,National,annual_all_days_primary,All calendar-year days; non-heatwave days contribute zero,"1,2,3,4,5,6,7,8,9,10,11,12",2025-2050,56940.0,12016.0,0.27779205187085243,0.012407531270703804,0.625308284486563,0.2834856716173889,0.012560847464391667,0.6495502552055828,0.2834856716173889,-0.08257891197080756,0.6495502552055828,0.0,-80.66822135465287,27.98177179128451
ssp245,Palm_Bay,cehwi_night_all,cehwi,night,all,national,national,National,annual_all_days_primary,All calendar-year days; non-heatwave days contribute zero,"1,2,3,4,5,6,7,8,9,10,11,12",2025-2050,56940.0,10888.0,0.0,0.0,0.06234190026532656,0.0,0.0,0.0625424289402148,-0.05255726222561403,-0.1676569533914447,0.0625424289402148,0.0,-80.66822135465287,27.98177179128451
ssp245,Palm_Bay,exceeded_quantity_composite_all,exceeded_quantity,composite,all,national,national,National,annual_all_days_primary,All calendar-year days; non-heatwave days contribute zero,"1,2,3,4,5,6,7,8,9,10,11,12",2025-2050,56940.0,3601.0,0.07808881965460167,0.0,0.18841760905968954,0.07869861883745037,0.0,0.1919900571230235,0.07869861883745037,-0.03459281944812263,0.1919900571230235,0.0,-80.66822135465287,27.98177179128451
ssp245,Palm_Bay,exceeded_quantity_day_all,exceeded_quantity,day,all,national,national,National,annual_all_days_primary,All calendar-year days; non-heatwave days contribute zero,"1,2,3,4,5,6,7,8,9,10,11,12",2025-2050,56940.0,12016.0,0.25880906955691296,0.0024982618975460534,0.5998840315330228,0.2619470941954303,0.0025208405324205836,0.6153484242962937,0.2619470941954303,-0.09145423590543261,0.6153484242962937,0.0,-80.66822135465287,27.98177179128451
ssp245,Palm_Bay,exceeded_quantity_night_all,exceeded_quantity,night,all,national,national,National,annual_all_days_primary,All calendar-year days; non-heatwave days contribute zero,"1,2,3,4,5,6,7,8,9,10,11,12",2025-2050,56940.0,10888.0,0.02827706449970771,0.0,0.2193491285295971,0.02831619059888544,0.0,0.2214010282686639,0.02831619059888544,-0.1647686470708931,0.2214010282686639,0.0,-80.66822135465287,27.98177179128451
ssp245,Philadelphia,cehwi_composite_all,cehwi,composite,all,national,national,National,annual_all_days_primary,All calendar-year days; non-heatwave days contribute zero,"1,2,3,4,5,6,7,8,9,10,11,12",2025-2050,151840.0,7462.0,0.1307790407372059,0.004089149501156938,0.2525070741939293,0.13352981310057574,0.004092287594331333,0.26296786026695235,0.13352981310057574,0.004091765934199325,0.26296786026695235,0.0,-75.13796788679207,40.013611438447285
ssp245,Philadelphia,cehwi_day_all,cehwi,day,all,national,national,National,annual_all_days_primary,All calendar-year days; non-heatwave days contribute zero,"1,2,3,4,5,6,7,8,9,10,11,12",2025-2050,151840.0,23150.0,0.18691675980051697,0.002861060238996033,0.4445377440437691,0.18947974969889134,0.002883320235894824,0.45745927653203977,0.18947974969889134,-0.07849977713425883,0.45745927653203977,0.0,-75.13796788679207,40.013611438447285
ssp245,Philadelphia,cehwi_night_all,cehwi,night,all,national,national,National,annual_all_days_primary,All calendar-year days; non-heatwave days contribute zero,"1,2,3,4,5,6,7,8,9,10,11,12",2025-2050,151840.0,3115.0,0.0,0.0,0.005929961933701063,0.0,0.0,0.005945221266816421,-0.005025185983173003,-0.01599559323316263,0.005945221266816421,0.0,-75.13796788679207,40.013611438447285
ssp245,Philadelphia,exceeded_quantity_composite_all,exceeded_quantity,composite,all,national,national,National,annual_all_days_primary,All calendar-year days; non-heatwave days contribute zero,"1,2,3,4,5,6,7,8,9,10,11,12",2025-2050,151840.0,7462.0,0.1694963602355599,0.0,0.3877623958875971,0.17319405299715118,0.0,0.4072198068793781,0.17319405299715118,-0.06083170088507544,0.4072198068793781,0.0,-75.13796788679207,40.013611438447285
ssp245,Philadelphia,exceeded_quantity_day_all,exceeded_quantity,day,all,national,national,National,annual_all_days_primary,All calendar-year days; non-heatwave days contribute zero,"1,2,3,4,5,6,7,8,9,10,11,12",2025-2050,151840.0,23150.0,0.2923365346216441,0.006320485271366543,0.6511605651365797,0.2971981755547506,0.00639815931268204,0.6731275619290846,0.2971981755547506,-0.07873121081958304,0.6731275619290846,0.0,-75.13796788679207,40.013611438447285
ssp245,Philadelphia,exceeded_quantity_night_all,exceeded_quantity,night,all,national,national,National,annual_all_days_primary,All calendar-year days; non-heatwave days contribute zero,"1,2,3,4,5,6,7,8,9,10,11,12",2025-2050,151840.0,3115.0,0.004916918002370745,0.0,0.033762317519900165,0.004931475344340753,0.0,0.03424030173153026,0.004931475344340753,-0.024377351042848768,0.03424030173153026,0.0,-75.13796788679207,40.013611438447285
ssp245,Phoenix,cehwi_composite_all,cehwi,composite,all,national,national,National,annual_all_days_primary,All calendar-year days; non-heatwave days contribute zero,"1,2,3,4,5,6,7,8,9,10,11,12",2025-2050,294190.0,33119.0,0.26541886731716446,0.008104851301990174,0.5133277078918347,0.27060754787322266,0.008110348041446475,0.5331047477049993,0.27060754787322266,0.008110348041446475,0.5331047477049993,0.0,-112.08811946862154,33.55574616532266
ssp245,Phoenix,cehwi_day_all,cehwi,day,all,national,national,National,annual_all_days_primary,All calendar-year days; non-heatwave days contribute zero,"1,2,3,4,5,6,7,8,9,10,11,12",2025-2050,294190.0,52217.0,0.21759743016505653,0.000537970660848356,0.5178621539293856,0.22054616159478072,0.000539820634348243,0.5334879747014055,0.22054616159478072,-0.09239565151184596,0.5334879747014055,0.0,-112.08811946862154,33.55574616532266
ssp245,Phoenix,cehwi_night_all,cehwi,night,all,national,national,National,annual_all_days_primary,All calendar-year days; non-heatwave days contribute zero,"1,2,3,4,5,6,7,8,9,10,11,12",2025-2050,294190.0,35174.0,0.0,0.0,0.0925592739084949,0.0,0.0,0.09336242620988855,-0.0709323107759941,-0.23522704776187758,0.09336242620988855,0.0,-112.08811946862154,33.55574616532266
ssp245,Phoenix,exceeded_quantity_composite_all,exceeded_quantity,composite,all,national,national,National,annual_all_days_primary,All calendar-year days; non-heatwave days contribute zero,"1,2,3,4,5,6,7,8,9,10,11,12",2025-2050,294190.0,33119.0,0.3046671902264147,0.0,0.7074511810827802,0.31017907002334083,0.0,0.7372694486492369,0.31017907002334083,-0.11691130860255462,0.7372694486492369,0.0,-112.08811946862154,33.55574616532266
ssp245,Phoenix,exceeded_quantity_day_all,exceeded_quantity,day,all,national,national,National,annual_all_days_primary,All calendar-year days; non-heatwave days contribute zero,"1,2,3,4,5,6,7,8,9,10,11,12",2025-2050,294190.0,52217.0,0.2759214148615594,0.00416372462874869,0.6279411056248886,0.27985142725599527,0.004209068895992133,0.6464281350711497,0.27985142725599527,-0.0867252805591585,0.6464281350711497,0.0,-112.08811946862154,33.55574616532266
ssp245,Phoenix,exceeded_quantity_night_all,exceeded_quantity,night,all,national,national,National,annual_all_days_primary,All calendar-year days; non-heatwave days contribute zero,"1,2,3,4,5,6,7,8,9,10,11,12",2025-2050,294190.0,35174.0,0.04535512396486167,0.0,0.28170575881127224,0.04553869404784511,0.0,0.28680746532899254,0.04553869404784511,-0.19573007723330257,0.28680746532899254,0.0,-112.08811946862154,33.55574616532266
ssp245,Pittsburgh,cehwi_composite_all,cehwi,composite,all,national,national,National,annual_all_days_primary,All calendar-year days; non-heatwave days contribute zero,"1,2,3,4,5,6,7,8,9,10,11,12",2025-2050,75920.0,135.0,0.0050725068627073605,0.00015003025149884023,0.009827372673896361,0.005164104465256529,0.00015011501682514044,0.010178093913687918,0.005164104465256529,0.00015011501682514044,0.010178093913687918,0.0,-79.96079806840875,40.42519922162034
ssp245,Pittsburgh,cehwi_day_all,cehwi,day,all,national,national,National,annual_all_days_primary,All calendar-year days; non-heatwave days contribute zero,"1,2,3,4,5,6,7,8,9,10,11,12",2025-2050,75920.0,15139.0,0.35224292565674553,0.008393251979451751,0.8051555298554885,0.3586853305352078,0.008460230106204034,0.8353399125124842,0.3586853305352078,-0.11796925144206968,0.8353399125124842,0.0,-79.96079806840875,40.42519922162034
ssp245,Pittsburgh,cehwi_night_all,cehwi,night,all,national,national,National,annual_all_days_primary,All calendar-year days; non-heatwave days contribute zero,"1,2,3,4,5,6,7,8,9,10,11,12",2025-2050,75920.0,1.0,0.0,0.0,2.1760128462262908e-07,0.0,0.0,2.1761926078358796e-07,-1.8533785194467864e-07,-5.882949646732086e-07,2.1761926078358796e-07,0.0,-79.96079806840875,40.42519922162034
ssp245,Pittsburgh,exceeded_quantity_composite_all,exceeded_quantity,composite,all,national,national,National,annual_all_days_primary,All calendar-year days; non-heatwave days contribute zero,"1,2,3,4,5,6,7,8,9,10,11,12",2025-2050,75920.0,135.0,0.007653099188956026,0.0,0.017431513114903423,0.007828889708435894,0.0,0.018375553915115292,0.007828889708435894,-0.0027177744982435073,0.018375553915115292,0.0,-79.96079806840875,40.42519922162034
ssp245,Pittsburgh,exceeded_quantity_day_all,exceeded_quantity,day,all,national,national,National,annual_all_days_primary,All calendar-year days; non-heatwave days contribute zero,"1,2,3,4,5,6,7,8,9,10,11,12",2025-2050,75920.0,15139.0,0.5019402844086841,0.032805458401923226,1.0560499510416363,0.513788238449735,0.0333934649323084,1.1017413313511595,0.513788238449735,-0.07416485445168901,1.1017413313511595,0.0,-79.96079806840875,40.42519922162034
ssp245,Pittsburgh,exceeded_quantity_night_all,exceeded_quantity,night,all,national,national,National,annual_all_days_primary,All calendar-year days; non-heatwave days contribute zero,"1,2,3,4,5,6,7,8,9,10,11,12",2025-2050,75920.0,1.0,3.1728891969915704e-07,0.0,2.709676260134747e-06,3.1732714102660695e-07,0.0,2.71246724283285e-06,3.1732714102660695e-07,-2.077812960779373e-06,2.71246724283285e-06,0.0,-79.96079806840875,40.42519922162034
ssp245,Portland,cehwi_composite_all,cehwi,composite,all,national,national,National,annual_all_days_primary,All calendar-year days; non-heatwave days contribute zero,"1,2,3,4,5,6,7,8,9,10,11,12",2025-2050,142350.0,57.0,0.0020397490996804726,7.268826260185437e-05,0.0038952998242913536,0.0021024635947653365,7.277284577465402e-05,0.004132154343756021,0.0021024635947653365,7.277284577465402e-05,0.004132154343756021,0.0,-122.6375114287169,45.5383261809014
ssp245,Portland,cehwi_day_all,cehwi,day,all,national,national,National,annual_all_days_primary,All calendar-year days; non-heatwave days contribute zero,"1,2,3,4,5,6,7,8,9,10,11,12",2025-2050,142350.0,27598.0,0.4351617086113434,0.015897080598853024,0.9583071478141933,0.4448128554164649,0.01601984833856263,1.0006585636287706,0.4448128554164649,-0.11103285279584163,1.0006585636287706,0.0,-122.6375114287169,45.5383261809014
ssp245,Portland,cehwi_night_all,cehwi,night,all,national,national,National,annual_all_days_primary,All calendar-year days; non-heatwave days contribute zero,"1,2,3,4,5,6,7,8,9,10,11,12",2025-2050,142350.0,0.0,0.0,0.0,0.0,0.0,0.0,0.0,0.0,0.0,0.0,0.0,-122.6375114287169,45.5383261809014
ssp245,Portland,exceeded_quantity_composite_all,exceeded_quantity,composite,all,national,national,National,annual_all_days_primary,All calendar-year days; non-heatwave days contribute zero,"1,2,3,4,5,6,7,8,9,10,11,12",2025-2050,142350.0,57.0,0.0033880992791593006,0.0,0.007063681715317911,0.0035413815756055334,0.0,0.007777455187787723,0.0035413815756055334,-0.0006946920365766562,0.007777455187787723,0.0,-122.6375114287169,45.5383261809014
ssp245,Portland,exceeded_quantity_day_all,exceeded_quantity,day,all,national,national,National,annual_all_days_primary,All calendar-year days; non-heatwave days contribute zero,"1,2,3,4,5,6,7,8,9,10,11,12",2025-2050,142350.0,27598.0,0.667657310232858,0.09565743122670069,1.3031738777684831,0.6903447811576263,0.09783253709137478,1.3772039919797325,0.6903447811576263,0.0034855703355206476,1.3772039919797325,0.0,-122.6375114287169,45.5383261809014
ssp245,Portland,exceeded_quantity_night_all,exceeded_quantity,night,all,national,national,National,annual_all_days_primary,All calendar-year days; non-heatwave days contribute zero,"1,2,3,4,5,6,7,8,9,10,11,12",2025-2050,142350.0,0.0,0.0,0.0,0.0,0.0,0.0,0.0,0.0,0.0,0.0,0.0,-122.6375114287169,45.5383261809014
ssp245,Raleigh,cehwi_composite_all,cehwi,composite,all,national,national,National,annual_all_days_primary,All calendar-year days; non-heatwave days contribute zero,"1,2,3,4,5,6,7,8,9,10,11,12",2025-2050,142350.0,17193.0,0.36193950480958303,0.011592734776188652,0.6967683858227678,0.37092323485456813,0.011603469466905905,0.7309481172288012,0.37092323485456813,0.010898352480335527,0.7309481172288012,0.0,-78.64401758110355,35.85488907837101
ssp245,Raleigh,cehwi_day_all,cehwi,day,all,national,national,National,annual_all_days_primary,All calendar-year days; non-heatwave days contribute zero,"1,2,3,4,5,6,7,8,9,10,11,12",2025-2050,142350.0,16516.0,0.09535139045376043,0.00015749143662337352,0.23423590765748006,0.09624998574321106,0.0001579491859011847,0.2393656374067039,0.09624998574321106,-0.04686566592028354,0.2393656374067039,0.0,-78.64401758110355,35.85488907837101
ssp245,Raleigh,cehwi_night_all,cehwi,night,all,national,national,National,annual_all_days_primary,All calendar-year days; non-heatwave days contribute zero,"1,2,3,4,5,6,7,8,9,10,11,12",2025-2050,142350.0,14492.0,0.0,0.0,0.04396168718429336,0.0,0.0,0.044184798244672974,-0.035972426658948925,-0.11612965156257178,0.044184798244672974,0.0,-78.64401758110355,35.85488907837101
ssp245,Raleigh,exceeded_quantity_composite_all,exceeded_quantity,composite,all,national,national,National,annual_all_days_primary,All calendar-year days; non-heatwave days contribute zero,"1,2,3,4,5,6,7,8,9,10,11,12",2025-2050,142350.0,17193.0,0.36627901362749465,0.0,0.8423661503890196,0.3737917773897935,0.0,0.8821358478484449,0.3737917773897935,-0.134552293068857,0.8821358478484449,0.0,-78.64401758110355,35.85488907837101
ssp245,Raleigh,exceeded_quantity_day_all,exceeded_quantity,day,all,national,national,National,annual_all_days_primary,All calendar-year days; non-heatwave days contribute zero,"1,2,3,4,5,6,7,8,9,10,11,12",2025-2050,142350.0,16516.0,0.16870315413442863,0.0017424835567479615,0.3897316204538873,0.17085260890097134,0.0017681793454252994,0.4002955106029952,0.17085260890097134,-0.05859029280105211,0.4002955106029952,0.0,-78.64401758110355,35.85488907837101
ssp245,Raleigh,exceeded_quantity_night_all,exceeded_quantity,night,all,national,national,National,annual_all_days_primary,All calendar-year days; non-heatwave days contribute zero,"1,2,3,4,5,6,7,8,9,10,11,12",2025-2050,142350.0,14492.0,0.0269104526726315,0.0,0.18621389581924244,0.026982928011529402,0.0,0.18887395023222414,0.026982928011529402,-0.13490809420916547,0.18887395023222414,0.0,-78.64401758110355,35.85488907837101
ssp245,Richmond,cehwi_composite_all,cehwi,composite,all,national,national,National,annual_all_days_primary,All calendar-year days; non-heatwave days contribute zero,"1,2,3,4,5,6,7,8,9,10,11,12",2025-2050,75920.0,6962.0,0.25252088667652195,0.00775149714159306,0.48823902004384107,0.25826237759613996,0.007757792782911381,0.51030788671206,0.25826237759613996,0.006216868480220117,0.51030788671206,0.0,-77.47920209602857,37.55445905057112
ssp245,Richmond,cehwi_day_all,cehwi,day,all,national,national,National,annual_all_days_primary,All calendar-year days; non-heatwave days contribute zero,"1,2,3,4,5,6,7,8,9,10,11,12",2025-2050,75920.0,10152.0,0.1188481218664237,0.00023130219805944283,0.2922687743613343,0.1199506251872406,0.0002324501440292891,0.2985525477937332,0.1199506251872406,-0.0586512974192539,0.2985525477937332,0.0,-77.47920209602857,37.55445905057112
ssp245,Richmond,cehwi_night_all,cehwi,night,all,national,national,National,annual_all_days_primary,All calendar-year days; non-heatwave days contribute zero,"1,2,3,4,5,6,7,8,9,10,11,12",2025-2050,75920.0,4909.0,0.0,0.0,0.01989931102412569,0.0,0.0,0.019960078000656873,-0.01674753877897157,-0.05345515555860071,0.019960078000656873,0.0,-77.47920209602857,37.55445905057112
ssp245,Richmond,exceeded_quantity_composite_all,exceeded_quantity,composite,all,national,national,National,annual_all_days_primary,All calendar-year days; non-heatwave days contribute zero,"1,2,3,4,5,6,7,8,9,10,11,12",2025-2050,75920.0,6962.0,0.2867834091793505,0.0,0.659475515929592,0.29267056315381557,0.0,0.6907226612261824,0.29267056315381557,-0.10538153491855089,0.6907226612261824,0.0,-77.47920209602857,37.55445905057112
ssp245,Richmond,exceeded_quantity_day_all,exceeded_quantity,day,all,national,national,National,annual_all_days_primary,All calendar-year days; non-heatwave days contribute zero,"1,2,3,4,5,6,7,8,9,10,11,12",2025-2050,75920.0,10152.0,0.2113355109580001,0.0017212894711493565,0.48692250714184554,0.21406360846837735,0.0017349508478848202,0.5004765216908068,0.21406360846837735,-0.07234930475405156,0.5004765216908068,0.0,-77.47920209602857,37.55445905057112
ssp245,Richmond,exceeded_quantity_night_all,exceeded_quantity,night,all,national,national,National,annual_all_days_primary,All calendar-year days; non-heatwave days contribute zero,"1,2,3,4,5,6,7,8,9,10,11,12",2025-2050,75920.0,4909.0,0.013794844637187748,0.0,0.10018959392565145,0.013824665983032678,0.0,0.10141893581391097,0.013824665983032678,-0.0737696038478457,0.10141893581391097,0.0,-77.47920209602857,37.55445905057112
ssp245,Riverside,cehwi_composite_all,cehwi,composite,all,national,national,National,annual_all_days_primary,All calendar-year days; non-heatwave days contribute zero,"1,2,3,4,5,6,7,8,9,10,11,12",2025-2050,56940.0,1224.0,0.06425265073008789,0.002034077755144682,0.12390611356165944,0.06567599418742366,0.002035721737191667,0.1293162666376557,0.06567599418742366,0.002035721737191667,0.1293162666376557,0.0,-117.40931647514132,33.946920765734085
ssp245,Riverside,cehwi_day_all,cehwi,day,all,national,national,National,annual_all_days_primary,All calendar-year days; non-heatwave days contribute zero,"1,2,3,4,5,6,7,8,9,10,11,12",2025-2050,56940.0,11673.0,0.2806490570912251,0.0008000375705376611,0.6672161022805724,0.2845435111498792,0.0008034653120973002,0.6880080550550498,0.2845435111498792,-0.11892103275529314,0.6880080550550498,0.0,-117.40931647514132,33.946920765734085
ssp245,Riverside,cehwi_night_all,cehwi,night,all,national,national,National,annual_all_days_primary,All calendar-year days; non-heatwave days contribute zero,"1,2,3,4,5,6,7,8,9,10,11,12",2025-2050,56940.0,328.0,0.0,0.0,0.001309755161983056,0.0,0.0,0.001312740879533648,-0.001110547001600995,-0.003533834882735704,0.001312740879533648,0.0,-117.40931647514132,33.946920765734085
ssp245,Riverside,exceeded_quantity_composite_all,exceeded_quantity,composite,all,national,national,National,annual_all_days_primary,All calendar-year days; non-heatwave days contribute zero,"1,2,3,4,5,6,7,8,9,10,11,12",2025-2050,56940.0,1224.0,0.08853664727689946,0.0,0.2000665790760029,0.09076637557174455,0.0,0.2116233283102003,0.09076637557174455,-0.03009057716671108,0.2116233283102003,0.0,-117.40931647514132,33.946920765734085
ssp245,Riverside,exceeded_quantity_day_all,exceeded_quantity,day,all,national,national,National,annual_all_days_primary,All calendar-year days; non-heatwave days contribute zero,"1,2,3,4,5,6,7,8,9,10,11,12",2025-2050,56940.0,11673.0,0.4017118760621562,0.014033065325368717,0.8793215828133324,0.4092144413570628,0.014237384631514853,0.9112646317425538,0.4092144413570628,-0.0928357490284277,0.9112646317425538,0.0,-117.40931647514132,33.946920765734085
ssp245,Riverside,exceeded_quantity_night_all,exceeded_quantity,night,all,national,national,National,annual_all_days_primary,All calendar-year days; non-heatwave days contribute zero,"1,2,3,4,5,6,7,8,9,10,11,12",2025-2050,56940.0,328.0,0.000897496489643112,0.0,0.006818173681452018,0.0008989378942986525,0.0,0.00688706589849269,0.0008989378942986525,-0.005089190109895381,0.00688706589849269,0.0,-117.40931647514132,33.946920765734085
ssp245,Sacramento,cehwi_composite_all,cehwi,composite,all,national,national,National,annual_all_days_primary,All calendar-year days; non-heatwave days contribute zero,"1,2,3,4,5,6,7,8,9,10,11,12",2025-2050,123370.0,1164.0,0.03860924422284682,0.001299251067962677,0.0740148837345814,0.03967532389442617,0.001300587651611006,0.07805006013724133,0.03967532389442617,0.001300587651611006,0.07805006013724133,0.0,-121.45173525367916,38.544754056929705
ssp245,Sacramento,cehwi_day_all,cehwi,day,all,national,national,National,annual_all_days_primary,All calendar-year days; non-heatwave days contribute zero,"1,2,3,4,5,6,7,8,9,10,11,12",2025-2050,123370.0,25504.0,0.354830006883708,0.004899007992493801,0.8132110328405499,0.3611438841669775,0.004928880802672434,0.8437221098129732,0.3611438841669775,-0.12143434147902002,0.8437221098129732,0.0,-121.45173525367916,38.544754056929705
ssp245,Sacramento,cehwi_night_all,cehwi,night,all,national,national,National,annual_all_days_primary,All calendar-year days; non-heatwave days contribute zero,"1,2,3,4,5,6,7,8,9,10,11,12",2025-2050,123370.0,103.0,0.0,0.0,0.0001981908894185203,0.0,0.0,0.00019858195548847645,-0.0001683899766883579,-0.000535361908865202,0.00019858195548847645,0.0,-121.45173525367916,38.544754056929705
ssp245,Sacramento,exceeded_quantity_composite_all,exceeded_quantity,composite,all,national,national,National,annual_all_days_primary,All calendar-year days; non-heatwave days contribute zero,"1,2,3,4,5,6,7,8,9,10,11,12",2025-2050,123370.0,1164.0,0.05422629237832282,0.0,0.11857876603713689,0.05596678082097838,0.0,0.1272236590148326,0.05596678082097838,-0.015290097372875861,0.1272236590148326,0.0,-121.45173525367916,38.544754056929705
ssp245,Sacramento,exceeded_quantity_day_all,exceeded_quantity,day,all,national,national,National,annual_all_days_primary,All calendar-year days; non-heatwave days contribute zero,"1,2,3,4,5,6,7,8,9,10,11,12",2025-2050,123370.0,25504.0,0.47945638112287065,0.03361137822460954,1.0103232054416718,0.49072556725876865,0.0342138211513473,1.0532721831781495,0.49072556725876865,-0.07182104866061173,1.0532721831781495,0.0,-121.45173525367916,38.544754056929705
ssp245,Sacramento,exceeded_quantity_night_all,exceeded_quantity,night,all,national,national,National,annual_all_days_primary,All calendar-year days; non-heatwave days contribute zero,"1,2,3,4,5,6,7,8,9,10,11,12",2025-2050,123370.0,103.0,0.0002001725303571027,0.0,0.0013959389116901875,0.0002006566012165411,0.0,0.0014158420562425517,0.0002006566012165411,-0.00101452885380947,0.0014158420562425517,0.0,-121.45173525367916,38.544754056929705
ssp245,Salt_Lake_City,cehwi_composite_all,cehwi,composite,all,national,national,National,annual_all_days_primary,All calendar-year days; non-heatwave days contribute zero,"1,2,3,4,5,6,7,8,9,10,11,12",2025-2050,94900.0,674.0,0.02122368399571227,0.0006609088569833078,0.040981860385397355,0.02166860961151773,0.0006614030408939589,0.042675816182141536,0.02166860961151773,0.0006614030408939589,0.042675816182141536,0.0,-111.9385763948534,40.78496540128546
ssp245,Salt_Lake_City,cehwi_day_all,cehwi,day,all,national,national,National,annual_all_days_primary,All calendar-year days; non-heatwave days contribute zero,"1,2,3,4,5,6,7,8,9,10,11,12",2025-2050,94900.0,17477.0,0.5362092167018561,0.027893604979986455,1.1397531696460301,0.55020185128974,0.028127488973522227,1.1977939750734081,0.55020185128974,-0.0973902724939285,1.1977939750734081,0.0,-111.9385763948534,40.78496540128546
ssp245,Salt_Lake_City,cehwi_night_all,cehwi,night,all,national,national,National,annual_all_days_primary,All calendar-year days; non-heatwave days contribute zero,"1,2,3,4,5,6,7,8,9,10,11,12",2025-2050,94900.0,60.0,0.0,0.0,6.144358167802853e-05,0.0,0.0,6.150224028011401e-05,-5.2332224519333375e-05,-0.00016616668931878565,6.150224028011401e-05,0.0,-111.9385763948534,40.78496540128546
ssp245,Salt_Lake_City,exceeded_quantity_composite_all,exceeded_quantity,composite,all,national,national,National,annual_all_days_primary,All calendar-year days; non-heatwave days contribute zero,"1,2,3,4,5,6,7,8,9,10,11,12",2025-2050,94900.0,674.0,0.027576412918325615,0.0,0.06336684945969952,0.028156423473466304,0.0,0.06651875571736753,0.028156423473466304,-0.01020590877043489,0.06651875571736753,0.0,-111.9385763948534,40.78496540128546
ssp245,Salt_Lake_City,exceeded_quantity_day_all,exceeded_quantity,day,all,national,national,National,annual_all_days_primary,All calendar-year days; non-heatwave days contribute zero,"1,2,3,4,5,6,7,8,9,10,11,12",2025-2050,94900.0,17477.0,0.49078202845489177,0.02268991895886103,1.0370891031603107,0.5015968794054062,0.022943064399659367,1.0812660221109966,0.5015968794054062,-0.0780722633001838,1.0812660221109966,0.0,-111.9385763948534,40.78496540128546
ssp245,Salt_Lake_City,exceeded_quantity_night_all,exceeded_quantity,night,all,national,national,National,annual_all_days_primary,All calendar-year days; non-heatwave days contribute zero,"1,2,3,4,5,6,7,8,9,10,11,12",2025-2050,94900.0,60.0,5.61014831153047e-05,0.0,0.0004627868657946492,5.614170466176256e-05,0.0,0.0004654730323095976,5.614170466176256e-05,-0.00035318962298607035,0.0004654730323095976,0.0,-111.9385763948534,40.78496540128546
ssp245,San_Antonio,cehwi_composite_all,cehwi,composite,all,national,national,National,annual_all_days_primary,All calendar-year days; non-heatwave days contribute zero,"1,2,3,4,5,6,7,8,9,10,11,12",2025-2050,256230.0,44594.0,0.5313406980107453,0.017449824169623297,1.0211436020079172,0.5453657371207195,0.017467370275321213,1.0744227790829675,0.5453657371207195,0.01630869515847257,1.0744227790829675,0.0,-98.51142457218248,29.452259837949214
ssp245,San_Antonio,cehwi_day_all,cehwi,day,all,national,national,National,annual_all_days_primary,All calendar-year days; non-heatwave days contribute zero,"1,2,3,4,5,6,7,8,9,10,11,12",2025-2050,256230.0,38393.0,0.1115150529270382,6.62208138301526e-06,0.2759621637970159,0.112461879070978,6.641866567391875e-06,0.28155546245042035,0.112461879070978,-0.0566317043084667,0.28155546245042035,0.0,-98.51142457218248,29.452259837949214
ssp245,San_Antonio,cehwi_night_all,cehwi,night,all,national,national,National,annual_all_days_primary,All calendar-year days; non-heatwave days contribute zero,"1,2,3,4,5,6,7,8,9,10,11,12",2025-2050,256230.0,51427.0,0.0,0.0,0.08939833700283999,0.0,0.0,0.08977257718830875,-0.07467805086862969,-0.23912867892556972,0.08977257718830875,0.0,-98.51142457218248,29.452259837949214
ssp245,San_Antonio,exceeded_quantity_composite_all,exceeded_quantity,composite,all,national,national,National,annual_all_days_primary,All calendar-year days; non-heatwave days contribute zero,"1,2,3,4,5,6,7,8,9,10,11,12",2025-2050,256230.0,44594.0,0.4089810139103331,0.0,0.9581560847477213,0.4155079128835221,0.0,0.9941238082513953,0.4155079128835221,-0.16310798248435068,0.9941238082513953,0.0,-98.51142457218248,29.452259837949214
ssp245,San_Antonio,exceeded_quantity_day_all,exceeded_quantity,day,all,national,national,National,annual_all_days_primary,All calendar-year days; non-heatwave days contribute zero,"1,2,3,4,5,6,7,8,9,10,11,12",2025-2050,256230.0,38393.0,0.15394038064598045,6.728944959854347e-05,0.3699688885837349,0.15518819529562852,6.757521573931827e-05,0.37696672669911235,0.15518819529562852,-0.0665903361078547,0.37696672669911235,0.0,-98.51142457218248,29.452259837949214
ssp245,San_Antonio,exceeded_quantity_night_all,exceeded_quantity,night,all,national,national,National,annual_all_days_primary,All calendar-year days; non-heatwave days contribute zero,"1,2,3,4,5,6,7,8,9,10,11,12",2025-2050,256230.0,51427.0,0.04556191416594512,0.0,0.32694042602254936,0.0456648610353136,0.0,0.33115554865199065,0.0456648610353136,-0.23982582658136375,0.33115554865199065,0.0,-98.51142457218248,29.452259837949214
ssp245,San_Bernardino,cehwi_composite_all,cehwi,composite,all,national,national,National,annual_all_days_primary,All calendar-year days; non-heatwave days contribute zero,"1,2,3,4,5,6,7,8,9,10,11,12",2025-2050,66430.0,1575.0,0.06634950626456108,0.0020640939254967234,0.1281295242421862,0.06773515972157852,0.002065627028170897,0.13340469241498618,0.06773515972157852,0.002065627028170897,0.13340469241498618,0.0,-117.2938187957545,34.14362438315135
ssp245,San_Bernardino,cehwi_day_all,cehwi,day,all,national,national,National,annual_all_days_primary,All calendar-year days; non-heatwave days contribute zero,"1,2,3,4,5,6,7,8,9,10,11,12",2025-2050,66430.0,13349.0,0.2969842188522634,0.001099102168422915,0.7018353398620109,0.30133870893414955,0.0011051832025281646,0.7248312744945699,0.30133870893414955,-0.12215385662627225,0.7248312744945699,0.0,-117.2938187957545,34.14362438315135
ssp245,San_Bernardino,cehwi_night_all,cehwi,night,all,national,national,National,annual_all_days_primary,All calendar-year days; non-heatwave days contribute zero,"1,2,3,4,5,6,7,8,9,10,11,12",2025-2050,66430.0,569.0,0.0,0.0,0.0023619161156592772,0.0,0.0,0.00236873977519778,-0.0019941361779671216,-0.006357012131132119,0.00236873977519778,0.0,-117.2938187957545,34.14362438315135
ssp245,San_Bernardino,exceeded_quantity_composite_all,exceeded_quantity,composite,all,national,national,National,annual_all_days_primary,All calendar-year days; non-heatwave days contribute zero,"1,2,3,4,5,6,7,8,9,10,11,12",2025-2050,66430.0,1575.0,0.09309112544790712,0.0,0.21131431845198506,0.09531063782818147,0.0,0.22290980355015752,0.09531063782818147,-0.03228852789379447,0.22290980355015752,0.0,-117.2938187957545,34.14362438315135
ssp245,San_Bernardino,exceeded_quantity_day_all,exceeded_quantity,day,all,national,national,National,annual_all_days_primary,All calendar-year days; non-heatwave days contribute zero,"1,2,3,4,5,6,7,8,9,10,11,12",2025-2050,66430.0,13349.0,0.4025438743180928,0.01266995921121133,0.8825822815567042,0.40995953963681664,0.012845168394725175,0.9146072191216061,0.40995953963681664,-0.09468813984797231,0.9146072191216061,0.0,-117.2938187957545,34.14362438315135
ssp245,San_Bernardino,exceeded_quantity_night_all,exceeded_quantity,night,all,national,national,National,annual_all_days_primary,All calendar-year days; non-heatwave days contribute zero,"1,2,3,4,5,6,7,8,9,10,11,12",2025-2050,66430.0,569.0,0.001521717799324581,0.0,0.01136983206038482,0.0015243927380120704,0.0,0.011496627752511163,0.0015243927380120704,-0.008447842276487011,0.011496627752511163,0.0,-117.2938187957545,34.14362438315135
ssp245,San_Diego,cehwi_composite_all,cehwi,composite,all,national,national,National,annual_all_days_primary,All calendar-year days; non-heatwave days contribute zero,"1,2,3,4,5,6,7,8,9,10,11,12",2025-2050,208780.0,455.0,0.0075478914709383865,0.0002359831322121314,0.014554378052982141,0.007716382213070517,0.00023615847335498359,0.015196605952786059,0.007716382213070517,0.00023615847335498359,0.015196605952786059,0.0,-117.12185558422306,32.79604065818703
ssp245,San_Diego,cehwi_day_all,cehwi,day,all,national,national,National,annual_all_days_primary,All calendar-year days; non-heatwave days contribute zero,"1,2,3,4,5,6,7,8,9,10,11,12",2025-2050,208780.0,49218.0,0.3423729731335979,0.0035580920286974716,0.7996649355018326,0.3477686358817405,0.0035801727413187177,0.8267430199603342,0.3477686358817405,-0.13120574819685527,0.8267430199603342,0.0,-117.12185558422306,32.79604065818703
ssp245,San_Diego,cehwi_night_all,cehwi,night,all,national,national,National,annual_all_days_primary,All calendar-year days; non-heatwave days contribute zero,"1,2,3,4,5,6,7,8,9,10,11,12",2025-2050,208780.0,1.0,0.0,0.0,3.403027624028376e-08,0.0,0.0,3.403148519606889e-08,-2.8983291010268222e-08,-9.199806721659162e-08,3.403148519606889e-08,0.0,-117.12185558422306,32.79604065818703
ssp245,San_Diego,exceeded_quantity_composite_all,exceeded_quantity,composite,all,national,national,National,annual_all_days_primary,All calendar-year days; non-heatwave days contribute zero,"1,2,3,4,5,6,7,8,9,10,11,12",2025-2050,208780.0,455.0,0.011921671128219246,6.961321379906026e-06,0.0261878475165615,0.01228452400751034,6.998397447956126e-06,0.028000686538423056,0.01228452400751034,-0.0034316385234023695,0.028000686538423056,0.0,-117.12185558422306,32.79604065818703
ssp245,San_Diego,exceeded_quantity_day_all,exceeded_quantity,day,all,national,national,National,annual_all_days_primary,All calendar-year days; non-heatwave days contribute zero,"1,2,3,4,5,6,7,8,9,10,11,12",2025-2050,208780.0,49218.0,0.48642089313827214,0.03078506519219285,1.0384135655796856,0.49717899142428296,0.031340716693961365,1.0801555449819062,0.49717899142428296,-0.08579756213333935,1.0801555449819062,0.0,-117.12185558422306,32.79604065818703
ssp245,San_Diego,exceeded_quantity_night_all,exceeded_quantity,night,all,national,national,National,annual_all_days_primary,All calendar-year days; non-heatwave days contribute zero,"1,2,3,4,5,6,7,8,9,10,11,12",2025-2050,208780.0,1.0,4.959206813823163e-08,0.0,4.240151870652361e-07,4.959463565518728e-08,0.0,4.2420297951403397e-07,4.959463565518728e-08,-3.2501370820351563e-07,4.2420297951403397e-07,0.0,-117.12185558422306,32.79604065818703
ssp245,San_Francisco,cehwi_composite_all,cehwi,composite,all,national,national,National,annual_all_days_primary,All calendar-year days; non-heatwave days contribute zero,"1,2,3,4,5,6,7,8,9,10,11,12",2025-2050,28470.0,0.0,0.0,0.0,0.0,0.0,0.0,0.0,0.0,0.0,0.0,0.0,-122.42865312515914,37.75892014266124
ssp245,San_Francisco,cehwi_day_all,cehwi,day,all,national,national,National,annual_all_days_primary,All calendar-year days; non-heatwave days contribute zero,"1,2,3,4,5,6,7,8,9,10,11,12",2025-2050,28470.0,6403.0,0.41151640865017963,0.009586050468873081,0.9283464285165145,0.4195525649759531,0.00965787899995318,0.9654018910416028,0.4195525649759531,-0.12629676108969812,0.9654018910416028,0.0,-122.42865312515914,37.75892014266124
ssp245,San_Francisco,cehwi_night_all,cehwi,night,all,national,national,National,annual_all_days_primary,All calendar-year days; non-heatwave days contribute zero,"1,2,3,4,5,6,7,8,9,10,11,12",2025-2050,28470.0,0.0,0.0,0.0,0.0,0.0,0.0,0.0,0.0,0.0,0.0,0.0,-122.42865312515914,37.75892014266124
ssp245,San_Francisco,exceeded_quantity_composite_all,exceeded_quantity,composite,all,national,national,National,annual_all_days_primary,All calendar-year days; non-heatwave days contribute zero,"1,2,3,4,5,6,7,8,9,10,11,12",2025-2050,28470.0,0.0,0.0,0.0,0.0,0.0,0.0,0.0,0.0,0.0,0.0,0.0,-122.42865312515914,37.75892014266124
ssp245,San_Francisco,exceeded_quantity_day_all,exceeded_quantity,day,all,national,national,National,annual_all_days_primary,All calendar-year days; non-heatwave days contribute zero,"1,2,3,4,5,6,7,8,9,10,11,12",2025-2050,28470.0,6403.0,0.5490607127047137,0.034667253645982325,1.1551511999625155,0.5617402897455539,0.03517272726977329,1.2045827509766742,0.5617402897455539,-0.08110217148556574,1.2045827509766742,0.0,-122.42865312515914,37.75892014266124
ssp245,San_Francisco,exceeded_quantity_night_all,exceeded_quantity,night,all,national,national,National,annual_all_days_primary,All calendar-year days; non-heatwave days contribute zero,"1,2,3,4,5,6,7,8,9,10,11,12",2025-2050,28470.0,0.0,0.0,0.0,0.0,0.0,0.0,0.0,0.0,0.0,0.0,0.0,-122.42865312515914,37.75892014266124
ssp245,San_Jose,cehwi_composite_all,cehwi,composite,all,national,national,National,annual_all_days_primary,All calendar-year days; non-heatwave days contribute zero,"1,2,3,4,5,6,7,8,9,10,11,12",2025-2050,180310.0,2332.0,0.05838114886149283,0.0019395543258067494,0.11169251780104027,0.06016351465802489,0.0019417474259708447,0.11844461290410667,0.06016351465802489,0.001882416411943164,0.11844461290410667,0.0,-121.84415719358398,37.299085696614654
ssp245,San_Jose,cehwi_day_all,cehwi,day,all,national,national,National,annual_all_days_primary,All calendar-year days; non-heatwave days contribute zero,"1,2,3,4,5,6,7,8,9,10,11,12",2025-2050,180310.0,37830.0,0.31212358688229164,0.002267771735049677,0.7334279442456699,0.316868046041559,0.0022810713448639395,0.7578882282088141,0.316868046041559,-0.12415213612569782,0.7578882282088141,0.0,-121.84415719358398,37.299085696614654
ssp245,San_Jose,cehwi_night_all,cehwi,night,all,national,national,National,annual_all_days_primary,All calendar-year days; non-heatwave days contribute zero,"1,2,3,4,5,6,7,8,9,10,11,12",2025-2050,180310.0,664.0,0.0,0.0,0.0017083747045627926,0.0,0.0,0.0017173842686801137,-0.0013972505121166788,-0.004511885292913501,0.0017173842686801137,0.0,-121.84415719358398,37.299085696614654
ssp245,San_Jose,exceeded_quantity_composite_all,exceeded_quantity,composite,all,national,national,National,annual_all_days_primary,All calendar-year days; non-heatwave days contribute zero,"1,2,3,4,5,6,7,8,9,10,11,12",2025-2050,180310.0,2332.0,0.07806926353883269,4.446168921760812e-05,0.16951017446640346,0.08068399964008494,4.48316755622438e-05,0.18233869367747607,0.08068399964008494,-0.02097069439730616,0.18233869367747607,0.0,-121.84415719358398,37.299085696614654
ssp245,San_Jose,exceeded_quantity_day_all,exceeded_quantity,day,all,national,national,National,annual_all_days_primary,All calendar-year days; non-heatwave days contribute zero,"1,2,3,4,5,6,7,8,9,10,11,12",2025-2050,180310.0,37830.0,0.4429913643601819,0.018945590964411365,0.9577354680358724,0.4518250256658746,0.01919623778555906,0.9943457208290569,0.4518250256658746,-0.09069566949730733,0.9943457208290569,0.0,-121.84415719358398,37.299085696614654
ssp245,San_Jose,exceeded_quantity_night_all,exceeded_quantity,night,all,national,national,National,annual_all_days_primary,All calendar-year days; non-heatwave days contribute zero,"1,2,3,4,5,6,7,8,9,10,11,12",2025-2050,180310.0,664.0,0.0011468992374497494,0.0,0.007123381147902965,0.0011527636085692861,0.0,0.007245301876330453,0.0011527636085692861,-0.004939774659191887,0.007245301876330453,0.0,-121.84415719358398,37.299085696614654
ssp245,Santa_Ana,cehwi_composite_all,cehwi,composite,all,national,national,National,annual_all_days_primary,All calendar-year days; non-heatwave days contribute zero,"1,2,3,4,5,6,7,8,9,10,11,12",2025-2050,37960.0,135.0,0.013712385381643044,0.0004488807220811352,0.026355888822203646,0.014057139441538595,0.0004492834269033989,0.027664995456173787,0.014057139441538595,0.0004492834269033989,0.027664995456173787,0.0,-117.90338988140702,33.723066921844264
ssp245,Santa_Ana,cehwi_day_all,cehwi,day,all,national,national,National,annual_all_days_primary,All calendar-year days; non-heatwave days contribute zero,"1,2,3,4,5,6,7,8,9,10,11,12",2025-2050,37960.0,8919.0,0.33491232981168073,0.0028146252073791506,0.7811935685602778,0.34021095766428766,0.0028296888617052093,0.8078081445931872,0.34021095766428766,-0.12738622926461424,0.8078081445931872,0.0,-117.90338988140702,33.723066921844264
ssp245,Santa_Ana,cehwi_night_all,cehwi,night,all,national,national,National,annual_all_days_primary,All calendar-year days; non-heatwave days contribute zero,"1,2,3,4,5,6,7,8,9,10,11,12",2025-2050,37960.0,0.0,0.0,0.0,0.0,0.0,0.0,0.0,0.0,0.0,0.0,0.0,-117.90338988140702,33.723066921844264
ssp245,Santa_Ana,exceeded_quantity_composite_all,exceeded_quantity,composite,all,national,national,National,annual_all_days_primary,All calendar-year days; non-heatwave days contribute zero,"1,2,3,4,5,6,7,8,9,10,11,12",2025-2050,37960.0,135.0,0.020740961248935538,1.3606589964414386e-05,0.04515497078308649,0.02142529078032942,1.3641850870649104e-05,0.04851303217464038,0.02142529078032942,-0.005662450613981534,0.04851303217464038,0.0,-117.90338988140702,33.723066921844264
ssp245,Santa_Ana,exceeded_quantity_day_all,exceeded_quantity,day,all,national,national,National,annual_all_days_primary,All calendar-year days; non-heatwave days contribute zero,"1,2,3,4,5,6,7,8,9,10,11,12",2025-2050,37960.0,8919.0,0.4863619117790452,0.035745527740613396,1.0303837002640066,0.4977948932273748,0.03644679623956776,1.073428480531915,0.4977948932273748,-0.0778386940771648,1.073428480531915,0.0,-117.90338988140702,33.723066921844264
ssp245,Santa_Ana,exceeded_quantity_night_all,exceeded_quantity,night,all,national,national,National,annual_all_days_primary,All calendar-year days; non-heatwave days contribute zero,"1,2,3,4,5,6,7,8,9,10,11,12",2025-2050,37960.0,0.0,0.0,0.0,0.0,0.0,0.0,0.0,0.0,0.0,0.0,0.0,-117.90338988140702,33.723066921844264
ssp245,Scottsdale,cehwi_composite_all,cehwi,composite,all,national,national,National,annual_all_days_primary,All calendar-year days; non-heatwave days contribute zero,"1,2,3,4,5,6,7,8,9,10,11,12",2025-2050,37960.0,4117.0,0.2594996540214643,0.007942473212951643,0.5017813992896775,0.2646195966516457,0.007947935914837004,0.5212912573884546,0.2646195966516457,0.007947935914837004,0.5212912573884546,0.0,-111.85259478908768,33.55745813694949
ssp245,Scottsdale,cehwi_day_all,cehwi,day,all,national,national,National,annual_all_days_primary,All calendar-year days; non-heatwave days contribute zero,"1,2,3,4,5,6,7,8,9,10,11,12",2025-2050,37960.0,6823.0,0.23196344589165477,0.0010140314222098809,0.5483495100366915,0.23527934456761998,0.0010177480829683843,0.5655760447651789,0.23527934456761998,-0.09501735562994082,0.5655760447651789,0.0,-111.85259478908768,33.55745813694949
ssp245,Scottsdale,cehwi_night_all,cehwi,night,all,national,national,National,annual_all_days_primary,All calendar-year days; non-heatwave days contribute zero,"1,2,3,4,5,6,7,8,9,10,11,12",2025-2050,37960.0,4465.0,0.0,0.0,0.09390784219331587,0.0,0.0,0.09475102104918845,-0.07131081345324052,-0.23737264795567037,0.09475102104918845,0.0,-111.85259478908768,33.55745813694949
ssp245,Scottsdale,exceeded_quantity_composite_all,exceeded_quantity,composite,all,national,national,National,annual_all_days_primary,All calendar-year days; non-heatwave days contribute zero,"1,2,3,4,5,6,7,8,9,10,11,12",2025-2050,37960.0,4117.0,0.29890454223440305,0.0,0.6938863685427589,0.3043358013629545,0.0,0.7232826726191648,0.3043358013629545,-0.11461106989325505,0.7232826726191648,0.0,-111.85259478908768,33.55745813694949
ssp245,Scottsdale,exceeded_quantity_day_all,exceeded_quantity,day,all,national,national,National,annual_all_days_primary,All calendar-year days; non-heatwave days contribute zero,"1,2,3,4,5,6,7,8,9,10,11,12",2025-2050,37960.0,6823.0,0.29138195814849766,0.004524575253607932,0.6605400665175534,0.2956559026968421,0.004572790969193461,0.6805424891973526,0.2956559026968421,-0.08923068380366787,0.6805424891973526,0.0,-111.85259478908768,33.55745813694949
ssp245,Scottsdale,exceeded_quantity_night_all,exceeded_quantity,night,all,national,national,National,annual_all_days_primary,All calendar-year days; non-heatwave days contribute zero,"1,2,3,4,5,6,7,8,9,10,11,12",2025-2050,37960.0,4465.0,0.04726299861890912,0.0,0.28904049024154665,0.04746349042419447,0.0,0.294435537434615,0.04746349042419447,-0.19950855658622632,0.294435537434615,0.0,-111.85259478908768,33.55745813694949
ssp245,Seattle,cehwi_composite_all,cehwi,composite,all,national,national,National,annual_all_days_primary,All calendar-year days; non-heatwave days contribute zero,"1,2,3,4,5,6,7,8,9,10,11,12",2025-2050,113880.0,21.0,0.0007652725190845417,2.4457808668811113e-05,0.00147214608861854,0.0007840321965074881,2.4477469538153583e-05,0.0015435869234768208,0.0007840321965074881,2.4477469538153583e-05,0.0015435869234768208,0.0,-122.34363400005496,47.628300390101685
ssp245,Seattle,cehwi_day_all,cehwi,day,all,national,national,National,annual_all_days_primary,All calendar-year days; non-heatwave days contribute zero,"1,2,3,4,5,6,7,8,9,10,11,12",2025-2050,113880.0,22899.0,0.44513649559492646,0.016732767905097444,0.9760726874283144,0.45519317150595945,0.016880270112792868,1.0198299469359833,0.45519317150595945,-0.10944360392406538,1.0198299469359833,0.0,-122.34363400005496,47.628300390101685
ssp245,Seattle,cehwi_night_all,cehwi,night,all,national,national,National,annual_all_days_primary,All calendar-year days; non-heatwave days contribute zero,"1,2,3,4,5,6,7,8,9,10,11,12",2025-2050,113880.0,0.0,0.0,0.0,0.0,0.0,0.0,0.0,0.0,0.0,0.0,0.0,-122.34363400005496,47.628300390101685
ssp245,Seattle,exceeded_quantity_composite_all,exceeded_quantity,composite,all,national,national,National,annual_all_days_primary,All calendar-year days; non-heatwave days contribute zero,"1,2,3,4,5,6,7,8,9,10,11,12",2025-2050,113880.0,21.0,0.0013079453892506745,0.0,0.0027674674290949965,0.0013566615478569836,0.0,0.0029986207253743517,0.0013566615478569836,-0.0002852976296603861,0.0029986207253743517,0.0,-122.34363400005496,47.628300390101685
ssp245,Seattle,exceeded_quantity_day_all,exceeded_quantity,day,all,national,national,National,annual_all_days_primary,All calendar-year days; non-heatwave days contribute zero,"1,2,3,4,5,6,7,8,9,10,11,12",2025-2050,113880.0,22899.0,0.6124629820908715,0.081950104437956,1.2135342628102985,0.6322074739375212,0.08376842275931264,1.2789806307001281,0.6322074739375212,-0.014565682825085215,1.2789806307001281,0.0,-122.34363400005496,47.628300390101685
ssp245,Seattle,exceeded_quantity_night_all,exceeded_quantity,night,all,national,national,National,annual_all_days_primary,All calendar-year days; non-heatwave days contribute zero,"1,2,3,4,5,6,7,8,9,10,11,12",2025-2050,113880.0,0.0,0.0,0.0,0.0,0.0,0.0,0.0,0.0,0.0,0.0,0.0,-122.34363400005496,47.628300390101685
ssp245,St_Louis,cehwi_composite_all,cehwi,composite,all,national,national,National,annual_all_days_primary,All calendar-year days; non-heatwave days contribute zero,"1,2,3,4,5,6,7,8,9,10,11,12",2025-2050,66430.0,9390.0,0.5010188103927429,0.015310419981278828,0.9701322182276665,0.5155328063574466,0.01532664775111417,1.0267276946981603,0.5155328063574466,0.0043379180167335335,1.0267276946981603,0.0,-90.22886259278208,38.6350520886664
ssp245,St_Louis,cehwi_day_all,cehwi,day,all,national,national,National,annual_all_days_primary,All calendar-year days; non-heatwave days contribute zero,"1,2,3,4,5,6,7,8,9,10,11,12",2025-2050,66430.0,9409.0,0.14200207954192082,3.0180937200874008e-05,0.34557520365366484,0.1435595669528663,3.025224688225531e-05,0.3543995557957576,0.1435595669528663,-0.06728042189002664,0.3543995557957576,0.0,-90.22886259278208,38.6350520886664
ssp245,St_Louis,cehwi_night_all,cehwi,night,all,national,national,National,annual_all_days_primary,All calendar-year days; non-heatwave days contribute zero,"1,2,3,4,5,6,7,8,9,10,11,12",2025-2050,66430.0,6542.0,0.0,0.0,0.038764169901293596,0.0,0.0,0.03890970376476141,-0.032539844112966274,-0.10398939199069486,0.03890970376476141,0.0,-90.22886259278208,38.6350520886664
ssp245,St_Louis,exceeded_quantity_composite_all,exceeded_quantity,composite,all,national,national,National,annual_all_days_primary,All calendar-year days; non-heatwave days contribute zero,"1,2,3,4,5,6,7,8,9,10,11,12",2025-2050,66430.0,9390.0,0.49777957843302817,0.00034229122952098283,1.1237390208011953,0.5103800821199214,0.0003444355470986531,1.1877173630775204,0.5103800821199214,-0.16695719883767646,1.1877173630775204,0.0,-90.22886259278208,38.6350520886664
ssp245,St_Louis,exceeded_quantity_day_all,exceeded_quantity,day,all,national,national,National,annual_all_days_primary,All calendar-year days; non-heatwave days contribute zero,"1,2,3,4,5,6,7,8,9,10,11,12",2025-2050,66430.0,9409.0,0.23892500480238305,0.003971303894463913,0.5376614431092144,0.2425909733044302,0.004003367028368501,0.5547312880818324,0.2425909733044302,-0.06954934147297169,0.5547312880818324,0.0,-90.22886259278208,38.6350520886664
ssp245,St_Louis,exceeded_quantity_night_all,exceeded_quantity,night,all,national,national,National,annual_all_days_primary,All calendar-year days; non-heatwave days contribute zero,"1,2,3,4,5,6,7,8,9,10,11,12",2025-2050,66430.0,6542.0,0.02504246212490211,0.0,0.1727820960395312,0.025109147893210268,0.0,0.17525807113833636,0.025109147893210268,-0.12503977535191596,0.17525807113833636,0.0,-90.22886259278208,38.6350520886664
ssp245,St_Petersburg,cehwi_composite_all,cehwi,composite,all,national,national,National,annual_all_days_primary,All calendar-year days; non-heatwave days contribute zero,"1,2,3,4,5,6,7,8,9,10,11,12",2025-2050,18980.0,2076.0,0.13119801720336216,0.0036718620864018997,0.25590550405299495,0.13272682167794841,0.003673169449081212,0.2617804739068162,0.13272682167794841,0.003673169449081212,0.2617804739068162,0.0,-82.66697286181882,27.773320918006952
ssp245,St_Petersburg,cehwi_day_all,cehwi,day,all,national,national,National,annual_all_days_primary,All calendar-year days; non-heatwave days contribute zero,"1,2,3,4,5,6,7,8,9,10,11,12",2025-2050,18980.0,4258.0,0.2609727879013648,0.011960328247718558,0.5898764076719584,0.2661204237687305,0.012092151829833267,0.6118440106749758,0.2661204237687305,-0.07960316313751754,0.6118440106749758,0.0,-82.66697286181882,27.773320918006952
ssp245,St_Petersburg,cehwi_night_all,cehwi,night,all,national,national,National,annual_all_days_primary,All calendar-year days; non-heatwave days contribute zero,"1,2,3,4,5,6,7,8,9,10,11,12",2025-2050,18980.0,3697.0,0.0,0.0,0.09598372463563615,0.0,0.0,0.09648803729174407,-0.07874107632246279,-0.2539701899366712,0.09648803729174407,0.0,-82.66697286181882,27.773320918006952
ssp245,St_Petersburg,exceeded_quantity_composite_all,exceeded_quantity,composite,all,national,national,National,annual_all_days_primary,All calendar-year days; non-heatwave days contribute zero,"1,2,3,4,5,6,7,8,9,10,11,12",2025-2050,18980.0,2076.0,0.15171957302353334,0.0,0.36472808084103686,0.15309092178481343,0.0,0.3727129189293713,0.15309092178481343,-0.06653107535974405,0.3727129189293713,0.0,-82.66697286181882,27.773320918006952
ssp245,St_Petersburg,exceeded_quantity_day_all,exceeded_quantity,day,all,national,national,National,annual_all_days_primary,All calendar-year days; non-heatwave days contribute zero,"1,2,3,4,5,6,7,8,9,10,11,12",2025-2050,18980.0,4258.0,0.20966467394431496,4.7437475201692835e-05,0.5022785728809618,0.21141568118186427,4.757405824463172e-05,0.5119334306454701,0.21141568118186427,-0.08910206828174085,0.5119334306454701,0.0,-82.66697286181882,27.773320918006952
ssp245,St_Petersburg,exceeded_quantity_night_all,exceeded_quantity,night,all,national,national,National,annual_all_days_primary,All calendar-year days; non-heatwave days contribute zero,"1,2,3,4,5,6,7,8,9,10,11,12",2025-2050,18980.0,3697.0,0.043702173423682336,0.0,0.30856793679876326,0.043808570038880876,0.0,0.31267510893016426,0.043808570038880876,-0.2250579688524027,0.31267510893016426,0.0,-82.66697286181882,27.773320918006952
ssp245,Tallahassee,cehwi_composite_all,cehwi,composite,all,national,national,National,annual_all_days_primary,All calendar-year days; non-heatwave days contribute zero,"1,2,3,4,5,6,7,8,9,10,11,12",2025-2050,94900.0,11431.0,0.24547275911488697,0.00757583625966978,0.474486963617311,0.25039874352446206,0.007581421672353106,0.4932166112401477,0.25039874352446206,0.007580875808776968,0.4932166112401477,0.0,-84.24351618544856,30.45115186849857
ssp245,Tallahassee,cehwi_day_all,cehwi,day,all,national,national,National,annual_all_days_primary,All calendar-year days; non-heatwave days contribute zero,"1,2,3,4,5,6,7,8,9,10,11,12",2025-2050,94900.0,14839.0,0.17025850475146204,0.005699173520102686,0.3889136537045274,0.17333053268190798,0.0057508195787002525,0.4024966910044477,0.17333053268190798,-0.05583562564063388,0.4024966910044477,0.0,-84.24351618544856,30.45115186849857
ssp245,Tallahassee,cehwi_night_all,cehwi,night,all,national,national,National,annual_all_days_primary,All calendar-year days; non-heatwave days contribute zero,"1,2,3,4,5,6,7,8,9,10,11,12",2025-2050,94900.0,17321.0,0.0,0.0,0.06493000734134889,0.0,0.0,0.06516691115951465,-0.05442855495188121,-0.17402402106327874,0.06516691115951465,0.0,-84.24351618544856,30.45115186849857
ssp245,Tallahassee,exceeded_quantity_composite_all,exceeded_quantity,composite,all,national,national,National,annual_all_days_primary,All calendar-year days; non-heatwave days contribute zero,"1,2,3,4,5,6,7,8,9,10,11,12",2025-2050,94900.0,11431.0,0.2379266721396957,0.0,0.5623490392845824,0.24118176680040238,0.0,0.5805642904402121,0.24118176680040238,-0.09820075683940671,0.5805642904402121,0.0,-84.24351618544856,30.45115186849857
ssp245,Tallahassee,exceeded_quantity_day_all,exceeded_quantity,day,all,national,national,National,annual_all_days_primary,All calendar-year days; non-heatwave days contribute zero,"1,2,3,4,5,6,7,8,9,10,11,12",2025-2050,94900.0,14839.0,0.17827098190746044,0.00024281193003631844,0.42103639126142267,0.18006640368822102,0.00024466034427808597,0.43059517451865575,0.18006640368822102,-0.07046236714221304,0.43059517451865575,0.0,-84.24351618544856,30.45115186849857
ssp245,Tallahassee,exceeded_quantity_night_all,exceeded_quantity,night,all,national,national,National,annual_all_days_primary,All calendar-year days; non-heatwave days contribute zero,"1,2,3,4,5,6,7,8,9,10,11,12",2025-2050,94900.0,17321.0,0.030006390198949438,0.0,0.23213423869928304,0.030048158017529015,0.0,0.23439603504942896,0.030048158017529015,-0.17429971901437108,0.23439603504942896,0.0,-84.24351618544856,30.45115186849857
ssp245,Tampa,cehwi_composite_all,cehwi,composite,all,national,national,National,annual_all_days_primary,All calendar-year days; non-heatwave days contribute zero,"1,2,3,4,5,6,7,8,9,10,11,12",2025-2050,94900.0,8566.0,0.11816535764972066,0.0033442351405620577,0.23025873774983485,0.11965080112457802,0.003345586340757956,0.2359560159083985,0.11965080112457802,0.003345586340757956,0.2359560159083985,0.0,-82.45794180532177,27.97564180976341
ssp245,Tampa,cehwi_day_all,cehwi,day,all,national,national,National,annual_all_days_primary,All calendar-year days; non-heatwave days contribute zero,"1,2,3,4,5,6,7,8,9,10,11,12",2025-2050,94900.0,21710.0,0.33290950170713646,0.013908980087545049,0.746495605847949,0.3397776208457253,0.014078989087692022,0.7760761403591301,0.3397776208457253,-0.09652089866768183,0.7760761403591301,0.0,-82.45794180532177,27.97564180976341
ssp245,Tampa,cehwi_night_all,cehwi,night,all,national,national,National,annual_all_days_primary,All calendar-year days; non-heatwave days contribute zero,"1,2,3,4,5,6,7,8,9,10,11,12",2025-2050,94900.0,18597.0,0.0,0.0,0.10261204962935393,0.0,0.0,0.1031898000211627,-0.08384606399748407,-0.27088192801613237,0.1031898000211627,0.0,-82.45794180532177,27.97564180976341
ssp245,Tampa,exceeded_quantity_composite_all,exceeded_quantity,composite,all,national,national,National,annual_all_days_primary,All calendar-year days; non-heatwave days contribute zero,"1,2,3,4,5,6,7,8,9,10,11,12",2025-2050,94900.0,8566.0,0.14084494466368366,0.0,0.3374291511639562,0.14226668897005001,0.0,0.3456502588813475,0.14226668897005001,-0.06111688094124714,0.3456502588813475,0.0,-82.45794180532177,27.97564180976341
ssp245,Tampa,exceeded_quantity_day_all,exceeded_quantity,day,all,national,national,National,annual_all_days_primary,All calendar-year days; non-heatwave days contribute zero,"1,2,3,4,5,6,7,8,9,10,11,12",2025-2050,94900.0,21710.0,0.28932482146194155,0.0012627636672495948,0.6766453691565717,0.292558215837674,0.00127216334188182,0.6932605974436009,0.292558215837674,-0.1081441657682519,0.6932605974436009,0.0,-82.45794180532177,27.97564180976341
ssp245,Tampa,exceeded_quantity_night_all,exceeded_quantity,night,all,national,national,National,annual_all_days_primary,All calendar-year days; non-heatwave days contribute zero,"1,2,3,4,5,6,7,8,9,10,11,12",2025-2050,94900.0,18597.0,0.04666957815461643,0.0,0.32329809813204147,0.046794225759596686,0.0,0.3278198337348194,0.046794225759596686,-0.23423138221562623,0.3278198337348194,0.0,-82.45794180532177,27.97564180976341
ssp245,Tucson,cehwi_composite_all,cehwi,composite,all,national,national,National,annual_all_days_primary,All calendar-year days; non-heatwave days contribute zero,"1,2,3,4,5,6,7,8,9,10,11,12",2025-2050,132860.0,13699.0,0.28310840968163486,0.009010443248598081,0.545746754196454,0.2894753755363805,0.009017853008529884,0.569933701491864,0.2894753755363805,0.00901704958089737,0.569933701491864,0.0,-110.9093637407622,32.199531737475226
ssp245,Tucson,cehwi_day_all,cehwi,day,all,national,national,National,annual_all_days_primary,All calendar-year days; non-heatwave days contribute zero,"1,2,3,4,5,6,7,8,9,10,11,12",2025-2050,132860.0,20717.0,0.2382524497037016,0.0017861592444669869,0.5528175490940789,0.24216957140759515,0.0017960369589176313,0.5724538225668513,0.24216957140759515,-0.08811467975166214,0.5724538225668513,0.0,-110.9093637407622,32.199531737475226
ssp245,Tucson,cehwi_night_all,cehwi,night,all,national,national,National,annual_all_days_primary,All calendar-year days; non-heatwave days contribute zero,"1,2,3,4,5,6,7,8,9,10,11,12",2025-2050,132860.0,16772.0,0.0,0.0,0.10874130377630588,0.0,0.0,0.10976847024791951,-0.08175022897671774,-0.27326892820135584,0.10976847024791951,0.0,-110.9093637407622,32.199531737475226
ssp245,Tucson,exceeded_quantity_composite_all,exceeded_quantity,composite,all,national,national,National,annual_all_days_primary,All calendar-year days; non-heatwave days contribute zero,"1,2,3,4,5,6,7,8,9,10,11,12",2025-2050,132860.0,13699.0,0.3249045118373548,0.0,0.7448593175499041,0.331764349150779,0.0,0.7809918718832868,0.331764349150779,-0.11746317358172814,0.7809918718832868,0.0,-110.9093637407622,32.199531737475226
ssp245,Tucson,exceeded_quantity_day_all,exceeded_quantity,day,all,national,national,National,annual_all_days_primary,All calendar-year days; non-heatwave days contribute zero,"1,2,3,4,5,6,7,8,9,10,11,12",2025-2050,132860.0,20717.0,0.2937551798819932,0.009147937120725865,0.6494300768849773,0.2989225265642501,0.009269580327474528,0.6720030964524139,0.2989225265642501,-0.07415804332391321,0.6720030964524139,0.0,-110.9093637407622,32.199531737475226
ssp245,Tucson,exceeded_quantity_night_all,exceeded_quantity,night,all,national,national,National,annual_all_days_primary,All calendar-year days; non-heatwave days contribute zero,"1,2,3,4,5,6,7,8,9,10,11,12",2025-2050,132860.0,16772.0,0.06085831483643051,0.0,0.33759710655364145,0.0612546561734504,0.0,0.3447912197956738,0.0612546561734504,-0.2222819074487733,0.3447912197956738,0.0,-110.9093637407622,32.199531737475226
ssp245,Virginia_Beach,cehwi_composite_all,cehwi,composite,all,national,national,National,annual_all_days_primary,All calendar-year days; non-heatwave days contribute zero,"1,2,3,4,5,6,7,8,9,10,11,12",2025-2050,18980.0,2244.0,0.2879955530179495,0.008993304946128803,0.556239023419181,0.29395690381330447,0.009000100324539479,0.5789137073020697,0.29395690381330447,0.009000100324539479,0.5789137073020697,0.0,-76.01494818291374,36.78853645041103
ssp245,Virginia_Beach,cehwi_day_all,cehwi,day,all,national,national,National,annual_all_days_primary,All calendar-year days; non-heatwave days contribute zero,"1,2,3,4,5,6,7,8,9,10,11,12",2025-2050,18980.0,2019.0,0.07438440048771561,0.0,0.1860714256785067,0.07490122290432831,0.0,0.18925775293978453,0.07490122290432831,-0.03945530713112973,0.18925775293978453,0.0,-76.01494818291374,36.78853645041103
ssp245,Virginia_Beach,cehwi_night_all,cehwi,night,all,national,national,National,annual_all_days_primary,All calendar-year days; non-heatwave days contribute zero,"1,2,3,4,5,6,7,8,9,10,11,12",2025-2050,18980.0,2172.0,0.0,0.0,0.038122722647841445,0.0,0.0,0.038240963807026296,-0.03215285886399964,-0.10254668153502668,0.038240963807026296,0.0,-76.01494818291374,36.78853645041103
ssp245,Virginia_Beach,exceeded_quantity_composite_all,exceeded_quantity,composite,all,national,national,National,annual_all_days_primary,All calendar-year days; non-heatwave days contribute zero,"1,2,3,4,5,6,7,8,9,10,11,12",2025-2050,18980.0,2244.0,0.314093285507107,0.0,0.7289333692096291,0.3198321485686034,0.0,0.759864294423431,0.3198321485686034,-0.12019999728622377,0.759864294423431,0.0,-76.01494818291374,36.78853645041103
ssp245,Virginia_Beach,exceeded_quantity_day_all,exceeded_quantity,day,all,national,national,National,annual_all_days_primary,All calendar-year days; non-heatwave days contribute zero,"1,2,3,4,5,6,7,8,9,10,11,12",2025-2050,18980.0,2019.0,0.1436717515325923,0.0009759591953083819,0.33542304762228664,0.1453243966337447,0.0009873079470711984,0.34383887734945623,0.1453243966337447,-0.05319008408196652,0.34383887734945623,0.0,-76.01494818291374,36.78853645041103
ssp245,Virginia_Beach,exceeded_quantity_night_all,exceeded_quantity,night,all,national,national,National,annual_all_days_primary,All calendar-year days; non-heatwave days contribute zero,"1,2,3,4,5,6,7,8,9,10,11,12",2025-2050,18980.0,2172.0,0.02438368133016928,0.0,0.17681850031457533,0.02443526344802347,0.0,0.179030391366355,0.02443526344802347,-0.13015986447030825,0.179030391366355,0.0,-76.01494818291374,36.78853645041103
ssp245,Visalia,cehwi_composite_all,cehwi,composite,all,national,national,National,annual_all_days_primary,All calendar-year days; non-heatwave days contribute zero,"1,2,3,4,5,6,7,8,9,10,11,12",2025-2050,56940.0,6583.0,0.3620286091494834,0.011708935831592765,0.6964144857757804,0.3714485433993137,0.011720413312524455,0.7322666481917054,0.3714485433993137,0.01063043860692226,0.7322666481917054,0.0,-119.32572241459629,36.32192880286373
ssp245,Visalia,cehwi_day_all,cehwi,day,all,national,national,National,annual_all_days_primary,All calendar-year days; non-heatwave days contribute zero,"1,2,3,4,5,6,7,8,9,10,11,12",2025-2050,56940.0,9284.0,0.13920115905078095,0.00010464087916380892,0.34236155543917646,0.14050075786934396,0.00010503368763063873,0.34984581476038984,0.14050075786934396,-0.06884429902170433,0.34984581476038984,0.0,-119.32572241459629,36.32192880286373
ssp245,Visalia,cehwi_night_all,cehwi,night,all,national,national,National,annual_all_days_primary,All calendar-year days; non-heatwave days contribute zero,"1,2,3,4,5,6,7,8,9,10,11,12",2025-2050,56940.0,4275.0,0.0,0.0,0.0466098240722884,0.0,0.0,0.0469382882887656,-0.03700757516132868,-0.1209534386114235,0.0469382882887656,0.0,-119.32572241459629,36.32192880286373
ssp245,Visalia,exceeded_quantity_composite_all,exceeded_quantity,composite,all,national,national,National,annual_all_days_primary,All calendar-year days; non-heatwave days contribute zero,"1,2,3,4,5,6,7,8,9,10,11,12",2025-2050,56940.0,6583.0,0.3666322836682621,0.0,0.8413196843251157,0.3743122864419223,0.0,0.8819325790120542,0.3743122864419223,-0.13330800612820912,0.8819325790120542,0.0,-119.32572241459629,36.32192880286373
ssp245,Visalia,exceeded_quantity_day_all,exceeded_quantity,day,all,national,national,National,annual_all_days_primary,All calendar-year days; non-heatwave days contribute zero,"1,2,3,4,5,6,7,8,9,10,11,12",2025-2050,56940.0,9284.0,0.21649052845362224,0.0005203974244895983,0.5079391865131062,0.21885037704512414,0.0005239478959985037,0.5203648039649147,0.21885037704512414,-0.08266404987466591,0.5203648039649147,0.0,-119.32572241459629,36.32192880286373
ssp245,Visalia,exceeded_quantity_night_all,exceeded_quantity,night,all,national,national,National,annual_all_days_primary,All calendar-year days; non-heatwave days contribute zero,"1,2,3,4,5,6,7,8,9,10,11,12",2025-2050,56940.0,4275.0,0.02614870894014968,0.0,0.16330455343923694,0.026258978616567646,0.0,0.1661835593223217,0.026258978616567646,-0.11366560208918655,0.1661835593223217,0.0,-119.32572241459629,36.32192880286373
ssp245,Washington,cehwi_composite_all,cehwi,composite,all,national,national,National,annual_all_days_primary,All calendar-year days; non-heatwave days contribute zero,"1,2,3,4,5,6,7,8,9,10,11,12",2025-2050,66430.0,5413.0,0.25359922753069175,0.007934012393945143,0.49048529250283585,0.25990508852960115,0.007941270963088193,0.5148531312058371,0.25990508852960115,0.004957045853365403,0.5148531312058371,0.0,-77.01079484073769,38.89522924007893
ssp245,Washington,cehwi_day_all,cehwi,day,all,national,national,National,annual_all_days_primary,All calendar-year days; non-heatwave days contribute zero,"1,2,3,4,5,6,7,8,9,10,11,12",2025-2050,66430.0,9466.0,0.15168733081921357,0.002482242816171842,0.3635235591982939,0.15361007781907685,0.0025060022184782587,0.37315148368329376,0.15361007781907685,-0.06593132804514187,0.37315148368329376,0.0,-77.01079484073769,38.89522924007893
ssp245,Washington,cehwi_night_all,cehwi,night,all,national,national,National,annual_all_days_primary,All calendar-year days; non-heatwave days contribute zero,"1,2,3,4,5,6,7,8,9,10,11,12",2025-2050,66430.0,3545.0,0.0,0.0,0.01666720925135347,0.0,0.0,0.01671000561078366,-0.014123663866987839,-0.04495733334475992,0.01671000561078366,0.0,-77.01079484073769,38.89522924007893
ssp245,Washington,exceeded_quantity_composite_all,exceeded_quantity,composite,all,national,national,National,annual_all_days_primary,All calendar-year days; non-heatwave days contribute zero,"1,2,3,4,5,6,7,8,9,10,11,12",2025-2050,66430.0,5413.0,0.2887631723043881,0.0,0.6574477730509589,0.2953619962904481,0.0,0.6918353155876779,0.2953619962904481,-0.10111132300678123,0.6918353155876779,0.0,-77.01079484073769,38.89522924007893
ssp245,Washington,exceeded_quantity_day_all,exceeded_quantity,day,all,national,national,National,annual_all_days_primary,All calendar-year days; non-heatwave days contribute zero,"1,2,3,4,5,6,7,8,9,10,11,12",2025-2050,66430.0,9466.0,0.2626175239201442,0.004009777234495541,0.5915055324705317,0.2666492987140355,0.004048489668661267,0.610426456222034,0.2666492987140355,-0.0771278587939627,0.610426456222034,0.0,-77.01079484073769,38.89522924007893
ssp245,Washington,exceeded_quantity_night_all,exceeded_quantity,night,all,national,national,National,annual_all_days_primary,All calendar-year days; non-heatwave days contribute zero,"1,2,3,4,5,6,7,8,9,10,11,12",2025-2050,66430.0,3545.0,0.012605597585213,0.0,0.08968130655377607,0.012636134955935047,0.0,0.09086535603131374,0.012636134955935047,-0.06559308611944369,0.09086535603131374,0.0,-77.01079484073769,38.89522924007893
ssp370,Abilene,cehwi_composite_all,cehwi,composite,all,national,national,National,annual_all_days_primary,All calendar-year days; non-heatwave days contribute zero,"1,2,3,4,5,6,7,8,9,10,11,12",2025-2050,85410.0,15395.0,0.7580545899554858,0.022325859807875294,1.466063394561236,0.7837988253293932,0.02235358881853965,1.5666238086120063,0.7837988253293932,0.0009738420467805052,1.5666238086120063,0.0,-99.72248665892138,32.43090707989828
ssp370,Abilene,cehwi_day_all,cehwi,day,all,national,national,National,annual_all_days_primary,All calendar-year days; non-heatwave days contribute zero,"1,2,3,4,5,6,7,8,9,10,11,12",2025-2050,85410.0,7945.0,0.05593790900973131,0.0,0.14025932269948627,0.05630362367595366,0.0,0.1425334787126182,0.05630362367595366,-0.029926231360712454,0.1425334787126182,0.0,-99.72248665892138,32.43090707989828
ssp370,Abilene,cehwi_night_all,cehwi,night,all,national,national,National,annual_all_days_primary,All calendar-year days; non-heatwave days contribute zero,"1,2,3,4,5,6,7,8,9,10,11,12",2025-2050,85410.0,11105.0,0.0,0.0,0.053054843220268794,0.0,0.0,0.05327433818531091,-0.04429007735489133,-0.1418544928950947,0.05327433818531091,0.0,-99.72248665892138,32.43090707989828
ssp370,Abilene,exceeded_quantity_composite_all,exceeded_quantity,composite,all,national,national,National,annual_all_days_primary,All calendar-year days; non-heatwave days contribute zero,"1,2,3,4,5,6,7,8,9,10,11,12",2025-2050,85410.0,15395.0,0.5704758274295548,0.0,1.3021310661813015,0.5831610374120892,0.0,1.3683842755877345,0.5831610374120892,-0.20206220076355516,1.3683842755877345,0.0,-99.72248665892138,32.43090707989828
ssp370,Abilene,exceeded_quantity_day_all,exceeded_quantity,day,all,national,national,National,annual_all_days_primary,All calendar-year days; non-heatwave days contribute zero,"1,2,3,4,5,6,7,8,9,10,11,12",2025-2050,85410.0,7945.0,0.10856119155515777,0.0001153289686793571,0.25676699255635976,0.10964125000076658,0.00011607038065864618,0.2625548741972203,0.10964125000076658,-0.04327237419568675,0.2625548741972203,0.0,-99.72248665892138,32.43090707989828
ssp370,Abilene,exceeded_quantity_night_all,exceeded_quantity,night,all,national,national,National,annual_all_days_primary,All calendar-year days; non-heatwave days contribute zero,"1,2,3,4,5,6,7,8,9,10,11,12",2025-2050,85410.0,11105.0,0.030437070916657382,0.0,0.21695597953245915,0.030510335997542576,0.0,0.21980848879598683,0.030510335997542576,-0.15878781680090187,0.21980848879598683,0.0,-99.72248665892138,32.43090707989828
ssp370,Amarillo,cehwi_composite_all,cehwi,composite,all,national,national,National,annual_all_days_primary,All calendar-year days; non-heatwave days contribute zero,"1,2,3,4,5,6,7,8,9,10,11,12",2025-2050,94900.0,11550.0,0.3961868952657564,0.012019052574230478,0.7632759219831122,0.4071503987061552,0.012031035612998047,0.8053627130104604,0.4071503987061552,0.008938084401850573,0.8053627130104604,0.0,-101.84151260135,35.1822476629671
ssp370,Amarillo,cehwi_day_all,cehwi,day,all,national,national,National,annual_all_days_primary,All calendar-year days; non-heatwave days contribute zero,"1,2,3,4,5,6,7,8,9,10,11,12",2025-2050,94900.0,16030.0,0.1854082234561086,0.0013697108420819355,0.44284725593986846,0.1877983386656124,0.0013779304475795258,0.45527579800628165,0.1877983386656124,-0.07967912067505899,0.45527579800628165,0.0,-101.84151260135,35.1822476629671
ssp370,Amarillo,cehwi_night_all,cehwi,night,all,national,national,National,annual_all_days_primary,All calendar-year days; non-heatwave days contribute zero,"1,2,3,4,5,6,7,8,9,10,11,12",2025-2050,94900.0,5343.0,0.0,0.0,0.017084647051347362,0.0,0.0,0.01713653567619522,-0.014412039718116573,-0.04596061511242895,0.01713653567619522,0.0,-101.84151260135,35.1822476629671
ssp370,Amarillo,exceeded_quantity_composite_all,exceeded_quantity,composite,all,national,national,National,annual_all_days_primary,All calendar-year days; non-heatwave days contribute zero,"1,2,3,4,5,6,7,8,9,10,11,12",2025-2050,94900.0,11550.0,0.36986865011237874,0.0,0.8513275512698198,0.377389049333615,0.0,0.8911270180671441,0.377389049333615,-0.1363489193999134,0.8911270180671441,0.0,-101.84151260135,35.1822476629671
ssp370,Amarillo,exceeded_quantity_day_all,exceeded_quantity,day,all,national,national,National,annual_all_days_primary,All calendar-year days; non-heatwave days contribute zero,"1,2,3,4,5,6,7,8,9,10,11,12",2025-2050,94900.0,16030.0,0.2633977005942555,0.005280045456745586,0.5969228954004244,0.2672729565165278,0.005333834419596785,0.614821612046539,0.2672729565165278,-0.08027569901348289,0.614821612046539,0.0,-101.84151260135,35.1822476629671
ssp370,Amarillo,exceeded_quantity_night_all,exceeded_quantity,night,all,national,national,National,annual_all_days_primary,All calendar-year days; non-heatwave days contribute zero,"1,2,3,4,5,6,7,8,9,10,11,12",2025-2050,94900.0,5343.0,0.011312323876222214,0.0,0.0838029740661955,0.011333387471335138,0.0,0.08477437657730723,0.011333387471335138,-0.06210760163463705,0.08477437657730723,0.0,-101.84151260135,35.1822476629671
ssp370,Arlington,cehwi_composite_all,cehwi,composite,all,national,national,National,annual_all_days_primary,All calendar-year days; non-heatwave days contribute zero,"1,2,3,4,5,6,7,8,9,10,11,12",2025-2050,85410.0,15492.0,0.786660279449613,0.023004428629376742,1.5338571869377784,0.8131167342809426,0.02303316427794381,1.6392954131025208,0.8131167342809426,-0.013061944540634937,1.6392954131025208,0.0,-97.1173723349748,32.70008691094104
ssp370,Arlington,cehwi_day_all,cehwi,day,all,national,national,National,annual_all_days_primary,All calendar-year days; non-heatwave days contribute zero,"1,2,3,4,5,6,7,8,9,10,11,12",2025-2050,85410.0,7081.0,0.03437051295317176,0.0,0.08694365133732392,0.034529605177233566,0.0,0.08795654914820386,0.034529605177233566,-0.01889733879373821,0.08795654914820386,0.0,-97.1173723349748,32.70008691094104
ssp370,Arlington,cehwi_night_all,cehwi,night,all,national,national,National,annual_all_days_primary,All calendar-year days; non-heatwave days contribute zero,"1,2,3,4,5,6,7,8,9,10,11,12",2025-2050,85410.0,10800.0,0.0,0.0,0.04332720176285903,0.0,0.0,0.0434748210405331,-0.036431547041078226,-0.11633791512269079,0.0434748210405331,0.0,-97.1173723349748,32.70008691094104
ssp370,Arlington,exceeded_quantity_composite_all,exceeded_quantity,composite,all,national,national,National,annual_all_days_primary,All calendar-year days; non-heatwave days contribute zero,"1,2,3,4,5,6,7,8,9,10,11,12",2025-2050,85410.0,15492.0,0.5588779696311584,0.0,1.276232548350877,0.571220872624205,0.0,1.3406391555325536,0.571220872624205,-0.19819741028414317,1.3406391555325536,0.0,-97.1173723349748,32.70008691094104
ssp370,Arlington,exceeded_quantity_day_all,exceeded_quantity,day,all,national,national,National,annual_all_days_primary,All calendar-year days; non-heatwave days contribute zero,"1,2,3,4,5,6,7,8,9,10,11,12",2025-2050,85410.0,7081.0,0.06783341424453833,1.4928038975836554e-05,0.16391010133858533,0.06833121144099531,1.4988988011077743e-05,0.16674264540395278,0.06833121144099531,-0.030080222521961898,0.16674264540395278,0.0,-97.1173723349748,32.70008691094104
ssp370,Arlington,exceeded_quantity_night_all,exceeded_quantity,night,all,national,national,National,annual_all_days_primary,All calendar-year days; non-heatwave days contribute zero,"1,2,3,4,5,6,7,8,9,10,11,12",2025-2050,85410.0,10800.0,0.025494356037271505,0.0,0.18930641123023545,0.02554065261158881,0.0,0.19151715105472206,0.02554065261158881,-0.1404358458315446,0.19151715105472206,0.0,-97.1173723349748,32.70008691094104
ssp370,Atlanta,cehwi_composite_all,cehwi,composite,all,national,national,National,annual_all_days_primary,All calendar-year days; non-heatwave days contribute zero,"1,2,3,4,5,6,7,8,9,10,11,12",2025-2050,113880.0,12344.0,0.2832405957185214,0.009017226733769035,0.5462405855796576,0.28949055994845024,0.00902472015181479,0.5699717691514361,0.28949055994845024,0.009009350745464701,0.5699717691514361,0.0,-84.41868766585188,33.78528111731029
ssp370,Atlanta,cehwi_day_all,cehwi,day,all,national,national,National,annual_all_days_primary,All calendar-year days; non-heatwave days contribute zero,"1,2,3,4,5,6,7,8,9,10,11,12",2025-2050,113880.0,19456.0,0.17857653433676168,5.061059695761081e-05,0.4324632191097504,0.18062289133719034,5.069072958726905e-05,0.4438445274483602,0.18062289133719034,-0.08259874477398185,0.4438445274483602,0.0,-84.41868766585188,33.78528111731029
ssp370,Atlanta,cehwi_night_all,cehwi,night,all,national,national,National,annual_all_days_primary,All calendar-year days; non-heatwave days contribute zero,"1,2,3,4,5,6,7,8,9,10,11,12",2025-2050,113880.0,10367.0,0.0,0.0,0.023487330435892215,0.0,0.0,0.023547066654211336,-0.019887234080885725,-0.06332153481598361,0.023547066654211336,0.0,-84.41868766585188,33.78528111731029
ssp370,Atlanta,exceeded_quantity_composite_all,exceeded_quantity,composite,all,national,national,National,annual_all_days_primary,All calendar-year days; non-heatwave days contribute zero,"1,2,3,4,5,6,7,8,9,10,11,12",2025-2050,113880.0,12344.0,0.29472272757455514,0.0,0.6854507016545413,0.29995355709043237,0.0,0.713834964918056,0.29995355709043237,-0.11392785073719078,0.713834964918056,0.0,-84.41868766585188,33.78528111731029
ssp370,Atlanta,exceeded_quantity_day_all,exceeded_quantity,day,all,national,national,National,annual_all_days_primary,All calendar-year days; non-heatwave days contribute zero,"1,2,3,4,5,6,7,8,9,10,11,12",2025-2050,113880.0,19456.0,0.24281851179051828,0.0005563001305637369,0.5661032944298975,0.24562532560610767,0.000559054262107178,0.5806342292466676,0.24562532560610767,-0.08938357803445184,0.5806342292466676,0.0,-84.41868766585188,33.78528111731029
ssp370,Atlanta,exceeded_quantity_night_all,exceeded_quantity,night,all,national,national,National,annual_all_days_primary,All calendar-year days; non-heatwave days contribute zero,"1,2,3,4,5,6,7,8,9,10,11,12",2025-2050,113880.0,10367.0,0.013479486416827443,0.0,0.10410484911795455,0.013498481929551097,0.0,0.10510167009180865,0.013498481929551097,-0.07810470623270654,0.10510167009180865,0.0,-84.41868766585188,33.78528111731029
ssp370,Aurora,cehwi_composite_all,cehwi,composite,all,national,national,National,annual_all_days_primary,All calendar-year days; non-heatwave days contribute zero,"1,2,3,4,5,6,7,8,9,10,11,12",2025-2050,132860.0,0.0,0.0,0.0,0.0,0.0,0.0,0.0,0.0,0.0,0.0,0.0,-104.76873712003088,39.6946779262805
ssp370,Aurora,cehwi_day_all,cehwi,day,all,national,national,National,annual_all_days_primary,All calendar-year days; non-heatwave days contribute zero,"1,2,3,4,5,6,7,8,9,10,11,12",2025-2050,132860.0,26624.0,0.4022676801012462,0.009730055410435413,0.8967798677379227,0.41053756959872734,0.009790140908953601,0.9343969107117205,0.41053756959872734,-0.11332177151426732,0.9343969107117205,0.0,-104.76873712003088,39.6946779262805
ssp370,Aurora,cehwi_night_all,cehwi,night,all,national,national,National,annual_all_days_primary,All calendar-year days; non-heatwave days contribute zero,"1,2,3,4,5,6,7,8,9,10,11,12",2025-2050,132860.0,0.0,0.0,0.0,0.0,0.0,0.0,0.0,0.0,0.0,0.0,0.0,-104.76873712003088,39.6946779262805
ssp370,Aurora,exceeded_quantity_composite_all,exceeded_quantity,composite,all,national,national,National,annual_all_days_primary,All calendar-year days; non-heatwave days contribute zero,"1,2,3,4,5,6,7,8,9,10,11,12",2025-2050,132860.0,0.0,0.0,0.0,0.0,0.0,0.0,0.0,0.0,0.0,0.0,0.0,-104.76873712003088,39.6946779262805
ssp370,Aurora,exceeded_quantity_day_all,exceeded_quantity,day,all,national,national,National,annual_all_days_primary,All calendar-year days; non-heatwave days contribute zero,"1,2,3,4,5,6,7,8,9,10,11,12",2025-2050,132860.0,26624.0,0.41462345579524673,0.012525754701881362,0.9088257786470045,0.4221963128648741,0.012664092154143216,0.9416864568475654,0.4221963128648741,-0.09729383111781642,0.9416864568475654,0.0,-104.76873712003088,39.6946779262805
ssp370,Aurora,exceeded_quantity_night_all,exceeded_quantity,night,all,national,national,National,annual_all_days_primary,All calendar-year days; non-heatwave days contribute zero,"1,2,3,4,5,6,7,8,9,10,11,12",2025-2050,132860.0,0.0,0.0,0.0,0.0,0.0,0.0,0.0,0.0,0.0,0.0,0.0,-104.76873712003088,39.6946779262805
ssp370,Austin,cehwi_composite_all,cehwi,composite,all,national,national,National,annual_all_days_primary,All calendar-year days; non-heatwave days contribute zero,"1,2,3,4,5,6,7,8,9,10,11,12",2025-2050,227760.0,43095.0,0.7098265706767192,0.022356426631993234,1.371645701146834,0.7317109032539442,0.022382302775992517,1.4565149261021362,0.7317109032539442,0.006906880405753369,1.4565149261021362,0.0,-97.74744069397526,30.309038865548093
ssp370,Austin,cehwi_day_all,cehwi,day,all,national,national,National,annual_all_days_primary,All calendar-year days; non-heatwave days contribute zero,"1,2,3,4,5,6,7,8,9,10,11,12",2025-2050,227760.0,24542.0,0.06174081938675966,0.0,0.15470765322087748,0.06214360556374956,0.0,0.157192422092825,0.06214360556374956,-0.03290521096532765,0.157192422092825,0.0,-97.74744069397526,30.309038865548093
ssp370,Austin,cehwi_night_all,cehwi,night,all,national,national,National,annual_all_days_primary,All calendar-year days; non-heatwave days contribute zero,"1,2,3,4,5,6,7,8,9,10,11,12",2025-2050,227760.0,42340.0,0.0,0.0,0.09073224672153689,0.0,0.0,0.09120069730146795,-0.07473793794803506,-0.24067657319753946,0.09120069730146795,0.0,-97.74744069397526,30.309038865548093
ssp370,Austin,exceeded_quantity_composite_all,exceeded_quantity,composite,all,national,national,National,annual_all_days_primary,All calendar-year days; non-heatwave days contribute zero,"1,2,3,4,5,6,7,8,9,10,11,12",2025-2050,227760.0,43095.0,0.498185840673475,0.0,1.1552892123143665,0.507330423194755,0.0,1.204595045677686,0.507330423194755,-0.18993419928817523,1.204595045677686,0.0,-97.74744069397526,30.309038865548093
ssp370,Austin,exceeded_quantity_day_all,exceeded_quantity,day,all,national,national,National,annual_all_days_primary,All calendar-year days; non-heatwave days contribute zero,"1,2,3,4,5,6,7,8,9,10,11,12",2025-2050,227760.0,24542.0,0.1039286377907023,3.318971855211187e-07,0.24948597086969257,0.10477867659042277,3.319677110882947e-07,0.2542260806072924,0.10477867659042277,-0.04466872742644643,0.2542260806072924,0.0,-97.74744069397526,30.309038865548093
ssp370,Austin,exceeded_quantity_night_all,exceeded_quantity,night,all,national,national,National,annual_all_days_primary,All calendar-year days; non-heatwave days contribute zero,"1,2,3,4,5,6,7,8,9,10,11,12",2025-2050,227760.0,42340.0,0.04295646795325925,0.0,0.30670825815107994,0.04305381477344767,0.0,0.3107368509300739,0.04305381477344767,-0.22462922138317884,0.3107368509300739,0.0,-97.74744069397526,30.309038865548093
ssp370,Bakersfield,cehwi_composite_all,cehwi,composite,all,national,national,National,annual_all_days_primary,All calendar-year days; non-heatwave days contribute zero,"1,2,3,4,5,6,7,8,9,10,11,12",2025-2050,132860.0,16559.0,0.38747394962884507,0.01257743485567934,0.7447290903423459,0.3979097723886496,0.012590405330253485,0.7844268106843444,0.3979097723886496,0.011392734092955478,0.7844268106843444,0.0,-119.03270052430015,35.36139476524356
ssp370,Bakersfield,cehwi_day_all,cehwi,day,all,national,national,National,annual_all_days_primary,All calendar-year days; non-heatwave days contribute zero,"1,2,3,4,5,6,7,8,9,10,11,12",2025-2050,132860.0,20550.0,0.11015215523216927,0.0,0.27464945995046824,0.11097714418610928,0.0,0.2796780579171429,0.11097714418610928,-0.05772376954492684,0.2796780579171429,0.0,-119.03270052430015,35.36139476524356
ssp370,Bakersfield,cehwi_night_all,cehwi,night,all,national,national,National,annual_all_days_primary,All calendar-year days; non-heatwave days contribute zero,"1,2,3,4,5,6,7,8,9,10,11,12",2025-2050,132860.0,8600.0,0.0,0.0,0.027475060216413584,0.0,0.0,0.027590860566476118,-0.022946896260573366,-0.07348465308762342,0.027590860566476118,0.0,-119.03270052430015,35.36139476524356
ssp370,Bakersfield,exceeded_quantity_composite_all,exceeded_quantity,composite,all,national,national,National,annual_all_days_primary,All calendar-year days; non-heatwave days contribute zero,"1,2,3,4,5,6,7,8,9,10,11,12",2025-2050,132860.0,16559.0,0.36583115927923765,0.0,0.8424008635211073,0.37320461215881534,0.0,0.8814946426650763,0.37320461215881534,-0.1350854183474451,0.8814946426650763,0.0,-119.03270052430015,35.36139476524356
ssp370,Bakersfield,exceeded_quantity_day_all,exceeded_quantity,day,all,national,national,National,annual_all_days_primary,All calendar-year days; non-heatwave days contribute zero,"1,2,3,4,5,6,7,8,9,10,11,12",2025-2050,132860.0,20550.0,0.1764333914330645,0.0003328747624579475,0.419143058756614,0.17810768493878348,0.0003367717763283346,0.4281928900324777,0.17810768493878348,-0.07197752015491021,0.4281928900324777,0.0,-119.03270052430015,35.36139476524356
ssp370,Bakersfield,exceeded_quantity_night_all,exceeded_quantity,night,all,national,national,National,annual_all_days_primary,All calendar-year days; non-heatwave days contribute zero,"1,2,3,4,5,6,7,8,9,10,11,12",2025-2050,132860.0,8600.0,0.017650818300121128,0.0,0.11860419226227345,0.01771058544905255,0.0,0.12039494134527406,0.01771058544905255,-0.08497377044716904,0.12039494134527406,0.0,-119.03270052430015,35.36139476524356
ssp370,Baltimore,cehwi_composite_all,cehwi,composite,all,national,national,National,annual_all_days_primary,All calendar-year days; non-heatwave days contribute zero,"1,2,3,4,5,6,7,8,9,10,11,12",2025-2050,75920.0,7611.0,0.2987137805203962,0.00938126920067559,0.5759359407364907,0.30584059430797633,0.009389434307182209,0.6031208549633928,0.30584059430797633,0.008560333652560053,0.6031208549633928,0.0,-76.61681942327382,39.29956644320838
ssp370,Baltimore,cehwi_day_all,cehwi,day,all,national,national,National,annual_all_days_primary,All calendar-year days; non-heatwave days contribute zero,"1,2,3,4,5,6,7,8,9,10,11,12",2025-2050,75920.0,9754.0,0.12178841293807989,0.00038567785018730214,0.2962581143259916,0.1230912736231577,0.0003879803711385588,0.3034354318032977,0.1230912736231577,-0.057252884556984095,0.3034354318032977,0.0,-76.61681942327382,39.29956644320838
ssp370,Baltimore,cehwi_night_all,cehwi,night,all,national,national,National,annual_all_days_primary,All calendar-year days; non-heatwave days contribute zero,"1,2,3,4,5,6,7,8,9,10,11,12",2025-2050,75920.0,4456.0,0.0,0.0,0.01979729227998121,0.0,0.0,0.01986108329616043,-0.01668757598789159,-0.053236235271944155,0.01986108329616043,0.0,-76.61681942327382,39.29956644320838
ssp370,Baltimore,exceeded_quantity_composite_all,exceeded_quantity,composite,all,national,national,National,annual_all_days_primary,All calendar-year days; non-heatwave days contribute zero,"1,2,3,4,5,6,7,8,9,10,11,12",2025-2050,75920.0,7611.0,0.34367994190332485,0.0,0.784942400249215,0.351304336029119,0.0,0.8250186863188654,0.351304336029119,-0.12241001426062709,0.8250186863188654,0.0,-76.61681942327382,39.29956644320838
ssp370,Baltimore,exceeded_quantity_day_all,exceeded_quantity,day,all,national,national,National,annual_all_days_primary,All calendar-year days; non-heatwave days contribute zero,"1,2,3,4,5,6,7,8,9,10,11,12",2025-2050,75920.0,9754.0,0.22230898221082823,0.005418156026429878,0.49776922903133236,0.2258808671310315,0.005477583562223633,0.5138453664446914,0.2258808671310315,-0.062083632182627746,0.5138453664446914,0.0,-76.61681942327382,39.29956644320838
ssp370,Baltimore,exceeded_quantity_night_all,exceeded_quantity,night,all,national,national,National,annual_all_days_primary,All calendar-year days; non-heatwave days contribute zero,"1,2,3,4,5,6,7,8,9,10,11,12",2025-2050,75920.0,4456.0,0.015306185484672764,0.0,0.10469881843216676,0.015353455929461616,0.0,0.10620491688487574,0.015353455929461616,-0.0754980050259526,0.10620491688487574,0.0,-76.61681942327382,39.29956644320838
ssp370,Boston,cehwi_composite_all,cehwi,composite,all,national,national,National,annual_all_days_primary,All calendar-year days; non-heatwave days contribute zero,"1,2,3,4,5,6,7,8,9,10,11,12",2025-2050,56940.0,728.0,0.042328605409736535,0.001330651491249528,0.08145330232484173,0.04338975255595411,0.0013318585067308801,0.08548820314131557,0.04338975255595411,0.0012913019705926927,0.08548820314131557,0.0,-71.06747675562549,42.31262407379619
ssp370,Boston,cehwi_day_all,cehwi,day,all,national,national,National,annual_all_days_primary,All calendar-year days; non-heatwave days contribute zero,"1,2,3,4,5,6,7,8,9,10,11,12",2025-2050,56940.0,9548.0,0.3058675904423641,0.007070282314845821,0.7009262077723949,0.3114086142871151,0.0071347575811547504,0.7271167990865643,0.3114086142871151,-0.10429957051233527,0.7271167990865643,0.0,-71.06747675562549,42.31262407379619
ssp370,Boston,cehwi_night_all,cehwi,night,all,national,national,National,annual_all_days_primary,All calendar-year days; non-heatwave days contribute zero,"1,2,3,4,5,6,7,8,9,10,11,12",2025-2050,56940.0,141.0,0.0,0.0,0.0005231915052331686,0.0,0.0,0.000523942699155636,-0.00044545375179644986,-0.0014148502027485738,0.000523942699155636,0.0,-71.06747675562549,42.31262407379619
ssp370,Boston,exceeded_quantity_composite_all,exceeded_quantity,composite,all,national,national,National,annual_all_days_primary,All calendar-year days; non-heatwave days contribute zero,"1,2,3,4,5,6,7,8,9,10,11,12",2025-2050,56940.0,728.0,0.05401032334830398,0.0,0.12256855258189248,0.055312789069560976,0.0,0.1294274633565855,0.055312789069560976,-0.018801885217463534,0.1294274633565855,0.0,-71.06747675562549,42.31262407379619
ssp370,Boston,exceeded_quantity_day_all,exceeded_quantity,day,all,national,national,National,annual_all_days_primary,All calendar-year days; non-heatwave days contribute zero,"1,2,3,4,5,6,7,8,9,10,11,12",2025-2050,56940.0,9548.0,0.46867472430385265,0.03629374351371223,0.9720660512513427,0.48055489698294773,0.03696954237034033,1.0166380507317254,0.48055489698294773,-0.05552825676582955,1.0166380507317254,0.0,-71.06747675562549,42.31262407379619
ssp370,Boston,exceeded_quantity_night_all,exceeded_quantity,night,all,national,national,National,annual_all_days_primary,All calendar-year days; non-heatwave days contribute zero,"1,2,3,4,5,6,7,8,9,10,11,12",2025-2050,56940.0,141.0,0.0004906724051372181,0.0,0.0037979603223699788,0.0004913533769586152,0.0,0.003836546596758437,0.0004913533769586152,-0.00285383984284121,0.003836546596758437,0.0,-71.06747675562549,42.31262407379619
ssp370,Cape_Coral,cehwi_composite_all,cehwi,composite,all,national,national,National,annual_all_days_primary,All calendar-year days; non-heatwave days contribute zero,"1,2,3,4,5,6,7,8,9,10,11,12",2025-2050,75920.0,7576.0,0.1330735579472369,0.0038437812439855645,0.2589177570845164,0.134926748875987,0.003845590485827293,0.2660079072661472,0.134926748875987,0.003845590485827293,0.2660079072661472,0.0,-82.00446533978065,26.634861968585493
ssp370,Cape_Coral,cehwi_day_all,cehwi,day,all,national,national,National,annual_all_days_primary,All calendar-year days; non-heatwave days contribute zero,"1,2,3,4,5,6,7,8,9,10,11,12",2025-2050,75920.0,17663.0,0.2564328274228221,0.0013582681707622747,0.6162177710644531,0.2596347813378855,0.0013657834378992728,0.633535279197026,0.2596347813378855,-0.11426571652125765,0.633535279197026,0.0,-82.00446533978065,26.634861968585493
ssp370,Cape_Coral,cehwi_night_all,cehwi,night,all,national,national,National,annual_all_days_primary,All calendar-year days; non-heatwave days contribute zero,"1,2,3,4,5,6,7,8,9,10,11,12",2025-2050,75920.0,14956.0,0.0,0.0,0.07759845807987448,0.0,0.0,0.07795135299615424,-0.06413799488569115,-0.20622734276753824,0.07795135299615424,0.0,-82.00446533978065,26.634861968585493
ssp370,Cape_Coral,exceeded_quantity_composite_all,exceeded_quantity,composite,all,national,national,National,annual_all_days_primary,All calendar-year days; non-heatwave days contribute zero,"1,2,3,4,5,6,7,8,9,10,11,12",2025-2050,75920.0,7576.0,0.14354159432500685,0.0,0.34437853409308616,0.14491996236803123,0.0,0.3523549204574271,0.14491996236803123,-0.06251499572136432,0.3523549204574271,0.0,-82.00446533978065,26.634861968585493
ssp370,Cape_Coral,exceeded_quantity_day_all,exceeded_quantity,day,all,national,national,National,annual_all_days_primary,All calendar-year days; non-heatwave days contribute zero,"1,2,3,4,5,6,7,8,9,10,11,12",2025-2050,75920.0,17663.0,0.2613975850560506,7.22568969892461e-05,0.620644446901751,0.26387626790548757,7.250313054464043e-05,0.634101558423157,0.26387626790548757,-0.10634902261218118,0.634101558423157,0.0,-82.00446533978065,26.634861968585493
ssp370,Cape_Coral,exceeded_quantity_night_all,exceeded_quantity,night,all,national,national,National,annual_all_days_primary,All calendar-year days; non-heatwave days contribute zero,"1,2,3,4,5,6,7,8,9,10,11,12",2025-2050,75920.0,14956.0,0.03486309986612659,0.0,0.2588333161576891,0.03492845164222901,0.0,0.2617373004812588,0.03492845164222901,-0.19188039719680094,0.2617373004812588,0.0,-82.00446533978065,26.634861968585493
ssp370,Chandler,cehwi_composite_all,cehwi,composite,all,national,national,National,annual_all_days_primary,All calendar-year days; non-heatwave days contribute zero,"1,2,3,4,5,6,7,8,9,10,11,12",2025-2050,75920.0,9061.0,0.29969755448649316,0.00951132363727229,0.5780004827443025,0.3063138501436027,0.009519187617547482,0.6031249482003531,0.3063138501436027,0.009502752086852617,0.6031249482003531,0.0,-111.85099065465177,33.301753251324435
ssp370,Chandler,cehwi_day_all,cehwi,day,all,national,national,National,annual_all_days_primary,All calendar-year days; non-heatwave days contribute zero,"1,2,3,4,5,6,7,8,9,10,11,12",2025-2050,75920.0,13087.0,0.20984348838003702,0.0025223711828126043,0.4927960713312785,0.21295956107623062,0.002536474752084198,0.5083461853285122,0.21295956107623062,-0.08242706317605289,0.5083461853285122,0.0,-111.85099065465177,33.301753251324435
ssp370,Chandler,cehwi_night_all,cehwi,night,all,national,national,National,annual_all_days_primary,All calendar-year days; non-heatwave days contribute zero,"1,2,3,4,5,6,7,8,9,10,11,12",2025-2050,75920.0,9651.0,0.0,0.0,0.09784656348219785,0.0,0.0,0.09866306918336736,-0.07553535607193616,-0.24973378132724058,0.09866306918336736,0.0,-111.85099065465177,33.301753251324435
ssp370,Chandler,exceeded_quantity_composite_all,exceeded_quantity,composite,all,national,national,National,annual_all_days_primary,All calendar-year days; non-heatwave days contribute zero,"1,2,3,4,5,6,7,8,9,10,11,12",2025-2050,75920.0,9061.0,0.31975813526746377,0.0,0.7397901623516845,0.32578835709029724,0.0,0.7719762656460611,0.32578835709029724,-0.12039955146546617,0.7719762656460611,0.0,-111.85099065465177,33.301753251324435
ssp370,Chandler,exceeded_quantity_day_all,exceeded_quantity,day,all,national,national,National,annual_all_days_primary,All calendar-year days; non-heatwave days contribute zero,"1,2,3,4,5,6,7,8,9,10,11,12",2025-2050,75920.0,13087.0,0.25151645169573345,0.0023322654001694605,0.5786238067522661,0.25479644209541463,0.0023558409595595374,0.594707295485063,0.25479644209541463,-0.08511441129423315,0.594707295485063,0.0,-111.85099065465177,33.301753251324435
ssp370,Chandler,exceeded_quantity_night_all,exceeded_quantity,night,all,national,national,National,annual_all_days_primary,All calendar-year days; non-heatwave days contribute zero,"1,2,3,4,5,6,7,8,9,10,11,12",2025-2050,75920.0,9651.0,0.05160533542036364,0.0,0.3083887990983939,0.05185717021559715,0.0,0.31430482201781496,0.05185717021559715,-0.21059048158662091,0.31430482201781496,0.0,-111.85099065465177,33.301753251324435
ssp370,Charleston,cehwi_composite_all,cehwi,composite,all,national,national,National,annual_all_days_primary,All calendar-year days; non-heatwave days contribute zero,"1,2,3,4,5,6,7,8,9,10,11,12",2025-2050,66430.0,10241.0,0.433480084093432,0.01409920810898363,0.8335379232288251,0.44431520011111414,0.014112538310123634,0.8746055546612448,0.44431520011111414,0.014024845560984154,0.8746055546612448,0.0,-79.95773562994015,32.797751375442466
ssp370,Charleston,cehwi_day_all,cehwi,day,all,national,national,National,annual_all_days_primary,All calendar-year days; non-heatwave days contribute zero,"1,2,3,4,5,6,7,8,9,10,11,12",2025-2050,66430.0,8101.0,0.07696653180059089,0.0,0.19166115786273458,0.07753989049810713,0.0,0.19510057785493382,0.07753989049810713,-0.040020796858721557,0.19510057785493382,0.0,-79.95773562994015,32.797751375442466
ssp370,Charleston,cehwi_night_all,cehwi,night,all,national,national,National,annual_all_days_primary,All calendar-year days; non-heatwave days contribute zero,"1,2,3,4,5,6,7,8,9,10,11,12",2025-2050,66430.0,10628.0,0.0,0.0,0.0670828199645899,0.0,0.0,0.06738657581826271,-0.05556903738467292,-0.17852465058760994,0.06738657581826271,0.0,-79.95773562994015,32.797751375442466
ssp370,Charleston,exceeded_quantity_composite_all,exceeded_quantity,composite,all,national,national,National,annual_all_days_primary,All calendar-year days; non-heatwave days contribute zero,"1,2,3,4,5,6,7,8,9,10,11,12",2025-2050,66430.0,10241.0,0.37675199856605246,0.0,0.8788249342593161,0.3831669241996472,0.0,0.9138113364246825,0.3831669241996472,-0.14747748802538754,0.9138113364246825,0.0,-79.95773562994015,32.797751375442466
ssp370,Charleston,exceeded_quantity_day_all,exceeded_quantity,day,all,national,national,National,annual_all_days_primary,All calendar-year days; non-heatwave days contribute zero,"1,2,3,4,5,6,7,8,9,10,11,12",2025-2050,66430.0,8101.0,0.12952413107794003,9.468647567464595e-05,0.3087212726218406,0.1306966318921552,9.515747269001912e-05,0.31514302578919384,0.1306966318921552,-0.053749762004883024,0.31514302578919384,0.0,-79.95773562994015,32.797751375442466
ssp370,Charleston,exceeded_quantity_night_all,exceeded_quantity,night,all,national,national,National,annual_all_days_primary,All calendar-year days; non-heatwave days contribute zero,"1,2,3,4,5,6,7,8,9,10,11,12",2025-2050,66430.0,10628.0,0.030172828031229747,0.0,0.22648824894005518,0.030224696579614792,0.0,0.2289863740425364,0.030224696579614792,-0.16853698088330704,0.2289863740425364,0.0,-79.95773562994015,32.797751375442466
ssp370,Charlotte,cehwi_composite_all,cehwi,composite,all,national,national,National,annual_all_days_primary,All calendar-year days; non-heatwave days contribute zero,"1,2,3,4,5,6,7,8,9,10,11,12",2025-2050,218270.0,29865.0,0.4444236120421428,0.014177629835459499,0.8544748608080083,0.45625942442431006,0.01419158287114996,0.8995431492569161,0.45625942442431006,0.012975699591704547,0.8995431492569161,0.0,-80.83226153697035,35.2026222257981
ssp370,Charlotte,cehwi_day_all,cehwi,day,all,national,national,National,annual_all_days_primary,All calendar-year days; non-heatwave days contribute zero,"1,2,3,4,5,6,7,8,9,10,11,12",2025-2050,218270.0,28412.0,0.09742140058956758,0.00013883789054737594,0.24108471327893882,0.09823629978713164,0.00013937163350555097,0.24583194459521526,0.09823629978713164,-0.04935934502095397,0.24583194459521526,0.0,-80.83226153697035,35.2026222257981
ssp370,Charlotte,cehwi_night_all,cehwi,night,all,national,national,National,annual_all_days_primary,All calendar-year days; non-heatwave days contribute zero,"1,2,3,4,5,6,7,8,9,10,11,12",2025-2050,218270.0,23530.0,0.0,0.0,0.03820263577115124,0.0,0.0,0.038328661527555714,-0.03218964735850877,-0.1027079562445743,0.038328661527555714,0.0,-80.83226153697035,35.2026222257981
ssp370,Charlotte,exceeded_quantity_composite_all,exceeded_quantity,composite,all,national,national,National,annual_all_days_primary,All calendar-year days; non-heatwave days contribute zero,"1,2,3,4,5,6,7,8,9,10,11,12",2025-2050,218270.0,29865.0,0.4286003045606756,0.0,0.9838747358945195,0.43750794981173174,0.0,1.0310252394471062,0.43750794981173174,-0.15600933982364218,1.0310252394471062,0.0,-80.83226153697035,35.2026222257981
ssp370,Charlotte,exceeded_quantity_day_all,exceeded_quantity,day,all,national,national,National,annual_all_days_primary,All calendar-year days; non-heatwave days contribute zero,"1,2,3,4,5,6,7,8,9,10,11,12",2025-2050,218270.0,28412.0,0.16949350425056608,0.00034006690162745947,0.3987035101724389,0.1712903378585011,0.00034193025994329703,0.40819516257650856,0.1712903378585011,-0.06561448685950598,0.40819516257650856,0.0,-80.83226153697035,35.2026222257981
ssp370,Charlotte,exceeded_quantity_night_all,exceeded_quantity,night,all,national,national,National,annual_all_days_primary,All calendar-year days; non-heatwave days contribute zero,"1,2,3,4,5,6,7,8,9,10,11,12",2025-2050,218270.0,23530.0,0.02261426115498562,0.0,0.16409089192664225,0.02266158558366404,0.0,0.16611712647050528,0.02266158558366404,-0.12079395530317731,0.16611712647050528,0.0,-80.83226153697035,35.2026222257981
ssp370,Chicago,cehwi_composite_all,cehwi,composite,all,national,national,National,annual_all_days_primary,All calendar-year days; non-heatwave days contribute zero,"1,2,3,4,5,6,7,8,9,10,11,12",2025-2050,246740.0,24321.0,0.32947285976078894,0.010528809246346154,0.6336048209482122,0.3381619130011241,0.01053907898510614,0.6666880950405886,0.3381619130011241,0.009635730961659822,0.6666880950405886,0.0,-87.69926598228068,41.84514512774459
ssp370,Chicago,cehwi_day_all,cehwi,day,all,national,national,National,annual_all_days_primary,All calendar-year days; non-heatwave days contribute zero,"1,2,3,4,5,6,7,8,9,10,11,12",2025-2050,246740.0,37083.0,0.17649479787008887,0.0011994949631562713,0.42294651713658804,0.17874768816012665,0.0012078387170622433,0.434870818669758,0.17874768816012665,-0.07737544234950648,0.434870818669758,0.0,-87.69926598228068,41.84514512774459
ssp370,Chicago,cehwi_night_all,cehwi,night,all,national,national,National,annual_all_days_primary,All calendar-year days; non-heatwave days contribute zero,"1,2,3,4,5,6,7,8,9,10,11,12",2025-2050,246740.0,8094.0,0.0,0.0,0.0095532805161117,0.0,0.0,0.009580306592077733,-0.008075077221882025,-0.02573046103584209,0.009580306592077733,0.0,-87.69926598228068,41.84514512774459
ssp370,Chicago,exceeded_quantity_composite_all,exceeded_quantity,composite,all,national,national,National,annual_all_days_primary,All calendar-year days; non-heatwave days contribute zero,"1,2,3,4,5,6,7,8,9,10,11,12",2025-2050,246740.0,24321.0,0.365097608382423,0.00012020548778776789,0.8281317147082324,0.37386164935896193,0.00012101147575625282,0.8734308375384633,0.37386164935896193,-0.12570753882053898,0.8734308375384633,0.0,-87.69926598228068,41.84514512774459
ssp370,Chicago,exceeded_quantity_day_all,exceeded_quantity,day,all,national,national,National,annual_all_days_primary,All calendar-year days; non-heatwave days contribute zero,"1,2,3,4,5,6,7,8,9,10,11,12",2025-2050,246740.0,37083.0,0.3074102489926918,0.013048965245699012,0.6695640678350199,0.31344314600741635,0.013265746503006428,0.6946119998943396,0.31344314600741635,-0.06772570787950657,0.6946119998943396,0.0,-87.69926598228068,41.84514512774459
ssp370,Chicago,exceeded_quantity_night_all,exceeded_quantity,night,all,national,national,National,annual_all_days_primary,All calendar-year days; non-heatwave days contribute zero,"1,2,3,4,5,6,7,8,9,10,11,12",2025-2050,246740.0,8094.0,0.007271223869529337,0.0,0.0514325065413956,0.0072890227258353745,0.0,0.052109808180806245,0.0072890227258353745,-0.03753176272913552,0.052109808180806245,0.0,-87.69926598228068,41.84514512774459
ssp370,Cincinnati,cehwi_composite_all,cehwi,composite,all,national,national,National,annual_all_days_primary,All calendar-year days; non-heatwave days contribute zero,"1,2,3,4,5,6,7,8,9,10,11,12",2025-2050,113880.0,4923.0,0.11099143579259303,0.003393552711593837,0.2146904810058692,0.11314322802908891,0.0033958889950936157,0.22289056706308438,0.11314322802908891,0.0033958889950936157,0.22289056706308438,0.0,-84.50103323356284,39.145311433746485
ssp370,Cincinnati,cehwi_day_all,cehwi,day,all,national,national,National,annual_all_days_primary,All calendar-year days; non-heatwave days contribute zero,"1,2,3,4,5,6,7,8,9,10,11,12",2025-2050,113880.0,23569.0,0.3209428177018021,0.00271065284379506,0.7496479041293912,0.32598503325833417,0.0027242682343185387,0.7751104301776358,0.32598503325833417,-0.1231403636609692,0.7751104301776358,0.0,-84.50103323356284,39.145311433746485
ssp370,Cincinnati,cehwi_night_all,cehwi,night,all,national,national,National,annual_all_days_primary,All calendar-year days; non-heatwave days contribute zero,"1,2,3,4,5,6,7,8,9,10,11,12",2025-2050,113880.0,1882.0,0.0,0.0,0.003431128622780536,0.0,0.0,0.0034375386220283,-0.0029158193616240207,-0.009269177345276516,0.0034375386220283,0.0,-84.50103323356284,39.145311433746485
ssp370,Cincinnati,exceeded_quantity_composite_all,exceeded_quantity,composite,all,national,national,National,annual_all_days_primary,All calendar-year days; non-heatwave days contribute zero,"1,2,3,4,5,6,7,8,9,10,11,12",2025-2050,113880.0,4923.0,0.14105935981851667,0.0,0.32605329433354435,0.143811532962402,0.0,0.34091961636476376,0.143811532962402,-0.053296550439959525,0.34091961636476376,0.0,-84.50103323356284,39.145311433746485
ssp370,Cincinnati,exceeded_quantity_day_all,exceeded_quantity,day,all,national,national,National,annual_all_days_primary,All calendar-year days; non-heatwave days contribute zero,"1,2,3,4,5,6,7,8,9,10,11,12",2025-2050,113880.0,23569.0,0.41565350303455617,0.010470160802327825,0.9186181531541565,0.42291210506449795,0.010601810234962395,0.9508180054594348,0.42291210506449795,-0.10499379533043834,0.9508180054594348,0.0,-84.50103323356284,39.145311433746485
ssp370,Cincinnati,exceeded_quantity_night_all,exceeded_quantity,night,all,national,national,National,annual_all_days_primary,All calendar-year days; non-heatwave days contribute zero,"1,2,3,4,5,6,7,8,9,10,11,12",2025-2050,113880.0,1882.0,0.002413000198166726,0.0,0.01863483180326817,0.0024163882302817756,0.0,0.018813560589796403,0.0024163882302817756,-0.013980784129232857,0.018813560589796403,0.0,-84.50103323356284,39.145311433746485
ssp370,Clearwater,cehwi_composite_all,cehwi,composite,all,national,national,National,annual_all_days_primary,All calendar-year days; non-heatwave days contribute zero,"1,2,3,4,5,6,7,8,9,10,11,12",2025-2050,47450.0,6099.0,0.190427889851305,0.0056615637844228675,0.3696078120789038,0.19350475588675586,0.005664840019662987,0.38134467175384945,0.19350475588675586,0.005664840019662987,0.38134467175384945,0.0,-82.74931842952977,27.968555005462687
ssp370,Clearwater,cehwi_day_all,cehwi,day,all,national,national,National,annual_all_days_primary,All calendar-year days; non-heatwave days contribute zero,"1,2,3,4,5,6,7,8,9,10,11,12",2025-2050,47450.0,10648.0,0.1667362047476469,0.0,0.4108961899708916,0.16826032367650198,0.0,0.4198179504206164,0.16826032367650198,-0.08329730306761585,0.4198179504206164,0.0,-82.74931842952977,27.968555005462687
ssp370,Clearwater,cehwi_night_all,cehwi,night,all,national,national,National,annual_all_days_primary,All calendar-year days; non-heatwave days contribute zero,"1,2,3,4,5,6,7,8,9,10,11,12",2025-2050,47450.0,9092.0,0.0,0.0,0.09515704326756157,0.0,0.0,0.09565304705738684,-0.07828878529929752,-0.2522306176559833,0.09565304705738684,0.0,-82.74931842952977,27.968555005462687
ssp370,Clearwater,exceeded_quantity_composite_all,exceeded_quantity,composite,all,national,national,National,annual_all_days_primary,All calendar-year days; non-heatwave days contribute zero,"1,2,3,4,5,6,7,8,9,10,11,12",2025-2050,47450.0,6099.0,0.17794051813525652,0.0,0.42701620670105145,0.179630395389817,0.0,0.43679888233222414,0.179630395389817,-0.07753809155258967,0.43679888233222414,0.0,-82.74931842952977,27.968555005462687
ssp370,Clearwater,exceeded_quantity_day_all,exceeded_quantity,day,all,national,national,National,annual_all_days_primary,All calendar-year days; non-heatwave days contribute zero,"1,2,3,4,5,6,7,8,9,10,11,12",2025-2050,47450.0,10648.0,0.16201649625055464,0.0,0.39588067626960727,0.162972853411024,0.0,0.40151383946427466,0.162972853411024,-0.07556813264222596,0.40151383946427466,0.0,-82.74931842952977,27.968555005462687
ssp370,Clearwater,exceeded_quantity_night_all,exceeded_quantity,night,all,national,national,National,annual_all_days_primary,All calendar-year days; non-heatwave days contribute zero,"1,2,3,4,5,6,7,8,9,10,11,12",2025-2050,47450.0,9092.0,0.04296416870951102,0.0,0.3047247377572042,0.04306710068648076,0.0,0.3087414822397253,0.04306710068648076,-0.22260728086676398,0.3087414822397253,0.0,-82.74931842952977,27.968555005462687
ssp370,Cleveland,cehwi_composite_all,cehwi,composite,all,national,national,National,annual_all_days_primary,All calendar-year days; non-heatwave days contribute zero,"1,2,3,4,5,6,7,8,9,10,11,12",2025-2050,104390.0,3434.0,0.09295711452629052,0.0028992916359312504,0.17949754052732242,0.09490379355626465,0.0029014706341195014,0.18690611647840982,0.09490379355626465,0.0029014706341195014,0.18690611647840982,0.0,-81.69720068009887,41.47755055399433
ssp370,Cleveland,cehwi_day_all,cehwi,day,all,national,national,National,annual_all_days_primary,All calendar-year days; non-heatwave days contribute zero,"1,2,3,4,5,6,7,8,9,10,11,12",2025-2050,104390.0,18865.0,0.2689668697894048,0.002384391390697558,0.6327012869194207,0.27300240839571416,0.0023984045019911308,0.6533697832412098,0.27300240839571416,-0.10736496644978283,0.6533697832412098,0.0,-81.69720068009887,41.47755055399433
ssp370,Cleveland,cehwi_night_all,cehwi,night,all,national,national,National,annual_all_days_primary,All calendar-year days; non-heatwave days contribute zero,"1,2,3,4,5,6,7,8,9,10,11,12",2025-2050,104390.0,981.0,0.0,0.0,0.0023992799754926596,0.0,0.0,0.0024057439319606433,-0.0020269902687812254,-0.00645972446952319,0.0024057439319606433,0.0,-81.69720068009887,41.47755055399433
ssp370,Cleveland,exceeded_quantity_composite_all,exceeded_quantity,composite,all,national,national,National,annual_all_days_primary,All calendar-year days; non-heatwave days contribute zero,"1,2,3,4,5,6,7,8,9,10,11,12",2025-2050,104390.0,3434.0,0.11829771326135617,0.0,0.27123950781158845,0.12083179218958617,0.0,0.28473929602040104,0.12083179218958617,-0.04307571164122852,0.28473929602040104,0.0,-81.69720068009887,41.47755055399433
ssp370,Cleveland,exceeded_quantity_day_all,exceeded_quantity,day,all,national,national,National,annual_all_days_primary,All calendar-year days; non-heatwave days contribute zero,"1,2,3,4,5,6,7,8,9,10,11,12",2025-2050,104390.0,18865.0,0.41623532459313456,0.021667603994057278,0.8913498827239262,0.425167505142153,0.021999273660608953,0.9274202140606352,0.425167505142153,-0.07708520377632885,0.9274202140606352,0.0,-81.69720068009887,41.47755055399433
ssp370,Cleveland,exceeded_quantity_night_all,exceeded_quantity,night,all,national,national,National,annual_all_days_primary,All calendar-year days; non-heatwave days contribute zero,"1,2,3,4,5,6,7,8,9,10,11,12",2025-2050,104390.0,981.0,0.0017046652034097105,0.0,0.01281827987281353,0.0017074899345052021,0.0,0.012961808512539297,0.0017074899345052021,-0.0095468286435289,0.012961808512539297,0.0,-81.69720068009887,41.47755055399433
ssp370,Columbia,cehwi_composite_all,cehwi,composite,all,national,national,National,annual_all_days_primary,All calendar-year days; non-heatwave days contribute zero,"1,2,3,4,5,6,7,8,9,10,11,12",2025-2050,104390.0,16437.0,0.5039886233107876,0.016487563152594482,0.9676113794372281,0.5175700126951769,0.016504267258474672,1.0191137424034646,0.5175700126951769,0.016026282986890072,1.0191137424034646,0.0,-81.01121446313488,34.0247807561963
ssp370,Columbia,cehwi_day_all,cehwi,day,all,national,national,National,annual_all_days_primary,All calendar-year days; non-heatwave days contribute zero,"1,2,3,4,5,6,7,8,9,10,11,12",2025-2050,104390.0,9920.0,0.06351315517948626,0.0,0.1580010893993234,0.06400151735347302,0.0,0.16093190553132952,0.06400151735347302,-0.032928870824385,0.16093190553132952,0.0,-81.01121446313488,34.0247807561963
ssp370,Columbia,cehwi_night_all,cehwi,night,all,national,national,National,annual_all_days_primary,All calendar-year days; non-heatwave days contribute zero,"1,2,3,4,5,6,7,8,9,10,11,12",2025-2050,104390.0,17323.0,0.0,0.0,0.082069568418129,0.0,0.0,0.08246317364382066,-0.0680388970406257,-0.21854096772507334,0.08246317364382066,0.0,-81.01121446313488,34.0247807561963
ssp370,Columbia,exceeded_quantity_composite_all,exceeded_quantity,composite,all,national,national,National,annual_all_days_primary,All calendar-year days; non-heatwave days contribute zero,"1,2,3,4,5,6,7,8,9,10,11,12",2025-2050,104390.0,16437.0,0.4771652981687408,0.0,1.096269375205415,0.4870040109984325,0.0,1.1484026195127346,0.4870040109984325,-0.17439459751586858,1.1484026195127346,0.0,-81.01121446313488,34.0247807561963
ssp370,Columbia,exceeded_quantity_day_all,exceeded_quantity,day,all,national,national,National,annual_all_days_primary,All calendar-year days; non-heatwave days contribute zero,"1,2,3,4,5,6,7,8,9,10,11,12",2025-2050,104390.0,9920.0,0.11342612559558943,1.8261020650452153e-05,0.26977283833727084,0.11449344812058897,1.831913940625721e-05,0.2756392031707863,0.11449344812058897,-0.046652306929607965,0.2756392031707863,0.0,-81.01121446313488,34.0247807561963
ssp370,Columbia,exceeded_quantity_night_all,exceeded_quantity,night,all,national,national,National,annual_all_days_primary,All calendar-year days; non-heatwave days contribute zero,"1,2,3,4,5,6,7,8,9,10,11,12",2025-2050,104390.0,17323.0,0.04395031204398909,0.0,0.3033382898925508,0.044067393837099525,0.0,0.3077072121870218,0.044067393837099525,-0.219572424512823,0.3077072121870218,0.0,-81.01121446313488,34.0247807561963
ssp370,Columbus,cehwi_composite_all,cehwi,composite,all,national,national,National,annual_all_days_primary,All calendar-year days; non-heatwave days contribute zero,"1,2,3,4,5,6,7,8,9,10,11,12",2025-2050,237250.0,5992.0,0.07546535463160084,0.002370974246976875,0.14562242227402983,0.07709202736904255,0.002372808373880354,0.1518112463642048,0.07709202736904255,0.002372808373880354,0.1518112463642048,0.0,-82.98587478768124,39.9884646530878
ssp370,Columbus,cehwi_day_all,cehwi,day,all,national,national,National,annual_all_days_primary,All calendar-year days; non-heatwave days contribute zero,"1,2,3,4,5,6,7,8,9,10,11,12",2025-2050,237250.0,49603.0,0.3448229651108423,0.0038299338318071056,0.8026207738745288,0.3504509726383368,0.003855063376182445,0.8308459607521317,0.3504509726383368,-0.1299440154754595,0.8308459607521317,0.0,-82.98587478768124,39.9884646530878
ssp370,Columbus,cehwi_night_all,cehwi,night,all,national,national,National,annual_all_days_primary,All calendar-year days; non-heatwave days contribute zero,"1,2,3,4,5,6,7,8,9,10,11,12",2025-2050,237250.0,1944.0,0.0,0.0,0.0020321896062872043,0.0,0.0,0.0020368781471137953,-0.0017235879774237153,-0.005484054101961311,0.0020368781471137953,0.0,-82.98587478768124,39.9884646530878
ssp370,Columbus,exceeded_quantity_composite_all,exceeded_quantity,composite,all,national,national,National,annual_all_days_primary,All calendar-year days; non-heatwave days contribute zero,"1,2,3,4,5,6,7,8,9,10,11,12",2025-2050,237250.0,5992.0,0.0950704993935782,0.0,0.21784654611962784,0.09713337873012198,0.0,0.22886764065168322,0.09713337873012198,-0.03460088319143921,0.22886764065168322,0.0,-82.98587478768124,39.9884646530878
ssp370,Columbus,exceeded_quantity_day_all,exceeded_quantity,day,all,national,national,National,annual_all_days_primary,All calendar-year days; non-heatwave days contribute zero,"1,2,3,4,5,6,7,8,9,10,11,12",2025-2050,237250.0,49603.0,0.45685844945773596,0.018830868663704092,0.9890278803124826,0.4659261428581008,0.0190904238351478,1.0269066607176496,0.4659261428581008,-0.09505437500144774,1.0269066607176496,0.0,-82.98587478768124,39.9884646530878
ssp370,Columbus,exceeded_quantity_night_all,exceeded_quantity,night,all,national,national,National,annual_all_days_primary,All calendar-year days; non-heatwave days contribute zero,"1,2,3,4,5,6,7,8,9,10,11,12",2025-2050,237250.0,1944.0,0.0014700401264836804,0.0,0.01095851802417368,0.0014725983193281578,0.0,0.011083916579184257,0.0014725983193281578,-0.008138719940527946,0.011083916579184257,0.0,-82.98587478768124,39.9884646530878
ssp370,Corpus_Christi,cehwi_composite_all,cehwi,composite,all,national,national,National,annual_all_days_primary,All calendar-year days; non-heatwave days contribute zero,"1,2,3,4,5,6,7,8,9,10,11,12",2025-2050,18980.0,2916.0,0.20710375728463734,0.005929774197855314,0.4031934738954062,0.20988009312788206,0.005932414290927449,0.4138277719648374,0.20988009312788206,0.005932414290927449,0.4138277719648374,0.0,-97.36405256378852,27.68672149058898
ssp370,Corpus_Christi,cehwi_day_all,cehwi,day,all,national,national,National,annual_all_days_primary,All calendar-year days; non-heatwave days contribute zero,"1,2,3,4,5,6,7,8,9,10,11,12",2025-2050,18980.0,4980.0,0.2725638189607217,0.00032473775573355903,0.6580254673402931,0.27578156532880876,0.0003254775474403699,0.6756449938604269,0.27578156532880876,-0.12408186320281228,0.6756449938604269,0.0,-97.36405256378852,27.68672149058898
ssp370,Corpus_Christi,cehwi_night_all,cehwi,night,all,national,national,National,annual_all_days_primary,All calendar-year days; non-heatwave days contribute zero,"1,2,3,4,5,6,7,8,9,10,11,12",2025-2050,18980.0,4549.0,0.0,0.0,0.17337680130209573,0.0,0.0,0.17466501721471528,-0.13739027029505438,-0.4494455578048257,0.17466501721471528,0.0,-97.36405256378852,27.68672149058898
ssp370,Corpus_Christi,exceeded_quantity_composite_all,exceeded_quantity,composite,all,national,national,National,annual_all_days_primary,All calendar-year days; non-heatwave days contribute zero,"1,2,3,4,5,6,7,8,9,10,11,12",2025-2050,18980.0,2916.0,0.207430465219673,0.0,0.49866204812371057,0.2092831359192196,0.0,0.5094133675873475,0.2092831359192196,-0.09084709574890783,0.5094133675873475,0.0,-97.36405256378852,27.68672149058898
ssp370,Corpus_Christi,exceeded_quantity_day_all,exceeded_quantity,day,all,national,national,National,annual_all_days_primary,All calendar-year days; non-heatwave days contribute zero,"1,2,3,4,5,6,7,8,9,10,11,12",2025-2050,18980.0,4980.0,0.25088303652146354,0.0005543614459528825,0.6020496963369968,0.252936432613355,0.0005577792318947197,0.6133089161463562,0.252936432613355,-0.10743605091964496,0.6133089161463562,0.0,-97.36405256378852,27.68672149058898
ssp370,Corpus_Christi,exceeded_quantity_night_all,exceeded_quantity,night,all,national,national,National,annual_all_days_primary,All calendar-year days; non-heatwave days contribute zero,"1,2,3,4,5,6,7,8,9,10,11,12",2025-2050,18980.0,4549.0,0.059112258121151985,0.0,0.41678328032071665,0.05925602932644617,0.0,0.42246753062490566,0.05925602932644617,-0.3039554719720135,0.42246753062490566,0.0,-97.36405256378852,27.68672149058898
ssp370,Dallas,cehwi_composite_all,cehwi,composite,all,national,national,National,annual_all_days_primary,All calendar-year days; non-heatwave days contribute zero,"1,2,3,4,5,6,7,8,9,10,11,12",2025-2050,275210.0,49823.0,0.7800805709117927,0.02228119864570776,1.5230411700312811,0.8060267282788237,0.022308265949786535,1.6266587379679383,0.8060267282788237,-0.014605281410290227,1.6266587379679383,0.0,-96.77202001463549,32.79909361336637
ssp370,Dallas,cehwi_day_all,cehwi,day,all,national,national,National,annual_all_days_primary,All calendar-year days; non-heatwave days contribute zero,"1,2,3,4,5,6,7,8,9,10,11,12",2025-2050,275210.0,25099.0,0.04368863793584427,0.0,0.10999201138369828,0.0439313104127769,0.0,0.11150753351733195,0.0439313104127769,-0.02364491269177979,0.11150753351733195,0.0,-96.77202001463549,32.79909361336637
ssp370,Dallas,cehwi_night_all,cehwi,night,all,national,national,National,annual_all_days_primary,All calendar-year days; non-heatwave days contribute zero,"1,2,3,4,5,6,7,8,9,10,11,12",2025-2050,275210.0,37024.0,0.0,0.0,0.05119480349136656,0.0,0.0,0.05138899621078294,-0.04287612841289126,-0.13714125303656668,0.05138899621078294,0.0,-96.77202001463549,32.79909361336637
ssp370,Dallas,exceeded_quantity_composite_all,exceeded_quantity,composite,all,national,national,National,annual_all_days_primary,All calendar-year days; non-heatwave days contribute zero,"1,2,3,4,5,6,7,8,9,10,11,12",2025-2050,275210.0,49823.0,0.5629125808021288,0.0,1.2852073208576742,0.5753783683113551,0.0,1.3502320578922065,0.5753783683113551,-0.19947532126949521,1.3502320578922065,0.0,-96.77202001463549,32.79909361336637
ssp370,Dallas,exceeded_quantity_day_all,exceeded_quantity,day,all,national,national,National,annual_all_days_primary,All calendar-year days; non-heatwave days contribute zero,"1,2,3,4,5,6,7,8,9,10,11,12",2025-2050,275210.0,25099.0,0.08071240626103109,0.00011467229021922348,0.19385645105599522,0.08136317394664319,0.00011533216719426383,0.19745819596875647,0.08136317394664319,-0.03473184807546977,0.19745819596875647,0.0,-96.77202001463549,32.79909361336637
ssp370,Dallas,exceeded_quantity_night_all,exceeded_quantity,night,all,national,national,National,annual_all_days_primary,All calendar-year days; non-heatwave days contribute zero,"1,2,3,4,5,6,7,8,9,10,11,12",2025-2050,275210.0,37024.0,0.0291523411463385,0.0,0.2129902024767336,0.029210864826208986,0.0,0.2156144482753084,0.029210864826208986,-0.15719271862289058,0.2156144482753084,0.0,-96.77202001463549,32.79909361336637
ssp370,Denver,cehwi_composite_all,cehwi,composite,all,national,national,National,annual_all_days_primary,All calendar-year days; non-heatwave days contribute zero,"1,2,3,4,5,6,7,8,9,10,11,12",2025-2050,85410.0,0.0,0.0,0.0,0.0,0.0,0.0,0.0,0.0,0.0,0.0,0.0,-104.9171195553542,39.72922080293672
ssp370,Denver,cehwi_day_all,cehwi,day,all,national,national,National,annual_all_days_primary,All calendar-year days; non-heatwave days contribute zero,"1,2,3,4,5,6,7,8,9,10,11,12",2025-2050,85410.0,17230.0,0.39391236899539456,0.00853189914775423,0.8842679287772474,0.40174349109209034,0.00858451855366352,0.9204034550853097,0.40174349109209034,-0.11691647290113048,0.9204034550853097,0.0,-104.9171195553542,39.72922080293672
ssp370,Denver,cehwi_night_all,cehwi,night,all,national,national,National,annual_all_days_primary,All calendar-year days; non-heatwave days contribute zero,"1,2,3,4,5,6,7,8,9,10,11,12",2025-2050,85410.0,0.0,0.0,0.0,0.0,0.0,0.0,0.0,0.0,0.0,0.0,0.0,-104.9171195553542,39.72922080293672
ssp370,Denver,exceeded_quantity_composite_all,exceeded_quantity,composite,all,national,national,National,annual_all_days_primary,All calendar-year days; non-heatwave days contribute zero,"1,2,3,4,5,6,7,8,9,10,11,12",2025-2050,85410.0,0.0,0.0,0.0,0.0,0.0,0.0,0.0,0.0,0.0,0.0,0.0,-104.9171195553542,39.72922080293672
ssp370,Denver,exceeded_quantity_day_all,exceeded_quantity,day,all,national,national,National,annual_all_days_primary,All calendar-year days; non-heatwave days contribute zero,"1,2,3,4,5,6,7,8,9,10,11,12",2025-2050,85410.0,17230.0,0.41203496395079686,0.011816206320325859,0.9054365142606089,0.4194604987987815,0.011951557615984399,0.9378318093914796,0.4194604987987815,-0.09891081179391616,0.9378318093914796,0.0,-104.9171195553542,39.72922080293672
ssp370,Denver,exceeded_quantity_night_all,exceeded_quantity,night,all,national,national,National,annual_all_days_primary,All calendar-year days; non-heatwave days contribute zero,"1,2,3,4,5,6,7,8,9,10,11,12",2025-2050,85410.0,0.0,0.0,0.0,0.0,0.0,0.0,0.0,0.0,0.0,0.0,0.0,-104.9171195553542,39.72922080293672
ssp370,Detroit,cehwi_composite_all,cehwi,composite,all,national,national,National,annual_all_days_primary,All calendar-year days; non-heatwave days contribute zero,"1,2,3,4,5,6,7,8,9,10,11,12",2025-2050,132860.0,6174.0,0.1370716070658751,0.004318090550269742,0.2643797014464114,0.1401118355323112,0.0043215601484874406,0.27594336367635897,0.1401118355323112,0.0042803073882637125,0.27594336367635897,0.0,-83.11163892745797,42.36628894040762
ssp370,Detroit,cehwi_day_all,cehwi,day,all,national,national,National,annual_all_days_primary,All calendar-year days; non-heatwave days contribute zero,"1,2,3,4,5,6,7,8,9,10,11,12",2025-2050,132860.0,23184.0,0.2612019577228491,0.004587183956561682,0.6086380117560486,0.2654051715111642,0.004623343519391591,0.629138050870184,0.2654051715111642,-0.09832770784785723,0.629138050870184,0.0,-83.11163892745797,42.36628894040762
ssp370,Detroit,cehwi_night_all,cehwi,night,all,national,national,National,annual_all_days_primary,All calendar-year days; non-heatwave days contribute zero,"1,2,3,4,5,6,7,8,9,10,11,12",2025-2050,132860.0,1600.0,0.0,0.0,0.0034294690610270724,0.0,0.0,0.0034395266310527114,-0.0028941525953773846,-0.009227831821807595,0.0034395266310527114,0.0,-83.11163892745797,42.36628894040762
ssp370,Detroit,exceeded_quantity_composite_all,exceeded_quantity,composite,all,national,national,National,annual_all_days_primary,All calendar-year days; non-heatwave days contribute zero,"1,2,3,4,5,6,7,8,9,10,11,12",2025-2050,132860.0,6174.0,0.17494406105000415,2.1517031179702396e-05,0.39879787825058044,0.17893631415885536,2.1667699840370613e-05,0.4197964046748637,0.17893631415885536,-0.06192377635715278,0.4197964046748637,0.0,-83.11163892745797,42.36628894040762
ssp370,Detroit,exceeded_quantity_day_all,exceeded_quantity,day,all,national,national,National,annual_all_days_primary,All calendar-year days; non-heatwave days contribute zero,"1,2,3,4,5,6,7,8,9,10,11,12",2025-2050,132860.0,23184.0,0.4206142410653879,0.029035735464849836,0.8864315433654616,0.4305078388662282,0.029534478203763474,0.9244212841694726,0.4305078388662282,-0.06340560643701582,0.9244212841694726,0.0,-83.11163892745797,42.36628894040762
ssp370,Detroit,exceeded_quantity_night_all,exceeded_quantity,night,all,national,national,National,annual_all_days_primary,All calendar-year days; non-heatwave days contribute zero,"1,2,3,4,5,6,7,8,9,10,11,12",2025-2050,132860.0,1600.0,0.0024861543209817134,0.0,0.018329299217538675,0.002490800171670398,0.0,0.018550547204415957,0.002490800171670398,-0.013568946861075175,0.018550547204415957,0.0,-83.11163892745797,42.36628894040762
ssp370,Fort_Worth,cehwi_composite_all,cehwi,composite,all,national,national,National,annual_all_days_primary,All calendar-year days; non-heatwave days contribute zero,"1,2,3,4,5,6,7,8,9,10,11,12",2025-2050,208780.0,37035.0,0.75636461054351,0.02175628636487951,1.4759831011152096,0.7815240290211066,0.02178280105475973,1.5765174178594832,0.7815240290211066,-0.013469359817269039,1.5765174178594832,0.0,-97.3596103453506,32.731693684817714
ssp370,Fort_Worth,cehwi_day_all,cehwi,day,all,national,national,National,annual_all_days_primary,All calendar-year days; non-heatwave days contribute zero,"1,2,3,4,5,6,7,8,9,10,11,12",2025-2050,208780.0,18863.0,0.04479642707670634,0.0,0.11278829175261658,0.04504763612890681,0.0,0.11436172190997136,0.04504763612890681,-0.024266449652159315,0.11436172190997136,0.0,-97.3596103453506,32.731693684817714
ssp370,Fort_Worth,cehwi_night_all,cehwi,night,all,national,national,National,annual_all_days_primary,All calendar-year days; non-heatwave days contribute zero,"1,2,3,4,5,6,7,8,9,10,11,12",2025-2050,208780.0,26715.0,0.0,0.0,0.04682953321632677,0.0,0.0,0.0470064909256777,-0.039202567742220716,-0.12541162641012035,0.0470064909256777,0.0,-97.3596103453506,32.731693684817714
ssp370,Fort_Worth,exceeded_quantity_composite_all,exceeded_quantity,composite,all,national,national,National,annual_all_days_primary,All calendar-year days; non-heatwave days contribute zero,"1,2,3,4,5,6,7,8,9,10,11,12",2025-2050,208780.0,37035.0,0.5500886957638521,0.0,1.2562787693054933,0.5622215810286112,0.0,1.3196100535450026,0.5622215810286112,-0.19516689148777952,1.3196100535450026,0.0,-97.3596103453506,32.731693684817714
ssp370,Fort_Worth,exceeded_quantity_day_all,exceeded_quantity,day,all,national,national,National,annual_all_days_primary,All calendar-year days; non-heatwave days contribute zero,"1,2,3,4,5,6,7,8,9,10,11,12",2025-2050,208780.0,18863.0,0.08555823558747926,9.5994705933182e-05,0.20488183828172477,0.08628113092533843,9.664491230932129e-05,0.20886672012978438,0.08628113092533843,-0.03630445827910722,0.20886672012978438,0.0,-97.3596103453506,32.731693684817714
ssp370,Fort_Worth,exceeded_quantity_night_all,exceeded_quantity,night,all,national,national,National,annual_all_days_primary,All calendar-year days; non-heatwave days contribute zero,"1,2,3,4,5,6,7,8,9,10,11,12",2025-2050,208780.0,26715.0,0.02699491651993554,0.0,0.19862252879650963,0.027046604501160268,0.0,0.20101539247136785,0.027046604501160268,-0.14692218346904748,0.20101539247136785,0.0,-97.3596103453506,32.731693684817714
ssp370,Fresno,cehwi_composite_all,cehwi,composite,all,national,national,National,annual_all_days_primary,All calendar-year days; non-heatwave days contribute zero,"1,2,3,4,5,6,7,8,9,10,11,12",2025-2050,113880.0,12790.0,0.3830998670015368,0.012265858574508582,0.7367481209609418,0.39379722674029355,0.012278640366564075,0.7776029928848112,0.39379722674029355,0.00999146059577652,0.7776029928848112,0.0,-119.78985197805802,36.790939683928464
ssp370,Fresno,cehwi_day_all,cehwi,day,all,national,national,National,annual_all_days_primary,All calendar-year days; non-heatwave days contribute zero,"1,2,3,4,5,6,7,8,9,10,11,12",2025-2050,113880.0,19344.0,0.1561643328455347,4.9526120759208724e-05,0.38467527032327103,0.15763117720804462,4.9696515066871186e-05,0.3932981954404556,0.15763117720804462,-0.0780358410243687,0.3932981954404556,0.0,-119.78985197805802,36.790939683928464
ssp370,Fresno,cehwi_night_all,cehwi,night,all,national,national,National,annual_all_days_primary,All calendar-year days; non-heatwave days contribute zero,"1,2,3,4,5,6,7,8,9,10,11,12",2025-2050,113880.0,6282.0,0.0,0.0,0.025012330849832173,0.0,0.0,0.0251182805989561,-0.020898495432491594,-0.06691527146393977,0.0251182805989561,0.0,-119.78985197805802,36.790939683928464
ssp370,Fresno,exceeded_quantity_composite_all,exceeded_quantity,composite,all,national,national,National,annual_all_days_primary,All calendar-year days; non-heatwave days contribute zero,"1,2,3,4,5,6,7,8,9,10,11,12",2025-2050,113880.0,12790.0,0.4009760689213006,0.00012050478550739288,0.9106720988745179,0.4104036767028059,0.0001211108123140468,0.9594741777889072,0.4104036767028059,-0.13866682438329497,0.9594741777889072,0.0,-119.78985197805802,36.790939683928464
ssp370,Fresno,exceeded_quantity_day_all,exceeded_quantity,day,all,national,national,National,annual_all_days_primary,All calendar-year days; non-heatwave days contribute zero,"1,2,3,4,5,6,7,8,9,10,11,12",2025-2050,113880.0,19344.0,0.23690067426897804,0.0008664525714901681,0.5515521399292639,0.23967471385487832,0.0008729791965923206,0.565772410133108,0.23967471385487832,-0.08642298242335095,0.565772410133108,0.0,-119.78985197805802,36.790939683928464
ssp370,Fresno,exceeded_quantity_night_all,exceeded_quantity,night,all,national,national,National,annual_all_days_primary,All calendar-year days; non-heatwave days contribute zero,"1,2,3,4,5,6,7,8,9,10,11,12",2025-2050,113880.0,6282.0,0.017980246918704063,0.0,0.11673175795139966,0.01804492760452505,0.0,0.11866639979931061,0.01804492760452505,-0.08257654459026062,0.11866639979931061,0.0,-119.78985197805802,36.790939683928464
ssp370,Gilbert,cehwi_composite_all,cehwi,composite,all,national,national,National,annual_all_days_primary,All calendar-year days; non-heatwave days contribute zero,"1,2,3,4,5,6,7,8,9,10,11,12",2025-2050,37960.0,4703.0,0.3115835047488106,0.00993525583524788,0.6007341615609215,0.31855153519342944,0.00994366951927057,0.6271814551193814,0.31855153519342944,0.009921615267477963,0.6271814551193814,0.0,-111.73870124413682,33.32052130601451
ssp370,Gilbert,cehwi_day_all,cehwi,day,all,national,national,National,annual_all_days_primary,All calendar-year days; non-heatwave days contribute zero,"1,2,3,4,5,6,7,8,9,10,11,12",2025-2050,37960.0,6510.0,0.2105567656381442,0.0037494165698681364,0.4899929542729235,0.21386424805206927,0.003769890338630874,0.5059200834808063,0.21386424805206927,-0.07819158737666966,0.5059200834808063,0.0,-111.73870124413682,33.32052130601451
ssp370,Gilbert,cehwi_night_all,cehwi,night,all,national,national,National,annual_all_days_primary,All calendar-year days; non-heatwave days contribute zero,"1,2,3,4,5,6,7,8,9,10,11,12",2025-2050,37960.0,4778.0,0.0,0.0,0.08711151733007591,0.0,0.0,0.08776139538737336,-0.06850938604673765,-0.22478016748084953,0.08776139538737336,0.0,-111.73870124413682,33.32052130601451
ssp370,Gilbert,exceeded_quantity_composite_all,exceeded_quantity,composite,all,national,national,National,annual_all_days_primary,All calendar-year days; non-heatwave days contribute zero,"1,2,3,4,5,6,7,8,9,10,11,12",2025-2050,37960.0,4703.0,0.3270326065546586,0.0,0.7570910599621127,0.3331532183406448,0.0,0.789784599651018,0.3331532183406448,-0.12347816296972773,0.789784599651018,0.0,-111.73870124413682,33.32052130601451
ssp370,Gilbert,exceeded_quantity_day_all,exceeded_quantity,day,all,national,national,National,annual_all_days_primary,All calendar-year days; non-heatwave days contribute zero,"1,2,3,4,5,6,7,8,9,10,11,12",2025-2050,37960.0,6510.0,0.24979375097105636,0.0023394083404529634,0.5739096897993602,0.25308187282824257,0.002361680435108979,0.5899943324006998,0.25308187282824257,-0.0838305867442142,0.5899943324006998,0.0,-111.73870124413682,33.32052130601451
ssp370,Gilbert,exceeded_quantity_night_all,exceeded_quantity,night,all,national,national,National,annual_all_days_primary,All calendar-year days; non-heatwave days contribute zero,"1,2,3,4,5,6,7,8,9,10,11,12",2025-2050,37960.0,4778.0,0.044913088513378295,0.0,0.2817685952281357,0.0450972827118923,0.0,0.28672323307736985,0.0450972827118923,-0.19652866765358554,0.28672323307736985,0.0,-111.73870124413682,33.32052130601451
ssp370,Henderson,cehwi_composite_all,cehwi,composite,all,national,national,National,annual_all_days_primary,All calendar-year days; non-heatwave days contribute zero,"1,2,3,4,5,6,7,8,9,10,11,12",2025-2050,113880.0,12379.0,0.33532899618559575,0.011266158461463324,0.6433497289830965,0.3443332598227807,0.011277917401568307,0.6773930224517793,0.3443332598227807,0.011273497193782591,0.6773930224517793,0.0,-115.02129501152358,36.01369840409932
ssp370,Henderson,cehwi_day_all,cehwi,day,all,national,national,National,annual_all_days_primary,All calendar-year days; non-heatwave days contribute zero,"1,2,3,4,5,6,7,8,9,10,11,12",2025-2050,113880.0,19488.0,0.18190885222720873,0.00010408916290601423,0.4404314223146638,0.18401077416342376,0.00010432021602082859,0.4521283563021124,0.18401077416342376,-0.08410680797526707,0.4521283563021124,0.0,-115.02129501152358,36.01369840409932
ssp370,Henderson,cehwi_night_all,cehwi,night,all,national,national,National,annual_all_days_primary,All calendar-year days; non-heatwave days contribute zero,"1,2,3,4,5,6,7,8,9,10,11,12",2025-2050,113880.0,12545.0,0.0,0.0,0.08285369914398556,0.0,0.0,0.08348702110402464,-0.06511057750276468,-0.21370817610955462,0.08348702110402464,0.0,-115.02129501152358,36.01369840409932
ssp370,Henderson,exceeded_quantity_composite_all,exceeded_quantity,composite,all,national,national,National,annual_all_days_primary,All calendar-year days; non-heatwave days contribute zero,"1,2,3,4,5,6,7,8,9,10,11,12",2025-2050,113880.0,12379.0,0.30140409366583315,0.0,0.6962024730254058,0.30726861916695514,0.0,0.7274477359200668,0.30726861916695514,-0.11291049758615591,0.7274477359200668,0.0,-115.02129501152358,36.01369840409932
ssp370,Henderson,exceeded_quantity_day_all,exceeded_quantity,day,all,national,national,National,annual_all_days_primary,All calendar-year days; non-heatwave days contribute zero,"1,2,3,4,5,6,7,8,9,10,11,12",2025-2050,113880.0,19488.0,0.23143742715867446,0.0011322845250666637,0.5385273242603388,0.2341579151927338,0.0011414435548034643,0.5523761740584215,0.2341579151927338,-0.08406034367295341,0.5523761740584215,0.0,-115.02129501152358,36.01369840409932
ssp370,Henderson,exceeded_quantity_night_all,exceeded_quantity,night,all,national,national,National,annual_all_days_primary,All calendar-year days; non-heatwave days contribute zero,"1,2,3,4,5,6,7,8,9,10,11,12",2025-2050,113880.0,12545.0,0.0468706410934654,0.0,0.2761525463537592,0.04711137471764884,0.0,0.28159294928515266,0.04711137471764884,-0.18737019984985517,0.28159294928515266,0.0,-115.02129501152358,36.01369840409932
ssp370,Houston,cehwi_composite_all,cehwi,composite,all,national,national,National,annual_all_days_primary,All calendar-year days; non-heatwave days contribute zero,"1,2,3,4,5,6,7,8,9,10,11,12",2025-2050,531440.0,80639.0,0.42003508660541333,0.013039331167332796,0.8128523589868784,0.4302841500918624,0.013051051080209571,0.8524299109453484,0.4302841500918624,0.00813838923837687,0.8524299109453484,0.0,-95.40380028308488,29.82261710963412
ssp370,Houston,cehwi_day_all,cehwi,day,all,national,national,National,annual_all_days_primary,All calendar-year days; non-heatwave days contribute zero,"1,2,3,4,5,6,7,8,9,10,11,12",2025-2050,531440.0,79036.0,0.12836908498457797,0.0003508925707545271,0.3139802357503059,0.1296613830633476,0.0003527750404027662,0.3212492673366113,0.1296613830633476,-0.06192650120991809,0.3212492673366113,0.0,-95.40380028308488,29.82261710963412
ssp370,Houston,cehwi_night_all,cehwi,night,all,national,national,National,annual_all_days_primary,All calendar-year days; non-heatwave days contribute zero,"1,2,3,4,5,6,7,8,9,10,11,12",2025-2050,531440.0,115019.0,0.0,0.0,0.12448578154460316,0.0,0.0,0.12524172847952136,-0.1009713623027484,-0.3271844530850198,0.12524172847952136,0.0,-95.40380028308488,29.82261710963412
ssp370,Houston,exceeded_quantity_composite_all,exceeded_quantity,composite,all,national,national,National,annual_all_days_primary,All calendar-year days; non-heatwave days contribute zero,"1,2,3,4,5,6,7,8,9,10,11,12",2025-2050,531440.0,80639.0,0.3670369607675638,0.0,0.8574724667535684,0.37314264486363097,0.0,0.8908573634766512,0.37314264486363097,-0.1445720737493885,0.8908573634766512,0.0,-95.40380028308488,29.82261710963412
ssp370,Houston,exceeded_quantity_day_all,exceeded_quantity,day,all,national,national,National,annual_all_days_primary,All calendar-year days; non-heatwave days contribute zero,"1,2,3,4,5,6,7,8,9,10,11,12",2025-2050,531440.0,79036.0,0.19168475456372128,0.001028259528431406,0.4478056049134918,0.1938581251448432,0.0010385825295137264,0.4589009162403114,0.1938581251448432,-0.07118466595062425,0.4589009162403114,0.0,-95.40380028308488,29.82261710963412
ssp370,Houston,exceeded_quantity_night_all,exceeded_quantity,night,all,national,national,National,annual_all_days_primary,All calendar-year days; non-heatwave days contribute zero,"1,2,3,4,5,6,7,8,9,10,11,12",2025-2050,531440.0,115019.0,0.05597563782150619,0.0,0.3875982165826206,0.05612501524275946,0.0,0.3931060521201291,0.05612501524275946,-0.2808560216346106,0.3931060521201291,0.0,-95.40380028308488,29.82261710963412
ssp370,Indianapolis,cehwi_composite_all,cehwi,composite,all,national,national,National,annual_all_days_primary,All calendar-year days; non-heatwave days contribute zero,"1,2,3,4,5,6,7,8,9,10,11,12",2025-2050,237250.0,11901.0,0.13934797680968483,0.004355900373261843,0.2690393756517325,0.14228403941876144,0.004359221429262063,0.28020885740826096,0.14228403941876144,0.004359221429262063,0.28020885740826096,0.0,-86.14794458778195,39.79825151756
ssp370,Indianapolis,cehwi_day_all,cehwi,day,all,national,national,National,annual_all_days_primary,All calendar-year days; non-heatwave days contribute zero,"1,2,3,4,5,6,7,8,9,10,11,12",2025-2050,237250.0,49562.0,0.31336589395055725,0.002004409153893756,0.7366895515289639,0.31809704815463524,0.0020162977118629126,0.7610542008590344,0.31809704815463524,-0.12486010454976555,0.7610542008590344,0.0,-86.14794458778195,39.79825151756
ssp370,Indianapolis,cehwi_night_all,cehwi,night,all,national,national,National,annual_all_days_primary,All calendar-year days; non-heatwave days contribute zero,"1,2,3,4,5,6,7,8,9,10,11,12",2025-2050,237250.0,2140.0,0.0,0.0,0.0016533847877182165,0.0,0.0,0.0016563649300063497,-0.001405232671684327,-0.004466830273375093,0.0016563649300063497,0.0,-86.14794458778195,39.79825151756
ssp370,Indianapolis,exceeded_quantity_composite_all,exceeded_quantity,composite,all,national,national,National,annual_all_days_primary,All calendar-year days; non-heatwave days contribute zero,"1,2,3,4,5,6,7,8,9,10,11,12",2025-2050,237250.0,11901.0,0.17144908759128874,0.0,0.3945741550502862,0.17496780530439154,0.0,0.4134262598439376,0.17496780530439154,-0.06349064923515427,0.4134262598439376,0.0,-86.14794458778195,39.79825151756
ssp370,Indianapolis,exceeded_quantity_day_all,exceeded_quantity,day,all,national,national,National,annual_all_days_primary,All calendar-year days; non-heatwave days contribute zero,"1,2,3,4,5,6,7,8,9,10,11,12",2025-2050,237250.0,49562.0,0.40937652939943125,0.01025387661977433,0.9081893001575507,0.4163674381431866,0.010378609821221343,0.939352719454438,0.4163674381431866,-0.10661784316806439,0.939352719454438,0.0,-86.14794458778195,39.79825151756
ssp370,Indianapolis,exceeded_quantity_night_all,exceeded_quantity,night,all,national,national,National,annual_all_days_primary,All calendar-year days; non-heatwave days contribute zero,"1,2,3,4,5,6,7,8,9,10,11,12",2025-2050,237250.0,2140.0,0.0012614961443716385,0.0,0.009638783463265051,0.0012633809593166612,0.0,0.009735704279225653,0.0012633809593166612,-0.0072089423605923245,0.009735704279225653,0.0,-86.14794458778195,39.79825151756
ssp370,Jacksonville,cehwi_composite_all,cehwi,composite,all,national,national,National,annual_all_days_primary,All calendar-year days; non-heatwave days contribute zero,"1,2,3,4,5,6,7,8,9,10,11,12",2025-2050,256230.0,33675.0,0.29229703184331235,0.00909969904049393,0.5647144395182974,0.2982790543338598,0.009106554840230187,0.5874650392571972,0.2982790543338598,0.00909306941052315,0.5874650392571972,0.0,-81.64707525045209,30.31882240289994
ssp370,Jacksonville,cehwi_day_all,cehwi,day,all,national,national,National,annual_all_days_primary,All calendar-year days; non-heatwave days contribute zero,"1,2,3,4,5,6,7,8,9,10,11,12",2025-2050,256230.0,35521.0,0.12195001211228329,0.002772959874367352,0.2870608164063042,0.12367299321681707,0.0027918510604681914,0.2951678053587862,0.12367299321681707,-0.04782181892515402,0.2951678053587862,0.0,-81.64707525045209,30.31882240289994
ssp370,Jacksonville,cehwi_night_all,cehwi,night,all,national,national,National,annual_all_days_primary,All calendar-year days; non-heatwave days contribute zero,"1,2,3,4,5,6,7,8,9,10,11,12",2025-2050,256230.0,48655.0,0.0,0.0,0.06436927186211895,0.0,0.0,0.06459639947000635,-0.054047779202014076,-0.17269195787403616,0.06459639947000635,0.0,-81.64707525045209,30.31882240289994
ssp370,Jacksonville,exceeded_quantity_composite_all,exceeded_quantity,composite,all,national,national,National,annual_all_days_primary,All calendar-year days; non-heatwave days contribute zero,"1,2,3,4,5,6,7,8,9,10,11,12",2025-2050,256230.0,33675.0,0.26602776601061695,0.0,0.6292796998649604,0.2696428405190017,0.0,0.6496201090901512,0.2696428405190017,-0.1103344280521473,0.6496201090901512,0.0,-81.64707525045209,30.31882240289994
ssp370,Jacksonville,exceeded_quantity_day_all,exceeded_quantity,day,all,national,national,National,annual_all_days_primary,All calendar-year days; non-heatwave days contribute zero,"1,2,3,4,5,6,7,8,9,10,11,12",2025-2050,256230.0,35521.0,0.16456245295866684,0.0009400763804035486,0.38382254480883965,0.16643877649867866,0.0009464320421213962,0.3933203789679952,0.16643877649867866,-0.06044282597063746,0.3933203789679952,0.0,-81.64707525045209,30.31882240289994
ssp370,Jacksonville,exceeded_quantity_night_all,exceeded_quantity,night,all,national,national,National,annual_all_days_primary,All calendar-year days; non-heatwave days contribute zero,"1,2,3,4,5,6,7,8,9,10,11,12",2025-2050,256230.0,48655.0,0.029915281839034493,0.0,0.22997499601158183,0.02995880798199206,0.0,0.23225912001636,0.02995880798199206,-0.17234150405237594,0.23225912001636,0.0,-81.64707525045209,30.31882240289994
ssp370,Kansas_City,cehwi_composite_all,cehwi,composite,all,national,national,National,annual_all_days_primary,All calendar-year days; non-heatwave days contribute zero,"1,2,3,4,5,6,7,8,9,10,11,12",2025-2050,351130.0,55882.0,0.5965632879860912,0.019177581911761256,1.1439136327781405,0.6149928817352109,0.01919972637452101,1.214131921970501,0.6149928817352109,0.015853841499921254,1.214131921970501,0.0,-94.58725250021293,39.11017064718442
ssp370,Kansas_City,cehwi_day_all,cehwi,day,all,national,national,National,annual_all_days_primary,All calendar-year days; non-heatwave days contribute zero,"1,2,3,4,5,6,7,8,9,10,11,12",2025-2050,351130.0,43133.0,0.07834736078577065,0.0,0.1965407292166583,0.07885409377398585,0.0,0.19969662203396432,0.07885409377398585,-0.041988434485994694,0.19969662203396432,0.0,-94.58725250021293,39.11017064718442
ssp370,Kansas_City,cehwi_night_all,cehwi,night,all,national,national,National,annual_all_days_primary,All calendar-year days; non-heatwave days contribute zero,"1,2,3,4,5,6,7,8,9,10,11,12",2025-2050,351130.0,34934.0,0.0,0.0,0.03731391731385037,0.0,0.0,0.03744902746671529,-0.03134982881377882,-0.10014868509427387,0.03744902746671529,0.0,-94.58725250021293,39.11017064718442
ssp370,Kansas_City,exceeded_quantity_composite_all,exceeded_quantity,composite,all,national,national,National,annual_all_days_primary,All calendar-year days; non-heatwave days contribute zero,"1,2,3,4,5,6,7,8,9,10,11,12",2025-2050,351130.0,55882.0,0.5262114752455218,6.311737118340785e-08,1.1977908268950568,0.5382033031099952,6.312436637988779e-08,1.2601457805812324,0.5382033031099952,-0.18373917436124135,1.2601457805812324,0.0,-94.58725250021293,39.11017064718442
ssp370,Kansas_City,exceeded_quantity_day_all,exceeded_quantity,day,all,national,national,National,annual_all_days_primary,All calendar-year days; non-heatwave days contribute zero,"1,2,3,4,5,6,7,8,9,10,11,12",2025-2050,351130.0,43133.0,0.14916236650090478,0.00029735070203292235,0.352741953753794,0.15065439877983156,0.00029950530921007095,0.36073422070086286,0.15065439877983156,-0.059425423141199266,0.36073422070086286,0.0,-94.58725250021293,39.11017064718442
ssp370,Kansas_City,exceeded_quantity_night_all,exceeded_quantity,night,all,national,national,National,annual_all_days_primary,All calendar-year days; non-heatwave days contribute zero,"1,2,3,4,5,6,7,8,9,10,11,12",2025-2050,351130.0,34934.0,0.02246747583461143,0.0,0.16390436046768783,0.022512244479839377,0.0,0.16596022525026913,0.022512244479839377,-0.12093573629059051,0.16596022525026913,0.0,-94.58725250021293,39.11017064718442
ssp370,Las_Vegas,cehwi_composite_all,cehwi,composite,all,national,national,National,annual_all_days_primary,All calendar-year days; non-heatwave days contribute zero,"1,2,3,4,5,6,7,8,9,10,11,12",2025-2050,132860.0,14762.0,0.36682949457268066,0.012328246135817731,0.702927085353707,0.3772480097790321,0.012341812898778948,0.742322770284014,0.3772480097790321,0.01217324927405047,0.742322770284014,0.0,-115.24138225613288,36.21326422353141
ssp370,Las_Vegas,cehwi_day_all,cehwi,day,all,national,national,National,annual_all_days_primary,All calendar-year days; non-heatwave days contribute zero,"1,2,3,4,5,6,7,8,9,10,11,12",2025-2050,132860.0,22827.0,0.18250014123676855,0.00022585243449476758,0.4416285246629484,0.18462257966276654,0.00022655855047872724,0.45341066494391663,0.18462257966276654,-0.08416550561838558,0.45341066494391663,0.0,-115.24138225613288,36.21326422353141
ssp370,Las_Vegas,cehwi_night_all,cehwi,night,all,national,national,National,annual_all_days_primary,All calendar-year days; non-heatwave days contribute zero,"1,2,3,4,5,6,7,8,9,10,11,12",2025-2050,132860.0,14510.0,0.0,0.0,0.08517483332900129,0.0,0.0,0.08582905648658272,-0.06701725524334812,-0.2198635669732796,0.08582905648658272,0.0,-115.24138225613288,36.21326422353141
ssp370,Las_Vegas,exceeded_quantity_composite_all,exceeded_quantity,composite,all,national,national,National,annual_all_days_primary,All calendar-year days; non-heatwave days contribute zero,"1,2,3,4,5,6,7,8,9,10,11,12",2025-2050,132860.0,14762.0,0.3333655251846339,0.0,0.7656012412705759,0.340329487559069,0.0,0.8023151490903155,0.340329487559069,-0.12165617397217701,0.8023151490903155,0.0,-115.24138225613288,36.21326422353141
ssp370,Las_Vegas,exceeded_quantity_day_all,exceeded_quantity,day,all,national,national,National,annual_all_days_primary,All calendar-year days; non-heatwave days contribute zero,"1,2,3,4,5,6,7,8,9,10,11,12",2025-2050,132860.0,22827.0,0.2370316744677466,0.001083158559447898,0.5497676837121241,0.23989895493299568,0.0010915666886953087,0.5642944945489634,0.23989895493299568,-0.08449658468297168,0.5642944945489634,0.0,-115.24138225613288,36.21326422353141
ssp370,Las_Vegas,exceeded_quantity_night_all,exceeded_quantity,night,all,national,national,National,annual_all_days_primary,All calendar-year days; non-heatwave days contribute zero,"1,2,3,4,5,6,7,8,9,10,11,12",2025-2050,132860.0,14510.0,0.04813650649887438,0.0,0.2823625494291823,0.04838696282101951,0.0,0.28797967395226964,0.04838696282101951,-0.1912057483102309,0.28797967395226964,0.0,-115.24138225613288,36.21326422353141
ssp370,Long_Beach,cehwi_composite_all,cehwi,composite,all,national,national,National,annual_all_days_primary,All calendar-year days; non-heatwave days contribute zero,"1,2,3,4,5,6,7,8,9,10,11,12",2025-2050,47450.0,92.0,0.007511822761640698,0.0002388510116002645,0.01446146562694726,0.007690540397464367,0.00023904047271265335,0.015142040322216086,0.007690540397464367,0.00023904047271265335,0.015142040322216086,0.0,-118.15363485341176,33.835056657794794
ssp370,Long_Beach,cehwi_day_all,cehwi,day,all,national,national,National,annual_all_days_primary,All calendar-year days; non-heatwave days contribute zero,"1,2,3,4,5,6,7,8,9,10,11,12",2025-2050,47450.0,11260.0,0.41400185399633715,0.008244679231087298,0.9374533757500653,0.42188112311257775,0.008299250578034378,0.9742017685925087,0.42188112311257775,-0.13043952236735523,0.9742017685925087,0.0,-118.15363485341176,33.835056657794794
ssp370,Long_Beach,cehwi_night_all,cehwi,night,all,national,national,National,annual_all_days_primary,All calendar-year days; non-heatwave days contribute zero,"1,2,3,4,5,6,7,8,9,10,11,12",2025-2050,47450.0,0.0,0.0,0.0,0.0,0.0,0.0,0.0,0.0,0.0,0.0,0.0,-118.15363485341176,33.835056657794794
ssp370,Long_Beach,exceeded_quantity_composite_all,exceeded_quantity,composite,all,national,national,National,annual_all_days_primary,All calendar-year days; non-heatwave days contribute zero,"1,2,3,4,5,6,7,8,9,10,11,12",2025-2050,47450.0,92.0,0.01212049971269815,0.0,0.026206563195589255,0.012522239123663462,0.0,0.028179721835995066,0.012522239123663462,-0.003135243588668124,0.028179721835995066,0.0,-118.15363485341176,33.835056657794794
ssp370,Long_Beach,exceeded_quantity_day_all,exceeded_quantity,day,all,national,national,National,annual_all_days_primary,All calendar-year days; non-heatwave days contribute zero,"1,2,3,4,5,6,7,8,9,10,11,12",2025-2050,47450.0,11260.0,0.5752970771465278,0.057161094894600195,1.1799489344013123,0.5907751683844304,0.05817083156319465,1.2350044799612445,0.5907751683844304,-0.053454143192382786,1.2350044799612445,0.0,-118.15363485341176,33.835056657794794
ssp370,Long_Beach,exceeded_quantity_night_all,exceeded_quantity,night,all,national,national,National,annual_all_days_primary,All calendar-year days; non-heatwave days contribute zero,"1,2,3,4,5,6,7,8,9,10,11,12",2025-2050,47450.0,0.0,0.0,0.0,0.0,0.0,0.0,0.0,0.0,0.0,0.0,0.0,-118.15363485341176,33.835056657794794
ssp370,Los_Angeles,cehwi_composite_all,cehwi,composite,all,national,national,National,annual_all_days_primary,All calendar-year days; non-heatwave days contribute zero,"1,2,3,4,5,6,7,8,9,10,11,12",2025-2050,313170.0,3009.0,0.03504888798658217,0.001131931885505651,0.06744059914638639,0.03589578996809871,0.001132905923548496,0.07065867401264894,0.03589578996809871,0.001132905923548496,0.07065867401264894,0.0,-118.38174277020067,34.071469381211
ssp370,Los_Angeles,cehwi_day_all,cehwi,day,all,national,national,National,annual_all_days_primary,All calendar-year days; non-heatwave days contribute zero,"1,2,3,4,5,6,7,8,9,10,11,12",2025-2050,313170.0,70495.0,0.41569863681875796,0.009383659117836816,0.9393989009139729,0.4237836403078648,0.009454443804389829,0.9769534576879717,0.4237836403078648,-0.12938617707224373,0.9769534576879717,0.0,-118.38174277020067,34.071469381211
ssp370,Los_Angeles,cehwi_night_all,cehwi,night,all,national,national,National,annual_all_days_primary,All calendar-year days; non-heatwave days contribute zero,"1,2,3,4,5,6,7,8,9,10,11,12",2025-2050,313170.0,63.0,0.0,0.0,2.286998581090053e-05,0.0,0.0,2.2892479223647636e-05,-1.948263057831082e-05,-6.185774038027097e-05,2.2892479223647636e-05,0.0,-118.38174277020067,34.071469381211
ssp370,Los_Angeles,exceeded_quantity_composite_all,exceeded_quantity,composite,all,national,national,National,annual_all_days_primary,All calendar-year days; non-heatwave days contribute zero,"1,2,3,4,5,6,7,8,9,10,11,12",2025-2050,313170.0,3009.0,0.05126300066013781,1.1353838515558994e-05,0.11281297518461456,0.052807295594667784,1.1386912615324552e-05,0.12052826278564406,0.052807295594667784,-0.014913671596308442,0.12052826278564406,0.0,-118.38174277020067,34.071469381211
ssp370,Los_Angeles,exceeded_quantity_day_all,exceeded_quantity,day,all,national,national,National,annual_all_days_primary,All calendar-year days; non-heatwave days contribute zero,"1,2,3,4,5,6,7,8,9,10,11,12",2025-2050,313170.0,70495.0,0.5555398921983535,0.05200655575938292,1.1456039613045281,0.570242060552934,0.05294961030408897,1.1988691315544922,0.570242060552934,-0.0583850104486232,1.1988691315544922,0.0,-118.38174277020067,34.071469381211
ssp370,Los_Angeles,exceeded_quantity_night_all,exceeded_quantity,night,all,national,national,National,annual_all_days_primary,All calendar-year days; non-heatwave days contribute zero,"1,2,3,4,5,6,7,8,9,10,11,12",2025-2050,313170.0,63.0,1.9456649680347956e-05,0.0,0.00015935339734377002,1.947223787830303e-05,0.0,0.00016037717016589422,1.947223787830303e-05,-0.0001214326944092869,0.00016037717016589422,0.0,-118.38174277020067,34.071469381211
ssp370,Louisville,cehwi_composite_all,cehwi,composite,all,national,national,National,annual_all_days_primary,All calendar-year days; non-heatwave days contribute zero,"1,2,3,4,5,6,7,8,9,10,11,12",2025-2050,227760.0,18622.0,0.22415177873342035,0.007003794361213858,0.4327636143822101,0.22887720023037866,0.007009094072402318,0.45074530638835514,0.22887720023037866,0.007009094072402318,0.45074530638835514,0.0,-85.68381502432021,38.18964489781964
ssp370,Louisville,cehwi_day_all,cehwi,day,all,national,national,National,annual_all_days_primary,All calendar-year days; non-heatwave days contribute zero,"1,2,3,4,5,6,7,8,9,10,11,12",2025-2050,227760.0,45797.0,0.2365779920022565,0.0011251509770757047,0.5654446012760364,0.2396452222300996,0.001130271599444106,0.5817077146606248,0.2396452222300996,-0.10241727020042804,0.5817077146606248,0.0,-85.68381502432021,38.18964489781964
ssp370,Louisville,cehwi_night_all,cehwi,night,all,national,national,National,annual_all_days_primary,All calendar-year days; non-heatwave days contribute zero,"1,2,3,4,5,6,7,8,9,10,11,12",2025-2050,227760.0,3575.0,0.0,0.0,0.0016853665371120115,0.0,0.0,0.0016870066797903594,-0.00143558376876557,-0.004558174217321616,0.0016870066797903594,0.0,-85.68381502432021,38.18964489781964
ssp370,Louisville,exceeded_quantity_composite_all,exceeded_quantity,composite,all,national,national,National,annual_all_days_primary,All calendar-year days; non-heatwave days contribute zero,"1,2,3,4,5,6,7,8,9,10,11,12",2025-2050,227760.0,18622.0,0.254038307494894,0.0,0.5860863627435297,0.2590615554657298,0.0,0.6129970980048935,0.2590615554657298,-0.09487398707343342,0.6129970980048935,0.0,-85.68381502432021,38.18964489781964
ssp370,Louisville,exceeded_quantity_day_all,exceeded_quantity,day,all,national,national,National,annual_all_days_primary,All calendar-year days; non-heatwave days contribute zero,"1,2,3,4,5,6,7,8,9,10,11,12",2025-2050,227760.0,45797.0,0.32914470320063743,0.005170711242031068,0.7445665450429698,0.3340259922790674,0.0052214683633621944,0.7673654578792088,0.3340259922790674,-0.09931347332107344,0.7673654578792088,0.0,-85.68381502432021,38.18964489781964
ssp370,Louisville,exceeded_quantity_night_all,exceeded_quantity,night,all,national,national,National,annual_all_days_primary,All calendar-year days; non-heatwave days contribute zero,"1,2,3,4,5,6,7,8,9,10,11,12",2025-2050,227760.0,3575.0,0.001295061685849053,0.0,0.01061556861875111,0.0012960572941782078,0.0,0.01067958308293048,0.0012960572941782078,-0.008087468494574035,0.01067958308293048,0.0,-85.68381502432021,38.18964489781964
ssp370,Lubbock,cehwi_composite_all,cehwi,composite,all,national,national,National,annual_all_days_primary,All calendar-year days; non-heatwave days contribute zero,"1,2,3,4,5,6,7,8,9,10,11,12",2025-2050,94900.0,14271.0,0.5731091606321123,0.017753355025768837,1.1038695026541465,0.5910690336826016,0.017774067431644617,1.1731764042351547,0.5910690336826016,0.008961663130048933,1.1731764042351547,0.0,-101.86846205987358,33.57347977527576
ssp370,Lubbock,cehwi_day_all,cehwi,day,all,national,national,National,annual_all_days_primary,All calendar-year days; non-heatwave days contribute zero,"1,2,3,4,5,6,7,8,9,10,11,12",2025-2050,94900.0,12645.0,0.12247890717261149,0.0,0.2991014101258064,0.12375532872322227,0.0,0.30638679616815945,0.12375532872322227,-0.05887613872171672,0.30638679616815945,0.0,-101.86846205987358,33.57347977527576
ssp370,Lubbock,cehwi_night_all,cehwi,night,all,national,national,National,annual_all_days_primary,All calendar-year days; non-heatwave days contribute zero,"1,2,3,4,5,6,7,8,9,10,11,12",2025-2050,94900.0,9174.0,0.0,0.0,0.043371551114603196,0.0,0.0,0.043581770841777154,-0.0357374058316748,-0.11505658250512761,0.043581770841777154,0.0,-101.86846205987358,33.57347977527576
ssp370,Lubbock,exceeded_quantity_composite_all,exceeded_quantity,composite,all,national,national,National,annual_all_days_primary,All calendar-year days; non-heatwave days contribute zero,"1,2,3,4,5,6,7,8,9,10,11,12",2025-2050,94900.0,14271.0,0.5083659865152504,3.6497788954144575e-05,1.155173694005247,0.5203194048316907,3.666309977454004e-05,1.2168569145256565,0.5203194048316907,-0.1762181048622742,1.2168569145256565,0.0,-101.86846205987358,33.57347977527576
ssp370,Lubbock,exceeded_quantity_day_all,exceeded_quantity,day,all,national,national,National,annual_all_days_primary,All calendar-year days; non-heatwave days contribute zero,"1,2,3,4,5,6,7,8,9,10,11,12",2025-2050,94900.0,12645.0,0.20600972502733864,0.0048480375915130915,0.4640303025956978,0.20922223055018196,0.004923776370439759,0.4785022436745912,0.20922223055018196,-0.060057782574226955,0.4785022436745912,0.0,-101.86846205987358,33.57347977527576
ssp370,Lubbock,exceeded_quantity_night_all,exceeded_quantity,night,all,national,national,National,annual_all_days_primary,All calendar-year days; non-heatwave days contribute zero,"1,2,3,4,5,6,7,8,9,10,11,12",2025-2050,94900.0,9174.0,0.027615331107986803,0.0,0.18339306584477677,0.027710069448268645,0.0,0.18618307231902032,0.027710069448268645,-0.13076293342248316,0.18618307231902032,0.0,-101.86846205987358,33.57347977527576
ssp370,Mesa,cehwi_composite_all,cehwi,composite,all,national,national,National,annual_all_days_primary,All calendar-year days; non-heatwave days contribute zero,"1,2,3,4,5,6,7,8,9,10,11,12",2025-2050,75920.0,8572.0,0.2846947021526116,0.00907677677914681,0.5488684734539674,0.291076662929962,0.009084472026734632,0.5730920272303174,0.291076662929962,0.009061298629606977,0.5730920272303174,0.0,-111.7222897149077,33.41501904761478
ssp370,Mesa,cehwi_day_all,cehwi,day,all,national,national,National,annual_all_days_primary,All calendar-year days; non-heatwave days contribute zero,"1,2,3,4,5,6,7,8,9,10,11,12",2025-2050,75920.0,13258.0,0.227672354991828,0.003836338569677503,0.5296848826667555,0.23130630758485374,0.0038606900234832236,0.5473486170966413,0.23130630758485374,-0.08473600192693576,0.5473486170966413,0.0,-111.7222897149077,33.41501904761478
ssp370,Mesa,cehwi_night_all,cehwi,night,all,national,national,National,annual_all_days_primary,All calendar-year days; non-heatwave days contribute zero,"1,2,3,4,5,6,7,8,9,10,11,12",2025-2050,75920.0,9477.0,0.0,0.0,0.0919421188316704,0.0,0.0,0.09267996472165924,-0.07139342183161597,-0.235466808384892,0.09267996472165924,0.0,-111.7222897149077,33.41501904761478
ssp370,Mesa,exceeded_quantity_composite_all,exceeded_quantity,composite,all,national,national,National,annual_all_days_primary,All calendar-year days; non-heatwave days contribute zero,"1,2,3,4,5,6,7,8,9,10,11,12",2025-2050,75920.0,8572.0,0.30006664818884676,0.0,0.6946675488246057,0.3056866643552933,0.0,0.7246760837404467,0.3056866643552933,-0.11330275502985974,0.7246760837404467,0.0,-111.7222897149077,33.41501904761478
ssp370,Mesa,exceeded_quantity_day_all,exceeded_quantity,day,all,national,national,National,annual_all_days_primary,All calendar-year days; non-heatwave days contribute zero,"1,2,3,4,5,6,7,8,9,10,11,12",2025-2050,75920.0,13258.0,0.2658370299053961,0.003370142690793262,0.6070821328177731,0.26952418835126096,0.0034070111170961233,0.6247346262645455,0.26952418835126096,-0.08568624956202295,0.6247346262645455,0.0,-111.7222897149077,33.41501904761478
ssp370,Mesa,exceeded_quantity_night_all,exceeded_quantity,night,all,national,national,National,annual_all_days_primary,All calendar-year days; non-heatwave days contribute zero,"1,2,3,4,5,6,7,8,9,10,11,12",2025-2050,75920.0,9477.0,0.04908562354099103,0.0,0.29604988995489245,0.04931979269274067,0.0,0.3016302989075252,0.04931979269274067,-0.2029907135220441,0.3016302989075252,0.0,-111.7222897149077,33.41501904761478
ssp370,Miami,cehwi_composite_all,cehwi,composite,all,national,national,National,annual_all_days_primary,All calendar-year days; non-heatwave days contribute zero,"1,2,3,4,5,6,7,8,9,10,11,12",2025-2050,9490.0,781.0,0.0744390208405207,0.002015982290034087,0.1457502413358518,0.07503625336740584,0.0020164411688085872,0.1480560655660036,0.07503625336740584,0.0020164411688085872,0.1480560655660036,0.0,-80.21906371259311,25.778536464808017
ssp370,Miami,cehwi_day_all,cehwi,day,all,national,national,National,annual_all_days_primary,All calendar-year days; non-heatwave days contribute zero,"1,2,3,4,5,6,7,8,9,10,11,12",2025-2050,9490.0,2185.0,0.23060730790764877,0.0,0.5622688214938449,0.2331349421728362,0.0,0.576861131950855,0.2331349421728362,-0.11059124760518525,0.576861131950855,0.0,-80.21906371259311,25.778536464808017
ssp370,Miami,cehwi_night_all,cehwi,night,all,national,national,National,annual_all_days_primary,All calendar-year days; non-heatwave days contribute zero,"1,2,3,4,5,6,7,8,9,10,11,12",2025-2050,9490.0,1672.0,0.0,0.0,0.042123160693314024,0.0,0.0,0.04222300195079658,-0.035685545238772286,-0.11359409242834294,0.04222300195079658,0.0,-80.21906371259311,25.778536464808017
ssp370,Miami,exceeded_quantity_composite_all,exceeded_quantity,composite,all,national,national,National,annual_all_days_primary,All calendar-year days; non-heatwave days contribute zero,"1,2,3,4,5,6,7,8,9,10,11,12",2025-2050,9490.0,781.0,0.09773968814996806,0.0,0.2357886047344998,0.09850534766808247,0.0,0.24026874036007073,0.09850534766808247,-0.04325804502390556,0.24026874036007073,0.0,-80.21906371259311,25.778536464808017
ssp370,Miami,exceeded_quantity_day_all,exceeded_quantity,day,all,national,national,National,annual_all_days_primary,All calendar-year days; non-heatwave days contribute zero,"1,2,3,4,5,6,7,8,9,10,11,12",2025-2050,9490.0,2185.0,0.22657216383106782,0.0,0.5426128046181687,0.2284998374340825,0.0,0.553384511357687,0.2284998374340825,-0.09638483648952127,0.553384511357687,0.0,-80.21906371259311,25.778536464808017
ssp370,Miami,exceeded_quantity_night_all,exceeded_quantity,night,all,national,national,National,annual_all_days_primary,All calendar-year days; non-heatwave days contribute zero,"1,2,3,4,5,6,7,8,9,10,11,12",2025-2050,9490.0,1672.0,0.020188306643913884,0.0,0.16276202546695753,0.02020773411804306,0.0,0.16394326611396826,0.02020773411804306,-0.12352779787788222,0.16394326611396826,0.0,-80.21906371259311,25.778536464808017
ssp370,Milwaukee,cehwi_composite_all,cehwi,composite,all,national,national,National,annual_all_days_primary,All calendar-year days; non-heatwave days contribute zero,"1,2,3,4,5,6,7,8,9,10,11,12",2025-2050,113880.0,7512.0,0.23758724697087832,0.00757055436143882,0.456687336979018,0.24411441467575257,0.007578180025418867,0.4815757626443195,0.24411441467575257,0.006653066707185876,0.4815757626443195,0.0,-87.95206111672199,43.04180163093047
ssp370,Milwaukee,cehwi_day_all,cehwi,day,all,national,national,National,annual_all_days_primary,All calendar-year days; non-heatwave days contribute zero,"1,2,3,4,5,6,7,8,9,10,11,12",2025-2050,113880.0,19473.0,0.22820386006581528,0.000924254309845564,0.5434227701712125,0.2313197622269447,0.0009295226324317376,0.5600062125600398,0.2313197622269447,-0.0973666881061522,0.5600062125600398,0.0,-87.95206111672199,43.04180163093047
ssp370,Milwaukee,cehwi_night_all,cehwi,night,all,national,national,National,annual_all_days_primary,All calendar-year days; non-heatwave days contribute zero,"1,2,3,4,5,6,7,8,9,10,11,12",2025-2050,113880.0,1144.0,0.0,0.0,0.0021667646449669425,0.0,0.0,0.002171471171462036,-0.0018386809681168504,-0.005848833107695836,0.002171471171462036,0.0,-87.95206111672199,43.04180163093047
ssp370,Milwaukee,exceeded_quantity_composite_all,exceeded_quantity,composite,all,national,national,National,annual_all_days_primary,All calendar-year days; non-heatwave days contribute zero,"1,2,3,4,5,6,7,8,9,10,11,12",2025-2050,113880.0,7512.0,0.27433929802166857,0.0002614337848616721,0.6170096457361857,0.2815291990143034,0.00026331528559966357,0.6536748505488595,0.2815291990143034,-0.0906164525202525,0.6536748505488595,0.0,-87.95206111672199,43.04180163093047
ssp370,Milwaukee,exceeded_quantity_day_all,exceeded_quantity,day,all,national,national,National,annual_all_days_primary,All calendar-year days; non-heatwave days contribute zero,"1,2,3,4,5,6,7,8,9,10,11,12",2025-2050,113880.0,19473.0,0.38594532981642476,0.02395437838349782,0.8211222645205172,0.39465305047504323,0.024382605822480058,0.8550289946317771,0.39465305047504323,-0.06572289368169035,0.8550289946317771,0.0,-87.95206111672199,43.04180163093047
ssp370,Milwaukee,exceeded_quantity_night_all,exceeded_quantity,night,all,national,national,National,annual_all_days_primary,All calendar-year days; non-heatwave days contribute zero,"1,2,3,4,5,6,7,8,9,10,11,12",2025-2050,113880.0,1144.0,0.0021831323539813065,0.0,0.014795928258233788,0.0021898446285901663,0.0,0.015002749030514656,0.0021898446285901663,-0.010623059773334319,0.015002749030514656,0.0,-87.95206111672199,43.04180163093047
ssp370,Minneapolis,cehwi_composite_all,cehwi,composite,all,national,national,National,annual_all_days_primary,All calendar-year days; non-heatwave days contribute zero,"1,2,3,4,5,6,7,8,9,10,11,12",2025-2050,66430.0,2157.0,0.11144985650268517,0.0036308229333706214,0.2142043384864453,0.11428424499731898,0.0036343083608711907,0.22494513629930085,0.11428424499731898,0.0036233536953372406,0.22494513629930085,0.0,-93.270301483301,44.960120100206886
ssp370,Minneapolis,cehwi_day_all,cehwi,day,all,national,national,National,annual_all_days_primary,All calendar-year days; non-heatwave days contribute zero,"1,2,3,4,5,6,7,8,9,10,11,12",2025-2050,66430.0,12888.0,0.2887573168276709,0.002187361641491933,0.680288868661053,0.29305232317076957,0.002200252387919772,0.7025063103096085,0.29305232317076957,-0.11640166396807115,0.7025063103096085,0.0,-93.270301483301,44.960120100206886
ssp370,Minneapolis,cehwi_night_all,cehwi,night,all,national,national,National,annual_all_days_primary,All calendar-year days; non-heatwave days contribute zero,"1,2,3,4,5,6,7,8,9,10,11,12",2025-2050,66430.0,92.0,0.0,0.0,0.00018508079886115912,0.0,0.0,0.0001853314017737632,-0.0001575432305989762,-0.0005004178629717323,0.0001853314017737632,0.0,-93.270301483301,44.960120100206886
ssp370,Minneapolis,exceeded_quantity_composite_all,exceeded_quantity,composite,all,national,national,National,annual_all_days_primary,All calendar-year days; non-heatwave days contribute zero,"1,2,3,4,5,6,7,8,9,10,11,12",2025-2050,66430.0,2157.0,0.14054831994307246,0.0001087694260189029,0.3167313833542075,0.14415547357255348,0.00010933104836790335,0.33532032334988127,0.14415547357255348,-0.047009376204774155,0.33532032334988127,0.0,-93.270301483301,44.960120100206886
ssp370,Minneapolis,exceeded_quantity_day_all,exceeded_quantity,day,all,national,national,National,annual_all_days_primary,All calendar-year days; non-heatwave days contribute zero,"1,2,3,4,5,6,7,8,9,10,11,12",2025-2050,66430.0,12888.0,0.4111274265914955,0.020374486166864277,0.8878277719899682,0.41965726294011646,0.02072286743058835,0.9222601426970225,0.41965726294011646,-0.08294561681678918,0.9222601426970225,0.0,-93.270301483301,44.960120100206886
ssp370,Minneapolis,exceeded_quantity_night_all,exceeded_quantity,night,all,national,national,National,annual_all_days_primary,All calendar-year days; non-heatwave days contribute zero,"1,2,3,4,5,6,7,8,9,10,11,12",2025-2050,66430.0,92.0,0.00019778122849052767,0.0,0.0015009660699395748,0.00019808721077634741,0.0,0.0015172361640938355,0.00019808721077634741,-0.0011210617425411354,0.0015172361640938355,0.0,-93.270301483301,44.960120100206886
ssp370,Miramar,cehwi_composite_all,cehwi,composite,all,national,national,National,annual_all_days_primary,All calendar-year days; non-heatwave days contribute zero,"1,2,3,4,5,6,7,8,9,10,11,12",2025-2050,18980.0,1614.0,0.07621896168862201,0.0020661645092802786,0.1492195592138165,0.07683813817286292,0.002066641790111986,0.15160963455561438,0.07683813817286292,0.002066641790111986,0.15160963455561438,0.0,-80.30889524100506,25.980599743327616
ssp370,Miramar,cehwi_day_all,cehwi,day,all,national,national,National,annual_all_days_primary,All calendar-year days; non-heatwave days contribute zero,"1,2,3,4,5,6,7,8,9,10,11,12",2025-2050,18980.0,4444.0,0.2265860344485918,0.0,0.5561181418021854,0.2288686158069215,0.0,0.5695298507376455,0.2288686158069215,-0.11179261912380534,0.5695298507376455,0.0,-80.30889524100506,25.980599743327616
ssp370,Miramar,cehwi_night_all,cehwi,night,all,national,national,National,annual_all_days_primary,All calendar-year days; non-heatwave days contribute zero,"1,2,3,4,5,6,7,8,9,10,11,12",2025-2050,18980.0,3675.0,0.0,0.0,0.05080754958710574,0.0,0.0,0.050940838721997,-0.04298418721697907,-0.13690921315595705,0.050940838721997,0.0,-80.30889524100506,25.980599743327616
ssp370,Miramar,exceeded_quantity_composite_all,exceeded_quantity,composite,all,national,national,National,annual_all_days_primary,All calendar-year days; non-heatwave days contribute zero,"1,2,3,4,5,6,7,8,9,10,11,12",2025-2050,18980.0,1614.0,0.09763633453868578,0.0,0.23582369085943328,0.09836222739302174,0.0,0.24008187034881942,0.09836222739302174,-0.0433574155627757,0.24008187034881942,0.0,-80.30889524100506,25.980599743327616
ssp370,Miramar,exceeded_quantity_day_all,exceeded_quantity,day,all,national,national,National,annual_all_days_primary,All calendar-year days; non-heatwave days contribute zero,"1,2,3,4,5,6,7,8,9,10,11,12",2025-2050,18980.0,4444.0,0.2277750594717577,1.0157129794854057e-05,0.5481255542298268,0.2295880739880368,1.0163624382329821e-05,0.5584017910669141,0.2295880739880368,-0.09922564309083981,0.5584017910669141,0.0,-80.30889524100506,25.980599743327616
ssp370,Miramar,exceeded_quantity_night_all,exceeded_quantity,night,all,national,national,National,annual_all_days_primary,All calendar-year days; non-heatwave days contribute zero,"1,2,3,4,5,6,7,8,9,10,11,12",2025-2050,18980.0,3675.0,0.023176667502489662,0.0,0.18573901893957162,0.02320034565071669,0.0,0.1871543170951707,0.02320034565071669,-0.14075362579373743,0.1871543170951707,0.0,-80.30889524100506,25.980599743327616
ssp370,Nashville,cehwi_composite_all,cehwi,composite,all,national,national,National,annual_all_days_primary,All calendar-year days; non-heatwave days contribute zero,"1,2,3,4,5,6,7,8,9,10,11,12",2025-2050,275210.0,38421.0,0.4270094267228685,0.014027204826129144,0.820396919841693,0.4380392812010731,0.014040957017051148,0.8621900096283109,0.4380392812010731,0.013888552773835878,0.8621900096283109,0.0,-86.77366764775488,36.19153461330117
ssp370,Nashville,cehwi_day_all,cehwi,day,all,national,national,National,annual_all_days_primary,All calendar-year days; non-heatwave days contribute zero,"1,2,3,4,5,6,7,8,9,10,11,12",2025-2050,275210.0,41662.0,0.11801217949477881,0.0,0.29184091866812006,0.1190290511225889,0.0,0.2978455667830869,0.1190290511225889,-0.059787464537911485,0.2978455667830869,0.0,-86.77366764775488,36.19153461330117
ssp370,Nashville,cehwi_night_all,cehwi,night,all,national,national,National,annual_all_days_primary,All calendar-year days; non-heatwave days contribute zero,"1,2,3,4,5,6,7,8,9,10,11,12",2025-2050,275210.0,28200.0,0.0,0.0,0.031665774232225434,0.0,0.0,0.03177763210758248,-0.0264911108574734,-0.08475985382253025,0.03177763210758248,0.0,-86.77366764775488,36.19153461330117
ssp370,Nashville,exceeded_quantity_composite_all,exceeded_quantity,composite,all,national,national,National,annual_all_days_primary,All calendar-year days; non-heatwave days contribute zero,"1,2,3,4,5,6,7,8,9,10,11,12",2025-2050,275210.0,38421.0,0.3920609857001728,0.0,0.9066547074141037,0.399557953384108,0.0,0.9467829101047679,0.399557953384108,-0.1476670033365514,0.9467829101047679,0.0,-86.77366764775488,36.19153461330117
ssp370,Nashville,exceeded_quantity_day_all,exceeded_quantity,day,all,national,national,National,annual_all_days_primary,All calendar-year days; non-heatwave days contribute zero,"1,2,3,4,5,6,7,8,9,10,11,12",2025-2050,275210.0,41662.0,0.18160778317474216,0.00027094891830713776,0.4303367939775366,0.18338050444019843,0.00027252912951199735,0.43987778098559865,0.18338050444019843,-0.07311677210520125,0.43987778098559865,0.0,-86.77366764775488,36.19153461330117
ssp370,Nashville,exceeded_quantity_night_all,exceeded_quantity,night,all,national,national,National,annual_all_days_primary,All calendar-year days; non-heatwave days contribute zero,"1,2,3,4,5,6,7,8,9,10,11,12",2025-2050,275210.0,28200.0,0.016484136490330096,0.0,0.1274184809365284,0.016507190576914955,0.0,0.1286551259769344,0.016507190576914955,-0.0956407448231046,0.1286551259769344,0.0,-86.77366764775488,36.19153461330117
ssp370,New_York,cehwi_composite_all,cehwi,composite,all,national,national,National,annual_all_days_primary,All calendar-year days; non-heatwave days contribute zero,"1,2,3,4,5,6,7,8,9,10,11,12",2025-2050,180310.0,12433.0,0.22089875778633916,0.007120150181328963,0.42495274015470375,0.22639167479821715,0.007126777679420444,0.4458021855687099,0.22639167479821715,0.006981164027724582,0.4458021855687099,0.0,-73.93385110803686,40.68503572090172
ssp370,New_York,cehwi_day_all,cehwi,day,all,national,national,National,annual_all_days_primary,All calendar-year days; non-heatwave days contribute zero,"1,2,3,4,5,6,7,8,9,10,11,12",2025-2050,180310.0,26624.0,0.1649163978373859,0.00022401798061208987,0.4027995863515418,0.16666503952678915,0.00022514977616525314,0.4128042733706972,0.16666503952678915,-0.07947419431712047,0.4128042733706972,0.0,-73.93385110803686,40.68503572090172
ssp370,New_York,cehwi_night_all,cehwi,night,all,national,national,National,annual_all_days_primary,All calendar-year days; non-heatwave days contribute zero,"1,2,3,4,5,6,7,8,9,10,11,12",2025-2050,180310.0,3195.0,0.0,0.0,0.005301772816902043,0.0,0.0,0.005320697949035319,-0.004440597433236256,-0.014201892815507999,0.005320697949035319,0.0,-73.93385110803686,40.68503572090172
ssp370,New_York,exceeded_quantity_composite_all,exceeded_quantity,composite,all,national,national,National,annual_all_days_primary,All calendar-year days; non-heatwave days contribute zero,"1,2,3,4,5,6,7,8,9,10,11,12",2025-2050,180310.0,12433.0,0.26408740315566365,0.0,0.5981623571167229,0.2705246628312551,0.0,0.6314758728929416,0.2705246628312551,-0.09042654723043092,0.6314758728929416,0.0,-73.93385110803686,40.68503572090172
ssp370,New_York,exceeded_quantity_day_all,exceeded_quantity,day,all,national,national,National,annual_all_days_primary,All calendar-year days; non-heatwave days contribute zero,"1,2,3,4,5,6,7,8,9,10,11,12",2025-2050,180310.0,26624.0,0.29376312192583687,0.00848396275429012,0.6462081463604259,0.29903489022068,0.008584721829092815,0.6692346026808443,0.29903489022068,-0.07116482223948403,0.6692346026808443,0.0,-73.93385110803686,40.68503572090172
ssp370,New_York,exceeded_quantity_night_all,exceeded_quantity,night,all,national,national,National,annual_all_days_primary,All calendar-year days; non-heatwave days contribute zero,"1,2,3,4,5,6,7,8,9,10,11,12",2025-2050,180310.0,3195.0,0.0038241400443380894,0.0,0.027255865977011056,0.003833397535752233,0.0,0.027605448204521432,0.003833397535752233,-0.019938653133016973,0.027605448204521432,0.0,-73.93385110803686,40.68503572090172
ssp370,Newark,cehwi_composite_all,cehwi,composite,all,national,national,National,annual_all_days_primary,All calendar-year days; non-heatwave days contribute zero,"1,2,3,4,5,6,7,8,9,10,11,12",2025-2050,28470.0,1344.0,0.13194050543452948,0.004170038794397043,0.25457554047572,0.13479493441631618,0.004173436416161928,0.2654164324164705,0.13479493441631618,0.004173436416161928,0.2654164324164705,0.0,-74.18238500330992,40.73053616358863
ssp370,Newark,cehwi_day_all,cehwi,day,all,national,national,National,annual_all_days_primary,All calendar-year days; non-heatwave days contribute zero,"1,2,3,4,5,6,7,8,9,10,11,12",2025-2050,28470.0,4511.0,0.2104152827189212,0.0008730430140691033,0.5055980575076722,0.21307360909230616,0.0008773789374427458,0.5200613295445413,0.21307360909230616,-0.0939141113599303,0.5200613295445413,0.0,-74.18238500330992,40.73053616358863
ssp370,Newark,cehwi_night_all,cehwi,night,all,national,national,National,annual_all_days_primary,All calendar-year days; non-heatwave days contribute zero,"1,2,3,4,5,6,7,8,9,10,11,12",2025-2050,28470.0,421.0,0.0,0.0,0.0048093177946468505,0.0,0.0,0.004826205440517994,-0.004041562911223646,-0.01290933126296543,0.004826205440517994,0.0,-74.18238500330992,40.73053616358863
ssp370,Newark,exceeded_quantity_composite_all,exceeded_quantity,composite,all,national,national,National,annual_all_days_primary,All calendar-year days; non-heatwave days contribute zero,"1,2,3,4,5,6,7,8,9,10,11,12",2025-2050,28470.0,1344.0,0.17235971293945565,0.0,0.39357787229435476,0.17625418730876094,0.0,0.41407261245183796,0.17625418730876094,-0.06156423783431588,0.41407261245183796,0.0,-74.18238500330992,40.73053616358863
ssp370,Newark,exceeded_quantity_day_all,exceeded_quantity,day,all,national,national,National,annual_all_days_primary,All calendar-year days; non-heatwave days contribute zero,"1,2,3,4,5,6,7,8,9,10,11,12",2025-2050,28470.0,4511.0,0.3560855987721734,0.013500783932539754,0.769391783989024,0.36316551030994926,0.013666894881445896,0.7992368574672881,0.36316551030994926,-0.07290583684738923,0.7992368574672881,0.0,-74.18238500330992,40.73053616358863
ssp370,Newark,exceeded_quantity_night_all,exceeded_quantity,night,all,national,national,National,annual_all_days_primary,All calendar-year days; non-heatwave days contribute zero,"1,2,3,4,5,6,7,8,9,10,11,12",2025-2050,28470.0,421.0,0.0037201399586708783,0.0,0.02511798114608129,0.0037320337352722043,0.0,0.025485500281942998,0.0037320337352722043,-0.018021432811398588,0.025485500281942998,0.0,-74.18238500330992,40.73053616358863
ssp370,Oakland,cehwi_composite_all,cehwi,composite,all,national,national,National,annual_all_days_primary,All calendar-year days; non-heatwave days contribute zero,"1,2,3,4,5,6,7,8,9,10,11,12",2025-2050,66430.0,6.0,0.0003095482448176408,9.31966085557986e-06,0.0005983396739274662,0.00031580746441922864,9.325425990582268e-06,0.0006222895028478757,0.00031580746441922864,9.325425990582268e-06,0.0006222895028478757,0.0,-122.21938649647218,37.78069814132114
ssp370,Oakland,cehwi_day_all,cehwi,day,all,national,national,National,annual_all_days_primary,All calendar-year days; non-heatwave days contribute zero,"1,2,3,4,5,6,7,8,9,10,11,12",2025-2050,66430.0,15219.0,0.39256206472675303,0.00745428249360736,0.902302539887137,0.39951593215626,0.007513811125244214,0.9356592835311568,0.39951593215626,-0.13662741921863825,0.9356592835311568,0.0,-122.21938649647218,37.78069814132114
ssp370,Oakland,cehwi_night_all,cehwi,night,all,national,national,National,annual_all_days_primary,All calendar-year days; non-heatwave days contribute zero,"1,2,3,4,5,6,7,8,9,10,11,12",2025-2050,66430.0,0.0,0.0,0.0,0.0,0.0,0.0,0.0,0.0,0.0,0.0,0.0,-122.21938649647218,37.78069814132114
ssp370,Oakland,exceeded_quantity_composite_all,exceeded_quantity,composite,all,national,national,National,annual_all_days_primary,All calendar-year days; non-heatwave days contribute zero,"1,2,3,4,5,6,7,8,9,10,11,12",2025-2050,66430.0,6.0,0.0005347099979762993,0.0,0.0011689262066814196,0.0005512428846172692,0.0,0.0012519956006248713,0.0005512428846172692,-0.00014950983139033283,0.0012519956006248713,0.0,-122.21938649647218,37.78069814132114
ssp370,Oakland,exceeded_quantity_day_all,exceeded_quantity,day,all,national,national,National,annual_all_days_primary,All calendar-year days; non-heatwave days contribute zero,"1,2,3,4,5,6,7,8,9,10,11,12",2025-2050,66430.0,15219.0,0.589955487640232,0.0502896542153008,1.2222890372235191,0.6054163009433213,0.05130779691517004,1.2789058570770653,0.6054163009433213,-0.06807325519042241,1.2789058570770653,0.0,-122.21938649647218,37.78069814132114
ssp370,Oakland,exceeded_quantity_night_all,exceeded_quantity,night,all,national,national,National,annual_all_days_primary,All calendar-year days; non-heatwave days contribute zero,"1,2,3,4,5,6,7,8,9,10,11,12",2025-2050,66430.0,0.0,0.0,0.0,0.0,0.0,0.0,0.0,0.0,0.0,0.0,0.0,-122.21938649647218,37.78069814132114
ssp370,Oklahoma_City,cehwi_composite_all,cehwi,composite,all,national,national,National,annual_all_days_primary,All calendar-year days; non-heatwave days contribute zero,"1,2,3,4,5,6,7,8,9,10,11,12",2025-2050,275210.0,43751.0,0.6313087381451088,0.018964093657858765,1.2233427891886492,0.6514700982706206,0.018986357365806072,1.3023069838819283,0.6514700982706206,0.0006332126593133117,1.3023069838819283,0.0,-97.51318175134928,35.47080687822383
ssp370,Oklahoma_City,cehwi_day_all,cehwi,day,all,national,national,National,annual_all_days_primary,All calendar-year days; non-heatwave days contribute zero,"1,2,3,4,5,6,7,8,9,10,11,12",2025-2050,275210.0,26944.0,0.060987792363088836,0.0,0.15177852449368234,0.06144681935112372,0.0,0.15453062521873245,0.06144681935112372,-0.03163698651648666,0.15453062521873245,0.0,-97.51318175134928,35.47080687822383
ssp370,Oklahoma_City,cehwi_night_all,cehwi,night,all,national,national,National,annual_all_days_primary,All calendar-year days; non-heatwave days contribute zero,"1,2,3,4,5,6,7,8,9,10,11,12",2025-2050,275210.0,30362.0,0.0,0.0,0.04363355052115988,0.0,0.0,0.04380646303185764,-0.03651514263105408,-0.11683674829396681,0.04380646303185764,0.0,-97.51318175134928,35.47080687822383
ssp370,Oklahoma_City,exceeded_quantity_composite_all,exceeded_quantity,composite,all,national,national,National,annual_all_days_primary,All calendar-year days; non-heatwave days contribute zero,"1,2,3,4,5,6,7,8,9,10,11,12",2025-2050,275210.0,43751.0,0.542982955154022,3.395791067593699e-05,1.2282063874031508,0.5563274700704832,3.409872204225682e-05,1.2964407650985714,0.5563274700704832,-0.183785824957604,1.2964407650985714,0.0,-97.51318175134928,35.47080687822383
ssp370,Oklahoma_City,exceeded_quantity_day_all,exceeded_quantity,day,all,national,national,National,annual_all_days_primary,All calendar-year days; non-heatwave days contribute zero,"1,2,3,4,5,6,7,8,9,10,11,12",2025-2050,275210.0,26944.0,0.11662091292732414,0.0014855868627533441,0.27124331779880856,0.11801301111917621,0.0015068455108171834,0.2780167089676656,0.11801301111917621,-0.04199068672931282,0.2780167089676656,0.0,-97.51318175134928,35.47080687822383
ssp370,Oklahoma_City,exceeded_quantity_night_all,exceeded_quantity,night,all,national,national,National,annual_all_days_primary,All calendar-year days; non-heatwave days contribute zero,"1,2,3,4,5,6,7,8,9,10,11,12",2025-2050,275210.0,30362.0,0.025192650956423493,0.0,0.18072924252447206,0.025250899757093822,0.0,0.183071595961946,0.025250899757093822,-0.13256979644775851,0.183071595961946,0.0,-97.51318175134928,35.47080687822383
ssp370,Orlando,cehwi_composite_all,cehwi,composite,all,national,national,National,annual_all_days_primary,All calendar-year days; non-heatwave days contribute zero,"1,2,3,4,5,6,7,8,9,10,11,12",2025-2050,123370.0,13211.0,0.165850979698292,0.004918766453614152,0.3219252993670696,0.1685249728105274,0.004921581065448208,0.33212836455560707,0.1685249728105274,0.004921581065448208,0.33212836455560707,0.0,-81.35232299409775,28.49312681063099
ssp370,Orlando,cehwi_day_all,cehwi,day,all,national,national,National,annual_all_days_primary,All calendar-year days; non-heatwave days contribute zero,"1,2,3,4,5,6,7,8,9,10,11,12",2025-2050,123370.0,22722.0,0.180195776982526,0.001009437371626531,0.428088772217157,0.18260149119959507,0.0010135247504143394,0.4404441826779136,0.18260149119959507,-0.0752412002787259,0.4404441826779136,0.0,-81.35232299409775,28.49312681063099
ssp370,Orlando,cehwi_night_all,cehwi,night,all,national,national,National,annual_all_days_primary,All calendar-year days; non-heatwave days contribute zero,"1,2,3,4,5,6,7,8,9,10,11,12",2025-2050,123370.0,24417.0,0.0,0.0,0.06300782951404976,0.0,0.0,0.06321593762394087,-0.053051076672870144,-0.16931809096968298,0.06321593762394087,0.0,-81.35232299409775,28.49312681063099
ssp370,Orlando,exceeded_quantity_composite_all,exceeded_quantity,composite,all,national,national,National,annual_all_days_primary,All calendar-year days; non-heatwave days contribute zero,"1,2,3,4,5,6,7,8,9,10,11,12",2025-2050,123370.0,13211.0,0.16851672740983448,0.0,0.4033231718264117,0.17026024310278773,0.0,0.4133656698957046,0.17026024310278773,-0.0728451836901288,0.4133656698957046,0.0,-81.35232299409775,28.49312681063099
ssp370,Orlando,exceeded_quantity_day_all,exceeded_quantity,day,all,national,national,National,annual_all_days_primary,All calendar-year days; non-heatwave days contribute zero,"1,2,3,4,5,6,7,8,9,10,11,12",2025-2050,123370.0,22722.0,0.19822881730966438,5.1777581833298456e-05,0.47073951917206447,0.20009740880525892,5.2248023252025846e-05,0.48086107956683766,0.20009740880525892,-0.08066626195631924,0.48086107956683766,0.0,-81.35232299409775,28.49312681063099
ssp370,Orlando,exceeded_quantity_night_all,exceeded_quantity,night,all,national,national,National,annual_all_days_primary,All calendar-year days; non-heatwave days contribute zero,"1,2,3,4,5,6,7,8,9,10,11,12",2025-2050,123370.0,24417.0,0.02956923689499194,0.0,0.2292847371336855,0.029609750277869246,0.0,0.2314529164982139,0.029609750277869246,-0.17223341594247543,0.2314529164982139,0.0,-81.35232299409775,28.49312681063099
ssp370,Overland_Park,cehwi_composite_all,cehwi,composite,all,national,national,National,annual_all_days_primary,All calendar-year days; non-heatwave days contribute zero,"1,2,3,4,5,6,7,8,9,10,11,12",2025-2050,56940.0,9177.0,0.6203819108384807,0.020197616087627594,1.1879618420145803,0.6398003375940552,0.020221392636059692,1.2617774612549795,0.6398003375940552,0.0178232139331314,1.2617774612549795,0.0,-94.6819397869174,38.90919757348814
ssp370,Overland_Park,cehwi_day_all,cehwi,day,all,national,national,National,annual_all_days_primary,All calendar-year days; non-heatwave days contribute zero,"1,2,3,4,5,6,7,8,9,10,11,12",2025-2050,56940.0,6764.0,0.07064172218283009,0.0,0.17787475316039153,0.0710501878078014,0.0,0.18045176810957864,0.0710501878078014,-0.038351392493977926,0.18045176810957864,0.0,-94.6819397869174,38.90919757348814
ssp370,Overland_Park,cehwi_night_all,cehwi,night,all,national,national,National,annual_all_days_primary,All calendar-year days; non-heatwave days contribute zero,"1,2,3,4,5,6,7,8,9,10,11,12",2025-2050,56940.0,5792.0,0.0,0.0,0.035224443203250085,0.0,0.0,0.03534286561371295,-0.029668185515653086,-0.09467923664502009,0.03534286561371295,0.0,-94.6819397869174,38.90919757348814
ssp370,Overland_Park,exceeded_quantity_composite_all,exceeded_quantity,composite,all,national,national,National,annual_all_days_primary,All calendar-year days; non-heatwave days contribute zero,"1,2,3,4,5,6,7,8,9,10,11,12",2025-2050,56940.0,9177.0,0.5340186102931422,0.0,1.2154427635170744,0.5462213799749578,0.0,1.2789062781502778,0.5462213799749578,-0.18646351820036136,1.2789062781502778,0.0,-94.6819397869174,38.90919757348814
ssp370,Overland_Park,exceeded_quantity_day_all,exceeded_quantity,day,all,national,national,National,annual_all_days_primary,All calendar-year days; non-heatwave days contribute zero,"1,2,3,4,5,6,7,8,9,10,11,12",2025-2050,56940.0,6764.0,0.1385550443585358,7.989147090175395e-05,0.3300038533154741,0.13983163187256384,8.01558729456765e-05,0.33702493358856295,0.13983163187256384,-0.05736166984343475,0.33702493358856295,0.0,-94.6819397869174,38.90919757348814
ssp370,Overland_Park,exceeded_quantity_night_all,exceeded_quantity,night,all,national,national,National,annual_all_days_primary,All calendar-year days; non-heatwave days contribute zero,"1,2,3,4,5,6,7,8,9,10,11,12",2025-2050,56940.0,5792.0,0.021513050924116005,0.0,0.15721322051370143,0.021556327926588018,0.0,0.15914012385030812,0.021556327926588018,-0.11602746799713219,0.15914012385030812,0.0,-94.6819397869174,38.90919757348814
ssp370,Palm_Bay,cehwi_composite_all,cehwi,composite,all,national,national,National,annual_all_days_primary,All calendar-year days; non-heatwave days contribute zero,"1,2,3,4,5,6,7,8,9,10,11,12",2025-2050,56940.0,4254.0,0.09256607744372379,0.002677512094388341,0.1801423113035805,0.0938336999589057,0.00267878044651352,0.18498861947129835,0.0938336999589057,0.00267878044651352,0.18498861947129835,0.0,-80.66822135465287,27.98177179128451
ssp370,Palm_Bay,cehwi_day_all,cehwi,day,all,national,national,National,annual_all_days_primary,All calendar-year days; non-heatwave days contribute zero,"1,2,3,4,5,6,7,8,9,10,11,12",2025-2050,56940.0,12356.0,0.23716166077340403,0.0004117662580446927,0.5669168695542077,0.24025775982922706,0.0004136820907196126,0.5835561436241732,0.24025775982922706,-0.1030406239657216,0.5835561436241732,0.0,-80.66822135465287,27.98177179128451
ssp370,Palm_Bay,cehwi_night_all,cehwi,night,all,national,national,National,annual_all_days_primary,All calendar-year days; non-heatwave days contribute zero,"1,2,3,4,5,6,7,8,9,10,11,12",2025-2050,56940.0,11128.0,0.0,0.0,0.06302796566193158,0.0,0.0,0.06324761906869235,-0.052910064082841886,-0.16906774723437804,0.06324761906869235,0.0,-80.66822135465287,27.98177179128451
ssp370,Palm_Bay,exceeded_quantity_composite_all,exceeded_quantity,composite,all,national,national,National,annual_all_days_primary,All calendar-year days; non-heatwave days contribute zero,"1,2,3,4,5,6,7,8,9,10,11,12",2025-2050,56940.0,4254.0,0.0980853505918392,0.0,0.23613631635785043,0.09892313072838467,0.0,0.2410237044015066,0.09892313072838467,-0.043177442944737084,0.2410237044015066,0.0,-80.66822135465287,27.98177179128451
ssp370,Palm_Bay,exceeded_quantity_day_all,exceeded_quantity,day,all,national,national,National,annual_all_days_primary,All calendar-year days; non-heatwave days contribute zero,"1,2,3,4,5,6,7,8,9,10,11,12",2025-2050,56940.0,12356.0,0.24705844254104753,0.00018991946861811047,0.5852796385716236,0.24947068650906695,0.00019112532145430084,0.5983257874457389,0.24947068650906695,-0.09938441442760414,0.5983257874457389,0.0,-80.66822135465287,27.98177179128451
ssp370,Palm_Bay,exceeded_quantity_night_all,exceeded_quantity,night,all,national,national,National,annual_all_days_primary,All calendar-year days; non-heatwave days contribute zero,"1,2,3,4,5,6,7,8,9,10,11,12",2025-2050,56940.0,11128.0,0.02812429781683745,0.0,0.22004094353348,0.028160327973709577,0.0,0.2220195901758534,0.028160327973709577,-0.16569893422843426,0.2220195901758534,0.0,-80.66822135465287,27.98177179128451
ssp370,Philadelphia,cehwi_composite_all,cehwi,composite,all,national,national,National,annual_all_days_primary,All calendar-year days; non-heatwave days contribute zero,"1,2,3,4,5,6,7,8,9,10,11,12",2025-2050,151840.0,10463.0,0.17641038987882057,0.005460376714341163,0.3408936630003684,0.1799931637441285,0.005464432684546349,0.3545232191492768,0.1799931637441285,0.005463108338980355,0.3545232191492768,0.0,-75.13796788679207,40.013611438447285
ssp370,Philadelphia,cehwi_day_all,cehwi,day,all,national,national,National,annual_all_days_primary,All calendar-year days; non-heatwave days contribute zero,"1,2,3,4,5,6,7,8,9,10,11,12",2025-2050,151840.0,23867.0,0.17628922453388826,0.0006653071115821227,0.4249524278506505,0.17839704121077832,0.0006688528391874093,0.4363567304250619,0.17839704121077832,-0.07956264800350706,0.4363567304250619,0.0,-75.13796788679207,40.013611438447285
ssp370,Philadelphia,cehwi_night_all,cehwi,night,all,national,national,National,annual_all_days_primary,All calendar-year days; non-heatwave days contribute zero,"1,2,3,4,5,6,7,8,9,10,11,12",2025-2050,151840.0,4359.0,0.0,0.0,0.009965772848855246,0.0,0.0,0.00999927252512706,-0.008384636345413582,-0.026768545215954516,0.00999927252512706,0.0,-75.13796788679207,40.013611438447285
ssp370,Philadelphia,exceeded_quantity_composite_all,exceeded_quantity,composite,all,national,national,National,annual_all_days_primary,All calendar-year days; non-heatwave days contribute zero,"1,2,3,4,5,6,7,8,9,10,11,12",2025-2050,151840.0,10463.0,0.2303033047627428,0.0,0.5296517750056947,0.23506421148051,0.0,0.5550662317685429,0.23506421148051,-0.08493780880752258,0.5550662317685429,0.0,-75.13796788679207,40.013611438447285
ssp370,Philadelphia,exceeded_quantity_day_all,exceeded_quantity,day,all,national,national,National,annual_all_days_primary,All calendar-year days; non-heatwave days contribute zero,"1,2,3,4,5,6,7,8,9,10,11,12",2025-2050,151840.0,23867.0,0.29218064108307806,0.007512510990449808,0.6491338650462503,0.2971204656039382,0.00759899919747484,0.671125208263241,0.2971204656039382,-0.07688427705536423,0.671125208263241,0.0,-75.13796788679207,40.013611438447285
ssp370,Philadelphia,exceeded_quantity_night_all,exceeded_quantity,night,all,national,national,National,annual_all_days_primary,All calendar-year days; non-heatwave days contribute zero,"1,2,3,4,5,6,7,8,9,10,11,12",2025-2050,151840.0,4359.0,0.007915688791057541,0.0,0.05351880573572025,0.007941529633131246,0.0,0.05431767909655698,0.007941529633131246,-0.038434619830294545,0.05431767909655698,0.0,-75.13796788679207,40.013611438447285
ssp370,Phoenix,cehwi_composite_all,cehwi,composite,all,national,national,National,annual_all_days_primary,All calendar-year days; non-heatwave days contribute zero,"1,2,3,4,5,6,7,8,9,10,11,12",2025-2050,294190.0,31546.0,0.2601067927604241,0.008206489555446502,0.5020089249640577,0.2656594738173752,0.008213000739827381,0.5231068362501056,0.2656594738173752,0.008212111384645397,0.5231068362501056,0.0,-112.08811946862154,33.55574616532266
ssp370,Phoenix,cehwi_day_all,cehwi,day,all,national,national,National,annual_all_days_primary,All calendar-year days; non-heatwave days contribute zero,"1,2,3,4,5,6,7,8,9,10,11,12",2025-2050,294190.0,52736.0,0.21743045150030488,0.0015791723685989892,0.5142766964421304,0.22051776155929323,0.0015880697940213937,0.530194411330406,0.22051776155929323,-0.08915888821182152,0.530194411330406,0.0,-112.08811946862154,33.55574616532266
ssp370,Phoenix,cehwi_night_all,cehwi,night,all,national,national,National,annual_all_days_primary,All calendar-year days; non-heatwave days contribute zero,"1,2,3,4,5,6,7,8,9,10,11,12",2025-2050,294190.0,36210.0,0.0,0.0,0.09100456296444404,0.0,0.0,0.0917627520179184,-0.07003566880208024,-0.23183408962207974,0.0917627520179184,0.0,-112.08811946862154,33.55574616532266
ssp370,Phoenix,exceeded_quantity_composite_all,exceeded_quantity,composite,all,national,national,National,annual_all_days_primary,All calendar-year days; non-heatwave days contribute zero,"1,2,3,4,5,6,7,8,9,10,11,12",2025-2050,294190.0,31546.0,0.28212673933785487,0.0,0.6540639777912954,0.28730833706067976,0.0,0.6818513386660269,0.28730833706067976,-0.10723466454466686,0.6818513386660269,0.0,-112.08811946862154,33.55574616532266
ssp370,Phoenix,exceeded_quantity_day_all,exceeded_quantity,day,all,national,national,National,annual_all_days_primary,All calendar-year days; non-heatwave days contribute zero,"1,2,3,4,5,6,7,8,9,10,11,12",2025-2050,294190.0,52736.0,0.26358067065791085,0.003580379014946144,0.603672168247515,0.26716363462486925,0.0036224392776342306,0.6208335262459822,0.26716363462486925,-0.08650625699624337,0.6208335262459822,0.0,-112.08811946862154,33.55574616532266
ssp370,Phoenix,exceeded_quantity_night_all,exceeded_quantity,night,all,national,national,National,annual_all_days_primary,All calendar-year days; non-heatwave days contribute zero,"1,2,3,4,5,6,7,8,9,10,11,12",2025-2050,294190.0,36210.0,0.04873928199008516,0.0,0.29360054906248634,0.04896510410254245,0.0,0.29915554962536905,0.04896510410254245,-0.20122534142028448,0.29915554962536905,0.0,-112.08811946862154,33.55574616532266
ssp370,Pittsburgh,cehwi_composite_all,cehwi,composite,all,national,national,National,annual_all_days_primary,All calendar-year days; non-heatwave days contribute zero,"1,2,3,4,5,6,7,8,9,10,11,12",2025-2050,75920.0,156.0,0.005262982837142305,0.0001514015338481994,0.01022024892383263,0.005346805979587516,0.00015147292309021575,0.010542139036084822,0.005346805979587516,0.00015147292309021575,0.010542139036084822,0.0,-79.96079806840875,40.42519922162034
ssp370,Pittsburgh,cehwi_day_all,cehwi,day,all,national,national,National,annual_all_days_primary,All calendar-year days; non-heatwave days contribute zero,"1,2,3,4,5,6,7,8,9,10,11,12",2025-2050,75920.0,15502.0,0.3802271618721359,0.00488517881370917,0.8711756196184104,0.38703513561943365,0.00491454323069361,0.9042137090660023,0.38703513561943365,-0.13014343782713614,0.9042137090660023,0.0,-79.96079806840875,40.42519922162034
ssp370,Pittsburgh,cehwi_night_all,cehwi,night,all,national,national,National,annual_all_days_primary,All calendar-year days; non-heatwave days contribute zero,"1,2,3,4,5,6,7,8,9,10,11,12",2025-2050,75920.0,0.0,0.0,0.0,0.0,0.0,0.0,0.0,0.0,0.0,0.0,0.0,-79.96079806840875,40.42519922162034
ssp370,Pittsburgh,exceeded_quantity_composite_all,exceeded_quantity,composite,all,national,national,National,annual_all_days_primary,All calendar-year days; non-heatwave days contribute zero,"1,2,3,4,5,6,7,8,9,10,11,12",2025-2050,75920.0,156.0,0.008816437008289709,0.0,0.020055328239698487,0.009020790186765746,0.0,0.02114688389231535,0.009020790186765746,-0.003105303518783854,0.02114688389231535,0.0,-79.96079806840875,40.42519922162034
ssp370,Pittsburgh,exceeded_quantity_day_all,exceeded_quantity,day,all,national,national,National,annual_all_days_primary,All calendar-year days; non-heatwave days contribute zero,"1,2,3,4,5,6,7,8,9,10,11,12",2025-2050,75920.0,15502.0,0.5332002670140812,0.03868461672343256,1.115531943141206,0.5461977221219767,0.039399657124449095,1.1647895133299397,0.5461977221219767,-0.07239406908598578,1.1647895133299397,0.0,-79.96079806840875,40.42519922162034
ssp370,Pittsburgh,exceeded_quantity_night_all,exceeded_quantity,night,all,national,national,National,annual_all_days_primary,All calendar-year days; non-heatwave days contribute zero,"1,2,3,4,5,6,7,8,9,10,11,12",2025-2050,75920.0,0.0,0.0,0.0,0.0,0.0,0.0,0.0,0.0,0.0,0.0,0.0,-79.96079806840875,40.42519922162034
ssp370,Portland,cehwi_composite_all,cehwi,composite,all,national,national,National,annual_all_days_primary,All calendar-year days; non-heatwave days contribute zero,"1,2,3,4,5,6,7,8,9,10,11,12",2025-2050,142350.0,63.0,0.0024224462811228155,8.923304161535196e-05,0.00461533168457228,0.002501736582438039,8.934675935717612e-05,0.004914126405518902,0.002501736582438039,8.934675935717612e-05,0.004914126405518902,0.0,-122.6375114287169,45.5383261809014
ssp370,Portland,cehwi_day_all,cehwi,day,all,national,national,National,annual_all_days_primary,All calendar-year days; non-heatwave days contribute zero,"1,2,3,4,5,6,7,8,9,10,11,12",2025-2050,142350.0,27902.0,0.4318316490701022,0.013046679529512255,0.9570114621685465,0.44108096896664056,0.013140730710169718,0.9984509808691971,0.44108096896664056,-0.1162890429359167,0.9984509808691971,0.0,-122.6375114287169,45.5383261809014
ssp370,Portland,cehwi_night_all,cehwi,night,all,national,national,National,annual_all_days_primary,All calendar-year days; non-heatwave days contribute zero,"1,2,3,4,5,6,7,8,9,10,11,12",2025-2050,142350.0,0.0,0.0,0.0,0.0,0.0,0.0,0.0,0.0,0.0,0.0,0.0,-122.6375114287169,45.5383261809014
ssp370,Portland,exceeded_quantity_composite_all,exceeded_quantity,composite,all,national,national,National,annual_all_days_primary,All calendar-year days; non-heatwave days contribute zero,"1,2,3,4,5,6,7,8,9,10,11,12",2025-2050,142350.0,63.0,0.0033897539559262176,0.0,0.007116036336619019,0.003527652064972764,0.0,0.00776262318740824,0.003527652064972764,-0.000707319057462715,0.00776262318740824,0.0,-122.6375114287169,45.5383261809014
ssp370,Portland,exceeded_quantity_day_all,exceeded_quantity,day,all,national,national,National,annual_all_days_primary,All calendar-year days; non-heatwave days contribute zero,"1,2,3,4,5,6,7,8,9,10,11,12",2025-2050,142350.0,27902.0,0.6983885002752398,0.0997139394945833,1.359973881567899,0.7233483763590715,0.10202057919688484,1.4422754665619062,0.7233483763590715,0.004421286156237416,1.4422754665619062,0.0,-122.6375114287169,45.5383261809014
ssp370,Portland,exceeded_quantity_night_all,exceeded_quantity,night,all,national,national,National,annual_all_days_primary,All calendar-year days; non-heatwave days contribute zero,"1,2,3,4,5,6,7,8,9,10,11,12",2025-2050,142350.0,0.0,0.0,0.0,0.0,0.0,0.0,0.0,0.0,0.0,0.0,0.0,-122.6375114287169,45.5383261809014
ssp370,Raleigh,cehwi_composite_all,cehwi,composite,all,national,national,National,annual_all_days_primary,All calendar-year days; non-heatwave days contribute zero,"1,2,3,4,5,6,7,8,9,10,11,12",2025-2050,142350.0,19950.0,0.4244673955552965,0.013705718442732339,0.8156429073249524,0.4355025227132213,0.013719142153205965,0.857470327720624,0.4355025227132213,0.013534717705819219,0.857470327720624,0.0,-78.64401758110355,35.85488907837101
ssp370,Raleigh,cehwi_day_all,cehwi,day,all,national,national,National,annual_all_days_primary,All calendar-year days; non-heatwave days contribute zero,"1,2,3,4,5,6,7,8,9,10,11,12",2025-2050,142350.0,16047.0,0.07480525390883316,0.0,0.18726984745849073,0.07530862989940139,0.0,0.1903684096633233,0.07530862989940139,-0.03975114986452241,0.1903684096633233,0.0,-78.64401758110355,35.85488907837101
ssp370,Raleigh,cehwi_night_all,cehwi,night,all,national,national,National,annual_all_days_primary,All calendar-year days; non-heatwave days contribute zero,"1,2,3,4,5,6,7,8,9,10,11,12",2025-2050,142350.0,16711.0,0.0,0.0,0.048242880068462446,0.0,0.0,0.04842869232247493,-0.04046652749581854,-0.12936174731411304,0.04842869232247493,0.0,-78.64401758110355,35.85488907837101
ssp370,Raleigh,exceeded_quantity_composite_all,exceeded_quantity,composite,all,national,national,National,annual_all_days_primary,All calendar-year days; non-heatwave days contribute zero,"1,2,3,4,5,6,7,8,9,10,11,12",2025-2050,142350.0,19950.0,0.4228701357944313,0.0,0.9739057888432157,0.43137102813159056,0.0,1.0191480117392155,0.43137102813159056,-0.1564059554760339,1.0191480117392155,0.0,-78.64401758110355,35.85488907837101
ssp370,Raleigh,exceeded_quantity_day_all,exceeded_quantity,day,all,national,national,National,annual_all_days_primary,All calendar-year days; non-heatwave days contribute zero,"1,2,3,4,5,6,7,8,9,10,11,12",2025-2050,142350.0,16047.0,0.15213165155679367,0.00034669246815461464,0.35724892337579633,0.15377781883319552,0.00034906189614277306,0.36593284015164884,0.15377781883319552,-0.05837720248525755,0.36593284015164884,0.0,-78.64401758110355,35.85488907837101
ssp370,Raleigh,exceeded_quantity_night_all,exceeded_quantity,night,all,national,national,National,annual_all_days_primary,All calendar-year days; non-heatwave days contribute zero,"1,2,3,4,5,6,7,8,9,10,11,12",2025-2050,142350.0,16711.0,0.029884281640404877,0.0,0.20770437482643855,0.02996128303479493,0.0,0.21063896362390988,0.02996128303479493,-0.15071639755432018,0.21063896362390988,0.0,-78.64401758110355,35.85488907837101
ssp370,Richmond,cehwi_composite_all,cehwi,composite,all,national,national,National,annual_all_days_primary,All calendar-year days; non-heatwave days contribute zero,"1,2,3,4,5,6,7,8,9,10,11,12",2025-2050,75920.0,8703.0,0.3080370140185854,0.009695089140900304,0.5941804733311042,0.31481222446128465,0.009702911478460346,0.6199252560475838,0.31481222446128465,0.009699192874985918,0.6199252560475838,0.0,-77.47920209602857,37.55445905057112
ssp370,Richmond,cehwi_day_all,cehwi,day,all,national,national,National,annual_all_days_primary,All calendar-year days; non-heatwave days contribute zero,"1,2,3,4,5,6,7,8,9,10,11,12",2025-2050,75920.0,9650.0,0.10823234269938545,0.0,0.26766766592377395,0.1091802870424369,0.0,0.2733008588752943,0.1091802870424369,-0.0549402847904224,0.2733008588752943,0.0,-77.47920209602857,37.55445905057112
ssp370,Richmond,cehwi_night_all,cehwi,night,all,national,national,National,annual_all_days_primary,All calendar-year days; non-heatwave days contribute zero,"1,2,3,4,5,6,7,8,9,10,11,12",2025-2050,75920.0,6272.0,0.0,0.0,0.02776779348515296,0.0,0.0,0.02785282163247458,-0.023439280205190503,-0.0747313820428564,0.02785282163247458,0.0,-77.47920209602857,37.55445905057112
ssp370,Richmond,exceeded_quantity_composite_all,exceeded_quantity,composite,all,national,national,National,annual_all_days_primary,All calendar-year days; non-heatwave days contribute zero,"1,2,3,4,5,6,7,8,9,10,11,12",2025-2050,75920.0,8703.0,0.3531818025570765,0.0,0.814552040070909,0.3601707253327597,0.0,0.8519724481236062,0.3601707253327597,-0.13163099745808626,0.8519724481236062,0.0,-77.47920209602857,37.55445905057112
ssp370,Richmond,exceeded_quantity_day_all,exceeded_quantity,day,all,national,national,National,annual_all_days_primary,All calendar-year days; non-heatwave days contribute zero,"1,2,3,4,5,6,7,8,9,10,11,12",2025-2050,75920.0,9650.0,0.20164795586095602,0.00179941219158061,0.4632288222026533,0.2043154588183429,0.001816554827933905,0.4763597048129349,0.2043154588183429,-0.0677287871762486,0.4763597048129349,0.0,-77.47920209602857,37.55445905057112
ssp370,Richmond,exceeded_quantity_night_all,exceeded_quantity,night,all,national,national,National,annual_all_days_primary,All calendar-year days; non-heatwave days contribute zero,"1,2,3,4,5,6,7,8,9,10,11,12",2025-2050,75920.0,6272.0,0.01901071807609672,0.0,0.13643581617777886,0.01905281272446421,0.0,0.13820143013038927,0.01905281272446421,-0.10009580468146093,0.13820143013038927,0.0,-77.47920209602857,37.55445905057112
ssp370,Riverside,cehwi_composite_all,cehwi,composite,all,national,national,National,annual_all_days_primary,All calendar-year days; non-heatwave days contribute zero,"1,2,3,4,5,6,7,8,9,10,11,12",2025-2050,56940.0,1490.0,0.06844130936583258,0.0020555465801640337,0.13247396665433675,0.06973426559155012,0.002056836928386453,0.13741169425471386,0.06973426559155012,0.002056836928386453,0.13741169425471386,0.0,-117.40931647514132,33.946920765734085
ssp370,Riverside,cehwi_day_all,cehwi,day,all,national,national,National,annual_all_days_primary,All calendar-year days; non-heatwave days contribute zero,"1,2,3,4,5,6,7,8,9,10,11,12",2025-2050,56940.0,12135.0,0.32015961726156206,0.0023482571137904413,0.7521577242456247,0.32503048424306547,0.002360639319073149,0.7772677380056789,0.32503048424306547,-0.12720676951954984,0.7772677380056789,0.0,-117.40931647514132,33.946920765734085
ssp370,Riverside,cehwi_night_all,cehwi,night,all,national,national,National,annual_all_days_primary,All calendar-year days; non-heatwave days contribute zero,"1,2,3,4,5,6,7,8,9,10,11,12",2025-2050,56940.0,305.0,0.0,0.0,0.0012621504966201162,0.0,0.0,0.0012650443835320667,-0.0010703605736705087,-0.0034057655308731456,0.0012650443835320667,0.0,-117.40931647514132,33.946920765734085
ssp370,Riverside,exceeded_quantity_composite_all,exceeded_quantity,composite,all,national,national,National,annual_all_days_primary,All calendar-year days; non-heatwave days contribute zero,"1,2,3,4,5,6,7,8,9,10,11,12",2025-2050,56940.0,1490.0,0.09484924144432952,0.0,0.2177081887612414,0.09685023908549997,0.0,0.2284265680439466,0.09685023908549997,-0.034726089872946536,0.2284265680439466,0.0,-117.40931647514132,33.946920765734085
ssp370,Riverside,exceeded_quantity_day_all,exceeded_quantity,day,all,national,national,National,annual_all_days_primary,All calendar-year days; non-heatwave days contribute zero,"1,2,3,4,5,6,7,8,9,10,11,12",2025-2050,56940.0,12135.0,0.41598438677067284,0.013985283199759625,0.9114479813569839,0.4236230062653117,0.014152218648455388,0.9441860839065056,0.4236230062653117,-0.09694007137588155,0.9441860839065056,0.0,-117.40931647514132,33.946920765734085
ssp370,Riverside,exceeded_quantity_night_all,exceeded_quantity,night,all,national,national,National,annual_all_days_primary,All calendar-year days; non-heatwave days contribute zero,"1,2,3,4,5,6,7,8,9,10,11,12",2025-2050,56940.0,305.0,0.0008142113034043251,0.0,0.006315772379566366,0.0008153086806143475,0.0,0.006377239212699558,0.0008153086806143475,-0.004746621851470861,0.006377239212699558,0.0,-117.40931647514132,33.946920765734085
ssp370,Sacramento,cehwi_composite_all,cehwi,composite,all,national,national,National,annual_all_days_primary,All calendar-year days; non-heatwave days contribute zero,"1,2,3,4,5,6,7,8,9,10,11,12",2025-2050,123370.0,733.0,0.022357697616206863,0.0007197889399715529,0.04302278996527025,0.022897495335124404,0.0007204017553766257,0.045074588914872205,0.022897495335124404,0.0007204017553766257,0.045074588914872205,0.0,-121.45173525367916,38.544754056929705
ssp370,Sacramento,cehwi_day_all,cehwi,day,all,national,national,National,annual_all_days_primary,All calendar-year days; non-heatwave days contribute zero,"1,2,3,4,5,6,7,8,9,10,11,12",2025-2050,123370.0,26343.0,0.3947581183462199,0.007699507528340631,0.8982258219793794,0.4021185954496329,0.007749940369341219,0.9331190528552569,0.4021185954496329,-0.1288818619559924,0.9331190528552569,0.0,-121.45173525367916,38.544754056929705
ssp370,Sacramento,cehwi_night_all,cehwi,night,all,national,national,National,annual_all_days_primary,All calendar-year days; non-heatwave days contribute zero,"1,2,3,4,5,6,7,8,9,10,11,12",2025-2050,123370.0,73.0,0.0,0.0,0.0001055682926640796,0.0,0.0,0.00010575492698965078,-8.977596084325218e-05,-0.0002853068486761622,0.00010575492698965078,0.0,-121.45173525367916,38.544754056929705
ssp370,Sacramento,exceeded_quantity_composite_all,exceeded_quantity,composite,all,national,national,National,annual_all_days_primary,All calendar-year days; non-heatwave days contribute zero,"1,2,3,4,5,6,7,8,9,10,11,12",2025-2050,123370.0,733.0,0.03464028480458755,0.0,0.07552254716266517,0.03576290993252373,0.0,0.08107074836233397,0.03576290993252373,-0.009544928497286507,0.08107074836233397,0.0,-121.45173525367916,38.544754056929705
ssp370,Sacramento,exceeded_quantity_day_all,exceeded_quantity,day,all,national,national,National,annual_all_days_primary,All calendar-year days; non-heatwave days contribute zero,"1,2,3,4,5,6,7,8,9,10,11,12",2025-2050,123370.0,26343.0,0.5050492004632982,0.03379300226576089,1.0665061563006561,0.5167864553974609,0.03439316082473322,1.1116424837873804,0.5167864553974609,-0.07806957299245772,1.1116424837873804,0.0,-121.45173525367916,38.544754056929705
ssp370,Sacramento,exceeded_quantity_night_all,exceeded_quantity,night,all,national,national,National,annual_all_days_primary,All calendar-year days; non-heatwave days contribute zero,"1,2,3,4,5,6,7,8,9,10,11,12",2025-2050,123370.0,73.0,9.611551280055888e-05,0.0,0.0007367135373892404,9.625652361036155e-05,0.0,0.0007444410899806906,9.625652361036155e-05,-0.0005519280427599656,0.0007444410899806906,0.0,-121.45173525367916,38.544754056929705
ssp370,Salt_Lake_City,cehwi_composite_all,cehwi,composite,all,national,national,National,annual_all_days_primary,All calendar-year days; non-heatwave days contribute zero,"1,2,3,4,5,6,7,8,9,10,11,12",2025-2050,94900.0,358.0,0.01024703365147506,0.0003101789726075433,0.019830840121378892,0.010441248925227551,0.0003103794810507453,0.02057211836940436,0.010441248925227551,0.0003103794810507453,0.02057211836940436,0.0,-111.9385763948534,40.78496540128546
ssp370,Salt_Lake_City,cehwi_day_all,cehwi,day,all,national,national,National,annual_all_days_primary,All calendar-year days; non-heatwave days contribute zero,"1,2,3,4,5,6,7,8,9,10,11,12",2025-2050,94900.0,18403.0,0.5071364624430973,0.025058971656149696,1.0817756969964378,0.519916519508516,0.025249503613866384,1.1347674931731042,0.519916519508516,-0.09493445415607285,1.1347674931731042,0.0,-111.9385763948534,40.78496540128546
ssp370,Salt_Lake_City,cehwi_night_all,cehwi,night,all,national,national,National,annual_all_days_primary,All calendar-year days; non-heatwave days contribute zero,"1,2,3,4,5,6,7,8,9,10,11,12",2025-2050,94900.0,22.0,0.0,0.0,2.3482047969219095e-05,0.0,0.0,2.3501856075214675e-05,-2.0007196534703002e-05,-6.351624914462178e-05,2.3501856075214675e-05,0.0,-111.9385763948534,40.78496540128546
ssp370,Salt_Lake_City,exceeded_quantity_composite_all,exceeded_quantity,composite,all,national,national,National,annual_all_days_primary,All calendar-year days; non-heatwave days contribute zero,"1,2,3,4,5,6,7,8,9,10,11,12",2025-2050,94900.0,358.0,0.014319892517807197,0.0,0.03292578262347675,0.014620196410054812,0.0,0.034549442383511514,0.014620196410054812,-0.00530904956340188,0.034549442383511514,0.0,-111.9385763948534,40.78496540128546
ssp370,Salt_Lake_City,exceeded_quantity_day_all,exceeded_quantity,day,all,national,national,National,annual_all_days_primary,All calendar-year days; non-heatwave days contribute zero,"1,2,3,4,5,6,7,8,9,10,11,12",2025-2050,94900.0,18403.0,0.47370748750172104,0.02540159224597596,1.0070406545633588,0.4840658251980824,0.02576109845278482,1.0486281634740127,0.4840658251980824,-0.08049651307784755,1.0486281634740127,0.0,-111.9385763948534,40.78496540128546
ssp370,Salt_Lake_City,exceeded_quantity_night_all,exceeded_quantity,night,all,national,national,National,annual_all_days_primary,All calendar-year days; non-heatwave days contribute zero,"1,2,3,4,5,6,7,8,9,10,11,12",2025-2050,94900.0,22.0,2.0543697070761647e-05,0.0,0.00016900789933970654,2.055885616501431e-05,0.0,0.00017000438466966553,2.055885616501431e-05,-0.000128886672339637,0.00017000438466966553,0.0,-111.9385763948534,40.78496540128546
ssp370,San_Antonio,cehwi_composite_all,cehwi,composite,all,national,national,National,annual_all_days_primary,All calendar-year days; non-heatwave days contribute zero,"1,2,3,4,5,6,7,8,9,10,11,12",2025-2050,256230.0,46702.0,0.536434763421276,0.0169148150871405,1.037659117880179,0.5501398864944752,0.01693074607229056,1.0905819739700675,0.5501398864944752,0.00969779901888341,1.0905819739700675,0.0,-98.51142457218248,29.452259837949214
ssp370,San_Antonio,cehwi_day_all,cehwi,day,all,national,national,National,annual_all_days_primary,All calendar-year days; non-heatwave days contribute zero,"1,2,3,4,5,6,7,8,9,10,11,12",2025-2050,256230.0,37684.0,0.10628062497226497,0.0,0.2653960695202378,0.10706486200212946,0.0,0.2702286293087701,0.10706486200212946,-0.056098905304513474,0.2702286293087701,0.0,-98.51142457218248,29.452259837949214
ssp370,San_Antonio,cehwi_night_all,cehwi,night,all,national,national,National,annual_all_days_primary,All calendar-year days; non-heatwave days contribute zero,"1,2,3,4,5,6,7,8,9,10,11,12",2025-2050,256230.0,55730.0,0.0,0.0,0.12475037510329508,0.0,0.0,0.12546401852907563,-0.1021716251344902,-0.32980726879805766,0.12546401852907563,0.0,-98.51142457218248,29.452259837949214
ssp370,San_Antonio,exceeded_quantity_composite_all,exceeded_quantity,composite,all,national,national,National,annual_all_days_primary,All calendar-year days; non-heatwave days contribute zero,"1,2,3,4,5,6,7,8,9,10,11,12",2025-2050,256230.0,46702.0,0.4366955779935372,0.0,1.0217141086012598,0.44380394867086503,0.0,1.0607601186761957,0.44380394867086503,-0.1731522213344648,1.0607601186761957,0.0,-98.51142457218248,29.452259837949214
ssp370,San_Antonio,exceeded_quantity_day_all,exceeded_quantity,day,all,national,national,National,annual_all_days_primary,All calendar-year days; non-heatwave days contribute zero,"1,2,3,4,5,6,7,8,9,10,11,12",2025-2050,256230.0,37684.0,0.1658261679325269,3.987605540142236e-05,0.3948515066481248,0.1673507322363702,4.0041723873000236e-05,0.4032156351212554,0.1673507322363702,-0.06851417064851441,0.4032156351212554,0.0,-98.51142457218248,29.452259837949214
ssp370,San_Antonio,exceeded_quantity_night_all,exceeded_quantity,night,all,national,national,National,annual_all_days_primary,All calendar-year days; non-heatwave days contribute zero,"1,2,3,4,5,6,7,8,9,10,11,12",2025-2050,256230.0,55730.0,0.061233827625143455,0.0,0.4120039877931991,0.06141825347364778,0.0,0.41827702151685714,0.06141825347364778,-0.2954405145695619,0.41827702151685714,0.0,-98.51142457218248,29.452259837949214
ssp370,San_Bernardino,cehwi_composite_all,cehwi,composite,all,national,national,National,annual_all_days_primary,All calendar-year days; non-heatwave days contribute zero,"1,2,3,4,5,6,7,8,9,10,11,12",2025-2050,66430.0,1869.0,0.07304331351708661,0.0021973491530385323,0.14140599424809952,0.07440720052537712,0.0021987145117218967,0.14661568653903248,0.07440720052537712,0.0021987145117218967,0.14661568653903248,0.0,-117.2938187957545,34.14362438315135
ssp370,San_Bernardino,cehwi_day_all,cehwi,day,all,national,national,National,annual_all_days_primary,All calendar-year days; non-heatwave days contribute zero,"1,2,3,4,5,6,7,8,9,10,11,12",2025-2050,66430.0,14305.0,0.32596960352708976,0.0019912707394480404,0.7666082736288822,0.330919563486218,0.0020018166622363595,0.7923458224227586,0.330919563486218,-0.13050669545032414,0.7923458224227586,0.0,-117.2938187957545,34.14362438315135
ssp370,San_Bernardino,cehwi_night_all,cehwi,night,all,national,national,National,annual_all_days_primary,All calendar-year days; non-heatwave days contribute zero,"1,2,3,4,5,6,7,8,9,10,11,12",2025-2050,66430.0,433.0,0.0,0.0,0.0017789835528416436,0.0,0.0,0.0017835544109555067,-0.001507064545179659,-0.004797683501314893,0.0017835544109555067,0.0,-117.2938187957545,34.14362438315135
ssp370,San_Bernardino,exceeded_quantity_composite_all,exceeded_quantity,composite,all,national,national,National,annual_all_days_primary,All calendar-year days; non-heatwave days contribute zero,"1,2,3,4,5,6,7,8,9,10,11,12",2025-2050,66430.0,1869.0,0.10043680437728277,0.0,0.2308767355708097,0.10251981145780267,0.0,0.24206174574454165,0.10251981145780267,-0.037022122828936216,0.24206174574454165,0.0,-117.2938187957545,34.14362438315135
ssp370,San_Bernardino,exceeded_quantity_day_all,exceeded_quantity,day,all,national,national,National,annual_all_days_primary,All calendar-year days; non-heatwave days contribute zero,"1,2,3,4,5,6,7,8,9,10,11,12",2025-2050,66430.0,14305.0,0.4044114972477862,0.011530561474235533,0.8938340941200703,0.4115101650628747,0.01169359883396373,0.9248621670328503,0.4115101650628747,-0.10184183690710012,0.9248621670328503,0.0,-117.2938187957545,34.14362438315135
ssp370,San_Bernardino,exceeded_quantity_night_all,exceeded_quantity,night,all,national,national,National,annual_all_days_primary,All calendar-year days; non-heatwave days contribute zero,"1,2,3,4,5,6,7,8,9,10,11,12",2025-2050,66430.0,433.0,0.0011618901074442517,0.0,0.008762901643928485,0.0011637999967976007,0.0,0.008858778606603434,0.0011637999967976007,-0.006531178613008238,0.008858778606603434,0.0,-117.2938187957545,34.14362438315135
ssp370,San_Diego,cehwi_composite_all,cehwi,composite,all,national,national,National,annual_all_days_primary,All calendar-year days; non-heatwave days contribute zero,"1,2,3,4,5,6,7,8,9,10,11,12",2025-2050,208780.0,382.0,0.005701927356004667,0.0001744734772767099,0.01101755993196677,0.005818462923548871,0.00017459187038366066,0.01146233397671408,0.005818462923548871,0.00017459187038366066,0.01146233397671408,0.0,-117.12185558422306,32.79604065818703
ssp370,San_Diego,cehwi_day_all,cehwi,day,all,national,national,National,annual_all_days_primary,All calendar-year days; non-heatwave days contribute zero,"1,2,3,4,5,6,7,8,9,10,11,12",2025-2050,208780.0,51021.0,0.3947334083591902,0.0067498775585583,0.9069077841549731,0.4016758301350329,0.006797223142106661,0.9402991769665734,0.4016758301350329,-0.13694751669650945,0.9402991769665734,0.0,-117.12185558422306,32.79604065818703
ssp370,San_Diego,cehwi_night_all,cehwi,night,all,national,national,National,annual_all_days_primary,All calendar-year days; non-heatwave days contribute zero,"1,2,3,4,5,6,7,8,9,10,11,12",2025-2050,208780.0,10.0,0.0,0.0,8.77175934091278e-06,0.0,0.0,8.785524236622472e-06,-7.466283280108822e-06,-2.3718090796841127e-05,8.785524236622472e-06,0.0,-117.12185558422306,32.79604065818703
ssp370,San_Diego,exceeded_quantity_composite_all,exceeded_quantity,composite,all,national,national,National,annual_all_days_primary,All calendar-year days; non-heatwave days contribute zero,"1,2,3,4,5,6,7,8,9,10,11,12",2025-2050,208780.0,382.0,0.009115298984460105,8.399766224260034e-06,0.020270126452737267,0.009367880995730861,8.474292304701743e-06,0.021558463530911592,0.009367880995730861,-0.002822701539449859,0.021558463530911592,0.0,-117.12185558422306,32.79604065818703
ssp370,San_Diego,exceeded_quantity_day_all,exceeded_quantity,day,all,national,national,National,annual_all_days_primary,All calendar-year days; non-heatwave days contribute zero,"1,2,3,4,5,6,7,8,9,10,11,12",2025-2050,208780.0,51021.0,0.5204511416821341,0.028308231044510926,1.1122397487621987,0.5316972825786228,0.028761041783641653,1.1570218951551732,0.5316972825786228,-0.09362732999792672,1.1570218951551732,0.0,-117.12185558422306,32.79604065818703
ssp370,San_Diego,exceeded_quantity_night_all,exceeded_quantity,night,all,national,national,National,annual_all_days_primary,All calendar-year days; non-heatwave days contribute zero,"1,2,3,4,5,6,7,8,9,10,11,12",2025-2050,208780.0,10.0,8.623143152697289e-06,0.0,6.139766158260461e-05,8.641550240171471e-06,0.0,6.222862943759149e-05,8.641550240171471e-06,-4.494552895724849e-05,6.222862943759149e-05,0.0,-117.12185558422306,32.79604065818703
ssp370,San_Francisco,cehwi_composite_all,cehwi,composite,all,national,national,National,annual_all_days_primary,All calendar-year days; non-heatwave days contribute zero,"1,2,3,4,5,6,7,8,9,10,11,12",2025-2050,28470.0,0.0,0.0,0.0,0.0,0.0,0.0,0.0,0.0,0.0,0.0,0.0,-122.42865312515914,37.75892014266124
ssp370,San_Francisco,cehwi_day_all,cehwi,day,all,national,national,National,annual_all_days_primary,All calendar-year days; non-heatwave days contribute zero,"1,2,3,4,5,6,7,8,9,10,11,12",2025-2050,28470.0,6878.0,0.4884092052126631,0.017090842046820112,1.0846733216466886,0.49888200906714975,0.017245819696311976,1.1308979633936684,0.49888200906714975,-0.13313394525937058,1.1308979633936684,0.0,-122.42865312515914,37.75892014266124
ssp370,San_Francisco,cehwi_night_all,cehwi,night,all,national,national,National,annual_all_days_primary,All calendar-year days; non-heatwave days contribute zero,"1,2,3,4,5,6,7,8,9,10,11,12",2025-2050,28470.0,0.0,0.0,0.0,0.0,0.0,0.0,0.0,0.0,0.0,0.0,0.0,-122.42865312515914,37.75892014266124
ssp370,San_Francisco,exceeded_quantity_composite_all,exceeded_quantity,composite,all,national,national,National,annual_all_days_primary,All calendar-year days; non-heatwave days contribute zero,"1,2,3,4,5,6,7,8,9,10,11,12",2025-2050,28470.0,0.0,0.0,0.0,0.0,0.0,0.0,0.0,0.0,0.0,0.0,0.0,-122.42865312515914,37.75892014266124
ssp370,San_Francisco,exceeded_quantity_day_all,exceeded_quantity,day,all,national,national,National,annual_all_days_primary,All calendar-year days; non-heatwave days contribute zero,"1,2,3,4,5,6,7,8,9,10,11,12",2025-2050,28470.0,6878.0,0.6471320910388142,0.05935947798395315,1.3288654918056866,0.6649806263460819,0.06056279205329558,1.393392133820635,0.6649806263460819,-0.06343088112847038,1.393392133820635,0.0,-122.42865312515914,37.75892014266124
ssp370,San_Francisco,exceeded_quantity_night_all,exceeded_quantity,night,all,national,national,National,annual_all_days_primary,All calendar-year days; non-heatwave days contribute zero,"1,2,3,4,5,6,7,8,9,10,11,12",2025-2050,28470.0,0.0,0.0,0.0,0.0,0.0,0.0,0.0,0.0,0.0,0.0,0.0,-122.42865312515914,37.75892014266124
ssp370,San_Jose,cehwi_composite_all,cehwi,composite,all,national,national,National,annual_all_days_primary,All calendar-year days; non-heatwave days contribute zero,"1,2,3,4,5,6,7,8,9,10,11,12",2025-2050,180310.0,1895.0,0.04675400427113909,0.0015948376329699631,0.08953098008728855,0.04809758383633607,0.0015965513815587146,0.09461720641468452,0.04809758383633607,0.0015779612579876273,0.09461720641468452,0.0,-121.84415719358398,37.299085696614654
ssp370,San_Jose,cehwi_day_all,cehwi,day,all,national,national,National,annual_all_days_primary,All calendar-year days; non-heatwave days contribute zero,"1,2,3,4,5,6,7,8,9,10,11,12",2025-2050,180310.0,39324.0,0.33183097093701,0.00489383006351706,0.7705828106987073,0.3372656873969893,0.0049287781367658556,0.797209149628788,0.3372656873969893,-0.12267777483481104,0.797209149628788,0.0,-121.84415719358398,37.299085696614654
ssp370,San_Jose,cehwi_night_all,cehwi,night,all,national,national,National,annual_all_days_primary,All calendar-year days; non-heatwave days contribute zero,"1,2,3,4,5,6,7,8,9,10,11,12",2025-2050,180310.0,522.0,0.0,0.0,0.001111779529419934,0.0,0.0,0.0011159868041613285,-0.0009329684988477339,-0.0029819238018568206,0.0011159868041613285,0.0,-121.84415719358398,37.299085696614654
ssp370,San_Jose,exceeded_quantity_composite_all,exceeded_quantity,composite,all,national,national,National,annual_all_days_primary,All calendar-year days; non-heatwave days contribute zero,"1,2,3,4,5,6,7,8,9,10,11,12",2025-2050,180310.0,1895.0,0.06746332534156926,3.432324735526466e-05,0.145511172494036,0.06989557020876232,3.446217152424741e-05,0.15745864342693655,0.06989557020876232,-0.017667503009411906,0.15745864342693655,0.0,-121.84415719358398,37.299085696614654
ssp370,San_Jose,exceeded_quantity_day_all,exceeded_quantity,day,all,national,national,National,annual_all_days_primary,All calendar-year days; non-heatwave days contribute zero,"1,2,3,4,5,6,7,8,9,10,11,12",2025-2050,180310.0,39324.0,0.48968926113167194,0.03657188633111687,1.0330820182460276,0.501376615866624,0.03729445893015941,1.0768240718280349,0.501376615866624,-0.07407084009478618,1.0768240718280349,0.0,-121.84415719358398,37.299085696614654
ssp370,San_Jose,exceeded_quantity_night_all,exceeded_quantity,night,all,national,national,National,annual_all_days_primary,All calendar-year days; non-heatwave days contribute zero,"1,2,3,4,5,6,7,8,9,10,11,12",2025-2050,180310.0,522.0,0.000878278459449341,0.0,0.005464980425931912,0.0008824140280812054,0.0,0.005556843671222899,0.0008824140280812054,-0.0037920156150604923,0.005556843671222899,0.0,-121.84415719358398,37.299085696614654
ssp370,Santa_Ana,cehwi_composite_all,cehwi,composite,all,national,national,National,annual_all_days_primary,All calendar-year days; non-heatwave days contribute zero,"1,2,3,4,5,6,7,8,9,10,11,12",2025-2050,37960.0,187.0,0.016495323526120122,0.0005043575599513466,0.031858884049231935,0.01683999680949995,0.0005046959010586626,0.03317529771794125,0.01683999680949995,0.0005046959010586626,0.03317529771794125,0.0,-117.90338988140702,33.723066921844264
ssp370,Santa_Ana,cehwi_day_all,cehwi,day,all,national,national,National,annual_all_days_primary,All calendar-year days; non-heatwave days contribute zero,"1,2,3,4,5,6,7,8,9,10,11,12",2025-2050,37960.0,9202.0,0.3799499897313984,0.005539546036363329,0.8745388253904391,0.3865283075138376,0.005574968100716864,0.9064237163367069,0.3865283075138376,-0.1333671013090339,0.9064237163367069,0.0,-117.90338988140702,33.723066921844264
ssp370,Santa_Ana,cehwi_night_all,cehwi,night,all,national,national,National,annual_all_days_primary,All calendar-year days; non-heatwave days contribute zero,"1,2,3,4,5,6,7,8,9,10,11,12",2025-2050,37960.0,0.0,0.0,0.0,0.0,0.0,0.0,0.0,0.0,0.0,0.0,0.0,-117.90338988140702,33.723066921844264
ssp370,Santa_Ana,exceeded_quantity_composite_all,exceeded_quantity,composite,all,national,national,National,annual_all_days_primary,All calendar-year days; non-heatwave days contribute zero,"1,2,3,4,5,6,7,8,9,10,11,12",2025-2050,37960.0,187.0,0.026813244957237182,0.0,0.05921111037761838,0.02759285362913597,0.0,0.06317440571074688,0.02759285362913597,-0.007988698452474909,0.06317440571074688,0.0,-117.90338988140702,33.723066921844264
ssp370,Santa_Ana,exceeded_quantity_day_all,exceeded_quantity,day,all,national,national,National,annual_all_days_primary,All calendar-year days; non-heatwave days contribute zero,"1,2,3,4,5,6,7,8,9,10,11,12",2025-2050,37960.0,9202.0,0.5143542853054497,0.036242502087884,1.0857572210867912,0.5261515789401597,0.03678747014362502,1.130767236155542,0.5261515789401597,-0.07846407827522187,1.130767236155542,0.0,-117.90338988140702,33.723066921844264
ssp370,Santa_Ana,exceeded_quantity_night_all,exceeded_quantity,night,all,national,national,National,annual_all_days_primary,All calendar-year days; non-heatwave days contribute zero,"1,2,3,4,5,6,7,8,9,10,11,12",2025-2050,37960.0,0.0,0.0,0.0,0.0,0.0,0.0,0.0,0.0,0.0,0.0,0.0,-117.90338988140702,33.723066921844264
ssp370,Scottsdale,cehwi_composite_all,cehwi,composite,all,national,national,National,annual_all_days_primary,All calendar-year days; non-heatwave days contribute zero,"1,2,3,4,5,6,7,8,9,10,11,12",2025-2050,37960.0,3912.0,0.2559556186261337,0.008119928488430246,0.4937682036430826,0.2615286891015587,0.008126567240808994,0.5149308109623089,0.2615286891015587,0.008126567240808994,0.5149308109623089,0.0,-111.85259478908768,33.55745813694949
ssp370,Scottsdale,cehwi_day_all,cehwi,day,all,national,national,National,annual_all_days_primary,All calendar-year days; non-heatwave days contribute zero,"1,2,3,4,5,6,7,8,9,10,11,12",2025-2050,37960.0,6904.0,0.23638208566074626,0.002924394226936434,0.5523989668613933,0.24003942600020328,0.002942236118593806,0.570509987894313,0.24003942600020328,-0.09043113589390853,0.570509987894313,0.0,-111.85259478908768,33.55745813694949
ssp370,Scottsdale,cehwi_night_all,cehwi,night,all,national,national,National,annual_all_days_primary,All calendar-year days; non-heatwave days contribute zero,"1,2,3,4,5,6,7,8,9,10,11,12",2025-2050,37960.0,4645.0,0.0,0.0,0.09337974895544296,0.0,0.0,0.09414051460283614,-0.07235416157820782,-0.23884883775925264,0.09414051460283614,0.0,-111.85259478908768,33.55745813694949
ssp370,Scottsdale,exceeded_quantity_composite_all,exceeded_quantity,composite,all,national,national,National,annual_all_days_primary,All calendar-year days; non-heatwave days contribute zero,"1,2,3,4,5,6,7,8,9,10,11,12",2025-2050,37960.0,3912.0,0.27325135912285553,0.0,0.6334127899177144,0.2782782793296839,0.0,0.6603552093668492,0.2782782793296839,-0.103798650707481,0.6603552093668492,0.0,-111.85259478908768,33.55745813694949
ssp370,Scottsdale,exceeded_quantity_day_all,exceeded_quantity,day,all,national,national,National,annual_all_days_primary,All calendar-year days; non-heatwave days contribute zero,"1,2,3,4,5,6,7,8,9,10,11,12",2025-2050,37960.0,6904.0,0.27533209384728435,0.0036942311382221374,0.6292914817169918,0.27914107209103467,0.0037404943769597165,0.647487198592272,0.27914107209103467,-0.08920505441020203,0.647487198592272,0.0,-111.85259478908768,33.55745813694949
ssp370,Scottsdale,exceeded_quantity_night_all,exceeded_quantity,night,all,national,national,National,annual_all_days_primary,All calendar-year days; non-heatwave days contribute zero,"1,2,3,4,5,6,7,8,9,10,11,12",2025-2050,37960.0,4645.0,0.05150207198993043,0.0,0.30518105524374417,0.051755649938001254,0.0,0.3111320007630787,0.051755649938001254,-0.20762070088707643,0.3111320007630787,0.0,-111.85259478908768,33.55745813694949
ssp370,Seattle,cehwi_composite_all,cehwi,composite,all,national,national,National,annual_all_days_primary,All calendar-year days; non-heatwave days contribute zero,"1,2,3,4,5,6,7,8,9,10,11,12",2025-2050,113880.0,0.0,0.0,0.0,0.0,0.0,0.0,0.0,0.0,0.0,0.0,0.0,-122.34363400005496,47.628300390101685
ssp370,Seattle,cehwi_day_all,cehwi,day,all,national,national,National,annual_all_days_primary,All calendar-year days; non-heatwave days contribute zero,"1,2,3,4,5,6,7,8,9,10,11,12",2025-2050,113880.0,23482.0,0.4795210201843758,0.023594558916321885,1.0369934387451416,0.4912472519504835,0.023804730874182074,1.0862876032141906,0.4912472519504835,-0.10379309931322446,1.0862876032141906,0.0,-122.34363400005496,47.628300390101685
ssp370,Seattle,cehwi_night_all,cehwi,night,all,national,national,National,annual_all_days_primary,All calendar-year days; non-heatwave days contribute zero,"1,2,3,4,5,6,7,8,9,10,11,12",2025-2050,113880.0,0.0,0.0,0.0,0.0,0.0,0.0,0.0,0.0,0.0,0.0,0.0,-122.34363400005496,47.628300390101685
ssp370,Seattle,exceeded_quantity_composite_all,exceeded_quantity,composite,all,national,national,National,annual_all_days_primary,All calendar-year days; non-heatwave days contribute zero,"1,2,3,4,5,6,7,8,9,10,11,12",2025-2050,113880.0,0.0,0.0,0.0,0.0,0.0,0.0,0.0,0.0,0.0,0.0,0.0,-122.34363400005496,47.628300390101685
ssp370,Seattle,exceeded_quantity_day_all,exceeded_quantity,day,all,national,national,National,annual_all_days_primary,All calendar-year days; non-heatwave days contribute zero,"1,2,3,4,5,6,7,8,9,10,11,12",2025-2050,113880.0,23482.0,0.6313478102348454,0.0837835998311701,1.2504699621218622,0.6523231442835954,0.08576283745966023,1.3204411151148414,0.6523231442835954,-0.015794826547650118,1.3204411151148414,0.0,-122.34363400005496,47.628300390101685
ssp370,Seattle,exceeded_quantity_night_all,exceeded_quantity,night,all,national,national,National,annual_all_days_primary,All calendar-year days; non-heatwave days contribute zero,"1,2,3,4,5,6,7,8,9,10,11,12",2025-2050,113880.0,0.0,0.0,0.0,0.0,0.0,0.0,0.0,0.0,0.0,0.0,0.0,-122.34363400005496,47.628300390101685
ssp370,St_Louis,cehwi_composite_all,cehwi,composite,all,national,national,National,annual_all_days_primary,All calendar-year days; non-heatwave days contribute zero,"1,2,3,4,5,6,7,8,9,10,11,12",2025-2050,66430.0,10431.0,0.5627119207584702,0.018677176140156133,1.0785272103317074,0.5792040877941056,0.0186980575686294,1.141106468045223,0.5792040877941056,0.017301707542988876,1.141106468045223,0.0,-90.22886259278208,38.6350520886664
ssp370,St_Louis,cehwi_day_all,cehwi,day,all,national,national,National,annual_all_days_primary,All calendar-year days; non-heatwave days contribute zero,"1,2,3,4,5,6,7,8,9,10,11,12",2025-2050,66430.0,8826.0,0.10213327403114873,0.0,0.2539491082515949,0.10294376874474236,0.0,0.2588447265846789,0.10294376874474236,-0.052957189095196255,0.2588447265846789,0.0,-90.22886259278208,38.6350520886664
ssp370,St_Louis,cehwi_night_all,cehwi,night,all,national,national,National,annual_all_days_primary,All calendar-year days; non-heatwave days contribute zero,"1,2,3,4,5,6,7,8,9,10,11,12",2025-2050,66430.0,6821.0,0.0,0.0,0.03721455082343033,0.0,0.0,0.037373794859397916,-0.03071866611064098,-0.09881112708068089,0.037373794859397916,0.0,-90.22886259278208,38.6350520886664
ssp370,St_Louis,exceeded_quantity_composite_all,exceeded_quantity,composite,all,national,national,National,annual_all_days_primary,All calendar-year days; non-heatwave days contribute zero,"1,2,3,4,5,6,7,8,9,10,11,12",2025-2050,66430.0,10431.0,0.5125200309685136,0.0,1.1688710436502305,0.52406136738234,0.0,1.2290202907750305,0.52406136738234,-0.1808975560103496,1.2290202907750305,0.0,-90.22886259278208,38.6350520886664
ssp370,St_Louis,exceeded_quantity_day_all,exceeded_quantity,day,all,national,national,National,annual_all_days_primary,All calendar-year days; non-heatwave days contribute zero,"1,2,3,4,5,6,7,8,9,10,11,12",2025-2050,66430.0,8826.0,0.18775959013100954,0.0015865365980719532,0.433350034446611,0.19013234962682954,0.0015987039745821393,0.44506994261779526,0.19013234962682954,-0.06480524336413582,0.44506994261779526,0.0,-90.22886259278208,38.6350520886664
ssp370,St_Louis,exceeded_quantity_night_all,exceeded_quantity,night,all,national,national,National,annual_all_days_primary,All calendar-year days; non-heatwave days contribute zero,"1,2,3,4,5,6,7,8,9,10,11,12",2025-2050,66430.0,6821.0,0.02297740274522419,0.0,0.1668941326322075,0.023025118122008883,0.0,0.16898946830654796,0.023025118122008883,-0.12293923206253031,0.16898946830654796,0.0,-90.22886259278208,38.6350520886664
ssp370,St_Petersburg,cehwi_composite_all,cehwi,composite,all,national,national,National,annual_all_days_primary,All calendar-year days; non-heatwave days contribute zero,"1,2,3,4,5,6,7,8,9,10,11,12",2025-2050,18980.0,2420.0,0.1948586179683259,0.005905570013583044,0.37767813536649275,0.19825226503581267,0.005909411758373975,0.390595118313252,0.19825226503581267,0.005909411758373975,0.390595118313252,0.0,-82.66697286181882,27.773320918006952
ssp370,St_Petersburg,cehwi_day_all,cehwi,day,all,national,national,National,annual_all_days_primary,All calendar-year days; non-heatwave days contribute zero,"1,2,3,4,5,6,7,8,9,10,11,12",2025-2050,18980.0,4184.0,0.18090079958132985,8.30032899219705e-06,0.44353346685926653,0.182675637866926,8.30687404644784e-06,0.4537258792062177,0.182675637866926,-0.08837460347236867,0.4537258792062177,0.0,-82.66697286181882,27.773320918006952
ssp370,St_Petersburg,cehwi_night_all,cehwi,night,all,national,national,National,annual_all_days_primary,All calendar-year days; non-heatwave days contribute zero,"1,2,3,4,5,6,7,8,9,10,11,12",2025-2050,18980.0,3723.0,0.0,0.0,0.09147830094508319,0.0,0.0,0.09193962421934006,-0.07532470268141588,-0.24258902958217354,0.09193962421934006,0.0,-82.66697286181882,27.773320918006952
ssp370,St_Petersburg,exceeded_quantity_composite_all,exceeded_quantity,composite,all,national,national,National,annual_all_days_primary,All calendar-year days; non-heatwave days contribute zero,"1,2,3,4,5,6,7,8,9,10,11,12",2025-2050,18980.0,2420.0,0.17897683438788142,0.0,0.429204976330939,0.180704641237956,0.0,0.43916825193187214,0.180704641237956,-0.07775896945595977,0.43916825193187214,0.0,-82.66697286181882,27.773320918006952
ssp370,St_Petersburg,exceeded_quantity_day_all,exceeded_quantity,day,all,national,national,National,annual_all_days_primary,All calendar-year days; non-heatwave days contribute zero,"1,2,3,4,5,6,7,8,9,10,11,12",2025-2050,18980.0,4184.0,0.18732868955741627,0.0,0.45366400556496844,0.18865847339894087,0.0,0.46130189437997615,0.18865847339894087,-0.08398494758209366,0.46130189437997615,0.0,-82.66697286181882,27.773320918006952
ssp370,St_Petersburg,exceeded_quantity_night_all,exceeded_quantity,night,all,national,national,National,annual_all_days_primary,All calendar-year days; non-heatwave days contribute zero,"1,2,3,4,5,6,7,8,9,10,11,12",2025-2050,18980.0,3723.0,0.042075344831215236,0.0,0.30102323083485844,0.042172263560016306,0.0,0.304872747723795,0.042172263560016306,-0.22052822060376268,0.304872747723795,0.0,-82.66697286181882,27.773320918006952
ssp370,Tallahassee,cehwi_composite_all,cehwi,composite,all,national,national,National,annual_all_days_primary,All calendar-year days; non-heatwave days contribute zero,"1,2,3,4,5,6,7,8,9,10,11,12",2025-2050,94900.0,12991.0,0.29585622478298523,0.009238465596721618,0.5715608580336159,0.3019112460078504,0.00924547864643028,0.5945770133692712,0.3019112460078504,0.00924547864643028,0.5945770133692712,0.0,-84.24351618544856,30.45115186849857
ssp370,Tallahassee,cehwi_day_all,cehwi,day,all,national,national,National,annual_all_days_primary,All calendar-year days; non-heatwave days contribute zero,"1,2,3,4,5,6,7,8,9,10,11,12",2025-2050,94900.0,13495.0,0.10870875920713853,0.0007606344016720867,0.2622446810525133,0.10993762011967129,0.0007647027438211296,0.26865797268609365,0.10993762011967129,-0.04878273244675321,0.26865797268609365,0.0,-84.24351618544856,30.45115186849857
ssp370,Tallahassee,cehwi_night_all,cehwi,night,all,national,national,National,annual_all_days_primary,All calendar-year days; non-heatwave days contribute zero,"1,2,3,4,5,6,7,8,9,10,11,12",2025-2050,94900.0,18708.0,0.0,0.0,0.07283235382593971,0.0,0.0,0.07312412225517873,-0.060686786681682814,-0.19449769561854624,0.07312412225517873,0.0,-84.24351618544856,30.45115186849857
ssp370,Tallahassee,exceeded_quantity_composite_all,exceeded_quantity,composite,all,national,national,National,annual_all_days_primary,All calendar-year days; non-heatwave days contribute zero,"1,2,3,4,5,6,7,8,9,10,11,12",2025-2050,94900.0,12991.0,0.2730456577463167,0.0,0.6462557976269151,0.2767094670677968,0.0,0.6668846039876308,0.2767094670677968,-0.11346566985203667,0.6668846039876308,0.0,-84.24351618544856,30.45115186849857
ssp370,Tallahassee,exceeded_quantity_day_all,exceeded_quantity,day,all,national,national,National,annual_all_days_primary,All calendar-year days; non-heatwave days contribute zero,"1,2,3,4,5,6,7,8,9,10,11,12",2025-2050,94900.0,13495.0,0.1509196118335019,0.000536769064300406,0.35464249919451557,0.15250716044890492,0.0005398403850537884,0.3628495819496628,0.15250716044890492,-0.05783526105185258,0.3628495819496628,0.0,-84.24351618544856,30.45115186849857
ssp370,Tallahassee,exceeded_quantity_night_all,exceeded_quantity,night,all,national,national,National,annual_all_days_primary,All calendar-year days; non-heatwave days contribute zero,"1,2,3,4,5,6,7,8,9,10,11,12",2025-2050,94900.0,18708.0,0.03326464771183978,0.0,0.2551607116693879,0.033314197644283,0.0,0.2577263151362562,0.033314197644283,-0.19109791984769037,0.2577263151362562,0.0,-84.24351618544856,30.45115186849857
ssp370,Tampa,cehwi_composite_all,cehwi,composite,all,national,national,National,annual_all_days_primary,All calendar-year days; non-heatwave days contribute zero,"1,2,3,4,5,6,7,8,9,10,11,12",2025-2050,94900.0,10286.0,0.17125978576879286,0.0051622848001753804,0.33206227966264296,0.17418868212944308,0.005165581479097694,0.3432117827797889,0.17418868212944308,0.005165581479097694,0.3432117827797889,0.0,-82.45794180532177,27.97564180976341
ssp370,Tampa,cehwi_day_all,cehwi,day,all,national,national,National,annual_all_days_primary,All calendar-year days; non-heatwave days contribute zero,"1,2,3,4,5,6,7,8,9,10,11,12",2025-2050,94900.0,21074.0,0.2505328392207242,0.0006544985000774986,0.599131524635669,0.253782439881813,0.0006575057731408176,0.6165277913147957,0.253782439881813,-0.10896291155117228,0.6165277913147957,0.0,-82.45794180532177,27.97564180976341
ssp370,Tampa,cehwi_night_all,cehwi,night,all,national,national,National,annual_all_days_primary,All calendar-year days; non-heatwave days contribute zero,"1,2,3,4,5,6,7,8,9,10,11,12",2025-2050,94900.0,18570.0,0.0,0.0,0.0929989872290994,0.0,0.0,0.0934754298285488,-0.07655487196542528,-0.24658517375940092,0.0934754298285488,0.0,-82.45794180532177,27.97564180976341
ssp370,Tampa,exceeded_quantity_composite_all,exceeded_quantity,composite,all,national,national,National,annual_all_days_primary,All calendar-year days; non-heatwave days contribute zero,"1,2,3,4,5,6,7,8,9,10,11,12",2025-2050,94900.0,10286.0,0.17534287709529914,0.0,0.4188697168494605,0.17724244151226592,0.0,0.4297453832525881,0.17724244151226592,-0.07526050022805586,0.4297453832525881,0.0,-82.45794180532177,27.97564180976341
ssp370,Tampa,exceeded_quantity_day_all,exceeded_quantity,day,all,national,national,National,annual_all_days_primary,All calendar-year days; non-heatwave days contribute zero,"1,2,3,4,5,6,7,8,9,10,11,12",2025-2050,94900.0,21074.0,0.2574204925842603,0.00033500634959976233,0.6112074474608099,0.25987165650821026,0.00033718422275683465,0.624492070521559,0.25987165650821026,-0.10474875750513771,0.624492070521559,0.0,-82.45794180532177,27.97564180976341
ssp370,Tampa,exceeded_quantity_night_all,exceeded_quantity,night,all,national,national,National,annual_all_days_primary,All calendar-year days; non-heatwave days contribute zero,"1,2,3,4,5,6,7,8,9,10,11,12",2025-2050,94900.0,18570.0,0.043720550306681975,0.0,0.3081299834279026,0.04383228705627341,0.0,0.3122043342013313,0.04383228705627341,-0.22453976008878465,0.3122043342013313,0.0,-82.45794180532177,27.97564180976341
ssp370,Tucson,cehwi_composite_all,cehwi,composite,all,national,national,National,annual_all_days_primary,All calendar-year days; non-heatwave days contribute zero,"1,2,3,4,5,6,7,8,9,10,11,12",2025-2050,132860.0,12798.0,0.24166222627454925,0.007761602041731309,0.4656163737837898,0.24721255777149964,0.007768431402997709,0.48665681123906046,0.24721255777149964,0.007768304303939133,0.48665681123906046,0.0,-110.9093637407622,32.199531737475226
ssp370,Tucson,cehwi_day_all,cehwi,day,all,national,national,National,annual_all_days_primary,All calendar-year days; non-heatwave days contribute zero,"1,2,3,4,5,6,7,8,9,10,11,12",2025-2050,132860.0,22363.0,0.25470443655984837,0.005766698450416819,0.576945539145663,0.25948538583720304,0.005803518692880063,0.5988847245050076,0.25948538583720304,-0.07991395283060328,0.5988847245050076,0.0,-110.9093637407622,32.199531737475226
ssp370,Tucson,cehwi_night_all,cehwi,night,all,national,national,National,annual_all_days_primary,All calendar-year days; non-heatwave days contribute zero,"1,2,3,4,5,6,7,8,9,10,11,12",2025-2050,132860.0,18427.0,0.0,0.0,0.10831063001245175,0.0,0.0,0.10917374322003086,-0.08446191048650306,-0.2780975641930378,0.10917374322003086,0.0,-110.9093637407622,32.199531737475226
ssp370,Tucson,exceeded_quantity_composite_all,exceeded_quantity,composite,all,national,national,National,annual_all_days_primary,All calendar-year days; non-heatwave days contribute zero,"1,2,3,4,5,6,7,8,9,10,11,12",2025-2050,132860.0,12798.0,0.2809532078752463,0.0,0.6457783696728773,0.2867438216298694,0.0,0.6762191217327043,0.2867438216298694,-0.10273147847296506,0.6762191217327043,0.0,-110.9093637407622,32.199531737475226
ssp370,Tucson,exceeded_quantity_day_all,exceeded_quantity,day,all,national,national,National,annual_all_days_primary,All calendar-year days; non-heatwave days contribute zero,"1,2,3,4,5,6,7,8,9,10,11,12",2025-2050,132860.0,22363.0,0.28731523418587845,0.008855281414305206,0.6375366843142537,0.29221448431748226,0.008957212956273585,0.6588880605752737,0.29221448431748226,-0.07445909194030871,0.6588880605752737,0.0,-110.9093637407622,32.199531737475226
ssp370,Tucson,exceeded_quantity_night_all,exceeded_quantity,night,all,national,national,National,annual_all_days_primary,All calendar-year days; non-heatwave days contribute zero,"1,2,3,4,5,6,7,8,9,10,11,12",2025-2050,132860.0,18427.0,0.062095191902999475,0.0,0.35843637440296866,0.062455411042982,0.0,0.36567340896331074,0.062455411042982,-0.24076258687734722,0.36567340896331074,0.0,-110.9093637407622,32.199531737475226
ssp370,Virginia_Beach,cehwi_composite_all,cehwi,composite,all,national,national,National,annual_all_days_primary,All calendar-year days; non-heatwave days contribute zero,"1,2,3,4,5,6,7,8,9,10,11,12",2025-2050,18980.0,2479.0,0.3095867179581253,0.009763434935473773,0.5974716573461731,0.31623101041632556,0.00977142460073957,0.6226907587035514,0.31623101041632556,0.00977126212910019,0.6226907587035514,0.0,-76.01494818291374,36.78853645041103
ssp370,Virginia_Beach,cehwi_day_all,cehwi,day,all,national,national,National,annual_all_days_primary,All calendar-year days; non-heatwave days contribute zero,"1,2,3,4,5,6,7,8,9,10,11,12",2025-2050,18980.0,2076.0,0.07277673798953295,0.0,0.1820737839130637,0.07326902205986786,0.0,0.18507989483375847,0.07326902205986786,-0.038541850714024606,0.18507989483375847,0.0,-76.01494818291374,36.78853645041103
ssp370,Virginia_Beach,cehwi_night_all,cehwi,night,all,national,national,National,annual_all_days_primary,All calendar-year days; non-heatwave days contribute zero,"1,2,3,4,5,6,7,8,9,10,11,12",2025-2050,18980.0,2341.0,0.0,0.0,0.04477309749077847,0.0,0.0,0.04492578386695974,-0.03769673333528154,-0.120319250537524,0.04492578386695974,0.0,-76.01494818291374,36.78853645041103
ssp370,Virginia_Beach,exceeded_quantity_composite_all,exceeded_quantity,composite,all,national,national,National,annual_all_days_primary,All calendar-year days; non-heatwave days contribute zero,"1,2,3,4,5,6,7,8,9,10,11,12",2025-2050,18980.0,2479.0,0.3482932471408097,0.0,0.8073972938292887,0.354727311101241,0.0,0.8419739377346228,0.354727311101241,-0.1325193155321403,0.8419739377346228,0.0,-76.01494818291374,36.78853645041103
ssp370,Virginia_Beach,exceeded_quantity_day_all,exceeded_quantity,day,all,national,national,National,annual_all_days_primary,All calendar-year days; non-heatwave days contribute zero,"1,2,3,4,5,6,7,8,9,10,11,12",2025-2050,18980.0,2076.0,0.14738534120913763,0.0005553492649293704,0.34433522038908587,0.1490560899366633,0.0005600946940184506,0.35293366189218883,0.1490560899366633,-0.05482148201886182,0.35293366189218883,0.0,-76.01494818291374,36.78853645041103
ssp370,Virginia_Beach,exceeded_quantity_night_all,exceeded_quantity,night,all,national,national,National,annual_all_days_primary,All calendar-year days; non-heatwave days contribute zero,"1,2,3,4,5,6,7,8,9,10,11,12",2025-2050,18980.0,2341.0,0.027568226921580643,0.0,0.199263106670773,0.027625971222468782,0.0,0.20180656041360717,0.027625971222468782,-0.14655461796866973,0.20180656041360717,0.0,-76.01494818291374,36.78853645041103
ssp370,Visalia,cehwi_composite_all,cehwi,composite,all,national,national,National,annual_all_days_primary,All calendar-year days; non-heatwave days contribute zero,"1,2,3,4,5,6,7,8,9,10,11,12",2025-2050,56940.0,7083.0,0.409490757645039,0.01326488475119133,0.7862161330446936,0.4209162119290026,0.013278806366085402,0.8296375780475925,0.4209162119290026,0.012194845810413054,0.8296375780475925,0.0,-119.32572241459629,36.32192880286373
ssp370,Visalia,cehwi_day_all,cehwi,day,all,national,national,National,annual_all_days_primary,All calendar-year days; non-heatwave days contribute zero,"1,2,3,4,5,6,7,8,9,10,11,12",2025-2050,56940.0,9502.0,0.13951112458766826,0.00011584716032134407,0.34346127559218814,0.14079877394503737,0.00011651704170394502,0.3509106591715866,0.14079877394503737,-0.06931311128151418,0.3509106591715866,0.0,-119.32572241459629,36.32192880286373
ssp370,Visalia,cehwi_night_all,cehwi,night,all,national,national,National,annual_all_days_primary,All calendar-year days; non-heatwave days contribute zero,"1,2,3,4,5,6,7,8,9,10,11,12",2025-2050,56940.0,4142.0,0.0,0.0,0.03689783731289644,0.0,0.0,0.037078333747338134,-0.0306101433280219,-0.0982986204033825,0.037078333747338134,0.0,-119.32572241459629,36.32192880286373
ssp370,Visalia,exceeded_quantity_composite_all,exceeded_quantity,composite,all,national,national,National,annual_all_days_primary,All calendar-year days; non-heatwave days contribute zero,"1,2,3,4,5,6,7,8,9,10,11,12",2025-2050,56940.0,7083.0,0.3997152560608762,0.0,0.9154874386305917,0.40832455682196894,0.0,0.9607819450829256,0.40832455682196894,-0.14413283143898697,0.9607819450829256,0.0,-119.32572241459629,36.32192880286373
ssp370,Visalia,exceeded_quantity_day_all,exceeded_quantity,day,all,national,national,National,annual_all_days_primary,All calendar-year days; non-heatwave days contribute zero,"1,2,3,4,5,6,7,8,9,10,11,12",2025-2050,56940.0,9502.0,0.21396302943058,0.000647828100755049,0.5025313325745517,0.21627319320465457,0.0006544812745641175,0.5146449001220127,0.21627319320465457,-0.0820985137127029,0.5146449001220127,0.0,-119.32572241459629,36.32192880286373
ssp370,Visalia,exceeded_quantity_night_all,exceeded_quantity,night,all,national,national,National,annual_all_days_primary,All calendar-year days; non-heatwave days contribute zero,"1,2,3,4,5,6,7,8,9,10,11,12",2025-2050,56940.0,4142.0,0.023537784393290916,0.0,0.15162216294884456,0.023625772106487586,0.0,0.15414687857787196,0.023625772106487586,-0.10689533436489695,0.15414687857787196,0.0,-119.32572241459629,36.32192880286373
ssp370,Washington,cehwi_composite_all,cehwi,composite,all,national,national,National,annual_all_days_primary,All calendar-year days; non-heatwave days contribute zero,"1,2,3,4,5,6,7,8,9,10,11,12",2025-2050,66430.0,6763.0,0.3001830776200102,0.009500879739749423,0.5784679599158438,0.3071241365438805,0.009508906409356081,0.6048500289104083,0.3071241365438805,0.009398244177353212,0.6048500289104083,0.0,-77.01079484073769,38.89522924007893
ssp370,Washington,cehwi_day_all,cehwi,day,all,national,national,National,annual_all_days_primary,All calendar-year days; non-heatwave days contribute zero,"1,2,3,4,5,6,7,8,9,10,11,12",2025-2050,66430.0,8876.0,0.13626368252843638,0.00024514541066523933,0.33150212762723114,0.13774455553700413,0.00024665456866749034,0.33977552685443496,0.13774455553700413,-0.06428641578042853,0.33977552685443496,0.0,-77.01079484073769,38.89522924007893
ssp370,Washington,cehwi_night_all,cehwi,night,all,national,national,National,annual_all_days_primary,All calendar-year days; non-heatwave days contribute zero,"1,2,3,4,5,6,7,8,9,10,11,12",2025-2050,66430.0,4403.0,0.0,0.0,0.02574827344534035,0.0,0.0,0.025840207518930024,-0.02164456175604786,-0.06912933103102636,0.025840207518930024,0.0,-77.01079484073769,38.89522924007893
ssp370,Washington,exceeded_quantity_composite_all,exceeded_quantity,composite,all,national,national,National,annual_all_days_primary,All calendar-year days; non-heatwave days contribute zero,"1,2,3,4,5,6,7,8,9,10,11,12",2025-2050,66430.0,6763.0,0.3568864289153058,0.0,0.8146094702862785,0.36482421265481607,0.0,0.8563214280125523,0.36482421265481607,-0.1266730027029197,0.8563214280125523,0.0,-77.01079484073769,38.89522924007893
ssp370,Washington,exceeded_quantity_day_all,exceeded_quantity,day,all,national,national,National,annual_all_days_primary,All calendar-year days; non-heatwave days contribute zero,"1,2,3,4,5,6,7,8,9,10,11,12",2025-2050,66430.0,8876.0,0.24689190708381856,0.005575461201114222,0.5519701239373164,0.2509067811909088,0.005640403138290763,0.5701495288818677,0.2509067811909088,-0.06833596650004964,0.5701495288818677,0.0,-77.01079484073769,38.89522924007893
ssp370,Washington,exceeded_quantity_night_all,exceeded_quantity,night,all,national,national,National,annual_all_days_primary,All calendar-year days; non-heatwave days contribute zero,"1,2,3,4,5,6,7,8,9,10,11,12",2025-2050,66430.0,4403.0,0.019158429539616936,0.0,0.12965842444418144,0.019217964947442958,0.0,0.13161504693757464,0.019217964947442958,-0.09317911704268884,0.13161504693757464,0.0,-77.01079484073769,38.89522924007893
ssp585,Abilene,cehwi_composite_all,cehwi,composite,all,national,national,National,annual_all_days_primary,All calendar-year days; non-heatwave days contribute zero,"1,2,3,4,5,6,7,8,9,10,11,12",2025-2050,85410.0,17488.0,0.9332990792072026,0.026251662363310075,1.834049470459412,0.9648991369495886,0.026284709637329717,1.9616876839617994,0.9648991369495886,-0.03188941006262175,1.9616876839617994,0.0,-99.72248665892138,32.43090707989828
ssp585,Abilene,cehwi_day_all,cehwi,day,all,national,national,National,annual_all_days_primary,All calendar-year days; non-heatwave days contribute zero,"1,2,3,4,5,6,7,8,9,10,11,12",2025-2050,85410.0,9034.0,0.07485039784099366,0.0,0.18622670079548292,0.07543669522333646,0.0,0.18978144444561845,0.07543669522333646,-0.038908053998947235,0.18978144444561845,0.0,-99.72248665892138,32.43090707989828
ssp585,Abilene,cehwi_night_all,cehwi,night,all,national,national,National,annual_all_days_primary,All calendar-year days; non-heatwave days contribute zero,"1,2,3,4,5,6,7,8,9,10,11,12",2025-2050,85410.0,10674.0,0.0,0.0,0.04072671525714567,0.0,0.0,0.04086481190099021,-0.03421388402898692,-0.10929257995896532,0.04086481190099021,0.0,-99.72248665892138,32.43090707989828
ssp585,Abilene,exceeded_quantity_composite_all,exceeded_quantity,composite,all,national,national,National,annual_all_days_primary,All calendar-year days; non-heatwave days contribute zero,"1,2,3,4,5,6,7,8,9,10,11,12",2025-2050,85410.0,17488.0,0.7109468766795726,2.1531398880473127e-05,1.6087552340806412,0.7282114607532134,2.1601245420032196e-05,1.6975482348517041,0.7282114607532134,-0.24112531334527612,1.6975482348517041,0.0,-99.72248665892138,32.43090707989828
ssp585,Abilene,exceeded_quantity_day_all,exceeded_quantity,day,all,national,national,National,annual_all_days_primary,All calendar-year days; non-heatwave days contribute zero,"1,2,3,4,5,6,7,8,9,10,11,12",2025-2050,85410.0,9034.0,0.1339700498690071,0.00010919181729872229,0.3145518086930341,0.13541248918319526,0.00010952584789743525,0.3221814255275829,0.13541248918319526,-0.05135644716119206,0.3221814255275829,0.0,-99.72248665892138,32.43090707989828
ssp585,Abilene,exceeded_quantity_night_all,exceeded_quantity,night,all,national,national,National,annual_all_days_primary,All calendar-year days; non-heatwave days contribute zero,"1,2,3,4,5,6,7,8,9,10,11,12",2025-2050,85410.0,10674.0,0.02589811024526891,0.0,0.18939640488841236,0.02595016381053432,0.0,0.1916910033967243,0.02595016381053432,-0.13979067577565574,0.1916910033967243,0.0,-99.72248665892138,32.43090707989828
ssp585,Amarillo,cehwi_composite_all,cehwi,composite,all,national,national,National,annual_all_days_primary,All calendar-year days; non-heatwave days contribute zero,"1,2,3,4,5,6,7,8,9,10,11,12",2025-2050,94900.0,13206.0,0.5171471501967204,0.016461394887948858,0.9959562553717077,0.532131451979795,0.016479120835784847,1.0534984720757443,0.532131451979795,0.010764431883845984,1.0534984720757443,0.0,-101.84151260135,35.1822476629671
ssp585,Amarillo,cehwi_day_all,cehwi,day,all,national,national,National,annual_all_days_primary,All calendar-year days; non-heatwave days contribute zero,"1,2,3,4,5,6,7,8,9,10,11,12",2025-2050,94900.0,16331.0,0.2135437667123012,0.0031567575988977856,0.49860150181605306,0.21688683512883689,0.0031828177407871206,0.514844388896054,0.21688683512883689,-0.08107071863838217,0.514844388896054,0.0,-101.84151260135,35.1822476629671
ssp585,Amarillo,cehwi_night_all,cehwi,night,all,national,national,National,annual_all_days_primary,All calendar-year days; non-heatwave days contribute zero,"1,2,3,4,5,6,7,8,9,10,11,12",2025-2050,94900.0,6270.0,0.0,0.0,0.022498545320999253,0.0,0.0,0.02257551970890755,-0.018941125502106484,-0.06045777071312109,0.02257551970890755,0.0,-101.84151260135,35.1822476629671
ssp585,Amarillo,exceeded_quantity_composite_all,exceeded_quantity,composite,all,national,national,National,annual_all_days_primary,All calendar-year days; non-heatwave days contribute zero,"1,2,3,4,5,6,7,8,9,10,11,12",2025-2050,94900.0,13206.0,0.48860038751698553,0.0,1.1118758668905508,0.499783429505074,0.0,1.1702051079975713,0.499783429505074,-0.17063824898742272,1.1702051079975713,0.0,-101.84151260135,35.1822476629671
ssp585,Amarillo,exceeded_quantity_day_all,exceeded_quantity,day,all,national,national,National,annual_all_days_primary,All calendar-year days; non-heatwave days contribute zero,"1,2,3,4,5,6,7,8,9,10,11,12",2025-2050,94900.0,16331.0,0.2869095000183675,0.0036101313671720123,0.6479254694446611,0.29118884658950567,0.0036375443047951404,0.6681223651536079,0.29118884658950567,-0.08574467197459604,0.6681223651536079,0.0,-101.84151260135,35.1822476629671
ssp585,Amarillo,exceeded_quantity_night_all,exceeded_quantity,night,all,national,national,National,annual_all_days_primary,All calendar-year days; non-heatwave days contribute zero,"1,2,3,4,5,6,7,8,9,10,11,12",2025-2050,94900.0,6270.0,0.014083947468552507,0.0,0.1031278085220945,0.014111966543696633,0.0,0.10438093939167568,0.014111966543696633,-0.0761570063042825,0.10438093939167568,0.0,-101.84151260135,35.1822476629671
ssp585,Arlington,cehwi_composite_all,cehwi,composite,all,national,national,National,annual_all_days_primary,All calendar-year days; non-heatwave days contribute zero,"1,2,3,4,5,6,7,8,9,10,11,12",2025-2050,85410.0,16139.0,0.9024487758051694,0.02402177841902666,1.7828404349825555,0.9347966841487828,0.024052812044552712,1.9189077732372808,0.9347966841487828,-0.04931440493971445,1.9189077732372808,0.0,-97.1173723349748,32.70008691094104
ssp585,Arlington,cehwi_day_all,cehwi,day,all,national,national,National,annual_all_days_primary,All calendar-year days; non-heatwave days contribute zero,"1,2,3,4,5,6,7,8,9,10,11,12",2025-2050,85410.0,7863.0,0.049358220265929856,0.0,0.12414519886375792,0.04964639037458643,0.0,0.12594381801196441,0.04964639037458643,-0.026651037262793144,0.12594381801196441,0.0,-97.1173723349748,32.70008691094104
ssp585,Arlington,cehwi_night_all,cehwi,night,all,national,national,National,annual_all_days_primary,All calendar-year days; non-heatwave days contribute zero,"1,2,3,4,5,6,7,8,9,10,11,12",2025-2050,85410.0,11188.0,0.0,0.0,0.04556057659940324,0.0,0.0,0.04572838136161003,-0.038153808577321986,-0.12203599851625527,0.04572838136161003,0.0,-97.1173723349748,32.70008691094104
ssp585,Arlington,exceeded_quantity_composite_all,exceeded_quantity,composite,all,national,national,National,annual_all_days_primary,All calendar-year days; non-heatwave days contribute zero,"1,2,3,4,5,6,7,8,9,10,11,12",2025-2050,85410.0,16139.0,0.6750119380987375,0.0,1.5224474679816316,0.6920534802291702,0.0,1.609720772744345,0.6920534802291702,-0.2256138122860037,1.609720772744345,0.0,-97.1173723349748,32.70008691094104
ssp585,Arlington,exceeded_quantity_day_all,exceeded_quantity,day,all,national,national,National,annual_all_days_primary,All calendar-year days; non-heatwave days contribute zero,"1,2,3,4,5,6,7,8,9,10,11,12",2025-2050,85410.0,7863.0,0.09361025288086022,1.012108744210795e-05,0.22364131605722537,0.09443350909541795,1.0128771466715958e-05,0.22819615989557035,0.09443350909541795,-0.0393291417047341,0.22819615989557035,0.0,-97.1173723349748,32.70008691094104
ssp585,Arlington,exceeded_quantity_night_all,exceeded_quantity,night,all,national,national,National,annual_all_days_primary,All calendar-year days; non-heatwave days contribute zero,"1,2,3,4,5,6,7,8,9,10,11,12",2025-2050,85410.0,11188.0,0.02742088002564863,0.0,0.1999968885781232,0.02747638415096799,0.0,0.20244630879424416,0.02747638415096799,-0.14749354049230834,0.20244630879424416,0.0,-97.1173723349748,32.70008691094104
ssp585,Atlanta,cehwi_composite_all,cehwi,composite,all,national,national,National,annual_all_days_primary,All calendar-year days; non-heatwave days contribute zero,"1,2,3,4,5,6,7,8,9,10,11,12",2025-2050,113880.0,12564.0,0.2802067356612632,0.00846744101750421,0.5444965070230009,0.28655109727569145,0.008474473769251707,0.5692255217804713,0.28655109727569145,0.0038766727709120172,0.5692255217804713,0.0,-84.41868766585188,33.78528111731029
ssp585,Atlanta,cehwi_day_all,cehwi,day,all,national,national,National,annual_all_days_primary,All calendar-year days; non-heatwave days contribute zero,"1,2,3,4,5,6,7,8,9,10,11,12",2025-2050,113880.0,21853.0,0.261450966524639,0.005395955526250104,0.6039865565742123,0.26589367740653935,0.005447680482581315,0.6251091160676671,0.26589367740653935,-0.09332176125459059,0.6251091160676671,0.0,-84.41868766585188,33.78528111731029
ssp585,Atlanta,cehwi_night_all,cehwi,night,all,national,national,National,annual_all_days_primary,All calendar-year days; non-heatwave days contribute zero,"1,2,3,4,5,6,7,8,9,10,11,12",2025-2050,113880.0,9818.0,0.0,0.0,0.021818286610361434,0.0,0.0,0.021875797172739898,-0.018449002776363615,-0.058773802725468,0.021875797172739898,0.0,-84.41868766585188,33.78528111731029
ssp585,Atlanta,exceeded_quantity_composite_all,exceeded_quantity,composite,all,national,national,National,annual_all_days_primary,All calendar-year days; non-heatwave days contribute zero,"1,2,3,4,5,6,7,8,9,10,11,12",2025-2050,113880.0,12564.0,0.3039286069458981,0.0,0.7042560743146639,0.30956917102560094,0.0,0.7344814230453435,0.30956917102560094,-0.11534308099414099,0.7344814230453435,0.0,-84.41868766585188,33.78528111731029
ssp585,Atlanta,exceeded_quantity_day_all,exceeded_quantity,day,all,national,national,National,annual_all_days_primary,All calendar-year days; non-heatwave days contribute zero,"1,2,3,4,5,6,7,8,9,10,11,12",2025-2050,113880.0,21853.0,0.2956978055186177,0.0023089345867175837,0.6790410006991073,0.2996048481958697,0.002329399142481525,0.6982897796328386,0.2996048481958697,-0.09908008324109867,0.6982897796328386,0.0,-84.41868766585188,33.78528111731029
ssp585,Atlanta,exceeded_quantity_night_all,exceeded_quantity,night,all,national,national,National,annual_all_days_primary,All calendar-year days; non-heatwave days contribute zero,"1,2,3,4,5,6,7,8,9,10,11,12",2025-2050,113880.0,9818.0,0.012444058914047361,0.0,0.09693676775837526,0.012460606153848697,0.0,0.09780636423509965,0.012460606153848697,-0.07288515192740237,0.09780636423509965,0.0,-84.41868766585188,33.78528111731029
ssp585,Aurora,cehwi_composite_all,cehwi,composite,all,national,national,National,annual_all_days_primary,All calendar-year days; non-heatwave days contribute zero,"1,2,3,4,5,6,7,8,9,10,11,12",2025-2050,132860.0,17.0,0.00041551842518290996,1.2458782180311907e-05,0.0008035433420470968,0.000423742586155715,1.2466321774610418e-05,0.0008350188505368185,0.000423742586155715,1.2466321774610418e-05,0.0008350188505368185,0.0,-104.76873712003088,39.6946779262805
ssp585,Aurora,cehwi_day_all,cehwi,day,all,national,national,National,annual_all_days_primary,All calendar-year days; non-heatwave days contribute zero,"1,2,3,4,5,6,7,8,9,10,11,12",2025-2050,132860.0,30166.0,0.6293139433540483,0.0418410530777876,1.3233341654883648,0.6465735833631705,0.04223866680914767,1.3921506936574026,0.6465735833631705,-0.09900352693106232,1.3921506936574026,0.0,-104.76873712003088,39.6946779262805
ssp585,Aurora,cehwi_night_all,cehwi,night,all,national,national,National,annual_all_days_primary,All calendar-year days; non-heatwave days contribute zero,"1,2,3,4,5,6,7,8,9,10,11,12",2025-2050,132860.0,0.0,0.0,0.0,0.0,0.0,0.0,0.0,0.0,0.0,0.0,0.0,-104.76873712003088,39.6946779262805
ssp585,Aurora,exceeded_quantity_composite_all,exceeded_quantity,composite,all,national,national,National,annual_all_days_primary,All calendar-year days; non-heatwave days contribute zero,"1,2,3,4,5,6,7,8,9,10,11,12",2025-2050,132860.0,17.0,0.0006541778861316995,0.0,0.0014633963564808215,0.0006716008776479674,0.0,0.0015545226212625393,0.0006716008776479674,-0.00021132086596660328,0.0015545226212625393,0.0,-104.76873712003088,39.6946779262805
ssp585,Aurora,exceeded_quantity_day_all,exceeded_quantity,day,all,national,national,National,annual_all_days_primary,All calendar-year days; non-heatwave days contribute zero,"1,2,3,4,5,6,7,8,9,10,11,12",2025-2050,132860.0,30166.0,0.5789958705382803,0.03783653061645542,1.2160505064867686,0.5925149764289528,0.03839584696533858,1.2685614891393728,0.5925149764289528,-0.08353153628146642,1.2685614891393728,0.0,-104.76873712003088,39.6946779262805
ssp585,Aurora,exceeded_quantity_night_all,exceeded_quantity,night,all,national,national,National,annual_all_days_primary,All calendar-year days; non-heatwave days contribute zero,"1,2,3,4,5,6,7,8,9,10,11,12",2025-2050,132860.0,0.0,0.0,0.0,0.0,0.0,0.0,0.0,0.0,0.0,0.0,0.0,-104.76873712003088,39.6946779262805
ssp585,Austin,cehwi_composite_all,cehwi,composite,all,national,national,National,annual_all_days_primary,All calendar-year days; non-heatwave days contribute zero,"1,2,3,4,5,6,7,8,9,10,11,12",2025-2050,227760.0,46375.0,0.8828879256424788,0.027123311345126133,1.7139645488168205,0.9124527761824964,0.027157648664920903,1.8310217468347878,0.9124527761824964,-0.006116194469794261,1.8310217468347878,0.0,-97.74744069397526,30.309038865548093
ssp585,Austin,cehwi_day_all,cehwi,day,all,national,national,National,annual_all_days_primary,All calendar-year days; non-heatwave days contribute zero,"1,2,3,4,5,6,7,8,9,10,11,12",2025-2050,227760.0,25042.0,0.06832007761364778,0.0,0.17101947335284493,0.0687830767230444,0.0,0.1738732277477751,0.0687830767230444,-0.036307074301688155,0.1738732277477751,0.0,-97.74744069397526,30.309038865548093
ssp585,Austin,cehwi_night_all,cehwi,night,all,national,national,National,annual_all_days_primary,All calendar-year days; non-heatwave days contribute zero,"1,2,3,4,5,6,7,8,9,10,11,12",2025-2050,227760.0,43322.0,0.0,0.0,0.09321686960801083,0.0,0.0,0.09367972778799798,-0.07685954568732543,-0.24739881916265036,0.09367972778799798,0.0,-97.74744069397526,30.309038865548093
ssp585,Austin,exceeded_quantity_composite_all,exceeded_quantity,composite,all,national,national,National,annual_all_days_primary,All calendar-year days; non-heatwave days contribute zero,"1,2,3,4,5,6,7,8,9,10,11,12",2025-2050,227760.0,46375.0,0.630968834193095,0.0,1.4452274774000125,0.6444893779598323,0.0,1.5163958321238011,0.6444893779598323,-0.22741707620413562,1.5163958321238011,0.0,-97.74744069397526,30.309038865548093
ssp585,Austin,exceeded_quantity_day_all,exceeded_quantity,day,all,national,national,National,annual_all_days_primary,All calendar-year days; non-heatwave days contribute zero,"1,2,3,4,5,6,7,8,9,10,11,12",2025-2050,227760.0,25042.0,0.11591747299779037,9.636111416331434e-05,0.27627341659390675,0.11696251953270755,9.669988861141404e-05,0.28194114230719686,0.11696251953270755,-0.04801610324178135,0.28194114230719686,0.0,-97.74744069397526,30.309038865548093
ssp585,Austin,exceeded_quantity_night_all,exceeded_quantity,night,all,national,national,National,annual_all_days_primary,All calendar-year days; non-heatwave days contribute zero,"1,2,3,4,5,6,7,8,9,10,11,12",2025-2050,227760.0,43322.0,0.04720540552527248,0.0,0.33169766346939356,0.047324987141297514,0.0,0.33623838258260774,0.047324987141297514,-0.24158840830001296,0.33623838258260774,0.0,-97.74744069397526,30.309038865548093
ssp585,Bakersfield,cehwi_composite_all,cehwi,composite,all,national,national,National,annual_all_days_primary,All calendar-year days; non-heatwave days contribute zero,"1,2,3,4,5,6,7,8,9,10,11,12",2025-2050,132860.0,18951.0,0.45457107081830966,0.014540208858213565,0.8735788243319097,0.4668922102381434,0.014554917923095618,0.9204429485491417,0.4668922102381434,0.013341471927145755,0.9204429485491417,0.0,-119.03270052430015,35.36139476524356
ssp585,Bakersfield,cehwi_day_all,cehwi,day,all,national,national,National,annual_all_days_primary,All calendar-year days; non-heatwave days contribute zero,"1,2,3,4,5,6,7,8,9,10,11,12",2025-2050,132860.0,21525.0,0.11774424581159144,0.0,0.2934825912667253,0.11862664411273367,0.0,0.29884020243925646,0.11862664411273367,-0.06158691421379168,0.29884020243925646,0.0,-119.03270052430015,35.36139476524356
ssp585,Bakersfield,cehwi_night_all,cehwi,night,all,national,national,National,annual_all_days_primary,All calendar-year days; non-heatwave days contribute zero,"1,2,3,4,5,6,7,8,9,10,11,12",2025-2050,132860.0,10838.0,0.0,0.0,0.04597877871994633,0.0,0.0,0.046261822138306985,-0.03712577845527365,-0.12051337904885491,0.046261822138306985,0.0,-119.03270052430015,35.36139476524356
ssp585,Bakersfield,exceeded_quantity_composite_all,exceeded_quantity,composite,all,national,national,National,annual_all_days_primary,All calendar-year days; non-heatwave days contribute zero,"1,2,3,4,5,6,7,8,9,10,11,12",2025-2050,132860.0,18951.0,0.4490606520380825,2.0084864761570073e-06,1.027912731569201,0.45881960228412155,2.009897693196824e-06,1.0790148200500307,0.45881960228412155,-0.16137561548178692,1.0790148200500307,0.0,-119.03270052430015,35.36139476524356
ssp585,Bakersfield,exceeded_quantity_day_all,exceeded_quantity,day,all,national,national,National,annual_all_days_primary,All calendar-year days; non-heatwave days contribute zero,"1,2,3,4,5,6,7,8,9,10,11,12",2025-2050,132860.0,21525.0,0.19812095703718752,0.000835822938243498,0.466599385055757,0.20019625705143115,0.0008453881768494694,0.4774338859365041,0.20019625705143115,-0.07704137183364113,0.4774338859365041,0.0,-119.03270052430015,35.36139476524356
ssp585,Bakersfield,exceeded_quantity_night_all,exceeded_quantity,night,all,national,national,National,annual_all_days_primary,All calendar-year days; non-heatwave days contribute zero,"1,2,3,4,5,6,7,8,9,10,11,12",2025-2050,132860.0,10838.0,0.025368078792099368,0.0,0.16904123132720508,0.025443697657059162,0.0,0.17175165683223453,0.025443697657059162,-0.1208642615181164,0.17175165683223453,0.0,-119.03270052430015,35.36139476524356
ssp585,Baltimore,cehwi_composite_all,cehwi,composite,all,national,national,National,annual_all_days_primary,All calendar-year days; non-heatwave days contribute zero,"1,2,3,4,5,6,7,8,9,10,11,12",2025-2050,75920.0,7652.0,0.3242623133309045,0.01030739595474034,0.6243652729489472,0.33271976859217295,0.01031728628575142,0.656667840493292,0.33271976859217295,0.008771696691054268,0.656667840493292,0.0,-76.61681942327382,39.29956644320838
ssp585,Baltimore,cehwi_day_all,cehwi,day,all,national,national,National,annual_all_days_primary,All calendar-year days; non-heatwave days contribute zero,"1,2,3,4,5,6,7,8,9,10,11,12",2025-2050,75920.0,9621.0,0.10799824978261537,2.5345120644425316e-05,0.26711593821538476,0.10893628264231514,2.5395485493623554e-05,0.27265800616525643,0.10893628264231514,-0.054785440880627985,0.27265800616525643,0.0,-76.61681942327382,39.29956644320838
ssp585,Baltimore,cehwi_night_all,cehwi,night,all,national,national,National,annual_all_days_primary,All calendar-year days; non-heatwave days contribute zero,"1,2,3,4,5,6,7,8,9,10,11,12",2025-2050,75920.0,5436.0,0.0,0.0,0.02785897188918114,0.0,0.0,0.027975485027621996,-0.02322254885342333,-0.07442058273446926,0.027975485027621996,0.0,-76.61681942327382,39.29956644320838
ssp585,Baltimore,exceeded_quantity_composite_all,exceeded_quantity,composite,all,national,national,National,annual_all_days_primary,All calendar-year days; non-heatwave days contribute zero,"1,2,3,4,5,6,7,8,9,10,11,12",2025-2050,75920.0,7652.0,0.34249545074526966,7.77609883993405e-05,0.7796419555503492,0.3503812076085056,7.825974642569691e-05,0.8205045886802474,0.3503812076085056,-0.11974217346323568,0.8205045886802474,0.0,-76.61681942327382,39.29956644320838
ssp585,Baltimore,exceeded_quantity_day_all,exceeded_quantity,day,all,national,national,National,annual_all_days_primary,All calendar-year days; non-heatwave days contribute zero,"1,2,3,4,5,6,7,8,9,10,11,12",2025-2050,75920.0,9621.0,0.20190578928851566,0.002131942999576646,0.46061590477200937,0.20472275633691073,0.0021548446716855153,0.474150565704209,0.20472275633691073,-0.06470505303038698,0.474150565704209,0.0,-76.61681942327382,39.29956644320838
ssp585,Baltimore,exceeded_quantity_night_all,exceeded_quantity,night,all,national,national,National,annual_all_days_primary,All calendar-year days; non-heatwave days contribute zero,"1,2,3,4,5,6,7,8,9,10,11,12",2025-2050,75920.0,5436.0,0.017080924603527038,0.0,0.12089552651796287,0.01712109675236973,0.0,0.12252832803895608,0.01712109675236973,-0.0882861345342167,0.12252832803895608,0.0,-76.61681942327382,39.29956644320838
ssp585,Boston,cehwi_composite_all,cehwi,composite,all,national,national,National,annual_all_days_primary,All calendar-year days; non-heatwave days contribute zero,"1,2,3,4,5,6,7,8,9,10,11,12",2025-2050,56940.0,1051.0,0.05724967985444271,0.0018049409174810062,0.11041640664080311,0.05851306079455008,0.0018063813910924485,0.11521974019800772,0.05851306079455008,0.0018063813910924485,0.11521974019800772,0.0,-71.06747675562549,42.31262407379619
ssp585,Boston,cehwi_day_all,cehwi,day,all,national,national,National,annual_all_days_primary,All calendar-year days; non-heatwave days contribute zero,"1,2,3,4,5,6,7,8,9,10,11,12",2025-2050,56940.0,9613.0,0.2796958014092944,0.002409441244934964,0.6571950042528583,0.2839975286299735,0.002425098786765084,0.6793980811813428,0.2839975286299735,-0.11140302392139678,0.6793980811813428,0.0,-71.06747675562549,42.31262407379619
ssp585,Boston,cehwi_night_all,cehwi,night,all,national,national,National,annual_all_days_primary,All calendar-year days; non-heatwave days contribute zero,"1,2,3,4,5,6,7,8,9,10,11,12",2025-2050,56940.0,203.0,0.0,0.0,0.0009606456289345594,0.0,0.0,0.0009624976440220398,-0.0008167677791844117,-0.0025960332023909167,0.0009624976440220398,0.0,-71.06747675562549,42.31262407379619
ssp585,Boston,exceeded_quantity_composite_all,exceeded_quantity,composite,all,national,national,National,annual_all_days_primary,All calendar-year days; non-heatwave days contribute zero,"1,2,3,4,5,6,7,8,9,10,11,12",2025-2050,56940.0,1051.0,0.07960817874727505,0.0,0.18028810789879593,0.0815423101539673,0.0,0.19045855574748058,0.0815423101539673,-0.027373935439545947,0.19045855574748058,0.0,-71.06747675562549,42.31262407379619
ssp585,Boston,exceeded_quantity_day_all,exceeded_quantity,day,all,national,national,National,annual_all_days_primary,All calendar-year days; non-heatwave days contribute zero,"1,2,3,4,5,6,7,8,9,10,11,12",2025-2050,56940.0,9613.0,0.441791215957225,0.029173702405572054,0.9282268937555207,0.45238184092883055,0.029683918352471316,0.9693341071342236,0.45238184092883055,-0.06457042527656211,0.9693341071342236,0.0,-71.06747675562549,42.31262407379619
ssp585,Boston,exceeded_quantity_night_all,exceeded_quantity,night,all,national,national,National,annual_all_days_primary,All calendar-year days; non-heatwave days contribute zero,"1,2,3,4,5,6,7,8,9,10,11,12",2025-2050,56940.0,203.0,0.0008409615174803792,0.0,0.006212069648379375,0.0008424833859049028,0.0,0.0062903115938516265,0.0008424833859049028,-0.004605344822041828,0.0062903115938516265,0.0,-71.06747675562549,42.31262407379619
ssp585,Cape_Coral,cehwi_composite_all,cehwi,composite,all,national,national,National,annual_all_days_primary,All calendar-year days; non-heatwave days contribute zero,"1,2,3,4,5,6,7,8,9,10,11,12",2025-2050,75920.0,8907.0,0.18494393575800683,0.005456016897347841,0.35901668114627816,0.18791727493166493,0.005459017951807361,0.3703755319115233,0.18791727493166493,0.005459017951807361,0.3703755319115233,0.0,-82.00446533978065,26.634861968585493
ssp585,Cape_Coral,cehwi_day_all,cehwi,day,all,national,national,National,annual_all_days_primary,All calendar-year days; non-heatwave days contribute zero,"1,2,3,4,5,6,7,8,9,10,11,12",2025-2050,75920.0,19393.0,0.3530733638648438,0.005975803907628827,0.8159329562704538,0.3590754613929008,0.006025899755313581,0.8449017315344718,0.3590754613929008,-0.12675080874867278,0.8449017315344718,0.0,-82.00446533978065,26.634861968585493
ssp585,Cape_Coral,cehwi_night_all,cehwi,night,all,national,national,National,annual_all_days_primary,All calendar-year days; non-heatwave days contribute zero,"1,2,3,4,5,6,7,8,9,10,11,12",2025-2050,75920.0,15468.0,0.0,0.0,0.0956046842843386,0.0,0.0,0.09610508127903879,-0.07847214996510195,-0.25304938120924436,0.09610508127903879,0.0,-82.00446533978065,26.634861968585493
ssp585,Cape_Coral,exceeded_quantity_composite_all,exceeded_quantity,composite,all,national,national,National,annual_all_days_primary,All calendar-year days; non-heatwave days contribute zero,"1,2,3,4,5,6,7,8,9,10,11,12",2025-2050,75920.0,8907.0,0.19105028831558774,0.0,0.4551358255633412,0.19326179120283124,0.0,0.46772929396085466,0.19326179120283124,-0.08120571155519189,0.46772929396085466,0.0,-82.00446533978065,26.634861968585493
ssp585,Cape_Coral,exceeded_quantity_day_all,exceeded_quantity,day,all,national,national,National,annual_all_days_primary,All calendar-year days; non-heatwave days contribute zero,"1,2,3,4,5,6,7,8,9,10,11,12",2025-2050,75920.0,19393.0,0.3287030095486013,0.001239462789524114,0.7663057984746329,0.33248708597784316,0.0012479921148032716,0.7856828342466133,0.33248708597784316,-0.12070866229092604,0.7856828342466133,0.0,-82.00446533978065,26.634861968585493
ssp585,Cape_Coral,exceeded_quantity_night_all,exceeded_quantity,night,all,national,national,National,annual_all_days_primary,All calendar-year days; non-heatwave days contribute zero,"1,2,3,4,5,6,7,8,9,10,11,12",2025-2050,75920.0,15468.0,0.04138665950711214,0.0,0.30276753991547883,0.041469436720308034,0.0,0.30643607306159526,0.041469436720308034,-0.22349719962097944,0.30643607306159526,0.0,-82.00446533978065,26.634861968585493
ssp585,Chandler,cehwi_composite_all,cehwi,composite,all,national,national,National,annual_all_days_primary,All calendar-year days; non-heatwave days contribute zero,"1,2,3,4,5,6,7,8,9,10,11,12",2025-2050,75920.0,10286.0,0.441169579043338,0.01406893365528955,0.8483515375384557,0.45332792280000184,0.014083325350238408,0.894760474799264,0.45332792280000184,0.01189537080074026,0.894760474799264,0.0,-111.85099065465177,33.301753251324435
ssp585,Chandler,cehwi_day_all,cehwi,day,all,national,national,National,annual_all_days_primary,All calendar-year days; non-heatwave days contribute zero,"1,2,3,4,5,6,7,8,9,10,11,12",2025-2050,75920.0,13147.0,0.20589999573808593,0.004161205542921701,0.4810504015578444,0.209097828379229,0.004190425025901069,0.49646559815164487,0.209097828379229,-0.07826994139318894,0.49646559815164487,0.0,-111.85099065465177,33.301753251324435
ssp585,Chandler,cehwi_night_all,cehwi,night,all,national,national,National,annual_all_days_primary,All calendar-year days; non-heatwave days contribute zero,"1,2,3,4,5,6,7,8,9,10,11,12",2025-2050,75920.0,10048.0,0.0,0.0,0.09859091954963715,0.0,0.0,0.09935164267796123,-0.07727057062888136,-0.2538927839357248,0.09935164267796123,0.0,-111.85099065465177,33.301753251324435
ssp585,Chandler,exceeded_quantity_composite_all,exceeded_quantity,composite,all,national,national,National,annual_all_days_primary,All calendar-year days; non-heatwave days contribute zero,"1,2,3,4,5,6,7,8,9,10,11,12",2025-2050,75920.0,10286.0,0.4327342661877208,0.0,0.9874133779227594,0.4424149544498182,0.0,1.0378100075450356,0.4424149544498182,-0.15298009864539852,1.0378100075450356,0.0,-111.85099065465177,33.301753251324435
ssp585,Chandler,exceeded_quantity_day_all,exceeded_quantity,day,all,national,national,National,annual_all_days_primary,All calendar-year days; non-heatwave days contribute zero,"1,2,3,4,5,6,7,8,9,10,11,12",2025-2050,75920.0,13147.0,0.28215266398978167,0.009264546812696096,0.630053573665286,0.2868529888134757,0.009404136528300374,0.6505244803421312,0.2868529888134757,-0.07681850271517937,0.6505244803421312,0.0,-111.85099065465177,33.301753251324435
ssp585,Chandler,exceeded_quantity_night_all,exceeded_quantity,night,all,national,national,National,annual_all_days_primary,All calendar-year days; non-heatwave days contribute zero,"1,2,3,4,5,6,7,8,9,10,11,12",2025-2050,75920.0,10048.0,0.05429688514764845,0.0,0.32280976355787083,0.05456203368502678,0.0,0.3290104022125738,0.05456203368502678,-0.21988633484252057,0.3290104022125738,0.0,-111.85099065465177,33.301753251324435
ssp585,Charleston,cehwi_composite_all,cehwi,composite,all,national,national,National,annual_all_days_primary,All calendar-year days; non-heatwave days contribute zero,"1,2,3,4,5,6,7,8,9,10,11,12",2025-2050,66430.0,10078.0,0.40673291132724737,0.012808114755296245,0.7851661479765756,0.41645252331440347,0.012819492056149025,0.8223971518256937,0.41645252331440347,0.010507894803113904,0.8223971518256937,0.0,-79.95773562994015,32.797751375442466
ssp585,Charleston,cehwi_day_all,cehwi,day,all,national,national,National,annual_all_days_primary,All calendar-year days; non-heatwave days contribute zero,"1,2,3,4,5,6,7,8,9,10,11,12",2025-2050,66430.0,8798.0,0.10960612848980304,0.0011787167309468187,0.26088287750858496,0.11100495486687034,0.0011849085871193414,0.2678658285073801,0.11100495486687034,-0.04585591877364153,0.2678658285073801,0.0,-79.95773562994015,32.797751375442466
ssp585,Charleston,cehwi_night_all,cehwi,night,all,national,national,National,annual_all_days_primary,All calendar-year days; non-heatwave days contribute zero,"1,2,3,4,5,6,7,8,9,10,11,12",2025-2050,66430.0,10536.0,0.0,0.0,0.06548480127635549,0.0,0.0,0.06574870464069471,-0.054793723420497764,-0.17533615148169163,0.06574870464069471,0.0,-79.95773562994015,32.797751375442466
ssp585,Charleston,exceeded_quantity_composite_all,exceeded_quantity,composite,all,national,national,National,annual_all_days_primary,All calendar-year days; non-heatwave days contribute zero,"1,2,3,4,5,6,7,8,9,10,11,12",2025-2050,66430.0,10078.0,0.36865885878613247,0.0,0.8597612772283096,0.37492714481197054,0.0,0.8938691792354498,0.37492714481197054,-0.14401488961150793,0.8938691792354498,0.0,-79.95773562994015,32.797751375442466
ssp585,Charleston,exceeded_quantity_day_all,exceeded_quantity,day,all,national,national,National,annual_all_days_primary,All calendar-year days; non-heatwave days contribute zero,"1,2,3,4,5,6,7,8,9,10,11,12",2025-2050,66430.0,8798.0,0.16189353752574362,0.0003975076095413536,0.37863497542062424,0.16369409833145604,0.0003996147769588212,0.3879535768574562,0.16369409833145604,-0.06056538019454374,0.3879535768574562,0.0,-79.95773562994015,32.797751375442466
ssp585,Charleston,exceeded_quantity_night_all,exceeded_quantity,night,all,national,national,National,annual_all_days_primary,All calendar-year days; non-heatwave days contribute zero,"1,2,3,4,5,6,7,8,9,10,11,12",2025-2050,66430.0,10536.0,0.03067908678306193,0.0,0.22878460937564574,0.030733202660606192,0.0,0.23139637148276296,0.030733202660606192,-0.16992996616155076,0.23139637148276296,0.0,-79.95773562994015,32.797751375442466
ssp585,Charlotte,cehwi_composite_all,cehwi,composite,all,national,national,National,annual_all_days_primary,All calendar-year days; non-heatwave days contribute zero,"1,2,3,4,5,6,7,8,9,10,11,12",2025-2050,218270.0,27410.0,0.39398518050578063,0.012375042401289098,0.7590464803416623,0.4044301056504726,0.01238699558013161,0.7990439455827941,0.4044301056504726,0.009816265718151569,0.7990439455827941,0.0,-80.83226153697035,35.2026222257981
ssp585,Charlotte,cehwi_day_all,cehwi,day,all,national,national,National,annual_all_days_primary,All calendar-year days; non-heatwave days contribute zero,"1,2,3,4,5,6,7,8,9,10,11,12",2025-2050,218270.0,30265.0,0.13929527111091816,0.0010085156877473556,0.3323343284563178,0.14108829425657057,0.001013807768833041,0.34158600023238866,0.14108829425657057,-0.059409411719249315,0.34158600023238866,0.0,-80.83226153697035,35.2026222257981
ssp585,Charlotte,cehwi_night_all,cehwi,night,all,national,national,National,annual_all_days_primary,All calendar-year days; non-heatwave days contribute zero,"1,2,3,4,5,6,7,8,9,10,11,12",2025-2050,218270.0,21279.0,0.0,0.0,0.0401079633819808,0.0,0.0,0.04028671814492101,-0.03330159152947011,-0.10688990120386209,0.04028671814492101,0.0,-80.83226153697035,35.2026222257981
ssp585,Charlotte,exceeded_quantity_composite_all,exceeded_quantity,composite,all,national,national,National,annual_all_days_primary,All calendar-year days; non-heatwave days contribute zero,"1,2,3,4,5,6,7,8,9,10,11,12",2025-2050,218270.0,27410.0,0.37865672990574234,0.0,0.8713934147927203,0.3863398453776144,0.0,0.9121756394567916,0.3863398453776144,-0.13949594870156196,0.9121756394567916,0.0,-80.83226153697035,35.2026222257981
ssp585,Charlotte,exceeded_quantity_day_all,exceeded_quantity,day,all,national,national,National,annual_all_days_primary,All calendar-year days; non-heatwave days contribute zero,"1,2,3,4,5,6,7,8,9,10,11,12",2025-2050,218270.0,30265.0,0.20389751278872764,0.0022064178743754076,0.46940414970947675,0.20654359069781422,0.0022263196453608225,0.4823484457299689,0.20654359069781422,-0.06926126433434004,0.4823484457299689,0.0,-80.83226153697035,35.2026222257981
ssp585,Charlotte,exceeded_quantity_night_all,exceeded_quantity,night,all,national,national,National,annual_all_days_primary,All calendar-year days; non-heatwave days contribute zero,"1,2,3,4,5,6,7,8,9,10,11,12",2025-2050,218270.0,21279.0,0.021320344871876052,0.0,0.15287076458696497,0.0213682921582514,0.0,0.15481984104894186,0.0213682921582514,-0.11208325673243918,0.15481984104894186,0.0,-80.83226153697035,35.2026222257981
ssp585,Chicago,cehwi_composite_all,cehwi,composite,all,national,national,National,annual_all_days_primary,All calendar-year days; non-heatwave days contribute zero,"1,2,3,4,5,6,7,8,9,10,11,12",2025-2050,246740.0,25938.0,0.38401113981474333,0.012053543381451539,0.7421222169782726,0.3950188273624829,0.0120662692224811,0.785179858232658,0.3950188273624829,0.004857796492308172,0.785179858232658,0.0,-87.69926598228068,41.84514512774459
ssp585,Chicago,cehwi_day_all,cehwi,day,all,national,national,National,annual_all_days_primary,All calendar-year days; non-heatwave days contribute zero,"1,2,3,4,5,6,7,8,9,10,11,12",2025-2050,246740.0,40861.0,0.2029654180201742,0.0006473332949983863,0.48558924245295143,0.20561204774177452,0.0006503593783614955,0.49983450612803554,0.20561204774177452,-0.08861041064448812,0.49983450612803554,0.0,-87.69926598228068,41.84514512774459
ssp585,Chicago,cehwi_night_all,cehwi,night,all,national,national,National,annual_all_days_primary,All calendar-year days; non-heatwave days contribute zero,"1,2,3,4,5,6,7,8,9,10,11,12",2025-2050,246740.0,10594.0,0.0,0.0,0.013902846357181791,0.0,0.0,0.013950857267093735,-0.011666392193571243,-0.03728364165423663,0.013950857267093735,0.0,-87.69926598228068,41.84514512774459
ssp585,Chicago,exceeded_quantity_composite_all,exceeded_quantity,composite,all,national,national,National,annual_all_days_primary,All calendar-year days; non-heatwave days contribute zero,"1,2,3,4,5,6,7,8,9,10,11,12",2025-2050,246740.0,25938.0,0.4193896683437779,0.0003770429118756982,0.9401512032588859,0.4307392298486273,0.0003795871307320495,0.9973173511312929,0.4307392298486273,-0.13583889143403816,0.9973173511312929,0.0,-87.69926598228068,41.84514512774459
ssp585,Chicago,exceeded_quantity_day_all,exceeded_quantity,day,all,national,national,National,annual_all_days_primary,All calendar-year days; non-heatwave days contribute zero,"1,2,3,4,5,6,7,8,9,10,11,12",2025-2050,246740.0,40861.0,0.3377995951883272,0.01226029110705709,0.7367209241891891,0.3442133664042569,0.012421936001743466,0.7639713462236533,0.3442133664042569,-0.07554461341513899,0.7639713462236533,0.0,-87.69926598228068,41.84514512774459
ssp585,Chicago,exceeded_quantity_night_all,exceeded_quantity,night,all,national,national,National,annual_all_days_primary,All calendar-year days; non-heatwave days contribute zero,"1,2,3,4,5,6,7,8,9,10,11,12",2025-2050,246740.0,10594.0,0.00967075172790509,0.0,0.06830707788701063,0.009694526065855148,0.0,0.06921526750665355,0.009694526065855148,-0.04982621537494327,0.06921526750665355,0.0,-87.69926598228068,41.84514512774459
ssp585,Cincinnati,cehwi_composite_all,cehwi,composite,all,national,national,National,annual_all_days_primary,All calendar-year days; non-heatwave days contribute zero,"1,2,3,4,5,6,7,8,9,10,11,12",2025-2050,113880.0,6330.0,0.15700766628549154,0.004752676719645675,0.3036366260542899,0.16049003466286055,0.0047563672557766135,0.31699780380600884,0.16049003466286055,0.003982265519712498,0.31699780380600884,0.0,-84.50103323356284,39.145311433746485
ssp585,Cincinnati,cehwi_day_all,cehwi,day,all,national,national,National,annual_all_days_primary,All calendar-year days; non-heatwave days contribute zero,"1,2,3,4,5,6,7,8,9,10,11,12",2025-2050,113880.0,26161.0,0.3641374540211285,0.001339026076532812,0.8550462849298813,0.36971678168847955,0.0013440981063706286,0.8841045061287777,0.36971678168847955,-0.14467094275182021,0.8841045061287777,0.0,-84.50103323356284,39.145311433746485
ssp585,Cincinnati,cehwi_night_all,cehwi,night,all,national,national,National,annual_all_days_primary,All calendar-year days; non-heatwave days contribute zero,"1,2,3,4,5,6,7,8,9,10,11,12",2025-2050,113880.0,2248.0,0.0,0.0,0.004478792559415367,0.0,0.0,0.004488480539701676,-0.003801822198809996,-0.01209212493732185,0.004488480539701676,0.0,-84.50103323356284,39.145311433746485
ssp585,Cincinnati,exceeded_quantity_composite_all,exceeded_quantity,composite,all,national,national,National,annual_all_days_primary,All calendar-year days; non-heatwave days contribute zero,"1,2,3,4,5,6,7,8,9,10,11,12",2025-2050,113880.0,6330.0,0.19745488340906756,0.0,0.4510244844934756,0.20186101590293484,0.0,0.47416493615401295,0.20186101590293484,-0.07044290434814299,0.47416493615401295,0.0,-84.50103323356284,39.145311433746485
ssp585,Cincinnati,exceeded_quantity_day_all,exceeded_quantity,day,all,national,national,National,annual_all_days_primary,All calendar-year days; non-heatwave days contribute zero,"1,2,3,4,5,6,7,8,9,10,11,12",2025-2050,113880.0,26161.0,0.4682347512567949,0.01583268701396313,1.0264295917419395,0.47687744618433703,0.016044396395224866,1.063485337994332,0.47687744618433703,-0.10973044562565741,1.063485337994332,0.0,-84.50103323356284,39.145311433746485
ssp585,Cincinnati,exceeded_quantity_night_all,exceeded_quantity,night,all,national,national,National,annual_all_days_primary,All calendar-year days; non-heatwave days contribute zero,"1,2,3,4,5,6,7,8,9,10,11,12",2025-2050,113880.0,2248.0,0.0030758004489723247,0.0,0.023033916751447312,0.0030815065881471156,0.0,0.02327562470635189,0.0030815065881471156,-0.01711261153005767,0.02327562470635189,0.0,-84.50103323356284,39.145311433746485
ssp585,Clearwater,cehwi_composite_all,cehwi,composite,all,national,national,National,annual_all_days_primary,All calendar-year days; non-heatwave days contribute zero,"1,2,3,4,5,6,7,8,9,10,11,12",2025-2050,47450.0,6870.0,0.23995808540311825,0.007109996363438227,0.46564421334728806,0.2438937482573331,0.00711402754357324,0.4806734689710937,0.2438937482573331,0.00711402754357324,0.4806734689710937,0.0,-82.74931842952977,27.968555005462687
ssp585,Clearwater,cehwi_day_all,cehwi,day,all,national,national,National,annual_all_days_primary,All calendar-year days; non-heatwave days contribute zero,"1,2,3,4,5,6,7,8,9,10,11,12",2025-2050,47450.0,12027.0,0.24873312198361022,0.003420941165548841,0.5837750549982302,0.2524025813778699,0.003444695669100802,0.601777519109002,0.2524025813778699,-0.09697235635326576,0.601777519109002,0.0,-82.74931842952977,27.968555005462687
ssp585,Clearwater,cehwi_night_all,cehwi,night,all,national,national,National,annual_all_days_primary,All calendar-year days; non-heatwave days contribute zero,"1,2,3,4,5,6,7,8,9,10,11,12",2025-2050,47450.0,8809.0,0.0,0.0,0.09897584000572596,0.0,0.0,0.09955946002856855,-0.08053888474976134,-0.2606372295280926,0.09955946002856855,0.0,-82.74931842952977,27.968555005462687
ssp585,Clearwater,exceeded_quantity_composite_all,exceeded_quantity,composite,all,national,national,National,annual_all_days_primary,All calendar-year days; non-heatwave days contribute zero,"1,2,3,4,5,6,7,8,9,10,11,12",2025-2050,47450.0,6870.0,0.22820307132694717,0.0,0.5444608843042774,0.23074777446320288,0.0,0.5589906756711944,0.23074777446320288,-0.09749512674478811,0.5589906756711944,0.0,-82.74931842952977,27.968555005462687
ssp585,Clearwater,exceeded_quantity_day_all,exceeded_quantity,day,all,national,national,National,annual_all_days_primary,All calendar-year days; non-heatwave days contribute zero,"1,2,3,4,5,6,7,8,9,10,11,12",2025-2050,47450.0,12027.0,0.20881240181009075,7.921727094741096e-05,0.5046669302498046,0.21032925776917363,7.943940475552033e-05,0.5132128742326839,0.21032925776917363,-0.0925543586943358,0.5132128742326839,0.0,-82.74931842952977,27.968555005462687
ssp585,Clearwater,exceeded_quantity_night_all,exceeded_quantity,night,all,national,national,National,annual_all_days_primary,All calendar-year days; non-heatwave days contribute zero,"1,2,3,4,5,6,7,8,9,10,11,12",2025-2050,47450.0,8809.0,0.04577839055928665,0.0,0.31932685373460307,0.04589601555949992,0.0,0.3237991989608246,0.04589601555949992,-0.23200716784182504,0.3237991989608246,0.0,-82.74931842952977,27.968555005462687
ssp585,Cleveland,cehwi_composite_all,cehwi,composite,all,national,national,National,annual_all_days_primary,All calendar-year days; non-heatwave days contribute zero,"1,2,3,4,5,6,7,8,9,10,11,12",2025-2050,104390.0,4308.0,0.12772698072210567,0.00408476002577839,0.24594337467386693,0.13076031082190914,0.004088348170549369,0.25745878647676684,0.13076031082190914,0.004061835167051541,0.25745878647676684,0.0,-81.69720068009887,41.47755055399433
ssp585,Cleveland,cehwi_day_all,cehwi,day,all,national,national,National,annual_all_days_primary,All calendar-year days; non-heatwave days contribute zero,"1,2,3,4,5,6,7,8,9,10,11,12",2025-2050,104390.0,20374.0,0.2915463965248485,0.0009494737316309305,0.6881790728520469,0.29583661071994727,0.0009537654815943861,0.7107491988493115,0.29583661071994727,-0.11907597740941857,0.7107491988493115,0.0,-81.69720068009887,41.47755055399433
ssp585,Cleveland,cehwi_night_all,cehwi,night,all,national,national,National,annual_all_days_primary,All calendar-year days; non-heatwave days contribute zero,"1,2,3,4,5,6,7,8,9,10,11,12",2025-2050,104390.0,985.0,0.0,0.0,0.0018578407408256692,0.0,0.0,0.0018613245799856794,-0.0015785631501198773,-0.005018450880225524,0.0018613245799856794,0.0,-81.69720068009887,41.47755055399433
ssp585,Cleveland,exceeded_quantity_composite_all,exceeded_quantity,composite,all,national,national,National,annual_all_days_primary,All calendar-year days; non-heatwave days contribute zero,"1,2,3,4,5,6,7,8,9,10,11,12",2025-2050,104390.0,4308.0,0.15029336401913693,5.6355053295214486e-05,0.3431119685187602,0.15367392138711217,5.6825839535014464e-05,0.3608738710171351,0.15367392138711217,-0.05352602824291049,0.3608738710171351,0.0,-81.69720068009887,41.47755055399433
ssp585,Cleveland,exceeded_quantity_day_all,exceeded_quantity,day,all,national,national,National,annual_all_days_primary,All calendar-year days; non-heatwave days contribute zero,"1,2,3,4,5,6,7,8,9,10,11,12",2025-2050,104390.0,20374.0,0.4441376615939151,0.022519143827722524,0.9534048512089429,0.45349568269278273,0.022870253002637973,0.9913581128719838,0.45349568269278273,-0.08436674748641777,0.9913581128719838,0.0,-81.69720068009887,41.47755055399433
ssp585,Cleveland,exceeded_quantity_night_all,exceeded_quantity,night,all,national,national,National,annual_all_days_primary,All calendar-year days; non-heatwave days contribute zero,"1,2,3,4,5,6,7,8,9,10,11,12",2025-2050,104390.0,985.0,0.0014827264437935594,0.0,0.01145197830215888,0.0014848044422820928,0.0,0.011564361265670947,0.0014848044422820928,-0.008594752381106772,0.011564361265670947,0.0,-81.69720068009887,41.47755055399433
ssp585,Columbia,cehwi_composite_all,cehwi,composite,all,national,national,National,annual_all_days_primary,All calendar-year days; non-heatwave days contribute zero,"1,2,3,4,5,6,7,8,9,10,11,12",2025-2050,104390.0,15628.0,0.4674689195088975,0.01492217137262318,0.9015426786902768,0.4796821479022345,0.014936664157677606,0.9483802017195835,0.4796821479022345,0.010984094084886096,0.9483802017195835,0.0,-81.01121446313488,34.0247807561963
ssp585,Columbia,cehwi_day_all,cehwi,day,all,national,national,National,annual_all_days_primary,All calendar-year days; non-heatwave days contribute zero,"1,2,3,4,5,6,7,8,9,10,11,12",2025-2050,104390.0,11817.0,0.10545972617161187,0.0015258549433633602,0.24948101151717436,0.10691347430811932,0.0015366251182434324,0.25659169247942565,0.10691347430811932,-0.04276474386318862,0.25659169247942565,0.0,-81.01121446313488,34.0247807561963
ssp585,Columbia,cehwi_night_all,cehwi,night,all,national,national,National,annual_all_days_primary,All calendar-year days; non-heatwave days contribute zero,"1,2,3,4,5,6,7,8,9,10,11,12",2025-2050,104390.0,16361.0,0.0,0.0,0.0790444888166117,0.0,0.0,0.07946288422355806,-0.0648214916200472,-0.20910586746365367,0.07946288422355806,0.0,-81.01121446313488,34.0247807561963
ssp585,Columbia,exceeded_quantity_composite_all,exceeded_quantity,composite,all,national,national,National,annual_all_days_primary,All calendar-year days; non-heatwave days contribute zero,"1,2,3,4,5,6,7,8,9,10,11,12",2025-2050,104390.0,15628.0,0.4441042125771464,0.0,1.020983082194363,0.45321115817812474,0.0,1.0691996901625067,0.45321115817812474,-0.16277737380625645,1.0691996901625067,0.0,-81.01121446313488,34.0247807561963
ssp585,Columbia,exceeded_quantity_day_all,exceeded_quantity,day,all,national,national,National,annual_all_days_primary,All calendar-year days; non-heatwave days contribute zero,"1,2,3,4,5,6,7,8,9,10,11,12",2025-2050,104390.0,11817.0,0.1553553969599809,0.0019797353958927446,0.3595600079110946,0.15729536481104164,0.002001945875308281,0.36907578101039135,0.15729536481104164,-0.054485051388307726,0.36907578101039135,0.0,-81.01121446313488,34.0247807561963
ssp585,Columbia,exceeded_quantity_night_all,exceeded_quantity,night,all,national,national,National,annual_all_days_primary,All calendar-year days; non-heatwave days contribute zero,"1,2,3,4,5,6,7,8,9,10,11,12",2025-2050,104390.0,16361.0,0.043207385278254996,0.0,0.2890725762975109,0.043346124541445166,0.0,0.2934537000834992,0.043346124541445166,-0.20676145100060914,0.2934537000834992,0.0,-81.01121446313488,34.0247807561963
ssp585,Columbus,cehwi_composite_all,cehwi,composite,all,national,national,National,annual_all_days_primary,All calendar-year days; non-heatwave days contribute zero,"1,2,3,4,5,6,7,8,9,10,11,12",2025-2050,237250.0,8060.0,0.09831283180535222,0.003039351404841782,0.189921699978703,0.10033693185327344,0.003041556311795665,0.1976323073947513,0.10033693185327344,0.003041556311795665,0.1976323073947513,0.0,-82.98587478768124,39.9884646530878
ssp585,Columbus,cehwi_day_all,cehwi,day,all,national,national,National,annual_all_days_primary,All calendar-year days; non-heatwave days contribute zero,"1,2,3,4,5,6,7,8,9,10,11,12",2025-2050,237250.0,53029.0,0.3755139914693111,0.0022814886762177284,0.8755912519693541,0.3815552588828051,0.0022929645066717356,0.9064673882343232,0.3815552588828051,-0.14335687046871423,0.9064673882343232,0.0,-82.98587478768124,39.9884646530878
ssp585,Columbus,cehwi_night_all,cehwi,night,all,national,national,National,annual_all_days_primary,All calendar-year days; non-heatwave days contribute zero,"1,2,3,4,5,6,7,8,9,10,11,12",2025-2050,237250.0,1698.0,0.0,0.0,0.001584010869754106,0.0,0.0,0.0015870659745808305,-0.001346176924332851,-0.004279419823246607,0.0015870659745808305,0.0,-82.98587478768124,39.9884646530878
ssp585,Columbus,exceeded_quantity_composite_all,exceeded_quantity,composite,all,national,national,National,annual_all_days_primary,All calendar-year days; non-heatwave days contribute zero,"1,2,3,4,5,6,7,8,9,10,11,12",2025-2050,237250.0,8060.0,0.13170518658725414,1.1210842180336775e-06,0.299673560146594,0.13477503859164208,1.1225777813590728e-06,0.31576306392902703,0.13477503859164208,-0.046212986745742674,0.31576306392902703,0.0,-82.98587478768124,39.9884646530878
ssp585,Columbus,exceeded_quantity_day_all,exceeded_quantity,day,all,national,national,National,annual_all_days_primary,All calendar-year days; non-heatwave days contribute zero,"1,2,3,4,5,6,7,8,9,10,11,12",2025-2050,237250.0,53029.0,0.5022852009488257,0.022916206856516873,1.0812161528032251,0.5125504497689639,0.02321545726870779,1.1235081349956408,0.5125504497689639,-0.09840723545771246,1.1235081349956408,0.0,-82.98587478768124,39.9884646530878
ssp585,Columbus,exceeded_quantity_night_all,exceeded_quantity,night,all,national,national,National,annual_all_days_primary,All calendar-year days; non-heatwave days contribute zero,"1,2,3,4,5,6,7,8,9,10,11,12",2025-2050,237250.0,1698.0,0.001176985180908316,0.0,0.009026678062188036,0.0011787052909526916,0.0,0.00911881231433658,0.0011787052909526916,-0.0067614017324311975,0.00911881231433658,0.0,-82.98587478768124,39.9884646530878
ssp585,Corpus_Christi,cehwi_composite_all,cehwi,composite,all,national,national,National,annual_all_days_primary,All calendar-year days; non-heatwave days contribute zero,"1,2,3,4,5,6,7,8,9,10,11,12",2025-2050,18980.0,3181.0,0.2653227934007756,0.007842799290565134,0.5151445959653287,0.2695337025064621,0.007847190498421905,0.531220214514503,0.2695337025064621,0.007847190498421905,0.531220214514503,0.0,-97.36405256378852,27.68672149058898
ssp585,Corpus_Christi,cehwi_day_all,cehwi,day,all,national,national,National,annual_all_days_primary,All calendar-year days; non-heatwave days contribute zero,"1,2,3,4,5,6,7,8,9,10,11,12",2025-2050,18980.0,5133.0,0.322020371615705,0.0010422725021598488,0.7659525848842236,0.32638905433860377,0.0010463030677157787,0.789001806210567,0.32638905433860377,-0.13622369753336247,0.789001806210567,0.0,-97.36405256378852,27.68672149058898
ssp585,Corpus_Christi,cehwi_night_all,cehwi,night,all,national,national,National,annual_all_days_primary,All calendar-year days; non-heatwave days contribute zero,"1,2,3,4,5,6,7,8,9,10,11,12",2025-2050,18980.0,4569.0,0.0,0.0,0.2178171590545123,0.0,0.0,0.22023967577416018,-0.15623751581673548,-0.5327147074076325,0.22023967577416018,0.0,-97.36405256378852,27.68672149058898
ssp585,Corpus_Christi,exceeded_quantity_composite_all,exceeded_quantity,composite,all,national,national,National,annual_all_days_primary,All calendar-year days; non-heatwave days contribute zero,"1,2,3,4,5,6,7,8,9,10,11,12",2025-2050,18980.0,3181.0,0.2655152989972925,0.0,0.6343183612564983,0.2683782579693306,0.0,0.6507015804370362,0.2683782579693306,-0.1139450644983744,0.6507015804370362,0.0,-97.36405256378852,27.68672149058898
ssp585,Corpus_Christi,exceeded_quantity_day_all,exceeded_quantity,day,all,national,national,National,annual_all_days_primary,All calendar-year days; non-heatwave days contribute zero,"1,2,3,4,5,6,7,8,9,10,11,12",2025-2050,18980.0,5133.0,0.30188113514526577,0.000478901532810695,0.7164260326344808,0.3047506682930319,0.00048096865464314814,0.731813669147093,0.3047506682930319,-0.12231233256102836,0.731813669147093,0.0,-97.36405256378852,27.68672149058898
ssp585,Corpus_Christi,exceeded_quantity_night_all,exceeded_quantity,night,all,national,national,National,annual_all_days_primary,All calendar-year days; non-heatwave days contribute zero,"1,2,3,4,5,6,7,8,9,10,11,12",2025-2050,18980.0,4569.0,0.06370751591532739,0.0,0.4455040299211273,0.06386392398801928,0.0,0.45180295981767915,0.06386392398801928,-0.324075111841641,0.45180295981767915,0.0,-97.36405256378852,27.68672149058898
ssp585,Dallas,cehwi_composite_all,cehwi,composite,all,national,national,National,annual_all_days_primary,All calendar-year days; non-heatwave days contribute zero,"1,2,3,4,5,6,7,8,9,10,11,12",2025-2050,275210.0,52018.0,0.8944769823628386,0.024416645333677472,1.7674733242278697,0.9266230371217369,0.024448218476994518,1.9047976347404896,0.9266230371217369,-0.05155156049701532,1.9047976347404896,0.0,-96.77202001463549,32.79909361336637
ssp585,Dallas,cehwi_day_all,cehwi,day,all,national,national,National,annual_all_days_primary,All calendar-year days; non-heatwave days contribute zero,"1,2,3,4,5,6,7,8,9,10,11,12",2025-2050,275210.0,27226.0,0.061027041388850616,0.0,0.15230763959138802,0.06146540977693619,0.0,0.15497395929416308,0.06146540977693619,-0.03204313974029228,0.15497395929416308,0.0,-96.77202001463549,32.79909361336637
ssp585,Dallas,cehwi_night_all,cehwi,night,all,national,national,National,annual_all_days_primary,All calendar-year days; non-heatwave days contribute zero,"1,2,3,4,5,6,7,8,9,10,11,12",2025-2050,275210.0,38825.0,0.0,0.0,0.05697745511360923,0.0,0.0,0.05722392404898147,-0.04735268020947457,-0.15192928446793189,0.05722392404898147,0.0,-96.77202001463549,32.79909361336637
ssp585,Dallas,exceeded_quantity_composite_all,exceeded_quantity,composite,all,national,national,National,annual_all_days_primary,All calendar-year days; non-heatwave days contribute zero,"1,2,3,4,5,6,7,8,9,10,11,12",2025-2050,275210.0,52018.0,0.6827768624301687,6.771416896548694e-05,1.537939991845657,0.7002375393859138,6.818175341359477e-05,1.6270090963235113,0.7002375393859138,-0.2265340175516829,1.6270090963235113,0.0,-96.77202001463549,32.79909361336637
ssp585,Dallas,exceeded_quantity_day_all,exceeded_quantity,day,all,national,national,National,annual_all_days_primary,All calendar-year days; non-heatwave days contribute zero,"1,2,3,4,5,6,7,8,9,10,11,12",2025-2050,275210.0,27226.0,0.10872467362965192,7.641817905831799e-05,0.2575974687294019,0.10978165077093424,7.659980892710589e-05,0.2632888503562996,0.10978165077093424,-0.04372554881443078,0.2632888503562996,0.0,-96.77202001463549,32.79909361336637
ssp585,Dallas,exceeded_quantity_night_all,exceeded_quantity,night,all,national,national,National,annual_all_days_primary,All calendar-year days; non-heatwave days contribute zero,"1,2,3,4,5,6,7,8,9,10,11,12",2025-2050,275210.0,38825.0,0.032309033174690624,0.0,0.23083472615977776,0.03238213373262561,0.0,0.23384497182057773,0.03238213373262561,-0.16908070435532674,0.23384497182057773,0.0,-96.77202001463549,32.79909361336637
ssp585,Denver,cehwi_composite_all,cehwi,composite,all,national,national,National,annual_all_days_primary,All calendar-year days; non-heatwave days contribute zero,"1,2,3,4,5,6,7,8,9,10,11,12",2025-2050,85410.0,3.0,0.00010000268335482449,2.9000732470465987e-06,0.0001939649379724291,0.00010170953110459852,2.9015193605457205e-06,0.0002005175428486511,0.00010170953110459852,2.9015193605457205e-06,0.0002005175428486511,0.0,-104.9171195553542,39.72922080293672
ssp585,Denver,cehwi_day_all,cehwi,day,all,national,national,National,annual_all_days_primary,All calendar-year days; non-heatwave days contribute zero,"1,2,3,4,5,6,7,8,9,10,11,12",2025-2050,85410.0,19578.0,0.6284052137864841,0.041636739712169586,1.322739742140652,0.6455306172897384,0.04202872171649696,1.3911028282197861,0.6455306172897384,-0.10004159364031028,1.3911028282197861,0.0,-104.9171195553542,39.72922080293672
ssp585,Denver,cehwi_night_all,cehwi,night,all,national,national,National,annual_all_days_primary,All calendar-year days; non-heatwave days contribute zero,"1,2,3,4,5,6,7,8,9,10,11,12",2025-2050,85410.0,0.0,0.0,0.0,0.0,0.0,0.0,0.0,0.0,0.0,0.0,0.0,-104.9171195553542,39.72922080293672
ssp585,Denver,exceeded_quantity_composite_all,exceeded_quantity,composite,all,national,national,National,annual_all_days_primary,All calendar-year days; non-heatwave days contribute zero,"1,2,3,4,5,6,7,8,9,10,11,12",2025-2050,85410.0,3.0,0.00017642029831004612,0.0,0.0003958135678060574,0.00018102186485659396,0.0,0.00042001804716290295,0.00018102186485659396,-5.797431744971491e-05,0.00042001804716290295,0.0,-104.9171195553542,39.72922080293672
ssp585,Denver,exceeded_quantity_day_all,exceeded_quantity,day,all,national,national,National,annual_all_days_primary,All calendar-year days; non-heatwave days contribute zero,"1,2,3,4,5,6,7,8,9,10,11,12",2025-2050,85410.0,19578.0,0.5752200821582819,0.0373473132854931,1.2103656065819297,0.5885425443374319,0.03789707101452893,1.2622055677441784,0.5885425443374319,-0.08512047906931415,1.2622055677441784,0.0,-104.9171195553542,39.72922080293672
ssp585,Denver,exceeded_quantity_night_all,exceeded_quantity,night,all,national,national,National,annual_all_days_primary,All calendar-year days; non-heatwave days contribute zero,"1,2,3,4,5,6,7,8,9,10,11,12",2025-2050,85410.0,0.0,0.0,0.0,0.0,0.0,0.0,0.0,0.0,0.0,0.0,0.0,-104.9171195553542,39.72922080293672
ssp585,Detroit,cehwi_composite_all,cehwi,composite,all,national,national,National,annual_all_days_primary,All calendar-year days; non-heatwave days contribute zero,"1,2,3,4,5,6,7,8,9,10,11,12",2025-2050,132860.0,7726.0,0.19277247696839747,0.006113896128894651,0.37109770654254604,0.19760359166982935,0.006119469757757853,0.38950040823617466,0.19760359166982935,0.005706775103484157,0.38950040823617466,0.0,-83.11163892745797,42.36628894040762
ssp585,Detroit,cehwi_day_all,cehwi,day,all,national,national,National,annual_all_days_primary,All calendar-year days; non-heatwave days contribute zero,"1,2,3,4,5,6,7,8,9,10,11,12",2025-2050,132860.0,24407.0,0.2765841277052273,0.0027324304289990235,0.6437828720975349,0.28102577054777067,0.002748493261605564,0.6659362244748602,0.28102577054777067,-0.10388468337932041,0.6659362244748602,0.0,-83.11163892745797,42.36628894040762
ssp585,Detroit,cehwi_night_all,cehwi,night,all,national,national,National,annual_all_days_primary,All calendar-year days; non-heatwave days contribute zero,"1,2,3,4,5,6,7,8,9,10,11,12",2025-2050,132860.0,1867.0,0.0,0.0,0.003237580834323692,0.0,0.0,0.003245271846068563,-0.0027371280810051775,-0.008719528008079073,0.003245271846068563,0.0,-83.11163892745797,42.36628894040762
ssp585,Detroit,exceeded_quantity_composite_all,exceeded_quantity,composite,all,national,national,National,annual_all_days_primary,All calendar-year days; non-heatwave days contribute zero,"1,2,3,4,5,6,7,8,9,10,11,12",2025-2050,132860.0,7726.0,0.22582461425553238,0.00011151615903104786,0.5115324802456366,0.23129504521969138,0.00011228011135753214,0.5398227310969935,0.23129504521969138,-0.07723264065761047,0.5398227310969935,0.0,-83.11163892745797,42.36628894040762
ssp585,Detroit,exceeded_quantity_day_all,exceeded_quantity,day,all,national,national,National,annual_all_days_primary,All calendar-year days; non-heatwave days contribute zero,"1,2,3,4,5,6,7,8,9,10,11,12",2025-2050,132860.0,24407.0,0.43767146186511396,0.02959821180640777,0.9236078850193115,0.447911090282651,0.03013461720705845,0.9629543378133413,0.447911090282651,-0.06713215724803846,0.9629543378133413,0.0,-83.11163892745797,42.36628894040762
ssp585,Detroit,exceeded_quantity_night_all,exceeded_quantity,night,all,national,national,National,annual_all_days_primary,All calendar-year days; non-heatwave days contribute zero,"1,2,3,4,5,6,7,8,9,10,11,12",2025-2050,132860.0,1867.0,0.0026862303787934297,0.0,0.01974083620194482,0.002691565037888001,0.0,0.01997300198348216,0.002691565037888001,-0.014589871907706171,0.01997300198348216,0.0,-83.11163892745797,42.36628894040762
ssp585,Fort_Worth,cehwi_composite_all,cehwi,composite,all,national,national,National,annual_all_days_primary,All calendar-year days; non-heatwave days contribute zero,"1,2,3,4,5,6,7,8,9,10,11,12",2025-2050,208780.0,38896.0,0.8855177437828985,0.02392852072579515,1.746002565298075,0.9170456957934278,0.023959382833988324,1.877492819649631,0.9170456957934278,-0.043401428062774826,1.877492819649631,0.0,-97.3596103453506,32.731693684817714
ssp585,Fort_Worth,cehwi_day_all,cehwi,day,all,national,national,National,annual_all_days_primary,All calendar-year days; non-heatwave days contribute zero,"1,2,3,4,5,6,7,8,9,10,11,12",2025-2050,208780.0,20444.0,0.05960778246065665,0.0,0.14917621045956986,0.06000478908877186,0.0,0.15159978023095275,0.06000478908877186,-0.03159020205341066,0.15159978023095275,0.0,-97.3596103453506,32.731693684817714
ssp585,Fort_Worth,cehwi_night_all,cehwi,night,all,national,national,National,annual_all_days_primary,All calendar-year days; non-heatwave days contribute zero,"1,2,3,4,5,6,7,8,9,10,11,12",2025-2050,208780.0,26827.0,0.0,0.0,0.04745700408229286,0.0,0.0,0.04764325761055031,-0.039636574149655227,-0.1269164059098619,0.04764325761055031,0.0,-97.3596103453506,32.731693684817714
ssp585,Fort_Worth,exceeded_quantity_composite_all,exceeded_quantity,composite,all,national,national,National,annual_all_days_primary,All calendar-year days; non-heatwave days contribute zero,"1,2,3,4,5,6,7,8,9,10,11,12",2025-2050,208780.0,38896.0,0.6676558005780254,0.0,1.5061678222678885,0.6844578828482446,0.0,1.5922300089582058,0.6844578828482446,-0.22331424326171584,1.5922300089582058,0.0,-97.3596103453506,32.731693684817714
ssp585,Fort_Worth,exceeded_quantity_day_all,exceeded_quantity,day,all,national,national,National,annual_all_days_primary,All calendar-year days; non-heatwave days contribute zero,"1,2,3,4,5,6,7,8,9,10,11,12",2025-2050,208780.0,20444.0,0.11143552693849802,8.228868727105038e-05,0.26421470416758697,0.11251524890606043,8.26211530235535e-05,0.27006154730252613,0.11251524890606043,-0.045031049490404915,0.27006154730252613,0.0,-97.3596103453506,32.731693684817714
ssp585,Fort_Worth,exceeded_quantity_night_all,exceeded_quantity,night,all,national,national,National,annual_all_days_primary,All calendar-year days; non-heatwave days contribute zero,"1,2,3,4,5,6,7,8,9,10,11,12",2025-2050,208780.0,26827.0,0.02884160778400775,0.0,0.20757117539005257,0.02890418960611898,0.0,0.21023342278974544,0.02890418960611898,-0.15242504357750766,0.21023342278974544,0.0,-97.3596103453506,32.731693684817714
ssp585,Fresno,cehwi_composite_all,cehwi,composite,all,national,national,National,annual_all_days_primary,All calendar-year days; non-heatwave days contribute zero,"1,2,3,4,5,6,7,8,9,10,11,12",2025-2050,113880.0,15299.0,0.4797326668937249,0.015263081969966709,0.9220675872659446,0.4933900025332241,0.015279096591251875,0.9742272294713398,0.4933900025332241,0.012552775595109021,0.9742272294713398,0.0,-119.78985197805802,36.790939683928464
ssp585,Fresno,cehwi_day_all,cehwi,day,all,national,national,National,annual_all_days_primary,All calendar-year days; non-heatwave days contribute zero,"1,2,3,4,5,6,7,8,9,10,11,12",2025-2050,113880.0,20041.0,0.1591325828115261,6.543549059973429e-05,0.39281395814504066,0.16057758983765846,6.564920916932525e-05,0.4013403487748617,0.16057758983765846,-0.08018516909954718,0.4013403487748617,0.0,-119.78985197805802,36.790939683928464
ssp585,Fresno,cehwi_night_all,cehwi,night,all,national,national,National,annual_all_days_primary,All calendar-year days; non-heatwave days contribute zero,"1,2,3,4,5,6,7,8,9,10,11,12",2025-2050,113880.0,8776.0,0.0,0.0,0.0446050542645379,0.0,0.0,0.0449010477562514,-0.03557314109096805,-0.11604732993818812,0.0449010477562514,0.0,-119.78985197805802,36.790939683928464
ssp585,Fresno,exceeded_quantity_composite_all,exceeded_quantity,composite,all,national,national,National,annual_all_days_primary,All calendar-year days; non-heatwave days contribute zero,"1,2,3,4,5,6,7,8,9,10,11,12",2025-2050,113880.0,15299.0,0.5086108952359522,0.0002459890779508217,1.1471823100575733,0.5216038655071472,0.0002477497555852117,1.2133963343027983,0.5216038655071472,-0.1701886032885032,1.2133963343027983,0.0,-119.78985197805802,36.790939683928464
ssp585,Fresno,exceeded_quantity_day_all,exceeded_quantity,day,all,national,national,National,annual_all_days_primary,All calendar-year days; non-heatwave days contribute zero,"1,2,3,4,5,6,7,8,9,10,11,12",2025-2050,113880.0,20041.0,0.25709231610530375,0.002690115808122674,0.5929563691752696,0.26041468263961265,0.0027342062240730013,0.6092058614598598,0.26041468263961265,-0.08837649618063398,0.6092058614598598,0.0,-119.78985197805802,36.790939683928464
ssp585,Fresno,exceeded_quantity_night_all,exceeded_quantity,night,all,national,national,National,annual_all_days_primary,All calendar-year days; non-heatwave days contribute zero,"1,2,3,4,5,6,7,8,9,10,11,12",2025-2050,113880.0,8776.0,0.02754493649884928,0.0,0.17422350676097645,0.02764963285355574,0.0,0.1772902011667193,0.02764963285355574,-0.12199093545960807,0.1772902011667193,0.0,-119.78985197805802,36.790939683928464
ssp585,Gilbert,cehwi_composite_all,cehwi,composite,all,national,national,National,annual_all_days_primary,All calendar-year days; non-heatwave days contribute zero,"1,2,3,4,5,6,7,8,9,10,11,12",2025-2050,37960.0,5295.0,0.4556939762701965,0.014550313724376334,0.87645721283431,0.46824349314246844,0.014565204008308042,0.924386914460841,0.46824349314246844,0.012100071824096637,0.924386914460841,0.0,-111.73870124413682,33.32052130601451
ssp585,Gilbert,cehwi_day_all,cehwi,day,all,national,national,National,annual_all_days_primary,All calendar-year days; non-heatwave days contribute zero,"1,2,3,4,5,6,7,8,9,10,11,12",2025-2050,37960.0,6587.0,0.20295617590806245,0.004497141775608336,0.47439874420387623,0.20612013721281403,0.004530991606778673,0.48958401594435963,0.20612013721281403,-0.07734374151873348,0.48958401594435963,0.0,-111.73870124413682,33.32052130601451
ssp585,Gilbert,cehwi_night_all,cehwi,night,all,national,national,National,annual_all_days_primary,All calendar-year days; non-heatwave days contribute zero,"1,2,3,4,5,6,7,8,9,10,11,12",2025-2050,37960.0,5024.0,0.0,0.0,0.08895282946069084,0.0,0.0,0.08954014419184814,-0.07159045406217873,-0.23272105231620652,0.08954014419184814,0.0,-111.73870124413682,33.32052130601451
ssp585,Gilbert,exceeded_quantity_composite_all,exceeded_quantity,composite,all,national,national,National,annual_all_days_primary,All calendar-year days; non-heatwave days contribute zero,"1,2,3,4,5,6,7,8,9,10,11,12",2025-2050,37960.0,5295.0,0.44039237505943124,0.0,1.0054519272240015,0.4501818692613942,0.0,1.0564720673174124,0.4501818692613942,-0.15610832879462308,1.0564720673174124,0.0,-111.73870124413682,33.32052130601451
ssp585,Gilbert,exceeded_quantity_day_all,exceeded_quantity,day,all,national,national,National,annual_all_days_primary,All calendar-year days; non-heatwave days contribute zero,"1,2,3,4,5,6,7,8,9,10,11,12",2025-2050,37960.0,6587.0,0.28089208681203365,0.009469783602057403,0.6258841071931842,0.28565076703178033,0.009620865648007532,0.6464459574583485,0.28565076703178033,-0.07514442339478726,0.6464459574583485,0.0,-111.73870124413682,33.32052130601451
ssp585,Gilbert,exceeded_quantity_night_all,exceeded_quantity,night,all,national,national,National,annual_all_days_primary,All calendar-year days; non-heatwave days contribute zero,"1,2,3,4,5,6,7,8,9,10,11,12",2025-2050,37960.0,5024.0,0.04810758357025045,0.0,0.30025074716666583,0.04830090428404636,0.0,0.3055937730851333,0.04830090428404636,-0.20899196451704083,0.3055937730851333,0.0,-111.73870124413682,33.32052130601451
ssp585,Henderson,cehwi_composite_all,cehwi,composite,all,national,national,National,annual_all_days_primary,All calendar-year days; non-heatwave days contribute zero,"1,2,3,4,5,6,7,8,9,10,11,12",2025-2050,113880.0,13658.0,0.3685529408250373,0.011964790667462626,0.7081760591095919,0.37834831510885164,0.011976764369758074,0.7453808294350052,0.37834831510885164,0.011315800782698495,0.7453808294350052,0.0,-115.02129501152358,36.01369840409932
ssp585,Henderson,cehwi_day_all,cehwi,day,all,national,national,National,annual_all_days_primary,All calendar-year days; non-heatwave days contribute zero,"1,2,3,4,5,6,7,8,9,10,11,12",2025-2050,113880.0,20198.0,0.19195778684666726,0.0005074028509802984,0.46534069245332066,0.1941498763053151,0.0005103210226992732,0.47750979673795046,0.1941498763053151,-0.08921004412732235,0.47750979673795046,0.0,-115.02129501152358,36.01369840409932
ssp585,Henderson,cehwi_night_all,cehwi,night,all,national,national,National,annual_all_days_primary,All calendar-year days; non-heatwave days contribute zero,"1,2,3,4,5,6,7,8,9,10,11,12",2025-2050,113880.0,13539.0,0.0,0.0,0.09121949666592219,0.0,0.0,0.09198429034254302,-0.07027301660649353,-0.2325303235555308,0.09198429034254302,0.0,-115.02129501152358,36.01369840409932
ssp585,Henderson,exceeded_quantity_composite_all,exceeded_quantity,composite,all,national,national,National,annual_all_days_primary,All calendar-year days; non-heatwave days contribute zero,"1,2,3,4,5,6,7,8,9,10,11,12",2025-2050,113880.0,13658.0,0.362808213646731,0.0,0.8326166468138501,0.37041102057355124,0.0,0.8726717047652799,0.37041102057355124,-0.13184966361817702,0.8726717047652799,0.0,-115.02129501152358,36.01369840409932
ssp585,Henderson,exceeded_quantity_day_all,exceeded_quantity,day,all,national,national,National,annual_all_days_primary,All calendar-year days; non-heatwave days contribute zero,"1,2,3,4,5,6,7,8,9,10,11,12",2025-2050,113880.0,20198.0,0.27165270944689307,0.004666752537660268,0.6193553204603338,0.27549897243733573,0.00472622791760085,0.6373904247328575,0.27549897243733573,-0.08639247985818561,0.6373904247328575,0.0,-115.02129501152358,36.01369840409932
ssp585,Henderson,exceeded_quantity_night_all,exceeded_quantity,night,all,national,national,National,annual_all_days_primary,All calendar-year days; non-heatwave days contribute zero,"1,2,3,4,5,6,7,8,9,10,11,12",2025-2050,113880.0,13539.0,0.054396676213959556,0.0,0.3022399521516602,0.05474964555638365,0.0,0.3085799126256062,0.05474964555638365,-0.1990806215128391,0.3085799126256062,0.0,-115.02129501152358,36.01369840409932
ssp585,Houston,cehwi_composite_all,cehwi,composite,all,national,national,National,annual_all_days_primary,All calendar-year days; non-heatwave days contribute zero,"1,2,3,4,5,6,7,8,9,10,11,12",2025-2050,531440.0,87677.0,0.5538918855584689,0.017977521339948045,1.065382887185857,0.5696536265100535,0.01799684737643007,1.1256449804449133,0.5696536265100535,0.013662272575194454,1.1256449804449133,0.0,-95.40380028308488,29.82261710963412
ssp585,Houston,cehwi_day_all,cehwi,day,all,national,national,National,annual_all_days_primary,All calendar-year days; non-heatwave days contribute zero,"1,2,3,4,5,6,7,8,9,10,11,12",2025-2050,531440.0,76672.0,0.12655736596463205,0.0002348073888042601,0.3084988467521864,0.1278841777246216,0.00023610914360675466,0.31591238685612,0.1278841777246216,-0.060144031406878795,0.31591238685612,0.0,-95.40380028308488,29.82261710963412
ssp585,Houston,cehwi_night_all,cehwi,night,all,national,national,National,annual_all_days_primary,All calendar-year days; non-heatwave days contribute zero,"1,2,3,4,5,6,7,8,9,10,11,12",2025-2050,531440.0,113762.0,0.0,0.0,0.12750373274422744,0.0,0.0,0.1283125868782743,-0.10264121613083176,-0.3335950191399394,0.1283125868782743,0.0,-95.40380028308488,29.82261710963412
ssp585,Houston,exceeded_quantity_composite_all,exceeded_quantity,composite,all,national,national,National,annual_all_days_primary,All calendar-year days; non-heatwave days contribute zero,"1,2,3,4,5,6,7,8,9,10,11,12",2025-2050,531440.0,87677.0,0.4506760362974471,0.0,1.043022069751532,0.4592289085042858,0.0,1.0888199294703578,0.4592289085042858,-0.17036211246178554,1.0888199294703578,0.0,-95.40380028308488,29.82261710963412
ssp585,Houston,exceeded_quantity_day_all,exceeded_quantity,day,all,national,national,National,annual_all_days_primary,All calendar-year days; non-heatwave days contribute zero,"1,2,3,4,5,6,7,8,9,10,11,12",2025-2050,531440.0,76672.0,0.2025011642219104,0.0026473698187128693,0.4658110032551582,0.20516382705165148,0.00268157821945684,0.47862130798919794,0.20516382705165148,-0.06829365388589455,0.47862130798919794,0.0,-95.40380028308488,29.82261710963412
ssp585,Houston,exceeded_quantity_night_all,exceeded_quantity,night,all,national,national,National,annual_all_days_primary,All calendar-year days; non-heatwave days contribute zero,"1,2,3,4,5,6,7,8,9,10,11,12",2025-2050,531440.0,113762.0,0.055670308057313815,0.0,0.3887230965038435,0.055810824307649255,0.0,0.394184471295384,0.055810824307649255,-0.28256282268008576,0.394184471295384,0.0,-95.40380028308488,29.82261710963412
ssp585,Indianapolis,cehwi_composite_all,cehwi,composite,all,national,national,National,annual_all_days_primary,All calendar-year days; non-heatwave days contribute zero,"1,2,3,4,5,6,7,8,9,10,11,12",2025-2050,237250.0,13997.0,0.1811682241703365,0.005707494930402899,0.34974136203999784,0.18545133113382858,0.005712448124902054,0.366132620112214,0.18545133113382858,0.004770042155443401,0.366132620112214,0.0,-86.14794458778195,39.79825151756
ssp585,Indianapolis,cehwi_day_all,cehwi,day,all,national,national,National,annual_all_days_primary,All calendar-year days; non-heatwave days contribute zero,"1,2,3,4,5,6,7,8,9,10,11,12",2025-2050,237250.0,55842.0,0.38126337198460836,0.0018386726791474754,0.8929066654395539,0.3872123364554251,0.0018466015350862965,0.9236462467420704,0.3872123364554251,-0.14922157383122184,0.9236462467420704,0.0,-86.14794458778195,39.79825151756
ssp585,Indianapolis,cehwi_night_all,cehwi,night,all,national,national,National,annual_all_days_primary,All calendar-year days; non-heatwave days contribute zero,"1,2,3,4,5,6,7,8,9,10,11,12",2025-2050,237250.0,3244.0,0.0,0.0,0.0022598589677059544,0.0,0.0,0.0022631836061889196,-0.0019228174563566622,-0.006108818518902379,0.0022631836061889196,0.0,-86.14794458778195,39.79825151756
ssp585,Indianapolis,exceeded_quantity_composite_all,exceeded_quantity,composite,all,national,national,National,annual_all_days_primary,All calendar-year days; non-heatwave days contribute zero,"1,2,3,4,5,6,7,8,9,10,11,12",2025-2050,237250.0,13997.0,0.21937734594016925,0.0,0.499257854732043,0.22449444111473332,0.0,0.5259906616188377,0.22449444111473332,-0.07700177938937083,0.5259906616188377,0.0,-86.14794458778195,39.79825151756
ssp585,Indianapolis,exceeded_quantity_day_all,exceeded_quantity,day,all,national,national,National,annual_all_days_primary,All calendar-year days; non-heatwave days contribute zero,"1,2,3,4,5,6,7,8,9,10,11,12",2025-2050,237250.0,55842.0,0.4859655299886198,0.015992081532361334,1.064430170393415,0.4949487991981764,0.016196768483628932,1.1030793214239185,0.4949487991981764,-0.1131817230275649,1.1030793214239185,0.0,-86.14794458778195,39.79825151756
ssp585,Indianapolis,exceeded_quantity_night_all,exceeded_quantity,night,all,national,national,National,annual_all_days_primary,All calendar-year days; non-heatwave days contribute zero,"1,2,3,4,5,6,7,8,9,10,11,12",2025-2050,237250.0,3244.0,0.001921933008366462,0.0,0.014931317239423042,0.0019245866086934995,0.0,0.015067023501621006,0.0019245866086934995,-0.01121785028423401,0.015067023501621006,0.0,-86.14794458778195,39.79825151756
ssp585,Jacksonville,cehwi_composite_all,cehwi,composite,all,national,national,National,annual_all_days_primary,All calendar-year days; non-heatwave days contribute zero,"1,2,3,4,5,6,7,8,9,10,11,12",2025-2050,256230.0,32735.0,0.2843172313715202,0.008785462655670971,0.5490210891916392,0.2904595114027461,0.008792396546343164,0.572407638828295,0.2904595114027461,0.008511383977197584,0.572407638828295,0.0,-81.64707525045209,30.31882240289994
ssp585,Jacksonville,cehwi_day_all,cehwi,day,all,national,national,National,annual_all_days_primary,All calendar-year days; non-heatwave days contribute zero,"1,2,3,4,5,6,7,8,9,10,11,12",2025-2050,256230.0,45452.0,0.3118332870184316,0.0173820365842466,0.6689140743691147,0.31958329352043297,0.017544949649967286,0.7002441125753988,0.31958329352043297,-0.0610775255345347,0.7002441125753988,0.0,-81.64707525045209,30.31882240289994
ssp585,Jacksonville,cehwi_night_all,cehwi,night,all,national,national,National,annual_all_days_primary,All calendar-year days; non-heatwave days contribute zero,"1,2,3,4,5,6,7,8,9,10,11,12",2025-2050,256230.0,46736.0,0.0,0.0,0.06988552866309385,0.0,0.0,0.07021217236607907,-0.05769274244075633,-0.1855976572475934,0.07021217236607907,0.0,-81.64707525045209,30.31882240289994
ssp585,Jacksonville,exceeded_quantity_composite_all,exceeded_quantity,composite,all,national,national,National,annual_all_days_primary,All calendar-year days; non-heatwave days contribute zero,"1,2,3,4,5,6,7,8,9,10,11,12",2025-2050,256230.0,32735.0,0.25944381051748633,0.0,0.6113569297834482,0.2631848461493914,0.0,0.6320957995034233,0.2631848461493914,-0.10572610720463983,0.6320957995034233,0.0,-81.64707525045209,30.31882240289994
ssp585,Jacksonville,exceeded_quantity_day_all,exceeded_quantity,day,all,national,national,National,annual_all_days_primary,All calendar-year days; non-heatwave days contribute zero,"1,2,3,4,5,6,7,8,9,10,11,12",2025-2050,256230.0,45452.0,0.28037386886946397,0.0028044640554270007,0.6375423516206403,0.2843630921364475,0.0028300076665830976,0.6567172884950221,0.2843630921364475,-0.08799110422212666,0.6567172884950221,0.0,-81.64707525045209,30.31882240289994
ssp585,Jacksonville,exceeded_quantity_night_all,exceeded_quantity,night,all,national,national,National,annual_all_days_primary,All calendar-year days; non-heatwave days contribute zero,"1,2,3,4,5,6,7,8,9,10,11,12",2025-2050,256230.0,46736.0,0.03228358198533365,0.0,0.24104438180472254,0.03234136189318693,0.0,0.24371814118821655,0.03234136189318693,-0.17903541740184284,0.24371814118821655,0.0,-81.64707525045209,30.31882240289994
ssp585,Kansas_City,cehwi_composite_all,cehwi,composite,all,national,national,National,annual_all_days_primary,All calendar-year days; non-heatwave days contribute zero,"1,2,3,4,5,6,7,8,9,10,11,12",2025-2050,351130.0,56365.0,0.6299172122317657,0.01841011392780352,1.2316198409159642,0.649451608239257,0.018430982179369646,1.31004216446701,0.649451608239257,-0.011138947988495213,1.31004216446701,0.0,-94.58725250021293,39.11017064718442
ssp585,Kansas_City,cehwi_day_all,cehwi,day,all,national,national,National,annual_all_days_primary,All calendar-year days; non-heatwave days contribute zero,"1,2,3,4,5,6,7,8,9,10,11,12",2025-2050,351130.0,49075.0,0.10105401385874747,0.0,0.25144229998900547,0.10184268475328542,0.0,0.25621435148774957,0.10184268475328542,-0.052528981981180944,0.25621435148774957,0.0,-94.58725250021293,39.11017064718442
ssp585,Kansas_City,cehwi_night_all,cehwi,night,all,national,national,National,annual_all_days_primary,All calendar-year days; non-heatwave days contribute zero,"1,2,3,4,5,6,7,8,9,10,11,12",2025-2050,351130.0,34823.0,0.0,0.0,0.036173010854907504,0.0,0.0,0.036300202183027534,-0.030405692202066587,-0.09711158658716165,0.036300202183027534,0.0,-94.58725250021293,39.11017064718442
ssp585,Kansas_City,exceeded_quantity_composite_all,exceeded_quantity,composite,all,national,national,National,annual_all_days_primary,All calendar-year days; non-heatwave days contribute zero,"1,2,3,4,5,6,7,8,9,10,11,12",2025-2050,351130.0,56365.0,0.5879348491446407,0.00011464557605290229,1.3238363961406947,0.6030115229383658,0.00011539931975200654,1.4006139138004392,0.6030115229383658,-0.19459086792370683,1.4006139138004392,0.0,-94.58725250021293,39.11017064718442
ssp585,Kansas_City,exceeded_quantity_day_all,exceeded_quantity,day,all,national,national,National,annual_all_days_primary,All calendar-year days; non-heatwave days contribute zero,"1,2,3,4,5,6,7,8,9,10,11,12",2025-2050,351130.0,49075.0,0.17540119739533142,0.001264849366178573,0.4108098040841146,0.17735778153808965,0.0012841226189873782,0.42073541164002715,0.17735778153808965,-0.06601984856384747,0.42073541164002715,0.0,-94.58725250021293,39.11017064718442
ssp585,Kansas_City,exceeded_quantity_night_all,exceeded_quantity,night,all,national,national,National,annual_all_days_primary,All calendar-year days; non-heatwave days contribute zero,"1,2,3,4,5,6,7,8,9,10,11,12",2025-2050,351130.0,34823.0,0.022597923902959956,0.0,0.1660149195634116,0.022641197901887605,0.0,0.16806993605260515,0.022641197901887605,-0.12278754024883012,0.16806993605260515,0.0,-94.58725250021293,39.11017064718442
ssp585,Las_Vegas,cehwi_composite_all,cehwi,composite,all,national,national,National,annual_all_days_primary,All calendar-year days; non-heatwave days contribute zero,"1,2,3,4,5,6,7,8,9,10,11,12",2025-2050,132860.0,16279.0,0.4067028939422937,0.013169629711698775,0.7811006822423364,0.4181340620416883,0.013183533528954766,0.8246145660977068,0.4181340620416883,0.01165355798567048,0.8246145660977068,0.0,-115.24138225613288,36.21326422353141
ssp585,Las_Vegas,cehwi_day_all,cehwi,day,all,national,national,National,annual_all_days_primary,All calendar-year days; non-heatwave days contribute zero,"1,2,3,4,5,6,7,8,9,10,11,12",2025-2050,132860.0,23885.0,0.2008828225955289,0.0005967559226877958,0.485701733635589,0.2032455898841279,0.000600406846546497,0.49871931303457817,0.2032455898841279,-0.09222813326632445,0.49871931303457817,0.0,-115.24138225613288,36.21326422353141
ssp585,Las_Vegas,cehwi_night_all,cehwi,night,all,national,national,National,annual_all_days_primary,All calendar-year days; non-heatwave days contribute zero,"1,2,3,4,5,6,7,8,9,10,11,12",2025-2050,132860.0,15509.0,0.0,0.0,0.09342166664687566,0.0,0.0,0.09422912299513056,-0.07159150371247797,-0.2374121304200873,0.09422912299513056,0.0,-115.24138225613288,36.21326422353141
ssp585,Las_Vegas,exceeded_quantity_composite_all,exceeded_quantity,composite,all,national,national,National,annual_all_days_primary,All calendar-year days; non-heatwave days contribute zero,"1,2,3,4,5,6,7,8,9,10,11,12",2025-2050,132860.0,16279.0,0.39913312661322004,0.0,0.9098191849401354,0.40814616059496317,0.0,0.95672620343957,0.40814616059496317,-0.1404338822496433,0.95672620343957,0.0,-115.24138225613288,36.21326422353141
ssp585,Las_Vegas,exceeded_quantity_day_all,exceeded_quantity,day,all,national,national,National,annual_all_days_primary,All calendar-year days; non-heatwave days contribute zero,"1,2,3,4,5,6,7,8,9,10,11,12",2025-2050,132860.0,23885.0,0.2855164391978275,0.006338184347562742,0.646284463139584,0.28979434429245093,0.006417912170580902,0.6658795236285455,0.28979434429245093,-0.08629083504364296,0.6658795236285455,0.0,-115.24138225613288,36.21326422353141
ssp585,Las_Vegas,exceeded_quantity_night_all,exceeded_quantity,night,all,national,national,National,annual_all_days_primary,All calendar-year days; non-heatwave days contribute zero,"1,2,3,4,5,6,7,8,9,10,11,12",2025-2050,132860.0,15509.0,0.05748847234894962,0.0,0.30907644910493065,0.05792294385061054,0.0,0.3159060230535947,0.05792294385061054,-0.20006013535237385,0.3159060230535947,0.0,-115.24138225613288,36.21326422353141
ssp585,Long_Beach,cehwi_composite_all,cehwi,composite,all,national,national,National,annual_all_days_primary,All calendar-year days; non-heatwave days contribute zero,"1,2,3,4,5,6,7,8,9,10,11,12",2025-2050,47450.0,184.0,0.016956059453573723,0.0005691376057075,0.032502359385647744,0.017425421996632776,0.000569706371113651,0.034281137622151896,0.017425421996632776,0.000569706371113651,0.034281137622151896,0.0,-118.15363485341176,33.835056657794794
ssp585,Long_Beach,cehwi_day_all,cehwi,day,all,national,national,National,annual_all_days_primary,All calendar-year days; non-heatwave days contribute zero,"1,2,3,4,5,6,7,8,9,10,11,12",2025-2050,47450.0,11946.0,0.47320260224903987,0.009906050528420756,1.0634111002600493,0.48261235552457843,0.00997157112908494,1.1069985142486412,0.48261235552457843,-0.14177380319948607,1.1069985142486412,0.0,-118.15363485341176,33.835056657794794
ssp585,Long_Beach,cehwi_night_all,cehwi,night,all,national,national,National,annual_all_days_primary,All calendar-year days; non-heatwave days contribute zero,"1,2,3,4,5,6,7,8,9,10,11,12",2025-2050,47450.0,0.0,0.0,0.0,0.0,0.0,0.0,0.0,0.0,0.0,0.0,0.0,-118.15363485341176,33.835056657794794
ssp585,Long_Beach,exceeded_quantity_composite_all,exceeded_quantity,composite,all,national,national,National,annual_all_days_primary,All calendar-year days; non-heatwave days contribute zero,"1,2,3,4,5,6,7,8,9,10,11,12",2025-2050,47450.0,184.0,0.024645890297026372,0.0,0.053120967643687095,0.025489930236250853,0.0,0.05723285842205048,0.025489930236250853,-0.006252997949548759,0.05723285842205048,0.0,-118.15363485341176,33.835056657794794
ssp585,Long_Beach,exceeded_quantity_day_all,exceeded_quantity,day,all,national,national,National,annual_all_days_primary,All calendar-year days; non-heatwave days contribute zero,"1,2,3,4,5,6,7,8,9,10,11,12",2025-2050,47450.0,11946.0,0.68753453889397,0.08771251128257111,1.3720165527297223,0.7088782934220197,0.08950151969243324,1.4435417362173095,0.7088782934220197,-0.025785149373269256,1.4435417362173095,0.0,-118.15363485341176,33.835056657794794
ssp585,Long_Beach,exceeded_quantity_night_all,exceeded_quantity,night,all,national,national,National,annual_all_days_primary,All calendar-year days; non-heatwave days contribute zero,"1,2,3,4,5,6,7,8,9,10,11,12",2025-2050,47450.0,0.0,0.0,0.0,0.0,0.0,0.0,0.0,0.0,0.0,0.0,0.0,-118.15363485341176,33.835056657794794
ssp585,Los_Angeles,cehwi_composite_all,cehwi,composite,all,national,national,National,annual_all_days_primary,All calendar-year days; non-heatwave days contribute zero,"1,2,3,4,5,6,7,8,9,10,11,12",2025-2050,313170.0,4592.0,0.05834645883316623,0.0019402353219010514,0.11191123288062088,0.059936017965031965,0.0019421885528307726,0.11793207720965541,0.059936017965031965,0.0019399587204085766,0.11793207720965541,0.0,-118.38174277020067,34.071469381211
ssp585,Los_Angeles,cehwi_day_all,cehwi,day,all,national,national,National,annual_all_days_primary,All calendar-year days; non-heatwave days contribute zero,"1,2,3,4,5,6,7,8,9,10,11,12",2025-2050,313170.0,74006.0,0.4591013737701074,0.011479485921704138,1.0267696315224808,0.46848469429117556,0.011562034293136979,1.0695465099680852,0.46848469429117556,-0.13257712138573557,1.0695465099680852,0.0,-118.38174277020067,34.071469381211
ssp585,Los_Angeles,cehwi_night_all,cehwi,night,all,national,national,National,annual_all_days_primary,All calendar-year days; non-heatwave days contribute zero,"1,2,3,4,5,6,7,8,9,10,11,12",2025-2050,313170.0,196.0,0.0,0.0,0.00010255720606893562,0.0,0.0,0.0001027405831565284,-8.718167949308417e-05,-0.00027710394214270213,0.0001027405831565284,0.0,-118.38174277020067,34.071469381211
ssp585,Los_Angeles,exceeded_quantity_composite_all,exceeded_quantity,composite,all,national,national,National,annual_all_days_primary,All calendar-year days; non-heatwave days contribute zero,"1,2,3,4,5,6,7,8,9,10,11,12",2025-2050,313170.0,4592.0,0.08099023307767977,2.332537116477249e-06,0.1773408064052322,0.0835511193214065,2.3368127063877767e-06,0.19003645198149233,0.0835511193214065,-0.02293421333867926,0.19003645198149233,0.0,-118.38174277020067,34.071469381211
ssp585,Los_Angeles,exceeded_quantity_day_all,exceeded_quantity,day,all,national,national,National,annual_all_days_primary,All calendar-year days; non-heatwave days contribute zero,"1,2,3,4,5,6,7,8,9,10,11,12",2025-2050,313170.0,74006.0,0.6494097708753399,0.08183299095561329,1.3008949985726983,0.6693296563234795,0.0835763106740447,1.3676643362377991,0.6693296563234795,-0.029005023590839566,1.3676643362377991,0.0,-118.38174277020067,34.071469381211
ssp585,Los_Angeles,exceeded_quantity_night_all,exceeded_quantity,night,all,national,national,National,annual_all_days_primary,All calendar-year days; non-heatwave days contribute zero,"1,2,3,4,5,6,7,8,9,10,11,12",2025-2050,313170.0,196.0,7.447559236682418e-05,0.0,0.0005889277342156288,7.456356258891078e-05,0.0,0.000593753996581391,7.456356258891078e-05,-0.00044462687140356714,0.000593753996581391,0.0,-118.38174277020067,34.071469381211
ssp585,Louisville,cehwi_composite_all,cehwi,composite,all,national,national,National,annual_all_days_primary,All calendar-year days; non-heatwave days contribute zero,"1,2,3,4,5,6,7,8,9,10,11,12",2025-2050,227760.0,20047.0,0.29939101669044665,0.00915839130224198,0.58023983931299,0.30743261663183347,0.00916735538906395,0.6115510087569825,0.30743261663183347,0.003314224506684609,0.6115510087569825,0.0,-85.68381502432021,38.18964489781964
ssp585,Louisville,cehwi_day_all,cehwi,day,all,national,national,National,annual_all_days_primary,All calendar-year days; non-heatwave days contribute zero,"1,2,3,4,5,6,7,8,9,10,11,12",2025-2050,227760.0,51050.0,0.28217219415741235,0.0009245675100595898,0.67452797117742,0.28587649224354683,0.0009283157878741747,0.694416310244723,0.28587649224354683,-0.12266332575763171,0.694416310244723,0.0,-85.68381502432021,38.18964489781964
ssp585,Louisville,cehwi_night_all,cehwi,night,all,national,national,National,annual_all_days_primary,All calendar-year days; non-heatwave days contribute zero,"1,2,3,4,5,6,7,8,9,10,11,12",2025-2050,227760.0,5566.0,0.0,0.0,0.0035598218593248347,0.0,0.0,0.003565491067016866,-0.0030270383693967932,-0.009619567805810652,0.003565491067016866,0.0,-85.68381502432021,38.18964489781964
ssp585,Louisville,exceeded_quantity_composite_all,exceeded_quantity,composite,all,national,national,National,annual_all_days_primary,All calendar-year days; non-heatwave days contribute zero,"1,2,3,4,5,6,7,8,9,10,11,12",2025-2050,227760.0,20047.0,0.3144591761727242,0.0,0.7143443544111215,0.3218435305867282,0.0,0.7526565210486759,0.3218435305867282,-0.10896945987521893,0.7526565210486759,0.0,-85.68381502432021,38.18964489781964
ssp585,Louisville,exceeded_quantity_day_all,exceeded_quantity,day,all,national,national,National,annual_all_days_primary,All calendar-year days; non-heatwave days contribute zero,"1,2,3,4,5,6,7,8,9,10,11,12",2025-2050,227760.0,51050.0,0.3757541791547567,0.005898806047535867,0.8462776679389951,0.3814959819753246,0.005960147506903167,0.8728166790557004,0.3814959819753246,-0.10982471510505065,0.8728166790557004,0.0,-85.68381502432021,38.18964489781964
ssp585,Louisville,exceeded_quantity_night_all,exceeded_quantity,night,all,national,national,National,annual_all_days_primary,All calendar-year days; non-heatwave days contribute zero,"1,2,3,4,5,6,7,8,9,10,11,12",2025-2050,227760.0,5566.0,0.002402195084899717,0.0,0.01922324727102644,0.002404671101285413,0.0,0.01936467521227468,0.002404671101285413,-0.014555333009703818,0.01936467521227468,0.0,-85.68381502432021,38.18964489781964
ssp585,Lubbock,cehwi_composite_all,cehwi,composite,all,national,national,National,annual_all_days_primary,All calendar-year days; non-heatwave days contribute zero,"1,2,3,4,5,6,7,8,9,10,11,12",2025-2050,94900.0,16043.0,0.7226441445296699,0.02339591199173147,1.3906864164206418,0.7461864048084661,0.0234247900139629,1.4814294143063083,0.7461864048084661,0.010943395310624743,1.4814294143063083,0.0,-101.86846205987358,33.57347977527576
ssp585,Lubbock,cehwi_day_all,cehwi,day,all,national,national,National,annual_all_days_primary,All calendar-year days; non-heatwave days contribute zero,"1,2,3,4,5,6,7,8,9,10,11,12",2025-2050,94900.0,13703.0,0.16567680806567572,0.0014601305023830323,0.3913524765317292,0.1680223761198678,0.001467475839478998,0.40324564047088257,0.1680223761198678,-0.06720088823114855,0.40324564047088257,0.0,-101.86846205987358,33.57347977527576
ssp585,Lubbock,cehwi_night_all,cehwi,night,all,national,national,National,annual_all_days_primary,All calendar-year days; non-heatwave days contribute zero,"1,2,3,4,5,6,7,8,9,10,11,12",2025-2050,94900.0,9626.0,0.0,0.0,0.04902796343523716,0.0,0.0,0.04927245016103581,-0.04048253557474673,-0.1302375213105301,0.04927245016103581,0.0,-101.86846205987358,33.57347977527576
ssp585,Lubbock,exceeded_quantity_composite_all,exceeded_quantity,composite,all,national,national,National,annual_all_days_primary,All calendar-year days; non-heatwave days contribute zero,"1,2,3,4,5,6,7,8,9,10,11,12",2025-2050,94900.0,16043.0,0.6277998473118733,0.0,1.416296059433008,0.6434748334173586,0.0,1.496739300330263,0.6434748334173586,-0.20978963349554472,1.496739300330263,0.0,-101.86846205987358,33.57347977527576
ssp585,Lubbock,exceeded_quantity_day_all,exceeded_quantity,day,all,national,national,National,annual_all_days_primary,All calendar-year days; non-heatwave days contribute zero,"1,2,3,4,5,6,7,8,9,10,11,12",2025-2050,94900.0,13703.0,0.25087790536587096,0.0059816129879453825,0.5578295349661051,0.25508129660064854,0.0060515144314921745,0.5765981826614734,0.25508129660064854,-0.06643558946017597,0.5765981826614734,0.0,-101.86846205987358,33.57347977527576
ssp585,Lubbock,exceeded_quantity_night_all,exceeded_quantity,night,all,national,national,National,annual_all_days_primary,All calendar-year days; non-heatwave days contribute zero,"1,2,3,4,5,6,7,8,9,10,11,12",2025-2050,94900.0,9626.0,0.031735814425634466,0.0,0.20790552962995712,0.03184279464157001,0.0,0.21128121166533528,0.03184279464157001,-0.14759562238219545,0.21128121166533528,0.0,-101.86846205987358,33.57347977527576
ssp585,Mesa,cehwi_composite_all,cehwi,composite,all,national,national,National,annual_all_days_primary,All calendar-year days; non-heatwave days contribute zero,"1,2,3,4,5,6,7,8,9,10,11,12",2025-2050,75920.0,9721.0,0.4092876985657875,0.013144095106869463,0.7872105098293132,0.42039889732231195,0.013157434756085273,0.8296008693476569,0.42039889732231195,0.011196925296967534,0.8296008693476569,0.0,-111.7222897149077,33.41501904761478
ssp585,Mesa,cehwi_day_all,cehwi,day,all,national,national,National,annual_all_days_primary,All calendar-year days; non-heatwave days contribute zero,"1,2,3,4,5,6,7,8,9,10,11,12",2025-2050,75920.0,13277.0,0.2246340159549849,0.004856227124014166,0.5208683893777911,0.22833285261807226,0.004891443247986399,0.53845508920701,0.22833285261807226,-0.08178938397086744,0.53845508920701,0.0,-111.7222897149077,33.41501904761478
ssp585,Mesa,cehwi_night_all,cehwi,night,all,national,national,National,annual_all_days_primary,All calendar-year days; non-heatwave days contribute zero,"1,2,3,4,5,6,7,8,9,10,11,12",2025-2050,75920.0,9935.0,0.0,0.0,0.09243577711972341,0.0,0.0,0.09309448641908845,-0.07353394823835262,-0.24016238289579458,0.09309448641908845,0.0,-111.7222897149077,33.41501904761478
ssp585,Mesa,exceeded_quantity_composite_all,exceeded_quantity,composite,all,national,national,National,annual_all_days_primary,All calendar-year days; non-heatwave days contribute zero,"1,2,3,4,5,6,7,8,9,10,11,12",2025-2050,75920.0,9721.0,0.40676509756373097,0.0,0.9284274528656992,0.4158369024460566,0.0,0.9756743519623888,0.4158369024460566,-0.14400054707027501,0.9756743519623888,0.0,-111.7222897149077,33.41501904761478
ssp585,Mesa,exceeded_quantity_day_all,exceeded_quantity,day,all,national,national,National,annual_all_days_primary,All calendar-year days; non-heatwave days contribute zero,"1,2,3,4,5,6,7,8,9,10,11,12",2025-2050,75920.0,13277.0,0.3015647519295712,0.011625747180370937,0.6662865255041299,0.3069818563501808,0.011818565159707889,0.689189893803484,0.3069818563501808,-0.07522618110312172,0.689189893803484,0.0,-111.7222897149077,33.41501904761478
ssp585,Mesa,exceeded_quantity_night_all,exceeded_quantity,night,all,national,national,National,annual_all_days_primary,All calendar-year days; non-heatwave days contribute zero,"1,2,3,4,5,6,7,8,9,10,11,12",2025-2050,75920.0,9935.0,0.05121679815651094,0.0,0.3109167864284829,0.051445402171200895,0.0,0.316736380279888,0.051445402171200895,-0.21384557593748635,0.316736380279888,0.0,-111.7222897149077,33.41501904761478
ssp585,Miami,cehwi_composite_all,cehwi,composite,all,national,national,National,annual_all_days_primary,All calendar-year days; non-heatwave days contribute zero,"1,2,3,4,5,6,7,8,9,10,11,12",2025-2050,9490.0,824.0,0.0856470227873967,0.002348251743782472,0.16743927912098316,0.0864595454366925,0.002348899915043723,0.1705701909583418,0.0864595454366925,0.002348899915043723,0.1705701909583418,0.0,-80.21906371259311,25.778536464808017
ssp585,Miami,cehwi_day_all,cehwi,day,all,national,national,National,annual_all_days_primary,All calendar-year days; non-heatwave days contribute zero,"1,2,3,4,5,6,7,8,9,10,11,12",2025-2050,9490.0,2405.0,0.285954840377117,0.001329770014281922,0.6782839047931069,0.28993888612392105,0.0013369998534817574,0.6991491644339582,0.28993888612392105,-0.11927139218611896,0.6991491644339582,0.0,-80.21906371259311,25.778536464808017
ssp585,Miami,cehwi_night_all,cehwi,night,all,national,national,National,annual_all_days_primary,All calendar-year days; non-heatwave days contribute zero,"1,2,3,4,5,6,7,8,9,10,11,12",2025-2050,9490.0,1881.0,0.0,0.0,0.052742018318996504,0.0,0.0,0.05289149014770695,-0.04453357210235659,-0.1419586343524221,0.05289149014770695,0.0,-80.21906371259311,25.778536464808017
ssp585,Miami,exceeded_quantity_composite_all,exceeded_quantity,composite,all,national,national,National,annual_all_days_primary,All calendar-year days; non-heatwave days contribute zero,"1,2,3,4,5,6,7,8,9,10,11,12",2025-2050,9490.0,824.0,0.10538411933281555,0.0,0.25382692045630223,0.10625819730920676,0.0,0.25891698964077425,0.10625819730920676,-0.0464005950223605,0.25891698964077425,0.0,-80.21906371259311,25.778536464808017
ssp585,Miami,exceeded_quantity_day_all,exceeded_quantity,day,all,national,national,National,annual_all_days_primary,All calendar-year days; non-heatwave days contribute zero,"1,2,3,4,5,6,7,8,9,10,11,12",2025-2050,9490.0,2405.0,0.26330988494138674,1.7475603146962067e-05,0.6262839131421835,0.26575043106193447,1.7490110262252898e-05,0.6396216053041165,0.26575043106193447,-0.10812074318024652,0.6396216053041165,0.0,-80.21906371259311,25.778536464808017
ssp585,Miami,exceeded_quantity_night_all,exceeded_quantity,night,all,national,national,National,annual_all_days_primary,All calendar-year days; non-heatwave days contribute zero,"1,2,3,4,5,6,7,8,9,10,11,12",2025-2050,9490.0,1881.0,0.024146069499291045,0.0,0.19310982376193014,0.02417131501411119,0.0,0.1946079593116523,0.02417131501411119,-0.14626532928342995,0.1946079593116523,0.0,-80.21906371259311,25.778536464808017
ssp585,Milwaukee,cehwi_composite_all,cehwi,composite,all,national,national,National,annual_all_days_primary,All calendar-year days; non-heatwave days contribute zero,"1,2,3,4,5,6,7,8,9,10,11,12",2025-2050,113880.0,8568.0,0.27382734587994145,0.00873914793866281,0.5273001331251431,0.2814464394309763,0.008748092023721161,0.5566475472897224,0.2814464394309763,0.006245331572230308,0.5566475472897224,0.0,-87.95206111672199,43.04180163093047
ssp585,Milwaukee,cehwi_day_all,cehwi,day,all,national,national,National,annual_all_days_primary,All calendar-year days; non-heatwave days contribute zero,"1,2,3,4,5,6,7,8,9,10,11,12",2025-2050,113880.0,20669.0,0.2705906768105209,0.002624691189884642,0.6313400713719127,0.2748852717971707,0.0026415669307258186,0.6528554127155383,0.2748852717971707,-0.1030848691211984,0.6528554127155383,0.0,-87.95206111672199,43.04180163093047
ssp585,Milwaukee,cehwi_night_all,cehwi,night,all,national,national,National,annual_all_days_primary,All calendar-year days; non-heatwave days contribute zero,"1,2,3,4,5,6,7,8,9,10,11,12",2025-2050,113880.0,1820.0,0.0,0.0,0.005098102971528286,0.0,0.0,0.005114832622694984,-0.004294176654487973,-0.01370318593167108,0.005114832622694984,0.0,-87.95206111672199,43.04180163093047
ssp585,Milwaukee,exceeded_quantity_composite_all,exceeded_quantity,composite,all,national,national,National,annual_all_days_primary,All calendar-year days; non-heatwave days contribute zero,"1,2,3,4,5,6,7,8,9,10,11,12",2025-2050,113880.0,8568.0,0.32482034320089737,0.00048417520645816365,0.7258018653870982,0.33397681673353996,0.0004876837948796084,0.7721624414546504,0.33397681673353996,-0.10420880798757026,0.7721624414546504,0.0,-87.95206111672199,43.04180163093047
ssp585,Milwaukee,exceeded_quantity_day_all,exceeded_quantity,day,all,national,national,National,annual_all_days_primary,All calendar-year days; non-heatwave days contribute zero,"1,2,3,4,5,6,7,8,9,10,11,12",2025-2050,113880.0,20669.0,0.4330490901569084,0.029997637890321276,0.9120948769776722,0.44324280906366953,0.030526774422854664,0.951133343705648,0.44324280906366953,-0.06464772557830835,0.951133343705648,0.0,-87.95206111672199,43.04180163093047
ssp585,Milwaukee,exceeded_quantity_night_all,exceeded_quantity,night,all,national,national,National,annual_all_days_primary,All calendar-year days; non-heatwave days contribute zero,"1,2,3,4,5,6,7,8,9,10,11,12",2025-2050,113880.0,1820.0,0.003688250576600548,0.0,0.025497321678976916,0.0036980187779092266,0.0,0.02585367054893183,0.0036980187779092266,-0.018457632993113374,0.02585367054893183,0.0,-87.95206111672199,43.04180163093047
ssp585,Minneapolis,cehwi_composite_all,cehwi,composite,all,national,national,National,annual_all_days_primary,All calendar-year days; non-heatwave days contribute zero,"1,2,3,4,5,6,7,8,9,10,11,12",2025-2050,66430.0,3164.0,0.177371216808221,0.005848188646940293,0.34039719762609044,0.18212808434118724,0.005854041440696384,0.35841499825854345,0.18212808434118724,0.005841170423831227,0.35841499825854345,0.0,-93.270301483301,44.960120100206886
ssp585,Minneapolis,cehwi_day_all,cehwi,day,all,national,national,National,annual_all_days_primary,All calendar-year days; non-heatwave days contribute zero,"1,2,3,4,5,6,7,8,9,10,11,12",2025-2050,66430.0,13935.0,0.3930673644769745,0.007736693124520744,0.895278701874423,0.4003936666715264,0.007799995716712564,0.9299311925413036,0.4003936666715264,-0.1291438591982521,0.9299311925413036,0.0,-93.270301483301,44.960120100206886
ssp585,Minneapolis,cehwi_night_all,cehwi,night,all,national,national,National,annual_all_days_primary,All calendar-year days; non-heatwave days contribute zero,"1,2,3,4,5,6,7,8,9,10,11,12",2025-2050,66430.0,216.0,0.0,0.0,0.0005511904304295375,0.0,0.0,0.0005521648636369643,-0.00046835540807744407,-0.0014888756797918853,0.0005521648636369643,0.0,-93.270301483301,44.960120100206886
ssp585,Minneapolis,exceeded_quantity_composite_all,exceeded_quantity,composite,all,national,national,National,annual_all_days_primary,All calendar-year days; non-heatwave days contribute zero,"1,2,3,4,5,6,7,8,9,10,11,12",2025-2050,66430.0,3164.0,0.21683292797988118,0.0,0.48559506477971004,0.22264759468718423,0.0,0.515378355137506,0.22264759468718423,-0.07008316576313724,0.515378355137506,0.0,-93.270301483301,44.960120100206886
ssp585,Minneapolis,exceeded_quantity_day_all,exceeded_quantity,day,all,national,national,National,annual_all_days_primary,All calendar-year days; non-heatwave days contribute zero,"1,2,3,4,5,6,7,8,9,10,11,12",2025-2050,66430.0,13935.0,0.5558404526382641,0.0462682204913194,1.1488096245432116,0.5701234584199555,0.04711085629756616,1.201567692694844,0.5701234584199555,-0.06132077585493233,1.201567692694844,0.0,-93.270301483301,44.960120100206886
ssp585,Minneapolis,exceeded_quantity_night_all,exceeded_quantity,night,all,national,national,National,annual_all_days_primary,All calendar-year days; non-heatwave days contribute zero,"1,2,3,4,5,6,7,8,9,10,11,12",2025-2050,66430.0,216.0,0.0005291218264361845,0.0,0.0040311587991756865,0.0005299321264198224,0.0,0.0040727048535671466,0.0005299321264198224,-0.0030128406007275013,0.0040727048535671466,0.0,-93.270301483301,44.960120100206886
ssp585,Miramar,cehwi_composite_all,cehwi,composite,all,national,national,National,annual_all_days_primary,All calendar-year days; non-heatwave days contribute zero,"1,2,3,4,5,6,7,8,9,10,11,12",2025-2050,18980.0,1864.0,0.09487393749711988,0.0025918163682649717,0.18553893964471047,0.0957448127323468,0.0025924982535023965,0.18889712721119178,0.0957448127323468,0.0025924982535023965,0.18889712721119178,0.0,-80.30889524100506,25.980599743327616
ssp585,Miramar,cehwi_day_all,cehwi,day,all,national,national,National,annual_all_days_primary,All calendar-year days; non-heatwave days contribute zero,"1,2,3,4,5,6,7,8,9,10,11,12",2025-2050,18980.0,4824.0,0.28503959530439066,0.0012567051547185111,0.6793477207909042,0.288860319733707,0.001262610964266963,0.6996176167776588,0.288860319733707,-0.1218969773102474,0.6996176167776588,0.0,-80.30889524100506,25.980599743327616
ssp585,Miramar,cehwi_night_all,cehwi,night,all,national,national,National,annual_all_days_primary,All calendar-year days; non-heatwave days contribute zero,"1,2,3,4,5,6,7,8,9,10,11,12",2025-2050,18980.0,3982.0,0.0,0.0,0.06521340246150974,0.0,0.0,0.06543427619119192,-0.054818810898132765,-0.1750718979874596,0.06543427619119192,0.0,-80.30889524100506,25.980599743327616
ssp585,Miramar,exceeded_quantity_composite_all,exceeded_quantity,composite,all,national,national,National,annual_all_days_primary,All calendar-year days; non-heatwave days contribute zero,"1,2,3,4,5,6,7,8,9,10,11,12",2025-2050,18980.0,1864.0,0.11685082650193634,0.0,0.2817464105416369,0.11778251069511594,0.0,0.2871881043866873,0.11778251069511594,-0.051623082996455065,0.2871881043866873,0.0,-80.30889524100506,25.980599743327616
ssp585,Miramar,exceeded_quantity_day_all,exceeded_quantity,day,all,national,national,National,annual_all_days_primary,All calendar-year days; non-heatwave days contribute zero,"1,2,3,4,5,6,7,8,9,10,11,12",2025-2050,18980.0,4824.0,0.2613701347479455,4.9671817522258697e-05,0.6248468055124761,0.2636469196750703,4.9751484980736565e-05,0.6374918875233649,0.2636469196750703,-0.11019804817322337,0.6374918875233649,0.0,-80.30889524100506,25.980599743327616
ssp585,Miramar,exceeded_quantity_night_all,exceeded_quantity,night,all,national,national,National,annual_all_days_primary,All calendar-year days; non-heatwave days contribute zero,"1,2,3,4,5,6,7,8,9,10,11,12",2025-2050,18980.0,3982.0,0.028668235150890415,0.0,0.22599073500788353,0.02870254180769356,0.0,0.2279353862502585,0.02870254180769356,-0.17053030263487148,0.2279353862502585,0.0,-80.30889524100506,25.980599743327616
ssp585,Nashville,cehwi_composite_all,cehwi,composite,all,national,national,National,annual_all_days_primary,All calendar-year days; non-heatwave days contribute zero,"1,2,3,4,5,6,7,8,9,10,11,12",2025-2050,275210.0,40222.0,0.459552579618549,0.01447350376072485,0.8866039819094725,0.47188165080918737,0.014487967364245798,0.9340157671289715,0.47188165080918737,0.009747534489403567,0.9340157671289715,0.0,-86.77366764775488,36.19153461330117
ssp585,Nashville,cehwi_day_all,cehwi,day,all,national,national,National,annual_all_days_primary,All calendar-year days; non-heatwave days contribute zero,"1,2,3,4,5,6,7,8,9,10,11,12",2025-2050,275210.0,48353.0,0.16412946741793294,0.0023037569479138205,0.39271179437904546,0.16619222425072108,0.002321166916257443,0.40308409477442314,0.16619222425072108,-0.07069964627298346,0.40308409477442314,0.0,-86.77366764775488,36.19153461330117
ssp585,Nashville,cehwi_night_all,cehwi,night,all,national,national,National,annual_all_days_primary,All calendar-year days; non-heatwave days contribute zero,"1,2,3,4,5,6,7,8,9,10,11,12",2025-2050,275210.0,31590.0,0.0,0.0,0.03934891277193375,0.0,0.0,0.03950306712606492,-0.03281322932489279,-0.10512952577585158,0.03950306712606492,0.0,-86.77366764775488,36.19153461330117
ssp585,Nashville,exceeded_quantity_composite_all,exceeded_quantity,composite,all,national,national,National,annual_all_days_primary,All calendar-year days; non-heatwave days contribute zero,"1,2,3,4,5,6,7,8,9,10,11,12",2025-2050,275210.0,40222.0,0.432882123050611,0.0,0.9958281881178321,0.44172543656810576,0.0,1.0426268895493427,0.44172543656810576,-0.15917601641313062,1.0426268895493427,0.0,-86.77366764775488,36.19153461330117
ssp585,Nashville,exceeded_quantity_day_all,exceeded_quantity,day,all,national,national,National,annual_all_days_primary,All calendar-year days; non-heatwave days contribute zero,"1,2,3,4,5,6,7,8,9,10,11,12",2025-2050,275210.0,48353.0,0.2194924808446712,0.0007182263744705931,0.5165567487863981,0.22179929452137961,0.0007225208754349353,0.5286513222593693,0.22179929452137961,-0.08505273321660954,0.5286513222593693,0.0,-86.77366764775488,36.19153461330117
ssp585,Nashville,exceeded_quantity_night_all,exceeded_quantity,night,all,national,national,National,annual_all_days_primary,All calendar-year days; non-heatwave days contribute zero,"1,2,3,4,5,6,7,8,9,10,11,12",2025-2050,275210.0,31590.0,0.019419820744539715,0.0,0.14943593825358759,0.019448206066894597,0.0,0.15091168189333562,0.019448206066894597,-0.11201526975954658,0.15091168189333562,0.0,-86.77366764775488,36.19153461330117
ssp585,New_York,cehwi_composite_all,cehwi,composite,all,national,national,National,annual_all_days_primary,All calendar-year days; non-heatwave days contribute zero,"1,2,3,4,5,6,7,8,9,10,11,12",2025-2050,180310.0,12683.0,0.2521333708764646,0.008052078338866538,0.48503128922840394,0.2589924774920679,0.008060138254432789,0.5112437765272102,0.2589924774920679,0.006741178456925856,0.5112437765272102,0.0,-73.93385110803686,40.68503572090172
ssp585,New_York,cehwi_day_all,cehwi,day,all,national,national,National,annual_all_days_primary,All calendar-year days; non-heatwave days contribute zero,"1,2,3,4,5,6,7,8,9,10,11,12",2025-2050,180310.0,26770.0,0.1514081773977625,0.0,0.37285801999620644,0.15285754402975085,0.0,0.3814333294579332,0.15285754402975085,-0.07571824139843335,0.3814333294579332,0.0,-73.93385110803686,40.68503572090172
ssp585,New_York,cehwi_night_all,cehwi,night,all,national,national,National,annual_all_days_primary,All calendar-year days; non-heatwave days contribute zero,"1,2,3,4,5,6,7,8,9,10,11,12",2025-2050,180310.0,3670.0,0.0,0.0,0.005682927645688579,0.0,0.0,0.0056999737778590425,-0.004790760667754074,-0.01528149511336738,0.0056999737778590425,0.0,-73.93385110803686,40.68503572090172
ssp585,New_York,exceeded_quantity_composite_all,exceeded_quantity,composite,all,national,national,National,annual_all_days_primary,All calendar-year days; non-heatwave days contribute zero,"1,2,3,4,5,6,7,8,9,10,11,12",2025-2050,180310.0,12683.0,0.2793049772650299,0.00020391543135513964,0.6288945282163996,0.2864903211357659,0.00020524052019568384,0.6654851240685572,0.2864903211357659,-0.09250448179702492,0.6654851240685572,0.0,-73.93385110803686,40.68503572090172
ssp585,New_York,exceeded_quantity_day_all,exceeded_quantity,day,all,national,national,National,annual_all_days_primary,All calendar-year days; non-heatwave days contribute zero,"1,2,3,4,5,6,7,8,9,10,11,12",2025-2050,180310.0,26770.0,0.2781313102458894,0.007676294814903457,0.6163209195971147,0.2829429614215689,0.007783083149828127,0.6374982077700659,0.2829429614215689,-0.07161228492692771,0.6374982077700659,0.0,-73.93385110803686,40.68503572090172
ssp585,New_York,exceeded_quantity_night_all,exceeded_quantity,night,all,national,national,National,annual_all_days_primary,All calendar-year days; non-heatwave days contribute zero,"1,2,3,4,5,6,7,8,9,10,11,12",2025-2050,180310.0,3670.0,0.004653925232429866,0.0,0.032327566364166775,0.004665519367635064,0.0,0.032781448845569244,0.004665519367635064,-0.02345041011029913,0.032781448845569244,0.0,-73.93385110803686,40.68503572090172
ssp585,Newark,cehwi_composite_all,cehwi,composite,all,national,national,National,annual_all_days_primary,All calendar-year days; non-heatwave days contribute zero,"1,2,3,4,5,6,7,8,9,10,11,12",2025-2050,28470.0,1406.0,0.165457317557818,0.0051017447840916936,0.31904528605918087,0.16958241429508866,0.005106229485153401,0.33485161535943575,0.16958241429508866,0.004313213230741734,0.33485161535943575,0.0,-74.18238500330992,40.73053616358863
ssp585,Newark,cehwi_day_all,cehwi,day,all,national,national,National,annual_all_days_primary,All calendar-year days; non-heatwave days contribute zero,"1,2,3,4,5,6,7,8,9,10,11,12",2025-2050,28470.0,4448.0,0.1774470192633059,0.0,0.4351770070466406,0.17926689177543328,0.0,0.44586505285168965,0.17926689177543328,-0.08733126930082477,0.44586505285168965,0.0,-74.18238500330992,40.73053616358863
ssp585,Newark,cehwi_night_all,cehwi,night,all,national,national,National,annual_all_days_primary,All calendar-year days; non-heatwave days contribute zero,"1,2,3,4,5,6,7,8,9,10,11,12",2025-2050,28470.0,478.0,0.0,0.0,0.00526968773713231,0.0,0.0,0.005287615358590864,-0.004430528888678419,-0.014148673135947865,0.005287615358590864,0.0,-74.18238500330992,40.73053616358863
ssp585,Newark,exceeded_quantity_composite_all,exceeded_quantity,composite,all,national,national,National,annual_all_days_primary,All calendar-year days; non-heatwave days contribute zero,"1,2,3,4,5,6,7,8,9,10,11,12",2025-2050,28470.0,1406.0,0.20197838763284753,6.51198886569157e-05,0.4556715739139373,0.20708874027660143,6.526786680283738e-05,0.48191265561874014,0.20708874027660143,-0.06773517506553706,0.48191265561874014,0.0,-74.18238500330992,40.73053616358863
ssp585,Newark,exceeded_quantity_day_all,exceeded_quantity,day,all,national,national,National,annual_all_days_primary,All calendar-year days; non-heatwave days contribute zero,"1,2,3,4,5,6,7,8,9,10,11,12",2025-2050,28470.0,4448.0,0.321833493559492,0.011144826668552673,0.7044611022580644,0.32784092633239287,0.01129842475699916,0.7301699380152599,0.32784092633239287,-0.07448808535047367,0.7301699380152599,0.0,-74.18238500330992,40.73053616358863
ssp585,Newark,exceeded_quantity_night_all,exceeded_quantity,night,all,national,national,National,annual_all_days_primary,All calendar-year days; non-heatwave days contribute zero,"1,2,3,4,5,6,7,8,9,10,11,12",2025-2050,28470.0,478.0,0.004225420126705834,0.0,0.02858708627961541,0.004236937157687851,0.0,0.029018655934929766,0.004236937157687851,-0.02054478161955409,0.029018655934929766,0.0,-74.18238500330992,40.73053616358863
ssp585,Oakland,cehwi_composite_all,cehwi,composite,all,national,national,National,annual_all_days_primary,All calendar-year days; non-heatwave days contribute zero,"1,2,3,4,5,6,7,8,9,10,11,12",2025-2050,66430.0,42.0,0.003024225786791307,0.00010414771994407391,0.0057881040786254495,0.003111600900562371,0.00010425660419710326,0.006118945196927638,0.003111600900562371,0.00010425660419710326,0.006118945196927638,0.0,-122.21938649647218,37.78069814132114
ssp585,Oakland,cehwi_day_all,cehwi,day,all,national,national,National,annual_all_days_primary,All calendar-year days; non-heatwave days contribute zero,"1,2,3,4,5,6,7,8,9,10,11,12",2025-2050,66430.0,16035.0,0.4482661807745341,0.006303387059295762,1.025092905797631,0.45640242756646277,0.006343603397383328,1.0644426185559208,0.45640242756646277,-0.15163776342299676,1.0644426185559208,0.0,-122.21938649647218,37.78069814132114
ssp585,Oakland,cehwi_night_all,cehwi,night,all,national,national,National,annual_all_days_primary,All calendar-year days; non-heatwave days contribute zero,"1,2,3,4,5,6,7,8,9,10,11,12",2025-2050,66430.0,0.0,0.0,0.0,0.0,0.0,0.0,0.0,0.0,0.0,0.0,0.0,-122.21938649647218,37.78069814132114
ssp585,Oakland,exceeded_quantity_composite_all,exceeded_quantity,composite,all,national,national,National,annual_all_days_primary,All calendar-year days; non-heatwave days contribute zero,"1,2,3,4,5,6,7,8,9,10,11,12",2025-2050,66430.0,42.0,0.004664713512043941,0.0,0.009824155768182475,0.004846569251699569,0.0,0.010680412879605472,0.004846569251699569,-0.0009872743762063348,0.010680412879605472,0.0,-122.21938649647218,37.78069814132114
ssp585,Oakland,exceeded_quantity_day_all,exceeded_quantity,day,all,national,national,National,annual_all_days_primary,All calendar-year days; non-heatwave days contribute zero,"1,2,3,4,5,6,7,8,9,10,11,12",2025-2050,66430.0,16035.0,0.6621917821424292,0.061126281644622825,1.3573174848408192,0.6800725746925605,0.062311028674011996,1.4217634424801113,0.6800725746925605,-0.06161829309498958,1.4217634424801113,0.0,-122.21938649647218,37.78069814132114
ssp585,Oakland,exceeded_quantity_night_all,exceeded_quantity,night,all,national,national,National,annual_all_days_primary,All calendar-year days; non-heatwave days contribute zero,"1,2,3,4,5,6,7,8,9,10,11,12",2025-2050,66430.0,0.0,0.0,0.0,0.0,0.0,0.0,0.0,0.0,0.0,0.0,0.0,-122.21938649647218,37.78069814132114
ssp585,Oklahoma_City,cehwi_composite_all,cehwi,composite,all,national,national,National,annual_all_days_primary,All calendar-year days; non-heatwave days contribute zero,"1,2,3,4,5,6,7,8,9,10,11,12",2025-2050,275210.0,48960.0,0.7579874044633987,0.02311843781886476,1.4672212725849894,0.783080413110218,0.023147019566150617,1.565269016341216,0.783080413110218,0.0008918098792209481,1.565269016341216,0.0,-97.51318175134928,35.47080687822383
ssp585,Oklahoma_City,cehwi_day_all,cehwi,day,all,national,national,National,annual_all_days_primary,All calendar-year days; non-heatwave days contribute zero,"1,2,3,4,5,6,7,8,9,10,11,12",2025-2050,275210.0,29879.0,0.06757493198185681,0.0,0.1691956345444205,0.06803189919639088,0.0,0.17201958602428472,0.06803189919639088,-0.0359557876315047,0.17201958602428472,0.0,-97.51318175134928,35.47080687822383
ssp585,Oklahoma_City,cehwi_night_all,cehwi,night,all,national,national,National,annual_all_days_primary,All calendar-year days; non-heatwave days contribute zero,"1,2,3,4,5,6,7,8,9,10,11,12",2025-2050,275210.0,31778.0,0.0,0.0,0.04340808419085058,0.0,0.0,0.04356210549100917,-0.03649537729954899,-0.11655286009010825,0.04356210549100917,0.0,-97.51318175134928,35.47080687822383
ssp585,Oklahoma_City,exceeded_quantity_composite_all,exceeded_quantity,composite,all,national,national,National,annual_all_days_primary,All calendar-year days; non-heatwave days contribute zero,"1,2,3,4,5,6,7,8,9,10,11,12",2025-2050,275210.0,48960.0,0.6670124384903644,0.0002739905972922179,1.494869039836121,0.6849241219046052,0.00027567221305905247,1.585006630258474,0.6849241219046052,-0.2151583864492626,1.585006630258474,0.0,-97.51318175134928,35.47080687822383
ssp585,Oklahoma_City,exceeded_quantity_day_all,exceeded_quantity,day,all,national,national,National,annual_all_days_primary,All calendar-year days; non-heatwave days contribute zero,"1,2,3,4,5,6,7,8,9,10,11,12",2025-2050,275210.0,29879.0,0.1356661149138537,0.0005078960801238986,0.31721871240176147,0.13718591653007262,0.0005116882655350585,0.32506615104733955,0.13718591653007262,-0.05069431798719385,0.32506615104733955,0.0,-97.51318175134928,35.47080687822383
ssp585,Oklahoma_City,exceeded_quantity_night_all,exceeded_quantity,night,all,national,national,National,annual_all_days_primary,All calendar-year days; non-heatwave days contribute zero,"1,2,3,4,5,6,7,8,9,10,11,12",2025-2050,275210.0,31778.0,0.025714642278425164,0.0,0.1846108861602278,0.025771751223343006,0.0,0.18698296883816976,0.025771751223343006,-0.13543946639148388,0.18698296883816976,0.0,-97.51318175134928,35.47080687822383
ssp585,Orlando,cehwi_composite_all,cehwi,composite,all,national,national,National,annual_all_days_primary,All calendar-year days; non-heatwave days contribute zero,"1,2,3,4,5,6,7,8,9,10,11,12",2025-2050,123370.0,13805.0,0.1704087502229017,0.004921077930606551,0.3314157828710487,0.1728576500698529,0.004923423412383182,0.3407918767273232,0.1728576500698529,0.004923423412383182,0.3407918767273232,0.0,-81.35232299409775,28.49312681063099
ssp585,Orlando,cehwi_day_all,cehwi,day,all,national,national,National,annual_all_days_primary,All calendar-year days; non-heatwave days contribute zero,"1,2,3,4,5,6,7,8,9,10,11,12",2025-2050,123370.0,25796.0,0.3071622645661515,0.008874871885820021,0.6924971561807862,0.31316460029494875,0.008956145176742357,0.7194990719891318,0.31316460029494875,-0.09316987139923635,0.7194990719891318,0.0,-81.35232299409775,28.49312681063099
ssp585,Orlando,cehwi_night_all,cehwi,night,all,national,national,National,annual_all_days_primary,All calendar-year days; non-heatwave days contribute zero,"1,2,3,4,5,6,7,8,9,10,11,12",2025-2050,123370.0,26003.0,0.0,0.0,0.08848764673676374,0.0,0.0,0.08889650785059044,-0.07323911468910561,-0.23537473722880348,0.08889650785059044,0.0,-81.35232299409775,28.49312681063099
ssp585,Orlando,exceeded_quantity_composite_all,exceeded_quantity,composite,all,national,national,National,annual_all_days_primary,All calendar-year days; non-heatwave days contribute zero,"1,2,3,4,5,6,7,8,9,10,11,12",2025-2050,123370.0,13805.0,0.18263033717452354,0.0,0.4358217106496353,0.1846620927303417,0.0,0.44743704924132416,0.1846620927303417,-0.07811286378064033,0.44743704924132416,0.0,-81.35232299409775,28.49312681063099
ssp585,Orlando,exceeded_quantity_day_all,exceeded_quantity,day,all,national,national,National,annual_all_days_primary,All calendar-year days; non-heatwave days contribute zero,"1,2,3,4,5,6,7,8,9,10,11,12",2025-2050,123370.0,25796.0,0.28007307769037254,0.001213130686617037,0.6513479583398674,0.2833793259128658,0.0012211270884045717,0.6682232579415924,0.2833793259128658,-0.1014646061158599,0.6682232579415924,0.0,-81.35232299409775,28.49312681063099
ssp585,Orlando,exceeded_quantity_night_all,exceeded_quantity,night,all,national,national,National,annual_all_days_primary,All calendar-year days; non-heatwave days contribute zero,"1,2,3,4,5,6,7,8,9,10,11,12",2025-2050,123370.0,26003.0,0.038377984863466684,0.0,0.28647173641890283,0.03844601466194608,0.0,0.2896770419340759,0.03844601466194608,-0.2127850126101839,0.2896770419340759,0.0,-81.35232299409775,28.49312681063099
ssp585,Overland_Park,cehwi_composite_all,cehwi,composite,all,national,national,National,annual_all_days_primary,All calendar-year days; non-heatwave days contribute zero,"1,2,3,4,5,6,7,8,9,10,11,12",2025-2050,56940.0,9229.0,0.6388589581191306,0.01858159227341363,1.249869541404002,0.6587476384906495,0.018602690267524927,1.3296740906907132,0.6587476384906495,-0.01217881370941322,1.3296740906907132,0.0,-94.6819397869174,38.90919757348814
ssp585,Overland_Park,cehwi_day_all,cehwi,day,all,national,national,National,annual_all_days_primary,All calendar-year days; non-heatwave days contribute zero,"1,2,3,4,5,6,7,8,9,10,11,12",2025-2050,56940.0,7550.0,0.08933558878504222,0.0,0.22346972874716023,0.08995993045701545,0.0,0.2273237704101792,0.08995993045701545,-0.047403909496150504,0.2273237704101792,0.0,-94.6819397869174,38.90919757348814
ssp585,Overland_Park,cehwi_night_all,cehwi,night,all,national,national,National,annual_all_days_primary,All calendar-year days; non-heatwave days contribute zero,"1,2,3,4,5,6,7,8,9,10,11,12",2025-2050,56940.0,5778.0,0.0,0.0,0.03602736299716504,0.0,0.0,0.0361520715695703,-0.030277003378500006,-0.09670607832657133,0.0361520715695703,0.0,-94.6819397869174,38.90919757348814
ssp585,Overland_Park,exceeded_quantity_composite_all,exceeded_quantity,composite,all,national,national,National,annual_all_days_primary,All calendar-year days; non-heatwave days contribute zero,"1,2,3,4,5,6,7,8,9,10,11,12",2025-2050,56940.0,9229.0,0.5907499783219552,5.210783408423884e-05,1.3314366581271526,0.6057552242076134,5.237471516497173e-05,1.408046799584572,0.6057552242076134,-0.19653635116934426,1.408046799584572,0.0,-94.6819397869174,38.90919757348814
ssp585,Overland_Park,exceeded_quantity_day_all,exceeded_quantity,day,all,national,national,National,annual_all_days_primary,All calendar-year days; non-heatwave days contribute zero,"1,2,3,4,5,6,7,8,9,10,11,12",2025-2050,56940.0,7550.0,0.16072393918905828,0.0005906708437087788,0.379198832265122,0.16237945187038133,0.0006002726103670306,0.38788794174111824,0.16237945187038133,-0.06312903800035519,0.38788794174111824,0.0,-94.6819397869174,38.90919757348814
ssp585,Overland_Park,exceeded_quantity_night_all,exceeded_quantity,night,all,national,national,National,annual_all_days_primary,All calendar-year days; non-heatwave days contribute zero,"1,2,3,4,5,6,7,8,9,10,11,12",2025-2050,56940.0,5778.0,0.022372839365941016,0.0,0.1652495598089899,0.022414543211304417,0.0,0.16724834770797906,0.022414543211304417,-0.12241926128537037,0.16724834770797906,0.0,-94.6819397869174,38.90919757348814
ssp585,Palm_Bay,cehwi_composite_all,cehwi,composite,all,national,national,National,annual_all_days_primary,All calendar-year days; non-heatwave days contribute zero,"1,2,3,4,5,6,7,8,9,10,11,12",2025-2050,56940.0,4633.0,0.09549415560930363,0.002646908502484997,0.18643694105577852,0.09652412500018624,0.0026477602963125607,0.19040048970406034,0.09652412500018624,0.0026477602963125607,0.19040048970406034,0.0,-80.66822135465287,27.98177179128451
ssp585,Palm_Bay,cehwi_day_all,cehwi,day,all,national,national,National,annual_all_days_primary,All calendar-year days; non-heatwave days contribute zero,"1,2,3,4,5,6,7,8,9,10,11,12",2025-2050,56940.0,13469.0,0.33932338045881316,0.008528331386963883,0.7722739922498469,0.3456307825101557,0.008603912417594721,0.8013944898438553,0.3456307825101557,-0.11013292482354625,0.8013944898438553,0.0,-80.66822135465287,27.98177179128451
ssp585,Palm_Bay,cehwi_night_all,cehwi,night,all,national,national,National,annual_all_days_primary,All calendar-year days; non-heatwave days contribute zero,"1,2,3,4,5,6,7,8,9,10,11,12",2025-2050,56940.0,11819.0,0.0,0.0,0.07845438956764693,0.0,0.0,0.07879780074464626,-0.0651747975952157,-0.20914739593507956,0.07879780074464626,0.0,-80.66822135465287,27.98177179128451
ssp585,Palm_Bay,exceeded_quantity_composite_all,exceeded_quantity,composite,all,national,national,National,annual_all_days_primary,All calendar-year days; non-heatwave days contribute zero,"1,2,3,4,5,6,7,8,9,10,11,12",2025-2050,56940.0,4633.0,0.11117731424329785,0.0,0.26728311489855305,0.11217668048400847,0.0,0.2730982976408133,0.11217668048400847,-0.04874493667279606,0.2730982976408133,0.0,-80.66822135465287,27.98177179128451
ssp585,Palm_Bay,exceeded_quantity_day_all,exceeded_quantity,day,all,national,national,National,annual_all_days_primary,All calendar-year days; non-heatwave days contribute zero,"1,2,3,4,5,6,7,8,9,10,11,12",2025-2050,56940.0,13469.0,0.3164413462054929,0.0018738697546053166,0.7323446042170488,0.320335420728092,0.001886456062040387,0.7518850847233883,0.320335420728092,-0.11121424326720362,0.7518850847233883,0.0,-80.66822135465287,27.98177179128451
ssp585,Palm_Bay,exceeded_quantity_night_all,exceeded_quantity,night,all,national,national,National,annual_all_days_primary,All calendar-year days; non-heatwave days contribute zero,"1,2,3,4,5,6,7,8,9,10,11,12",2025-2050,56940.0,11819.0,0.033247158357760764,0.0,0.25333059404785313,0.03329911119602106,0.0,0.25589541259798565,0.03329911119602106,-0.18929719020594363,0.25589541259798565,0.0,-80.66822135465287,27.98177179128451
ssp585,Philadelphia,cehwi_composite_all,cehwi,composite,all,national,national,National,annual_all_days_primary,All calendar-year days; non-heatwave days contribute zero,"1,2,3,4,5,6,7,8,9,10,11,12",2025-2050,151840.0,10312.0,0.20754666942721495,0.0065920056922161826,0.39961111851618536,0.21250331388161278,0.006597698735561186,0.4184374211209929,0.21250331388161278,0.006569206642232774,0.4184374211209929,0.0,-75.13796788679207,40.013611438447285
ssp585,Philadelphia,cehwi_day_all,cehwi,day,all,national,national,National,annual_all_days_primary,All calendar-year days; non-heatwave days contribute zero,"1,2,3,4,5,6,7,8,9,10,11,12",2025-2050,151840.0,23510.0,0.1444375281160107,0.0001417518041023694,0.35611954482062724,0.14576314512324937,0.00014211867789822003,0.3638560536104655,0.14576314512324937,-0.07232976336396885,0.3638560536104655,0.0,-75.13796788679207,40.013611438447285
ssp585,Philadelphia,cehwi_night_all,cehwi,night,all,national,national,National,annual_all_days_primary,All calendar-year days; non-heatwave days contribute zero,"1,2,3,4,5,6,7,8,9,10,11,12",2025-2050,151840.0,5953.0,0.0,0.0,0.013847348311582804,0.0,0.0,0.013898604118204047,-0.011600318590703994,-0.03709924129961241,0.013898604118204047,0.0,-75.13796788679207,40.013611438447285
ssp585,Philadelphia,exceeded_quantity_composite_all,exceeded_quantity,composite,all,national,national,National,annual_all_days_primary,All calendar-year days; non-heatwave days contribute zero,"1,2,3,4,5,6,7,8,9,10,11,12",2025-2050,151840.0,10312.0,0.24301424046092665,1.8649169165567703e-05,0.5532669315542814,0.24861617431547706,1.8729077076837463e-05,0.582428353513851,0.24861617431547706,-0.08519600488289666,0.582428353513851,0.0,-75.13796788679207,40.013611438447285
ssp585,Philadelphia,exceeded_quantity_day_all,exceeded_quantity,day,all,national,national,National,annual_all_days_primary,All calendar-year days; non-heatwave days contribute zero,"1,2,3,4,5,6,7,8,9,10,11,12",2025-2050,151840.0,23510.0,0.25734539720909944,0.0034294741656978357,0.5824411034913245,0.2611668425921071,0.003472403453492245,0.600387998796144,0.2611668425921071,-0.07805431361192947,0.600387998796144,0.0,-75.13796788679207,40.013611438447285
ssp585,Philadelphia,exceeded_quantity_night_all,exceeded_quantity,night,all,national,national,National,annual_all_days_primary,All calendar-year days; non-heatwave days contribute zero,"1,2,3,4,5,6,7,8,9,10,11,12",2025-2050,151840.0,5953.0,0.009282354755301913,0.0,0.06538564526643625,0.00930479247231314,0.0,0.06627444586930352,0.00930479247231314,-0.04766486092467729,0.06627444586930352,0.0,-75.13796788679207,40.013611438447285
ssp585,Phoenix,cehwi_composite_all,cehwi,composite,all,national,national,National,annual_all_days_primary,All calendar-year days; non-heatwave days contribute zero,"1,2,3,4,5,6,7,8,9,10,11,12",2025-2050,294190.0,36024.0,0.3771478198478324,0.012034795063292638,0.7253362505836771,0.38718233633850163,0.012046724324524234,0.7635567500169513,0.38718233633850163,0.010807922660052397,0.7635567500169513,0.0,-112.08811946862154,33.55574616532266
ssp585,Phoenix,cehwi_day_all,cehwi,day,all,national,national,National,annual_all_days_primary,All calendar-year days; non-heatwave days contribute zero,"1,2,3,4,5,6,7,8,9,10,11,12",2025-2050,294190.0,52620.0,0.2211420137981714,0.003903517297692925,0.5149630000858629,0.2246438650556245,0.003929964286590589,0.5318331624698645,0.2246438650556245,-0.08254543235861751,0.5318331624698645,0.0,-112.08811946862154,33.55574616532266
ssp585,Phoenix,cehwi_night_all,cehwi,night,all,national,national,National,annual_all_days_primary,All calendar-year days; non-heatwave days contribute zero,"1,2,3,4,5,6,7,8,9,10,11,12",2025-2050,294190.0,38242.0,0.0,0.0,0.09176378948951425,0.0,0.0,0.09243918372552147,-0.07245528993587244,-0.23734976359726728,0.09243918372552147,0.0,-112.08811946862154,33.55574616532266
ssp585,Phoenix,exceeded_quantity_composite_all,exceeded_quantity,composite,all,national,national,National,annual_all_days_primary,All calendar-year days; non-heatwave days contribute zero,"1,2,3,4,5,6,7,8,9,10,11,12",2025-2050,294190.0,36024.0,0.38076371268070786,0.0,0.8711892086703545,0.3890417069878894,0.0,0.9144930983707672,0.3890417069878894,-0.13640968439498782,0.9144930983707672,0.0,-112.08811946862154,33.55574616532266
ssp585,Phoenix,exceeded_quantity_day_all,exceeded_quantity,day,all,national,national,National,annual_all_days_primary,All calendar-year days; non-heatwave days contribute zero,"1,2,3,4,5,6,7,8,9,10,11,12",2025-2050,294190.0,52620.0,0.2971066910415121,0.010964481885013075,0.660400212196172,0.3022708690426676,0.011156740405059493,0.682405819292745,0.3022708690426676,-0.0778640812074094,0.682405819292745,0.0,-112.08811946862154,33.55574616532266
ssp585,Phoenix,exceeded_quantity_night_all,exceeded_quantity,night,all,national,national,National,annual_all_days_primary,All calendar-year days; non-heatwave days contribute zero,"1,2,3,4,5,6,7,8,9,10,11,12",2025-2050,294190.0,38242.0,0.04940526262170545,0.0,0.3034525565263137,0.04961861590455316,0.0,0.30899954705959143,0.04961861590455316,-0.20976231525048544,0.30899954705959143,0.0,-112.08811946862154,33.55574616532266
ssp585,Pittsburgh,cehwi_composite_all,cehwi,composite,all,national,national,National,annual_all_days_primary,All calendar-year days; non-heatwave days contribute zero,"1,2,3,4,5,6,7,8,9,10,11,12",2025-2050,75920.0,348.0,0.014435375806411039,0.0004519935770052398,0.027855503787819588,0.014746859041598328,0.00045233763939939,0.02904138044379727,0.014746859041598328,0.00045233763939939,0.02904138044379727,0.0,-79.96079806840875,40.42519922162034
ssp585,Pittsburgh,cehwi_day_all,cehwi,day,all,national,national,National,annual_all_days_primary,All calendar-year days; non-heatwave days contribute zero,"1,2,3,4,5,6,7,8,9,10,11,12",2025-2050,75920.0,16120.0,0.4027259600423355,0.006595981212266141,0.9188600380863505,0.4101402072669769,0.006640101044229908,0.95433161963654,0.4101402072669769,-0.13405120510258728,0.95433161963654,0.0,-79.96079806840875,40.42519922162034
ssp585,Pittsburgh,cehwi_night_all,cehwi,night,all,national,national,National,annual_all_days_primary,All calendar-year days; non-heatwave days contribute zero,"1,2,3,4,5,6,7,8,9,10,11,12",2025-2050,75920.0,24.0,0.0,0.0,2.06700192112201e-05,0.0,0.0,2.0681301318272394e-05,-1.7613459157743018e-05,-5.5908219633760005e-05,2.0681301318272394e-05,0.0,-79.96079806840875,40.42519922162034
ssp585,Pittsburgh,exceeded_quantity_composite_all,exceeded_quantity,composite,all,national,national,National,annual_all_days_primary,All calendar-year days; non-heatwave days contribute zero,"1,2,3,4,5,6,7,8,9,10,11,12",2025-2050,75920.0,348.0,0.02178302390013275,0.0,0.04870568858156641,0.022375086646649642,0.0,0.0517493187871818,0.022375086646649642,-0.006999145493882489,0.0517493187871818,0.0,-79.96079806840875,40.42519922162034
ssp585,Pittsburgh,exceeded_quantity_day_all,exceeded_quantity,day,all,national,national,National,annual_all_days_primary,All calendar-year days; non-heatwave days contribute zero,"1,2,3,4,5,6,7,8,9,10,11,12",2025-2050,75920.0,16120.0,0.5657244201543934,0.04016221426606824,1.1844213343903884,0.5793225089208139,0.04083080181777365,1.2365139634105298,0.5793225089208139,-0.07786894556890146,1.2365139634105298,0.0,-79.96079806840875,40.42519922162034
ssp585,Pittsburgh,exceeded_quantity_night_all,exceeded_quantity,night,all,national,national,National,annual_all_days_primary,All calendar-year days; non-heatwave days contribute zero,"1,2,3,4,5,6,7,8,9,10,11,12",2025-2050,75920.0,24.0,3.118852894908482e-05,0.0,0.0002551489170379501,3.121457509731362e-05,0.0,0.00025687901128910236,3.121457509731362e-05,-0.0001944498610944734,0.00025687901128910236,0.0,-79.96079806840875,40.42519922162034
ssp585,Portland,cehwi_composite_all,cehwi,composite,all,national,national,National,annual_all_days_primary,All calendar-year days; non-heatwave days contribute zero,"1,2,3,4,5,6,7,8,9,10,11,12",2025-2050,142350.0,186.0,0.007753373542726596,0.00029014845839757885,0.014720684463338941,0.00803524611044731,0.00029056136438184284,0.01577993085651277,0.00803524611044731,0.00029056136438184284,0.01577993085651277,0.0,-122.6375114287169,45.5383261809014
ssp585,Portland,cehwi_day_all,cehwi,day,all,national,national,National,annual_all_days_primary,All calendar-year days; non-heatwave days contribute zero,"1,2,3,4,5,6,7,8,9,10,11,12",2025-2050,142350.0,29168.0,0.5039498102135932,0.01929394699264169,1.1009820317822765,0.5156174162805278,0.019459667248398968,1.1517896607753266,0.5156174162805278,-0.12055482821427133,1.1517896607753266,0.0,-122.6375114287169,45.5383261809014
ssp585,Portland,cehwi_night_all,cehwi,night,all,national,national,National,annual_all_days_primary,All calendar-year days; non-heatwave days contribute zero,"1,2,3,4,5,6,7,8,9,10,11,12",2025-2050,142350.0,0.0,0.0,0.0,0.0,0.0,0.0,0.0,0.0,0.0,0.0,0.0,-122.6375114287169,45.5383261809014
ssp585,Portland,exceeded_quantity_composite_all,exceeded_quantity,composite,all,national,national,National,annual_all_days_primary,All calendar-year days; non-heatwave days contribute zero,"1,2,3,4,5,6,7,8,9,10,11,12",2025-2050,142350.0,186.0,0.010714129315461889,0.0,0.02249103931371639,0.011191748809671411,0.0,0.024744522266915276,0.011191748809671411,-0.0023610246475724503,0.024744522266915276,0.0,-122.6375114287169,45.5383261809014
ssp585,Portland,exceeded_quantity_day_all,exceeded_quantity,day,all,national,national,National,annual_all_days_primary,All calendar-year days; non-heatwave days contribute zero,"1,2,3,4,5,6,7,8,9,10,11,12",2025-2050,142350.0,29168.0,0.7778413141037646,0.12061696664780448,1.4971584244837408,0.8063358748960885,0.12336923856585816,1.5908919684474565,0.8063358748960885,0.021779781344720982,1.5908919684474565,0.0,-122.6375114287169,45.5383261809014
ssp585,Portland,exceeded_quantity_night_all,exceeded_quantity,night,all,national,national,National,annual_all_days_primary,All calendar-year days; non-heatwave days contribute zero,"1,2,3,4,5,6,7,8,9,10,11,12",2025-2050,142350.0,0.0,0.0,0.0,0.0,0.0,0.0,0.0,0.0,0.0,0.0,0.0,-122.6375114287169,45.5383261809014
ssp585,Raleigh,cehwi_composite_all,cehwi,composite,all,national,national,National,annual_all_days_primary,All calendar-year days; non-heatwave days contribute zero,"1,2,3,4,5,6,7,8,9,10,11,12",2025-2050,142350.0,19413.0,0.4242752218647384,0.013446428054955715,0.8175181178526297,0.43527651231190373,0.0134592812012411,0.8596147027562516,0.43527651231190373,0.0109383218675563,0.8596147027562516,0.0,-78.64401758110355,35.85488907837101
ssp585,Raleigh,cehwi_day_all,cehwi,day,all,national,national,National,annual_all_days_primary,All calendar-year days; non-heatwave days contribute zero,"1,2,3,4,5,6,7,8,9,10,11,12",2025-2050,142350.0,16000.0,0.09060765101514082,0.00013718027408999187,0.2230151273729448,0.09143766584365262,0.00013766755124956494,0.2277773129866646,0.09143766584365262,-0.044901981299361,0.2277773129866646,0.0,-78.64401758110355,35.85488907837101
ssp585,Raleigh,cehwi_night_all,cehwi,night,all,national,national,National,annual_all_days_primary,All calendar-year days; non-heatwave days contribute zero,"1,2,3,4,5,6,7,8,9,10,11,12",2025-2050,142350.0,17510.0,0.0,0.0,0.0629852749168689,0.0,0.0,0.06337931774206558,-0.050573205235404754,-0.1645257282128761,0.06337931774206558,0.0,-78.64401758110355,35.85488907837101
ssp585,Raleigh,exceeded_quantity_composite_all,exceeded_quantity,composite,all,national,national,National,annual_all_days_primary,All calendar-year days; non-heatwave days contribute zero,"1,2,3,4,5,6,7,8,9,10,11,12",2025-2050,142350.0,19413.0,0.4189074797594469,0.0,0.9604721175267918,0.42774093236335653,0.0,1.0069412895080747,0.42774093236335653,-0.15145942478136104,1.0069412895080747,0.0,-78.64401758110355,35.85488907837101
ssp585,Raleigh,exceeded_quantity_day_all,exceeded_quantity,day,all,national,national,National,annual_all_days_primary,All calendar-year days; non-heatwave days contribute zero,"1,2,3,4,5,6,7,8,9,10,11,12",2025-2050,142350.0,16000.0,0.15922368146170465,0.0012759600848612684,0.36924089826139866,0.16116468760819974,0.001286489683220279,0.37895900643835556,0.16116468760819974,-0.05662963122195575,0.37895900643835556,0.0,-78.64401758110355,35.85488907837101
ssp585,Raleigh,exceeded_quantity_night_all,exceeded_quantity,night,all,national,national,National,annual_all_days_primary,All calendar-year days; non-heatwave days contribute zero,"1,2,3,4,5,6,7,8,9,10,11,12",2025-2050,142350.0,17510.0,0.034811528034975586,0.0,0.23148422316803874,0.0349216836910712,0.0,0.235079435692923,0.0349216836910712,-0.1652360683107808,0.235079435692923,0.0,-78.64401758110355,35.85488907837101
ssp585,Richmond,cehwi_composite_all,cehwi,composite,all,national,national,National,annual_all_days_primary,All calendar-year days; non-heatwave days contribute zero,"1,2,3,4,5,6,7,8,9,10,11,12",2025-2050,75920.0,8750.0,0.3377169516021142,0.010656141135421763,0.651417322358193,0.3458882849562098,0.010665635693516654,0.6826804166396409,0.3458882849562098,0.009096153272779295,0.6826804166396409,0.0,-77.47920209602857,37.55445905057112
ssp585,Richmond,cehwi_day_all,cehwi,day,all,national,national,National,annual_all_days_primary,All calendar-year days; non-heatwave days contribute zero,"1,2,3,4,5,6,7,8,9,10,11,12",2025-2050,75920.0,9275.0,0.09639696012190249,0.0,0.23864300323370558,0.09721729082968424,0.0,0.24351429763706106,0.09721729082968424,-0.04907971597769455,0.24351429763706106,0.0,-77.47920209602857,37.55445905057112
ssp585,Richmond,cehwi_night_all,cehwi,night,all,national,national,National,annual_all_days_primary,All calendar-year days; non-heatwave days contribute zero,"1,2,3,4,5,6,7,8,9,10,11,12",2025-2050,75920.0,6590.0,0.0,0.0,0.0339249354573825,0.0,0.0,0.03407911172611966,-0.028111629100494556,-0.09030236992710955,0.03407911172611966,0.0,-77.47920209602857,37.55445905057112
ssp585,Richmond,exceeded_quantity_composite_all,exceeded_quantity,composite,all,national,national,National,annual_all_days_primary,All calendar-year days; non-heatwave days contribute zero,"1,2,3,4,5,6,7,8,9,10,11,12",2025-2050,75920.0,8750.0,0.35848641410162013,0.0,0.8222975884448195,0.36602724949391,0.0,0.8620440956838883,0.36602724949391,-0.1299895966960676,0.8620440956838883,0.0,-77.47920209602857,37.55445905057112
ssp585,Richmond,exceeded_quantity_day_all,exceeded_quantity,day,all,national,national,National,annual_all_days_primary,All calendar-year days; non-heatwave days contribute zero,"1,2,3,4,5,6,7,8,9,10,11,12",2025-2050,75920.0,9275.0,0.17756210567560946,0.0012382174128738642,0.410288002896742,0.1797859221700519,0.0012455131789176753,0.42142497878965923,0.1797859221700519,-0.06185313444955497,0.42142497878965923,0.0,-77.47920209602857,37.55445905057112
ssp585,Richmond,exceeded_quantity_night_all,exceeded_quantity,night,all,national,national,National,annual_all_days_primary,All calendar-year days; non-heatwave days contribute zero,"1,2,3,4,5,6,7,8,9,10,11,12",2025-2050,75920.0,6590.0,0.020547829835706622,0.0,0.14317579764444888,0.02060309789439023,0.0,0.14514388337970793,0.02060309789439023,-0.1039376875909276,0.14514388337970793,0.0,-77.47920209602857,37.55445905057112
ssp585,Riverside,cehwi_composite_all,cehwi,composite,all,national,national,National,annual_all_days_primary,All calendar-year days; non-heatwave days contribute zero,"1,2,3,4,5,6,7,8,9,10,11,12",2025-2050,56940.0,1770.0,0.09091212688465174,0.002776085883086761,0.17559711779884737,0.09283363775973337,0.0027780776064498217,0.18292789505019413,0.09283363775973337,0.002739380469272691,0.18292789505019413,0.0,-117.40931647514132,33.946920765734085
ssp585,Riverside,cehwi_day_all,cehwi,day,all,national,national,National,annual_all_days_primary,All calendar-year days; non-heatwave days contribute zero,"1,2,3,4,5,6,7,8,9,10,11,12",2025-2050,56940.0,12278.0,0.3605702009283318,0.002882073809347056,0.8326249894556108,0.36669150456065835,0.0028962280963222443,0.8630012220769724,0.36669150456065835,-0.12961821295565723,0.8630012220769724,0.0,-117.40931647514132,33.946920765734085
ssp585,Riverside,cehwi_night_all,cehwi,night,all,national,national,National,annual_all_days_primary,All calendar-year days; non-heatwave days contribute zero,"1,2,3,4,5,6,7,8,9,10,11,12",2025-2050,56940.0,428.0,0.0,0.0,0.0021289630711763662,0.0,0.0,0.002135359272094935,-0.0017974486407476814,-0.005730256553590362,0.002135359272094935,0.0,-117.40931647514132,33.946920765734085
ssp585,Riverside,exceeded_quantity_composite_all,exceeded_quantity,composite,all,national,national,National,annual_all_days_primary,All calendar-year days; non-heatwave days contribute zero,"1,2,3,4,5,6,7,8,9,10,11,12",2025-2050,56940.0,1770.0,0.1254725297350401,0.0,0.2847907079845223,0.1284515266651132,0.0,0.30042328781606564,0.1284515266651132,-0.043520234485839054,0.30042328781606564,0.0,-117.40931647514132,33.946920765734085
ssp585,Riverside,exceeded_quantity_day_all,exceeded_quantity,day,all,national,national,National,annual_all_days_primary,All calendar-year days; non-heatwave days contribute zero,"1,2,3,4,5,6,7,8,9,10,11,12",2025-2050,56940.0,12278.0,0.48492801974323013,0.03352641111958444,1.026509392502006,0.49601996492779565,0.0340764094175797,1.0691400504426942,0.49601996492779565,-0.07710012058710236,1.0691400504426942,0.0,-117.40931647514132,33.946920765734085
ssp585,Riverside,exceeded_quantity_night_all,exceeded_quantity,night,all,national,national,National,annual_all_days_primary,All calendar-year days; non-heatwave days contribute zero,"1,2,3,4,5,6,7,8,9,10,11,12",2025-2050,56940.0,428.0,0.0010751061176493084,0.0,0.008462420276257283,0.0010764070249694683,0.0,0.008538436177007256,0.0010764070249694683,-0.0063856221270683095,0.008538436177007256,0.0,-117.40931647514132,33.946920765734085
ssp585,Sacramento,cehwi_composite_all,cehwi,composite,all,national,national,National,annual_all_days_primary,All calendar-year days; non-heatwave days contribute zero,"1,2,3,4,5,6,7,8,9,10,11,12",2025-2050,123370.0,1274.0,0.039646455759706725,0.001306803354064529,0.07617804613486727,0.040653370076314976,0.0013080096964056015,0.07999873045622435,0.040653370076314976,0.0013080096964056015,0.07999873045622435,0.0,-121.45173525367916,38.544754056929705
ssp585,Sacramento,cehwi_day_all,cehwi,day,all,national,national,National,annual_all_days_primary,All calendar-year days; non-heatwave days contribute zero,"1,2,3,4,5,6,7,8,9,10,11,12",2025-2050,123370.0,28960.0,0.44452893811132627,0.008628493342152564,1.0064048076652077,0.45301982521282746,0.00868382150851564,1.0463196502914318,0.45301982521282746,-0.14027999986577822,1.0463196502914318,0.0,-121.45173525367916,38.544754056929705
ssp585,Sacramento,cehwi_night_all,cehwi,night,all,national,national,National,annual_all_days_primary,All calendar-year days; non-heatwave days contribute zero,"1,2,3,4,5,6,7,8,9,10,11,12",2025-2050,123370.0,94.0,0.0,0.0,0.00015428819792747154,0.0,0.0,0.00015454474834151577,-0.00013127289667390612,-0.00041709054168933933,0.00015454474834151577,0.0,-121.45173525367916,38.544754056929705
ssp585,Sacramento,exceeded_quantity_composite_all,exceeded_quantity,composite,all,national,national,National,annual_all_days_primary,All calendar-year days; non-heatwave days contribute zero,"1,2,3,4,5,6,7,8,9,10,11,12",2025-2050,123370.0,1274.0,0.05600332426160404,2.9769466850716786e-05,0.12316137004304262,0.057714125085864675,3.000357056847005e-05,0.13171356009986052,0.057714125085864675,-0.01628530992813116,0.13171356009986052,0.0,-121.45173525367916,38.544754056929705
ssp585,Sacramento,exceeded_quantity_day_all,exceeded_quantity,day,all,national,national,National,annual_all_days_primary,All calendar-year days; non-heatwave days contribute zero,"1,2,3,4,5,6,7,8,9,10,11,12",2025-2050,123370.0,28960.0,0.6073936185242604,0.05471737221503388,1.2518587382136581,0.6236360192533068,0.055785700679270675,1.3107060180718284,0.6236360192533068,-0.06343397956521403,1.3107060180718284,0.0,-121.45173525367916,38.544754056929705
ssp585,Sacramento,exceeded_quantity_night_all,exceeded_quantity,night,all,national,national,National,annual_all_days_primary,All calendar-year days; non-heatwave days contribute zero,"1,2,3,4,5,6,7,8,9,10,11,12",2025-2050,123370.0,94.0,0.00015256244210315126,0.0,0.0011248256395295926,0.00015283902928185205,0.0,0.0011388434196246916,0.00015283902928185205,-0.0008331653610609876,0.0011388434196246916,0.0,-121.45173525367916,38.544754056929705
ssp585,Salt_Lake_City,cehwi_composite_all,cehwi,composite,all,national,national,National,annual_all_days_primary,All calendar-year days; non-heatwave days contribute zero,"1,2,3,4,5,6,7,8,9,10,11,12",2025-2050,94900.0,680.0,0.01693606749091318,0.0004871944533199253,0.03290229282123578,0.017198532567632305,0.0004874233705009264,0.03390964176476371,0.017198532567632305,0.0004874233705009264,0.03390964176476371,0.0,-111.9385763948534,40.78496540128546
ssp585,Salt_Lake_City,cehwi_day_all,cehwi,day,all,national,national,National,annual_all_days_primary,All calendar-year days; non-heatwave days contribute zero,"1,2,3,4,5,6,7,8,9,10,11,12",2025-2050,94900.0,19249.0,0.6379955193470924,0.03762092907644293,1.3312625724720708,0.6561339345058541,0.037942045884569994,1.4058992491021935,0.6561339345058541,-0.09363138009048613,1.4058992491021935,0.0,-111.9385763948534,40.78496540128546
ssp585,Salt_Lake_City,cehwi_night_all,cehwi,night,all,national,national,National,annual_all_days_primary,All calendar-year days; non-heatwave days contribute zero,"1,2,3,4,5,6,7,8,9,10,11,12",2025-2050,94900.0,54.0,0.0,0.0,4.883369205026785e-05,0.0,0.0,4.886719487963646e-05,-4.161133347254952e-05,-0.00013208986182474016,4.886719487963646e-05,0.0,-111.9385763948534,40.78496540128546
ssp585,Salt_Lake_City,exceeded_quantity_composite_all,exceeded_quantity,composite,all,national,national,National,annual_all_days_primary,All calendar-year days; non-heatwave days contribute zero,"1,2,3,4,5,6,7,8,9,10,11,12",2025-2050,94900.0,680.0,0.024617467098324023,0.0,0.05705264846045287,0.025087787916777918,0.0,0.059629143000235134,0.025087787916777918,-0.009453567166679274,0.059629143000235134,0.0,-111.9385763948534,40.78496540128546
ssp585,Salt_Lake_City,exceeded_quantity_day_all,exceeded_quantity,day,all,national,national,National,annual_all_days_primary,All calendar-year days; non-heatwave days contribute zero,"1,2,3,4,5,6,7,8,9,10,11,12",2025-2050,94900.0,19249.0,0.5743329674296892,0.04910100257839524,1.1756809547231424,0.5894666172890729,0.04989794180530232,1.2314203763679918,0.5894666172890729,-0.05248714178984581,1.2314203763679918,0.0,-111.9385763948534,40.78496540128546
ssp585,Salt_Lake_City,exceeded_quantity_night_all,exceeded_quantity,night,all,national,national,National,annual_all_days_primary,All calendar-year days; non-heatwave days contribute zero,"1,2,3,4,5,6,7,8,9,10,11,12",2025-2050,94900.0,54.0,6.078853065223067e-05,0.0,0.00048779273431671406,6.0849369757298726e-05,0.0,0.0004915013263986012,6.0849369757298726e-05,-0.00036980258688400246,0.0004915013263986012,0.0,-111.9385763948534,40.78496540128546
ssp585,San_Antonio,cehwi_composite_all,cehwi,composite,all,national,national,National,annual_all_days_primary,All calendar-year days; non-heatwave days contribute zero,"1,2,3,4,5,6,7,8,9,10,11,12",2025-2050,256230.0,51508.0,0.7069126032850165,0.022898585658794643,1.3605172804687986,0.7276150083299531,0.02292398000433524,1.439908788980426,0.7276150083299531,0.015321227679480773,1.439908788980426,0.0,-98.51142457218248,29.452259837949214
ssp585,San_Antonio,cehwi_day_all,cehwi,day,all,national,national,National,annual_all_days_primary,All calendar-year days; non-heatwave days contribute zero,"1,2,3,4,5,6,7,8,9,10,11,12",2025-2050,256230.0,39630.0,0.12951530753944068,0.0001330615405015708,0.3188589812019331,0.1307289430918413,0.00013380921128852002,0.325937264586239,0.1307289430918413,-0.06447937840255862,0.325937264586239,0.0,-98.51142457218248,29.452259837949214
ssp585,San_Antonio,cehwi_night_all,cehwi,night,all,national,national,National,annual_all_days_primary,All calendar-year days; non-heatwave days contribute zero,"1,2,3,4,5,6,7,8,9,10,11,12",2025-2050,256230.0,58473.0,0.0,0.0,0.12812327576361612,0.0,0.0,0.12886580526439528,-0.10426132783966166,-0.33738846094372027,0.12886580526439528,0.0,-98.51142457218248,29.452259837949214
ssp585,San_Antonio,exceeded_quantity_composite_all,exceeded_quantity,composite,all,national,national,National,annual_all_days_primary,All calendar-year days; non-heatwave days contribute zero,"1,2,3,4,5,6,7,8,9,10,11,12",2025-2050,256230.0,51508.0,0.5410828672769661,0.0,1.2549763651154393,0.551026534221709,0.0,1.3085221964605132,0.551026534221709,-0.20646912801709424,1.3085221964605132,0.0,-98.51142457218248,29.452259837949214
ssp585,San_Antonio,exceeded_quantity_day_all,exceeded_quantity,day,all,national,national,National,annual_all_days_primary,All calendar-year days; non-heatwave days contribute zero,"1,2,3,4,5,6,7,8,9,10,11,12",2025-2050,256230.0,39630.0,0.1863041072841983,0.0003250189590924195,0.43939815032520885,0.1882091913312985,0.00032656105414510263,0.44945876597271545,0.1882091913312985,-0.07304038331011811,0.44945876597271545,0.0,-98.51142457218248,29.452259837949214
ssp585,San_Antonio,exceeded_quantity_night_all,exceeded_quantity,night,all,national,national,National,annual_all_days_primary,All calendar-year days; non-heatwave days contribute zero,"1,2,3,4,5,6,7,8,9,10,11,12",2025-2050,256230.0,58473.0,0.06286651958058226,0.0,0.4278279982463741,0.06304923566422202,0.0,0.43415903730150435,0.06304923566422202,-0.30806056597306064,0.43415903730150435,0.0,-98.51142457218248,29.452259837949214
ssp585,San_Bernardino,cehwi_composite_all,cehwi,composite,all,national,national,National,annual_all_days_primary,All calendar-year days; non-heatwave days contribute zero,"1,2,3,4,5,6,7,8,9,10,11,12",2025-2050,66430.0,2176.0,0.09209376476294678,0.0028005856542419032,0.17798141137922277,0.09397719444490064,0.0028025144878003456,0.18516761440707524,0.09397719444490064,0.002786774482726105,0.18516761440707524,0.0,-117.2938187957545,34.14362438315135
ssp585,San_Bernardino,cehwi_day_all,cehwi,day,all,national,national,National,annual_all_days_primary,All calendar-year days; non-heatwave days contribute zero,"1,2,3,4,5,6,7,8,9,10,11,12",2025-2050,66430.0,14399.0,0.37049764330293866,0.004280281302053089,0.8536071669407853,0.37688784761416766,0.004304371743662765,0.884973815122336,0.37688784761416766,-0.131198119894002,0.884973815122336,0.0,-117.2938187957545,34.14362438315135
ssp585,San_Bernardino,cehwi_night_all,cehwi,night,all,national,national,National,annual_all_days_primary,All calendar-year days; non-heatwave days contribute zero,"1,2,3,4,5,6,7,8,9,10,11,12",2025-2050,66430.0,658.0,0.0,0.0,0.0031476106578891922,0.0,0.0,0.0031583312761187944,-0.0026477467208601076,-0.008453824717839092,0.0031583312761187944,0.0,-117.2938187957545,34.14362438315135
ssp585,San_Bernardino,exceeded_quantity_composite_all,exceeded_quantity,composite,all,national,national,National,annual_all_days_primary,All calendar-year days; non-heatwave days contribute zero,"1,2,3,4,5,6,7,8,9,10,11,12",2025-2050,66430.0,2176.0,0.1251681964850497,0.0,0.28558219969428045,0.12798465505587153,0.0,0.30049437918074295,0.12798465505587153,-0.044525069068999744,0.30049437918074295,0.0,-117.2938187957545,34.14362438315135
ssp585,San_Bernardino,exceeded_quantity_day_all,exceeded_quantity,day,all,national,national,National,annual_all_days_primary,All calendar-year days; non-heatwave days contribute zero,"1,2,3,4,5,6,7,8,9,10,11,12",2025-2050,66430.0,14399.0,0.4848571718178135,0.02921557100468824,1.0341864968699352,0.49543984289359344,0.029658300060273618,1.0759572891247975,0.49543984289359344,-0.08507760333761004,1.0759572891247975,0.0,-117.2938187957545,34.14362438315135
ssp585,San_Bernardino,exceeded_quantity_night_all,exceeded_quantity,night,all,national,national,National,annual_all_days_primary,All calendar-year days; non-heatwave days contribute zero,"1,2,3,4,5,6,7,8,9,10,11,12",2025-2050,66430.0,658.0,0.0017041619982519959,0.0,0.013101738888380588,0.0017066201397020076,0.0,0.013236798510612316,0.0017066201397020076,-0.009823558231208302,0.013236798510612316,0.0,-117.2938187957545,34.14362438315135
ssp585,San_Diego,cehwi_composite_all,cehwi,composite,all,national,national,National,annual_all_days_primary,All calendar-year days; non-heatwave days contribute zero,"1,2,3,4,5,6,7,8,9,10,11,12",2025-2050,208780.0,1046.0,0.01848424126452988,0.0005997994576560064,0.035554603203962115,0.018936615635233262,0.0006003246857695507,0.03727290658469699,0.018936615635233262,0.0006003246857695507,0.03727290658469699,0.0,-117.12185558422306,32.79604065818703
ssp585,San_Diego,cehwi_day_all,cehwi,day,all,national,national,National,annual_all_days_primary,All calendar-year days; non-heatwave days contribute zero,"1,2,3,4,5,6,7,8,9,10,11,12",2025-2050,208780.0,55042.0,0.47691778381219674,0.008016124910934216,1.0832549443228363,0.485873406077647,0.008066718341533476,1.1257705607152215,0.485873406077647,-0.15402374855992934,1.1257705607152215,0.0,-117.12185558422306,32.79604065818703
ssp585,San_Diego,cehwi_night_all,cehwi,night,all,national,national,National,annual_all_days_primary,All calendar-year days; non-heatwave days contribute zero,"1,2,3,4,5,6,7,8,9,10,11,12",2025-2050,208780.0,2.0,0.0,0.0,5.181857642288534e-07,0.0,0.0,5.183639043577929e-07,-4.414703561322444e-07,-1.401304616622282e-06,5.183639043577929e-07,0.0,-117.12185558422306,32.79604065818703
ssp585,San_Diego,exceeded_quantity_composite_all,exceeded_quantity,composite,all,national,national,National,annual_all_days_primary,All calendar-year days; non-heatwave days contribute zero,"1,2,3,4,5,6,7,8,9,10,11,12",2025-2050,208780.0,1046.0,0.02658893274186094,0.0,0.05866371357819672,0.02737756110379584,0.0,0.06263581359832444,0.02737756110379584,-0.007880691390732728,0.06263581359832444,0.0,-117.12185558422306,32.79604065818703
ssp585,San_Diego,exceeded_quantity_day_all,exceeded_quantity,day,all,national,national,National,annual_all_days_primary,All calendar-year days; non-heatwave days contribute zero,"1,2,3,4,5,6,7,8,9,10,11,12",2025-2050,208780.0,55042.0,0.6175183542296182,0.04438260002008975,1.2948507174943713,0.632278897055358,0.045137458180546715,1.3508781689519331,0.632278897055358,-0.08632037484121659,1.3508781689519331,0.0,-117.12185558422306,32.79604065818703
ssp585,San_Diego,exceeded_quantity_night_all,exceeded_quantity,night,all,national,national,National,annual_all_days_primary,All calendar-year days; non-heatwave days contribute zero,"1,2,3,4,5,6,7,8,9,10,11,12",2025-2050,208780.0,2.0,7.65606253095603e-07,0.0,6.424876627336622e-06,7.659971122409235e-07,0.0,6.4523834964782065e-06,7.659971122409235e-07,-4.920389271996264e-06,6.4523834964782065e-06,0.0,-117.12185558422306,32.79604065818703
ssp585,San_Francisco,cehwi_composite_all,cehwi,composite,all,national,national,National,annual_all_days_primary,All calendar-year days; non-heatwave days contribute zero,"1,2,3,4,5,6,7,8,9,10,11,12",2025-2050,28470.0,0.0,0.0,0.0,0.0,0.0,0.0,0.0,0.0,0.0,0.0,0.0,-122.42865312515914,37.75892014266124
ssp585,San_Francisco,cehwi_day_all,cehwi,day,all,national,national,National,annual_all_days_primary,All calendar-year days; non-heatwave days contribute zero,"1,2,3,4,5,6,7,8,9,10,11,12",2025-2050,28470.0,7483.0,0.5574244721855149,0.0202294334857478,1.227397687531399,0.5698216766258836,0.020394722265905538,1.2815473719922454,0.5698216766258836,-0.14190401874047956,1.2815473719922454,0.0,-122.42865312515914,37.75892014266124
ssp585,San_Francisco,cehwi_night_all,cehwi,night,all,national,national,National,annual_all_days_primary,All calendar-year days; non-heatwave days contribute zero,"1,2,3,4,5,6,7,8,9,10,11,12",2025-2050,28470.0,0.0,0.0,0.0,0.0,0.0,0.0,0.0,0.0,0.0,0.0,0.0,-122.42865312515914,37.75892014266124
ssp585,San_Francisco,exceeded_quantity_composite_all,exceeded_quantity,composite,all,national,national,National,annual_all_days_primary,All calendar-year days; non-heatwave days contribute zero,"1,2,3,4,5,6,7,8,9,10,11,12",2025-2050,28470.0,0.0,0.0,0.0,0.0,0.0,0.0,0.0,0.0,0.0,0.0,0.0,-122.42865312515914,37.75892014266124
ssp585,San_Francisco,exceeded_quantity_day_all,exceeded_quantity,day,all,national,national,National,annual_all_days_primary,All calendar-year days; non-heatwave days contribute zero,"1,2,3,4,5,6,7,8,9,10,11,12",2025-2050,28470.0,7483.0,0.7452172170057435,0.08174411448128287,1.5058175757312307,0.7669289206862284,0.08346699639210281,1.5810030957208951,0.7669289206862284,-0.04714525434843764,1.5810030957208951,0.0,-122.42865312515914,37.75892014266124
ssp585,San_Francisco,exceeded_quantity_night_all,exceeded_quantity,night,all,national,national,National,annual_all_days_primary,All calendar-year days; non-heatwave days contribute zero,"1,2,3,4,5,6,7,8,9,10,11,12",2025-2050,28470.0,0.0,0.0,0.0,0.0,0.0,0.0,0.0,0.0,0.0,0.0,0.0,-122.42865312515914,37.75892014266124
ssp585,San_Jose,cehwi_composite_all,cehwi,composite,all,national,national,National,annual_all_days_primary,All calendar-year days; non-heatwave days contribute zero,"1,2,3,4,5,6,7,8,9,10,11,12",2025-2050,180310.0,3012.0,0.07414124679997212,0.002544925831707739,0.14184148650029066,0.07634196034787216,0.0025478115658423097,0.15016294588076848,0.07634196034787216,0.002520974814975865,0.15016294588076848,0.0,-121.84415719358398,37.299085696614654
ssp585,San_Jose,cehwi_day_all,cehwi,day,all,national,national,National,annual_all_days_primary,All calendar-year days; non-heatwave days contribute zero,"1,2,3,4,5,6,7,8,9,10,11,12",2025-2050,180310.0,41551.0,0.35668371805405913,0.004542587809616692,0.825916947647223,0.36264355057746556,0.00457412589944592,0.8551576804238588,0.36264355057746556,-0.12987057926892975,0.8551576804238588,0.0,-121.84415719358398,37.299085696614654
ssp585,San_Jose,cehwi_night_all,cehwi,night,all,national,national,National,annual_all_days_primary,All calendar-year days; non-heatwave days contribute zero,"1,2,3,4,5,6,7,8,9,10,11,12",2025-2050,180310.0,772.0,0.0,0.0,0.0018978721248817236,0.0,0.0,0.0019066638234667046,-0.0015723874236764938,-0.005051438670819731,0.0019066638234667046,0.0,-121.84415719358398,37.299085696614654
ssp585,San_Jose,exceeded_quantity_composite_all,exceeded_quantity,composite,all,national,national,National,annual_all_days_primary,All calendar-year days; non-heatwave days contribute zero,"1,2,3,4,5,6,7,8,9,10,11,12",2025-2050,180310.0,3012.0,0.10469856473237993,6.532943218090284e-05,0.2260312426322708,0.1083686695187949,6.579152283979097e-05,0.24385816865043225,0.1083686695187949,-0.027120829612842384,0.24385816865043225,0.0,-121.84415719358398,37.299085696614654
ssp585,San_Jose,exceeded_quantity_day_all,exceeded_quantity,day,all,national,national,National,annual_all_days_primary,All calendar-year days; non-heatwave days contribute zero,"1,2,3,4,5,6,7,8,9,10,11,12",2025-2050,180310.0,41551.0,0.5402636416025215,0.0451283177254,1.1259678098201698,0.5538599006803356,0.0459702373326758,1.1759699845035856,0.5538599006803356,-0.06825018314291346,1.1759699845035856,0.0,-121.84415719358398,37.299085696614654
ssp585,San_Jose,exceeded_quantity_night_all,exceeded_quantity,night,all,national,national,National,annual_all_days_primary,All calendar-year days; non-heatwave days contribute zero,"1,2,3,4,5,6,7,8,9,10,11,12",2025-2050,180310.0,772.0,0.0013219737137236355,0.0,0.008571996339390627,0.0013264039331067172,0.0,0.00871446807580679,0.0013264039331067172,-0.006061660209593367,0.00871446807580679,0.0,-121.84415719358398,37.299085696614654
ssp585,Santa_Ana,cehwi_composite_all,cehwi,composite,all,national,national,National,annual_all_days_primary,All calendar-year days; non-heatwave days contribute zero,"1,2,3,4,5,6,7,8,9,10,11,12",2025-2050,37960.0,230.0,0.024801688011850342,0.0008123962799482513,0.047603638419388646,0.02546344323304051,0.0008131702926360675,0.05011371617344495,0.02546344323304051,0.0008131702926360675,0.05011371617344495,0.0,-117.90338988140702,33.723066921844264
ssp585,Santa_Ana,cehwi_day_all,cehwi,day,all,national,national,National,annual_all_days_primary,All calendar-year days; non-heatwave days contribute zero,"1,2,3,4,5,6,7,8,9,10,11,12",2025-2050,37960.0,9721.0,0.4473388415947677,0.0064145637690422325,1.017589824644702,0.4556356276897019,0.006451538150667185,1.0572548460121816,0.4556356276897019,-0.1459835906327798,1.0572548460121816,0.0,-117.90338988140702,33.723066921844264
ssp585,Santa_Ana,cehwi_night_all,cehwi,night,all,national,national,National,annual_all_days_primary,All calendar-year days; non-heatwave days contribute zero,"1,2,3,4,5,6,7,8,9,10,11,12",2025-2050,37960.0,0.0,0.0,0.0,0.0,0.0,0.0,0.0,0.0,0.0,0.0,0.0,-117.90338988140702,33.723066921844264
ssp585,Santa_Ana,exceeded_quantity_composite_all,exceeded_quantity,composite,all,national,national,National,annual_all_days_primary,All calendar-year days; non-heatwave days contribute zero,"1,2,3,4,5,6,7,8,9,10,11,12",2025-2050,37960.0,230.0,0.03659296062628867,0.0,0.07942672440638766,0.03781993679770434,0.0,0.08544707286305803,0.03781993679770434,-0.009807199267649306,0.08544707286305803,0.0,-117.90338988140702,33.723066921844264
ssp585,Santa_Ana,exceeded_quantity_day_all,exceeded_quantity,day,all,national,national,National,annual_all_days_primary,All calendar-year days; non-heatwave days contribute zero,"1,2,3,4,5,6,7,8,9,10,11,12",2025-2050,37960.0,9721.0,0.6055227852236755,0.05610257317553109,1.2493297596193955,0.6213727588407262,0.05711382967387607,1.3062862566271138,0.6213727588407262,-0.06354073894566048,1.3062862566271138,0.0,-117.90338988140702,33.723066921844264
ssp585,Santa_Ana,exceeded_quantity_night_all,exceeded_quantity,night,all,national,national,National,annual_all_days_primary,All calendar-year days; non-heatwave days contribute zero,"1,2,3,4,5,6,7,8,9,10,11,12",2025-2050,37960.0,0.0,0.0,0.0,0.0,0.0,0.0,0.0,0.0,0.0,0.0,0.0,-117.90338988140702,33.723066921844264
ssp585,Scottsdale,cehwi_composite_all,cehwi,composite,all,national,national,National,annual_all_days_primary,All calendar-year days; non-heatwave days contribute zero,"1,2,3,4,5,6,7,8,9,10,11,12",2025-2050,37960.0,4462.0,0.3662386017566045,0.01176178630178017,0.7040925556468977,0.37596532461480003,0.011773438171268967,0.7410935588910913,0.37596532461480003,0.010837090338509318,0.7410935588910913,0.0,-111.85259478908768,33.55745813694949
ssp585,Scottsdale,cehwi_day_all,cehwi,day,all,national,national,National,annual_all_days_primary,All calendar-year days; non-heatwave days contribute zero,"1,2,3,4,5,6,7,8,9,10,11,12",2025-2050,37960.0,6853.0,0.23685507535080666,0.005238730590630569,0.5470269602715011,0.2408374088941545,0.005276219964919357,0.5657857722626398,0.2408374088941545,-0.08411095447433282,0.5657857722626398,0.0,-111.85259478908768,33.55745813694949
ssp585,Scottsdale,cehwi_night_all,cehwi,night,all,national,national,National,annual_all_days_primary,All calendar-year days; non-heatwave days contribute zero,"1,2,3,4,5,6,7,8,9,10,11,12",2025-2050,37960.0,4900.0,0.0,0.0,0.09677939409886833,0.0,0.0,0.09750921036032226,-0.07621528578986317,-0.24993978194004943,0.09750921036032226,0.0,-111.85259478908768,33.55745813694949
ssp585,Scottsdale,exceeded_quantity_composite_all,exceeded_quantity,composite,all,national,national,National,annual_all_days_primary,All calendar-year days; non-heatwave days contribute zero,"1,2,3,4,5,6,7,8,9,10,11,12",2025-2050,37960.0,4462.0,0.3690929243405644,0.0,0.8445016592029103,0.3771148321124704,0.0,0.886524299601281,0.3771148321124704,-0.13229463537633956,0.886524299601281,0.0,-111.85259478908768,33.55745813694949
ssp585,Scottsdale,exceeded_quantity_day_all,exceeded_quantity,day,all,national,national,National,annual_all_days_primary,All calendar-year days; non-heatwave days contribute zero,"1,2,3,4,5,6,7,8,9,10,11,12",2025-2050,37960.0,6853.0,0.3120908251439628,0.011805206035338805,0.6899295976508836,0.31767087788178977,0.011997734298321263,0.7135942012211284,0.31767087788178977,-0.07825244545754818,0.7135942012211284,0.0,-111.85259478908768,33.55745813694949
ssp585,Scottsdale,exceeded_quantity_night_all,exceeded_quantity,night,all,national,national,National,annual_all_days_primary,All calendar-year days; non-heatwave days contribute zero,"1,2,3,4,5,6,7,8,9,10,11,12",2025-2050,37960.0,4900.0,0.053191156399962775,0.0,0.3182900880395679,0.05344541108709777,0.0,0.32440849449546516,0.05344541108709777,-0.21751767232126995,0.32440849449546516,0.0,-111.85259478908768,33.55745813694949
ssp585,Seattle,cehwi_composite_all,cehwi,composite,all,national,national,National,annual_all_days_primary,All calendar-year days; non-heatwave days contribute zero,"1,2,3,4,5,6,7,8,9,10,11,12",2025-2050,113880.0,0.0,0.0,0.0,0.0,0.0,0.0,0.0,0.0,0.0,0.0,0.0,-122.34363400005496,47.628300390101685
ssp585,Seattle,cehwi_day_all,cehwi,day,all,national,national,National,annual_all_days_primary,All calendar-year days; non-heatwave days contribute zero,"1,2,3,4,5,6,7,8,9,10,11,12",2025-2050,113880.0,24319.0,0.5520666233744561,0.02887885000710347,1.1833388649238534,0.5663254183718859,0.029151151142242943,1.2445121627651348,0.5663254183718859,-0.11186132602136394,1.2445121627651348,0.0,-122.34363400005496,47.628300390101685
ssp585,Seattle,cehwi_night_all,cehwi,night,all,national,national,National,annual_all_days_primary,All calendar-year days; non-heatwave days contribute zero,"1,2,3,4,5,6,7,8,9,10,11,12",2025-2050,113880.0,0.0,0.0,0.0,0.0,0.0,0.0,0.0,0.0,0.0,0.0,0.0,-122.34363400005496,47.628300390101685
ssp585,Seattle,exceeded_quantity_composite_all,exceeded_quantity,composite,all,national,national,National,annual_all_days_primary,All calendar-year days; non-heatwave days contribute zero,"1,2,3,4,5,6,7,8,9,10,11,12",2025-2050,113880.0,0.0,0.0,0.0,0.0,0.0,0.0,0.0,0.0,0.0,0.0,0.0,-122.34363400005496,47.628300390101685
ssp585,Seattle,exceeded_quantity_day_all,exceeded_quantity,day,all,national,national,National,annual_all_days_primary,All calendar-year days; non-heatwave days contribute zero,"1,2,3,4,5,6,7,8,9,10,11,12",2025-2050,113880.0,24319.0,0.7109826049188352,0.10614525458691072,1.3872109966398307,0.7362528894685084,0.10865763997082599,1.4699434632705242,0.7362528894685084,0.002562315666493283,1.4699434632705242,0.0,-122.34363400005496,47.628300390101685
ssp585,Seattle,exceeded_quantity_night_all,exceeded_quantity,night,all,national,national,National,annual_all_days_primary,All calendar-year days; non-heatwave days contribute zero,"1,2,3,4,5,6,7,8,9,10,11,12",2025-2050,113880.0,0.0,0.0,0.0,0.0,0.0,0.0,0.0,0.0,0.0,0.0,0.0,-122.34363400005496,47.628300390101685
ssp585,St_Louis,cehwi_composite_all,cehwi,composite,all,national,national,National,annual_all_days_primary,All calendar-year days; non-heatwave days contribute zero,"1,2,3,4,5,6,7,8,9,10,11,12",2025-2050,66430.0,10522.0,0.565214120911525,0.017388565606329107,1.0966051895548576,0.5819922337927442,0.017407877409599006,1.1622785884559297,0.5819922337927442,0.0017058791295596093,1.1622785884559297,0.0,-90.22886259278208,38.6350520886664
ssp585,St_Louis,cehwi_day_all,cehwi,day,all,national,national,National,annual_all_days_primary,All calendar-year days; non-heatwave days contribute zero,"1,2,3,4,5,6,7,8,9,10,11,12",2025-2050,66430.0,10655.0,0.14326536137239176,0.0003602445018425148,0.350562944764395,0.14470821450749075,0.00036186449728571184,0.35872649350003655,0.14470821450749075,-0.06931006448505722,0.35872649350003655,0.0,-90.22886259278208,38.6350520886664
ssp585,St_Louis,cehwi_night_all,cehwi,night,all,national,national,National,annual_all_days_primary,All calendar-year days; non-heatwave days contribute zero,"1,2,3,4,5,6,7,8,9,10,11,12",2025-2050,66430.0,6812.0,0.0,0.0,0.03676469251184856,0.0,0.0,0.03689235190268229,-0.030906957883611773,-0.09870626766990685,0.03689235190268229,0.0,-90.22886259278208,38.6350520886664
ssp585,St_Louis,exceeded_quantity_composite_all,exceeded_quantity,composite,all,national,national,National,annual_all_days_primary,All calendar-year days; non-heatwave days contribute zero,"1,2,3,4,5,6,7,8,9,10,11,12",2025-2050,66430.0,10522.0,0.5634190638706922,0.0,1.2714575765850702,0.5776632918941086,0.0,1.3441822322150758,0.5776632918941086,-0.18885564842685781,1.3441822322150758,0.0,-90.22886259278208,38.6350520886664
ssp585,St_Louis,exceeded_quantity_day_all,exceeded_quantity,day,all,national,national,National,annual_all_days_primary,All calendar-year days; non-heatwave days contribute zero,"1,2,3,4,5,6,7,8,9,10,11,12",2025-2050,66430.0,10655.0,0.23919365729810232,0.0021386748520150064,0.5497870416609834,0.24234264466993055,0.002160816638602415,0.5652844664227831,0.24234264466993055,-0.08059917708292152,0.5652844664227831,0.0,-90.22886259278208,38.6350520886664
ssp585,St_Louis,exceeded_quantity_night_all,exceeded_quantity,night,all,national,national,National,annual_all_days_primary,All calendar-year days; non-heatwave days contribute zero,"1,2,3,4,5,6,7,8,9,10,11,12",2025-2050,66430.0,6812.0,0.024725370662738697,0.0,0.17515614468044108,0.024785621627440482,0.0,0.17750083354904145,0.024785621627440482,-0.12792959029416065,0.17750083354904145,0.0,-90.22886259278208,38.6350520886664
ssp585,St_Petersburg,cehwi_composite_all,cehwi,composite,all,national,national,National,annual_all_days_primary,All calendar-year days; non-heatwave days contribute zero,"1,2,3,4,5,6,7,8,9,10,11,12",2025-2050,18980.0,2686.0,0.21649051117075796,0.00626580336042975,0.4208582279591665,0.21969077257891087,0.006268821316816767,0.43311272384100574,0.21969077257891087,0.006268821316816767,0.43311272384100574,0.0,-82.66697286181882,27.773320918006952
ssp585,St_Petersburg,cehwi_day_all,cehwi,day,all,national,national,National,annual_all_days_primary,All calendar-year days; non-heatwave days contribute zero,"1,2,3,4,5,6,7,8,9,10,11,12",2025-2050,18980.0,4777.0,0.27277845268563117,0.005058433458524586,0.6331647084151113,0.2771515570672353,0.0050942570387985395,0.6539308641196471,0.2771515570672353,-0.09962774998517976,0.6539308641196471,0.0,-82.66697286181882,27.773320918006952
ssp585,St_Petersburg,cehwi_night_all,cehwi,night,all,national,national,National,annual_all_days_primary,All calendar-year days; non-heatwave days contribute zero,"1,2,3,4,5,6,7,8,9,10,11,12",2025-2050,18980.0,3680.0,0.0,0.0,0.1002939761613384,0.0,0.0,0.1008632843128077,-0.08199196671124252,-0.2648472177352942,0.1008632843128077,0.0,-82.66697286181882,27.773320918006952
ssp585,St_Petersburg,exceeded_quantity_composite_all,exceeded_quantity,composite,all,national,national,National,annual_all_days_primary,All calendar-year days; non-heatwave days contribute zero,"1,2,3,4,5,6,7,8,9,10,11,12",2025-2050,18980.0,2686.0,0.22275779398203144,0.0,0.5315030474649494,0.2252345688452769,0.0,0.545642098710624,0.2252345688452769,-0.09517296102006975,0.545642098710624,0.0,-82.66697286181882,27.773320918006952
ssp585,St_Petersburg,exceeded_quantity_day_all,exceeded_quantity,day,all,national,national,National,annual_all_days_primary,All calendar-year days; non-heatwave days contribute zero,"1,2,3,4,5,6,7,8,9,10,11,12",2025-2050,18980.0,4777.0,0.24036207974716114,0.00023059922922641729,0.5761590544078734,0.24236382020248604,0.00023170741918096158,0.5872218778318717,0.24236382020248604,-0.10249423742689882,0.5872218778318717,0.0,-82.66697286181882,27.773320918006952
ssp585,St_Petersburg,exceeded_quantity_night_all,exceeded_quantity,night,all,national,national,National,annual_all_days_primary,All calendar-year days; non-heatwave days contribute zero,"1,2,3,4,5,6,7,8,9,10,11,12",2025-2050,18980.0,3680.0,0.04730155463000989,0.0,0.32837910876242576,0.04742825345337717,0.0,0.33298652516071914,0.04742825345337717,-0.23813001825396513,0.33298652516071914,0.0,-82.66697286181882,27.773320918006952
ssp585,Tallahassee,cehwi_composite_all,cehwi,composite,all,national,national,National,annual_all_days_primary,All calendar-year days; non-heatwave days contribute zero,"1,2,3,4,5,6,7,8,9,10,11,12",2025-2050,94900.0,12577.0,0.2675049312701837,0.008179661257418386,0.5174052819329776,0.27280436660656837,0.008185633634612976,0.5375869575102189,0.27280436660656837,0.008021775702918496,0.5375869575102189,0.0,-84.24351618544856,30.45115186849857
ssp585,Tallahassee,cehwi_day_all,cehwi,day,all,national,national,National,annual_all_days_primary,All calendar-year days; non-heatwave days contribute zero,"1,2,3,4,5,6,7,8,9,10,11,12",2025-2050,94900.0,17574.0,0.2724898551728766,0.011406820003542067,0.5994849308528594,0.27841427216981013,0.011491426275188947,0.6245732990408291,0.27841427216981013,-0.06774475470121104,0.6245732990408291,0.0,-84.24351618544856,30.45115186849857
ssp585,Tallahassee,cehwi_night_all,cehwi,night,all,national,national,National,annual_all_days_primary,All calendar-year days; non-heatwave days contribute zero,"1,2,3,4,5,6,7,8,9,10,11,12",2025-2050,94900.0,17132.0,0.0,0.0,0.07635158048890653,0.0,0.0,0.07670638760032555,-0.06331401024036261,-0.20333440808105235,0.07670638760032555,0.0,-84.24351618544856,30.45115186849857
ssp585,Tallahassee,exceeded_quantity_composite_all,exceeded_quantity,composite,all,national,national,National,annual_all_days_primary,All calendar-year days; non-heatwave days contribute zero,"1,2,3,4,5,6,7,8,9,10,11,12",2025-2050,94900.0,12577.0,0.2648334705054297,0.0,0.6248086192214917,0.2685635341281182,0.0,0.6455343446428532,0.2685635341281182,-0.10840727638661622,0.6455343446428532,0.0,-84.24351618544856,30.45115186849857
ssp585,Tallahassee,exceeded_quantity_day_all,exceeded_quantity,day,all,national,national,National,annual_all_days_primary,All calendar-year days; non-heatwave days contribute zero,"1,2,3,4,5,6,7,8,9,10,11,12",2025-2050,94900.0,17574.0,0.24233795475418024,0.001945508378792708,0.5627257050261466,0.2452674406924125,0.001973417176371401,0.5773608347417196,0.2452674406924125,-0.08682595335689403,0.5773608347417196,0.0,-84.24351618544856,30.45115186849857
ssp585,Tallahassee,exceeded_quantity_night_all,exceeded_quantity,night,all,national,national,National,annual_all_days_primary,All calendar-year days; non-heatwave days contribute zero,"1,2,3,4,5,6,7,8,9,10,11,12",2025-2050,94900.0,17132.0,0.034184098658012654,0.0,0.25501890150185014,0.03424517754646757,0.0,0.25789067856295816,0.03424517754646757,-0.18940032347002325,0.25789067856295816,0.0,-84.24351618544856,30.45115186849857
ssp585,Tampa,cehwi_composite_all,cehwi,composite,all,national,national,National,annual_all_days_primary,All calendar-year days; non-heatwave days contribute zero,"1,2,3,4,5,6,7,8,9,10,11,12",2025-2050,94900.0,11505.0,0.2084577931865349,0.006209875918939158,0.404346676398217,0.21195712741619105,0.006213534572670718,0.4177007202597119,0.21195712741619105,0.006213534572670718,0.4177007202597119,0.0,-82.45794180532177,27.97564180976341
ssp585,Tampa,cehwi_day_all,cehwi,day,all,national,national,National,annual_all_days_primary,All calendar-year days; non-heatwave days contribute zero,"1,2,3,4,5,6,7,8,9,10,11,12",2025-2050,94900.0,24200.0,0.34651103843874664,0.006606837889826586,0.7988960620467822,0.35242350308072246,0.006654323605139106,0.8269632868875539,0.35242350308072246,-0.1221162807261117,0.8269632868875539,0.0,-82.45794180532177,27.97564180976341
ssp585,Tampa,cehwi_night_all,cehwi,night,all,national,national,National,annual_all_days_primary,All calendar-year days; non-heatwave days contribute zero,"1,2,3,4,5,6,7,8,9,10,11,12",2025-2050,94900.0,18747.0,0.0,0.0,0.10646247214296821,0.0,0.0,0.10711237441116647,-0.08607920605449479,-0.2792707865201576,0.10711237441116647,0.0,-82.45794180532177,27.97564180976341
ssp585,Tampa,exceeded_quantity_composite_all,exceeded_quantity,composite,all,national,national,National,annual_all_days_primary,All calendar-year days; non-heatwave days contribute zero,"1,2,3,4,5,6,7,8,9,10,11,12",2025-2050,94900.0,11505.0,0.21663378416761353,0.0,0.5146910560757161,0.21930156635348144,0.0,0.5297783055675059,0.21930156635348144,-0.0911751728605426,0.5297783055675059,0.0,-82.45794180532177,27.97564180976341
ssp585,Tampa,exceeded_quantity_day_all,exceeded_quantity,day,all,national,national,National,annual_all_days_primary,All calendar-year days; non-heatwave days contribute zero,"1,2,3,4,5,6,7,8,9,10,11,12",2025-2050,94900.0,24200.0,0.3264675699095551,0.0009833244727017192,0.7664054904731782,0.3299863864980043,0.0009889703903627573,0.7847814055897527,0.3299863864980043,-0.1248086325937431,0.7847814055897527,0.0,-82.45794180532177,27.97564180976341
ssp585,Tampa,exceeded_quantity_night_all,exceeded_quantity,night,all,national,national,National,annual_all_days_primary,All calendar-year days; non-heatwave days contribute zero,"1,2,3,4,5,6,7,8,9,10,11,12",2025-2050,94900.0,18747.0,0.05054751609910203,0.0,0.3455322187244303,0.05069030827236509,0.0,0.3505702834905597,0.05069030827236509,-0.24918966694582978,0.3505702834905597,0.0,-82.45794180532177,27.97564180976341
ssp585,Tucson,cehwi_composite_all,cehwi,composite,all,national,national,National,annual_all_days_primary,All calendar-year days; non-heatwave days contribute zero,"1,2,3,4,5,6,7,8,9,10,11,12",2025-2050,132860.0,15363.0,0.3614556425784403,0.011222825337702632,0.6959903922785788,0.3709910784595083,0.011233588718447655,0.732438613759264,0.3709910784595083,0.009543543159752864,0.732438613759264,0.0,-110.9093637407622,32.199531737475226
ssp585,Tucson,cehwi_day_all,cehwi,day,all,national,national,National,annual_all_days_primary,All calendar-year days; non-heatwave days contribute zero,"1,2,3,4,5,6,7,8,9,10,11,12",2025-2050,132860.0,22564.0,0.2842851478764066,0.010362748732518313,0.6361407594135143,0.29021545765230927,0.010476270243146563,0.6623008609907975,0.29021545765230927,-0.0818699456861804,0.6623008609907975,0.0,-110.9093637407622,32.199531737475226
ssp585,Tucson,cehwi_night_all,cehwi,night,all,national,national,National,annual_all_days_primary,All calendar-year days; non-heatwave days contribute zero,"1,2,3,4,5,6,7,8,9,10,11,12",2025-2050,132860.0,19322.0,0.0,0.0,0.11857460080996898,0.0,0.0,0.1195795923330052,-0.09151397327718785,-0.3026075388873819,0.1195795923330052,0.0,-110.9093637407622,32.199531737475226
ssp585,Tucson,exceeded_quantity_composite_all,exceeded_quantity,composite,all,national,national,National,annual_all_days_primary,All calendar-year days; non-heatwave days contribute zero,"1,2,3,4,5,6,7,8,9,10,11,12",2025-2050,132860.0,15363.0,0.3733826860004602,0.0,0.8525283734049436,0.38166796497342476,0.0,0.8956942229027735,0.38166796497342476,-0.13235829295592338,0.8956942229027735,0.0,-110.9093637407622,32.199531737475226
ssp585,Tucson,exceeded_quantity_day_all,exceeded_quantity,day,all,national,national,National,annual_all_days_primary,All calendar-year days; non-heatwave days contribute zero,"1,2,3,4,5,6,7,8,9,10,11,12",2025-2050,132860.0,22564.0,0.3425976571040623,0.01900727556822617,0.7351704495726943,0.3499844086759918,0.01935687614466649,0.764390072755326,0.3499844086759918,-0.06442125540334222,0.764390072755326,0.0,-110.9093637407622,32.199531737475226
ssp585,Tucson,exceeded_quantity_night_all,exceeded_quantity,night,all,national,national,National,annual_all_days_primary,All calendar-year days; non-heatwave days contribute zero,"1,2,3,4,5,6,7,8,9,10,11,12",2025-2050,132860.0,19322.0,0.06774460714647003,0.0,0.3828096667070399,0.06813779572135985,0.0,0.3907882050286422,0.06813779572135985,-0.25451261358592275,0.3907882050286422,0.0,-110.9093637407622,32.199531737475226
ssp585,Virginia_Beach,cehwi_composite_all,cehwi,composite,all,national,national,National,annual_all_days_primary,All calendar-year days; non-heatwave days contribute zero,"1,2,3,4,5,6,7,8,9,10,11,12",2025-2050,18980.0,2469.0,0.3549886798387032,0.011062902147157211,0.6857688649374512,0.3634204067533361,0.011072576580118756,0.7181433554694928,0.3634204067533361,0.008697458037179867,0.7181433554694928,0.0,-76.01494818291374,36.78853645041103
ssp585,Virginia_Beach,cehwi_day_all,cehwi,day,all,national,national,National,annual_all_days_primary,All calendar-year days; non-heatwave days contribute zero,"1,2,3,4,5,6,7,8,9,10,11,12",2025-2050,18980.0,1879.0,0.06192653561123228,0.0,0.15529089009523947,0.06232617303364587,0.0,0.15776675997941114,0.06232617303364587,-0.03311441391212109,0.15776675997941114,0.0,-76.01494818291374,36.78853645041103
ssp585,Virginia_Beach,cehwi_night_all,cehwi,night,all,national,national,National,annual_all_days_primary,All calendar-year days; non-heatwave days contribute zero,"1,2,3,4,5,6,7,8,9,10,11,12",2025-2050,18980.0,2501.0,0.0,0.0,0.04867432498927167,0.0,0.0,0.04885870496302947,-0.040770725126670335,-0.1304001552163713,0.04885870496302947,0.0,-76.01494818291374,36.78853645041103
ssp585,Virginia_Beach,exceeded_quantity_composite_all,exceeded_quantity,composite,all,national,national,National,annual_all_days_primary,All calendar-year days; non-heatwave days contribute zero,"1,2,3,4,5,6,7,8,9,10,11,12",2025-2050,18980.0,2469.0,0.3594847395578486,0.0,0.8302448826880239,0.3664563849828975,0.0,0.8674022940300302,0.3664563849828975,-0.1344895240642346,0.8674022940300302,0.0,-76.01494818291374,36.78853645041103
ssp585,Virginia_Beach,exceeded_quantity_day_all,exceeded_quantity,day,all,national,national,National,annual_all_days_primary,All calendar-year days; non-heatwave days contribute zero,"1,2,3,4,5,6,7,8,9,10,11,12",2025-2050,18980.0,1879.0,0.12344145694605152,0.00013114533720330452,0.2899447157903301,0.12476212906832987,0.00013155356534767177,0.29687698242180216,0.12476212906832987,-0.04735272428514213,0.29687698242180216,0.0,-76.01494818291374,36.78853645041103
ssp585,Virginia_Beach,exceeded_quantity_night_all,exceeded_quantity,night,all,national,national,National,annual_all_days_primary,All calendar-year days; non-heatwave days contribute zero,"1,2,3,4,5,6,7,8,9,10,11,12",2025-2050,18980.0,2501.0,0.027746478032481474,0.0,0.20103014648121634,0.027805510351528777,0.0,0.20352878776307654,0.027805510351528777,-0.14791776706001916,0.20352878776307654,0.0,-76.01494818291374,36.78853645041103
ssp585,Visalia,cehwi_composite_all,cehwi,composite,all,national,national,National,annual_all_days_primary,All calendar-year days; non-heatwave days contribute zero,"1,2,3,4,5,6,7,8,9,10,11,12",2025-2050,56940.0,8225.0,0.5048627853983049,0.016097748960339133,0.9693528188833315,0.5192027989203575,0.016114575117043152,1.023943477489623,0.5192027989203575,0.014462120351092327,1.023943477489623,0.0,-119.32572241459629,36.32192880286373
ssp585,Visalia,cehwi_day_all,cehwi,day,all,national,national,National,annual_all_days_primary,All calendar-year days; non-heatwave days contribute zero,"1,2,3,4,5,6,7,8,9,10,11,12",2025-2050,56940.0,9961.0,0.15819745688033318,0.00012166642824462976,0.3886384938709183,0.15971408962246933,0.0001221196999282153,0.397377451523729,0.15971408962246933,-0.07794927227879271,0.397377451523729,0.0,-119.32572241459629,36.32192880286373
ssp585,Visalia,cehwi_night_all,cehwi,night,all,national,national,National,annual_all_days_primary,All calendar-year days; non-heatwave days contribute zero,"1,2,3,4,5,6,7,8,9,10,11,12",2025-2050,56940.0,5010.0,0.0,0.0,0.05937252689522966,0.0,0.0,0.05983921964368448,-0.046219440597294895,-0.15227810083827487,0.05983921964368448,0.0,-119.32572241459629,36.32192880286373
ssp585,Visalia,exceeded_quantity_composite_all,exceeded_quantity,composite,all,national,national,National,annual_all_days_primary,All calendar-year days; non-heatwave days contribute zero,"1,2,3,4,5,6,7,8,9,10,11,12",2025-2050,56940.0,8225.0,0.4941917756351332,0.00010940200066515262,1.1244369525976612,0.5056601069094396,0.00011027573620458061,1.183829414959573,0.5056601069094396,-0.17250920114069274,1.183829414959573,0.0,-119.32572241459629,36.32192880286373
ssp585,Visalia,exceeded_quantity_day_all,exceeded_quantity,day,all,national,national,National,annual_all_days_primary,All calendar-year days; non-heatwave days contribute zero,"1,2,3,4,5,6,7,8,9,10,11,12",2025-2050,56940.0,9961.0,0.24457957958572668,0.0015365946005003559,0.5701080726535072,0.24743712749616698,0.001553434875296291,0.5847073060347336,0.24743712749616698,-0.08983305104239896,0.5847073060347336,0.0,-119.32572241459629,36.32192880286373
ssp585,Visalia,exceeded_quantity_night_all,exceeded_quantity,night,all,national,national,National,annual_all_days_primary,All calendar-year days; non-heatwave days contribute zero,"1,2,3,4,5,6,7,8,9,10,11,12",2025-2050,56940.0,5010.0,0.03143245052812616,0.0,0.19887647286040894,0.03155097636655176,0.0,0.20237947474720294,0.03155097636655176,-0.13927752201409968,0.20237947474720294,0.0,-119.32572241459629,36.32192880286373
ssp585,Washington,cehwi_composite_all,cehwi,composite,all,national,national,National,annual_all_days_primary,All calendar-year days; non-heatwave days contribute zero,"1,2,3,4,5,6,7,8,9,10,11,12",2025-2050,66430.0,7002.0,0.3361453705626583,0.010707335727578534,0.6461921844878926,0.3448139726300856,0.010717394715812258,0.6791033532576092,0.3448139726300856,0.010524592002562488,0.6791033532576092,0.0,-77.01079484073769,38.89522924007893
ssp585,Washington,cehwi_day_all,cehwi,day,all,national,national,National,annual_all_days_primary,All calendar-year days; non-heatwave days contribute zero,"1,2,3,4,5,6,7,8,9,10,11,12",2025-2050,66430.0,8669.0,0.11677435063125247,0.0,0.28839207703250364,0.1178194155291257,0.0,0.29456998145392416,0.1178194155291257,-0.05893115039567464,0.29456998145392416,0.0,-77.01079484073769,38.89522924007893
ssp585,Washington,cehwi_night_all,cehwi,night,all,national,national,National,annual_all_days_primary,All calendar-year days; non-heatwave days contribute zero,"1,2,3,4,5,6,7,8,9,10,11,12",2025-2050,66430.0,5269.0,0.0,0.0,0.03380920574741778,0.0,0.0,0.0339640349078116,-0.028018461667902443,-0.09000095824361717,0.0339640349078116,0.0,-77.01079484073769,38.89522924007893
ssp585,Washington,exceeded_quantity_composite_all,exceeded_quantity,composite,all,national,national,National,annual_all_days_primary,All calendar-year days; non-heatwave days contribute zero,"1,2,3,4,5,6,7,8,9,10,11,12",2025-2050,66430.0,7002.0,0.3702012900065857,2.2502475377998646e-05,0.8411304760513308,0.37888877915830205,2.2547200446242964e-05,0.8860122752699506,0.37888877915830205,-0.12823471695334587,0.8860122752699506,0.0,-77.01079484073769,38.89522924007893
ssp585,Washington,exceeded_quantity_day_all,exceeded_quantity,day,all,national,national,National,annual_all_days_primary,All calendar-year days; non-heatwave days contribute zero,"1,2,3,4,5,6,7,8,9,10,11,12",2025-2050,66430.0,8669.0,0.22162495753572262,0.0022068456678136033,0.504095512025515,0.22478355899207383,0.002226087975387157,0.5192949602225087,0.22478355899207383,-0.06972784223836051,0.5192949602225087,0.0,-77.01079484073769,38.89522924007893
ssp585,Washington,exceeded_quantity_night_all,exceeded_quantity,night,all,national,national,National,annual_all_days_primary,All calendar-year days; non-heatwave days contribute zero,"1,2,3,4,5,6,7,8,9,10,11,12",2025-2050,66430.0,5269.0,0.0215562142579594,0.0,0.14787700735993575,0.021615127018598912,0.0,0.15004414329093266,0.021615127018598912,-0.10681388925373499,0.15004414329093266,0.0,-77.01079484073769,38.89522924007893
