scenario,city_standard,model_key,indicator,heatwave_type,activity_type,curve_scope,partition_family,partition_name,denominator_id,denominator_label,denominator_months,period,n_days,heatwave_days,pa_loss_fraction_percent_all_days,pa_loss_fraction_low_percent_all_days,pa_loss_fraction_high_percent_all_days,annualized_asri_percent,annualized_asri_low_percent,annualized_asri_high_percent,benefit_adjusted_asri_percent,benefit_adjusted_asri_low_percent,benefit_adjusted_asri_high_percent,exposure_clipped_share,lon,lat
ssp245,Abilene,cehwi_composite_all,cehwi,composite,all,national,national,National,annual_all_days_primary,All calendar-year days; non-heatwave days contribute zero,"1,2,3,4,5,6,7,8,9,10,11,12",2025-2050,85410.0,16211.0,0.805055861402983,0.0228073918634611,1.5736888736973036,0.8318794155824629,0.0228353293864758,1.6808477794811103,0.8318794155824629,-0.0170889483161837,1.6808477794811103,0.0,-99.72248665892138,32.43090707989828
ssp245,Abilene,cehwi_day_all,cehwi,day,all,national,national,National,annual_all_days_primary,All calendar-year days; non-heatwave days contribute zero,"1,2,3,4,5,6,7,8,9,10,11,12",2025-2050,85410.0,8659.0,0.0583702236705791,0.0,0.146834578619217,0.0587129653202955,0.0,0.1489816357257832,0.0587129653202955,-0.0315557050851938,0.1489816357257832,0.0,-99.72248665892138,32.43090707989828
ssp245,Abilene,cehwi_night_all,cehwi,night,all,national,national,National,annual_all_days_primary,All calendar-year days; non-heatwave days contribute zero,"1,2,3,4,5,6,7,8,9,10,11,12",2025-2050,85410.0,9875.0,0.0,0.0,0.0396997912702951,0.0,0.0,0.039835934245641,-0.0333680570422915,-0.1065720483302252,0.039835934245641,0.0,-99.72248665892138,32.43090707989828
ssp245,Abilene,exceeded_quantity_composite_all,exceeded_quantity,composite,all,national,national,National,annual_all_days_primary,All calendar-year days; non-heatwave days contribute zero,"1,2,3,4,5,6,7,8,9,10,11,12",2025-2050,85410.0,16211.0,0.5907666008660717,0.0,1.3529373405918574,0.603331124012908,0.0,1.4192072822413302,0.603331124012908,-0.2125450342155135,1.4192072822413302,0.0,-99.72248665892138,32.43090707989828
ssp245,Abilene,exceeded_quantity_day_all,exceeded_quantity,day,all,national,national,National,annual_all_days_primary,All calendar-year days; non-heatwave days contribute zero,"1,2,3,4,5,6,7,8,9,10,11,12",2025-2050,85410.0,8659.0,0.1142003583835246,7.887229471178081e-06,0.2720212748840684,0.115250148491393,7.896339384431096e-06,0.2778146769853946,0.115250148491393,-0.0473143800026082,0.2778146769853946,0.0,-99.72248665892138,32.43090707989828
ssp245,Abilene,exceeded_quantity_night_all,exceeded_quantity,night,all,national,national,National,annual_all_days_primary,All calendar-year days; non-heatwave days contribute zero,"1,2,3,4,5,6,7,8,9,10,11,12",2025-2050,85410.0,9875.0,0.0257704083893228,0.0,0.1857880336965836,0.0258253689344195,0.0,0.1881694630116605,0.0258253689344195,-0.1365187251428215,0.1881694630116605,0.0,-99.72248665892138,32.43090707989828
ssp245,Amarillo,cehwi_composite_all,cehwi,composite,all,national,national,National,annual_all_days_primary,All calendar-year days; non-heatwave days contribute zero,"1,2,3,4,5,6,7,8,9,10,11,12",2025-2050,94900.0,11896.0,0.4455803574109938,0.0137423244587384,0.8577536874278966,0.4584107150637014,0.0137565418053679,0.906998835307119,0.4584107150637014,0.0098225948202843,0.906998835307119,0.0,-101.84151260135,35.1822476629671
ssp245,Amarillo,cehwi_day_all,cehwi,day,all,national,national,National,annual_all_days_primary,All calendar-year days; non-heatwave days contribute zero,"1,2,3,4,5,6,7,8,9,10,11,12",2025-2050,94900.0,15091.0,0.1644360261887693,0.0010200263002794,0.3935848759171742,0.1664879487167871,0.0010244581957008,0.4042511014659419,0.1664879487167871,-0.0712752040323697,0.4042511014659419,0.0,-101.84151260135,35.1822476629671
ssp245,Amarillo,cehwi_night_all,cehwi,night,all,national,national,National,annual_all_days_primary,All calendar-year days; non-heatwave days contribute zero,"1,2,3,4,5,6,7,8,9,10,11,12",2025-2050,94900.0,5052.0,0.0,0.0,0.0149315340242336,0.0,0.0,0.0149696227862004,-0.0126466152460982,-0.0402628532783975,0.0149696227862004,0.0,-101.84151260135,35.1822476629671
ssp245,Amarillo,exceeded_quantity_composite_all,exceeded_quantity,composite,all,national,national,National,annual_all_days_primary,All calendar-year days; non-heatwave days contribute zero,"1,2,3,4,5,6,7,8,9,10,11,12",2025-2050,94900.0,11896.0,0.4246989296272696,0.0,0.968440577959588,0.4342380902348638,0.0,1.0181947415267147,0.4342380902348638,-0.1497185610569861,1.0181947415267147,0.0,-101.84151260135,35.1822476629671
ssp245,Amarillo,exceeded_quantity_day_all,exceeded_quantity,day,all,national,national,National,annual_all_days_primary,All calendar-year days; non-heatwave days contribute zero,"1,2,3,4,5,6,7,8,9,10,11,12",2025-2050,94900.0,15091.0,0.25669501923122,0.0058264128940882,0.5782835923117822,0.2606679831217394,0.0059032329515988,0.5962511235966368,0.2606679831217394,-0.0749151573531575,0.5962511235966368,0.0,-101.84151260135,35.1822476629671
ssp245,Amarillo,exceeded_quantity_night_all,exceeded_quantity,night,all,national,national,National,annual_all_days_primary,All calendar-year days; non-heatwave days contribute zero,"1,2,3,4,5,6,7,8,9,10,11,12",2025-2050,94900.0,5052.0,0.010385219963017,0.0,0.0779294232804646,0.010402972196034,0.0,0.0788017336142608,0.010402972196034,-0.0579957892221927,0.0788017336142608,0.0,-101.84151260135,35.1822476629671
ssp245,Arlington,cehwi_composite_all,cehwi,composite,all,national,national,National,annual_all_days_primary,All calendar-year days; non-heatwave days contribute zero,"1,2,3,4,5,6,7,8,9,10,11,12",2025-2050,85410.0,15878.0,0.8573233853831577,0.0237381999290537,1.67147829310696,0.8874016459317944,0.0237684745105915,1.791323185000551,0.8874016459317944,-0.0165198931369608,1.791323185000551,0.0,-97.1173723349748,32.70008691094104
ssp245,Arlington,cehwi_day_all,cehwi,day,all,national,national,National,annual_all_days_primary,All calendar-year days; non-heatwave days contribute zero,"1,2,3,4,5,6,7,8,9,10,11,12",2025-2050,85410.0,7244.0,0.0386050667887893,0.0,0.0971880330964617,0.0388191283770642,0.0,0.0985245069138124,0.0388191283770642,-0.0208862501596854,0.0985245069138124,0.0,-97.1173723349748,32.70008691094104
ssp245,Arlington,cehwi_night_all,cehwi,night,all,national,national,National,annual_all_days_primary,All calendar-year days; non-heatwave days contribute zero,"1,2,3,4,5,6,7,8,9,10,11,12",2025-2050,85410.0,10276.0,0.0,0.0,0.0412288307812352,0.0,0.0,0.0413624434936388,-0.0347688908210727,-0.1109002251357855,0.0413624434936388,0.0,-97.1173723349748,32.70008691094104
ssp245,Arlington,exceeded_quantity_composite_all,exceeded_quantity,composite,all,national,national,National,annual_all_days_primary,All calendar-year days; non-heatwave days contribute zero,"1,2,3,4,5,6,7,8,9,10,11,12",2025-2050,85410.0,15878.0,0.6028645789895555,0.0,1.3729770314745484,0.6164636975045173,0.0,1.4438426945746303,0.6164636975045173,-0.2109152995655949,1.4438426945746303,0.0,-97.1173723349748,32.70008691094104
ssp245,Arlington,exceeded_quantity_day_all,exceeded_quantity,day,all,national,national,National,annual_all_days_primary,All calendar-year days; non-heatwave days contribute zero,"1,2,3,4,5,6,7,8,9,10,11,12",2025-2050,85410.0,7244.0,0.0718306272509685,0.0,0.1734150676156571,0.0723682153460055,0.0,0.1764787012977952,0.0723682153460055,-0.0317422706057837,0.1764787012977952,0.0,-97.1173723349748,32.70008691094104
ssp245,Arlington,exceeded_quantity_night_all,exceeded_quantity,night,all,national,national,National,annual_all_days_primary,All calendar-year days; non-heatwave days contribute zero,"1,2,3,4,5,6,7,8,9,10,11,12",2025-2050,85410.0,10276.0,0.0234194188776137,0.0,0.1754193164596913,0.023460131917227,0.0,0.1773987690811556,0.023460131917227,-0.1304785052467015,0.1773987690811556,0.0,-97.1173723349748,32.70008691094104
ssp245,Atlanta,cehwi_composite_all,cehwi,composite,all,national,national,National,annual_all_days_primary,All calendar-year days; non-heatwave days contribute zero,"1,2,3,4,5,6,7,8,9,10,11,12",2025-2050,113880.0,11110.0,0.2496017096256948,0.0079563235509081,0.4809557857024125,0.2553883845713234,0.0079633935433445,0.5029098261483737,0.2553883845713234,0.0078669429942736,0.5029098261483737,0.0,-84.41868766585188,33.78528111731029
ssp245,Atlanta,cehwi_day_all,cehwi,day,all,national,national,National,annual_all_days_primary,All calendar-year days; non-heatwave days contribute zero,"1,2,3,4,5,6,7,8,9,10,11,12",2025-2050,113880.0,19777.0,0.2420664566407003,0.0059535467596418,0.5547752522002332,0.2463682164024533,0.0060098531865154,0.5746381726065154,0.2463682164024533,-0.0819017398016107,0.5746381726065154,0.0,-84.41868766585188,33.78528111731029
ssp245,Atlanta,cehwi_night_all,cehwi,night,all,national,national,National,annual_all_days_primary,All calendar-year days; non-heatwave days contribute zero,"1,2,3,4,5,6,7,8,9,10,11,12",2025-2050,113880.0,8613.0,0.0,0.0,0.01954559374599,0.0,0.0,0.0195970313061666,-0.0165364839134156,-0.0526699991329986,0.0195970313061666,0.0,-84.41868766585188,33.78528111731029
ssp245,Atlanta,exceeded_quantity_composite_all,exceeded_quantity,composite,all,national,national,National,annual_all_days_primary,All calendar-year days; non-heatwave days contribute zero,"1,2,3,4,5,6,7,8,9,10,11,12",2025-2050,113880.0,11110.0,0.2603817062542288,0.0,0.6067367660320194,0.2648900439548448,0.0,0.6312651402406454,0.2648900439548448,-0.1014850523309552,0.6312651402406454,0.0,-84.41868766585188,33.78528111731029
ssp245,Atlanta,exceeded_quantity_day_all,exceeded_quantity,day,all,national,national,National,annual_all_days_primary,All calendar-year days; non-heatwave days contribute zero,"1,2,3,4,5,6,7,8,9,10,11,12",2025-2050,113880.0,19777.0,0.281841653138678,0.0019847296500951,0.6458089533705614,0.2856419499426475,0.0020052350219013,0.6645449270506237,0.2856419499426475,-0.0932610271653283,0.6645449270506237,0.0,-84.41868766585188,33.78528111731029
ssp245,Atlanta,exceeded_quantity_night_all,exceeded_quantity,night,all,national,national,National,annual_all_days_primary,All calendar-year days; non-heatwave days contribute zero,"1,2,3,4,5,6,7,8,9,10,11,12",2025-2050,113880.0,8613.0,0.0123687766469457,0.0,0.093742429841741,0.0123892295356063,0.0,0.0947044775578382,0.0123892295356063,-0.0699260184866257,0.0947044775578382,0.0,-84.41868766585188,33.78528111731029
ssp245,Aurora,cehwi_composite_all,cehwi,composite,all,national,national,National,annual_all_days_primary,All calendar-year days; non-heatwave days contribute zero,"1,2,3,4,5,6,7,8,9,10,11,12",2025-2050,132860.0,0.0,0.0,0.0,0.0,0.0,0.0,0.0,0.0,0.0,0.0,0.0,-104.76873712003088,39.6946779262805
ssp245,Aurora,cehwi_day_all,cehwi,day,all,national,national,National,annual_all_days_primary,All calendar-year days; non-heatwave days contribute zero,"1,2,3,4,5,6,7,8,9,10,11,12",2025-2050,132860.0,27135.0,0.542358624523883,0.0271303688042785,1.157462943999241,0.5561003776205465,0.0273573892028075,1.2145465905421584,0.5561003776205465,-0.1023458353010661,1.2145465905421584,0.0,-104.76873712003088,39.6946779262805
ssp245,Aurora,cehwi_night_all,cehwi,night,all,national,national,National,annual_all_days_primary,All calendar-year days; non-heatwave days contribute zero,"1,2,3,4,5,6,7,8,9,10,11,12",2025-2050,132860.0,0.0,0.0,0.0,0.0,0.0,0.0,0.0,0.0,0.0,0.0,0.0,-104.76873712003088,39.6946779262805
ssp245,Aurora,exceeded_quantity_composite_all,exceeded_quantity,composite,all,national,national,National,annual_all_days_primary,All calendar-year days; non-heatwave days contribute zero,"1,2,3,4,5,6,7,8,9,10,11,12",2025-2050,132860.0,0.0,0.0,0.0,0.0,0.0,0.0,0.0,0.0,0.0,0.0,0.0,-104.76873712003088,39.6946779262805
ssp245,Aurora,exceeded_quantity_day_all,exceeded_quantity,day,all,national,national,National,annual_all_days_primary,All calendar-year days; non-heatwave days contribute zero,"1,2,3,4,5,6,7,8,9,10,11,12",2025-2050,132860.0,27135.0,0.5024248379922056,0.0260303299612093,1.066758466561079,0.5133726922983277,0.0263556272204029,1.1108249982486018,0.5133726922983277,-0.0840796136519458,1.1108249982486018,0.0,-104.76873712003088,39.6946779262805
ssp245,Aurora,exceeded_quantity_night_all,exceeded_quantity,night,all,national,national,National,annual_all_days_primary,All calendar-year days; non-heatwave days contribute zero,"1,2,3,4,5,6,7,8,9,10,11,12",2025-2050,132860.0,0.0,0.0,0.0,0.0,0.0,0.0,0.0,0.0,0.0,0.0,0.0,-104.76873712003088,39.6946779262805
ssp245,Austin,cehwi_composite_all,cehwi,composite,all,national,national,National,annual_all_days_primary,All calendar-year days; non-heatwave days contribute zero,"1,2,3,4,5,6,7,8,9,10,11,12",2025-2050,227760.0,42661.0,0.7480414415992541,0.0236381229881652,1.440994319929391,0.772340627921587,0.0236670252398231,1.5349426462625817,0.772340627921587,0.009738609580593,1.5349426462625817,0.0,-97.74744069397526,30.309038865548093
ssp245,Austin,cehwi_day_all,cehwi,day,all,national,national,National,annual_all_days_primary,All calendar-year days; non-heatwave days contribute zero,"1,2,3,4,5,6,7,8,9,10,11,12",2025-2050,227760.0,24444.0,0.061426174562223,0.0,0.1536356208550381,0.0618362367075572,0.0,0.1561253088506843,0.0618362367075572,-0.0324528354355716,0.1561253088506843,0.0,-97.74744069397526,30.309038865548093
ssp245,Austin,cehwi_night_all,cehwi,night,all,national,national,National,annual_all_days_primary,All calendar-year days; non-heatwave days contribute zero,"1,2,3,4,5,6,7,8,9,10,11,12",2025-2050,227760.0,38522.0,0.0,0.0,0.0649308871308002,0.0,0.0,0.0651608041014008,-0.0546013252132339,-0.1743634545278702,0.0651608041014008,0.0,-97.74744069397526,30.309038865548093
ssp245,Austin,exceeded_quantity_composite_all,exceeded_quantity,composite,all,national,national,National,annual_all_days_primary,All calendar-year days; non-heatwave days contribute zero,"1,2,3,4,5,6,7,8,9,10,11,12",2025-2050,227760.0,42661.0,0.5059724779434177,0.0,1.1729544557283873,0.5153182443169165,0.0,1.2234269118032963,0.5153182443169165,-0.1927904231694622,1.2234269118032963,0.0,-97.74744069397526,30.309038865548093
ssp245,Austin,exceeded_quantity_day_all,exceeded_quantity,day,all,national,national,National,annual_all_days_primary,All calendar-year days; non-heatwave days contribute zero,"1,2,3,4,5,6,7,8,9,10,11,12",2025-2050,227760.0,24444.0,0.0996755122658905,4.548884570442571e-07,0.2414126134873015,0.1003930764262115,4.551242644224183e-07,0.245564162675227,0.1003930764262115,-0.0447780098228036,0.245564162675227,0.0,-97.74744069397526,30.309038865548093
ssp245,Austin,exceeded_quantity_night_all,exceeded_quantity,night,all,national,national,National,annual_all_days_primary,All calendar-year days; non-heatwave days contribute zero,"1,2,3,4,5,6,7,8,9,10,11,12",2025-2050,227760.0,38522.0,0.0337080413666101,0.0,0.2511223580378525,0.0337690931723621,0.0,0.2539919073251782,0.0337690931723621,-0.1864537209804541,0.2539919073251782,0.0,-97.74744069397526,30.309038865548093
ssp245,Bakersfield,cehwi_composite_all,cehwi,composite,all,national,national,National,annual_all_days_primary,All calendar-year days; non-heatwave days contribute zero,"1,2,3,4,5,6,7,8,9,10,11,12",2025-2050,132860.0,15273.0,0.3206774881856629,0.0101667755817868,0.6176230006036516,0.3283814729246304,0.0101758055573695,0.6469113284751288,0.3283814729246304,0.0098516173741324,0.6469113284751288,0.0,-119.03270052430015,35.36139476524356
ssp245,Bakersfield,cehwi_day_all,cehwi,day,all,national,national,National,annual_all_days_primary,All calendar-year days; non-heatwave days contribute zero,"1,2,3,4,5,6,7,8,9,10,11,12",2025-2050,132860.0,20799.0,0.1186284184182168,0.0,0.2953064577912195,0.1195583711264309,0.0,0.3009698707937468,0.1195583711264309,-0.0618531285408873,0.3009698707937468,0.0,-119.03270052430015,35.36139476524356
ssp245,Bakersfield,cehwi_night_all,cehwi,night,all,national,national,National,annual_all_days_primary,All calendar-year days; non-heatwave days contribute zero,"1,2,3,4,5,6,7,8,9,10,11,12",2025-2050,132860.0,8826.0,0.0,0.0,0.0384702408760954,0.0,0.0,0.0387416845897552,-0.030463350691803,-0.0996683859733617,0.0387416845897552,0.0,-119.03270052430015,35.36139476524356
ssp245,Bakersfield,exceeded_quantity_composite_all,exceeded_quantity,composite,all,national,national,National,annual_all_days_primary,All calendar-year days; non-heatwave days contribute zero,"1,2,3,4,5,6,7,8,9,10,11,12",2025-2050,132860.0,15273.0,0.3295984735549774,0.0,0.762104700276153,0.3359275556643293,0.0,0.796032237318377,0.3359275556643293,-0.124177125989718,0.796032237318377,0.0,-119.03270052430015,35.36139476524356
ssp245,Bakersfield,exceeded_quantity_day_all,exceeded_quantity,day,all,national,national,National,annual_all_days_primary,All calendar-year days; non-heatwave days contribute zero,"1,2,3,4,5,6,7,8,9,10,11,12",2025-2050,132860.0,20799.0,0.1879500757209609,0.0003043582075199,0.4441060176175234,0.1898431131451148,0.0003063434966945,0.4542218348789915,0.1898431131451148,-0.0745356085887612,0.4542218348789915,0.0,-119.03270052430015,35.36139476524356
ssp245,Bakersfield,exceeded_quantity_night_all,exceeded_quantity,night,all,national,national,National,annual_all_days_primary,All calendar-year days; non-heatwave days contribute zero,"1,2,3,4,5,6,7,8,9,10,11,12",2025-2050,132860.0,8826.0,0.0208166977718676,0.0,0.1347209634622511,0.0208890978426882,0.0,0.136959370100701,0.0208890978426882,-0.0951811744153246,0.136959370100701,0.0,-119.03270052430015,35.36139476524356
ssp245,Baltimore,cehwi_composite_all,cehwi,composite,all,national,national,National,annual_all_days_primary,All calendar-year days; non-heatwave days contribute zero,"1,2,3,4,5,6,7,8,9,10,11,12",2025-2050,75920.0,6164.0,0.2470967294605084,0.0077522813173266,0.4772764545036042,0.2532821413178004,0.0077594942309013,0.5010805276269692,0.2532821413178004,0.0054837550086318,0.5010805276269692,0.0,-76.61681942327382,39.29956644320838
ssp245,Baltimore,cehwi_day_all,cehwi,day,all,national,national,National,annual_all_days_primary,All calendar-year days; non-heatwave days contribute zero,"1,2,3,4,5,6,7,8,9,10,11,12",2025-2050,75920.0,10167.0,0.1404893904959291,0.001900502076132,0.3368054544308108,0.1422651894563115,0.0019179224832651,0.345834511780634,0.1422651894563115,-0.0613041328680125,0.345834511780634,0.0,-76.61681942327382,39.29956644320838
ssp245,Baltimore,cehwi_night_all,cehwi,night,all,national,national,National,annual_all_days_primary,All calendar-year days; non-heatwave days contribute zero,"1,2,3,4,5,6,7,8,9,10,11,12",2025-2050,75920.0,3673.0,0.0,0.0,0.0141277640091998,0.0,0.0,0.0141652215801402,-0.0119532645219179,-0.0380717506239766,0.0141652215801402,0.0,-76.61681942327382,39.29956644320838
ssp245,Baltimore,exceeded_quantity_composite_all,exceeded_quantity,composite,all,national,national,National,annual_all_days_primary,All calendar-year days; non-heatwave days contribute zero,"1,2,3,4,5,6,7,8,9,10,11,12",2025-2050,75920.0,6164.0,0.2755024463821133,0.0,0.6286882190113522,0.2816618080923505,0.0,0.6608733167256093,0.2816618080923505,-0.0975497005409078,0.6608733167256093,0.0,-76.61681942327382,39.29956644320838
ssp245,Baltimore,exceeded_quantity_day_all,exceeded_quantity,day,all,national,national,National,annual_all_days_primary,All calendar-year days; non-heatwave days contribute zero,"1,2,3,4,5,6,7,8,9,10,11,12",2025-2050,75920.0,10167.0,0.2327386291578085,0.0041451543621665,0.5247074260854828,0.2363029381661774,0.0041930341283212,0.5412414011745695,0.2363029381661774,-0.0686355248422142,0.5412414011745695,0.0,-76.61681942327382,39.29956644320838
ssp245,Baltimore,exceeded_quantity_night_all,exceeded_quantity,night,all,national,national,National,annual_all_days_primary,All calendar-year days; non-heatwave days contribute zero,"1,2,3,4,5,6,7,8,9,10,11,12",2025-2050,75920.0,3673.0,0.0104969492628844,0.0,0.0762761523232007,0.0105193055452721,0.0,0.0772226229025588,0.0105193055452721,-0.0561840118120145,0.0772226229025588,0.0,-76.61681942327382,39.29956644320838
ssp245,Boston,cehwi_composite_all,cehwi,composite,all,national,national,National,annual_all_days_primary,All calendar-year days; non-heatwave days contribute zero,"1,2,3,4,5,6,7,8,9,10,11,12",2025-2050,56940.0,506.0,0.030404019212832,0.0010090884484688,0.0584496417331156,0.0311591630859104,0.0010100782183964,0.0613082479534243,0.0311591630859104,0.0010100782183964,0.0613082479534243,0.0,-71.06747675562549,42.31262407379619
ssp245,Boston,cehwi_day_all,cehwi,day,all,national,national,National,annual_all_days_primary,All calendar-year days; non-heatwave days contribute zero,"1,2,3,4,5,6,7,8,9,10,11,12",2025-2050,56940.0,9210.0,0.2682251333147351,0.0010718903716323,0.6329593043804468,0.2722247844035202,0.0010779897899487,0.6540886936955653,0.2722247844035202,-0.109639124888526,0.6540886936955653,0.0,-71.06747675562549,42.31262407379619
ssp245,Boston,cehwi_night_all,cehwi,night,all,national,national,National,annual_all_days_primary,All calendar-year days; non-heatwave days contribute zero,"1,2,3,4,5,6,7,8,9,10,11,12",2025-2050,56940.0,191.0,0.0,0.0,0.0015163204452797,0.0,0.0,0.0015212049136193,-0.0012817734380638,-0.004084751789747,0.0015212049136193,0.0,-71.06747675562549,42.31262407379619
ssp245,Boston,exceeded_quantity_composite_all,exceeded_quantity,composite,all,national,national,National,annual_all_days_primary,All calendar-year days; non-heatwave days contribute zero,"1,2,3,4,5,6,7,8,9,10,11,12",2025-2050,56940.0,506.0,0.0387909327990005,0.0,0.0877017301025602,0.0397561533731635,0.0,0.0927531459838773,0.0397561533731635,-0.0132408392375501,0.0927531459838773,0.0,-71.06747675562549,42.31262407379619
ssp245,Boston,exceeded_quantity_day_all,exceeded_quantity,day,all,national,national,National,annual_all_days_primary,All calendar-year days; non-heatwave days contribute zero,"1,2,3,4,5,6,7,8,9,10,11,12",2025-2050,56940.0,9210.0,0.4259989513856697,0.0291979337503272,0.8949106007605645,0.4360514516570474,0.0296652111996943,0.9338074669474412,0.4360514516570474,-0.0617045636333462,0.9338074669474412,0.0,-71.06747675562549,42.31262407379619
ssp245,Boston,exceeded_quantity_night_all,exceeded_quantity,night,all,national,national,National,annual_all_days_primary,All calendar-year days; non-heatwave days contribute zero,"1,2,3,4,5,6,7,8,9,10,11,12",2025-2050,56940.0,191.0,0.0008946946997341,0.0,0.0066306121506357,0.0008962930846964,0.0,0.0067145037605501,0.0008962930846964,-0.0049219175911572,0.0067145037605501,0.0,-71.06747675562549,42.31262407379619
ssp245,Cape_Coral,cehwi_composite_all,cehwi,composite,all,national,national,National,annual_all_days_primary,All calendar-year days; non-heatwave days contribute zero,"1,2,3,4,5,6,7,8,9,10,11,12",2025-2050,75920.0,6532.0,0.0946259890188782,0.0026157986692262,0.1848175528509015,0.0956091713966629,0.0026166083985316,0.1886017343947947,0.0956091713966629,0.0026166083985316,0.1886017343947947,0.0,-82.00446533978065,26.634861968585493
ssp245,Cape_Coral,cehwi_day_all,cehwi,day,all,national,national,National,annual_all_days_primary,All calendar-year days; non-heatwave days contribute zero,"1,2,3,4,5,6,7,8,9,10,11,12",2025-2050,75920.0,17460.0,0.2526107623116829,0.0049369163309058,0.5958723738290516,0.2563157492624199,0.0049830852261405,0.6139618730072621,0.2563157492624199,-0.1013303744824251,0.6139618730072621,0.0,-82.00446533978065,26.634861968585493
ssp245,Cape_Coral,cehwi_night_all,cehwi,night,all,national,national,National,annual_all_days_primary,All calendar-year days; non-heatwave days contribute zero,"1,2,3,4,5,6,7,8,9,10,11,12",2025-2050,75920.0,14779.0,0.0,0.0,0.088167656993822,0.0,0.0,0.0885951725516022,-0.0729047493818437,-0.2344046713152912,0.0885951725516022,0.0,-82.00446533978065,26.634861968585493
ssp245,Cape_Coral,exceeded_quantity_composite_all,exceeded_quantity,composite,all,national,national,National,annual_all_days_primary,All calendar-year days; non-heatwave days contribute zero,"1,2,3,4,5,6,7,8,9,10,11,12",2025-2050,75920.0,6532.0,0.1160226496065683,0.0,0.2791014244247686,0.1170431285997267,0.0,0.2850444857853394,0.1170431285997267,-0.0509582285858855,0.2850444857853394,0.0,-82.00446533978065,26.634861968585493
ssp245,Cape_Coral,exceeded_quantity_day_all,exceeded_quantity,day,all,national,national,National,annual_all_days_primary,All calendar-year days; non-heatwave days contribute zero,"1,2,3,4,5,6,7,8,9,10,11,12",2025-2050,75920.0,17460.0,0.2583747140318843,0.0003757038925209,0.6114438710146278,0.2609167728713486,0.00037750838555,0.6250278356723116,0.2609167728713486,-0.1031942899296137,0.6250278356723116,0.0,-82.00446533978065,26.634861968585493
ssp245,Cape_Coral,exceeded_quantity_night_all,exceeded_quantity,night,all,national,national,National,annual_all_days_primary,All calendar-year days; non-heatwave days contribute zero,"1,2,3,4,5,6,7,8,9,10,11,12",2025-2050,75920.0,14779.0,0.0369866442419198,0.0,0.2738713926194257,0.0370557209961167,0.0,0.27704110730337,0.0370557209961167,-0.2029296653111366,0.27704110730337,0.0,-82.00446533978065,26.634861968585493
ssp245,Chandler,cehwi_composite_all,cehwi,composite,all,national,national,National,annual_all_days_primary,All calendar-year days; non-heatwave days contribute zero,"1,2,3,4,5,6,7,8,9,10,11,12",2025-2050,75920.0,9452.0,0.3142919587559933,0.0097244630335626,0.6071601442949008,0.3207593260932901,0.0097315043985246,0.631787147788056,0.3207593260932901,0.0097315043985246,0.631787147788056,0.0,-111.85099065465177,33.301753251324435
ssp245,Chandler,cehwi_day_all,cehwi,day,all,national,national,National,annual_all_days_primary,All calendar-year days; non-heatwave days contribute zero,"1,2,3,4,5,6,7,8,9,10,11,12",2025-2050,75920.0,12686.0,0.2026666262438744,0.0008269709447284,0.4817653610025584,0.2054344773563357,0.0008304071707498,0.4963374296664013,0.2054344773563357,-0.0854684749537316,0.4963374296664013,0.0,-111.85099065465177,33.301753251324435
ssp245,Chandler,cehwi_night_all,cehwi,night,all,national,national,National,annual_all_days_primary,All calendar-year days; non-heatwave days contribute zero,"1,2,3,4,5,6,7,8,9,10,11,12",2025-2050,75920.0,9109.0,0.0,0.0,0.0961762644768454,0.0,0.0,0.0970334361740112,-0.0732491171671858,-0.2435316705083836,0.0970334361740112,0.0,-111.85099065465177,33.301753251324435
ssp245,Chandler,exceeded_quantity_composite_all,exceeded_quantity,composite,all,national,national,National,annual_all_days_primary,All calendar-year days; non-heatwave days contribute zero,"1,2,3,4,5,6,7,8,9,10,11,12",2025-2050,75920.0,9452.0,0.3520994366802631,0.0,0.8145855515449494,0.3587733317452193,0.0,0.8504347074103212,0.3587733317452193,-0.1328880439198819,0.8504347074103212,0.0,-111.85099065465177,33.301753251324435
ssp245,Chandler,exceeded_quantity_day_all,exceeded_quantity,day,all,national,national,National,annual_all_days_primary,All calendar-year days; non-heatwave days contribute zero,"1,2,3,4,5,6,7,8,9,10,11,12",2025-2050,75920.0,12686.0,0.2612462933458787,0.0029559349501246,0.5965227213947121,0.2648565949993916,0.0029809128594599,0.6138573585420959,0.2648565949993916,-0.084144168543312,0.6138573585420959,0.0,-111.85099065465177,33.301753251324435
ssp245,Chandler,exceeded_quantity_night_all,exceeded_quantity,night,all,national,national,National,annual_all_days_primary,All calendar-year days; non-heatwave days contribute zero,"1,2,3,4,5,6,7,8,9,10,11,12",2025-2050,75920.0,9109.0,0.0474082283039876,0.0,0.2892712218992442,0.0476153891823704,0.0,0.2946531443100421,0.0476153891823704,-0.1994223659453013,0.2946531443100421,0.0,-111.85099065465177,33.301753251324435
ssp245,Charleston,cehwi_composite_all,cehwi,composite,all,national,national,National,annual_all_days_primary,All calendar-year days; non-heatwave days contribute zero,"1,2,3,4,5,6,7,8,9,10,11,12",2025-2050,66430.0,9623.0,0.3643585867918729,0.0112282248518378,0.7037031114864449,0.3728933892568056,0.0112378477535529,0.7364002927832843,0.3728933892568056,0.0093864857303276,0.7364002927832843,0.0,-79.95773562994015,32.797751375442466
ssp245,Charleston,cehwi_day_all,cehwi,day,all,national,national,National,annual_all_days_primary,All calendar-year days; non-heatwave days contribute zero,"1,2,3,4,5,6,7,8,9,10,11,12",2025-2050,66430.0,7910.0,0.0943846165349024,0.0017935162442557,0.2235332395069749,0.0956361877383638,0.0018063025457081,0.2294271847090535,0.0956361877383638,-0.0381548092323277,0.2294271847090535,0.0,-79.95773562994015,32.797751375442466
ssp245,Charleston,cehwi_night_all,cehwi,night,all,national,national,National,annual_all_days_primary,All calendar-year days; non-heatwave days contribute zero,"1,2,3,4,5,6,7,8,9,10,11,12",2025-2050,66430.0,9729.0,0.0,0.0,0.0566033703435512,0.0,0.0,0.0568256612525674,-0.0473188672750027,-0.1514633958025742,0.0568256612525674,0.0,-79.95773562994015,32.797751375442466
ssp245,Charleston,exceeded_quantity_composite_all,exceeded_quantity,composite,all,national,national,National,annual_all_days_primary,All calendar-year days; non-heatwave days contribute zero,"1,2,3,4,5,6,7,8,9,10,11,12",2025-2050,66430.0,9623.0,0.3360923436789588,0.0,0.7866024115127755,0.3415190724439396,0.0,0.8163382138306972,0.3415190724439396,-0.1333000689428172,0.8163382138306972,0.0,-79.95773562994015,32.797751375442466
ssp245,Charleston,exceeded_quantity_day_all,exceeded_quantity,day,all,national,national,National,annual_all_days_primary,All calendar-year days; non-heatwave days contribute zero,"1,2,3,4,5,6,7,8,9,10,11,12",2025-2050,66430.0,7910.0,0.1386977554317559,9.73448474331662e-05,0.3284669139346639,0.140060921479564,9.798308299529156e-05,0.3358359096770794,0.140060921479564,-0.0557140667179508,0.3358359096770794,0.0,-79.95773562994015,32.797751375442466
ssp245,Charleston,exceeded_quantity_night_all,exceeded_quantity,night,all,national,national,National,annual_all_days_primary,All calendar-year days; non-heatwave days contribute zero,"1,2,3,4,5,6,7,8,9,10,11,12",2025-2050,66430.0,9729.0,0.0290736433908098,0.0,0.2143894780553904,0.0291306186213109,0.0,0.2168849134364693,0.0291306186213109,-0.1586236761938477,0.2168849134364693,0.0,-79.95773562994015,32.797751375442466
ssp245,Charlotte,cehwi_composite_all,cehwi,composite,all,national,national,National,annual_all_days_primary,All calendar-year days; non-heatwave days contribute zero,"1,2,3,4,5,6,7,8,9,10,11,12",2025-2050,218270.0,24508.0,0.328512655868051,0.0102092054325585,0.6328729129265136,0.3366215379278743,0.0102182218020506,0.6637896762700363,0.3366215379278743,0.0094533995857127,0.6637896762700363,0.0,-80.83226153697035,35.2026222257981
ssp245,Charlotte,cehwi_day_all,cehwi,day,all,national,national,National,annual_all_days_primary,All calendar-year days; non-heatwave days contribute zero,"1,2,3,4,5,6,7,8,9,10,11,12",2025-2050,218270.0,29166.0,0.1399798138247485,0.0024301713127968,0.3297092612823668,0.1419775035469319,0.0024461158809504,0.3394004615973329,0.1419775035469319,-0.0554454545034708,0.3394004615973329,0.0,-80.83226153697035,35.2026222257981
ssp245,Charlotte,cehwi_night_all,cehwi,night,all,national,national,National,annual_all_days_primary,All calendar-year days; non-heatwave days contribute zero,"1,2,3,4,5,6,7,8,9,10,11,12",2025-2050,218270.0,17920.0,0.0,0.0,0.0270627122357046,0.0,0.0,0.0271611120628408,-0.0226802682443441,-0.0725216485515299,0.0271611120628408,0.0,-80.83226153697035,35.2026222257981
ssp245,Charlotte,exceeded_quantity_composite_all,exceeded_quantity,composite,all,national,national,National,annual_all_days_primary,All calendar-year days; non-heatwave days contribute zero,"1,2,3,4,5,6,7,8,9,10,11,12",2025-2050,218270.0,24508.0,0.3374548490972358,0.0,0.7773145106883556,0.3442104898842262,0.0,0.8132093496712077,0.3442104898842262,-0.1247883699027545,0.8132093496712077,0.0,-80.83226153697035,35.2026222257981
ssp245,Charlotte,exceeded_quantity_day_all,exceeded_quantity,day,all,national,national,National,annual_all_days_primary,All calendar-year days; non-heatwave days contribute zero,"1,2,3,4,5,6,7,8,9,10,11,12",2025-2050,218270.0,29166.0,0.2041964875225981,0.0024765460938485,0.4674058645460197,0.206971642948875,0.0024997970759562,0.4807632342869446,0.206971642948875,-0.066819948389194,0.4807632342869446,0.0,-80.83226153697035,35.2026222257981
ssp245,Charlotte,exceeded_quantity_night_all,exceeded_quantity,night,all,national,national,National,annual_all_days_primary,All calendar-year days; non-heatwave days contribute zero,"1,2,3,4,5,6,7,8,9,10,11,12",2025-2050,218270.0,17920.0,0.0165760437254959,0.0,0.1201984231339399,0.0166107101252913,0.0,0.1216751670112401,0.0166107101252913,-0.0884537467606575,0.1216751670112401,0.0,-80.83226153697035,35.2026222257981
ssp245,Chicago,cehwi_composite_all,cehwi,composite,all,national,national,National,annual_all_days_primary,All calendar-year days; non-heatwave days contribute zero,"1,2,3,4,5,6,7,8,9,10,11,12",2025-2050,246740.0,22271.0,0.3016906277998217,0.0093643142746806,0.5821064675894003,0.3097741787266133,0.00937344360541,0.6132185442446811,0.3097741787266133,0.0063298132085459,0.6132185442446811,0.0,-87.69926598228068,41.84514512774459
ssp245,Chicago,cehwi_day_all,cehwi,day,all,national,national,National,annual_all_days_primary,All calendar-year days; non-heatwave days contribute zero,"1,2,3,4,5,6,7,8,9,10,11,12",2025-2050,246740.0,37773.0,0.1948303032076358,0.000697835873629,0.4633810431665554,0.1974938672498103,0.0007007595955236,0.4774822938491962,0.1974938672498103,-0.0824945593495771,0.4774822938491962,0.0,-87.69926598228068,41.84514512774459
ssp245,Chicago,cehwi_night_all,cehwi,night,all,national,national,National,annual_all_days_primary,All calendar-year days; non-heatwave days contribute zero,"1,2,3,4,5,6,7,8,9,10,11,12",2025-2050,246740.0,8279.0,0.0,0.0,0.0102781012921523,0.0,0.0,0.0103096986480531,-0.0086646125045239,-0.0276389236571014,0.0103096986480531,0.0,-87.69926598228068,41.84514512774459
ssp245,Chicago,exceeded_quantity_composite_all,exceeded_quantity,composite,all,national,national,National,annual_all_days_primary,All calendar-year days; non-heatwave days contribute zero,"1,2,3,4,5,6,7,8,9,10,11,12",2025-2050,246740.0,22271.0,0.342332192285197,8.139316390263694e-05,0.772554433799212,0.3509898748662443,8.186760891566086e-05,0.8168488413728913,0.3509898748662443,-0.1148690916404022,0.8168488413728913,0.0,-87.69926598228068,41.84514512774459
ssp245,Chicago,exceeded_quantity_day_all,exceeded_quantity,day,all,national,national,National,annual_all_days_primary,All calendar-year days; non-heatwave days contribute zero,"1,2,3,4,5,6,7,8,9,10,11,12",2025-2050,246740.0,37773.0,0.3284948152659333,0.0176831566460777,0.7030215836891119,0.3355508060547357,0.01796872481855,0.7312050130742223,0.3355508060547357,-0.0601034009647503,0.7312050130742223,0.0,-87.69926598228068,41.84514512774459
ssp245,Chicago,exceeded_quantity_night_all,exceeded_quantity,night,all,national,national,National,annual_all_days_primary,All calendar-year days; non-heatwave days contribute zero,"1,2,3,4,5,6,7,8,9,10,11,12",2025-2050,246740.0,8279.0,0.0076356990176051,0.0,0.0537336021558531,0.0076550989578521,0.0,0.0544514168021937,0.0076550989578521,-0.0391412188864895,0.0544514168021937,0.0,-87.69926598228068,41.84514512774459
ssp245,Cincinnati,cehwi_composite_all,cehwi,composite,all,national,national,National,annual_all_days_primary,All calendar-year days; non-heatwave days contribute zero,"1,2,3,4,5,6,7,8,9,10,11,12",2025-2050,113880.0,4586.0,0.1231674089376386,0.0036713430811489,0.2380861256472771,0.1262299731368989,0.0036746052128438,0.2498942979245612,0.1262299731368989,0.0025656483492367,0.2498942979245612,0.0,-84.50103323356284,39.145311433746485
ssp245,Cincinnati,cehwi_day_all,cehwi,day,all,national,national,National,annual_all_days_primary,All calendar-year days; non-heatwave days contribute zero,"1,2,3,4,5,6,7,8,9,10,11,12",2025-2050,113880.0,23048.0,0.3002066430125941,0.0014377806749562,0.7020311966222904,0.3048640727900417,0.0014434339337537,0.7257358926981321,0.3048640727900417,-0.1160077471180506,0.7257358926981321,0.0,-84.50103323356284,39.145311433746485
ssp245,Cincinnati,cehwi_night_all,cehwi,night,all,national,national,National,annual_all_days_primary,All calendar-year days; non-heatwave days contribute zero,"1,2,3,4,5,6,7,8,9,10,11,12",2025-2050,113880.0,1913.0,0.0,0.0,0.0041207731131933,0.0,0.0,0.0041308047548204,-0.0034900869396909,-0.0111109786342024,0.0041308047548204,0.0,-84.50103323356284,39.145311433746485
ssp245,Cincinnati,exceeded_quantity_composite_all,exceeded_quantity,composite,all,national,national,National,annual_all_days_primary,All calendar-year days; non-heatwave days contribute zero,"1,2,3,4,5,6,7,8,9,10,11,12",2025-2050,113880.0,4586.0,0.1458467065451012,0.0,0.3337635476025562,0.1490101812909251,0.0,0.3505555301999093,0.1490101812909251,-0.0525351676180588,0.3505555301999093,0.0,-84.50103323356284,39.145311433746485
ssp245,Cincinnati,exceeded_quantity_day_all,exceeded_quantity,day,all,national,national,National,annual_all_days_primary,All calendar-year days; non-heatwave days contribute zero,"1,2,3,4,5,6,7,8,9,10,11,12",2025-2050,113880.0,23048.0,0.3956484693141645,0.0101314585108459,0.873377074948324,0.4025673891068811,0.0102403300054367,0.9039647543796951,0.4025673891068811,-0.0988299761659322,0.9039647543796951,0.0,-84.50103323356284,39.145311433746485
ssp245,Cincinnati,exceeded_quantity_night_all,exceeded_quantity,night,all,national,national,National,annual_all_days_primary,All calendar-year days; non-heatwave days contribute zero,"1,2,3,4,5,6,7,8,9,10,11,12",2025-2050,113880.0,1913.0,0.0025110430315563,0.0,0.0194705226029927,0.0025144545132667,0.0,0.0196564219929485,0.0025144545132667,-0.0146275129664151,0.0196564219929485,0.0,-84.50103323356284,39.145311433746485
ssp245,Clearwater,cehwi_composite_all,cehwi,composite,all,national,national,National,annual_all_days_primary,All calendar-year days; non-heatwave days contribute zero,"1,2,3,4,5,6,7,8,9,10,11,12",2025-2050,47450.0,5388.0,0.1371495023233196,0.0038706275992211,0.2673802547032898,0.1388084492250175,0.0038721368770651,0.2737447615729703,0.1388084492250175,0.0038721368770651,0.2737447615729703,0.0,-82.74931842952977,27.968555005462687
ssp245,Clearwater,cehwi_day_all,cehwi,day,all,national,national,National,annual_all_days_primary,All calendar-year days; non-heatwave days contribute zero,"1,2,3,4,5,6,7,8,9,10,11,12",2025-2050,47450.0,10947.0,0.2287596436060584,0.0068973407837284,0.5297629224055797,0.2325987043657214,0.0069632099660604,0.5472471248248233,0.2325987043657214,-0.0820497160933835,0.5472471248248233,0.0,-82.74931842952977,27.968555005462687
ssp245,Clearwater,cehwi_night_all,cehwi,night,all,national,national,National,annual_all_days_primary,All calendar-year days; non-heatwave days contribute zero,"1,2,3,4,5,6,7,8,9,10,11,12",2025-2050,47450.0,9006.0,0.0,0.0,0.0972765386605385,0.0,0.0,0.0977955885658691,-0.0799222843452337,-0.2576401572563382,0.0977955885658691,0.0,-82.74931842952977,27.968555005462687
ssp245,Clearwater,exceeded_quantity_composite_all,exceeded_quantity,composite,all,national,national,National,annual_all_days_primary,All calendar-year days; non-heatwave days contribute zero,"1,2,3,4,5,6,7,8,9,10,11,12",2025-2050,47450.0,5388.0,0.1504069536646052,0.0,0.3619273616215138,0.151717581656153,0.0,0.3695723405508961,0.151717581656153,-0.0661371772385897,0.3695723405508961,0.0,-82.74931842952977,27.968555005462687
ssp245,Clearwater,exceeded_quantity_day_all,exceeded_quantity,day,all,national,national,National,annual_all_days_primary,All calendar-year days; non-heatwave days contribute zero,"1,2,3,4,5,6,7,8,9,10,11,12",2025-2050,47450.0,10947.0,0.1804512433001872,0.0,0.4370548404536662,0.1817099829504878,0.0,0.4442124922087475,0.1817099829504878,-0.0807925263077711,0.4442124922087475,0.0,-82.74931842952977,27.968555005462687
ssp245,Clearwater,exceeded_quantity_night_all,exceeded_quantity,night,all,national,national,National,annual_all_days_primary,All calendar-year days; non-heatwave days contribute zero,"1,2,3,4,5,6,7,8,9,10,11,12",2025-2050,47450.0,9006.0,0.0441416102576588,0.0,0.3103906085769713,0.0442498355303331,0.0,0.3146052218801384,0.0442498355303331,-0.2261055508194723,0.3146052218801384,0.0,-82.74931842952977,27.968555005462687
ssp245,Cleveland,cehwi_composite_all,cehwi,composite,all,national,national,National,annual_all_days_primary,All calendar-year days; non-heatwave days contribute zero,"1,2,3,4,5,6,7,8,9,10,11,12",2025-2050,104390.0,3011.0,0.0826549407643113,0.002539059431942,0.159548623940732,0.084456607030236,0.0025410196202024,0.1664115833189285,0.084456607030236,0.0025016307415436,0.1664115833189285,0.0,-81.69720068009887,41.47755055399433
ssp245,Cleveland,cehwi_day_all,cehwi,day,all,national,national,National,annual_all_days_primary,All calendar-year days; non-heatwave days contribute zero,"1,2,3,4,5,6,7,8,9,10,11,12",2025-2050,104390.0,18885.0,0.2752882385105037,0.0050994681438778,0.6408212202758231,0.2797781924192855,0.005140512868327,0.6626900983033631,0.2797781924192855,-0.1031337134647934,0.6626900983033631,0.0,-81.69720068009887,41.47755055399433
ssp245,Cleveland,cehwi_night_all,cehwi,night,all,national,national,National,annual_all_days_primary,All calendar-year days; non-heatwave days contribute zero,"1,2,3,4,5,6,7,8,9,10,11,12",2025-2050,104390.0,780.0,0.0,0.0,0.0016906990880366,0.0,0.0,0.0016950154143891,-0.0014287021468789,-0.004552419708147,0.0016950154143891,0.0,-81.69720068009887,41.47755055399433
ssp245,Cleveland,exceeded_quantity_composite_all,exceeded_quantity,composite,all,national,national,National,annual_all_days_primary,All calendar-year days; non-heatwave days contribute zero,"1,2,3,4,5,6,7,8,9,10,11,12",2025-2050,104390.0,3011.0,0.1060575120041694,0.0,0.2423732141897636,0.1084160329801326,0.0,0.2548448708015852,0.1084160329801326,-0.0380128048413198,0.2548448708015852,0.0,-81.69720068009887,41.47755055399433
ssp245,Cleveland,exceeded_quantity_day_all,exceeded_quantity,day,all,national,national,National,annual_all_days_primary,All calendar-year days; non-heatwave days contribute zero,"1,2,3,4,5,6,7,8,9,10,11,12",2025-2050,104390.0,18885.0,0.4167633412481486,0.0248668559400129,0.886290652901017,0.4261894682630773,0.0253014016216171,0.9232921350860376,0.4261894682630773,-0.0709131985598824,0.9232921350860376,0.0,-81.69720068009887,41.47755055399433
ssp245,Cleveland,exceeded_quantity_night_all,exceeded_quantity,night,all,national,national,National,annual_all_days_primary,All calendar-year days; non-heatwave days contribute zero,"1,2,3,4,5,6,7,8,9,10,11,12",2025-2050,104390.0,780.0,0.0013487591173752,0.0,0.0099698738460539,0.0013512993824689,0.0,0.0100850772489055,0.0013512993824689,-0.0073824784839677,0.0100850772489055,0.0,-81.69720068009887,41.47755055399433
ssp245,Columbia,cehwi_composite_all,cehwi,composite,all,national,national,National,annual_all_days_primary,All calendar-year days; non-heatwave days contribute zero,"1,2,3,4,5,6,7,8,9,10,11,12",2025-2050,104390.0,14124.0,0.4122151644911209,0.0129667025631218,0.7953594463372716,0.4231124751593475,0.0129794309725989,0.8372423941135893,0.4231124751593475,0.0089825562051061,0.8372423941135893,0.0,-81.01121446313488,34.0247807561963
ssp245,Columbia,cehwi_day_all,cehwi,day,all,national,national,National,annual_all_days_primary,All calendar-year days; non-heatwave days contribute zero,"1,2,3,4,5,6,7,8,9,10,11,12",2025-2050,104390.0,11009.0,0.0920849026070294,0.001249851503555,0.2189098761794929,0.0932777384328862,0.0012565759995951,0.2248020949233335,0.0932777384328862,-0.0382466180575627,0.2248020949233335,0.0,-81.01121446313488,34.0247807561963
ssp245,Columbia,cehwi_night_all,cehwi,night,all,national,national,National,annual_all_days_primary,All calendar-year days; non-heatwave days contribute zero,"1,2,3,4,5,6,7,8,9,10,11,12",2025-2050,104390.0,14592.0,0.0,0.0,0.0661935508875258,0.0,0.0,0.066507489312127,-0.0548909353500227,-0.1762893600121736,0.066507489312127,0.0,-81.01121446313488,34.0247807561963
ssp245,Columbia,exceeded_quantity_composite_all,exceeded_quantity,composite,all,national,national,National,annual_all_days_primary,All calendar-year days; non-heatwave days contribute zero,"1,2,3,4,5,6,7,8,9,10,11,12",2025-2050,104390.0,14124.0,0.4002816812408412,0.0,0.921284579325902,0.4083702933040501,0.0,0.9641625325437038,0.4083702933040501,-0.1474219459356029,0.9641625325437038,0.0,-81.01121446313488,34.0247807561963
ssp245,Columbia,exceeded_quantity_day_all,exceeded_quantity,day,all,national,national,National,annual_all_days_primary,All calendar-year days; non-heatwave days contribute zero,"1,2,3,4,5,6,7,8,9,10,11,12",2025-2050,104390.0,11009.0,0.1380161090557255,0.0005593628029624,0.3228028878798206,0.139563018143845,0.0005645789084222,0.3307843938772004,0.139563018143845,-0.0516583575895101,0.3307843938772004,0.0,-81.01121446313488,34.0247807561963
ssp245,Columbia,exceeded_quantity_night_all,exceeded_quantity,night,all,national,national,National,annual_all_days_primary,All calendar-year days; non-heatwave days contribute zero,"1,2,3,4,5,6,7,8,9,10,11,12",2025-2050,104390.0,14592.0,0.0390090882911817,0.0,0.261832484773742,0.0391278596417801,0.0,0.2658278642436023,0.0391278596417801,-0.1875721449600421,0.2658278642436023,0.0,-81.01121446313488,34.0247807561963
ssp245,Columbus,cehwi_composite_all,cehwi,composite,all,national,national,National,annual_all_days_primary,All calendar-year days; non-heatwave days contribute zero,"1,2,3,4,5,6,7,8,9,10,11,12",2025-2050,237250.0,6367.0,0.0849376432869611,0.0025220078485571,0.164562410248469,0.0869908678281236,0.0025241568777079,0.1725417359953174,0.0869908678281236,0.0014399996609298,0.1725417359953174,0.0,-82.98587478768124,39.9884646530878
ssp245,Columbus,cehwi_day_all,cehwi,day,all,national,national,National,annual_all_days_primary,All calendar-year days; non-heatwave days contribute zero,"1,2,3,4,5,6,7,8,9,10,11,12",2025-2050,237250.0,48131.0,0.3078274031889164,0.0024316556603339,0.720083545480188,0.312632397209758,0.0024464465766156,0.744455094419503,0.312632397209758,-0.1191902999999885,0.744455094419503,0.0,-82.98587478768124,39.9884646530878
ssp245,Columbus,cehwi_night_all,cehwi,night,all,national,national,National,annual_all_days_primary,All calendar-year days; non-heatwave days contribute zero,"1,2,3,4,5,6,7,8,9,10,11,12",2025-2050,237250.0,1644.0,0.0,0.0,0.0016975737139502,0.0,0.0,0.001701983337956,-0.00143560325959,-0.0045731898571361,0.001701983337956,0.0,-82.98587478768124,39.9884646530878
ssp245,Columbus,exceeded_quantity_composite_all,exceeded_quantity,composite,all,national,national,National,annual_all_days_primary,All calendar-year days; non-heatwave days contribute zero,"1,2,3,4,5,6,7,8,9,10,11,12",2025-2050,237250.0,6367.0,0.1053139591007084,0.0,0.2399833561718954,0.1077216042438974,0.0,0.2527140053903827,0.1077216042438974,-0.0372707969025877,0.2527140053903827,0.0,-82.98587478768124,39.9884646530878
ssp245,Columbus,exceeded_quantity_day_all,exceeded_quantity,day,all,national,national,National,annual_all_days_primary,All calendar-year days; non-heatwave days contribute zero,"1,2,3,4,5,6,7,8,9,10,11,12",2025-2050,237250.0,48131.0,0.4209475489036386,0.0163964936424938,0.9158027153922628,0.4290692530403333,0.0166117814322668,0.9500915645336664,0.4290692530403333,-0.0919530584529996,0.9500915645336664,0.0,-82.98587478768124,39.9884646530878
ssp245,Columbus,exceeded_quantity_night_all,exceeded_quantity,night,all,national,national,National,annual_all_days_primary,All calendar-year days; non-heatwave days contribute zero,"1,2,3,4,5,6,7,8,9,10,11,12",2025-2050,237250.0,1644.0,0.0012201804106095,0.0,0.009120777466157,0.0012222997663894,0.0,0.009223188419284,0.0012222997663894,-0.0067785888865051,0.009223188419284,0.0,-82.98587478768124,39.9884646530878
ssp245,Corpus_Christi,cehwi_composite_all,cehwi,composite,all,national,national,National,annual_all_days_primary,All calendar-year days; non-heatwave days contribute zero,"1,2,3,4,5,6,7,8,9,10,11,12",2025-2050,18980.0,2379.0,0.1457680321007081,0.0040653433485869,0.2844484700632883,0.1474061377389225,0.0040667386424587,0.2907455368353869,0.1474061377389225,0.0040667386424587,0.2907455368353869,0.0,-97.36405256378852,27.68672149058898
ssp245,Corpus_Christi,cehwi_day_all,cehwi,day,all,national,national,National,annual_all_days_primary,All calendar-year days; non-heatwave days contribute zero,"1,2,3,4,5,6,7,8,9,10,11,12",2025-2050,18980.0,4922.0,0.3139857888477756,0.0011648145658775,0.7473757804795911,0.3182474923308012,0.0011702040048811,0.7699485095931712,0.3182474923308012,-0.1334535249315715,0.7699485095931712,0.0,-97.36405256378852,27.68672149058898
ssp245,Corpus_Christi,cehwi_night_all,cehwi,night,all,national,national,National,annual_all_days_primary,All calendar-year days; non-heatwave days contribute zero,"1,2,3,4,5,6,7,8,9,10,11,12",2025-2050,18980.0,4302.0,0.0,0.0,0.1704329795660607,0.0,0.0,0.1719603746677669,-0.1295709763867208,-0.4311023274412101,0.1719603746677669,0.0,-97.36405256378852,27.68672149058898
ssp245,Corpus_Christi,exceeded_quantity_composite_all,exceeded_quantity,composite,all,national,national,National,annual_all_days_primary,All calendar-year days; non-heatwave days contribute zero,"1,2,3,4,5,6,7,8,9,10,11,12",2025-2050,18980.0,2379.0,0.1593734374786353,0.0,0.3839229294562726,0.1606973873253194,0.0,0.3916476503809006,0.1606973873253194,-0.0702528757302612,0.3916476503809006,0.0,-97.36405256378852,27.68672149058898
ssp245,Corpus_Christi,exceeded_quantity_day_all,exceeded_quantity,day,all,national,national,National,annual_all_days_primary,All calendar-year days; non-heatwave days contribute zero,"1,2,3,4,5,6,7,8,9,10,11,12",2025-2050,18980.0,4922.0,0.2545792892280305,5.771429591281191e-05,0.6120851106106925,0.2566148423256408,5.781603775330085e-05,0.6234989244375168,0.2566148423256408,-0.1102692397862343,0.6234989244375168,0.0,-97.36405256378852,27.68672149058898
ssp245,Corpus_Christi,exceeded_quantity_night_all,exceeded_quantity,night,all,national,national,National,annual_all_days_primary,All calendar-year days; non-heatwave days contribute zero,"1,2,3,4,5,6,7,8,9,10,11,12",2025-2050,18980.0,4302.0,0.051954147153198,0.0,0.3760622058587949,0.0520614502679396,0.0,0.380890617413414,0.0520614502679396,-0.2767677168775351,0.380890617413414,0.0,-97.36405256378852,27.68672149058898
ssp245,Dallas,cehwi_composite_all,cehwi,composite,all,national,national,National,annual_all_days_primary,All calendar-year days; non-heatwave days contribute zero,"1,2,3,4,5,6,7,8,9,10,11,12",2025-2050,275210.0,51111.0,0.8460040887790796,0.0235720303489307,1.650313746126575,0.8755333932698898,0.0236020624603271,1.7680516854177022,0.8755333932698898,-0.0169848988779214,1.7680516854177022,0.0,-96.77202001463549,32.79909361336637
ssp245,Dallas,cehwi_day_all,cehwi,day,all,national,national,National,annual_all_days_primary,All calendar-year days; non-heatwave days contribute zero,"1,2,3,4,5,6,7,8,9,10,11,12",2025-2050,275210.0,25415.0,0.0466925583256653,0.0,0.1172984260788454,0.0469727785889588,0.0,0.1190389070521518,0.0469727785889588,-0.0250933498742357,0.1190389070521518,0.0,-96.77202001463549,32.79909361336637
ssp245,Dallas,cehwi_night_all,cehwi,night,all,national,national,National,annual_all_days_primary,All calendar-year days; non-heatwave days contribute zero,"1,2,3,4,5,6,7,8,9,10,11,12",2025-2050,275210.0,35661.0,0.0,0.0,0.0488605513793941,0.0,0.0,0.0490367884517466,-0.0410463565188066,-0.1311295014893611,0.0490367884517466,0.0,-96.77202001463549,32.79909361336637
ssp245,Dallas,exceeded_quantity_composite_all,exceeded_quantity,composite,all,national,national,National,annual_all_days_primary,All calendar-year days; non-heatwave days contribute zero,"1,2,3,4,5,6,7,8,9,10,11,12",2025-2050,275210.0,51111.0,0.6098821739129177,0.0,1.387336199202548,0.6238221434352292,0.0,1.459809990757769,0.6238221434352292,-0.2121657038873098,1.459809990757769,0.0,-96.77202001463549,32.79909361336637
ssp245,Dallas,exceeded_quantity_day_all,exceeded_quantity,day,all,national,national,National,annual_all_days_primary,All calendar-year days; non-heatwave days contribute zero,"1,2,3,4,5,6,7,8,9,10,11,12",2025-2050,275210.0,25415.0,0.085138891544801,4.2167367314101815e-05,0.2042694746978569,0.0858391424408515,4.235161104804719e-05,0.2081616606910178,0.0858391424408515,-0.0364833758093144,0.2081616606910178,0.0,-96.77202001463549,32.79909361336637
ssp245,Dallas,exceeded_quantity_night_all,exceeded_quantity,night,all,national,national,National,annual_all_days_primary,All calendar-year days; non-heatwave days contribute zero,"1,2,3,4,5,6,7,8,9,10,11,12",2025-2050,275210.0,35661.0,0.0281231268122967,0.0,0.2059632700883009,0.0281788274140327,0.0,0.2084854132608208,0.0281788274140327,-0.1521277584327554,0.2084854132608208,0.0,-96.77202001463549,32.79909361336637
ssp245,Denver,cehwi_composite_all,cehwi,composite,all,national,national,National,annual_all_days_primary,All calendar-year days; non-heatwave days contribute zero,"1,2,3,4,5,6,7,8,9,10,11,12",2025-2050,85410.0,0.0,0.0,0.0,0.0,0.0,0.0,0.0,0.0,0.0,0.0,0.0,-104.9171195553542,39.72922080293672
ssp245,Denver,cehwi_day_all,cehwi,day,all,national,national,National,annual_all_days_primary,All calendar-year days; non-heatwave days contribute zero,"1,2,3,4,5,6,7,8,9,10,11,12",2025-2050,85410.0,17619.0,0.5324302519606483,0.0246630455317525,1.1411590508046454,0.5456653030318221,0.0248573172838189,1.196658145596769,0.5456653030318221,-0.1053275395331256,1.196658145596769,0.0,-104.9171195553542,39.72922080293672
ssp245,Denver,cehwi_night_all,cehwi,night,all,national,national,National,annual_all_days_primary,All calendar-year days; non-heatwave days contribute zero,"1,2,3,4,5,6,7,8,9,10,11,12",2025-2050,85410.0,0.0,0.0,0.0,0.0,0.0,0.0,0.0,0.0,0.0,0.0,0.0,-104.9171195553542,39.72922080293672
ssp245,Denver,exceeded_quantity_composite_all,exceeded_quantity,composite,all,national,national,National,annual_all_days_primary,All calendar-year days; non-heatwave days contribute zero,"1,2,3,4,5,6,7,8,9,10,11,12",2025-2050,85410.0,0.0,0.0,0.0,0.0,0.0,0.0,0.0,0.0,0.0,0.0,0.0,-104.9171195553542,39.72922080293672
ssp245,Denver,exceeded_quantity_day_all,exceeded_quantity,day,all,national,national,National,annual_all_days_primary,All calendar-year days; non-heatwave days contribute zero,"1,2,3,4,5,6,7,8,9,10,11,12",2025-2050,85410.0,17619.0,0.497339040447719,0.0240059153661313,1.0607432835583102,0.507901143694682,0.0242887656897934,1.103783016543494,0.507901143694682,-0.0879807291541293,1.103783016543494,0.0,-104.9171195553542,39.72922080293672
ssp245,Denver,exceeded_quantity_night_all,exceeded_quantity,night,all,national,national,National,annual_all_days_primary,All calendar-year days; non-heatwave days contribute zero,"1,2,3,4,5,6,7,8,9,10,11,12",2025-2050,85410.0,0.0,0.0,0.0,0.0,0.0,0.0,0.0,0.0,0.0,0.0,0.0,-104.9171195553542,39.72922080293672
ssp245,Detroit,cehwi_composite_all,cehwi,composite,all,national,national,National,annual_all_days_primary,All calendar-year days; non-heatwave days contribute zero,"1,2,3,4,5,6,7,8,9,10,11,12",2025-2050,132860.0,5526.0,0.1314679972932378,0.0042242866589584,0.2530996268500559,0.1345988304001569,0.0042280010997053,0.2649850863399036,0.1345988304001569,0.0042125744604103,0.2649850863399036,0.0,-83.11163892745797,42.36628894040762
ssp245,Detroit,cehwi_day_all,cehwi,day,all,national,national,National,annual_all_days_primary,All calendar-year days; non-heatwave days contribute zero,"1,2,3,4,5,6,7,8,9,10,11,12",2025-2050,132860.0,23666.0,0.2751830770640164,0.0052421103272106,0.6385949535774398,0.2797948503582209,0.00530087814589,0.6608470693166235,0.2797948503582209,-0.1012573686001831,0.6608470693166235,0.0,-83.11163892745797,42.36628894040762
ssp245,Detroit,cehwi_night_all,cehwi,night,all,national,national,National,annual_all_days_primary,All calendar-year days; non-heatwave days contribute zero,"1,2,3,4,5,6,7,8,9,10,11,12",2025-2050,132860.0,1449.0,0.0,0.0,0.0029759408211373,0.0,0.0,0.0029841396073744,-0.0025143112692422,-0.008012762145859,0.0029841396073744,0.0,-83.11163892745797,42.36628894040762
ssp245,Detroit,exceeded_quantity_composite_all,exceeded_quantity,composite,all,national,national,National,annual_all_days_primary,All calendar-year days; non-heatwave days contribute zero,"1,2,3,4,5,6,7,8,9,10,11,12",2025-2050,132860.0,5526.0,0.1645953712690758,3.934617779383291e-05,0.3722422780532716,0.168644555791062,3.955170265459491e-05,0.3931873774414113,0.168644555791062,-0.0558982658592869,0.3931873774414113,0.0,-83.11163892745797,42.36628894040762
ssp245,Detroit,exceeded_quantity_day_all,exceeded_quantity,day,all,national,national,National,annual_all_days_primary,All calendar-year days; non-heatwave days contribute zero,"1,2,3,4,5,6,7,8,9,10,11,12",2025-2050,132860.0,23666.0,0.4316277012929415,0.035070187981897,0.9005127884965607,0.4425878599847783,0.035748114134534,0.941351785026978,0.4425878599847783,-0.0561760650574211,0.941351785026978,0.0,-83.11163892745797,42.36628894040762
ssp245,Detroit,exceeded_quantity_night_all,exceeded_quantity,night,all,national,national,National,annual_all_days_primary,All calendar-year days; non-heatwave days contribute zero,"1,2,3,4,5,6,7,8,9,10,11,12",2025-2050,132860.0,1449.0,0.0021796989019477,0.0,0.0161692781585481,0.0021836219052376,0.0,0.0163604634526704,0.0021836219052376,-0.0119932196421951,0.0163604634526704,0.0,-83.11163892745797,42.36628894040762
ssp245,Fort_Worth,cehwi_composite_all,cehwi,composite,all,national,national,National,annual_all_days_primary,All calendar-year days; non-heatwave days contribute zero,"1,2,3,4,5,6,7,8,9,10,11,12",2025-2050,208780.0,38529.0,0.8354726937249595,0.0230377190422342,1.6309316677930783,0.8645231399949245,0.023066884862167,1.7471070808040097,0.8645231399949245,-0.0180608008141595,1.7471070808040097,0.0,-97.3596103453506,32.731693684817714
ssp245,Fort_Worth,cehwi_day_all,cehwi,day,all,national,national,National,annual_all_days_primary,All calendar-year days; non-heatwave days contribute zero,"1,2,3,4,5,6,7,8,9,10,11,12",2025-2050,208780.0,19112.0,0.0488211971694294,0.0,0.1224362584857312,0.0491290769812786,0.0,0.1243342898737334,0.0491290769812786,-0.0260761359111777,0.1243342898737334,0.0,-97.3596103453506,32.731693684817714
ssp245,Fort_Worth,cehwi_night_all,cehwi,night,all,national,national,National,annual_all_days_primary,All calendar-year days; non-heatwave days contribute zero,"1,2,3,4,5,6,7,8,9,10,11,12",2025-2050,208780.0,24966.0,0.0,0.0,0.0431861298880848,0.0,0.0,0.0433346764576822,-0.0363531866793106,-0.1160410498163046,0.0433346764576822,0.0,-97.3596103453506,32.731693684817714
ssp245,Fort_Worth,exceeded_quantity_composite_all,exceeded_quantity,composite,all,national,national,National,annual_all_days_primary,All calendar-year days; non-heatwave days contribute zero,"1,2,3,4,5,6,7,8,9,10,11,12",2025-2050,208780.0,38529.0,0.5992405469079229,0.0,1.364971452921004,0.6127418566242582,0.0,1.4353702894489857,0.6127418566242582,-0.2098865762004688,1.4353702894489857,0.0,-97.3596103453506,32.731693684817714
ssp245,Fort_Worth,exceeded_quantity_day_all,exceeded_quantity,day,all,national,national,National,annual_all_days_primary,All calendar-year days; non-heatwave days contribute zero,"1,2,3,4,5,6,7,8,9,10,11,12",2025-2050,208780.0,19112.0,0.0888169444451714,4.295432577394588e-05,0.2128318542164071,0.089564713533198,4.306294604832647e-05,0.2169976505610973,0.089564713533198,-0.037868223494701,0.2169976505610973,0.0,-97.3596103453506,32.731693684817714
ssp245,Fort_Worth,exceeded_quantity_night_all,exceeded_quantity,night,all,national,national,National,annual_all_days_primary,All calendar-year days; non-heatwave days contribute zero,"1,2,3,4,5,6,7,8,9,10,11,12",2025-2050,208780.0,24966.0,0.0249530779888596,0.0,0.1844205104766736,0.0250000318585282,0.0,0.186613924275933,0.0250000318585282,-0.1366138605588766,0.186613924275933,0.0,-97.3596103453506,32.731693684817714
ssp245,Fresno,cehwi_composite_all,cehwi,composite,all,national,national,National,annual_all_days_primary,All calendar-year days; non-heatwave days contribute zero,"1,2,3,4,5,6,7,8,9,10,11,12",2025-2050,113880.0,11532.0,0.3345550996323223,0.0107798182526839,0.6437728596221431,0.343533422595112,0.0107906533551216,0.6780405508558184,0.343533422595112,0.0090262943344059,0.6780405508558184,0.0,-119.78985197805802,36.790939683928464
ssp245,Fresno,cehwi_day_all,cehwi,day,all,national,national,National,annual_all_days_primary,All calendar-year days; non-heatwave days contribute zero,"1,2,3,4,5,6,7,8,9,10,11,12",2025-2050,113880.0,18824.0,0.15994754985994,2.050930203404785e-05,0.3926844906364317,0.1615183931832488,2.0545026041461977e-05,0.4018192171626806,0.1615183931832488,-0.0787824307961852,0.4018192171626806,0.0,-119.78985197805802,36.790939683928464
ssp245,Fresno,cehwi_night_all,cehwi,night,all,national,national,National,annual_all_days_primary,All calendar-year days; non-heatwave days contribute zero,"1,2,3,4,5,6,7,8,9,10,11,12",2025-2050,113880.0,6682.0,0.0,0.0,0.032476660100452,0.0,0.0,0.0326854071529553,-0.0259967722899744,-0.0846789517329046,0.0326854071529553,0.0,-119.78985197805802,36.790939683928464
ssp245,Fresno,exceeded_quantity_composite_all,exceeded_quantity,composite,all,national,national,National,annual_all_days_primary,All calendar-year days; non-heatwave days contribute zero,"1,2,3,4,5,6,7,8,9,10,11,12",2025-2050,113880.0,11532.0,0.3598479901831315,0.0,0.8176353608444181,0.3682288901940993,0.0,0.8611705014479033,0.3682288901940993,-0.124712721059704,0.8611705014479033,0.0,-119.78985197805802,36.790939683928464
ssp245,Fresno,exceeded_quantity_day_all,exceeded_quantity,day,all,national,national,National,annual_all_days_primary,All calendar-year days; non-heatwave days contribute zero,"1,2,3,4,5,6,7,8,9,10,11,12",2025-2050,113880.0,18824.0,0.2444280252849326,0.001640872620922,0.565360064388689,0.2474750584411481,0.0016578292986726,0.5805997214306251,0.2474750584411481,-0.0856496045483283,0.5805997214306251,0.0,-119.78985197805802,36.790939683928464
ssp245,Fresno,exceeded_quantity_night_all,exceeded_quantity,night,all,national,national,National,annual_all_days_primary,All calendar-year days; non-heatwave days contribute zero,"1,2,3,4,5,6,7,8,9,10,11,12",2025-2050,113880.0,6682.0,0.0200911164381432,0.0,0.1262582330852861,0.0201789608180436,0.0,0.1284630328346881,0.0201789608180436,-0.0881051111986008,0.1284630328346881,0.0,-119.78985197805802,36.790939683928464
ssp245,Gilbert,cehwi_composite_all,cehwi,composite,all,national,national,National,annual_all_days_primary,All calendar-year days; non-heatwave days contribute zero,"1,2,3,4,5,6,7,8,9,10,11,12",2025-2050,37960.0,4821.0,0.3295211862603531,0.0102932303182033,0.6361336624427505,0.3365064687344157,0.0103010151891673,0.6627119222796645,0.3365064687344157,0.0103010151891673,0.6627119222796645,0.0,-111.73870124413682,33.32052130601451
ssp245,Gilbert,cehwi_day_all,cehwi,day,all,national,national,National,annual_all_days_primary,All calendar-year days; non-heatwave days contribute zero,"1,2,3,4,5,6,7,8,9,10,11,12",2025-2050,37960.0,6288.0,0.1998817136198989,0.0011655476643153,0.4733621981970765,0.2026782096326519,0.0011705903869888,0.4878368139853766,0.2026782096326519,-0.0824803947200746,0.4878368139853766,0.0,-111.73870124413682,33.32052130601451
ssp245,Gilbert,cehwi_night_all,cehwi,night,all,national,national,National,annual_all_days_primary,All calendar-year days; non-heatwave days contribute zero,"1,2,3,4,5,6,7,8,9,10,11,12",2025-2050,37960.0,4501.0,0.0,0.0,0.0842961678709115,0.0,0.0,0.0849378794075584,-0.066165747914422,-0.2172693752364032,0.0849378794075584,0.0,-111.73870124413682,33.32052130601451
ssp245,Gilbert,exceeded_quantity_composite_all,exceeded_quantity,composite,all,national,national,National,annual_all_days_primary,All calendar-year days; non-heatwave days contribute zero,"1,2,3,4,5,6,7,8,9,10,11,12",2025-2050,37960.0,4821.0,0.3605859299302363,0.0,0.8335862554135686,0.3674796254862985,0.0,0.8705441976370606,0.3674796254862985,-0.1355849466644628,0.8705441976370606,0.0,-111.73870124413682,33.32052130601451
ssp245,Gilbert,exceeded_quantity_day_all,exceeded_quantity,day,all,national,national,National,annual_all_days_primary,All calendar-year days; non-heatwave days contribute zero,"1,2,3,4,5,6,7,8,9,10,11,12",2025-2050,37960.0,6288.0,0.25825442171698,0.0028895290581934,0.5894900526048508,0.2618299084131438,0.0029121049953003,0.6066718633605421,0.2618299084131438,-0.0830120465342538,0.6066718633605421,0.0,-111.73870124413682,33.32052130601451
ssp245,Gilbert,exceeded_quantity_night_all,exceeded_quantity,night,all,national,national,National,annual_all_days_primary,All calendar-year days; non-heatwave days contribute zero,"1,2,3,4,5,6,7,8,9,10,11,12",2025-2050,37960.0,4501.0,0.0413440383320964,0.0,0.2650762489948535,0.0414952760088136,0.0,0.2695911722294604,0.0414952760088136,-0.1866006202118332,0.2695911722294604,0.0,-111.73870124413682,33.32052130601451
ssp245,Henderson,cehwi_composite_all,cehwi,composite,all,national,national,National,annual_all_days_primary,All calendar-year days; non-heatwave days contribute zero,"1,2,3,4,5,6,7,8,9,10,11,12",2025-2050,113880.0,12329.0,0.3269353977374613,0.0107488511773953,0.6283103879370288,0.3353142196684737,0.0107593736146707,0.6600696376295129,0.3353142196684737,0.0105588017074348,0.6600696376295129,0.0,-115.02129501152358,36.01369840409932
ssp245,Henderson,cehwi_day_all,cehwi,day,all,national,national,National,annual_all_days_primary,All calendar-year days; non-heatwave days contribute zero,"1,2,3,4,5,6,7,8,9,10,11,12",2025-2050,113880.0,20027.0,0.1962994906570287,0.0008086583763904,0.4733641084049464,0.1986760687273278,0.0008139014802541,0.4863577200759841,0.1986760687273278,-0.0890055826213305,0.4863577200759841,0.0,-115.02129501152358,36.01369840409932
ssp245,Henderson,cehwi_night_all,cehwi,night,all,national,national,National,annual_all_days_primary,All calendar-year days; non-heatwave days contribute zero,"1,2,3,4,5,6,7,8,9,10,11,12",2025-2050,113880.0,12398.0,0.0,0.0,0.102836351556325,0.0,0.0,0.1038918059711012,-0.0757189359001104,-0.2553296777713229,0.1038918059711012,0.0,-115.02129501152358,36.01369840409932
ssp245,Henderson,exceeded_quantity_composite_all,exceeded_quantity,composite,all,national,national,National,annual_all_days_primary,All calendar-year days; non-heatwave days contribute zero,"1,2,3,4,5,6,7,8,9,10,11,12",2025-2050,113880.0,12329.0,0.3066957560684819,0.0,0.709695327846783,0.3124988543992107,0.0,0.7408723178399523,0.3124988543992107,-0.1158746090415304,0.7408723178399523,0.0,-115.02129501152358,36.01369840409932
ssp245,Henderson,exceeded_quantity_day_all,exceeded_quantity,day,all,national,national,National,annual_all_days_primary,All calendar-year days; non-heatwave days contribute zero,"1,2,3,4,5,6,7,8,9,10,11,12",2025-2050,113880.0,20027.0,0.2514216829724788,0.0018576111405098,0.5800793808585544,0.254605230094696,0.0018723765371994,0.5958523902120215,0.254605230094696,-0.0866419300226291,0.5958523902120215,0.0,-115.02129501152358,36.01369840409932
ssp245,Henderson,exceeded_quantity_night_all,exceeded_quantity,night,all,national,national,National,annual_all_days_primary,All calendar-year days; non-heatwave days contribute zero,"1,2,3,4,5,6,7,8,9,10,11,12",2025-2050,113880.0,12398.0,0.0532715363869539,0.0,0.2963736370687557,0.0536095382929287,0.0,0.3027339886530762,0.0536095382929287,-0.1955149120672191,0.3027339886530762,0.0,-115.02129501152358,36.01369840409932
ssp245,Houston,cehwi_composite_all,cehwi,composite,all,national,national,National,annual_all_days_primary,All calendar-year days; non-heatwave days contribute zero,"1,2,3,4,5,6,7,8,9,10,11,12",2025-2050,531440.0,80254.0,0.4093379657086126,0.0131709084806504,0.7879447862986622,0.4192378016753745,0.0131829039240746,0.825515109125512,0.4192378016753745,0.0129604942252376,0.825515109125512,0.0,-95.40380028308488,29.82261710963412
ssp245,Houston,cehwi_day_all,cehwi,day,all,national,national,National,annual_all_days_primary,All calendar-year days; non-heatwave days contribute zero,"1,2,3,4,5,6,7,8,9,10,11,12",2025-2050,531440.0,80656.0,0.1472835287346457,0.0001960567786135,0.3578590763089928,0.1489085285411483,0.0001968254550274,0.3669326379983789,0.1489085285411483,-0.0691155809160842,0.3669326379983789,0.0,-95.40380028308488,29.82261710963412
ssp245,Houston,cehwi_night_all,cehwi,night,all,national,national,National,annual_all_days_primary,All calendar-year days; non-heatwave days contribute zero,"1,2,3,4,5,6,7,8,9,10,11,12",2025-2050,531440.0,108177.0,0.0,0.0,0.105832346430002,0.0,0.0,0.1064003799690752,-0.0867984740738324,-0.2799973281167416,0.1064003799690752,0.0,-95.40380028308488,29.82261710963412
ssp245,Houston,exceeded_quantity_composite_all,exceeded_quantity,composite,all,national,national,National,annual_all_days_primary,All calendar-year days; non-heatwave days contribute zero,"1,2,3,4,5,6,7,8,9,10,11,12",2025-2050,531440.0,80254.0,0.3424393828537586,0.0,0.8033962117355309,0.3477737066032486,0.0,0.8327877625406385,0.3477737066032486,-0.1372403493341405,0.8327877625406385,0.0,-95.40380028308488,29.82261710963412
ssp245,Houston,exceeded_quantity_day_all,exceeded_quantity,day,all,national,national,National,annual_all_days_primary,All calendar-year days; non-heatwave days contribute zero,"1,2,3,4,5,6,7,8,9,10,11,12",2025-2050,531440.0,80656.0,0.2052371303072835,0.0006612930934306,0.4791199960413313,0.2075830528848539,0.0006671111728913,0.4912471440667117,0.2075830528848539,-0.0760810382970034,0.4912471440667117,0.0,-95.40380028308488,29.82261710963412
ssp245,Houston,exceeded_quantity_night_all,exceeded_quantity,night,all,national,national,National,annual_all_days_primary,All calendar-year days; non-heatwave days contribute zero,"1,2,3,4,5,6,7,8,9,10,11,12",2025-2050,531440.0,108177.0,0.0473483993967626,0.0,0.3422512196983732,0.0474483310393437,0.0,0.3466285596413769,0.0474483310393437,-0.2517318975626897,0.3466285596413769,0.0,-95.40380028308488,29.82261710963412
ssp245,Indianapolis,cehwi_composite_all,cehwi,composite,all,national,national,National,annual_all_days_primary,All calendar-year days; non-heatwave days contribute zero,"1,2,3,4,5,6,7,8,9,10,11,12",2025-2050,237250.0,11146.0,0.1460322615044327,0.0044249577222931,0.2821795154412702,0.1495606024239237,0.0044287413454962,0.2957613678856647,0.1495606024239237,0.0033598369621827,0.2957613678856647,0.0,-86.14794458778195,39.79825151756
ssp245,Indianapolis,cehwi_day_all,cehwi,day,all,national,national,National,annual_all_days_primary,All calendar-year days; non-heatwave days contribute zero,"1,2,3,4,5,6,7,8,9,10,11,12",2025-2050,237250.0,48478.0,0.3273820458661813,0.0052978002615918,0.7542788567010894,0.3330446162164397,0.0053351231470712,0.7815901910044886,0.3330446162164397,-0.1155009585716109,0.7815901910044886,0.0,-86.14794458778195,39.79825151756
ssp245,Indianapolis,cehwi_night_all,cehwi,night,all,national,national,National,annual_all_days_primary,All calendar-year days; non-heatwave days contribute zero,"1,2,3,4,5,6,7,8,9,10,11,12",2025-2050,237250.0,1940.0,0.0,0.0,0.0013394090191716,0.0,0.0,0.0013414359633528,-0.0011397839522073,-0.0036210038677677,0.0013414359633528,0.0,-86.14794458778195,39.79825151756
ssp245,Indianapolis,exceeded_quantity_composite_all,exceeded_quantity,composite,all,national,national,National,annual_all_days_primary,All calendar-year days; non-heatwave days contribute zero,"1,2,3,4,5,6,7,8,9,10,11,12",2025-2050,237250.0,11146.0,0.1711885713937551,0.0,0.3921532326287807,0.1748718935572887,0.0,0.411800133305245,0.1748718935572887,-0.0620563461906672,0.411800133305245,0.0,-86.14794458778195,39.79825151756
ssp245,Indianapolis,exceeded_quantity_day_all,exceeded_quantity,day,all,national,national,National,annual_all_days_primary,All calendar-year days; non-heatwave days contribute zero,"1,2,3,4,5,6,7,8,9,10,11,12",2025-2050,237250.0,48478.0,0.4331805748332629,0.0178477911675446,0.9367097998914896,0.4417994267046239,0.0180819346510151,0.9726085678056304,0.4417994267046239,-0.0890097143963818,0.9726085678056304,0.0,-86.14794458778195,39.79825151756
ssp245,Indianapolis,exceeded_quantity_night_all,exceeded_quantity,night,all,national,national,National,annual_all_days_primary,All calendar-year days; non-heatwave days contribute zero,"1,2,3,4,5,6,7,8,9,10,11,12",2025-2050,237250.0,1940.0,0.001068871371355,0.0,0.0082677396249487,0.0010703401641871,0.0,0.0083459252372591,0.0010703401641871,-0.0062052449088848,0.0083459252372591,0.0,-86.14794458778195,39.79825151756
ssp245,Jacksonville,cehwi_composite_all,cehwi,composite,all,national,national,National,annual_all_days_primary,All calendar-year days; non-heatwave days contribute zero,"1,2,3,4,5,6,7,8,9,10,11,12",2025-2050,256230.0,28777.0,0.221023309805847,0.0067080062799105,0.4279254604894189,0.225115019301394,0.0067124211267752,0.4435176174760132,0.225115019301394,0.0067124211267752,0.4435176174760132,0.0,-81.64707525045209,30.31882240289994
ssp245,Jacksonville,cehwi_day_all,cehwi,day,all,national,national,National,annual_all_days_primary,All calendar-year days; non-heatwave days contribute zero,"1,2,3,4,5,6,7,8,9,10,11,12",2025-2050,256230.0,38914.0,0.2212491067199967,0.0122161625463548,0.4857891589819487,0.2266934224834904,0.0123496410942449,0.5089763434404723,0.2266934224834904,-0.0555894984734932,0.5089763434404723,0.0,-81.64707525045209,30.31882240289994
ssp245,Jacksonville,cehwi_night_all,cehwi,night,all,national,national,National,annual_all_days_primary,All calendar-year days; non-heatwave days contribute zero,"1,2,3,4,5,6,7,8,9,10,11,12",2025-2050,256230.0,46191.0,0.0,0.0,0.0583732638565162,0.0,0.0,0.0585657102533838,-0.0491182281075422,-0.1568021664684701,0.0585657102533838,0.0,-81.64707525045209,30.31882240289994
ssp245,Jacksonville,exceeded_quantity_composite_all,exceeded_quantity,composite,all,national,national,National,annual_all_days_primary,All calendar-year days; non-heatwave days contribute zero,"1,2,3,4,5,6,7,8,9,10,11,12",2025-2050,256230.0,28777.0,0.2232341295610748,0.0,0.5284152536476308,0.2262217153834059,0.0,0.5452160175933178,0.2262217153834059,-0.0927725868265055,0.5452160175933178,0.0,-81.64707525045209,30.31882240289994
ssp245,Jacksonville,exceeded_quantity_day_all,exceeded_quantity,day,all,national,national,National,annual_all_days_primary,All calendar-year days; non-heatwave days contribute zero,"1,2,3,4,5,6,7,8,9,10,11,12",2025-2050,256230.0,38914.0,0.2104834344615385,0.0015669307263538,0.4840630530760642,0.2132154451261751,0.0015816740454777,0.4974524087611235,0.2132154451261751,-0.0710215185087728,0.4974524087611235,0.0,-81.64707525045209,30.31882240289994
ssp245,Jacksonville,exceeded_quantity_night_all,exceeded_quantity,night,all,national,national,National,annual_all_days_primary,All calendar-year days; non-heatwave days contribute zero,"1,2,3,4,5,6,7,8,9,10,11,12",2025-2050,256230.0,46191.0,0.027741071759142,0.0,0.2130304736696513,0.0277818738588832,0.0,0.2151353939435394,0.0277818738588832,-0.159571646225773,0.2151353939435394,0.0,-81.64707525045209,30.31882240289994
ssp245,Kansas_City,cehwi_composite_all,cehwi,composite,all,national,national,National,annual_all_days_primary,All calendar-year days; non-heatwave days contribute zero,"1,2,3,4,5,6,7,8,9,10,11,12",2025-2050,351130.0,53966.0,0.6078913177889864,0.0179445922517729,1.1939947826464925,0.6280980111830569,0.0179649675929327,1.285517463697382,0.6280980111830569,-0.0293214413312676,1.285517463697382,0.0,-94.58725250021293,39.11017064718442
ssp245,Kansas_City,cehwi_day_all,cehwi,day,all,national,national,National,annual_all_days_primary,All calendar-year days; non-heatwave days contribute zero,"1,2,3,4,5,6,7,8,9,10,11,12",2025-2050,351130.0,44033.0,0.0828422299686118,0.0,0.2080522544175471,0.0833680629414617,0.0,0.2113493139985953,0.0833680629414617,-0.0446131881156739,0.2113493139985953,0.0,-94.58725250021293,39.11017064718442
ssp245,Kansas_City,cehwi_night_all,cehwi,night,all,national,national,National,annual_all_days_primary,All calendar-year days; non-heatwave days contribute zero,"1,2,3,4,5,6,7,8,9,10,11,12",2025-2050,351130.0,31449.0,0.0,0.0,0.0317232113641231,0.0,0.0,0.0318293639607781,-0.0267046788280457,-0.0852387216168705,0.0318293639607781,0.0,-94.58725250021293,39.11017064718442
ssp245,Kansas_City,exceeded_quantity_composite_all,exceeded_quantity,composite,all,national,national,National,annual_all_days_primary,All calendar-year days; non-heatwave days contribute zero,"1,2,3,4,5,6,7,8,9,10,11,12",2025-2050,351130.0,53966.0,0.5691002221178805,0.0007985326245825,1.27872888950616,0.5843911305612823,0.0008043960592861,1.3559461616174393,0.5843911305612823,-0.1871639004948738,1.3559461616174393,0.0,-94.58725250021293,39.11017064718442
ssp245,Kansas_City,exceeded_quantity_day_all,exceeded_quantity,day,all,national,national,National,annual_all_days_primary,All calendar-year days; non-heatwave days contribute zero,"1,2,3,4,5,6,7,8,9,10,11,12",2025-2050,351130.0,44033.0,0.1633351789867377,0.0004719798460539,0.3827036307974578,0.1651347530999671,0.0004761586836613,0.3920688920193751,0.1651347530999671,-0.0617993858194405,0.3920688920193751,0.0,-94.58725250021293,39.11017064718442
ssp245,Kansas_City,exceeded_quantity_night_all,exceeded_quantity,night,all,national,national,National,annual_all_days_primary,All calendar-year days; non-heatwave days contribute zero,"1,2,3,4,5,6,7,8,9,10,11,12",2025-2050,351130.0,31449.0,0.0211955667916294,0.0,0.1515405060844464,0.0212439985878465,0.0,0.1535351050825988,0.0212439985878465,-0.1110471079069059,0.1535351050825988,0.0,-94.58725250021293,39.11017064718442
ssp245,Las_Vegas,cehwi_composite_all,cehwi,composite,all,national,national,National,annual_all_days_primary,All calendar-year days; non-heatwave days contribute zero,"1,2,3,4,5,6,7,8,9,10,11,12",2025-2050,132860.0,14615.0,0.3603043679954155,0.0119819234045234,0.6915066821659981,0.3700712809871112,0.0119943634576805,0.7285152750904367,0.3700712809871112,0.0116272868837862,0.7285152750904367,0.0,-115.24138225613288,36.21326422353141
ssp245,Las_Vegas,cehwi_day_all,cehwi,day,all,national,national,National,annual_all_days_primary,All calendar-year days; non-heatwave days contribute zero,"1,2,3,4,5,6,7,8,9,10,11,12",2025-2050,132860.0,23485.0,0.1974622384028583,0.0007083599776255,0.4765025822655841,0.19984242292413,0.0007130528124878,0.489573657244981,0.19984242292413,-0.0898888113967229,0.489573657244981,0.0,-115.24138225613288,36.21326422353141
ssp245,Las_Vegas,cehwi_night_all,cehwi,night,all,national,national,National,annual_all_days_primary,All calendar-year days; non-heatwave days contribute zero,"1,2,3,4,5,6,7,8,9,10,11,12",2025-2050,132860.0,14346.0,7.841216495463646e-07,0.0,0.1069119139339656,7.845303761444378e-07,0.0,0.1080900179202815,-0.0772365431862178,-0.2625631042927178,0.1080900179202815,0.0,-115.24138225613288,36.21326422353141
ssp245,Las_Vegas,exceeded_quantity_composite_all,exceeded_quantity,composite,all,national,national,National,annual_all_days_primary,All calendar-year days; non-heatwave days contribute zero,"1,2,3,4,5,6,7,8,9,10,11,12",2025-2050,132860.0,14615.0,0.3384221312032231,0.0,0.7776559039142964,0.345389325058715,0.0,0.8145713540868872,0.345389325058715,-0.1237927039694566,0.8145713540868872,0.0,-115.24138225613288,36.21326422353141
ssp245,Las_Vegas,exceeded_quantity_day_all,exceeded_quantity,day,all,national,national,National,annual_all_days_primary,All calendar-year days; non-heatwave days contribute zero,"1,2,3,4,5,6,7,8,9,10,11,12",2025-2050,132860.0,23485.0,0.258779310318078,0.0023419928435918,0.5936912203614841,0.2622203576111155,0.0023638286816034,0.6104478672633281,0.2622203576111155,-0.0860071520410968,0.6104478672633281,0.0,-115.24138225613288,36.21326422353141
ssp245,Las_Vegas,exceeded_quantity_night_all,exceeded_quantity,night,all,national,national,National,annual_all_days_primary,All calendar-year days; non-heatwave days contribute zero,"1,2,3,4,5,6,7,8,9,10,11,12",2025-2050,132860.0,14346.0,0.0556512909885982,0.0,0.3036512262624069,0.056040223364635,0.0,0.310371095794169,0.056040223364635,-0.1982906490648991,0.310371095794169,0.0,-115.24138225613288,36.21326422353141
ssp245,Long_Beach,cehwi_composite_all,cehwi,composite,all,national,national,National,annual_all_days_primary,All calendar-year days; non-heatwave days contribute zero,"1,2,3,4,5,6,7,8,9,10,11,12",2025-2050,47450.0,70.0,0.0054677697293785,0.0001725214607586,0.0105337803676567,0.0055943580543139,0.0001726542363114,0.0110160618723164,0.0055943580543139,0.0001726542363114,0.0110160618723164,0.0,-118.15363485341176,33.835056657794794
ssp245,Long_Beach,cehwi_day_all,cehwi,day,all,national,national,National,annual_all_days_primary,All calendar-year days; non-heatwave days contribute zero,"1,2,3,4,5,6,7,8,9,10,11,12",2025-2050,47450.0,10973.0,0.3682721483393895,0.0065352906324386,0.8443247401761694,0.37481801255345,0.0065814117172965,0.8755704810644173,0.37481801255345,-0.1259344559575193,0.8755704810644173,0.0,-118.15363485341176,33.835056657794794
ssp245,Long_Beach,cehwi_night_all,cehwi,night,all,national,national,National,annual_all_days_primary,All calendar-year days; non-heatwave days contribute zero,"1,2,3,4,5,6,7,8,9,10,11,12",2025-2050,47450.0,0.0,0.0,0.0,0.0,0.0,0.0,0.0,0.0,0.0,0.0,0.0,-118.15363485341176,33.835056657794794
ssp245,Long_Beach,exceeded_quantity_composite_all,exceeded_quantity,composite,all,national,national,National,annual_all_days_primary,All calendar-year days; non-heatwave days contribute zero,"1,2,3,4,5,6,7,8,9,10,11,12",2025-2050,47450.0,70.0,0.0088457144648345,0.0,0.0191934309884759,0.0091344851431886,0.0,0.0206114290249363,0.0091344851431886,-0.002342458738559,0.0206114290249363,0.0,-118.15363485341176,33.835056657794794
ssp245,Long_Beach,exceeded_quantity_day_all,exceeded_quantity,day,all,national,national,National,annual_all_days_primary,All calendar-year days; non-heatwave days contribute zero,"1,2,3,4,5,6,7,8,9,10,11,12",2025-2050,47450.0,10973.0,0.5540351083688252,0.0571605090803346,1.1374534338081153,0.5695408554887625,0.058351310572989,1.1924605075718568,0.5695408554887625,-0.0533787965943311,1.1924605075718568,0.0,-118.15363485341176,33.835056657794794
ssp245,Long_Beach,exceeded_quantity_night_all,exceeded_quantity,night,all,national,national,National,annual_all_days_primary,All calendar-year days; non-heatwave days contribute zero,"1,2,3,4,5,6,7,8,9,10,11,12",2025-2050,47450.0,0.0,0.0,0.0,0.0,0.0,0.0,0.0,0.0,0.0,0.0,0.0,-118.15363485341176,33.835056657794794
ssp245,Los_Angeles,cehwi_composite_all,cehwi,composite,all,national,national,National,annual_all_days_primary,All calendar-year days; non-heatwave days contribute zero,"1,2,3,4,5,6,7,8,9,10,11,12",2025-2050,313170.0,2368.0,0.0271480464939952,0.0008779945198746,0.0522310419893035,0.0278079402889952,0.0008787627312711,0.0547371178467194,0.0278079402889952,0.0008787627312711,0.0547371178467194,0.0,-118.38174277020067,34.071469381211
ssp245,Los_Angeles,cehwi_day_all,cehwi,day,all,national,national,National,annual_all_days_primary,All calendar-year days; non-heatwave days contribute zero,"1,2,3,4,5,6,7,8,9,10,11,12",2025-2050,313170.0,68623.0,0.3656408290449199,0.0053893858419302,0.840226840169557,0.3720672619824159,0.0054243230678278,0.8713977487612095,0.3720672619824159,-0.1272632247963792,0.8713977487612095,0.0,-118.38174277020067,34.071469381211
ssp245,Los_Angeles,cehwi_night_all,cehwi,night,all,national,national,National,annual_all_days_primary,All calendar-year days; non-heatwave days contribute zero,"1,2,3,4,5,6,7,8,9,10,11,12",2025-2050,313170.0,64.0,0.0,0.0,1.781585797506434e-05,0.0,0.0,1.783123376217374e-05,-1.5178654565596544e-05,-4.81885428933683e-05,1.783123376217374e-05,0.0,-118.38174277020067,34.071469381211
ssp245,Los_Angeles,exceeded_quantity_composite_all,exceeded_quantity,composite,all,national,national,National,annual_all_days_primary,All calendar-year days; non-heatwave days contribute zero,"1,2,3,4,5,6,7,8,9,10,11,12",2025-2050,313170.0,2368.0,0.0403872550178903,3.903138477805314e-06,0.088846347874163,0.0416164316977853,3.9210379186654205e-06,0.0949842364966401,0.0416164316977853,-0.0117513731010694,0.0949842364966401,0.0,-118.38174277020067,34.071469381211
ssp245,Los_Angeles,exceeded_quantity_day_all,exceeded_quantity,day,all,national,national,National,annual_all_days_primary,All calendar-year days; non-heatwave days contribute zero,"1,2,3,4,5,6,7,8,9,10,11,12",2025-2050,313170.0,68623.0,0.5315060418277012,0.0493030593761206,1.097075122752212,0.5455547179651032,0.0502795858273735,1.1474532902364725,0.5455547179651032,-0.0563438543062653,1.1474532902364725,0.0,-118.38174277020067,34.071469381211
ssp245,Los_Angeles,exceeded_quantity_night_all,exceeded_quantity,night,all,national,national,National,annual_all_days_primary,All calendar-year days; non-heatwave days contribute zero,"1,2,3,4,5,6,7,8,9,10,11,12",2025-2050,313170.0,64.0,1.5549010632204677e-05,0.0,0.0001290048019374,1.5559023712325253e-05,0.0,0.0001296834059332,1.5559023712325253e-05,-9.856535850862508e-05,0.0001296834059332,0.0,-118.38174277020067,34.071469381211
ssp245,Louisville,cehwi_composite_all,cehwi,composite,all,national,national,National,annual_all_days_primary,All calendar-year days; non-heatwave days contribute zero,"1,2,3,4,5,6,7,8,9,10,11,12",2025-2050,227760.0,16341.0,0.2290292367944434,0.0068996414811137,0.4423960330062699,0.2349537453346045,0.0069059281438428,0.4652536516110481,0.2349537453346045,0.0046538390581612,0.4652536516110481,0.0,-85.68381502432021,38.18964489781964
ssp245,Louisville,cehwi_day_all,cehwi,day,all,national,national,National,annual_all_days_primary,All calendar-year days; non-heatwave days contribute zero,"1,2,3,4,5,6,7,8,9,10,11,12",2025-2050,227760.0,45470.0,0.2356961088827014,0.0008941517975535,0.5675076606958919,0.2386062440468075,0.0008991192813263,0.5834020434304822,0.2386062440468075,-0.1061895553368691,0.5834020434304822,0.0,-85.68381502432021,38.18964489781964
ssp245,Louisville,cehwi_night_all,cehwi,night,all,national,national,National,annual_all_days_primary,All calendar-year days; non-heatwave days contribute zero,"1,2,3,4,5,6,7,8,9,10,11,12",2025-2050,227760.0,3268.0,0.0,0.0,0.0015907599386019,0.0,0.0,0.0015924017196271,-0.0013547620032977,-0.0043019257262228,0.0015924017196271,0.0,-85.68381502432021,38.18964489781964
ssp245,Louisville,exceeded_quantity_composite_all,exceeded_quantity,composite,all,national,national,National,annual_all_days_primary,All calendar-year days; non-heatwave days contribute zero,"1,2,3,4,5,6,7,8,9,10,11,12",2025-2050,227760.0,16341.0,0.2540602614878707,0.0,0.5786214065369897,0.2599599497379798,0.0,0.6093522479766953,0.2599599497379798,-0.0894323485007353,0.6093522479766953,0.0,-85.68381502432021,38.18964489781964
ssp245,Louisville,exceeded_quantity_day_all,exceeded_quantity,day,all,national,national,National,annual_all_days_primary,All calendar-year days; non-heatwave days contribute zero,"1,2,3,4,5,6,7,8,9,10,11,12",2025-2050,227760.0,45470.0,0.3365275554407446,0.0077972428787854,0.75367646718588,0.3419403917362109,0.0078984093014826,0.777997204645226,0.3419403917362109,-0.0941164211728038,0.777997204645226,0.0,-85.68381502432021,38.18964489781964
ssp245,Louisville,exceeded_quantity_night_all,exceeded_quantity,night,all,national,national,National,annual_all_days_primary,All calendar-year days; non-heatwave days contribute zero,"1,2,3,4,5,6,7,8,9,10,11,12",2025-2050,227760.0,3268.0,0.0012293231941294,0.0,0.0100486835566335,0.0012303073353677,0.0,0.0101111783777323,0.0012303073353677,-0.0076505637069967,0.0101111783777323,0.0,-85.68381502432021,38.18964489781964
ssp245,Lubbock,cehwi_composite_all,cehwi,composite,all,national,national,National,annual_all_days_primary,All calendar-year days; non-heatwave days contribute zero,"1,2,3,4,5,6,7,8,9,10,11,12",2025-2050,94900.0,14035.0,0.573178759259607,0.017361404771749,1.1072799353264056,0.5912510234943067,0.0173815174636957,1.1774987053752282,0.5912510234943067,0.0050033416133859,1.1774987053752282,0.0,-101.86846205987358,33.57347977527576
ssp245,Lubbock,cehwi_day_all,cehwi,day,all,national,national,National,annual_all_days_primary,All calendar-year days; non-heatwave days contribute zero,"1,2,3,4,5,6,7,8,9,10,11,12",2025-2050,94900.0,13324.0,0.1461952852101285,0.0006040091010747,0.3497702395889381,0.1480415397604239,0.0006065685986725,0.3594581777423632,0.1480415397604239,-0.0633750982215169,0.3594581777423632,0.0,-101.86846205987358,33.57347977527576
ssp245,Lubbock,cehwi_night_all,cehwi,night,all,national,national,National,annual_all_days_primary,All calendar-year days; non-heatwave days contribute zero,"1,2,3,4,5,6,7,8,9,10,11,12",2025-2050,94900.0,8864.0,0.0,0.0,0.0388125241559348,0.0,0.0,0.0389788160964707,-0.0323093487237667,-0.1035975135440049,0.0389788160964707,0.0,-101.86846205987358,33.57347977527576
ssp245,Lubbock,exceeded_quantity_composite_all,exceeded_quantity,composite,all,national,national,National,annual_all_days_primary,All calendar-year days; non-heatwave days contribute zero,"1,2,3,4,5,6,7,8,9,10,11,12",2025-2050,94900.0,14035.0,0.5086167664249022,0.0,1.15451635719702,0.5206567991572416,0.0,1.2166688209217065,0.5206567991572416,-0.1753552226072226,1.2166688209217065,0.0,-101.86846205987358,33.57347977527576
ssp245,Lubbock,exceeded_quantity_day_all,exceeded_quantity,day,all,national,national,National,annual_all_days_primary,All calendar-year days; non-heatwave days contribute zero,"1,2,3,4,5,6,7,8,9,10,11,12",2025-2050,94900.0,13324.0,0.2330789046199637,0.0040785913582527,0.5246084807696215,0.2366799599084484,0.0041271794199268,0.5412358565101791,0.2366799599084484,-0.0678759366932818,0.5412358565101791,0.0,-101.86846205987358,33.57347977527576
ssp245,Lubbock,exceeded_quantity_night_all,exceeded_quantity,night,all,national,national,National,annual_all_days_primary,All calendar-year days; non-heatwave days contribute zero,"1,2,3,4,5,6,7,8,9,10,11,12",2025-2050,94900.0,8864.0,0.0246482948798284,0.0,0.1685673163424371,0.0247209006050705,0.0,0.1710021375459338,0.0247209006050705,-0.1215603363357929,0.1710021375459338,0.0,-101.86846205987358,33.57347977527576
ssp245,Mesa,cehwi_composite_all,cehwi,composite,all,national,national,National,annual_all_days_primary,All calendar-year days; non-heatwave days contribute zero,"1,2,3,4,5,6,7,8,9,10,11,12",2025-2050,75920.0,8932.0,0.2961723973105695,0.0091924667577192,0.5720417257243005,0.3023198923308891,0.009199250681169,0.5954405339806097,0.3023198923308891,0.009199250681169,0.5954405339806097,0.0,-111.7222897149077,33.41501904761478
ssp245,Mesa,cehwi_day_all,cehwi,day,all,national,national,National,annual_all_days_primary,All calendar-year days; non-heatwave days contribute zero,"1,2,3,4,5,6,7,8,9,10,11,12",2025-2050,75920.0,13060.0,0.2177821537546345,0.0010739346813453,0.5147429597255154,0.2208940674957151,0.0010787203053075,0.5308672471177011,0.2208940674957151,-0.0890791121262726,0.5308672471177011,0.0,-111.7222897149077,33.41501904761478
ssp245,Mesa,cehwi_night_all,cehwi,night,all,national,national,National,annual_all_days_primary,All calendar-year days; non-heatwave days contribute zero,"1,2,3,4,5,6,7,8,9,10,11,12",2025-2050,75920.0,9059.0,0.0,0.0,0.0902968501265748,0.0,0.0,0.0910611597173285,-0.0694301410907611,-0.2299214418988517,0.0910611597173285,0.0,-111.7222897149077,33.41501904761478
ssp245,Mesa,exceeded_quantity_composite_all,exceeded_quantity,composite,all,national,national,National,annual_all_days_primary,All calendar-year days; non-heatwave days contribute zero,"1,2,3,4,5,6,7,8,9,10,11,12",2025-2050,75920.0,8932.0,0.332904557314937,0.0,0.770044065199916,0.3392250294410324,0.0,0.8039717836262625,0.3392250294410324,-0.1255217247441971,0.8039717836262625,0.0,-111.7222897149077,33.41501904761478
ssp245,Mesa,exceeded_quantity_day_all,exceeded_quantity,day,all,national,national,National,annual_all_days_primary,All calendar-year days; non-heatwave days contribute zero,"1,2,3,4,5,6,7,8,9,10,11,12",2025-2050,75920.0,13060.0,0.2762171538573208,0.0043513203024697,0.6261827129673991,0.2802553898268419,0.0043918341386131,0.6451014110347711,0.2802553898268419,-0.0845906313810867,0.6451014110347711,0.0,-111.7222897149077,33.41501904761478
ssp245,Mesa,exceeded_quantity_night_all,exceeded_quantity,night,all,national,national,National,annual_all_days_primary,All calendar-year days; non-heatwave days contribute zero,"1,2,3,4,5,6,7,8,9,10,11,12",2025-2050,75920.0,9059.0,0.0452756238317756,0.0,0.2806934391174173,0.0454604509619415,0.0,0.2857899002904396,0.0454604509619415,-0.1948689983665567,0.2857899002904396,0.0,-111.7222897149077,33.41501904761478
ssp245,Miami,cehwi_composite_all,cehwi,composite,all,national,national,National,annual_all_days_primary,All calendar-year days; non-heatwave days contribute zero,"1,2,3,4,5,6,7,8,9,10,11,12",2025-2050,9490.0,657.0,0.0577285855801983,0.0015625926026254,0.1130843343666989,0.0581643766392209,0.0015629381875756,0.1147658150908666,0.0581643766392209,0.0015629381875756,0.1147658150908666,0.0,-80.21906371259311,25.778536464808017
ssp245,Miami,cehwi_day_all,cehwi,day,all,national,national,National,annual_all_days_primary,All calendar-year days; non-heatwave days contribute zero,"1,2,3,4,5,6,7,8,9,10,11,12",2025-2050,9490.0,2096.0,0.1786047857475992,0.0,0.4425104260675359,0.1801378866303264,0.0,0.4517042359435878,0.1801378866303264,-0.0914284626829378,0.4517042359435878,0.0,-80.21906371259311,25.778536464808017
ssp245,Miami,cehwi_night_all,cehwi,night,all,national,national,National,annual_all_days_primary,All calendar-year days; non-heatwave days contribute zero,"1,2,3,4,5,6,7,8,9,10,11,12",2025-2050,9490.0,1648.0,0.0,0.0,0.0402098112528341,0.0,0.0,0.0403007685432142,-0.0340781557601905,-0.1084570800635972,0.0403007685432142,0.0,-80.21906371259311,25.778536464808017
ssp245,Miami,exceeded_quantity_composite_all,exceeded_quantity,composite,all,national,national,National,annual_all_days_primary,All calendar-year days; non-heatwave days contribute zero,"1,2,3,4,5,6,7,8,9,10,11,12",2025-2050,9490.0,657.0,0.0784284630037696,0.0,0.1894843407554429,0.0790034110971653,0.0,0.1928589385164,0.0790034110971653,-0.034852116322069,0.1928589385164,0.0,-80.21906371259311,25.778536464808017
ssp245,Miami,exceeded_quantity_day_all,exceeded_quantity,day,all,national,national,National,annual_all_days_primary,All calendar-year days; non-heatwave days contribute zero,"1,2,3,4,5,6,7,8,9,10,11,12",2025-2050,9490.0,2096.0,0.2026574802549277,0.0,0.4872107178768272,0.2042833488392478,0.0,0.4963823111591776,0.2042833488392478,-0.0878156134806811,0.4963823111591776,0.0,-80.21906371259311,25.778536464808017
ssp245,Miami,exceeded_quantity_night_all,exceeded_quantity,night,all,national,national,National,annual_all_days_primary,All calendar-year days; non-heatwave days contribute zero,"1,2,3,4,5,6,7,8,9,10,11,12",2025-2050,9490.0,1648.0,0.0190438083844155,0.0,0.1542548678053548,0.0190612182687152,0.0,0.1553357768676938,0.0190612182687152,-0.1172133403302634,0.1553357768676938,0.0,-80.21906371259311,25.778536464808017
ssp245,Milwaukee,cehwi_composite_all,cehwi,composite,all,national,national,National,annual_all_days_primary,All calendar-year days; non-heatwave days contribute zero,"1,2,3,4,5,6,7,8,9,10,11,12",2025-2050,113880.0,6665.0,0.2007283252932958,0.0063690884006982,0.3864066925166317,0.2060343413192545,0.0063752920538464,0.4066713131286728,0.2060343413192545,0.0053973695098364,0.4066713131286728,0.0,-87.95206111672199,43.04180163093047
ssp245,Milwaukee,cehwi_day_all,cehwi,day,all,national,national,National,annual_all_days_primary,All calendar-year days; non-heatwave days contribute zero,"1,2,3,4,5,6,7,8,9,10,11,12",2025-2050,113880.0,19542.0,0.2546325065597432,0.0015280704499683,0.5996617760480706,0.2584262329188652,0.0015359584503478,0.6192997259356323,0.2584262329188652,-0.1024472600979034,0.6192997259356323,0.0,-87.95206111672199,43.04180163093047
ssp245,Milwaukee,cehwi_night_all,cehwi,night,all,national,national,National,annual_all_days_primary,All calendar-year days; non-heatwave days contribute zero,"1,2,3,4,5,6,7,8,9,10,11,12",2025-2050,113880.0,1383.0,0.0,0.0,0.0034076102722895,0.0,0.0,0.0034173194071418,-0.0028792593991316,-0.0091758382054052,0.0034173194071418,0.0,-87.95206111672199,43.04180163093047
ssp245,Milwaukee,exceeded_quantity_composite_all,exceeded_quantity,composite,all,national,national,National,annual_all_days_primary,All calendar-year days; non-heatwave days contribute zero,"1,2,3,4,5,6,7,8,9,10,11,12",2025-2050,113880.0,6665.0,0.2424547670772088,0.0002268124120627,0.544811179119844,0.2488417699146017,0.0002284817055235,0.5773364720444552,0.2488417699146017,-0.0796529322152513,0.5773364720444552,0.0,-87.95206111672199,43.04180163093047
ssp245,Milwaukee,exceeded_quantity_day_all,exceeded_quantity,day,all,national,national,National,annual_all_days_primary,All calendar-year days; non-heatwave days contribute zero,"1,2,3,4,5,6,7,8,9,10,11,12",2025-2050,113880.0,19542.0,0.4105023899259881,0.0275914488489916,0.8637897680006649,0.4201692890993839,0.0280584674155395,0.9009139094544328,0.4201692890993839,-0.0605753312556643,0.9009139094544328,0.0,-87.95206111672199,43.04180163093047
ssp245,Milwaukee,exceeded_quantity_night_all,exceeded_quantity,night,all,national,national,National,annual_all_days_primary,All calendar-year days; non-heatwave days contribute zero,"1,2,3,4,5,6,7,8,9,10,11,12",2025-2050,113880.0,1383.0,0.0027927423117849,0.0,0.0195053881569337,0.0027998220803578,0.0,0.0197751585281261,0.0027998220803578,-0.0141755143674104,0.0197751585281261,0.0,-87.95206111672199,43.04180163093047
ssp245,Minneapolis,cehwi_composite_all,cehwi,composite,all,national,national,National,annual_all_days_primary,All calendar-year days; non-heatwave days contribute zero,"1,2,3,4,5,6,7,8,9,10,11,12",2025-2050,66430.0,2085.0,0.1061907538256215,0.0032933658366526,0.2046908756714759,0.1088117197220954,0.0032962540234374,0.2147147049444389,0.1088117197220954,0.0029087344997518,0.2147147049444389,0.0,-93.270301483301,44.960120100206886
ssp245,Minneapolis,cehwi_day_all,cehwi,day,all,national,national,National,annual_all_days_primary,All calendar-year days; non-heatwave days contribute zero,"1,2,3,4,5,6,7,8,9,10,11,12",2025-2050,66430.0,12800.0,0.3379092124366843,0.0076127344252579,0.7729586837858837,0.3442822325325622,0.0076913624313433,0.8030434880306091,0.3442822325325622,-0.1144790229654861,0.8030434880306091,0.0,-93.270301483301,44.960120100206886
ssp245,Minneapolis,cehwi_night_all,cehwi,night,all,national,national,National,annual_all_days_primary,All calendar-year days; non-heatwave days contribute zero,"1,2,3,4,5,6,7,8,9,10,11,12",2025-2050,66430.0,129.0,0.0,0.0,0.0002947257374602,0.0,0.0,0.0002951143917888,-0.0002509623236982,-0.0007970390391853,0.0002951143917888,0.0,-93.270301483301,44.960120100206886
ssp245,Minneapolis,exceeded_quantity_composite_all,exceeded_quantity,composite,all,national,national,National,annual_all_days_primary,All calendar-year days; non-heatwave days contribute zero,"1,2,3,4,5,6,7,8,9,10,11,12",2025-2050,66430.0,2085.0,0.1391547065042601,0.0,0.3128626129049611,0.1427702176543921,0.0,0.3315282757651781,0.1427702176543921,-0.0459878404563936,0.3315282757651781,0.0,-93.270301483301,44.960120100206886
ssp245,Minneapolis,exceeded_quantity_day_all,exceeded_quantity,day,all,national,national,National,annual_all_days_primary,All calendar-year days; non-heatwave days contribute zero,"1,2,3,4,5,6,7,8,9,10,11,12",2025-2050,66430.0,12800.0,0.4908002015376569,0.0442238629639026,1.0142244296647775,0.5036711288566943,0.0450878159575732,1.0608630310616696,0.5036711288566943,-0.0535207733482807,1.0608630310616696,0.0,-93.270301483301,44.960120100206886
ssp245,Minneapolis,exceeded_quantity_night_all,exceeded_quantity,night,all,national,national,National,annual_all_days_primary,All calendar-year days; non-heatwave days contribute zero,"1,2,3,4,5,6,7,8,9,10,11,12",2025-2050,66430.0,129.0,0.0002891587744641,0.0,0.0022979391793723,0.0002894838356432,0.0,0.0023179808467943,0.0002894838356432,-0.0017390131755079,0.0023179808467943,0.0,-93.270301483301,44.960120100206886
ssp245,Miramar,cehwi_composite_all,cehwi,composite,all,national,national,National,annual_all_days_primary,All calendar-year days; non-heatwave days contribute zero,"1,2,3,4,5,6,7,8,9,10,11,12",2025-2050,18980.0,1424.0,0.06412125853835,0.0017330960093865,0.125596381290816,0.06461156762971,0.0017334737553641,0.1274896615040563,0.06461156762971,0.0017334737553641,0.1274896615040563,0.0,-80.30889524100506,25.980599743327616
ssp245,Miramar,cehwi_day_all,cehwi,day,all,national,national,National,annual_all_days_primary,All calendar-year days; non-heatwave days contribute zero,"1,2,3,4,5,6,7,8,9,10,11,12",2025-2050,18980.0,4239.0,0.1859045894248831,0.0003841586441039,0.4562907441972202,0.1876707220591814,0.0003859808263846,0.4662834838360396,0.1876707220591814,-0.0909420397176799,0.4662834838360396,0.0,-80.30889524100506,25.980599743327616
ssp245,Miramar,cehwi_night_all,cehwi,night,all,national,national,National,annual_all_days_primary,All calendar-year days; non-heatwave days contribute zero,"1,2,3,4,5,6,7,8,9,10,11,12",2025-2050,18980.0,3547.0,0.0,0.0,0.0491373680198721,0.0,0.0,0.0492580751793714,-0.0416176279046146,-0.1324933309886027,0.0492580751793714,0.0,-80.30889524100506,25.980599743327616
ssp245,Miramar,exceeded_quantity_composite_all,exceeded_quantity,composite,all,national,national,National,annual_all_days_primary,All calendar-year days; non-heatwave days contribute zero,"1,2,3,4,5,6,7,8,9,10,11,12",2025-2050,18980.0,1424.0,0.0840539403971544,0.0,0.2032474302420601,0.0846479071995616,0.0,0.2067425259565066,0.0846479071995616,-0.0374467115573831,0.2067425259565066,0.0,-80.30889524100506,25.980599743327616
ssp245,Miramar,exceeded_quantity_day_all,exceeded_quantity,day,all,national,national,National,annual_all_days_primary,All calendar-year days; non-heatwave days contribute zero,"1,2,3,4,5,6,7,8,9,10,11,12",2025-2050,18980.0,4239.0,0.201446551786971,0.0,0.4863076361950388,0.2029569025007467,0.0,0.4948898985079485,0.2029569025007467,-0.0889760935064544,0.4948898985079485,0.0,-80.30889524100506,25.980599743327616
ssp245,Miramar,exceeded_quantity_night_all,exceeded_quantity,night,all,national,national,National,annual_all_days_primary,All calendar-year days; non-heatwave days contribute zero,"1,2,3,4,5,6,7,8,9,10,11,12",2025-2050,18980.0,3547.0,0.0224463884683778,0.0,0.1806375153929107,0.0224684927195722,0.0,0.1819860807650245,0.0224684927195722,-0.13704909532588,0.1819860807650245,0.0,-80.30889524100506,25.980599743327616
ssp245,Nashville,cehwi_composite_all,cehwi,composite,all,national,national,National,annual_all_days_primary,All calendar-year days; non-heatwave days contribute zero,"1,2,3,4,5,6,7,8,9,10,11,12",2025-2050,275210.0,34501.0,0.3986372958816909,0.0123362199178566,0.7697035171971941,0.4098685225404503,0.012349129496183,0.8131191647011793,0.4098685225404503,0.0066178803797216,0.8131191647011793,0.0,-86.77366764775488,36.19153461330117
ssp245,Nashville,cehwi_day_all,cehwi,day,all,national,national,National,annual_all_days_primary,All calendar-year days; non-heatwave days contribute zero,"1,2,3,4,5,6,7,8,9,10,11,12",2025-2050,275210.0,43781.0,0.1492521383139731,4.279069863183264e-05,0.3652449043157507,0.1507761059866639,4.2979099043957344e-05,0.3740153801881432,0.1507761059866639,-0.0724631682148173,0.3740153801881432,0.0,-86.77366764775488,36.19153461330117
ssp245,Nashville,cehwi_night_all,cehwi,night,all,national,national,National,annual_all_days_primary,All calendar-year days; non-heatwave days contribute zero,"1,2,3,4,5,6,7,8,9,10,11,12",2025-2050,275210.0,24748.0,0.0,0.0,0.026166356676635,0.0,0.0,0.0262679973258288,-0.0216015725740488,-0.0694711424739274,0.0262679973258288,0.0,-86.77366764775488,36.19153461330117
ssp245,Nashville,exceeded_quantity_composite_all,exceeded_quantity,composite,all,national,national,National,annual_all_days_primary,All calendar-year days; non-heatwave days contribute zero,"1,2,3,4,5,6,7,8,9,10,11,12",2025-2050,275210.0,34501.0,0.3743332494820119,0.0,0.8583401578449631,0.3822605458313567,0.0,0.8998393242651178,0.3822605458313567,-0.1353182326024036,0.8998393242651178,0.0,-86.77366764775488,36.19153461330117
ssp245,Nashville,exceeded_quantity_day_all,exceeded_quantity,day,all,national,national,National,annual_all_days_primary,All calendar-year days; non-heatwave days contribute zero,"1,2,3,4,5,6,7,8,9,10,11,12",2025-2050,275210.0,43781.0,0.2170974036337092,0.0010964040082627,0.5067552969935825,0.2195956502349481,0.0011097559873308,0.5195612596912493,0.2195956502349481,-0.0803699592213525,0.5195612596912493,0.0,-86.77366764775488,36.19153461330117
ssp245,Nashville,exceeded_quantity_night_all,exceeded_quantity,night,all,national,national,National,annual_all_days_primary,All calendar-year days; non-heatwave days contribute zero,"1,2,3,4,5,6,7,8,9,10,11,12",2025-2050,275210.0,24748.0,0.0143622860588321,0.0,0.1108398890591999,0.0143836269643309,0.0,0.111895464580567,0.0143836269643309,-0.0831282106519053,0.111895464580567,0.0,-86.77366764775488,36.19153461330117
ssp245,New_York,cehwi_composite_all,cehwi,composite,all,national,national,National,annual_all_days_primary,All calendar-year days; non-heatwave days contribute zero,"1,2,3,4,5,6,7,8,9,10,11,12",2025-2050,180310.0,8492.0,0.1439771678315439,0.0046522897375036,0.2771676625093902,0.1474106025322703,0.0046564815172825,0.2901936628333017,0.1474106025322703,0.0046275422312391,0.2901936628333017,0.0,-73.93385110803686,40.68503572090172
ssp245,New_York,cehwi_day_all,cehwi,day,all,national,national,National,annual_all_days_primary,All calendar-year days; non-heatwave days contribute zero,"1,2,3,4,5,6,7,8,9,10,11,12",2025-2050,180310.0,26802.0,0.1975713989528735,0.0008180541322432,0.4725504575771771,0.2001688510587415,0.0008230363933709,0.4864987602851518,0.2001688510587415,-0.0861610581676701,0.4864987602851518,0.0,-73.93385110803686,40.68503572090172
ssp245,New_York,cehwi_night_all,cehwi,night,all,national,national,National,annual_all_days_primary,All calendar-year days; non-heatwave days contribute zero,"1,2,3,4,5,6,7,8,9,10,11,12",2025-2050,180310.0,2563.0,0.0,0.0,0.0041434587346345,0.0,0.0,0.0041552233206941,-0.0035036707648039,-0.0111625648503021,0.0041552233206941,0.0,-73.93385110803686,40.68503572090172
ssp245,New_York,exceeded_quantity_composite_all,exceeded_quantity,composite,all,national,national,National,annual_all_days_primary,All calendar-year days; non-heatwave days contribute zero,"1,2,3,4,5,6,7,8,9,10,11,12",2025-2050,180310.0,8492.0,0.1807569081281592,4.661396867861683e-06,0.4090012297171614,0.185203509434566,4.681096768215628e-06,0.4319482124521375,0.185203509434566,-0.0615411935830051,0.4319482124521375,0.0,-73.93385110803686,40.68503572090172
ssp245,New_York,exceeded_quantity_day_all,exceeded_quantity,day,all,national,national,National,annual_all_days_primary,All calendar-year days; non-heatwave days contribute zero,"1,2,3,4,5,6,7,8,9,10,11,12",2025-2050,180310.0,26802.0,0.3340380389214524,0.0138317341931338,0.7204288384554864,0.3408225354991235,0.0140409275377047,0.7485643192159518,0.3408225354991235,-0.0669192482177044,0.7485643192159518,0.0,-73.93385110803686,40.68503572090172
ssp245,New_York,exceeded_quantity_night_all,exceeded_quantity,night,all,national,national,National,annual_all_days_primary,All calendar-year days; non-heatwave days contribute zero,"1,2,3,4,5,6,7,8,9,10,11,12",2025-2050,180310.0,2563.0,0.003044994731841,0.0,0.0219968305633365,0.0030515725401215,0.0,0.0222746200484696,0.0030515725401215,-0.0161714749682265,0.0222746200484696,0.0,-73.93385110803686,40.68503572090172
ssp245,Newark,cehwi_composite_all,cehwi,composite,all,national,national,National,annual_all_days_primary,All calendar-year days; non-heatwave days contribute zero,"1,2,3,4,5,6,7,8,9,10,11,12",2025-2050,28470.0,837.0,0.0858184976575545,0.0027072719072749,0.1655672519965341,0.0876826668170304,0.0027094039321914,0.1726559297018694,0.0876826668170304,0.0027094039321914,0.1726559297018694,0.0,-74.18238500330992,40.73053616358863
ssp245,Newark,cehwi_day_all,cehwi,day,all,national,national,National,annual_all_days_primary,All calendar-year days; non-heatwave days contribute zero,"1,2,3,4,5,6,7,8,9,10,11,12",2025-2050,28470.0,4361.0,0.2330632153929791,0.003718074936471,0.5443011834953652,0.2367684257736762,0.0037459268370122,0.5625934034777329,0.2367684257736762,-0.0890565519303815,0.5625934034777329,0.0,-74.18238500330992,40.73053616358863
ssp245,Newark,cehwi_night_all,cehwi,night,all,national,national,National,annual_all_days_primary,All calendar-year days; non-heatwave days contribute zero,"1,2,3,4,5,6,7,8,9,10,11,12",2025-2050,28470.0,316.0,0.0,0.0,0.0033547208835343,0.0,0.0,0.0033634326646065,-0.0028434401366598,-0.0090503129379264,0.0033634326646065,0.0,-74.18238500330992,40.73053616358863
ssp245,Newark,exceeded_quantity_composite_all,exceeded_quantity,composite,all,national,national,National,annual_all_days_primary,All calendar-year days; non-heatwave days contribute zero,"1,2,3,4,5,6,7,8,9,10,11,12",2025-2050,28470.0,837.0,0.1149488770280254,0.0,0.2606041788390935,0.1177289001588632,0.0,0.2750428627893081,0.1177289001588632,-0.0395850624715815,0.2750428627893081,0.0,-74.18238500330992,40.73053616358863
ssp245,Newark,exceeded_quantity_day_all,exceeded_quantity,day,all,national,national,National,annual_all_days_primary,All calendar-year days; non-heatwave days contribute zero,"1,2,3,4,5,6,7,8,9,10,11,12",2025-2050,28470.0,4361.0,0.3739752799607524,0.0206626513744133,0.7939488928197688,0.382335645544995,0.0210228989441838,0.8270821933663539,0.382335645544995,-0.0624109022763632,0.8270821933663539,0.0,-74.18238500330992,40.73053616358863
ssp245,Newark,exceeded_quantity_night_all,exceeded_quantity,night,all,national,national,National,annual_all_days_primary,All calendar-year days; non-heatwave days contribute zero,"1,2,3,4,5,6,7,8,9,10,11,12",2025-2050,28470.0,316.0,0.0024383466540678,0.0,0.0176565838630678,0.002443353017882,0.0,0.0178821219564708,0.002443353017882,-0.0129954159207068,0.0178821219564708,0.0,-74.18238500330992,40.73053616358863
ssp245,Oakland,cehwi_composite_all,cehwi,composite,all,national,national,National,annual_all_days_primary,All calendar-year days; non-heatwave days contribute zero,"1,2,3,4,5,6,7,8,9,10,11,12",2025-2050,66430.0,39.0,0.0022671603139445,7.176829437342902e-05,0.0043660950247983,0.0023204371899253,7.182411158224808e-05,0.0045690502682683,0.0023204371899253,7.182411158224808e-05,0.0045690502682683,0.0,-122.21938649647218,37.78069814132114
ssp245,Oakland,cehwi_day_all,cehwi,day,all,national,national,National,annual_all_days_primary,All calendar-year days; non-heatwave days contribute zero,"1,2,3,4,5,6,7,8,9,10,11,12",2025-2050,66430.0,14587.0,0.3684174031211367,0.0041801275396266,0.8538937235127414,0.3745760326347309,0.0042051334667403,0.8845777291198361,0.3745760326347309,-0.1354256638503757,0.8845777291198361,0.0,-122.21938649647218,37.78069814132114
ssp245,Oakland,cehwi_night_all,cehwi,night,all,national,national,National,annual_all_days_primary,All calendar-year days; non-heatwave days contribute zero,"1,2,3,4,5,6,7,8,9,10,11,12",2025-2050,66430.0,2.0,0.0,0.0,3.848390997975012e-06,0.0,0.0,3.850911458781575e-06,-3.2796713637844348e-06,-1.0410254186350896e-05,3.850911458781575e-06,0.0,-122.21938649647218,37.78069814132114
ssp245,Oakland,exceeded_quantity_composite_all,exceeded_quantity,composite,all,national,national,National,annual_all_days_primary,All calendar-year days; non-heatwave days contribute zero,"1,2,3,4,5,6,7,8,9,10,11,12",2025-2050,66430.0,39.0,0.0038038677416392,0.0,0.0081719775647728,0.0039363641635835,0.0,0.008813931083426,0.0039363641635835,-0.0009412027562589,0.008813931083426,0.0,-122.21938649647218,37.78069814132114
ssp245,Oakland,exceeded_quantity_day_all,exceeded_quantity,day,all,national,national,National,annual_all_days_primary,All calendar-year days; non-heatwave days contribute zero,"1,2,3,4,5,6,7,8,9,10,11,12",2025-2050,66430.0,14587.0,0.53092455110695,0.0270677114641305,1.1264018231750037,0.5425480873695936,0.0274191517821587,1.1732602043723603,0.5425480873695936,-0.0881640296331722,1.1732602043723603,0.0,-122.21938649647218,37.78069814132114
ssp245,Oakland,exceeded_quantity_night_all,exceeded_quantity,night,all,national,national,National,annual_all_days_primary,All calendar-year days; non-heatwave days contribute zero,"1,2,3,4,5,6,7,8,9,10,11,12",2025-2050,66430.0,2.0,5.868666592869637e-06,0.0,4.73928561625788e-05,5.87455388415761e-06,0.0,4.777873054035677e-05,5.87455388415761e-06,-3.60296227720417e-05,4.777873054035677e-05,0.0,-122.21938649647218,37.78069814132114
ssp245,Oklahoma_City,cehwi_composite_all,cehwi,composite,all,national,national,National,annual_all_days_primary,All calendar-year days; non-heatwave days contribute zero,"1,2,3,4,5,6,7,8,9,10,11,12",2025-2050,275210.0,44069.0,0.6793297103257798,0.0192844808163064,1.328785462973722,0.7021353847639338,0.0193081079548528,1.4212194577607826,0.7021353847639338,-0.0169486882329145,1.4212194577607826,0.0,-97.51318175134928,35.47080687822383
ssp245,Oklahoma_City,cehwi_day_all,cehwi,day,all,national,national,National,annual_all_days_primary,All calendar-year days; non-heatwave days contribute zero,"1,2,3,4,5,6,7,8,9,10,11,12",2025-2050,275210.0,26455.0,0.0509999319321839,0.0,0.1284286230465059,0.051290433197033,0.0,0.1302576743015635,0.051290433197033,-0.0276768079074989,0.1302576743015635,0.0,-97.51318175134928,35.47080687822383
ssp245,Oklahoma_City,cehwi_night_all,cehwi,night,all,national,national,National,annual_all_days_primary,All calendar-year days; non-heatwave days contribute zero,"1,2,3,4,5,6,7,8,9,10,11,12",2025-2050,275210.0,30264.0,0.0,0.0,0.0464374160107449,0.0,0.0,0.0466207042576649,-0.0388884156865574,-0.1243975356307808,0.0466207042576649,0.0,-97.51318175134928,35.47080687822383
ssp245,Oklahoma_City,exceeded_quantity_composite_all,exceeded_quantity,composite,all,national,national,National,annual_all_days_primary,All calendar-year days; non-heatwave days contribute zero,"1,2,3,4,5,6,7,8,9,10,11,12",2025-2050,275210.0,44069.0,0.5981847185964406,0.0001259171710001,1.341818742275982,0.6140033426368536,0.0001266582879717,1.4217617328655254,0.6140033426368536,-0.1937550475918173,1.4217617328655254,0.0,-97.51318175134928,35.47080687822383
ssp245,Oklahoma_City,exceeded_quantity_day_all,exceeded_quantity,day,all,national,national,National,annual_all_days_primary,All calendar-year days; non-heatwave days contribute zero,"1,2,3,4,5,6,7,8,9,10,11,12",2025-2050,275210.0,26455.0,0.1067119476086367,0.0001127907676022,0.2512645829809272,0.107816215004041,0.0001131108475936,0.2570587027438221,0.107816215004041,-0.0414262727357396,0.2570587027438221,0.0,-97.51318175134928,35.47080687822383
ssp245,Oklahoma_City,exceeded_quantity_night_all,exceeded_quantity,night,all,national,national,National,annual_all_days_primary,All calendar-year days; non-heatwave days contribute zero,"1,2,3,4,5,6,7,8,9,10,11,12",2025-2050,275210.0,30264.0,0.027914351395056,0.0,0.1970501257825238,0.0279811318988937,0.0,0.1997482220066112,0.0279811318988937,-0.1437859582088239,0.1997482220066112,0.0,-97.51318175134928,35.47080687822383
ssp245,Orlando,cehwi_composite_all,cehwi,composite,all,national,national,National,annual_all_days_primary,All calendar-year days; non-heatwave days contribute zero,"1,2,3,4,5,6,7,8,9,10,11,12",2025-2050,123370.0,10869.0,0.1269123555825813,0.0035819183567007,0.2472219351175771,0.1285518899781911,0.003583319737118,0.2535204602192646,0.1285518899781911,0.003583319737118,0.2535204602192646,0.0,-81.35232299409775,28.49312681063099
ssp245,Orlando,cehwi_day_all,cehwi,day,all,national,national,National,annual_all_days_primary,All calendar-year days; non-heatwave days contribute zero,"1,2,3,4,5,6,7,8,9,10,11,12",2025-2050,123370.0,23262.0,0.2517072142451013,0.0096825261476176,0.5635164204585541,0.2573484855660822,0.0097940140499803,0.5880029877661772,0.2573484855660822,-0.073306016634015,0.5880029877661772,0.0,-81.35232299409775,28.49312681063099
ssp245,Orlando,cehwi_night_all,cehwi,night,all,national,national,National,annual_all_days_primary,All calendar-year days; non-heatwave days contribute zero,"1,2,3,4,5,6,7,8,9,10,11,12",2025-2050,123370.0,24731.0,0.0,0.0,0.0742132299609727,0.0,0.0,0.0744919289936021,-0.0621894739008117,-0.1988708767952273,0.0744919289936021,0.0,-81.35232299409775,28.49312681063099
ssp245,Orlando,exceeded_quantity_composite_all,exceeded_quantity,composite,all,national,national,National,annual_all_days_primary,All calendar-year days; non-heatwave days contribute zero,"1,2,3,4,5,6,7,8,9,10,11,12",2025-2050,123370.0,10869.0,0.1443453938676067,0.0,0.3452421296164098,0.1458755965733672,0.0,0.3540643179674214,0.1458755965733672,-0.0623131248206865,0.3540643179674214,0.0,-81.35232299409775,28.49312681063099
ssp245,Orlando,exceeded_quantity_day_all,exceeded_quantity,day,all,national,national,National,annual_all_days_primary,All calendar-year days; non-heatwave days contribute zero,"1,2,3,4,5,6,7,8,9,10,11,12",2025-2050,123370.0,23262.0,0.2308368964712613,0.0019148892412508,0.5354646637079766,0.2336131950150862,0.0019323560874091,0.5492058222401441,0.2336131950150862,-0.081979432209971,0.5492058222401441,0.0,-81.35232299409775,28.49312681063099
ssp245,Orlando,exceeded_quantity_night_all,exceeded_quantity,night,all,national,national,National,annual_all_days_primary,All calendar-year days; non-heatwave days contribute zero,"1,2,3,4,5,6,7,8,9,10,11,12",2025-2050,123370.0,24731.0,0.0322778369956855,0.0,0.2453647996349166,0.0323290894232595,0.0,0.2478824014898539,0.0323290894232595,-0.183224222643335,0.2478824014898539,0.0,-81.35232299409775,28.49312681063099
ssp245,Overland_Park,cehwi_composite_all,cehwi,composite,all,national,national,National,annual_all_days_primary,All calendar-year days; non-heatwave days contribute zero,"1,2,3,4,5,6,7,8,9,10,11,12",2025-2050,56940.0,8842.0,0.6238242829589474,0.01804832101103,1.2270635904519132,0.645262269657563,0.0180686451901657,1.3276620040584586,0.645262269657563,-0.0371374647433322,1.3276620040584586,0.0,-94.6819397869174,38.90919757348814
ssp245,Overland_Park,cehwi_day_all,cehwi,day,all,national,national,National,annual_all_days_primary,All calendar-year days; non-heatwave days contribute zero,"1,2,3,4,5,6,7,8,9,10,11,12",2025-2050,56940.0,6845.0,0.074637268923063,0.0,0.1878230585809644,0.0750782986440239,0.0,0.1906005475860079,0.0750782986440239,-0.040443950297962,0.1906005475860079,0.0,-94.6819397869174,38.90919757348814
ssp245,Overland_Park,cehwi_night_all,cehwi,night,all,national,national,National,annual_all_days_primary,All calendar-year days; non-heatwave days contribute zero,"1,2,3,4,5,6,7,8,9,10,11,12",2025-2050,56940.0,5147.0,0.0,0.0,0.0308892871875823,0.0,0.0,0.0309912442980782,-0.0260061108197162,-0.0830034659375117,0.0309912442980782,0.0,-94.6819397869174,38.90919757348814
ssp245,Overland_Park,exceeded_quantity_composite_all,exceeded_quantity,composite,all,national,national,National,annual_all_days_primary,All calendar-year days; non-heatwave days contribute zero,"1,2,3,4,5,6,7,8,9,10,11,12",2025-2050,56940.0,8842.0,0.5780517603311878,0.0007339734573709,1.2981414706285055,0.5935946968967477,0.0007395102137319,1.3764188152848893,0.5935946968967477,-0.1892294214913927,1.3764188152848893,0.0,-94.6819397869174,38.90919757348814
ssp245,Overland_Park,exceeded_quantity_day_all,exceeded_quantity,day,all,national,national,National,annual_all_days_primary,All calendar-year days; non-heatwave days contribute zero,"1,2,3,4,5,6,7,8,9,10,11,12",2025-2050,56940.0,6845.0,0.1508288916654576,0.0001999655683185,0.3556714548328938,0.1523838054800218,0.0002008809570471,0.3639465767425422,0.1523838054800218,-0.0591789657824981,0.3639465767425422,0.0,-94.6819397869174,38.90919757348814
ssp245,Overland_Park,exceeded_quantity_night_all,exceeded_quantity,night,all,national,national,National,annual_all_days_primary,All calendar-year days; non-heatwave days contribute zero,"1,2,3,4,5,6,7,8,9,10,11,12",2025-2050,56940.0,5147.0,0.0212184543641705,0.0,0.1522046126432872,0.0212652915303719,0.0,0.1541975583498506,0.0212652915303719,-0.1116669752891068,0.1541975583498506,0.0,-94.6819397869174,38.90919757348814
ssp245,Palm_Bay,cehwi_composite_all,cehwi,composite,all,national,national,National,annual_all_days_primary,All calendar-year days; non-heatwave days contribute zero,"1,2,3,4,5,6,7,8,9,10,11,12",2025-2050,56940.0,3601.0,0.0587784317583145,0.0015911517863103,0.1150824598406853,0.0592526515807599,0.0015915130187703,0.1169137901427498,0.0592526515807599,0.0015915130187703,0.1169137901427498,0.0,-80.66822135465287,27.98177179128451
ssp245,Palm_Bay,cehwi_day_all,cehwi,day,all,national,national,National,annual_all_days_primary,All calendar-year days; non-heatwave days contribute zero,"1,2,3,4,5,6,7,8,9,10,11,12",2025-2050,56940.0,12016.0,0.2777920518708524,0.0124075312707038,0.625308284486563,0.2834856716173889,0.0125608474643916,0.6495502552055828,0.2834856716173889,-0.0825789119708075,0.6495502552055828,0.0,-80.66822135465287,27.98177179128451
ssp245,Palm_Bay,cehwi_night_all,cehwi,night,all,national,national,National,annual_all_days_primary,All calendar-year days; non-heatwave days contribute zero,"1,2,3,4,5,6,7,8,9,10,11,12",2025-2050,56940.0,10888.0,0.0,0.0,0.0623419002653265,0.0,0.0,0.0625424289402148,-0.052557262225614,-0.1676569533914447,0.0625424289402148,0.0,-80.66822135465287,27.98177179128451
ssp245,Palm_Bay,exceeded_quantity_composite_all,exceeded_quantity,composite,all,national,national,National,annual_all_days_primary,All calendar-year days; non-heatwave days contribute zero,"1,2,3,4,5,6,7,8,9,10,11,12",2025-2050,56940.0,3601.0,0.0780888196546016,0.0,0.1884176090596895,0.0786986188374503,0.0,0.1919900571230235,0.0786986188374503,-0.0345928194481226,0.1919900571230235,0.0,-80.66822135465287,27.98177179128451
ssp245,Palm_Bay,exceeded_quantity_day_all,exceeded_quantity,day,all,national,national,National,annual_all_days_primary,All calendar-year days; non-heatwave days contribute zero,"1,2,3,4,5,6,7,8,9,10,11,12",2025-2050,56940.0,12016.0,0.2588090695569129,0.002498261897546,0.5998840315330228,0.2619470941954303,0.0025208405324205,0.6153484242962937,0.2619470941954303,-0.0914542359054326,0.6153484242962937,0.0,-80.66822135465287,27.98177179128451
ssp245,Palm_Bay,exceeded_quantity_night_all,exceeded_quantity,night,all,national,national,National,annual_all_days_primary,All calendar-year days; non-heatwave days contribute zero,"1,2,3,4,5,6,7,8,9,10,11,12",2025-2050,56940.0,10888.0,0.0282770644997077,0.0,0.2193491285295971,0.0283161905988854,0.0,0.2214010282686639,0.0283161905988854,-0.1647686470708931,0.2214010282686639,0.0,-80.66822135465287,27.98177179128451
ssp245,Philadelphia,cehwi_composite_all,cehwi,composite,all,national,national,National,annual_all_days_primary,All calendar-year days; non-heatwave days contribute zero,"1,2,3,4,5,6,7,8,9,10,11,12",2025-2050,151840.0,7462.0,0.1307790407372059,0.0040891495011569,0.2525070741939293,0.1335298131005757,0.0040922875943313,0.2629678602669523,0.1335298131005757,0.0040917659341993,0.2629678602669523,0.0,-75.13796788679207,40.013611438447285
ssp245,Philadelphia,cehwi_day_all,cehwi,day,all,national,national,National,annual_all_days_primary,All calendar-year days; non-heatwave days contribute zero,"1,2,3,4,5,6,7,8,9,10,11,12",2025-2050,151840.0,23150.0,0.1869167598005169,0.002861060238996,0.4445377440437691,0.1894797496988913,0.0028833202358948,0.4574592765320397,0.1894797496988913,-0.0784997771342588,0.4574592765320397,0.0,-75.13796788679207,40.013611438447285
ssp245,Philadelphia,cehwi_night_all,cehwi,night,all,national,national,National,annual_all_days_primary,All calendar-year days; non-heatwave days contribute zero,"1,2,3,4,5,6,7,8,9,10,11,12",2025-2050,151840.0,3115.0,0.0,0.0,0.005929961933701,0.0,0.0,0.0059452212668164,-0.005025185983173,-0.0159955932331626,0.0059452212668164,0.0,-75.13796788679207,40.013611438447285
ssp245,Philadelphia,exceeded_quantity_composite_all,exceeded_quantity,composite,all,national,national,National,annual_all_days_primary,All calendar-year days; non-heatwave days contribute zero,"1,2,3,4,5,6,7,8,9,10,11,12",2025-2050,151840.0,7462.0,0.1694963602355599,0.0,0.3877623958875971,0.1731940529971511,0.0,0.4072198068793781,0.1731940529971511,-0.0608317008850754,0.4072198068793781,0.0,-75.13796788679207,40.013611438447285
ssp245,Philadelphia,exceeded_quantity_day_all,exceeded_quantity,day,all,national,national,National,annual_all_days_primary,All calendar-year days; non-heatwave days contribute zero,"1,2,3,4,5,6,7,8,9,10,11,12",2025-2050,151840.0,23150.0,0.2923365346216441,0.0063204852713665,0.6511605651365797,0.2971981755547506,0.006398159312682,0.6731275619290846,0.2971981755547506,-0.078731210819583,0.6731275619290846,0.0,-75.13796788679207,40.013611438447285
ssp245,Philadelphia,exceeded_quantity_night_all,exceeded_quantity,night,all,national,national,National,annual_all_days_primary,All calendar-year days; non-heatwave days contribute zero,"1,2,3,4,5,6,7,8,9,10,11,12",2025-2050,151840.0,3115.0,0.0049169180023707,0.0,0.0337623175199001,0.0049314753443407,0.0,0.0342403017315302,0.0049314753443407,-0.0243773510428487,0.0342403017315302,0.0,-75.13796788679207,40.013611438447285
ssp245,Phoenix,cehwi_composite_all,cehwi,composite,all,national,national,National,annual_all_days_primary,All calendar-year days; non-heatwave days contribute zero,"1,2,3,4,5,6,7,8,9,10,11,12",2025-2050,294190.0,33119.0,0.2654188673171644,0.0081048513019901,0.5133277078918347,0.2706075478732226,0.0081103480414464,0.5331047477049993,0.2706075478732226,0.0081103480414464,0.5331047477049993,0.0,-112.08811946862154,33.55574616532266
ssp245,Phoenix,cehwi_day_all,cehwi,day,all,national,national,National,annual_all_days_primary,All calendar-year days; non-heatwave days contribute zero,"1,2,3,4,5,6,7,8,9,10,11,12",2025-2050,294190.0,52217.0,0.2175974301650565,0.0005379706608483,0.5178621539293856,0.2205461615947807,0.0005398206343482,0.5334879747014055,0.2205461615947807,-0.0923956515118459,0.5334879747014055,0.0,-112.08811946862154,33.55574616532266
ssp245,Phoenix,cehwi_night_all,cehwi,night,all,national,national,National,annual_all_days_primary,All calendar-year days; non-heatwave days contribute zero,"1,2,3,4,5,6,7,8,9,10,11,12",2025-2050,294190.0,35174.0,0.0,0.0,0.0925592739084949,0.0,0.0,0.0933624262098885,-0.0709323107759941,-0.2352270477618775,0.0933624262098885,0.0,-112.08811946862154,33.55574616532266
ssp245,Phoenix,exceeded_quantity_composite_all,exceeded_quantity,composite,all,national,national,National,annual_all_days_primary,All calendar-year days; non-heatwave days contribute zero,"1,2,3,4,5,6,7,8,9,10,11,12",2025-2050,294190.0,33119.0,0.3046671902264147,0.0,0.7074511810827802,0.3101790700233408,0.0,0.7372694486492369,0.3101790700233408,-0.1169113086025546,0.7372694486492369,0.0,-112.08811946862154,33.55574616532266
ssp245,Phoenix,exceeded_quantity_day_all,exceeded_quantity,day,all,national,national,National,annual_all_days_primary,All calendar-year days; non-heatwave days contribute zero,"1,2,3,4,5,6,7,8,9,10,11,12",2025-2050,294190.0,52217.0,0.2759214148615594,0.0041637246287486,0.6279411056248886,0.2798514272559952,0.0042090688959921,0.6464281350711497,0.2798514272559952,-0.0867252805591585,0.6464281350711497,0.0,-112.08811946862154,33.55574616532266
ssp245,Phoenix,exceeded_quantity_night_all,exceeded_quantity,night,all,national,national,National,annual_all_days_primary,All calendar-year days; non-heatwave days contribute zero,"1,2,3,4,5,6,7,8,9,10,11,12",2025-2050,294190.0,35174.0,0.0453551239648616,0.0,0.2817057588112722,0.0455386940478451,0.0,0.2868074653289925,0.0455386940478451,-0.1957300772333025,0.2868074653289925,0.0,-112.08811946862154,33.55574616532266
ssp245,Pittsburgh,cehwi_composite_all,cehwi,composite,all,national,national,National,annual_all_days_primary,All calendar-year days; non-heatwave days contribute zero,"1,2,3,4,5,6,7,8,9,10,11,12",2025-2050,75920.0,135.0,0.0050725068627073,0.0001500302514988,0.0098273726738963,0.0051641044652565,0.0001501150168251,0.0101780939136879,0.0051641044652565,0.0001501150168251,0.0101780939136879,0.0,-79.96079806840875,40.42519922162034
ssp245,Pittsburgh,cehwi_day_all,cehwi,day,all,national,national,National,annual_all_days_primary,All calendar-year days; non-heatwave days contribute zero,"1,2,3,4,5,6,7,8,9,10,11,12",2025-2050,75920.0,15139.0,0.3522429256567455,0.0083932519794517,0.8051555298554885,0.3586853305352078,0.008460230106204,0.8353399125124842,0.3586853305352078,-0.1179692514420696,0.8353399125124842,0.0,-79.96079806840875,40.42519922162034
ssp245,Pittsburgh,cehwi_night_all,cehwi,night,all,national,national,National,annual_all_days_primary,All calendar-year days; non-heatwave days contribute zero,"1,2,3,4,5,6,7,8,9,10,11,12",2025-2050,75920.0,1.0,0.0,0.0,2.176012846226291e-07,0.0,0.0,2.17619260783588e-07,-1.8533785194467864e-07,-5.882949646732086e-07,2.17619260783588e-07,0.0,-79.96079806840875,40.42519922162034
ssp245,Pittsburgh,exceeded_quantity_composite_all,exceeded_quantity,composite,all,national,national,National,annual_all_days_primary,All calendar-year days; non-heatwave days contribute zero,"1,2,3,4,5,6,7,8,9,10,11,12",2025-2050,75920.0,135.0,0.007653099188956,0.0,0.0174315131149034,0.0078288897084358,0.0,0.0183755539151152,0.0078288897084358,-0.0027177744982435,0.0183755539151152,0.0,-79.96079806840875,40.42519922162034
ssp245,Pittsburgh,exceeded_quantity_day_all,exceeded_quantity,day,all,national,national,National,annual_all_days_primary,All calendar-year days; non-heatwave days contribute zero,"1,2,3,4,5,6,7,8,9,10,11,12",2025-2050,75920.0,15139.0,0.5019402844086841,0.0328054584019232,1.0560499510416363,0.513788238449735,0.0333934649323084,1.1017413313511597,0.513788238449735,-0.074164854451689,1.1017413313511597,0.0,-79.96079806840875,40.42519922162034
ssp245,Pittsburgh,exceeded_quantity_night_all,exceeded_quantity,night,all,national,national,National,annual_all_days_primary,All calendar-year days; non-heatwave days contribute zero,"1,2,3,4,5,6,7,8,9,10,11,12",2025-2050,75920.0,1.0,3.172889196991571e-07,0.0,2.709676260134747e-06,3.1732714102660695e-07,0.0,2.71246724283285e-06,3.1732714102660695e-07,-2.077812960779373e-06,2.71246724283285e-06,0.0,-79.96079806840875,40.42519922162034
ssp245,Portland,cehwi_composite_all,cehwi,composite,all,national,national,National,annual_all_days_primary,All calendar-year days; non-heatwave days contribute zero,"1,2,3,4,5,6,7,8,9,10,11,12",2025-2050,142350.0,57.0,0.0020397490996804,7.268826260185437e-05,0.0038952998242913,0.0021024635947653,7.277284577465402e-05,0.004132154343756,0.0021024635947653,7.277284577465402e-05,0.004132154343756,0.0,-122.6375114287169,45.5383261809014
ssp245,Portland,cehwi_day_all,cehwi,day,all,national,national,National,annual_all_days_primary,All calendar-year days; non-heatwave days contribute zero,"1,2,3,4,5,6,7,8,9,10,11,12",2025-2050,142350.0,27598.0,0.4351617086113434,0.015897080598853,0.9583071478141932,0.4448128554164649,0.0160198483385626,1.0006585636287706,0.4448128554164649,-0.1110328527958416,1.0006585636287706,0.0,-122.6375114287169,45.5383261809014
ssp245,Portland,cehwi_night_all,cehwi,night,all,national,national,National,annual_all_days_primary,All calendar-year days; non-heatwave days contribute zero,"1,2,3,4,5,6,7,8,9,10,11,12",2025-2050,142350.0,0.0,0.0,0.0,0.0,0.0,0.0,0.0,0.0,0.0,0.0,0.0,-122.6375114287169,45.5383261809014
ssp245,Portland,exceeded_quantity_composite_all,exceeded_quantity,composite,all,national,national,National,annual_all_days_primary,All calendar-year days; non-heatwave days contribute zero,"1,2,3,4,5,6,7,8,9,10,11,12",2025-2050,142350.0,57.0,0.0033880992791593,0.0,0.0070636817153179,0.0035413815756055,0.0,0.0077774551877877,0.0035413815756055,-0.0006946920365766,0.0077774551877877,0.0,-122.6375114287169,45.5383261809014
ssp245,Portland,exceeded_quantity_day_all,exceeded_quantity,day,all,national,national,National,annual_all_days_primary,All calendar-year days; non-heatwave days contribute zero,"1,2,3,4,5,6,7,8,9,10,11,12",2025-2050,142350.0,27598.0,0.667657310232858,0.0956574312267006,1.3031738777684831,0.6903447811576263,0.0978325370913747,1.3772039919797323,0.6903447811576263,0.0034855703355206,1.3772039919797323,0.0,-122.6375114287169,45.5383261809014
ssp245,Portland,exceeded_quantity_night_all,exceeded_quantity,night,all,national,national,National,annual_all_days_primary,All calendar-year days; non-heatwave days contribute zero,"1,2,3,4,5,6,7,8,9,10,11,12",2025-2050,142350.0,0.0,0.0,0.0,0.0,0.0,0.0,0.0,0.0,0.0,0.0,0.0,-122.6375114287169,45.5383261809014
ssp245,Raleigh,cehwi_composite_all,cehwi,composite,all,national,national,National,annual_all_days_primary,All calendar-year days; non-heatwave days contribute zero,"1,2,3,4,5,6,7,8,9,10,11,12",2025-2050,142350.0,17193.0,0.361939504809583,0.0115927347761886,0.6967683858227678,0.3709232348545681,0.0116034694669059,0.7309481172288012,0.3709232348545681,0.0108983524803355,0.7309481172288012,0.0,-78.64401758110355,35.85488907837101
ssp245,Raleigh,cehwi_day_all,cehwi,day,all,national,national,National,annual_all_days_primary,All calendar-year days; non-heatwave days contribute zero,"1,2,3,4,5,6,7,8,9,10,11,12",2025-2050,142350.0,16516.0,0.0953513904537604,0.0001574914366233,0.23423590765748,0.096249985743211,0.0001579491859011,0.2393656374067039,0.096249985743211,-0.0468656659202835,0.2393656374067039,0.0,-78.64401758110355,35.85488907837101
ssp245,Raleigh,cehwi_night_all,cehwi,night,all,national,national,National,annual_all_days_primary,All calendar-year days; non-heatwave days contribute zero,"1,2,3,4,5,6,7,8,9,10,11,12",2025-2050,142350.0,14492.0,0.0,0.0,0.0439616871842933,0.0,0.0,0.0441847982446729,-0.0359724266589489,-0.1161296515625717,0.0441847982446729,0.0,-78.64401758110355,35.85488907837101
ssp245,Raleigh,exceeded_quantity_composite_all,exceeded_quantity,composite,all,national,national,National,annual_all_days_primary,All calendar-year days; non-heatwave days contribute zero,"1,2,3,4,5,6,7,8,9,10,11,12",2025-2050,142350.0,17193.0,0.3662790136274946,0.0,0.8423661503890196,0.3737917773897935,0.0,0.8821358478484449,0.3737917773897935,-0.134552293068857,0.8821358478484449,0.0,-78.64401758110355,35.85488907837101
ssp245,Raleigh,exceeded_quantity_day_all,exceeded_quantity,day,all,national,national,National,annual_all_days_primary,All calendar-year days; non-heatwave days contribute zero,"1,2,3,4,5,6,7,8,9,10,11,12",2025-2050,142350.0,16516.0,0.1687031541344286,0.0017424835567479,0.3897316204538873,0.1708526089009713,0.0017681793454252,0.4002955106029952,0.1708526089009713,-0.0585902928010521,0.4002955106029952,0.0,-78.64401758110355,35.85488907837101
ssp245,Raleigh,exceeded_quantity_night_all,exceeded_quantity,night,all,national,national,National,annual_all_days_primary,All calendar-year days; non-heatwave days contribute zero,"1,2,3,4,5,6,7,8,9,10,11,12",2025-2050,142350.0,14492.0,0.0269104526726315,0.0,0.1862138958192424,0.0269829280115294,0.0,0.1888739502322241,0.0269829280115294,-0.1349080942091654,0.1888739502322241,0.0,-78.64401758110355,35.85488907837101
ssp245,Richmond,cehwi_composite_all,cehwi,composite,all,national,national,National,annual_all_days_primary,All calendar-year days; non-heatwave days contribute zero,"1,2,3,4,5,6,7,8,9,10,11,12",2025-2050,75920.0,6962.0,0.2525208866765219,0.007751497141593,0.488239020043841,0.2582623775961399,0.0077577927829113,0.51030788671206,0.2582623775961399,0.0062168684802201,0.51030788671206,0.0,-77.47920209602857,37.55445905057112
ssp245,Richmond,cehwi_day_all,cehwi,day,all,national,national,National,annual_all_days_primary,All calendar-year days; non-heatwave days contribute zero,"1,2,3,4,5,6,7,8,9,10,11,12",2025-2050,75920.0,10152.0,0.1188481218664237,0.0002313021980594,0.2922687743613343,0.1199506251872406,0.0002324501440292,0.2985525477937332,0.1199506251872406,-0.0586512974192539,0.2985525477937332,0.0,-77.47920209602857,37.55445905057112
ssp245,Richmond,cehwi_night_all,cehwi,night,all,national,national,National,annual_all_days_primary,All calendar-year days; non-heatwave days contribute zero,"1,2,3,4,5,6,7,8,9,10,11,12",2025-2050,75920.0,4909.0,0.0,0.0,0.0198993110241256,0.0,0.0,0.0199600780006568,-0.0167475387789715,-0.0534551555586007,0.0199600780006568,0.0,-77.47920209602857,37.55445905057112
ssp245,Richmond,exceeded_quantity_composite_all,exceeded_quantity,composite,all,national,national,National,annual_all_days_primary,All calendar-year days; non-heatwave days contribute zero,"1,2,3,4,5,6,7,8,9,10,11,12",2025-2050,75920.0,6962.0,0.2867834091793505,0.0,0.659475515929592,0.2926705631538155,0.0,0.6907226612261824,0.2926705631538155,-0.1053815349185508,0.6907226612261824,0.0,-77.47920209602857,37.55445905057112
ssp245,Richmond,exceeded_quantity_day_all,exceeded_quantity,day,all,national,national,National,annual_all_days_primary,All calendar-year days; non-heatwave days contribute zero,"1,2,3,4,5,6,7,8,9,10,11,12",2025-2050,75920.0,10152.0,0.2113355109580001,0.0017212894711493,0.4869225071418455,0.2140636084683773,0.0017349508478848,0.5004765216908068,0.2140636084683773,-0.0723493047540515,0.5004765216908068,0.0,-77.47920209602857,37.55445905057112
ssp245,Richmond,exceeded_quantity_night_all,exceeded_quantity,night,all,national,national,National,annual_all_days_primary,All calendar-year days; non-heatwave days contribute zero,"1,2,3,4,5,6,7,8,9,10,11,12",2025-2050,75920.0,4909.0,0.0137948446371877,0.0,0.1001895939256514,0.0138246659830326,0.0,0.1014189358139109,0.0138246659830326,-0.0737696038478457,0.1014189358139109,0.0,-77.47920209602857,37.55445905057112
ssp245,Riverside,cehwi_composite_all,cehwi,composite,all,national,national,National,annual_all_days_primary,All calendar-year days; non-heatwave days contribute zero,"1,2,3,4,5,6,7,8,9,10,11,12",2025-2050,56940.0,1224.0,0.0642526507300878,0.0020340777551446,0.1239061135616594,0.0656759941874236,0.0020357217371916,0.1293162666376557,0.0656759941874236,0.0020357217371916,0.1293162666376557,0.0,-117.40931647514132,33.946920765734085
ssp245,Riverside,cehwi_day_all,cehwi,day,all,national,national,National,annual_all_days_primary,All calendar-year days; non-heatwave days contribute zero,"1,2,3,4,5,6,7,8,9,10,11,12",2025-2050,56940.0,11673.0,0.2806490570912251,0.0008000375705376,0.6672161022805724,0.2845435111498792,0.0008034653120973,0.6880080550550498,0.2845435111498792,-0.1189210327552931,0.6880080550550498,0.0,-117.40931647514132,33.946920765734085
ssp245,Riverside,cehwi_night_all,cehwi,night,all,national,national,National,annual_all_days_primary,All calendar-year days; non-heatwave days contribute zero,"1,2,3,4,5,6,7,8,9,10,11,12",2025-2050,56940.0,328.0,0.0,0.0,0.001309755161983,0.0,0.0,0.0013127408795336,-0.0011105470016009,-0.0035338348827357,0.0013127408795336,0.0,-117.40931647514132,33.946920765734085
ssp245,Riverside,exceeded_quantity_composite_all,exceeded_quantity,composite,all,national,national,National,annual_all_days_primary,All calendar-year days; non-heatwave days contribute zero,"1,2,3,4,5,6,7,8,9,10,11,12",2025-2050,56940.0,1224.0,0.0885366472768994,0.0,0.2000665790760029,0.0907663755717445,0.0,0.2116233283102003,0.0907663755717445,-0.030090577166711,0.2116233283102003,0.0,-117.40931647514132,33.946920765734085
ssp245,Riverside,exceeded_quantity_day_all,exceeded_quantity,day,all,national,national,National,annual_all_days_primary,All calendar-year days; non-heatwave days contribute zero,"1,2,3,4,5,6,7,8,9,10,11,12",2025-2050,56940.0,11673.0,0.4017118760621562,0.0140330653253687,0.8793215828133324,0.4092144413570628,0.0142373846315148,0.9112646317425538,0.4092144413570628,-0.0928357490284277,0.9112646317425538,0.0,-117.40931647514132,33.946920765734085
ssp245,Riverside,exceeded_quantity_night_all,exceeded_quantity,night,all,national,national,National,annual_all_days_primary,All calendar-year days; non-heatwave days contribute zero,"1,2,3,4,5,6,7,8,9,10,11,12",2025-2050,56940.0,328.0,0.0008974964896431,0.0,0.006818173681452,0.0008989378942986,0.0,0.0068870658984926,0.0008989378942986,-0.0050891901098953,0.0068870658984926,0.0,-117.40931647514132,33.946920765734085
ssp245,Sacramento,cehwi_composite_all,cehwi,composite,all,national,national,National,annual_all_days_primary,All calendar-year days; non-heatwave days contribute zero,"1,2,3,4,5,6,7,8,9,10,11,12",2025-2050,123370.0,1164.0,0.0386092442228468,0.0012992510679626,0.0740148837345814,0.0396753238944261,0.001300587651611,0.0780500601372413,0.0396753238944261,0.001300587651611,0.0780500601372413,0.0,-121.45173525367916,38.544754056929705
ssp245,Sacramento,cehwi_day_all,cehwi,day,all,national,national,National,annual_all_days_primary,All calendar-year days; non-heatwave days contribute zero,"1,2,3,4,5,6,7,8,9,10,11,12",2025-2050,123370.0,25504.0,0.354830006883708,0.0048990079924938,0.8132110328405499,0.3611438841669775,0.0049288808026724,0.8437221098129732,0.3611438841669775,-0.12143434147902,0.8437221098129732,0.0,-121.45173525367916,38.544754056929705
ssp245,Sacramento,cehwi_night_all,cehwi,night,all,national,national,National,annual_all_days_primary,All calendar-year days; non-heatwave days contribute zero,"1,2,3,4,5,6,7,8,9,10,11,12",2025-2050,123370.0,103.0,0.0,0.0,0.0001981908894185,0.0,0.0,0.0001985819554884,-0.0001683899766883,-0.0005353619088652,0.0001985819554884,0.0,-121.45173525367916,38.544754056929705
ssp245,Sacramento,exceeded_quantity_composite_all,exceeded_quantity,composite,all,national,national,National,annual_all_days_primary,All calendar-year days; non-heatwave days contribute zero,"1,2,3,4,5,6,7,8,9,10,11,12",2025-2050,123370.0,1164.0,0.0542262923783228,0.0,0.1185787660371368,0.0559667808209783,0.0,0.1272236590148326,0.0559667808209783,-0.0152900973728758,0.1272236590148326,0.0,-121.45173525367916,38.544754056929705
ssp245,Sacramento,exceeded_quantity_day_all,exceeded_quantity,day,all,national,national,National,annual_all_days_primary,All calendar-year days; non-heatwave days contribute zero,"1,2,3,4,5,6,7,8,9,10,11,12",2025-2050,123370.0,25504.0,0.4794563811228706,0.0336113782246095,1.0103232054416718,0.4907255672587686,0.0342138211513473,1.0532721831781495,0.4907255672587686,-0.0718210486606117,1.0532721831781495,0.0,-121.45173525367916,38.544754056929705
ssp245,Sacramento,exceeded_quantity_night_all,exceeded_quantity,night,all,national,national,National,annual_all_days_primary,All calendar-year days; non-heatwave days contribute zero,"1,2,3,4,5,6,7,8,9,10,11,12",2025-2050,123370.0,103.0,0.0002001725303571,0.0,0.0013959389116901,0.0002006566012165,0.0,0.0014158420562425,0.0002006566012165,-0.0010145288538094,0.0014158420562425,0.0,-121.45173525367916,38.544754056929705
ssp245,Salt_Lake_City,cehwi_composite_all,cehwi,composite,all,national,national,National,annual_all_days_primary,All calendar-year days; non-heatwave days contribute zero,"1,2,3,4,5,6,7,8,9,10,11,12",2025-2050,94900.0,674.0,0.0212236839957122,0.0006609088569833,0.0409818603853973,0.0216686096115177,0.0006614030408939,0.0426758161821415,0.0216686096115177,0.0006614030408939,0.0426758161821415,0.0,-111.9385763948534,40.78496540128546
ssp245,Salt_Lake_City,cehwi_day_all,cehwi,day,all,national,national,National,annual_all_days_primary,All calendar-year days; non-heatwave days contribute zero,"1,2,3,4,5,6,7,8,9,10,11,12",2025-2050,94900.0,17477.0,0.5362092167018561,0.0278936049799864,1.13975316964603,0.55020185128974,0.0281274889735222,1.197793975073408,0.55020185128974,-0.0973902724939285,1.197793975073408,0.0,-111.9385763948534,40.78496540128546
ssp245,Salt_Lake_City,cehwi_night_all,cehwi,night,all,national,national,National,annual_all_days_primary,All calendar-year days; non-heatwave days contribute zero,"1,2,3,4,5,6,7,8,9,10,11,12",2025-2050,94900.0,60.0,0.0,0.0,6.144358167802853e-05,0.0,0.0,6.150224028011401e-05,-5.2332224519333375e-05,-0.0001661666893187,6.150224028011401e-05,0.0,-111.9385763948534,40.78496540128546
ssp245,Salt_Lake_City,exceeded_quantity_composite_all,exceeded_quantity,composite,all,national,national,National,annual_all_days_primary,All calendar-year days; non-heatwave days contribute zero,"1,2,3,4,5,6,7,8,9,10,11,12",2025-2050,94900.0,674.0,0.0275764129183256,0.0,0.0633668494596995,0.0281564234734663,0.0,0.0665187557173675,0.0281564234734663,-0.0102059087704348,0.0665187557173675,0.0,-111.9385763948534,40.78496540128546
ssp245,Salt_Lake_City,exceeded_quantity_day_all,exceeded_quantity,day,all,national,national,National,annual_all_days_primary,All calendar-year days; non-heatwave days contribute zero,"1,2,3,4,5,6,7,8,9,10,11,12",2025-2050,94900.0,17477.0,0.4907820284548917,0.022689918958861,1.0370891031603109,0.5015968794054062,0.0229430643996593,1.0812660221109966,0.5015968794054062,-0.0780722633001838,1.0812660221109966,0.0,-111.9385763948534,40.78496540128546
ssp245,Salt_Lake_City,exceeded_quantity_night_all,exceeded_quantity,night,all,national,national,National,annual_all_days_primary,All calendar-year days; non-heatwave days contribute zero,"1,2,3,4,5,6,7,8,9,10,11,12",2025-2050,94900.0,60.0,5.61014831153047e-05,0.0,0.0004627868657946,5.614170466176256e-05,0.0,0.0004654730323095,5.614170466176256e-05,-0.000353189622986,0.0004654730323095,0.0,-111.9385763948534,40.78496540128546
ssp245,San_Antonio,cehwi_composite_all,cehwi,composite,all,national,national,National,annual_all_days_primary,All calendar-year days; non-heatwave days contribute zero,"1,2,3,4,5,6,7,8,9,10,11,12",2025-2050,256230.0,44594.0,0.5313406980107453,0.0174498241696232,1.0211436020079172,0.5453657371207195,0.0174673702753212,1.0744227790829677,0.5453657371207195,0.0163086951584725,1.0744227790829677,0.0,-98.51142457218248,29.452259837949214
ssp245,San_Antonio,cehwi_day_all,cehwi,day,all,national,national,National,annual_all_days_primary,All calendar-year days; non-heatwave days contribute zero,"1,2,3,4,5,6,7,8,9,10,11,12",2025-2050,256230.0,38393.0,0.1115150529270382,6.62208138301526e-06,0.2759621637970159,0.112461879070978,6.641866567391875e-06,0.2815554624504203,0.112461879070978,-0.0566317043084667,0.2815554624504203,0.0,-98.51142457218248,29.452259837949214
ssp245,San_Antonio,cehwi_night_all,cehwi,night,all,national,national,National,annual_all_days_primary,All calendar-year days; non-heatwave days contribute zero,"1,2,3,4,5,6,7,8,9,10,11,12",2025-2050,256230.0,51427.0,0.0,0.0,0.0893983370028399,0.0,0.0,0.0897725771883087,-0.0746780508686296,-0.2391286789255697,0.0897725771883087,0.0,-98.51142457218248,29.452259837949214
ssp245,San_Antonio,exceeded_quantity_composite_all,exceeded_quantity,composite,all,national,national,National,annual_all_days_primary,All calendar-year days; non-heatwave days contribute zero,"1,2,3,4,5,6,7,8,9,10,11,12",2025-2050,256230.0,44594.0,0.4089810139103331,0.0,0.9581560847477212,0.4155079128835221,0.0,0.9941238082513952,0.4155079128835221,-0.1631079824843506,0.9941238082513952,0.0,-98.51142457218248,29.452259837949214
ssp245,San_Antonio,exceeded_quantity_day_all,exceeded_quantity,day,all,national,national,National,annual_all_days_primary,All calendar-year days; non-heatwave days contribute zero,"1,2,3,4,5,6,7,8,9,10,11,12",2025-2050,256230.0,38393.0,0.1539403806459804,6.728944959854347e-05,0.3699688885837349,0.1551881952956285,6.757521573931827e-05,0.3769667266991123,0.1551881952956285,-0.0665903361078547,0.3769667266991123,0.0,-98.51142457218248,29.452259837949214
ssp245,San_Antonio,exceeded_quantity_night_all,exceeded_quantity,night,all,national,national,National,annual_all_days_primary,All calendar-year days; non-heatwave days contribute zero,"1,2,3,4,5,6,7,8,9,10,11,12",2025-2050,256230.0,51427.0,0.0455619141659451,0.0,0.3269404260225493,0.0456648610353136,0.0,0.3311555486519906,0.0456648610353136,-0.2398258265813637,0.3311555486519906,0.0,-98.51142457218248,29.452259837949214
ssp245,San_Bernardino,cehwi_composite_all,cehwi,composite,all,national,national,National,annual_all_days_primary,All calendar-year days; non-heatwave days contribute zero,"1,2,3,4,5,6,7,8,9,10,11,12",2025-2050,66430.0,1575.0,0.066349506264561,0.0020640939254967,0.1281295242421862,0.0677351597215785,0.0020656270281708,0.1334046924149861,0.0677351597215785,0.0020656270281708,0.1334046924149861,0.0,-117.2938187957545,34.14362438315135
ssp245,San_Bernardino,cehwi_day_all,cehwi,day,all,national,national,National,annual_all_days_primary,All calendar-year days; non-heatwave days contribute zero,"1,2,3,4,5,6,7,8,9,10,11,12",2025-2050,66430.0,13349.0,0.2969842188522634,0.0010991021684229,0.7018353398620109,0.3013387089341495,0.0011051832025281,0.7248312744945699,0.3013387089341495,-0.1221538566262722,0.7248312744945699,0.0,-117.2938187957545,34.14362438315135
ssp245,San_Bernardino,cehwi_night_all,cehwi,night,all,national,national,National,annual_all_days_primary,All calendar-year days; non-heatwave days contribute zero,"1,2,3,4,5,6,7,8,9,10,11,12",2025-2050,66430.0,569.0,0.0,0.0,0.0023619161156592,0.0,0.0,0.0023687397751977,-0.0019941361779671,-0.0063570121311321,0.0023687397751977,0.0,-117.2938187957545,34.14362438315135
ssp245,San_Bernardino,exceeded_quantity_composite_all,exceeded_quantity,composite,all,national,national,National,annual_all_days_primary,All calendar-year days; non-heatwave days contribute zero,"1,2,3,4,5,6,7,8,9,10,11,12",2025-2050,66430.0,1575.0,0.0930911254479071,0.0,0.211314318451985,0.0953106378281814,0.0,0.2229098035501575,0.0953106378281814,-0.0322885278937944,0.2229098035501575,0.0,-117.2938187957545,34.14362438315135
ssp245,San_Bernardino,exceeded_quantity_day_all,exceeded_quantity,day,all,national,national,National,annual_all_days_primary,All calendar-year days; non-heatwave days contribute zero,"1,2,3,4,5,6,7,8,9,10,11,12",2025-2050,66430.0,13349.0,0.4025438743180928,0.0126699592112113,0.8825822815567042,0.4099595396368166,0.0128451683947251,0.914607219121606,0.4099595396368166,-0.0946881398479723,0.914607219121606,0.0,-117.2938187957545,34.14362438315135
ssp245,San_Bernardino,exceeded_quantity_night_all,exceeded_quantity,night,all,national,national,National,annual_all_days_primary,All calendar-year days; non-heatwave days contribute zero,"1,2,3,4,5,6,7,8,9,10,11,12",2025-2050,66430.0,569.0,0.0015217177993245,0.0,0.0113698320603848,0.001524392738012,0.0,0.0114966277525111,0.001524392738012,-0.008447842276487,0.0114966277525111,0.0,-117.2938187957545,34.14362438315135
ssp245,San_Diego,cehwi_composite_all,cehwi,composite,all,national,national,National,annual_all_days_primary,All calendar-year days; non-heatwave days contribute zero,"1,2,3,4,5,6,7,8,9,10,11,12",2025-2050,208780.0,455.0,0.0075478914709383,0.0002359831322121,0.0145543780529821,0.0077163822130705,0.0002361584733549,0.015196605952786,0.0077163822130705,0.0002361584733549,0.015196605952786,0.0,-117.12185558422306,32.79604065818703
ssp245,San_Diego,cehwi_day_all,cehwi,day,all,national,national,National,annual_all_days_primary,All calendar-year days; non-heatwave days contribute zero,"1,2,3,4,5,6,7,8,9,10,11,12",2025-2050,208780.0,49218.0,0.3423729731335979,0.0035580920286974,0.7996649355018326,0.3477686358817405,0.0035801727413187,0.8267430199603342,0.3477686358817405,-0.1312057481968552,0.8267430199603342,0.0,-117.12185558422306,32.79604065818703
ssp245,San_Diego,cehwi_night_all,cehwi,night,all,national,national,National,annual_all_days_primary,All calendar-year days; non-heatwave days contribute zero,"1,2,3,4,5,6,7,8,9,10,11,12",2025-2050,208780.0,1.0,0.0,0.0,3.403027624028376e-08,0.0,0.0,3.403148519606889e-08,-2.8983291010268225e-08,-9.199806721659162e-08,3.403148519606889e-08,0.0,-117.12185558422306,32.79604065818703
ssp245,San_Diego,exceeded_quantity_composite_all,exceeded_quantity,composite,all,national,national,National,annual_all_days_primary,All calendar-year days; non-heatwave days contribute zero,"1,2,3,4,5,6,7,8,9,10,11,12",2025-2050,208780.0,455.0,0.0119216711282192,6.961321379906026e-06,0.0261878475165615,0.0122845240075103,6.998397447956126e-06,0.028000686538423,0.0122845240075103,-0.0034316385234023,0.028000686538423,0.0,-117.12185558422306,32.79604065818703
ssp245,San_Diego,exceeded_quantity_day_all,exceeded_quantity,day,all,national,national,National,annual_all_days_primary,All calendar-year days; non-heatwave days contribute zero,"1,2,3,4,5,6,7,8,9,10,11,12",2025-2050,208780.0,49218.0,0.4864208931382721,0.0307850651921928,1.0384135655796856,0.4971789914242829,0.0313407166939613,1.0801555449819062,0.4971789914242829,-0.0857975621333393,1.0801555449819062,0.0,-117.12185558422306,32.79604065818703
ssp245,San_Diego,exceeded_quantity_night_all,exceeded_quantity,night,all,national,national,National,annual_all_days_primary,All calendar-year days; non-heatwave days contribute zero,"1,2,3,4,5,6,7,8,9,10,11,12",2025-2050,208780.0,1.0,4.9592068138231635e-08,0.0,4.240151870652361e-07,4.9594635655187285e-08,0.0,4.24202979514034e-07,4.9594635655187285e-08,-3.250137082035157e-07,4.24202979514034e-07,0.0,-117.12185558422306,32.79604065818703
ssp245,San_Francisco,cehwi_composite_all,cehwi,composite,all,national,national,National,annual_all_days_primary,All calendar-year days; non-heatwave days contribute zero,"1,2,3,4,5,6,7,8,9,10,11,12",2025-2050,28470.0,0.0,0.0,0.0,0.0,0.0,0.0,0.0,0.0,0.0,0.0,0.0,-122.42865312515914,37.75892014266124
ssp245,San_Francisco,cehwi_day_all,cehwi,day,all,national,national,National,annual_all_days_primary,All calendar-year days; non-heatwave days contribute zero,"1,2,3,4,5,6,7,8,9,10,11,12",2025-2050,28470.0,6403.0,0.4115164086501796,0.009586050468873,0.9283464285165144,0.4195525649759531,0.0096578789999531,0.9654018910416028,0.4195525649759531,-0.1262967610896981,0.9654018910416028,0.0,-122.42865312515914,37.75892014266124
ssp245,San_Francisco,cehwi_night_all,cehwi,night,all,national,national,National,annual_all_days_primary,All calendar-year days; non-heatwave days contribute zero,"1,2,3,4,5,6,7,8,9,10,11,12",2025-2050,28470.0,0.0,0.0,0.0,0.0,0.0,0.0,0.0,0.0,0.0,0.0,0.0,-122.42865312515914,37.75892014266124
ssp245,San_Francisco,exceeded_quantity_composite_all,exceeded_quantity,composite,all,national,national,National,annual_all_days_primary,All calendar-year days; non-heatwave days contribute zero,"1,2,3,4,5,6,7,8,9,10,11,12",2025-2050,28470.0,0.0,0.0,0.0,0.0,0.0,0.0,0.0,0.0,0.0,0.0,0.0,-122.42865312515914,37.75892014266124
ssp245,San_Francisco,exceeded_quantity_day_all,exceeded_quantity,day,all,national,national,National,annual_all_days_primary,All calendar-year days; non-heatwave days contribute zero,"1,2,3,4,5,6,7,8,9,10,11,12",2025-2050,28470.0,6403.0,0.5490607127047137,0.0346672536459823,1.1551511999625157,0.5617402897455539,0.0351727272697732,1.2045827509766742,0.5617402897455539,-0.0811021714855657,1.2045827509766742,0.0,-122.42865312515914,37.75892014266124
ssp245,San_Francisco,exceeded_quantity_night_all,exceeded_quantity,night,all,national,national,National,annual_all_days_primary,All calendar-year days; non-heatwave days contribute zero,"1,2,3,4,5,6,7,8,9,10,11,12",2025-2050,28470.0,0.0,0.0,0.0,0.0,0.0,0.0,0.0,0.0,0.0,0.0,0.0,-122.42865312515914,37.75892014266124
ssp245,San_Jose,cehwi_composite_all,cehwi,composite,all,national,national,National,annual_all_days_primary,All calendar-year days; non-heatwave days contribute zero,"1,2,3,4,5,6,7,8,9,10,11,12",2025-2050,180310.0,2332.0,0.0583811488614928,0.0019395543258067,0.1116925178010402,0.0601635146580248,0.0019417474259708,0.1184446129041066,0.0601635146580248,0.0018824164119431,0.1184446129041066,0.0,-121.84415719358398,37.299085696614654
ssp245,San_Jose,cehwi_day_all,cehwi,day,all,national,national,National,annual_all_days_primary,All calendar-year days; non-heatwave days contribute zero,"1,2,3,4,5,6,7,8,9,10,11,12",2025-2050,180310.0,37830.0,0.3121235868822916,0.0022677717350496,0.7334279442456699,0.316868046041559,0.0022810713448639,0.7578882282088141,0.316868046041559,-0.1241521361256978,0.7578882282088141,0.0,-121.84415719358398,37.299085696614654
ssp245,San_Jose,cehwi_night_all,cehwi,night,all,national,national,National,annual_all_days_primary,All calendar-year days; non-heatwave days contribute zero,"1,2,3,4,5,6,7,8,9,10,11,12",2025-2050,180310.0,664.0,0.0,0.0,0.0017083747045627,0.0,0.0,0.0017173842686801,-0.0013972505121166,-0.0045118852929135,0.0017173842686801,0.0,-121.84415719358398,37.299085696614654
ssp245,San_Jose,exceeded_quantity_composite_all,exceeded_quantity,composite,all,national,national,National,annual_all_days_primary,All calendar-year days; non-heatwave days contribute zero,"1,2,3,4,5,6,7,8,9,10,11,12",2025-2050,180310.0,2332.0,0.0780692635388326,4.446168921760812e-05,0.1695101744664034,0.0806839996400849,4.48316755622438e-05,0.182338693677476,0.0806839996400849,-0.0209706943973061,0.182338693677476,0.0,-121.84415719358398,37.299085696614654
ssp245,San_Jose,exceeded_quantity_day_all,exceeded_quantity,day,all,national,national,National,annual_all_days_primary,All calendar-year days; non-heatwave days contribute zero,"1,2,3,4,5,6,7,8,9,10,11,12",2025-2050,180310.0,37830.0,0.4429913643601819,0.0189455909644113,0.9577354680358724,0.4518250256658746,0.019196237785559,0.9943457208290568,0.4518250256658746,-0.0906956694973073,0.9943457208290568,0.0,-121.84415719358398,37.299085696614654
ssp245,San_Jose,exceeded_quantity_night_all,exceeded_quantity,night,all,national,national,National,annual_all_days_primary,All calendar-year days; non-heatwave days contribute zero,"1,2,3,4,5,6,7,8,9,10,11,12",2025-2050,180310.0,664.0,0.0011468992374497,0.0,0.0071233811479029,0.0011527636085692,0.0,0.0072453018763304,0.0011527636085692,-0.0049397746591918,0.0072453018763304,0.0,-121.84415719358398,37.299085696614654
ssp245,Santa_Ana,cehwi_composite_all,cehwi,composite,all,national,national,National,annual_all_days_primary,All calendar-year days; non-heatwave days contribute zero,"1,2,3,4,5,6,7,8,9,10,11,12",2025-2050,37960.0,135.0,0.013712385381643,0.0004488807220811,0.0263558888222036,0.0140571394415385,0.0004492834269033,0.0276649954561737,0.0140571394415385,0.0004492834269033,0.0276649954561737,0.0,-117.90338988140702,33.723066921844264
ssp245,Santa_Ana,cehwi_day_all,cehwi,day,all,national,national,National,annual_all_days_primary,All calendar-year days; non-heatwave days contribute zero,"1,2,3,4,5,6,7,8,9,10,11,12",2025-2050,37960.0,8919.0,0.3349123298116807,0.0028146252073791,0.7811935685602778,0.3402109576642876,0.0028296888617052,0.8078081445931872,0.3402109576642876,-0.1273862292646142,0.8078081445931872,0.0,-117.90338988140702,33.723066921844264
ssp245,Santa_Ana,cehwi_night_all,cehwi,night,all,national,national,National,annual_all_days_primary,All calendar-year days; non-heatwave days contribute zero,"1,2,3,4,5,6,7,8,9,10,11,12",2025-2050,37960.0,0.0,0.0,0.0,0.0,0.0,0.0,0.0,0.0,0.0,0.0,0.0,-117.90338988140702,33.723066921844264
ssp245,Santa_Ana,exceeded_quantity_composite_all,exceeded_quantity,composite,all,national,national,National,annual_all_days_primary,All calendar-year days; non-heatwave days contribute zero,"1,2,3,4,5,6,7,8,9,10,11,12",2025-2050,37960.0,135.0,0.0207409612489355,1.3606589964414386e-05,0.0451549707830864,0.0214252907803294,1.3641850870649104e-05,0.0485130321746403,0.0214252907803294,-0.0056624506139815,0.0485130321746403,0.0,-117.90338988140702,33.723066921844264
ssp245,Santa_Ana,exceeded_quantity_day_all,exceeded_quantity,day,all,national,national,National,annual_all_days_primary,All calendar-year days; non-heatwave days contribute zero,"1,2,3,4,5,6,7,8,9,10,11,12",2025-2050,37960.0,8919.0,0.4863619117790452,0.0357455277406133,1.0303837002640066,0.4977948932273748,0.0364467962395677,1.073428480531915,0.4977948932273748,-0.0778386940771648,1.073428480531915,0.0,-117.90338988140702,33.723066921844264
ssp245,Santa_Ana,exceeded_quantity_night_all,exceeded_quantity,night,all,national,national,National,annual_all_days_primary,All calendar-year days; non-heatwave days contribute zero,"1,2,3,4,5,6,7,8,9,10,11,12",2025-2050,37960.0,0.0,0.0,0.0,0.0,0.0,0.0,0.0,0.0,0.0,0.0,0.0,-117.90338988140702,33.723066921844264
ssp245,Scottsdale,cehwi_composite_all,cehwi,composite,all,national,national,National,annual_all_days_primary,All calendar-year days; non-heatwave days contribute zero,"1,2,3,4,5,6,7,8,9,10,11,12",2025-2050,37960.0,4117.0,0.2594996540214643,0.0079424732129516,0.5017813992896775,0.2646195966516457,0.007947935914837,0.5212912573884546,0.2646195966516457,0.007947935914837,0.5212912573884546,0.0,-111.85259478908768,33.55745813694949
ssp245,Scottsdale,cehwi_day_all,cehwi,day,all,national,national,National,annual_all_days_primary,All calendar-year days; non-heatwave days contribute zero,"1,2,3,4,5,6,7,8,9,10,11,12",2025-2050,37960.0,6823.0,0.2319634458916547,0.0010140314222098,0.5483495100366915,0.2352793445676199,0.0010177480829683,0.5655760447651789,0.2352793445676199,-0.0950173556299408,0.5655760447651789,0.0,-111.85259478908768,33.55745813694949
ssp245,Scottsdale,cehwi_night_all,cehwi,night,all,national,national,National,annual_all_days_primary,All calendar-year days; non-heatwave days contribute zero,"1,2,3,4,5,6,7,8,9,10,11,12",2025-2050,37960.0,4465.0,0.0,0.0,0.0939078421933158,0.0,0.0,0.0947510210491884,-0.0713108134532405,-0.2373726479556703,0.0947510210491884,0.0,-111.85259478908768,33.55745813694949
ssp245,Scottsdale,exceeded_quantity_composite_all,exceeded_quantity,composite,all,national,national,National,annual_all_days_primary,All calendar-year days; non-heatwave days contribute zero,"1,2,3,4,5,6,7,8,9,10,11,12",2025-2050,37960.0,4117.0,0.298904542234403,0.0,0.6938863685427589,0.3043358013629545,0.0,0.7232826726191648,0.3043358013629545,-0.114611069893255,0.7232826726191648,0.0,-111.85259478908768,33.55745813694949
ssp245,Scottsdale,exceeded_quantity_day_all,exceeded_quantity,day,all,national,national,National,annual_all_days_primary,All calendar-year days; non-heatwave days contribute zero,"1,2,3,4,5,6,7,8,9,10,11,12",2025-2050,37960.0,6823.0,0.2913819581484976,0.0045245752536079,0.6605400665175534,0.2956559026968421,0.0045727909691934,0.6805424891973526,0.2956559026968421,-0.0892306838036678,0.6805424891973526,0.0,-111.85259478908768,33.55745813694949
ssp245,Scottsdale,exceeded_quantity_night_all,exceeded_quantity,night,all,national,national,National,annual_all_days_primary,All calendar-year days; non-heatwave days contribute zero,"1,2,3,4,5,6,7,8,9,10,11,12",2025-2050,37960.0,4465.0,0.0472629986189091,0.0,0.2890404902415466,0.0474634904241944,0.0,0.294435537434615,0.0474634904241944,-0.1995085565862263,0.294435537434615,0.0,-111.85259478908768,33.55745813694949
ssp245,Seattle,cehwi_composite_all,cehwi,composite,all,national,national,National,annual_all_days_primary,All calendar-year days; non-heatwave days contribute zero,"1,2,3,4,5,6,7,8,9,10,11,12",2025-2050,113880.0,21.0,0.0007652725190845,2.4457808668811117e-05,0.0014721460886185,0.0007840321965074,2.4477469538153583e-05,0.0015435869234768,0.0007840321965074,2.4477469538153583e-05,0.0015435869234768,0.0,-122.34363400005496,47.628300390101685
ssp245,Seattle,cehwi_day_all,cehwi,day,all,national,national,National,annual_all_days_primary,All calendar-year days; non-heatwave days contribute zero,"1,2,3,4,5,6,7,8,9,10,11,12",2025-2050,113880.0,22899.0,0.4451364955949264,0.0167327679050974,0.9760726874283144,0.4551931715059594,0.0168802701127928,1.0198299469359833,0.4551931715059594,-0.1094436039240653,1.0198299469359833,0.0,-122.34363400005496,47.628300390101685
ssp245,Seattle,cehwi_night_all,cehwi,night,all,national,national,National,annual_all_days_primary,All calendar-year days; non-heatwave days contribute zero,"1,2,3,4,5,6,7,8,9,10,11,12",2025-2050,113880.0,0.0,0.0,0.0,0.0,0.0,0.0,0.0,0.0,0.0,0.0,0.0,-122.34363400005496,47.628300390101685
ssp245,Seattle,exceeded_quantity_composite_all,exceeded_quantity,composite,all,national,national,National,annual_all_days_primary,All calendar-year days; non-heatwave days contribute zero,"1,2,3,4,5,6,7,8,9,10,11,12",2025-2050,113880.0,21.0,0.0013079453892506,0.0,0.0027674674290949,0.0013566615478569,0.0,0.0029986207253743,0.0013566615478569,-0.0002852976296603,0.0029986207253743,0.0,-122.34363400005496,47.628300390101685
ssp245,Seattle,exceeded_quantity_day_all,exceeded_quantity,day,all,national,national,National,annual_all_days_primary,All calendar-year days; non-heatwave days contribute zero,"1,2,3,4,5,6,7,8,9,10,11,12",2025-2050,113880.0,22899.0,0.6124629820908715,0.081950104437956,1.2135342628102983,0.6322074739375212,0.0837684227593126,1.278980630700128,0.6322074739375212,-0.0145656828250852,1.278980630700128,0.0,-122.34363400005496,47.628300390101685
ssp245,Seattle,exceeded_quantity_night_all,exceeded_quantity,night,all,national,national,National,annual_all_days_primary,All calendar-year days; non-heatwave days contribute zero,"1,2,3,4,5,6,7,8,9,10,11,12",2025-2050,113880.0,0.0,0.0,0.0,0.0,0.0,0.0,0.0,0.0,0.0,0.0,0.0,-122.34363400005496,47.628300390101685
ssp245,St_Louis,cehwi_composite_all,cehwi,composite,all,national,national,National,annual_all_days_primary,All calendar-year days; non-heatwave days contribute zero,"1,2,3,4,5,6,7,8,9,10,11,12",2025-2050,66430.0,9390.0,0.5010188103927429,0.0153104199812788,0.9701322182276664,0.5155328063574466,0.0153266477511141,1.0267276946981605,0.5155328063574466,0.0043379180167335,1.0267276946981605,0.0,-90.22886259278208,38.6350520886664
ssp245,St_Louis,cehwi_day_all,cehwi,day,all,national,national,National,annual_all_days_primary,All calendar-year days; non-heatwave days contribute zero,"1,2,3,4,5,6,7,8,9,10,11,12",2025-2050,66430.0,9409.0,0.1420020795419208,3.0180937200874008e-05,0.3455752036536648,0.1435595669528663,3.025224688225531e-05,0.3543995557957576,0.1435595669528663,-0.0672804218900266,0.3543995557957576,0.0,-90.22886259278208,38.6350520886664
ssp245,St_Louis,cehwi_night_all,cehwi,night,all,national,national,National,annual_all_days_primary,All calendar-year days; non-heatwave days contribute zero,"1,2,3,4,5,6,7,8,9,10,11,12",2025-2050,66430.0,6542.0,0.0,0.0,0.0387641699012935,0.0,0.0,0.0389097037647614,-0.0325398441129662,-0.1039893919906948,0.0389097037647614,0.0,-90.22886259278208,38.6350520886664
ssp245,St_Louis,exceeded_quantity_composite_all,exceeded_quantity,composite,all,national,national,National,annual_all_days_primary,All calendar-year days; non-heatwave days contribute zero,"1,2,3,4,5,6,7,8,9,10,11,12",2025-2050,66430.0,9390.0,0.4977795784330281,0.0003422912295209,1.1237390208011953,0.5103800821199214,0.0003444355470986,1.1877173630775204,0.5103800821199214,-0.1669571988376764,1.1877173630775204,0.0,-90.22886259278208,38.6350520886664
ssp245,St_Louis,exceeded_quantity_day_all,exceeded_quantity,day,all,national,national,National,annual_all_days_primary,All calendar-year days; non-heatwave days contribute zero,"1,2,3,4,5,6,7,8,9,10,11,12",2025-2050,66430.0,9409.0,0.238925004802383,0.0039713038944639,0.5376614431092144,0.2425909733044302,0.0040033670283685,0.5547312880818324,0.2425909733044302,-0.0695493414729716,0.5547312880818324,0.0,-90.22886259278208,38.6350520886664
ssp245,St_Louis,exceeded_quantity_night_all,exceeded_quantity,night,all,national,national,National,annual_all_days_primary,All calendar-year days; non-heatwave days contribute zero,"1,2,3,4,5,6,7,8,9,10,11,12",2025-2050,66430.0,6542.0,0.0250424621249021,0.0,0.1727820960395312,0.0251091478932102,0.0,0.1752580711383363,0.0251091478932102,-0.1250397753519159,0.1752580711383363,0.0,-90.22886259278208,38.6350520886664
ssp245,St_Petersburg,cehwi_composite_all,cehwi,composite,all,national,national,National,annual_all_days_primary,All calendar-year days; non-heatwave days contribute zero,"1,2,3,4,5,6,7,8,9,10,11,12",2025-2050,18980.0,2076.0,0.1311980172033621,0.0036718620864018,0.2559055040529949,0.1327268216779484,0.0036731694490812,0.2617804739068162,0.1327268216779484,0.0036731694490812,0.2617804739068162,0.0,-82.66697286181882,27.773320918006952
ssp245,St_Petersburg,cehwi_day_all,cehwi,day,all,national,national,National,annual_all_days_primary,All calendar-year days; non-heatwave days contribute zero,"1,2,3,4,5,6,7,8,9,10,11,12",2025-2050,18980.0,4258.0,0.2609727879013648,0.0119603282477185,0.5898764076719584,0.2661204237687305,0.0120921518298332,0.6118440106749758,0.2661204237687305,-0.0796031631375175,0.6118440106749758,0.0,-82.66697286181882,27.773320918006952
ssp245,St_Petersburg,cehwi_night_all,cehwi,night,all,national,national,National,annual_all_days_primary,All calendar-year days; non-heatwave days contribute zero,"1,2,3,4,5,6,7,8,9,10,11,12",2025-2050,18980.0,3697.0,0.0,0.0,0.0959837246356361,0.0,0.0,0.096488037291744,-0.0787410763224627,-0.2539701899366712,0.096488037291744,0.0,-82.66697286181882,27.773320918006952
ssp245,St_Petersburg,exceeded_quantity_composite_all,exceeded_quantity,composite,all,national,national,National,annual_all_days_primary,All calendar-year days; non-heatwave days contribute zero,"1,2,3,4,5,6,7,8,9,10,11,12",2025-2050,18980.0,2076.0,0.1517195730235333,0.0,0.3647280808410368,0.1530909217848134,0.0,0.3727129189293713,0.1530909217848134,-0.066531075359744,0.3727129189293713,0.0,-82.66697286181882,27.773320918006952
ssp245,St_Petersburg,exceeded_quantity_day_all,exceeded_quantity,day,all,national,national,National,annual_all_days_primary,All calendar-year days; non-heatwave days contribute zero,"1,2,3,4,5,6,7,8,9,10,11,12",2025-2050,18980.0,4258.0,0.2096646739443149,4.743747520169284e-05,0.5022785728809618,0.2114156811818642,4.757405824463172e-05,0.5119334306454701,0.2114156811818642,-0.0891020682817408,0.5119334306454701,0.0,-82.66697286181882,27.773320918006952
ssp245,St_Petersburg,exceeded_quantity_night_all,exceeded_quantity,night,all,national,national,National,annual_all_days_primary,All calendar-year days; non-heatwave days contribute zero,"1,2,3,4,5,6,7,8,9,10,11,12",2025-2050,18980.0,3697.0,0.0437021734236823,0.0,0.3085679367987632,0.0438085700388808,0.0,0.3126751089301642,0.0438085700388808,-0.2250579688524027,0.3126751089301642,0.0,-82.66697286181882,27.773320918006952
ssp245,Tallahassee,cehwi_composite_all,cehwi,composite,all,national,national,National,annual_all_days_primary,All calendar-year days; non-heatwave days contribute zero,"1,2,3,4,5,6,7,8,9,10,11,12",2025-2050,94900.0,11431.0,0.2454727591148869,0.0075758362596697,0.474486963617311,0.250398743524462,0.0075814216723531,0.4932166112401477,0.250398743524462,0.0075808758087769,0.4932166112401477,0.0,-84.24351618544856,30.45115186849857
ssp245,Tallahassee,cehwi_day_all,cehwi,day,all,national,national,National,annual_all_days_primary,All calendar-year days; non-heatwave days contribute zero,"1,2,3,4,5,6,7,8,9,10,11,12",2025-2050,94900.0,14839.0,0.170258504751462,0.0056991735201026,0.3889136537045274,0.1733305326819079,0.0057508195787002,0.4024966910044477,0.1733305326819079,-0.0558356256406338,0.4024966910044477,0.0,-84.24351618544856,30.45115186849857
ssp245,Tallahassee,cehwi_night_all,cehwi,night,all,national,national,National,annual_all_days_primary,All calendar-year days; non-heatwave days contribute zero,"1,2,3,4,5,6,7,8,9,10,11,12",2025-2050,94900.0,17321.0,0.0,0.0,0.0649300073413488,0.0,0.0,0.0651669111595146,-0.0544285549518812,-0.1740240210632787,0.0651669111595146,0.0,-84.24351618544856,30.45115186849857
ssp245,Tallahassee,exceeded_quantity_composite_all,exceeded_quantity,composite,all,national,national,National,annual_all_days_primary,All calendar-year days; non-heatwave days contribute zero,"1,2,3,4,5,6,7,8,9,10,11,12",2025-2050,94900.0,11431.0,0.2379266721396957,0.0,0.5623490392845824,0.2411817668004023,0.0,0.5805642904402121,0.2411817668004023,-0.0982007568394067,0.5805642904402121,0.0,-84.24351618544856,30.45115186849857
ssp245,Tallahassee,exceeded_quantity_day_all,exceeded_quantity,day,all,national,national,National,annual_all_days_primary,All calendar-year days; non-heatwave days contribute zero,"1,2,3,4,5,6,7,8,9,10,11,12",2025-2050,94900.0,14839.0,0.1782709819074604,0.0002428119300363,0.4210363912614226,0.180066403688221,0.000244660344278,0.4305951745186557,0.180066403688221,-0.070462367142213,0.4305951745186557,0.0,-84.24351618544856,30.45115186849857
ssp245,Tallahassee,exceeded_quantity_night_all,exceeded_quantity,night,all,national,national,National,annual_all_days_primary,All calendar-year days; non-heatwave days contribute zero,"1,2,3,4,5,6,7,8,9,10,11,12",2025-2050,94900.0,17321.0,0.0300063901989494,0.0,0.232134238699283,0.030048158017529,0.0,0.2343960350494289,0.030048158017529,-0.174299719014371,0.2343960350494289,0.0,-84.24351618544856,30.45115186849857
ssp245,Tampa,cehwi_composite_all,cehwi,composite,all,national,national,National,annual_all_days_primary,All calendar-year days; non-heatwave days contribute zero,"1,2,3,4,5,6,7,8,9,10,11,12",2025-2050,94900.0,8566.0,0.1181653576497206,0.003344235140562,0.2302587377498348,0.119650801124578,0.0033455863407579,0.2359560159083985,0.119650801124578,0.0033455863407579,0.2359560159083985,0.0,-82.45794180532177,27.97564180976341
ssp245,Tampa,cehwi_day_all,cehwi,day,all,national,national,National,annual_all_days_primary,All calendar-year days; non-heatwave days contribute zero,"1,2,3,4,5,6,7,8,9,10,11,12",2025-2050,94900.0,21710.0,0.3329095017071364,0.013908980087545,0.746495605847949,0.3397776208457253,0.014078989087692,0.7760761403591301,0.3397776208457253,-0.0965208986676818,0.7760761403591301,0.0,-82.45794180532177,27.97564180976341
ssp245,Tampa,cehwi_night_all,cehwi,night,all,national,national,National,annual_all_days_primary,All calendar-year days; non-heatwave days contribute zero,"1,2,3,4,5,6,7,8,9,10,11,12",2025-2050,94900.0,18597.0,0.0,0.0,0.1026120496293539,0.0,0.0,0.1031898000211627,-0.083846063997484,-0.2708819280161323,0.1031898000211627,0.0,-82.45794180532177,27.97564180976341
ssp245,Tampa,exceeded_quantity_composite_all,exceeded_quantity,composite,all,national,national,National,annual_all_days_primary,All calendar-year days; non-heatwave days contribute zero,"1,2,3,4,5,6,7,8,9,10,11,12",2025-2050,94900.0,8566.0,0.1408449446636836,0.0,0.3374291511639562,0.14226668897005,0.0,0.3456502588813475,0.14226668897005,-0.0611168809412471,0.3456502588813475,0.0,-82.45794180532177,27.97564180976341
ssp245,Tampa,exceeded_quantity_day_all,exceeded_quantity,day,all,national,national,National,annual_all_days_primary,All calendar-year days; non-heatwave days contribute zero,"1,2,3,4,5,6,7,8,9,10,11,12",2025-2050,94900.0,21710.0,0.2893248214619415,0.0012627636672495,0.6766453691565717,0.292558215837674,0.0012721633418818,0.6932605974436009,0.292558215837674,-0.1081441657682519,0.6932605974436009,0.0,-82.45794180532177,27.97564180976341
ssp245,Tampa,exceeded_quantity_night_all,exceeded_quantity,night,all,national,national,National,annual_all_days_primary,All calendar-year days; non-heatwave days contribute zero,"1,2,3,4,5,6,7,8,9,10,11,12",2025-2050,94900.0,18597.0,0.0466695781546164,0.0,0.3232980981320414,0.0467942257595966,0.0,0.3278198337348194,0.0467942257595966,-0.2342313822156262,0.3278198337348194,0.0,-82.45794180532177,27.97564180976341
ssp245,Tucson,cehwi_composite_all,cehwi,composite,all,national,national,National,annual_all_days_primary,All calendar-year days; non-heatwave days contribute zero,"1,2,3,4,5,6,7,8,9,10,11,12",2025-2050,132860.0,13699.0,0.2831084096816348,0.009010443248598,0.545746754196454,0.2894753755363805,0.0090178530085298,0.569933701491864,0.2894753755363805,0.0090170495808973,0.569933701491864,0.0,-110.9093637407622,32.199531737475226
ssp245,Tucson,cehwi_day_all,cehwi,day,all,national,national,National,annual_all_days_primary,All calendar-year days; non-heatwave days contribute zero,"1,2,3,4,5,6,7,8,9,10,11,12",2025-2050,132860.0,20717.0,0.2382524497037016,0.0017861592444669,0.5528175490940789,0.2421695714075951,0.0017960369589176,0.5724538225668513,0.2421695714075951,-0.0881146797516621,0.5724538225668513,0.0,-110.9093637407622,32.199531737475226
ssp245,Tucson,cehwi_night_all,cehwi,night,all,national,national,National,annual_all_days_primary,All calendar-year days; non-heatwave days contribute zero,"1,2,3,4,5,6,7,8,9,10,11,12",2025-2050,132860.0,16772.0,0.0,0.0,0.1087413037763058,0.0,0.0,0.1097684702479195,-0.0817502289767177,-0.2732689282013558,0.1097684702479195,0.0,-110.9093637407622,32.199531737475226
ssp245,Tucson,exceeded_quantity_composite_all,exceeded_quantity,composite,all,national,national,National,annual_all_days_primary,All calendar-year days; non-heatwave days contribute zero,"1,2,3,4,5,6,7,8,9,10,11,12",2025-2050,132860.0,13699.0,0.3249045118373548,0.0,0.7448593175499041,0.331764349150779,0.0,0.7809918718832868,0.331764349150779,-0.1174631735817281,0.7809918718832868,0.0,-110.9093637407622,32.199531737475226
ssp245,Tucson,exceeded_quantity_day_all,exceeded_quantity,day,all,national,national,National,annual_all_days_primary,All calendar-year days; non-heatwave days contribute zero,"1,2,3,4,5,6,7,8,9,10,11,12",2025-2050,132860.0,20717.0,0.2937551798819932,0.0091479371207258,0.6494300768849773,0.2989225265642501,0.0092695803274745,0.6720030964524139,0.2989225265642501,-0.0741580433239132,0.6720030964524139,0.0,-110.9093637407622,32.199531737475226
ssp245,Tucson,exceeded_quantity_night_all,exceeded_quantity,night,all,national,national,National,annual_all_days_primary,All calendar-year days; non-heatwave days contribute zero,"1,2,3,4,5,6,7,8,9,10,11,12",2025-2050,132860.0,16772.0,0.0608583148364305,0.0,0.3375971065536414,0.0612546561734504,0.0,0.3447912197956738,0.0612546561734504,-0.2222819074487733,0.3447912197956738,0.0,-110.9093637407622,32.199531737475226
ssp245,Virginia_Beach,cehwi_composite_all,cehwi,composite,all,national,national,National,annual_all_days_primary,All calendar-year days; non-heatwave days contribute zero,"1,2,3,4,5,6,7,8,9,10,11,12",2025-2050,18980.0,2244.0,0.2879955530179495,0.0089933049461288,0.556239023419181,0.2939569038133044,0.0090001003245394,0.5789137073020697,0.2939569038133044,0.0090001003245394,0.5789137073020697,0.0,-76.01494818291374,36.78853645041103
ssp245,Virginia_Beach,cehwi_day_all,cehwi,day,all,national,national,National,annual_all_days_primary,All calendar-year days; non-heatwave days contribute zero,"1,2,3,4,5,6,7,8,9,10,11,12",2025-2050,18980.0,2019.0,0.0743844004877156,0.0,0.1860714256785067,0.0749012229043283,0.0,0.1892577529397845,0.0749012229043283,-0.0394553071311297,0.1892577529397845,0.0,-76.01494818291374,36.78853645041103
ssp245,Virginia_Beach,cehwi_night_all,cehwi,night,all,national,national,National,annual_all_days_primary,All calendar-year days; non-heatwave days contribute zero,"1,2,3,4,5,6,7,8,9,10,11,12",2025-2050,18980.0,2172.0,0.0,0.0,0.0381227226478414,0.0,0.0,0.0382409638070262,-0.0321528588639996,-0.1025466815350266,0.0382409638070262,0.0,-76.01494818291374,36.78853645041103
ssp245,Virginia_Beach,exceeded_quantity_composite_all,exceeded_quantity,composite,all,national,national,National,annual_all_days_primary,All calendar-year days; non-heatwave days contribute zero,"1,2,3,4,5,6,7,8,9,10,11,12",2025-2050,18980.0,2244.0,0.314093285507107,0.0,0.7289333692096291,0.3198321485686034,0.0,0.759864294423431,0.3198321485686034,-0.1201999972862237,0.759864294423431,0.0,-76.01494818291374,36.78853645041103
ssp245,Virginia_Beach,exceeded_quantity_day_all,exceeded_quantity,day,all,national,national,National,annual_all_days_primary,All calendar-year days; non-heatwave days contribute zero,"1,2,3,4,5,6,7,8,9,10,11,12",2025-2050,18980.0,2019.0,0.1436717515325923,0.0009759591953083,0.3354230476222866,0.1453243966337447,0.0009873079470711,0.3438388773494562,0.1453243966337447,-0.0531900840819665,0.3438388773494562,0.0,-76.01494818291374,36.78853645041103
ssp245,Virginia_Beach,exceeded_quantity_night_all,exceeded_quantity,night,all,national,national,National,annual_all_days_primary,All calendar-year days; non-heatwave days contribute zero,"1,2,3,4,5,6,7,8,9,10,11,12",2025-2050,18980.0,2172.0,0.0243836813301692,0.0,0.1768185003145753,0.0244352634480234,0.0,0.179030391366355,0.0244352634480234,-0.1301598644703082,0.179030391366355,0.0,-76.01494818291374,36.78853645041103
ssp245,Visalia,cehwi_composite_all,cehwi,composite,all,national,national,National,annual_all_days_primary,All calendar-year days; non-heatwave days contribute zero,"1,2,3,4,5,6,7,8,9,10,11,12",2025-2050,56940.0,6583.0,0.3620286091494834,0.0117089358315927,0.6964144857757804,0.3714485433993137,0.0117204133125244,0.7322666481917054,0.3714485433993137,0.0106304386069222,0.7322666481917054,0.0,-119.32572241459629,36.32192880286373
ssp245,Visalia,cehwi_day_all,cehwi,day,all,national,national,National,annual_all_days_primary,All calendar-year days; non-heatwave days contribute zero,"1,2,3,4,5,6,7,8,9,10,11,12",2025-2050,56940.0,9284.0,0.1392011590507809,0.0001046408791638,0.3423615554391764,0.1405007578693439,0.0001050336876306,0.3498458147603898,0.1405007578693439,-0.0688442990217043,0.3498458147603898,0.0,-119.32572241459629,36.32192880286373
ssp245,Visalia,cehwi_night_all,cehwi,night,all,national,national,National,annual_all_days_primary,All calendar-year days; non-heatwave days contribute zero,"1,2,3,4,5,6,7,8,9,10,11,12",2025-2050,56940.0,4275.0,0.0,0.0,0.0466098240722884,0.0,0.0,0.0469382882887656,-0.0370075751613286,-0.1209534386114235,0.0469382882887656,0.0,-119.32572241459629,36.32192880286373
ssp245,Visalia,exceeded_quantity_composite_all,exceeded_quantity,composite,all,national,national,National,annual_all_days_primary,All calendar-year days; non-heatwave days contribute zero,"1,2,3,4,5,6,7,8,9,10,11,12",2025-2050,56940.0,6583.0,0.3666322836682621,0.0,0.8413196843251157,0.3743122864419223,0.0,0.8819325790120542,0.3743122864419223,-0.1333080061282091,0.8819325790120542,0.0,-119.32572241459629,36.32192880286373
ssp245,Visalia,exceeded_quantity_day_all,exceeded_quantity,day,all,national,national,National,annual_all_days_primary,All calendar-year days; non-heatwave days contribute zero,"1,2,3,4,5,6,7,8,9,10,11,12",2025-2050,56940.0,9284.0,0.2164905284536222,0.0005203974244895,0.5079391865131062,0.2188503770451241,0.0005239478959985,0.5203648039649147,0.2188503770451241,-0.0826640498746659,0.5203648039649147,0.0,-119.32572241459629,36.32192880286373
ssp245,Visalia,exceeded_quantity_night_all,exceeded_quantity,night,all,national,national,National,annual_all_days_primary,All calendar-year days; non-heatwave days contribute zero,"1,2,3,4,5,6,7,8,9,10,11,12",2025-2050,56940.0,4275.0,0.0261487089401496,0.0,0.1633045534392369,0.0262589786165676,0.0,0.1661835593223217,0.0262589786165676,-0.1136656020891865,0.1661835593223217,0.0,-119.32572241459629,36.32192880286373
ssp245,Washington,cehwi_composite_all,cehwi,composite,all,national,national,National,annual_all_days_primary,All calendar-year days; non-heatwave days contribute zero,"1,2,3,4,5,6,7,8,9,10,11,12",2025-2050,66430.0,5413.0,0.2535992275306917,0.0079340123939451,0.4904852925028358,0.2599050885296011,0.0079412709630881,0.5148531312058371,0.2599050885296011,0.0049570458533654,0.5148531312058371,0.0,-77.01079484073769,38.89522924007893
ssp245,Washington,cehwi_day_all,cehwi,day,all,national,national,National,annual_all_days_primary,All calendar-year days; non-heatwave days contribute zero,"1,2,3,4,5,6,7,8,9,10,11,12",2025-2050,66430.0,9466.0,0.1516873308192135,0.0024822428161718,0.3635235591982939,0.1536100778190768,0.0025060022184782,0.3731514836832937,0.1536100778190768,-0.0659313280451418,0.3731514836832937,0.0,-77.01079484073769,38.89522924007893
ssp245,Washington,cehwi_night_all,cehwi,night,all,national,national,National,annual_all_days_primary,All calendar-year days; non-heatwave days contribute zero,"1,2,3,4,5,6,7,8,9,10,11,12",2025-2050,66430.0,3545.0,0.0,0.0,0.0166672092513534,0.0,0.0,0.0167100056107836,-0.0141236638669878,-0.0449573333447599,0.0167100056107836,0.0,-77.01079484073769,38.89522924007893
ssp245,Washington,exceeded_quantity_composite_all,exceeded_quantity,composite,all,national,national,National,annual_all_days_primary,All calendar-year days; non-heatwave days contribute zero,"1,2,3,4,5,6,7,8,9,10,11,12",2025-2050,66430.0,5413.0,0.2887631723043881,0.0,0.6574477730509589,0.2953619962904481,0.0,0.6918353155876779,0.2953619962904481,-0.1011113230067812,0.6918353155876779,0.0,-77.01079484073769,38.89522924007893
ssp245,Washington,exceeded_quantity_day_all,exceeded_quantity,day,all,national,national,National,annual_all_days_primary,All calendar-year days; non-heatwave days contribute zero,"1,2,3,4,5,6,7,8,9,10,11,12",2025-2050,66430.0,9466.0,0.2626175239201442,0.0040097772344955,0.5915055324705317,0.2666492987140355,0.0040484896686612,0.610426456222034,0.2666492987140355,-0.0771278587939627,0.610426456222034,0.0,-77.01079484073769,38.89522924007893
ssp245,Washington,exceeded_quantity_night_all,exceeded_quantity,night,all,national,national,National,annual_all_days_primary,All calendar-year days; non-heatwave days contribute zero,"1,2,3,4,5,6,7,8,9,10,11,12",2025-2050,66430.0,3545.0,0.012605597585213,0.0,0.089681306553776,0.012636134955935,0.0,0.0908653560313137,0.012636134955935,-0.0655930861194436,0.0908653560313137,0.0,-77.01079484073769,38.89522924007893
ssp370,Abilene,cehwi_composite_all,cehwi,composite,all,national,national,National,annual_all_days_primary,All calendar-year days; non-heatwave days contribute zero,"1,2,3,4,5,6,7,8,9,10,11,12",2025-2050,85410.0,15395.0,0.7580545899554858,0.0223258598078752,1.466063394561236,0.7837988253293932,0.0223535888185396,1.5666238086120063,0.7837988253293932,0.0009738420467805,1.5666238086120063,0.0,-99.72248665892138,32.43090707989828
ssp370,Abilene,cehwi_day_all,cehwi,day,all,national,national,National,annual_all_days_primary,All calendar-year days; non-heatwave days contribute zero,"1,2,3,4,5,6,7,8,9,10,11,12",2025-2050,85410.0,7945.0,0.0559379090097313,0.0,0.1402593226994862,0.0563036236759536,0.0,0.1425334787126182,0.0563036236759536,-0.0299262313607124,0.1425334787126182,0.0,-99.72248665892138,32.43090707989828
ssp370,Abilene,cehwi_night_all,cehwi,night,all,national,national,National,annual_all_days_primary,All calendar-year days; non-heatwave days contribute zero,"1,2,3,4,5,6,7,8,9,10,11,12",2025-2050,85410.0,11105.0,0.0,0.0,0.0530548432202687,0.0,0.0,0.0532743381853109,-0.0442900773548913,-0.1418544928950947,0.0532743381853109,0.0,-99.72248665892138,32.43090707989828
ssp370,Abilene,exceeded_quantity_composite_all,exceeded_quantity,composite,all,national,national,National,annual_all_days_primary,All calendar-year days; non-heatwave days contribute zero,"1,2,3,4,5,6,7,8,9,10,11,12",2025-2050,85410.0,15395.0,0.5704758274295548,0.0,1.3021310661813017,0.5831610374120892,0.0,1.3683842755877345,0.5831610374120892,-0.2020622007635551,1.3683842755877345,0.0,-99.72248665892138,32.43090707989828
ssp370,Abilene,exceeded_quantity_day_all,exceeded_quantity,day,all,national,national,National,annual_all_days_primary,All calendar-year days; non-heatwave days contribute zero,"1,2,3,4,5,6,7,8,9,10,11,12",2025-2050,85410.0,7945.0,0.1085611915551577,0.0001153289686793,0.2567669925563597,0.1096412500007665,0.0001160703806586,0.2625548741972203,0.1096412500007665,-0.0432723741956867,0.2625548741972203,0.0,-99.72248665892138,32.43090707989828
ssp370,Abilene,exceeded_quantity_night_all,exceeded_quantity,night,all,national,national,National,annual_all_days_primary,All calendar-year days; non-heatwave days contribute zero,"1,2,3,4,5,6,7,8,9,10,11,12",2025-2050,85410.0,11105.0,0.0304370709166573,0.0,0.2169559795324591,0.0305103359975425,0.0,0.2198084887959868,0.0305103359975425,-0.1587878168009018,0.2198084887959868,0.0,-99.72248665892138,32.43090707989828
ssp370,Amarillo,cehwi_composite_all,cehwi,composite,all,national,national,National,annual_all_days_primary,All calendar-year days; non-heatwave days contribute zero,"1,2,3,4,5,6,7,8,9,10,11,12",2025-2050,94900.0,11550.0,0.3961868952657564,0.0120190525742304,0.7632759219831122,0.4071503987061552,0.012031035612998,0.8053627130104604,0.4071503987061552,0.0089380844018505,0.8053627130104604,0.0,-101.84151260135,35.1822476629671
ssp370,Amarillo,cehwi_day_all,cehwi,day,all,national,national,National,annual_all_days_primary,All calendar-year days; non-heatwave days contribute zero,"1,2,3,4,5,6,7,8,9,10,11,12",2025-2050,94900.0,16030.0,0.1854082234561086,0.0013697108420819,0.4428472559398684,0.1877983386656124,0.0013779304475795,0.4552757980062816,0.1877983386656124,-0.0796791206750589,0.4552757980062816,0.0,-101.84151260135,35.1822476629671
ssp370,Amarillo,cehwi_night_all,cehwi,night,all,national,national,National,annual_all_days_primary,All calendar-year days; non-heatwave days contribute zero,"1,2,3,4,5,6,7,8,9,10,11,12",2025-2050,94900.0,5343.0,0.0,0.0,0.0170846470513473,0.0,0.0,0.0171365356761952,-0.0144120397181165,-0.0459606151124289,0.0171365356761952,0.0,-101.84151260135,35.1822476629671
ssp370,Amarillo,exceeded_quantity_composite_all,exceeded_quantity,composite,all,national,national,National,annual_all_days_primary,All calendar-year days; non-heatwave days contribute zero,"1,2,3,4,5,6,7,8,9,10,11,12",2025-2050,94900.0,11550.0,0.3698686501123787,0.0,0.8513275512698198,0.377389049333615,0.0,0.8911270180671441,0.377389049333615,-0.1363489193999134,0.8911270180671441,0.0,-101.84151260135,35.1822476629671
ssp370,Amarillo,exceeded_quantity_day_all,exceeded_quantity,day,all,national,national,National,annual_all_days_primary,All calendar-year days; non-heatwave days contribute zero,"1,2,3,4,5,6,7,8,9,10,11,12",2025-2050,94900.0,16030.0,0.2633977005942555,0.0052800454567455,0.5969228954004244,0.2672729565165278,0.0053338344195967,0.614821612046539,0.2672729565165278,-0.0802756990134828,0.614821612046539,0.0,-101.84151260135,35.1822476629671
ssp370,Amarillo,exceeded_quantity_night_all,exceeded_quantity,night,all,national,national,National,annual_all_days_primary,All calendar-year days; non-heatwave days contribute zero,"1,2,3,4,5,6,7,8,9,10,11,12",2025-2050,94900.0,5343.0,0.0113123238762222,0.0,0.0838029740661955,0.0113333874713351,0.0,0.0847743765773072,0.0113333874713351,-0.062107601634637,0.0847743765773072,0.0,-101.84151260135,35.1822476629671
ssp370,Arlington,cehwi_composite_all,cehwi,composite,all,national,national,National,annual_all_days_primary,All calendar-year days; non-heatwave days contribute zero,"1,2,3,4,5,6,7,8,9,10,11,12",2025-2050,85410.0,15492.0,0.786660279449613,0.0230044286293767,1.5338571869377784,0.8131167342809426,0.0230331642779438,1.6392954131025208,0.8131167342809426,-0.0130619445406349,1.6392954131025208,0.0,-97.1173723349748,32.70008691094104
ssp370,Arlington,cehwi_day_all,cehwi,day,all,national,national,National,annual_all_days_primary,All calendar-year days; non-heatwave days contribute zero,"1,2,3,4,5,6,7,8,9,10,11,12",2025-2050,85410.0,7081.0,0.0343705129531717,0.0,0.0869436513373239,0.0345296051772335,0.0,0.0879565491482038,0.0345296051772335,-0.0188973387937382,0.0879565491482038,0.0,-97.1173723349748,32.70008691094104
ssp370,Arlington,cehwi_night_all,cehwi,night,all,national,national,National,annual_all_days_primary,All calendar-year days; non-heatwave days contribute zero,"1,2,3,4,5,6,7,8,9,10,11,12",2025-2050,85410.0,10800.0,0.0,0.0,0.043327201762859,0.0,0.0,0.0434748210405331,-0.0364315470410782,-0.1163379151226907,0.0434748210405331,0.0,-97.1173723349748,32.70008691094104
ssp370,Arlington,exceeded_quantity_composite_all,exceeded_quantity,composite,all,national,national,National,annual_all_days_primary,All calendar-year days; non-heatwave days contribute zero,"1,2,3,4,5,6,7,8,9,10,11,12",2025-2050,85410.0,15492.0,0.5588779696311584,0.0,1.276232548350877,0.571220872624205,0.0,1.3406391555325536,0.571220872624205,-0.1981974102841431,1.3406391555325536,0.0,-97.1173723349748,32.70008691094104
ssp370,Arlington,exceeded_quantity_day_all,exceeded_quantity,day,all,national,national,National,annual_all_days_primary,All calendar-year days; non-heatwave days contribute zero,"1,2,3,4,5,6,7,8,9,10,11,12",2025-2050,85410.0,7081.0,0.0678334142445383,1.4928038975836554e-05,0.1639101013385853,0.0683312114409953,1.4988988011077745e-05,0.1667426454039527,0.0683312114409953,-0.0300802225219618,0.1667426454039527,0.0,-97.1173723349748,32.70008691094104
ssp370,Arlington,exceeded_quantity_night_all,exceeded_quantity,night,all,national,national,National,annual_all_days_primary,All calendar-year days; non-heatwave days contribute zero,"1,2,3,4,5,6,7,8,9,10,11,12",2025-2050,85410.0,10800.0,0.0254943560372715,0.0,0.1893064112302354,0.0255406526115888,0.0,0.191517151054722,0.0255406526115888,-0.1404358458315446,0.191517151054722,0.0,-97.1173723349748,32.70008691094104
ssp370,Atlanta,cehwi_composite_all,cehwi,composite,all,national,national,National,annual_all_days_primary,All calendar-year days; non-heatwave days contribute zero,"1,2,3,4,5,6,7,8,9,10,11,12",2025-2050,113880.0,12344.0,0.2832405957185214,0.009017226733769,0.5462405855796576,0.2894905599484502,0.0090247201518147,0.5699717691514361,0.2894905599484502,0.0090093507454647,0.5699717691514361,0.0,-84.41868766585188,33.78528111731029
ssp370,Atlanta,cehwi_day_all,cehwi,day,all,national,national,National,annual_all_days_primary,All calendar-year days; non-heatwave days contribute zero,"1,2,3,4,5,6,7,8,9,10,11,12",2025-2050,113880.0,19456.0,0.1785765343367616,5.061059695761081e-05,0.4324632191097504,0.1806228913371903,5.069072958726905e-05,0.4438445274483602,0.1806228913371903,-0.0825987447739818,0.4438445274483602,0.0,-84.41868766585188,33.78528111731029
ssp370,Atlanta,cehwi_night_all,cehwi,night,all,national,national,National,annual_all_days_primary,All calendar-year days; non-heatwave days contribute zero,"1,2,3,4,5,6,7,8,9,10,11,12",2025-2050,113880.0,10367.0,0.0,0.0,0.0234873304358922,0.0,0.0,0.0235470666542113,-0.0198872340808857,-0.0633215348159836,0.0235470666542113,0.0,-84.41868766585188,33.78528111731029
ssp370,Atlanta,exceeded_quantity_composite_all,exceeded_quantity,composite,all,national,national,National,annual_all_days_primary,All calendar-year days; non-heatwave days contribute zero,"1,2,3,4,5,6,7,8,9,10,11,12",2025-2050,113880.0,12344.0,0.2947227275745551,0.0,0.6854507016545413,0.2999535570904323,0.0,0.713834964918056,0.2999535570904323,-0.1139278507371907,0.713834964918056,0.0,-84.41868766585188,33.78528111731029
ssp370,Atlanta,exceeded_quantity_day_all,exceeded_quantity,day,all,national,national,National,annual_all_days_primary,All calendar-year days; non-heatwave days contribute zero,"1,2,3,4,5,6,7,8,9,10,11,12",2025-2050,113880.0,19456.0,0.2428185117905182,0.0005563001305637,0.5661032944298975,0.2456253256061076,0.0005590542621071,0.5806342292466676,0.2456253256061076,-0.0893835780344518,0.5806342292466676,0.0,-84.41868766585188,33.78528111731029
ssp370,Atlanta,exceeded_quantity_night_all,exceeded_quantity,night,all,national,national,National,annual_all_days_primary,All calendar-year days; non-heatwave days contribute zero,"1,2,3,4,5,6,7,8,9,10,11,12",2025-2050,113880.0,10367.0,0.0134794864168274,0.0,0.1041048491179545,0.013498481929551,0.0,0.1051016700918086,0.013498481929551,-0.0781047062327065,0.1051016700918086,0.0,-84.41868766585188,33.78528111731029
ssp370,Aurora,cehwi_composite_all,cehwi,composite,all,national,national,National,annual_all_days_primary,All calendar-year days; non-heatwave days contribute zero,"1,2,3,4,5,6,7,8,9,10,11,12",2025-2050,132860.0,0.0,0.0,0.0,0.0,0.0,0.0,0.0,0.0,0.0,0.0,0.0,-104.76873712003088,39.6946779262805
ssp370,Aurora,cehwi_day_all,cehwi,day,all,national,national,National,annual_all_days_primary,All calendar-year days; non-heatwave days contribute zero,"1,2,3,4,5,6,7,8,9,10,11,12",2025-2050,132860.0,26624.0,0.4022676801012462,0.0097300554104354,0.8967798677379227,0.4105375695987273,0.0097901409089536,0.9343969107117204,0.4105375695987273,-0.1133217715142673,0.9343969107117204,0.0,-104.76873712003088,39.6946779262805
ssp370,Aurora,cehwi_night_all,cehwi,night,all,national,national,National,annual_all_days_primary,All calendar-year days; non-heatwave days contribute zero,"1,2,3,4,5,6,7,8,9,10,11,12",2025-2050,132860.0,0.0,0.0,0.0,0.0,0.0,0.0,0.0,0.0,0.0,0.0,0.0,-104.76873712003088,39.6946779262805
ssp370,Aurora,exceeded_quantity_composite_all,exceeded_quantity,composite,all,national,national,National,annual_all_days_primary,All calendar-year days; non-heatwave days contribute zero,"1,2,3,4,5,6,7,8,9,10,11,12",2025-2050,132860.0,0.0,0.0,0.0,0.0,0.0,0.0,0.0,0.0,0.0,0.0,0.0,-104.76873712003088,39.6946779262805
ssp370,Aurora,exceeded_quantity_day_all,exceeded_quantity,day,all,national,national,National,annual_all_days_primary,All calendar-year days; non-heatwave days contribute zero,"1,2,3,4,5,6,7,8,9,10,11,12",2025-2050,132860.0,26624.0,0.4146234557952467,0.0125257547018813,0.9088257786470044,0.4221963128648741,0.0126640921541432,0.9416864568475654,0.4221963128648741,-0.0972938311178164,0.9416864568475654,0.0,-104.76873712003088,39.6946779262805
ssp370,Aurora,exceeded_quantity_night_all,exceeded_quantity,night,all,national,national,National,annual_all_days_primary,All calendar-year days; non-heatwave days contribute zero,"1,2,3,4,5,6,7,8,9,10,11,12",2025-2050,132860.0,0.0,0.0,0.0,0.0,0.0,0.0,0.0,0.0,0.0,0.0,0.0,-104.76873712003088,39.6946779262805
ssp370,Austin,cehwi_composite_all,cehwi,composite,all,national,national,National,annual_all_days_primary,All calendar-year days; non-heatwave days contribute zero,"1,2,3,4,5,6,7,8,9,10,11,12",2025-2050,227760.0,43095.0,0.7098265706767192,0.0223564266319932,1.371645701146834,0.7317109032539442,0.0223823027759925,1.4565149261021362,0.7317109032539442,0.0069068804057533,1.4565149261021362,0.0,-97.74744069397526,30.309038865548093
ssp370,Austin,cehwi_day_all,cehwi,day,all,national,national,National,annual_all_days_primary,All calendar-year days; non-heatwave days contribute zero,"1,2,3,4,5,6,7,8,9,10,11,12",2025-2050,227760.0,24542.0,0.0617408193867596,0.0,0.1547076532208774,0.0621436055637495,0.0,0.157192422092825,0.0621436055637495,-0.0329052109653276,0.157192422092825,0.0,-97.74744069397526,30.309038865548093
ssp370,Austin,cehwi_night_all,cehwi,night,all,national,national,National,annual_all_days_primary,All calendar-year days; non-heatwave days contribute zero,"1,2,3,4,5,6,7,8,9,10,11,12",2025-2050,227760.0,42340.0,0.0,0.0,0.0907322467215368,0.0,0.0,0.0912006973014679,-0.074737937948035,-0.2406765731975394,0.0912006973014679,0.0,-97.74744069397526,30.309038865548093
ssp370,Austin,exceeded_quantity_composite_all,exceeded_quantity,composite,all,national,national,National,annual_all_days_primary,All calendar-year days; non-heatwave days contribute zero,"1,2,3,4,5,6,7,8,9,10,11,12",2025-2050,227760.0,43095.0,0.498185840673475,0.0,1.1552892123143663,0.507330423194755,0.0,1.204595045677686,0.507330423194755,-0.1899341992881752,1.204595045677686,0.0,-97.74744069397526,30.309038865548093
ssp370,Austin,exceeded_quantity_day_all,exceeded_quantity,day,all,national,national,National,annual_all_days_primary,All calendar-year days; non-heatwave days contribute zero,"1,2,3,4,5,6,7,8,9,10,11,12",2025-2050,227760.0,24542.0,0.1039286377907023,3.318971855211187e-07,0.2494859708696925,0.1047786765904227,3.319677110882947e-07,0.2542260806072924,0.1047786765904227,-0.0446687274264464,0.2542260806072924,0.0,-97.74744069397526,30.309038865548093
ssp370,Austin,exceeded_quantity_night_all,exceeded_quantity,night,all,national,national,National,annual_all_days_primary,All calendar-year days; non-heatwave days contribute zero,"1,2,3,4,5,6,7,8,9,10,11,12",2025-2050,227760.0,42340.0,0.0429564679532592,0.0,0.3067082581510799,0.0430538147734476,0.0,0.3107368509300739,0.0430538147734476,-0.2246292213831788,0.3107368509300739,0.0,-97.74744069397526,30.309038865548093
ssp370,Bakersfield,cehwi_composite_all,cehwi,composite,all,national,national,National,annual_all_days_primary,All calendar-year days; non-heatwave days contribute zero,"1,2,3,4,5,6,7,8,9,10,11,12",2025-2050,132860.0,16559.0,0.387473949628845,0.0125774348556793,0.7447290903423459,0.3979097723886496,0.0125904053302534,0.7844268106843444,0.3979097723886496,0.0113927340929554,0.7844268106843444,0.0,-119.03270052430015,35.36139476524356
ssp370,Bakersfield,cehwi_day_all,cehwi,day,all,national,national,National,annual_all_days_primary,All calendar-year days; non-heatwave days contribute zero,"1,2,3,4,5,6,7,8,9,10,11,12",2025-2050,132860.0,20550.0,0.1101521552321692,0.0,0.2746494599504682,0.1109771441861092,0.0,0.2796780579171429,0.1109771441861092,-0.0577237695449268,0.2796780579171429,0.0,-119.03270052430015,35.36139476524356
ssp370,Bakersfield,cehwi_night_all,cehwi,night,all,national,national,National,annual_all_days_primary,All calendar-year days; non-heatwave days contribute zero,"1,2,3,4,5,6,7,8,9,10,11,12",2025-2050,132860.0,8600.0,0.0,0.0,0.0274750602164135,0.0,0.0,0.0275908605664761,-0.0229468962605733,-0.0734846530876234,0.0275908605664761,0.0,-119.03270052430015,35.36139476524356
ssp370,Bakersfield,exceeded_quantity_composite_all,exceeded_quantity,composite,all,national,national,National,annual_all_days_primary,All calendar-year days; non-heatwave days contribute zero,"1,2,3,4,5,6,7,8,9,10,11,12",2025-2050,132860.0,16559.0,0.3658311592792376,0.0,0.8424008635211073,0.3732046121588153,0.0,0.8814946426650763,0.3732046121588153,-0.1350854183474451,0.8814946426650763,0.0,-119.03270052430015,35.36139476524356
ssp370,Bakersfield,exceeded_quantity_day_all,exceeded_quantity,day,all,national,national,National,annual_all_days_primary,All calendar-year days; non-heatwave days contribute zero,"1,2,3,4,5,6,7,8,9,10,11,12",2025-2050,132860.0,20550.0,0.1764333914330645,0.0003328747624579,0.419143058756614,0.1781076849387834,0.0003367717763283,0.4281928900324777,0.1781076849387834,-0.0719775201549102,0.4281928900324777,0.0,-119.03270052430015,35.36139476524356
ssp370,Bakersfield,exceeded_quantity_night_all,exceeded_quantity,night,all,national,national,National,annual_all_days_primary,All calendar-year days; non-heatwave days contribute zero,"1,2,3,4,5,6,7,8,9,10,11,12",2025-2050,132860.0,8600.0,0.0176508183001211,0.0,0.1186041922622734,0.0177105854490525,0.0,0.120394941345274,0.0177105854490525,-0.084973770447169,0.120394941345274,0.0,-119.03270052430015,35.36139476524356
ssp370,Baltimore,cehwi_composite_all,cehwi,composite,all,national,national,National,annual_all_days_primary,All calendar-year days; non-heatwave days contribute zero,"1,2,3,4,5,6,7,8,9,10,11,12",2025-2050,75920.0,7611.0,0.2987137805203962,0.0093812692006755,0.5759359407364907,0.3058405943079763,0.0093894343071822,0.6031208549633928,0.3058405943079763,0.00856033365256,0.6031208549633928,0.0,-76.61681942327382,39.29956644320838
ssp370,Baltimore,cehwi_day_all,cehwi,day,all,national,national,National,annual_all_days_primary,All calendar-year days; non-heatwave days contribute zero,"1,2,3,4,5,6,7,8,9,10,11,12",2025-2050,75920.0,9754.0,0.1217884129380798,0.0003856778501873,0.2962581143259916,0.1230912736231577,0.0003879803711385,0.3034354318032977,0.1230912736231577,-0.057252884556984,0.3034354318032977,0.0,-76.61681942327382,39.29956644320838
ssp370,Baltimore,cehwi_night_all,cehwi,night,all,national,national,National,annual_all_days_primary,All calendar-year days; non-heatwave days contribute zero,"1,2,3,4,5,6,7,8,9,10,11,12",2025-2050,75920.0,4456.0,0.0,0.0,0.0197972922799812,0.0,0.0,0.0198610832961604,-0.0166875759878915,-0.0532362352719441,0.0198610832961604,0.0,-76.61681942327382,39.29956644320838
ssp370,Baltimore,exceeded_quantity_composite_all,exceeded_quantity,composite,all,national,national,National,annual_all_days_primary,All calendar-year days; non-heatwave days contribute zero,"1,2,3,4,5,6,7,8,9,10,11,12",2025-2050,75920.0,7611.0,0.3436799419033248,0.0,0.784942400249215,0.351304336029119,0.0,0.8250186863188654,0.351304336029119,-0.122410014260627,0.8250186863188654,0.0,-76.61681942327382,39.29956644320838
ssp370,Baltimore,exceeded_quantity_day_all,exceeded_quantity,day,all,national,national,National,annual_all_days_primary,All calendar-year days; non-heatwave days contribute zero,"1,2,3,4,5,6,7,8,9,10,11,12",2025-2050,75920.0,9754.0,0.2223089822108282,0.0054181560264298,0.4977692290313323,0.2258808671310315,0.0054775835622236,0.5138453664446914,0.2258808671310315,-0.0620836321826277,0.5138453664446914,0.0,-76.61681942327382,39.29956644320838
ssp370,Baltimore,exceeded_quantity_night_all,exceeded_quantity,night,all,national,national,National,annual_all_days_primary,All calendar-year days; non-heatwave days contribute zero,"1,2,3,4,5,6,7,8,9,10,11,12",2025-2050,75920.0,4456.0,0.0153061854846727,0.0,0.1046988184321667,0.0153534559294616,0.0,0.1062049168848757,0.0153534559294616,-0.0754980050259526,0.1062049168848757,0.0,-76.61681942327382,39.29956644320838
ssp370,Boston,cehwi_composite_all,cehwi,composite,all,national,national,National,annual_all_days_primary,All calendar-year days; non-heatwave days contribute zero,"1,2,3,4,5,6,7,8,9,10,11,12",2025-2050,56940.0,728.0,0.0423286054097365,0.0013306514912495,0.0814533023248417,0.0433897525559541,0.0013318585067308,0.0854882031413155,0.0433897525559541,0.0012913019705926,0.0854882031413155,0.0,-71.06747675562549,42.31262407379619
ssp370,Boston,cehwi_day_all,cehwi,day,all,national,national,National,annual_all_days_primary,All calendar-year days; non-heatwave days contribute zero,"1,2,3,4,5,6,7,8,9,10,11,12",2025-2050,56940.0,9548.0,0.3058675904423641,0.0070702823148458,0.7009262077723949,0.3114086142871151,0.0071347575811547,0.7271167990865643,0.3114086142871151,-0.1042995705123352,0.7271167990865643,0.0,-71.06747675562549,42.31262407379619
ssp370,Boston,cehwi_night_all,cehwi,night,all,national,national,National,annual_all_days_primary,All calendar-year days; non-heatwave days contribute zero,"1,2,3,4,5,6,7,8,9,10,11,12",2025-2050,56940.0,141.0,0.0,0.0,0.0005231915052331,0.0,0.0,0.0005239426991556,-0.0004454537517964,-0.0014148502027485,0.0005239426991556,0.0,-71.06747675562549,42.31262407379619
ssp370,Boston,exceeded_quantity_composite_all,exceeded_quantity,composite,all,national,national,National,annual_all_days_primary,All calendar-year days; non-heatwave days contribute zero,"1,2,3,4,5,6,7,8,9,10,11,12",2025-2050,56940.0,728.0,0.0540103233483039,0.0,0.1225685525818924,0.0553127890695609,0.0,0.1294274633565855,0.0553127890695609,-0.0188018852174635,0.1294274633565855,0.0,-71.06747675562549,42.31262407379619
ssp370,Boston,exceeded_quantity_day_all,exceeded_quantity,day,all,national,national,National,annual_all_days_primary,All calendar-year days; non-heatwave days contribute zero,"1,2,3,4,5,6,7,8,9,10,11,12",2025-2050,56940.0,9548.0,0.4686747243038526,0.0362937435137122,0.9720660512513428,0.4805548969829477,0.0369695423703403,1.0166380507317254,0.4805548969829477,-0.0555282567658295,1.0166380507317254,0.0,-71.06747675562549,42.31262407379619
ssp370,Boston,exceeded_quantity_night_all,exceeded_quantity,night,all,national,national,National,annual_all_days_primary,All calendar-year days; non-heatwave days contribute zero,"1,2,3,4,5,6,7,8,9,10,11,12",2025-2050,56940.0,141.0,0.0004906724051372,0.0,0.0037979603223699,0.0004913533769586,0.0,0.0038365465967584,0.0004913533769586,-0.0028538398428412,0.0038365465967584,0.0,-71.06747675562549,42.31262407379619
ssp370,Cape_Coral,cehwi_composite_all,cehwi,composite,all,national,national,National,annual_all_days_primary,All calendar-year days; non-heatwave days contribute zero,"1,2,3,4,5,6,7,8,9,10,11,12",2025-2050,75920.0,7576.0,0.1330735579472369,0.0038437812439855,0.2589177570845164,0.134926748875987,0.0038455904858272,0.2660079072661472,0.134926748875987,0.0038455904858272,0.2660079072661472,0.0,-82.00446533978065,26.634861968585493
ssp370,Cape_Coral,cehwi_day_all,cehwi,day,all,national,national,National,annual_all_days_primary,All calendar-year days; non-heatwave days contribute zero,"1,2,3,4,5,6,7,8,9,10,11,12",2025-2050,75920.0,17663.0,0.2564328274228221,0.0013582681707622,0.6162177710644531,0.2596347813378855,0.0013657834378992,0.633535279197026,0.2596347813378855,-0.1142657165212576,0.633535279197026,0.0,-82.00446533978065,26.634861968585493
ssp370,Cape_Coral,cehwi_night_all,cehwi,night,all,national,national,National,annual_all_days_primary,All calendar-year days; non-heatwave days contribute zero,"1,2,3,4,5,6,7,8,9,10,11,12",2025-2050,75920.0,14956.0,0.0,0.0,0.0775984580798744,0.0,0.0,0.0779513529961542,-0.0641379948856911,-0.2062273427675382,0.0779513529961542,0.0,-82.00446533978065,26.634861968585493
ssp370,Cape_Coral,exceeded_quantity_composite_all,exceeded_quantity,composite,all,national,national,National,annual_all_days_primary,All calendar-year days; non-heatwave days contribute zero,"1,2,3,4,5,6,7,8,9,10,11,12",2025-2050,75920.0,7576.0,0.1435415943250068,0.0,0.3443785340930861,0.1449199623680312,0.0,0.3523549204574271,0.1449199623680312,-0.0625149957213643,0.3523549204574271,0.0,-82.00446533978065,26.634861968585493
ssp370,Cape_Coral,exceeded_quantity_day_all,exceeded_quantity,day,all,national,national,National,annual_all_days_primary,All calendar-year days; non-heatwave days contribute zero,"1,2,3,4,5,6,7,8,9,10,11,12",2025-2050,75920.0,17663.0,0.2613975850560506,7.22568969892461e-05,0.620644446901751,0.2638762679054875,7.250313054464043e-05,0.634101558423157,0.2638762679054875,-0.1063490226121811,0.634101558423157,0.0,-82.00446533978065,26.634861968585493
ssp370,Cape_Coral,exceeded_quantity_night_all,exceeded_quantity,night,all,national,national,National,annual_all_days_primary,All calendar-year days; non-heatwave days contribute zero,"1,2,3,4,5,6,7,8,9,10,11,12",2025-2050,75920.0,14956.0,0.0348630998661265,0.0,0.2588333161576891,0.034928451642229,0.0,0.2617373004812588,0.034928451642229,-0.1918803971968009,0.2617373004812588,0.0,-82.00446533978065,26.634861968585493
ssp370,Chandler,cehwi_composite_all,cehwi,composite,all,national,national,National,annual_all_days_primary,All calendar-year days; non-heatwave days contribute zero,"1,2,3,4,5,6,7,8,9,10,11,12",2025-2050,75920.0,9061.0,0.2996975544864931,0.0095113236372722,0.5780004827443025,0.3063138501436027,0.0095191876175474,0.6031249482003531,0.3063138501436027,0.0095027520868526,0.6031249482003531,0.0,-111.85099065465177,33.301753251324435
ssp370,Chandler,cehwi_day_all,cehwi,day,all,national,national,National,annual_all_days_primary,All calendar-year days; non-heatwave days contribute zero,"1,2,3,4,5,6,7,8,9,10,11,12",2025-2050,75920.0,13087.0,0.209843488380037,0.0025223711828126,0.4927960713312785,0.2129595610762306,0.0025364747520841,0.5083461853285122,0.2129595610762306,-0.0824270631760528,0.5083461853285122,0.0,-111.85099065465177,33.301753251324435
ssp370,Chandler,cehwi_night_all,cehwi,night,all,national,national,National,annual_all_days_primary,All calendar-year days; non-heatwave days contribute zero,"1,2,3,4,5,6,7,8,9,10,11,12",2025-2050,75920.0,9651.0,0.0,0.0,0.0978465634821978,0.0,0.0,0.0986630691833673,-0.0755353560719361,-0.2497337813272405,0.0986630691833673,0.0,-111.85099065465177,33.301753251324435
ssp370,Chandler,exceeded_quantity_composite_all,exceeded_quantity,composite,all,national,national,National,annual_all_days_primary,All calendar-year days; non-heatwave days contribute zero,"1,2,3,4,5,6,7,8,9,10,11,12",2025-2050,75920.0,9061.0,0.3197581352674637,0.0,0.7397901623516845,0.3257883570902972,0.0,0.7719762656460611,0.3257883570902972,-0.1203995514654661,0.7719762656460611,0.0,-111.85099065465177,33.301753251324435
ssp370,Chandler,exceeded_quantity_day_all,exceeded_quantity,day,all,national,national,National,annual_all_days_primary,All calendar-year days; non-heatwave days contribute zero,"1,2,3,4,5,6,7,8,9,10,11,12",2025-2050,75920.0,13087.0,0.2515164516957334,0.0023322654001694,0.5786238067522661,0.2547964420954146,0.0023558409595595,0.594707295485063,0.2547964420954146,-0.0851144112942331,0.594707295485063,0.0,-111.85099065465177,33.301753251324435
ssp370,Chandler,exceeded_quantity_night_all,exceeded_quantity,night,all,national,national,National,annual_all_days_primary,All calendar-year days; non-heatwave days contribute zero,"1,2,3,4,5,6,7,8,9,10,11,12",2025-2050,75920.0,9651.0,0.0516053354203636,0.0,0.3083887990983939,0.0518571702155971,0.0,0.3143048220178149,0.0518571702155971,-0.2105904815866209,0.3143048220178149,0.0,-111.85099065465177,33.301753251324435
ssp370,Charleston,cehwi_composite_all,cehwi,composite,all,national,national,National,annual_all_days_primary,All calendar-year days; non-heatwave days contribute zero,"1,2,3,4,5,6,7,8,9,10,11,12",2025-2050,66430.0,10241.0,0.433480084093432,0.0140992081089836,0.8335379232288251,0.4443152001111141,0.0141125383101236,0.8746055546612448,0.4443152001111141,0.0140248455609841,0.8746055546612448,0.0,-79.95773562994015,32.797751375442466
ssp370,Charleston,cehwi_day_all,cehwi,day,all,national,national,National,annual_all_days_primary,All calendar-year days; non-heatwave days contribute zero,"1,2,3,4,5,6,7,8,9,10,11,12",2025-2050,66430.0,8101.0,0.0769665318005908,0.0,0.1916611578627345,0.0775398904981071,0.0,0.1951005778549338,0.0775398904981071,-0.0400207968587215,0.1951005778549338,0.0,-79.95773562994015,32.797751375442466
ssp370,Charleston,cehwi_night_all,cehwi,night,all,national,national,National,annual_all_days_primary,All calendar-year days; non-heatwave days contribute zero,"1,2,3,4,5,6,7,8,9,10,11,12",2025-2050,66430.0,10628.0,0.0,0.0,0.0670828199645899,0.0,0.0,0.0673865758182627,-0.0555690373846729,-0.1785246505876099,0.0673865758182627,0.0,-79.95773562994015,32.797751375442466
ssp370,Charleston,exceeded_quantity_composite_all,exceeded_quantity,composite,all,national,national,National,annual_all_days_primary,All calendar-year days; non-heatwave days contribute zero,"1,2,3,4,5,6,7,8,9,10,11,12",2025-2050,66430.0,10241.0,0.3767519985660524,0.0,0.8788249342593161,0.3831669241996472,0.0,0.9138113364246824,0.3831669241996472,-0.1474774880253875,0.9138113364246824,0.0,-79.95773562994015,32.797751375442466
ssp370,Charleston,exceeded_quantity_day_all,exceeded_quantity,day,all,national,national,National,annual_all_days_primary,All calendar-year days; non-heatwave days contribute zero,"1,2,3,4,5,6,7,8,9,10,11,12",2025-2050,66430.0,8101.0,0.12952413107794,9.468647567464596e-05,0.3087212726218406,0.1306966318921552,9.515747269001912e-05,0.3151430257891938,0.1306966318921552,-0.053749762004883,0.3151430257891938,0.0,-79.95773562994015,32.797751375442466
ssp370,Charleston,exceeded_quantity_night_all,exceeded_quantity,night,all,national,national,National,annual_all_days_primary,All calendar-year days; non-heatwave days contribute zero,"1,2,3,4,5,6,7,8,9,10,11,12",2025-2050,66430.0,10628.0,0.0301728280312297,0.0,0.2264882489400551,0.0302246965796147,0.0,0.2289863740425364,0.0302246965796147,-0.168536980883307,0.2289863740425364,0.0,-79.95773562994015,32.797751375442466
ssp370,Charlotte,cehwi_composite_all,cehwi,composite,all,national,national,National,annual_all_days_primary,All calendar-year days; non-heatwave days contribute zero,"1,2,3,4,5,6,7,8,9,10,11,12",2025-2050,218270.0,29865.0,0.4444236120421428,0.0141776298354594,0.8544748608080083,0.45625942442431,0.0141915828711499,0.8995431492569161,0.45625942442431,0.0129756995917045,0.8995431492569161,0.0,-80.83226153697035,35.2026222257981
ssp370,Charlotte,cehwi_day_all,cehwi,day,all,national,national,National,annual_all_days_primary,All calendar-year days; non-heatwave days contribute zero,"1,2,3,4,5,6,7,8,9,10,11,12",2025-2050,218270.0,28412.0,0.0974214005895675,0.0001388378905473,0.2410847132789388,0.0982362997871316,0.0001393716335055,0.2458319445952152,0.0982362997871316,-0.0493593450209539,0.2458319445952152,0.0,-80.83226153697035,35.2026222257981
ssp370,Charlotte,cehwi_night_all,cehwi,night,all,national,national,National,annual_all_days_primary,All calendar-year days; non-heatwave days contribute zero,"1,2,3,4,5,6,7,8,9,10,11,12",2025-2050,218270.0,23530.0,0.0,0.0,0.0382026357711512,0.0,0.0,0.0383286615275557,-0.0321896473585087,-0.1027079562445743,0.0383286615275557,0.0,-80.83226153697035,35.2026222257981
ssp370,Charlotte,exceeded_quantity_composite_all,exceeded_quantity,composite,all,national,national,National,annual_all_days_primary,All calendar-year days; non-heatwave days contribute zero,"1,2,3,4,5,6,7,8,9,10,11,12",2025-2050,218270.0,29865.0,0.4286003045606756,0.0,0.9838747358945196,0.4375079498117317,0.0,1.0310252394471062,0.4375079498117317,-0.1560093398236421,1.0310252394471062,0.0,-80.83226153697035,35.2026222257981
ssp370,Charlotte,exceeded_quantity_day_all,exceeded_quantity,day,all,national,national,National,annual_all_days_primary,All calendar-year days; non-heatwave days contribute zero,"1,2,3,4,5,6,7,8,9,10,11,12",2025-2050,218270.0,28412.0,0.169493504250566,0.0003400669016274,0.3987035101724389,0.1712903378585011,0.0003419302599432,0.4081951625765085,0.1712903378585011,-0.0656144868595059,0.4081951625765085,0.0,-80.83226153697035,35.2026222257981
ssp370,Charlotte,exceeded_quantity_night_all,exceeded_quantity,night,all,national,national,National,annual_all_days_primary,All calendar-year days; non-heatwave days contribute zero,"1,2,3,4,5,6,7,8,9,10,11,12",2025-2050,218270.0,23530.0,0.0226142611549856,0.0,0.1640908919266422,0.022661585583664,0.0,0.1661171264705052,0.022661585583664,-0.1207939553031773,0.1661171264705052,0.0,-80.83226153697035,35.2026222257981
ssp370,Chicago,cehwi_composite_all,cehwi,composite,all,national,national,National,annual_all_days_primary,All calendar-year days; non-heatwave days contribute zero,"1,2,3,4,5,6,7,8,9,10,11,12",2025-2050,246740.0,24321.0,0.3294728597607889,0.0105288092463461,0.6336048209482122,0.3381619130011241,0.0105390789851061,0.6666880950405886,0.3381619130011241,0.0096357309616598,0.6666880950405886,0.0,-87.69926598228068,41.84514512774459
ssp370,Chicago,cehwi_day_all,cehwi,day,all,national,national,National,annual_all_days_primary,All calendar-year days; non-heatwave days contribute zero,"1,2,3,4,5,6,7,8,9,10,11,12",2025-2050,246740.0,37083.0,0.1764947978700888,0.0011994949631562,0.422946517136588,0.1787476881601266,0.0012078387170622,0.434870818669758,0.1787476881601266,-0.0773754423495064,0.434870818669758,0.0,-87.69926598228068,41.84514512774459
ssp370,Chicago,cehwi_night_all,cehwi,night,all,national,national,National,annual_all_days_primary,All calendar-year days; non-heatwave days contribute zero,"1,2,3,4,5,6,7,8,9,10,11,12",2025-2050,246740.0,8094.0,0.0,0.0,0.0095532805161117,0.0,0.0,0.0095803065920777,-0.008075077221882,-0.025730461035842,0.0095803065920777,0.0,-87.69926598228068,41.84514512774459
ssp370,Chicago,exceeded_quantity_composite_all,exceeded_quantity,composite,all,national,national,National,annual_all_days_primary,All calendar-year days; non-heatwave days contribute zero,"1,2,3,4,5,6,7,8,9,10,11,12",2025-2050,246740.0,24321.0,0.365097608382423,0.0001202054877877,0.8281317147082324,0.3738616493589619,0.0001210114757562,0.8734308375384633,0.3738616493589619,-0.1257075388205389,0.8734308375384633,0.0,-87.69926598228068,41.84514512774459
ssp370,Chicago,exceeded_quantity_day_all,exceeded_quantity,day,all,national,national,National,annual_all_days_primary,All calendar-year days; non-heatwave days contribute zero,"1,2,3,4,5,6,7,8,9,10,11,12",2025-2050,246740.0,37083.0,0.3074102489926918,0.013048965245699,0.6695640678350199,0.3134431460074163,0.0132657465030064,0.6946119998943396,0.3134431460074163,-0.0677257078795065,0.6946119998943396,0.0,-87.69926598228068,41.84514512774459
ssp370,Chicago,exceeded_quantity_night_all,exceeded_quantity,night,all,national,national,National,annual_all_days_primary,All calendar-year days; non-heatwave days contribute zero,"1,2,3,4,5,6,7,8,9,10,11,12",2025-2050,246740.0,8094.0,0.0072712238695293,0.0,0.0514325065413956,0.0072890227258353,0.0,0.0521098081808062,0.0072890227258353,-0.0375317627291355,0.0521098081808062,0.0,-87.69926598228068,41.84514512774459
ssp370,Cincinnati,cehwi_composite_all,cehwi,composite,all,national,national,National,annual_all_days_primary,All calendar-year days; non-heatwave days contribute zero,"1,2,3,4,5,6,7,8,9,10,11,12",2025-2050,113880.0,4923.0,0.110991435792593,0.0033935527115938,0.2146904810058692,0.1131432280290889,0.0033958889950936,0.2228905670630843,0.1131432280290889,0.0033958889950936,0.2228905670630843,0.0,-84.50103323356284,39.145311433746485
ssp370,Cincinnati,cehwi_day_all,cehwi,day,all,national,national,National,annual_all_days_primary,All calendar-year days; non-heatwave days contribute zero,"1,2,3,4,5,6,7,8,9,10,11,12",2025-2050,113880.0,23569.0,0.3209428177018021,0.002710652843795,0.7496479041293912,0.3259850332583341,0.0027242682343185,0.7751104301776358,0.3259850332583341,-0.1231403636609692,0.7751104301776358,0.0,-84.50103323356284,39.145311433746485
ssp370,Cincinnati,cehwi_night_all,cehwi,night,all,national,national,National,annual_all_days_primary,All calendar-year days; non-heatwave days contribute zero,"1,2,3,4,5,6,7,8,9,10,11,12",2025-2050,113880.0,1882.0,0.0,0.0,0.0034311286227805,0.0,0.0,0.0034375386220283,-0.002915819361624,-0.0092691773452765,0.0034375386220283,0.0,-84.50103323356284,39.145311433746485
ssp370,Cincinnati,exceeded_quantity_composite_all,exceeded_quantity,composite,all,national,national,National,annual_all_days_primary,All calendar-year days; non-heatwave days contribute zero,"1,2,3,4,5,6,7,8,9,10,11,12",2025-2050,113880.0,4923.0,0.1410593598185166,0.0,0.3260532943335443,0.143811532962402,0.0,0.3409196163647637,0.143811532962402,-0.0532965504399595,0.3409196163647637,0.0,-84.50103323356284,39.145311433746485
ssp370,Cincinnati,exceeded_quantity_day_all,exceeded_quantity,day,all,national,national,National,annual_all_days_primary,All calendar-year days; non-heatwave days contribute zero,"1,2,3,4,5,6,7,8,9,10,11,12",2025-2050,113880.0,23569.0,0.4156535030345561,0.0104701608023278,0.9186181531541564,0.4229121050644979,0.0106018102349623,0.9508180054594348,0.4229121050644979,-0.1049937953304383,0.9508180054594348,0.0,-84.50103323356284,39.145311433746485
ssp370,Cincinnati,exceeded_quantity_night_all,exceeded_quantity,night,all,national,national,National,annual_all_days_primary,All calendar-year days; non-heatwave days contribute zero,"1,2,3,4,5,6,7,8,9,10,11,12",2025-2050,113880.0,1882.0,0.0024130001981667,0.0,0.0186348318032681,0.0024163882302817,0.0,0.0188135605897964,0.0024163882302817,-0.0139807841292328,0.0188135605897964,0.0,-84.50103323356284,39.145311433746485
ssp370,Clearwater,cehwi_composite_all,cehwi,composite,all,national,national,National,annual_all_days_primary,All calendar-year days; non-heatwave days contribute zero,"1,2,3,4,5,6,7,8,9,10,11,12",2025-2050,47450.0,6099.0,0.190427889851305,0.0056615637844228,0.3696078120789038,0.1935047558867558,0.0056648400196629,0.3813446717538494,0.1935047558867558,0.0056648400196629,0.3813446717538494,0.0,-82.74931842952977,27.968555005462687
ssp370,Clearwater,cehwi_day_all,cehwi,day,all,national,national,National,annual_all_days_primary,All calendar-year days; non-heatwave days contribute zero,"1,2,3,4,5,6,7,8,9,10,11,12",2025-2050,47450.0,10648.0,0.1667362047476469,0.0,0.4108961899708916,0.1682603236765019,0.0,0.4198179504206164,0.1682603236765019,-0.0832973030676158,0.4198179504206164,0.0,-82.74931842952977,27.968555005462687
ssp370,Clearwater,cehwi_night_all,cehwi,night,all,national,national,National,annual_all_days_primary,All calendar-year days; non-heatwave days contribute zero,"1,2,3,4,5,6,7,8,9,10,11,12",2025-2050,47450.0,9092.0,0.0,0.0,0.0951570432675615,0.0,0.0,0.0956530470573868,-0.0782887852992975,-0.2522306176559833,0.0956530470573868,0.0,-82.74931842952977,27.968555005462687
ssp370,Clearwater,exceeded_quantity_composite_all,exceeded_quantity,composite,all,national,national,National,annual_all_days_primary,All calendar-year days; non-heatwave days contribute zero,"1,2,3,4,5,6,7,8,9,10,11,12",2025-2050,47450.0,6099.0,0.1779405181352565,0.0,0.4270162067010514,0.179630395389817,0.0,0.4367988823322241,0.179630395389817,-0.0775380915525896,0.4367988823322241,0.0,-82.74931842952977,27.968555005462687
ssp370,Clearwater,exceeded_quantity_day_all,exceeded_quantity,day,all,national,national,National,annual_all_days_primary,All calendar-year days; non-heatwave days contribute zero,"1,2,3,4,5,6,7,8,9,10,11,12",2025-2050,47450.0,10648.0,0.1620164962505546,0.0,0.3958806762696072,0.162972853411024,0.0,0.4015138394642746,0.162972853411024,-0.0755681326422259,0.4015138394642746,0.0,-82.74931842952977,27.968555005462687
ssp370,Clearwater,exceeded_quantity_night_all,exceeded_quantity,night,all,national,national,National,annual_all_days_primary,All calendar-year days; non-heatwave days contribute zero,"1,2,3,4,5,6,7,8,9,10,11,12",2025-2050,47450.0,9092.0,0.042964168709511,0.0,0.3047247377572042,0.0430671006864807,0.0,0.3087414822397253,0.0430671006864807,-0.2226072808667639,0.3087414822397253,0.0,-82.74931842952977,27.968555005462687
ssp370,Cleveland,cehwi_composite_all,cehwi,composite,all,national,national,National,annual_all_days_primary,All calendar-year days; non-heatwave days contribute zero,"1,2,3,4,5,6,7,8,9,10,11,12",2025-2050,104390.0,3434.0,0.0929571145262905,0.0028992916359312,0.1794975405273224,0.0949037935562646,0.0029014706341195,0.1869061164784098,0.0949037935562646,0.0029014706341195,0.1869061164784098,0.0,-81.69720068009887,41.47755055399433
ssp370,Cleveland,cehwi_day_all,cehwi,day,all,national,national,National,annual_all_days_primary,All calendar-year days; non-heatwave days contribute zero,"1,2,3,4,5,6,7,8,9,10,11,12",2025-2050,104390.0,18865.0,0.2689668697894048,0.0023843913906975,0.6327012869194207,0.2730024083957141,0.0023984045019911,0.6533697832412098,0.2730024083957141,-0.1073649664497828,0.6533697832412098,0.0,-81.69720068009887,41.47755055399433
ssp370,Cleveland,cehwi_night_all,cehwi,night,all,national,national,National,annual_all_days_primary,All calendar-year days; non-heatwave days contribute zero,"1,2,3,4,5,6,7,8,9,10,11,12",2025-2050,104390.0,981.0,0.0,0.0,0.0023992799754926,0.0,0.0,0.0024057439319606,-0.0020269902687812,-0.0064597244695231,0.0024057439319606,0.0,-81.69720068009887,41.47755055399433
ssp370,Cleveland,exceeded_quantity_composite_all,exceeded_quantity,composite,all,national,national,National,annual_all_days_primary,All calendar-year days; non-heatwave days contribute zero,"1,2,3,4,5,6,7,8,9,10,11,12",2025-2050,104390.0,3434.0,0.1182977132613561,0.0,0.2712395078115884,0.1208317921895861,0.0,0.284739296020401,0.1208317921895861,-0.0430757116412285,0.284739296020401,0.0,-81.69720068009887,41.47755055399433
ssp370,Cleveland,exceeded_quantity_day_all,exceeded_quantity,day,all,national,national,National,annual_all_days_primary,All calendar-year days; non-heatwave days contribute zero,"1,2,3,4,5,6,7,8,9,10,11,12",2025-2050,104390.0,18865.0,0.4162353245931345,0.0216676039940572,0.8913498827239262,0.425167505142153,0.0219992736606089,0.9274202140606352,0.425167505142153,-0.0770852037763288,0.9274202140606352,0.0,-81.69720068009887,41.47755055399433
ssp370,Cleveland,exceeded_quantity_night_all,exceeded_quantity,night,all,national,national,National,annual_all_days_primary,All calendar-year days; non-heatwave days contribute zero,"1,2,3,4,5,6,7,8,9,10,11,12",2025-2050,104390.0,981.0,0.0017046652034097,0.0,0.0128182798728135,0.0017074899345052,0.0,0.0129618085125392,0.0017074899345052,-0.0095468286435289,0.0129618085125392,0.0,-81.69720068009887,41.47755055399433
ssp370,Columbia,cehwi_composite_all,cehwi,composite,all,national,national,National,annual_all_days_primary,All calendar-year days; non-heatwave days contribute zero,"1,2,3,4,5,6,7,8,9,10,11,12",2025-2050,104390.0,16437.0,0.5039886233107876,0.0164875631525944,0.967611379437228,0.5175700126951769,0.0165042672584746,1.0191137424034646,0.5175700126951769,0.01602628298689,1.0191137424034646,0.0,-81.01121446313488,34.0247807561963
ssp370,Columbia,cehwi_day_all,cehwi,day,all,national,national,National,annual_all_days_primary,All calendar-year days; non-heatwave days contribute zero,"1,2,3,4,5,6,7,8,9,10,11,12",2025-2050,104390.0,9920.0,0.0635131551794862,0.0,0.1580010893993234,0.064001517353473,0.0,0.1609319055313295,0.064001517353473,-0.032928870824385,0.1609319055313295,0.0,-81.01121446313488,34.0247807561963
ssp370,Columbia,cehwi_night_all,cehwi,night,all,national,national,National,annual_all_days_primary,All calendar-year days; non-heatwave days contribute zero,"1,2,3,4,5,6,7,8,9,10,11,12",2025-2050,104390.0,17323.0,0.0,0.0,0.082069568418129,0.0,0.0,0.0824631736438206,-0.0680388970406257,-0.2185409677250733,0.0824631736438206,0.0,-81.01121446313488,34.0247807561963
ssp370,Columbia,exceeded_quantity_composite_all,exceeded_quantity,composite,all,national,national,National,annual_all_days_primary,All calendar-year days; non-heatwave days contribute zero,"1,2,3,4,5,6,7,8,9,10,11,12",2025-2050,104390.0,16437.0,0.4771652981687408,0.0,1.096269375205415,0.4870040109984325,0.0,1.1484026195127346,0.4870040109984325,-0.1743945975158685,1.1484026195127346,0.0,-81.01121446313488,34.0247807561963
ssp370,Columbia,exceeded_quantity_day_all,exceeded_quantity,day,all,national,national,National,annual_all_days_primary,All calendar-year days; non-heatwave days contribute zero,"1,2,3,4,5,6,7,8,9,10,11,12",2025-2050,104390.0,9920.0,0.1134261255955894,1.8261020650452157e-05,0.2697728383372708,0.1144934481205889,1.831913940625721e-05,0.2756392031707863,0.1144934481205889,-0.0466523069296079,0.2756392031707863,0.0,-81.01121446313488,34.0247807561963
ssp370,Columbia,exceeded_quantity_night_all,exceeded_quantity,night,all,national,national,National,annual_all_days_primary,All calendar-year days; non-heatwave days contribute zero,"1,2,3,4,5,6,7,8,9,10,11,12",2025-2050,104390.0,17323.0,0.043950312043989,0.0,0.3033382898925508,0.0440673938370995,0.0,0.3077072121870218,0.0440673938370995,-0.219572424512823,0.3077072121870218,0.0,-81.01121446313488,34.0247807561963
ssp370,Columbus,cehwi_composite_all,cehwi,composite,all,national,national,National,annual_all_days_primary,All calendar-year days; non-heatwave days contribute zero,"1,2,3,4,5,6,7,8,9,10,11,12",2025-2050,237250.0,5992.0,0.0754653546316008,0.0023709742469768,0.1456224222740298,0.0770920273690425,0.0023728083738803,0.1518112463642048,0.0770920273690425,0.0023728083738803,0.1518112463642048,0.0,-82.98587478768124,39.9884646530878
ssp370,Columbus,cehwi_day_all,cehwi,day,all,national,national,National,annual_all_days_primary,All calendar-year days; non-heatwave days contribute zero,"1,2,3,4,5,6,7,8,9,10,11,12",2025-2050,237250.0,49603.0,0.3448229651108423,0.0038299338318071,0.8026207738745288,0.3504509726383368,0.0038550633761824,0.8308459607521317,0.3504509726383368,-0.1299440154754595,0.8308459607521317,0.0,-82.98587478768124,39.9884646530878
ssp370,Columbus,cehwi_night_all,cehwi,night,all,national,national,National,annual_all_days_primary,All calendar-year days; non-heatwave days contribute zero,"1,2,3,4,5,6,7,8,9,10,11,12",2025-2050,237250.0,1944.0,0.0,0.0,0.0020321896062872,0.0,0.0,0.0020368781471137,-0.0017235879774237,-0.0054840541019613,0.0020368781471137,0.0,-82.98587478768124,39.9884646530878
ssp370,Columbus,exceeded_quantity_composite_all,exceeded_quantity,composite,all,national,national,National,annual_all_days_primary,All calendar-year days; non-heatwave days contribute zero,"1,2,3,4,5,6,7,8,9,10,11,12",2025-2050,237250.0,5992.0,0.0950704993935782,0.0,0.2178465461196278,0.0971333787301219,0.0,0.2288676406516832,0.0971333787301219,-0.0346008831914392,0.2288676406516832,0.0,-82.98587478768124,39.9884646530878
ssp370,Columbus,exceeded_quantity_day_all,exceeded_quantity,day,all,national,national,National,annual_all_days_primary,All calendar-year days; non-heatwave days contribute zero,"1,2,3,4,5,6,7,8,9,10,11,12",2025-2050,237250.0,49603.0,0.4568584494577359,0.018830868663704,0.9890278803124826,0.4659261428581008,0.0190904238351478,1.0269066607176496,0.4659261428581008,-0.0950543750014477,1.0269066607176496,0.0,-82.98587478768124,39.9884646530878
ssp370,Columbus,exceeded_quantity_night_all,exceeded_quantity,night,all,national,national,National,annual_all_days_primary,All calendar-year days; non-heatwave days contribute zero,"1,2,3,4,5,6,7,8,9,10,11,12",2025-2050,237250.0,1944.0,0.0014700401264836,0.0,0.0109585180241736,0.0014725983193281,0.0,0.0110839165791842,0.0014725983193281,-0.0081387199405279,0.0110839165791842,0.0,-82.98587478768124,39.9884646530878
ssp370,Corpus_Christi,cehwi_composite_all,cehwi,composite,all,national,national,National,annual_all_days_primary,All calendar-year days; non-heatwave days contribute zero,"1,2,3,4,5,6,7,8,9,10,11,12",2025-2050,18980.0,2916.0,0.2071037572846373,0.0059297741978553,0.4031934738954062,0.209880093127882,0.0059324142909274,0.4138277719648374,0.209880093127882,0.0059324142909274,0.4138277719648374,0.0,-97.36405256378852,27.68672149058898
ssp370,Corpus_Christi,cehwi_day_all,cehwi,day,all,national,national,National,annual_all_days_primary,All calendar-year days; non-heatwave days contribute zero,"1,2,3,4,5,6,7,8,9,10,11,12",2025-2050,18980.0,4980.0,0.2725638189607217,0.0003247377557335,0.6580254673402931,0.2757815653288087,0.0003254775474403,0.6756449938604269,0.2757815653288087,-0.1240818632028122,0.6756449938604269,0.0,-97.36405256378852,27.68672149058898
ssp370,Corpus_Christi,cehwi_night_all,cehwi,night,all,national,national,National,annual_all_days_primary,All calendar-year days; non-heatwave days contribute zero,"1,2,3,4,5,6,7,8,9,10,11,12",2025-2050,18980.0,4549.0,0.0,0.0,0.1733768013020957,0.0,0.0,0.1746650172147152,-0.1373902702950543,-0.4494455578048257,0.1746650172147152,0.0,-97.36405256378852,27.68672149058898
ssp370,Corpus_Christi,exceeded_quantity_composite_all,exceeded_quantity,composite,all,national,national,National,annual_all_days_primary,All calendar-year days; non-heatwave days contribute zero,"1,2,3,4,5,6,7,8,9,10,11,12",2025-2050,18980.0,2916.0,0.207430465219673,0.0,0.4986620481237105,0.2092831359192196,0.0,0.5094133675873475,0.2092831359192196,-0.0908470957489078,0.5094133675873475,0.0,-97.36405256378852,27.68672149058898
ssp370,Corpus_Christi,exceeded_quantity_day_all,exceeded_quantity,day,all,national,national,National,annual_all_days_primary,All calendar-year days; non-heatwave days contribute zero,"1,2,3,4,5,6,7,8,9,10,11,12",2025-2050,18980.0,4980.0,0.2508830365214635,0.0005543614459528,0.6020496963369968,0.252936432613355,0.0005577792318947,0.6133089161463562,0.252936432613355,-0.1074360509196449,0.6133089161463562,0.0,-97.36405256378852,27.68672149058898
ssp370,Corpus_Christi,exceeded_quantity_night_all,exceeded_quantity,night,all,national,national,National,annual_all_days_primary,All calendar-year days; non-heatwave days contribute zero,"1,2,3,4,5,6,7,8,9,10,11,12",2025-2050,18980.0,4549.0,0.0591122581211519,0.0,0.4167832803207166,0.0592560293264461,0.0,0.4224675306249056,0.0592560293264461,-0.3039554719720135,0.4224675306249056,0.0,-97.36405256378852,27.68672149058898
ssp370,Dallas,cehwi_composite_all,cehwi,composite,all,national,national,National,annual_all_days_primary,All calendar-year days; non-heatwave days contribute zero,"1,2,3,4,5,6,7,8,9,10,11,12",2025-2050,275210.0,49823.0,0.7800805709117927,0.0222811986457077,1.5230411700312811,0.8060267282788237,0.0223082659497865,1.6266587379679385,0.8060267282788237,-0.0146052814102902,1.6266587379679385,0.0,-96.77202001463549,32.79909361336637
ssp370,Dallas,cehwi_day_all,cehwi,day,all,national,national,National,annual_all_days_primary,All calendar-year days; non-heatwave days contribute zero,"1,2,3,4,5,6,7,8,9,10,11,12",2025-2050,275210.0,25099.0,0.0436886379358442,0.0,0.1099920113836982,0.0439313104127769,0.0,0.1115075335173319,0.0439313104127769,-0.0236449126917797,0.1115075335173319,0.0,-96.77202001463549,32.79909361336637
ssp370,Dallas,cehwi_night_all,cehwi,night,all,national,national,National,annual_all_days_primary,All calendar-year days; non-heatwave days contribute zero,"1,2,3,4,5,6,7,8,9,10,11,12",2025-2050,275210.0,37024.0,0.0,0.0,0.0511948034913665,0.0,0.0,0.0513889962107829,-0.0428761284128912,-0.1371412530365666,0.0513889962107829,0.0,-96.77202001463549,32.79909361336637
ssp370,Dallas,exceeded_quantity_composite_all,exceeded_quantity,composite,all,national,national,National,annual_all_days_primary,All calendar-year days; non-heatwave days contribute zero,"1,2,3,4,5,6,7,8,9,10,11,12",2025-2050,275210.0,49823.0,0.5629125808021288,0.0,1.2852073208576742,0.5753783683113551,0.0,1.3502320578922065,0.5753783683113551,-0.1994753212694952,1.3502320578922065,0.0,-96.77202001463549,32.79909361336637
ssp370,Dallas,exceeded_quantity_day_all,exceeded_quantity,day,all,national,national,National,annual_all_days_primary,All calendar-year days; non-heatwave days contribute zero,"1,2,3,4,5,6,7,8,9,10,11,12",2025-2050,275210.0,25099.0,0.080712406261031,0.0001146722902192,0.1938564510559952,0.0813631739466431,0.0001153321671942,0.1974581959687564,0.0813631739466431,-0.0347318480754697,0.1974581959687564,0.0,-96.77202001463549,32.79909361336637
ssp370,Dallas,exceeded_quantity_night_all,exceeded_quantity,night,all,national,national,National,annual_all_days_primary,All calendar-year days; non-heatwave days contribute zero,"1,2,3,4,5,6,7,8,9,10,11,12",2025-2050,275210.0,37024.0,0.0291523411463385,0.0,0.2129902024767336,0.0292108648262089,0.0,0.2156144482753084,0.0292108648262089,-0.1571927186228905,0.2156144482753084,0.0,-96.77202001463549,32.79909361336637
ssp370,Denver,cehwi_composite_all,cehwi,composite,all,national,national,National,annual_all_days_primary,All calendar-year days; non-heatwave days contribute zero,"1,2,3,4,5,6,7,8,9,10,11,12",2025-2050,85410.0,0.0,0.0,0.0,0.0,0.0,0.0,0.0,0.0,0.0,0.0,0.0,-104.9171195553542,39.72922080293672
ssp370,Denver,cehwi_day_all,cehwi,day,all,national,national,National,annual_all_days_primary,All calendar-year days; non-heatwave days contribute zero,"1,2,3,4,5,6,7,8,9,10,11,12",2025-2050,85410.0,17230.0,0.3939123689953945,0.0085318991477542,0.8842679287772474,0.4017434910920903,0.0085845185536635,0.9204034550853096,0.4017434910920903,-0.1169164729011304,0.9204034550853096,0.0,-104.9171195553542,39.72922080293672
ssp370,Denver,cehwi_night_all,cehwi,night,all,national,national,National,annual_all_days_primary,All calendar-year days; non-heatwave days contribute zero,"1,2,3,4,5,6,7,8,9,10,11,12",2025-2050,85410.0,0.0,0.0,0.0,0.0,0.0,0.0,0.0,0.0,0.0,0.0,0.0,-104.9171195553542,39.72922080293672
ssp370,Denver,exceeded_quantity_composite_all,exceeded_quantity,composite,all,national,national,National,annual_all_days_primary,All calendar-year days; non-heatwave days contribute zero,"1,2,3,4,5,6,7,8,9,10,11,12",2025-2050,85410.0,0.0,0.0,0.0,0.0,0.0,0.0,0.0,0.0,0.0,0.0,0.0,-104.9171195553542,39.72922080293672
ssp370,Denver,exceeded_quantity_day_all,exceeded_quantity,day,all,national,national,National,annual_all_days_primary,All calendar-year days; non-heatwave days contribute zero,"1,2,3,4,5,6,7,8,9,10,11,12",2025-2050,85410.0,17230.0,0.4120349639507968,0.0118162063203258,0.9054365142606088,0.4194604987987815,0.0119515576159843,0.9378318093914796,0.4194604987987815,-0.0989108117939161,0.9378318093914796,0.0,-104.9171195553542,39.72922080293672
ssp370,Denver,exceeded_quantity_night_all,exceeded_quantity,night,all,national,national,National,annual_all_days_primary,All calendar-year days; non-heatwave days contribute zero,"1,2,3,4,5,6,7,8,9,10,11,12",2025-2050,85410.0,0.0,0.0,0.0,0.0,0.0,0.0,0.0,0.0,0.0,0.0,0.0,-104.9171195553542,39.72922080293672
ssp370,Detroit,cehwi_composite_all,cehwi,composite,all,national,national,National,annual_all_days_primary,All calendar-year days; non-heatwave days contribute zero,"1,2,3,4,5,6,7,8,9,10,11,12",2025-2050,132860.0,6174.0,0.1370716070658751,0.0043180905502697,0.2643797014464114,0.1401118355323112,0.0043215601484874,0.2759433636763589,0.1401118355323112,0.0042803073882637,0.2759433636763589,0.0,-83.11163892745797,42.36628894040762
ssp370,Detroit,cehwi_day_all,cehwi,day,all,national,national,National,annual_all_days_primary,All calendar-year days; non-heatwave days contribute zero,"1,2,3,4,5,6,7,8,9,10,11,12",2025-2050,132860.0,23184.0,0.2612019577228491,0.0045871839565616,0.6086380117560486,0.2654051715111642,0.0046233435193915,0.629138050870184,0.2654051715111642,-0.0983277078478572,0.629138050870184,0.0,-83.11163892745797,42.36628894040762
ssp370,Detroit,cehwi_night_all,cehwi,night,all,national,national,National,annual_all_days_primary,All calendar-year days; non-heatwave days contribute zero,"1,2,3,4,5,6,7,8,9,10,11,12",2025-2050,132860.0,1600.0,0.0,0.0,0.003429469061027,0.0,0.0,0.0034395266310527,-0.0028941525953773,-0.0092278318218075,0.0034395266310527,0.0,-83.11163892745797,42.36628894040762
ssp370,Detroit,exceeded_quantity_composite_all,exceeded_quantity,composite,all,national,national,National,annual_all_days_primary,All calendar-year days; non-heatwave days contribute zero,"1,2,3,4,5,6,7,8,9,10,11,12",2025-2050,132860.0,6174.0,0.1749440610500041,2.15170311797024e-05,0.3987978782505804,0.1789363141588553,2.1667699840370613e-05,0.4197964046748637,0.1789363141588553,-0.0619237763571527,0.4197964046748637,0.0,-83.11163892745797,42.36628894040762
ssp370,Detroit,exceeded_quantity_day_all,exceeded_quantity,day,all,national,national,National,annual_all_days_primary,All calendar-year days; non-heatwave days contribute zero,"1,2,3,4,5,6,7,8,9,10,11,12",2025-2050,132860.0,23184.0,0.4206142410653879,0.0290357354648498,0.8864315433654616,0.4305078388662282,0.0295344782037634,0.9244212841694726,0.4305078388662282,-0.0634056064370158,0.9244212841694726,0.0,-83.11163892745797,42.36628894040762
ssp370,Detroit,exceeded_quantity_night_all,exceeded_quantity,night,all,national,national,National,annual_all_days_primary,All calendar-year days; non-heatwave days contribute zero,"1,2,3,4,5,6,7,8,9,10,11,12",2025-2050,132860.0,1600.0,0.0024861543209817,0.0,0.0183292992175386,0.0024908001716703,0.0,0.0185505472044159,0.0024908001716703,-0.0135689468610751,0.0185505472044159,0.0,-83.11163892745797,42.36628894040762
ssp370,Fort_Worth,cehwi_composite_all,cehwi,composite,all,national,national,National,annual_all_days_primary,All calendar-year days; non-heatwave days contribute zero,"1,2,3,4,5,6,7,8,9,10,11,12",2025-2050,208780.0,37035.0,0.75636461054351,0.0217562863648795,1.4759831011152096,0.7815240290211066,0.0217828010547597,1.5765174178594832,0.7815240290211066,-0.013469359817269,1.5765174178594832,0.0,-97.3596103453506,32.731693684817714
ssp370,Fort_Worth,cehwi_day_all,cehwi,day,all,national,national,National,annual_all_days_primary,All calendar-year days; non-heatwave days contribute zero,"1,2,3,4,5,6,7,8,9,10,11,12",2025-2050,208780.0,18863.0,0.0447964270767063,0.0,0.1127882917526165,0.0450476361289068,0.0,0.1143617219099713,0.0450476361289068,-0.0242664496521593,0.1143617219099713,0.0,-97.3596103453506,32.731693684817714
ssp370,Fort_Worth,cehwi_night_all,cehwi,night,all,national,national,National,annual_all_days_primary,All calendar-year days; non-heatwave days contribute zero,"1,2,3,4,5,6,7,8,9,10,11,12",2025-2050,208780.0,26715.0,0.0,0.0,0.0468295332163267,0.0,0.0,0.0470064909256777,-0.0392025677422207,-0.1254116264101203,0.0470064909256777,0.0,-97.3596103453506,32.731693684817714
ssp370,Fort_Worth,exceeded_quantity_composite_all,exceeded_quantity,composite,all,national,national,National,annual_all_days_primary,All calendar-year days; non-heatwave days contribute zero,"1,2,3,4,5,6,7,8,9,10,11,12",2025-2050,208780.0,37035.0,0.5500886957638521,0.0,1.256278769305493,0.5622215810286112,0.0,1.3196100535450026,0.5622215810286112,-0.1951668914877795,1.3196100535450026,0.0,-97.3596103453506,32.731693684817714
ssp370,Fort_Worth,exceeded_quantity_day_all,exceeded_quantity,day,all,national,national,National,annual_all_days_primary,All calendar-year days; non-heatwave days contribute zero,"1,2,3,4,5,6,7,8,9,10,11,12",2025-2050,208780.0,18863.0,0.0855582355874792,9.5994705933182e-05,0.2048818382817247,0.0862811309253384,9.664491230932127e-05,0.2088667201297843,0.0862811309253384,-0.0363044582791072,0.2088667201297843,0.0,-97.3596103453506,32.731693684817714
ssp370,Fort_Worth,exceeded_quantity_night_all,exceeded_quantity,night,all,national,national,National,annual_all_days_primary,All calendar-year days; non-heatwave days contribute zero,"1,2,3,4,5,6,7,8,9,10,11,12",2025-2050,208780.0,26715.0,0.0269949165199355,0.0,0.1986225287965096,0.0270466045011602,0.0,0.2010153924713678,0.0270466045011602,-0.1469221834690474,0.2010153924713678,0.0,-97.3596103453506,32.731693684817714
ssp370,Fresno,cehwi_composite_all,cehwi,composite,all,national,national,National,annual_all_days_primary,All calendar-year days; non-heatwave days contribute zero,"1,2,3,4,5,6,7,8,9,10,11,12",2025-2050,113880.0,12790.0,0.3830998670015368,0.0122658585745085,0.7367481209609418,0.3937972267402935,0.012278640366564,0.7776029928848112,0.3937972267402935,0.0099914605957765,0.7776029928848112,0.0,-119.78985197805802,36.790939683928464
ssp370,Fresno,cehwi_day_all,cehwi,day,all,national,national,National,annual_all_days_primary,All calendar-year days; non-heatwave days contribute zero,"1,2,3,4,5,6,7,8,9,10,11,12",2025-2050,113880.0,19344.0,0.1561643328455347,4.952612075920872e-05,0.384675270323271,0.1576311772080446,4.969651506687119e-05,0.3932981954404556,0.1576311772080446,-0.0780358410243687,0.3932981954404556,0.0,-119.78985197805802,36.790939683928464
ssp370,Fresno,cehwi_night_all,cehwi,night,all,national,national,National,annual_all_days_primary,All calendar-year days; non-heatwave days contribute zero,"1,2,3,4,5,6,7,8,9,10,11,12",2025-2050,113880.0,6282.0,0.0,0.0,0.0250123308498321,0.0,0.0,0.0251182805989561,-0.0208984954324915,-0.0669152714639397,0.0251182805989561,0.0,-119.78985197805802,36.790939683928464
ssp370,Fresno,exceeded_quantity_composite_all,exceeded_quantity,composite,all,national,national,National,annual_all_days_primary,All calendar-year days; non-heatwave days contribute zero,"1,2,3,4,5,6,7,8,9,10,11,12",2025-2050,113880.0,12790.0,0.4009760689213006,0.0001205047855073,0.910672098874518,0.4104036767028059,0.000121110812314,0.9594741777889072,0.4104036767028059,-0.1386668243832949,0.9594741777889072,0.0,-119.78985197805802,36.790939683928464
ssp370,Fresno,exceeded_quantity_day_all,exceeded_quantity,day,all,national,national,National,annual_all_days_primary,All calendar-year days; non-heatwave days contribute zero,"1,2,3,4,5,6,7,8,9,10,11,12",2025-2050,113880.0,19344.0,0.236900674268978,0.0008664525714901,0.5515521399292639,0.2396747138548783,0.0008729791965923,0.565772410133108,0.2396747138548783,-0.0864229824233509,0.565772410133108,0.0,-119.78985197805802,36.790939683928464
ssp370,Fresno,exceeded_quantity_night_all,exceeded_quantity,night,all,national,national,National,annual_all_days_primary,All calendar-year days; non-heatwave days contribute zero,"1,2,3,4,5,6,7,8,9,10,11,12",2025-2050,113880.0,6282.0,0.017980246918704,0.0,0.1167317579513996,0.018044927604525,0.0,0.1186663997993106,0.018044927604525,-0.0825765445902606,0.1186663997993106,0.0,-119.78985197805802,36.790939683928464
ssp370,Gilbert,cehwi_composite_all,cehwi,composite,all,national,national,National,annual_all_days_primary,All calendar-year days; non-heatwave days contribute zero,"1,2,3,4,5,6,7,8,9,10,11,12",2025-2050,37960.0,4703.0,0.3115835047488106,0.0099352558352478,0.6007341615609215,0.3185515351934294,0.0099436695192705,0.6271814551193814,0.3185515351934294,0.0099216152674779,0.6271814551193814,0.0,-111.73870124413682,33.32052130601451
ssp370,Gilbert,cehwi_day_all,cehwi,day,all,national,national,National,annual_all_days_primary,All calendar-year days; non-heatwave days contribute zero,"1,2,3,4,5,6,7,8,9,10,11,12",2025-2050,37960.0,6510.0,0.2105567656381442,0.0037494165698681,0.4899929542729235,0.2138642480520692,0.0037698903386308,0.5059200834808063,0.2138642480520692,-0.0781915873766696,0.5059200834808063,0.0,-111.73870124413682,33.32052130601451
ssp370,Gilbert,cehwi_night_all,cehwi,night,all,national,national,National,annual_all_days_primary,All calendar-year days; non-heatwave days contribute zero,"1,2,3,4,5,6,7,8,9,10,11,12",2025-2050,37960.0,4778.0,0.0,0.0,0.0871115173300759,0.0,0.0,0.0877613953873733,-0.0685093860467376,-0.2247801674808495,0.0877613953873733,0.0,-111.73870124413682,33.32052130601451
ssp370,Gilbert,exceeded_quantity_composite_all,exceeded_quantity,composite,all,national,national,National,annual_all_days_primary,All calendar-year days; non-heatwave days contribute zero,"1,2,3,4,5,6,7,8,9,10,11,12",2025-2050,37960.0,4703.0,0.3270326065546586,0.0,0.7570910599621127,0.3331532183406448,0.0,0.789784599651018,0.3331532183406448,-0.1234781629697277,0.789784599651018,0.0,-111.73870124413682,33.32052130601451
ssp370,Gilbert,exceeded_quantity_day_all,exceeded_quantity,day,all,national,national,National,annual_all_days_primary,All calendar-year days; non-heatwave days contribute zero,"1,2,3,4,5,6,7,8,9,10,11,12",2025-2050,37960.0,6510.0,0.2497937509710563,0.0023394083404529,0.5739096897993602,0.2530818728282425,0.0023616804351089,0.5899943324006998,0.2530818728282425,-0.0838305867442142,0.5899943324006998,0.0,-111.73870124413682,33.32052130601451
ssp370,Gilbert,exceeded_quantity_night_all,exceeded_quantity,night,all,national,national,National,annual_all_days_primary,All calendar-year days; non-heatwave days contribute zero,"1,2,3,4,5,6,7,8,9,10,11,12",2025-2050,37960.0,4778.0,0.0449130885133782,0.0,0.2817685952281357,0.0450972827118923,0.0,0.2867232330773698,0.0450972827118923,-0.1965286676535855,0.2867232330773698,0.0,-111.73870124413682,33.32052130601451
ssp370,Henderson,cehwi_composite_all,cehwi,composite,all,national,national,National,annual_all_days_primary,All calendar-year days; non-heatwave days contribute zero,"1,2,3,4,5,6,7,8,9,10,11,12",2025-2050,113880.0,12379.0,0.3353289961855957,0.0112661584614633,0.6433497289830965,0.3443332598227807,0.0112779174015683,0.6773930224517793,0.3443332598227807,0.0112734971937825,0.6773930224517793,0.0,-115.02129501152358,36.01369840409932
ssp370,Henderson,cehwi_day_all,cehwi,day,all,national,national,National,annual_all_days_primary,All calendar-year days; non-heatwave days contribute zero,"1,2,3,4,5,6,7,8,9,10,11,12",2025-2050,113880.0,19488.0,0.1819088522272087,0.000104089162906,0.4404314223146638,0.1840107741634237,0.0001043202160208,0.4521283563021124,0.1840107741634237,-0.084106807975267,0.4521283563021124,0.0,-115.02129501152358,36.01369840409932
ssp370,Henderson,cehwi_night_all,cehwi,night,all,national,national,National,annual_all_days_primary,All calendar-year days; non-heatwave days contribute zero,"1,2,3,4,5,6,7,8,9,10,11,12",2025-2050,113880.0,12545.0,0.0,0.0,0.0828536991439855,0.0,0.0,0.0834870211040246,-0.0651105775027646,-0.2137081761095546,0.0834870211040246,0.0,-115.02129501152358,36.01369840409932
ssp370,Henderson,exceeded_quantity_composite_all,exceeded_quantity,composite,all,national,national,National,annual_all_days_primary,All calendar-year days; non-heatwave days contribute zero,"1,2,3,4,5,6,7,8,9,10,11,12",2025-2050,113880.0,12379.0,0.3014040936658331,0.0,0.6962024730254058,0.3072686191669551,0.0,0.7274477359200668,0.3072686191669551,-0.1129104975861559,0.7274477359200668,0.0,-115.02129501152358,36.01369840409932
ssp370,Henderson,exceeded_quantity_day_all,exceeded_quantity,day,all,national,national,National,annual_all_days_primary,All calendar-year days; non-heatwave days contribute zero,"1,2,3,4,5,6,7,8,9,10,11,12",2025-2050,113880.0,19488.0,0.2314374271586744,0.0011322845250666,0.5385273242603388,0.2341579151927338,0.0011414435548034,0.5523761740584215,0.2341579151927338,-0.0840603436729534,0.5523761740584215,0.0,-115.02129501152358,36.01369840409932
ssp370,Henderson,exceeded_quantity_night_all,exceeded_quantity,night,all,national,national,National,annual_all_days_primary,All calendar-year days; non-heatwave days contribute zero,"1,2,3,4,5,6,7,8,9,10,11,12",2025-2050,113880.0,12545.0,0.0468706410934654,0.0,0.2761525463537592,0.0471113747176488,0.0,0.2815929492851526,0.0471113747176488,-0.1873701998498551,0.2815929492851526,0.0,-115.02129501152358,36.01369840409932
ssp370,Houston,cehwi_composite_all,cehwi,composite,all,national,national,National,annual_all_days_primary,All calendar-year days; non-heatwave days contribute zero,"1,2,3,4,5,6,7,8,9,10,11,12",2025-2050,531440.0,80639.0,0.4200350866054133,0.0130393311673327,0.8128523589868784,0.4302841500918624,0.0130510510802095,0.8524299109453484,0.4302841500918624,0.0081383892383768,0.8524299109453484,0.0,-95.40380028308488,29.82261710963412
ssp370,Houston,cehwi_day_all,cehwi,day,all,national,national,National,annual_all_days_primary,All calendar-year days; non-heatwave days contribute zero,"1,2,3,4,5,6,7,8,9,10,11,12",2025-2050,531440.0,79036.0,0.1283690849845779,0.0003508925707545,0.3139802357503059,0.1296613830633476,0.0003527750404027,0.3212492673366113,0.1296613830633476,-0.061926501209918,0.3212492673366113,0.0,-95.40380028308488,29.82261710963412
ssp370,Houston,cehwi_night_all,cehwi,night,all,national,national,National,annual_all_days_primary,All calendar-year days; non-heatwave days contribute zero,"1,2,3,4,5,6,7,8,9,10,11,12",2025-2050,531440.0,115019.0,0.0,0.0,0.1244857815446031,0.0,0.0,0.1252417284795213,-0.1009713623027484,-0.3271844530850198,0.1252417284795213,0.0,-95.40380028308488,29.82261710963412
ssp370,Houston,exceeded_quantity_composite_all,exceeded_quantity,composite,all,national,national,National,annual_all_days_primary,All calendar-year days; non-heatwave days contribute zero,"1,2,3,4,5,6,7,8,9,10,11,12",2025-2050,531440.0,80639.0,0.3670369607675638,0.0,0.8574724667535684,0.3731426448636309,0.0,0.8908573634766512,0.3731426448636309,-0.1445720737493885,0.8908573634766512,0.0,-95.40380028308488,29.82261710963412
ssp370,Houston,exceeded_quantity_day_all,exceeded_quantity,day,all,national,national,National,annual_all_days_primary,All calendar-year days; non-heatwave days contribute zero,"1,2,3,4,5,6,7,8,9,10,11,12",2025-2050,531440.0,79036.0,0.1916847545637212,0.0010282595284314,0.4478056049134918,0.1938581251448432,0.0010385825295137,0.4589009162403114,0.1938581251448432,-0.0711846659506242,0.4589009162403114,0.0,-95.40380028308488,29.82261710963412
ssp370,Houston,exceeded_quantity_night_all,exceeded_quantity,night,all,national,national,National,annual_all_days_primary,All calendar-year days; non-heatwave days contribute zero,"1,2,3,4,5,6,7,8,9,10,11,12",2025-2050,531440.0,115019.0,0.0559756378215061,0.0,0.3875982165826206,0.0561250152427594,0.0,0.3931060521201291,0.0561250152427594,-0.2808560216346106,0.3931060521201291,0.0,-95.40380028308488,29.82261710963412
ssp370,Indianapolis,cehwi_composite_all,cehwi,composite,all,national,national,National,annual_all_days_primary,All calendar-year days; non-heatwave days contribute zero,"1,2,3,4,5,6,7,8,9,10,11,12",2025-2050,237250.0,11901.0,0.1393479768096848,0.0043559003732618,0.2690393756517325,0.1422840394187614,0.004359221429262,0.2802088574082609,0.1422840394187614,0.004359221429262,0.2802088574082609,0.0,-86.14794458778195,39.79825151756
ssp370,Indianapolis,cehwi_day_all,cehwi,day,all,national,national,National,annual_all_days_primary,All calendar-year days; non-heatwave days contribute zero,"1,2,3,4,5,6,7,8,9,10,11,12",2025-2050,237250.0,49562.0,0.3133658939505572,0.0020044091538937,0.7366895515289639,0.3180970481546352,0.0020162977118629,0.7610542008590344,0.3180970481546352,-0.1248601045497655,0.7610542008590344,0.0,-86.14794458778195,39.79825151756
ssp370,Indianapolis,cehwi_night_all,cehwi,night,all,national,national,National,annual_all_days_primary,All calendar-year days; non-heatwave days contribute zero,"1,2,3,4,5,6,7,8,9,10,11,12",2025-2050,237250.0,2140.0,0.0,0.0,0.0016533847877182,0.0,0.0,0.0016563649300063,-0.0014052326716843,-0.004466830273375,0.0016563649300063,0.0,-86.14794458778195,39.79825151756
ssp370,Indianapolis,exceeded_quantity_composite_all,exceeded_quantity,composite,all,national,national,National,annual_all_days_primary,All calendar-year days; non-heatwave days contribute zero,"1,2,3,4,5,6,7,8,9,10,11,12",2025-2050,237250.0,11901.0,0.1714490875912887,0.0,0.3945741550502862,0.1749678053043915,0.0,0.4134262598439376,0.1749678053043915,-0.0634906492351542,0.4134262598439376,0.0,-86.14794458778195,39.79825151756
ssp370,Indianapolis,exceeded_quantity_day_all,exceeded_quantity,day,all,national,national,National,annual_all_days_primary,All calendar-year days; non-heatwave days contribute zero,"1,2,3,4,5,6,7,8,9,10,11,12",2025-2050,237250.0,49562.0,0.4093765293994312,0.0102538766197743,0.9081893001575508,0.4163674381431866,0.0103786098212213,0.939352719454438,0.4163674381431866,-0.1066178431680643,0.939352719454438,0.0,-86.14794458778195,39.79825151756
ssp370,Indianapolis,exceeded_quantity_night_all,exceeded_quantity,night,all,national,national,National,annual_all_days_primary,All calendar-year days; non-heatwave days contribute zero,"1,2,3,4,5,6,7,8,9,10,11,12",2025-2050,237250.0,2140.0,0.0012614961443716,0.0,0.009638783463265,0.0012633809593166,0.0,0.0097357042792256,0.0012633809593166,-0.0072089423605923,0.0097357042792256,0.0,-86.14794458778195,39.79825151756
ssp370,Jacksonville,cehwi_composite_all,cehwi,composite,all,national,national,National,annual_all_days_primary,All calendar-year days; non-heatwave days contribute zero,"1,2,3,4,5,6,7,8,9,10,11,12",2025-2050,256230.0,33675.0,0.2922970318433123,0.0090996990404939,0.5647144395182974,0.2982790543338598,0.0091065548402301,0.5874650392571972,0.2982790543338598,0.0090930694105231,0.5874650392571972,0.0,-81.64707525045209,30.31882240289994
ssp370,Jacksonville,cehwi_day_all,cehwi,day,all,national,national,National,annual_all_days_primary,All calendar-year days; non-heatwave days contribute zero,"1,2,3,4,5,6,7,8,9,10,11,12",2025-2050,256230.0,35521.0,0.1219500121122832,0.0027729598743673,0.2870608164063042,0.123672993216817,0.0027918510604681,0.2951678053587862,0.123672993216817,-0.047821818925154,0.2951678053587862,0.0,-81.64707525045209,30.31882240289994
ssp370,Jacksonville,cehwi_night_all,cehwi,night,all,national,national,National,annual_all_days_primary,All calendar-year days; non-heatwave days contribute zero,"1,2,3,4,5,6,7,8,9,10,11,12",2025-2050,256230.0,48655.0,0.0,0.0,0.0643692718621189,0.0,0.0,0.0645963994700063,-0.054047779202014,-0.1726919578740361,0.0645963994700063,0.0,-81.64707525045209,30.31882240289994
ssp370,Jacksonville,exceeded_quantity_composite_all,exceeded_quantity,composite,all,national,national,National,annual_all_days_primary,All calendar-year days; non-heatwave days contribute zero,"1,2,3,4,5,6,7,8,9,10,11,12",2025-2050,256230.0,33675.0,0.2660277660106169,0.0,0.6292796998649604,0.2696428405190017,0.0,0.6496201090901512,0.2696428405190017,-0.1103344280521473,0.6496201090901512,0.0,-81.64707525045209,30.31882240289994
ssp370,Jacksonville,exceeded_quantity_day_all,exceeded_quantity,day,all,national,national,National,annual_all_days_primary,All calendar-year days; non-heatwave days contribute zero,"1,2,3,4,5,6,7,8,9,10,11,12",2025-2050,256230.0,35521.0,0.1645624529586668,0.0009400763804035,0.3838225448088396,0.1664387764986786,0.0009464320421213,0.3933203789679952,0.1664387764986786,-0.0604428259706374,0.3933203789679952,0.0,-81.64707525045209,30.31882240289994
ssp370,Jacksonville,exceeded_quantity_night_all,exceeded_quantity,night,all,national,national,National,annual_all_days_primary,All calendar-year days; non-heatwave days contribute zero,"1,2,3,4,5,6,7,8,9,10,11,12",2025-2050,256230.0,48655.0,0.0299152818390344,0.0,0.2299749960115818,0.029958807981992,0.0,0.23225912001636,0.029958807981992,-0.1723415040523759,0.23225912001636,0.0,-81.64707525045209,30.31882240289994
ssp370,Kansas_City,cehwi_composite_all,cehwi,composite,all,national,national,National,annual_all_days_primary,All calendar-year days; non-heatwave days contribute zero,"1,2,3,4,5,6,7,8,9,10,11,12",2025-2050,351130.0,55882.0,0.5965632879860912,0.0191775819117612,1.1439136327781405,0.6149928817352109,0.019199726374521,1.214131921970501,0.6149928817352109,0.0158538414999212,1.214131921970501,0.0,-94.58725250021293,39.11017064718442
ssp370,Kansas_City,cehwi_day_all,cehwi,day,all,national,national,National,annual_all_days_primary,All calendar-year days; non-heatwave days contribute zero,"1,2,3,4,5,6,7,8,9,10,11,12",2025-2050,351130.0,43133.0,0.0783473607857706,0.0,0.1965407292166583,0.0788540937739858,0.0,0.1996966220339643,0.0788540937739858,-0.0419884344859946,0.1996966220339643,0.0,-94.58725250021293,39.11017064718442
ssp370,Kansas_City,cehwi_night_all,cehwi,night,all,national,national,National,annual_all_days_primary,All calendar-year days; non-heatwave days contribute zero,"1,2,3,4,5,6,7,8,9,10,11,12",2025-2050,351130.0,34934.0,0.0,0.0,0.0373139173138503,0.0,0.0,0.0374490274667152,-0.0313498288137788,-0.1001486850942738,0.0374490274667152,0.0,-94.58725250021293,39.11017064718442
ssp370,Kansas_City,exceeded_quantity_composite_all,exceeded_quantity,composite,all,national,national,National,annual_all_days_primary,All calendar-year days; non-heatwave days contribute zero,"1,2,3,4,5,6,7,8,9,10,11,12",2025-2050,351130.0,55882.0,0.5262114752455218,6.311737118340785e-08,1.1977908268950568,0.5382033031099952,6.31243663798878e-08,1.2601457805812324,0.5382033031099952,-0.1837391743612413,1.2601457805812324,0.0,-94.58725250021293,39.11017064718442
ssp370,Kansas_City,exceeded_quantity_day_all,exceeded_quantity,day,all,national,national,National,annual_all_days_primary,All calendar-year days; non-heatwave days contribute zero,"1,2,3,4,5,6,7,8,9,10,11,12",2025-2050,351130.0,43133.0,0.1491623665009047,0.0002973507020329,0.352741953753794,0.1506543987798315,0.00029950530921,0.3607342207008628,0.1506543987798315,-0.0594254231411992,0.3607342207008628,0.0,-94.58725250021293,39.11017064718442
ssp370,Kansas_City,exceeded_quantity_night_all,exceeded_quantity,night,all,national,national,National,annual_all_days_primary,All calendar-year days; non-heatwave days contribute zero,"1,2,3,4,5,6,7,8,9,10,11,12",2025-2050,351130.0,34934.0,0.0224674758346114,0.0,0.1639043604676878,0.0225122444798393,0.0,0.1659602252502691,0.0225122444798393,-0.1209357362905905,0.1659602252502691,0.0,-94.58725250021293,39.11017064718442
ssp370,Las_Vegas,cehwi_composite_all,cehwi,composite,all,national,national,National,annual_all_days_primary,All calendar-year days; non-heatwave days contribute zero,"1,2,3,4,5,6,7,8,9,10,11,12",2025-2050,132860.0,14762.0,0.3668294945726806,0.0123282461358177,0.702927085353707,0.3772480097790321,0.0123418128987789,0.742322770284014,0.3772480097790321,0.0121732492740504,0.742322770284014,0.0,-115.24138225613288,36.21326422353141
ssp370,Las_Vegas,cehwi_day_all,cehwi,day,all,national,national,National,annual_all_days_primary,All calendar-year days; non-heatwave days contribute zero,"1,2,3,4,5,6,7,8,9,10,11,12",2025-2050,132860.0,22827.0,0.1825001412367685,0.0002258524344947,0.4416285246629484,0.1846225796627665,0.0002265585504787,0.4534106649439166,0.1846225796627665,-0.0841655056183855,0.4534106649439166,0.0,-115.24138225613288,36.21326422353141
ssp370,Las_Vegas,cehwi_night_all,cehwi,night,all,national,national,National,annual_all_days_primary,All calendar-year days; non-heatwave days contribute zero,"1,2,3,4,5,6,7,8,9,10,11,12",2025-2050,132860.0,14510.0,0.0,0.0,0.0851748333290012,0.0,0.0,0.0858290564865827,-0.0670172552433481,-0.2198635669732796,0.0858290564865827,0.0,-115.24138225613288,36.21326422353141
ssp370,Las_Vegas,exceeded_quantity_composite_all,exceeded_quantity,composite,all,national,national,National,annual_all_days_primary,All calendar-year days; non-heatwave days contribute zero,"1,2,3,4,5,6,7,8,9,10,11,12",2025-2050,132860.0,14762.0,0.3333655251846339,0.0,0.7656012412705759,0.340329487559069,0.0,0.8023151490903155,0.340329487559069,-0.121656173972177,0.8023151490903155,0.0,-115.24138225613288,36.21326422353141
ssp370,Las_Vegas,exceeded_quantity_day_all,exceeded_quantity,day,all,national,national,National,annual_all_days_primary,All calendar-year days; non-heatwave days contribute zero,"1,2,3,4,5,6,7,8,9,10,11,12",2025-2050,132860.0,22827.0,0.2370316744677466,0.0010831585594478,0.5497676837121241,0.2398989549329956,0.0010915666886953,0.5642944945489634,0.2398989549329956,-0.0844965846829716,0.5642944945489634,0.0,-115.24138225613288,36.21326422353141
ssp370,Las_Vegas,exceeded_quantity_night_all,exceeded_quantity,night,all,national,national,National,annual_all_days_primary,All calendar-year days; non-heatwave days contribute zero,"1,2,3,4,5,6,7,8,9,10,11,12",2025-2050,132860.0,14510.0,0.0481365064988743,0.0,0.2823625494291823,0.0483869628210195,0.0,0.2879796739522696,0.0483869628210195,-0.1912057483102309,0.2879796739522696,0.0,-115.24138225613288,36.21326422353141
ssp370,Long_Beach,cehwi_composite_all,cehwi,composite,all,national,national,National,annual_all_days_primary,All calendar-year days; non-heatwave days contribute zero,"1,2,3,4,5,6,7,8,9,10,11,12",2025-2050,47450.0,92.0,0.0075118227616406,0.0002388510116002,0.0144614656269472,0.0076905403974643,0.0002390404727126,0.015142040322216,0.0076905403974643,0.0002390404727126,0.015142040322216,0.0,-118.15363485341176,33.835056657794794
ssp370,Long_Beach,cehwi_day_all,cehwi,day,all,national,national,National,annual_all_days_primary,All calendar-year days; non-heatwave days contribute zero,"1,2,3,4,5,6,7,8,9,10,11,12",2025-2050,47450.0,11260.0,0.4140018539963371,0.0082446792310872,0.9374533757500652,0.4218811231125777,0.0082992505780343,0.9742017685925088,0.4218811231125777,-0.1304395223673552,0.9742017685925088,0.0,-118.15363485341176,33.835056657794794
ssp370,Long_Beach,cehwi_night_all,cehwi,night,all,national,national,National,annual_all_days_primary,All calendar-year days; non-heatwave days contribute zero,"1,2,3,4,5,6,7,8,9,10,11,12",2025-2050,47450.0,0.0,0.0,0.0,0.0,0.0,0.0,0.0,0.0,0.0,0.0,0.0,-118.15363485341176,33.835056657794794
ssp370,Long_Beach,exceeded_quantity_composite_all,exceeded_quantity,composite,all,national,national,National,annual_all_days_primary,All calendar-year days; non-heatwave days contribute zero,"1,2,3,4,5,6,7,8,9,10,11,12",2025-2050,47450.0,92.0,0.0121204997126981,0.0,0.0262065631955892,0.0125222391236634,0.0,0.028179721835995,0.0125222391236634,-0.0031352435886681,0.028179721835995,0.0,-118.15363485341176,33.835056657794794
ssp370,Long_Beach,exceeded_quantity_day_all,exceeded_quantity,day,all,national,national,National,annual_all_days_primary,All calendar-year days; non-heatwave days contribute zero,"1,2,3,4,5,6,7,8,9,10,11,12",2025-2050,47450.0,11260.0,0.5752970771465278,0.0571610948946001,1.1799489344013123,0.5907751683844304,0.0581708315631946,1.2350044799612443,0.5907751683844304,-0.0534541431923827,1.2350044799612443,0.0,-118.15363485341176,33.835056657794794
ssp370,Long_Beach,exceeded_quantity_night_all,exceeded_quantity,night,all,national,national,National,annual_all_days_primary,All calendar-year days; non-heatwave days contribute zero,"1,2,3,4,5,6,7,8,9,10,11,12",2025-2050,47450.0,0.0,0.0,0.0,0.0,0.0,0.0,0.0,0.0,0.0,0.0,0.0,-118.15363485341176,33.835056657794794
ssp370,Los_Angeles,cehwi_composite_all,cehwi,composite,all,national,national,National,annual_all_days_primary,All calendar-year days; non-heatwave days contribute zero,"1,2,3,4,5,6,7,8,9,10,11,12",2025-2050,313170.0,3009.0,0.0350488879865821,0.0011319318855056,0.0674405991463863,0.0358957899680987,0.0011329059235484,0.0706586740126489,0.0358957899680987,0.0011329059235484,0.0706586740126489,0.0,-118.38174277020067,34.071469381211
ssp370,Los_Angeles,cehwi_day_all,cehwi,day,all,national,national,National,annual_all_days_primary,All calendar-year days; non-heatwave days contribute zero,"1,2,3,4,5,6,7,8,9,10,11,12",2025-2050,313170.0,70495.0,0.4156986368187579,0.0093836591178368,0.9393989009139728,0.4237836403078648,0.0094544438043898,0.9769534576879716,0.4237836403078648,-0.1293861770722437,0.9769534576879716,0.0,-118.38174277020067,34.071469381211
ssp370,Los_Angeles,cehwi_night_all,cehwi,night,all,national,national,National,annual_all_days_primary,All calendar-year days; non-heatwave days contribute zero,"1,2,3,4,5,6,7,8,9,10,11,12",2025-2050,313170.0,63.0,0.0,0.0,2.286998581090053e-05,0.0,0.0,2.289247922364764e-05,-1.948263057831082e-05,-6.185774038027097e-05,2.289247922364764e-05,0.0,-118.38174277020067,34.071469381211
ssp370,Los_Angeles,exceeded_quantity_composite_all,exceeded_quantity,composite,all,national,national,National,annual_all_days_primary,All calendar-year days; non-heatwave days contribute zero,"1,2,3,4,5,6,7,8,9,10,11,12",2025-2050,313170.0,3009.0,0.0512630006601378,1.1353838515558994e-05,0.1128129751846145,0.0528072955946677,1.1386912615324552e-05,0.120528262785644,0.0528072955946677,-0.0149136715963084,0.120528262785644,0.0,-118.38174277020067,34.071469381211
ssp370,Los_Angeles,exceeded_quantity_day_all,exceeded_quantity,day,all,national,national,National,annual_all_days_primary,All calendar-year days; non-heatwave days contribute zero,"1,2,3,4,5,6,7,8,9,10,11,12",2025-2050,313170.0,70495.0,0.5555398921983535,0.0520065557593829,1.145603961304528,0.570242060552934,0.0529496103040889,1.1988691315544922,0.570242060552934,-0.0583850104486232,1.1988691315544922,0.0,-118.38174277020067,34.071469381211
ssp370,Los_Angeles,exceeded_quantity_night_all,exceeded_quantity,night,all,national,national,National,annual_all_days_primary,All calendar-year days; non-heatwave days contribute zero,"1,2,3,4,5,6,7,8,9,10,11,12",2025-2050,313170.0,63.0,1.945664968034796e-05,0.0,0.0001593533973437,1.947223787830303e-05,0.0,0.0001603771701658,1.947223787830303e-05,-0.0001214326944092,0.0001603771701658,0.0,-118.38174277020067,34.071469381211
ssp370,Louisville,cehwi_composite_all,cehwi,composite,all,national,national,National,annual_all_days_primary,All calendar-year days; non-heatwave days contribute zero,"1,2,3,4,5,6,7,8,9,10,11,12",2025-2050,227760.0,18622.0,0.2241517787334203,0.0070037943612138,0.4327636143822101,0.2288772002303786,0.0070090940724023,0.4507453063883551,0.2288772002303786,0.0070090940724023,0.4507453063883551,0.0,-85.68381502432021,38.18964489781964
ssp370,Louisville,cehwi_day_all,cehwi,day,all,national,national,National,annual_all_days_primary,All calendar-year days; non-heatwave days contribute zero,"1,2,3,4,5,6,7,8,9,10,11,12",2025-2050,227760.0,45797.0,0.2365779920022565,0.0011251509770757,0.5654446012760364,0.2396452222300996,0.0011302715994441,0.5817077146606248,0.2396452222300996,-0.102417270200428,0.5817077146606248,0.0,-85.68381502432021,38.18964489781964
ssp370,Louisville,cehwi_night_all,cehwi,night,all,national,national,National,annual_all_days_primary,All calendar-year days; non-heatwave days contribute zero,"1,2,3,4,5,6,7,8,9,10,11,12",2025-2050,227760.0,3575.0,0.0,0.0,0.001685366537112,0.0,0.0,0.0016870066797903,-0.0014355837687655,-0.0045581742173216,0.0016870066797903,0.0,-85.68381502432021,38.18964489781964
ssp370,Louisville,exceeded_quantity_composite_all,exceeded_quantity,composite,all,national,national,National,annual_all_days_primary,All calendar-year days; non-heatwave days contribute zero,"1,2,3,4,5,6,7,8,9,10,11,12",2025-2050,227760.0,18622.0,0.254038307494894,0.0,0.5860863627435297,0.2590615554657298,0.0,0.6129970980048935,0.2590615554657298,-0.0948739870734334,0.6129970980048935,0.0,-85.68381502432021,38.18964489781964
ssp370,Louisville,exceeded_quantity_day_all,exceeded_quantity,day,all,national,national,National,annual_all_days_primary,All calendar-year days; non-heatwave days contribute zero,"1,2,3,4,5,6,7,8,9,10,11,12",2025-2050,227760.0,45797.0,0.3291447032006374,0.005170711242031,0.7445665450429698,0.3340259922790674,0.0052214683633621,0.7673654578792088,0.3340259922790674,-0.0993134733210734,0.7673654578792088,0.0,-85.68381502432021,38.18964489781964
ssp370,Louisville,exceeded_quantity_night_all,exceeded_quantity,night,all,national,national,National,annual_all_days_primary,All calendar-year days; non-heatwave days contribute zero,"1,2,3,4,5,6,7,8,9,10,11,12",2025-2050,227760.0,3575.0,0.001295061685849,0.0,0.0106155686187511,0.0012960572941782,0.0,0.0106795830829304,0.0012960572941782,-0.008087468494574,0.0106795830829304,0.0,-85.68381502432021,38.18964489781964
ssp370,Lubbock,cehwi_composite_all,cehwi,composite,all,national,national,National,annual_all_days_primary,All calendar-year days; non-heatwave days contribute zero,"1,2,3,4,5,6,7,8,9,10,11,12",2025-2050,94900.0,14271.0,0.5731091606321123,0.0177533550257688,1.1038695026541463,0.5910690336826016,0.0177740674316446,1.173176404235155,0.5910690336826016,0.0089616631300489,1.173176404235155,0.0,-101.86846205987358,33.57347977527576
ssp370,Lubbock,cehwi_day_all,cehwi,day,all,national,national,National,annual_all_days_primary,All calendar-year days; non-heatwave days contribute zero,"1,2,3,4,5,6,7,8,9,10,11,12",2025-2050,94900.0,12645.0,0.1224789071726114,0.0,0.2991014101258064,0.1237553287232222,0.0,0.3063867961681594,0.1237553287232222,-0.0588761387217167,0.3063867961681594,0.0,-101.86846205987358,33.57347977527576
ssp370,Lubbock,cehwi_night_all,cehwi,night,all,national,national,National,annual_all_days_primary,All calendar-year days; non-heatwave days contribute zero,"1,2,3,4,5,6,7,8,9,10,11,12",2025-2050,94900.0,9174.0,0.0,0.0,0.0433715511146031,0.0,0.0,0.0435817708417771,-0.0357374058316748,-0.1150565825051276,0.0435817708417771,0.0,-101.86846205987358,33.57347977527576
ssp370,Lubbock,exceeded_quantity_composite_all,exceeded_quantity,composite,all,national,national,National,annual_all_days_primary,All calendar-year days; non-heatwave days contribute zero,"1,2,3,4,5,6,7,8,9,10,11,12",2025-2050,94900.0,14271.0,0.5083659865152504,3.6497788954144575e-05,1.155173694005247,0.5203194048316907,3.666309977454004e-05,1.2168569145256565,0.5203194048316907,-0.1762181048622742,1.2168569145256565,0.0,-101.86846205987358,33.57347977527576
ssp370,Lubbock,exceeded_quantity_day_all,exceeded_quantity,day,all,national,national,National,annual_all_days_primary,All calendar-year days; non-heatwave days contribute zero,"1,2,3,4,5,6,7,8,9,10,11,12",2025-2050,94900.0,12645.0,0.2060097250273386,0.004848037591513,0.4640303025956978,0.2092222305501819,0.0049237763704397,0.4785022436745912,0.2092222305501819,-0.0600577825742269,0.4785022436745912,0.0,-101.86846205987358,33.57347977527576
ssp370,Lubbock,exceeded_quantity_night_all,exceeded_quantity,night,all,national,national,National,annual_all_days_primary,All calendar-year days; non-heatwave days contribute zero,"1,2,3,4,5,6,7,8,9,10,11,12",2025-2050,94900.0,9174.0,0.0276153311079868,0.0,0.1833930658447767,0.0277100694482686,0.0,0.1861830723190203,0.0277100694482686,-0.1307629334224831,0.1861830723190203,0.0,-101.86846205987358,33.57347977527576
ssp370,Mesa,cehwi_composite_all,cehwi,composite,all,national,national,National,annual_all_days_primary,All calendar-year days; non-heatwave days contribute zero,"1,2,3,4,5,6,7,8,9,10,11,12",2025-2050,75920.0,8572.0,0.2846947021526116,0.0090767767791468,0.5488684734539674,0.291076662929962,0.0090844720267346,0.5730920272303174,0.291076662929962,0.0090612986296069,0.5730920272303174,0.0,-111.7222897149077,33.41501904761478
ssp370,Mesa,cehwi_day_all,cehwi,day,all,national,national,National,annual_all_days_primary,All calendar-year days; non-heatwave days contribute zero,"1,2,3,4,5,6,7,8,9,10,11,12",2025-2050,75920.0,13258.0,0.227672354991828,0.0038363385696775,0.5296848826667555,0.2313063075848537,0.0038606900234832,0.5473486170966413,0.2313063075848537,-0.0847360019269357,0.5473486170966413,0.0,-111.7222897149077,33.41501904761478
ssp370,Mesa,cehwi_night_all,cehwi,night,all,national,national,National,annual_all_days_primary,All calendar-year days; non-heatwave days contribute zero,"1,2,3,4,5,6,7,8,9,10,11,12",2025-2050,75920.0,9477.0,0.0,0.0,0.0919421188316704,0.0,0.0,0.0926799647216592,-0.0713934218316159,-0.235466808384892,0.0926799647216592,0.0,-111.7222897149077,33.41501904761478
ssp370,Mesa,exceeded_quantity_composite_all,exceeded_quantity,composite,all,national,national,National,annual_all_days_primary,All calendar-year days; non-heatwave days contribute zero,"1,2,3,4,5,6,7,8,9,10,11,12",2025-2050,75920.0,8572.0,0.3000666481888467,0.0,0.6946675488246057,0.3056866643552933,0.0,0.7246760837404467,0.3056866643552933,-0.1133027550298597,0.7246760837404467,0.0,-111.7222897149077,33.41501904761478
ssp370,Mesa,exceeded_quantity_day_all,exceeded_quantity,day,all,national,national,National,annual_all_days_primary,All calendar-year days; non-heatwave days contribute zero,"1,2,3,4,5,6,7,8,9,10,11,12",2025-2050,75920.0,13258.0,0.2658370299053961,0.0033701426907932,0.6070821328177731,0.2695241883512609,0.0034070111170961,0.6247346262645455,0.2695241883512609,-0.0856862495620229,0.6247346262645455,0.0,-111.7222897149077,33.41501904761478
ssp370,Mesa,exceeded_quantity_night_all,exceeded_quantity,night,all,national,national,National,annual_all_days_primary,All calendar-year days; non-heatwave days contribute zero,"1,2,3,4,5,6,7,8,9,10,11,12",2025-2050,75920.0,9477.0,0.049085623540991,0.0,0.2960498899548924,0.0493197926927406,0.0,0.3016302989075252,0.0493197926927406,-0.2029907135220441,0.3016302989075252,0.0,-111.7222897149077,33.41501904761478
ssp370,Miami,cehwi_composite_all,cehwi,composite,all,national,national,National,annual_all_days_primary,All calendar-year days; non-heatwave days contribute zero,"1,2,3,4,5,6,7,8,9,10,11,12",2025-2050,9490.0,781.0,0.0744390208405207,0.002015982290034,0.1457502413358518,0.0750362533674058,0.0020164411688085,0.1480560655660036,0.0750362533674058,0.0020164411688085,0.1480560655660036,0.0,-80.21906371259311,25.778536464808017
ssp370,Miami,cehwi_day_all,cehwi,day,all,national,national,National,annual_all_days_primary,All calendar-year days; non-heatwave days contribute zero,"1,2,3,4,5,6,7,8,9,10,11,12",2025-2050,9490.0,2185.0,0.2306073079076487,0.0,0.5622688214938449,0.2331349421728362,0.0,0.576861131950855,0.2331349421728362,-0.1105912476051852,0.576861131950855,0.0,-80.21906371259311,25.778536464808017
ssp370,Miami,cehwi_night_all,cehwi,night,all,national,national,National,annual_all_days_primary,All calendar-year days; non-heatwave days contribute zero,"1,2,3,4,5,6,7,8,9,10,11,12",2025-2050,9490.0,1672.0,0.0,0.0,0.042123160693314,0.0,0.0,0.0422230019507965,-0.0356855452387722,-0.1135940924283429,0.0422230019507965,0.0,-80.21906371259311,25.778536464808017
ssp370,Miami,exceeded_quantity_composite_all,exceeded_quantity,composite,all,national,national,National,annual_all_days_primary,All calendar-year days; non-heatwave days contribute zero,"1,2,3,4,5,6,7,8,9,10,11,12",2025-2050,9490.0,781.0,0.097739688149968,0.0,0.2357886047344998,0.0985053476680824,0.0,0.2402687403600707,0.0985053476680824,-0.0432580450239055,0.2402687403600707,0.0,-80.21906371259311,25.778536464808017
ssp370,Miami,exceeded_quantity_day_all,exceeded_quantity,day,all,national,national,National,annual_all_days_primary,All calendar-year days; non-heatwave days contribute zero,"1,2,3,4,5,6,7,8,9,10,11,12",2025-2050,9490.0,2185.0,0.2265721638310678,0.0,0.5426128046181687,0.2284998374340825,0.0,0.553384511357687,0.2284998374340825,-0.0963848364895212,0.553384511357687,0.0,-80.21906371259311,25.778536464808017
ssp370,Miami,exceeded_quantity_night_all,exceeded_quantity,night,all,national,national,National,annual_all_days_primary,All calendar-year days; non-heatwave days contribute zero,"1,2,3,4,5,6,7,8,9,10,11,12",2025-2050,9490.0,1672.0,0.0201883066439138,0.0,0.1627620254669575,0.020207734118043,0.0,0.1639432661139682,0.020207734118043,-0.1235277978778822,0.1639432661139682,0.0,-80.21906371259311,25.778536464808017
ssp370,Milwaukee,cehwi_composite_all,cehwi,composite,all,national,national,National,annual_all_days_primary,All calendar-year days; non-heatwave days contribute zero,"1,2,3,4,5,6,7,8,9,10,11,12",2025-2050,113880.0,7512.0,0.2375872469708783,0.0075705543614388,0.456687336979018,0.2441144146757525,0.0075781800254188,0.4815757626443195,0.2441144146757525,0.0066530667071858,0.4815757626443195,0.0,-87.95206111672199,43.04180163093047
ssp370,Milwaukee,cehwi_day_all,cehwi,day,all,national,national,National,annual_all_days_primary,All calendar-year days; non-heatwave days contribute zero,"1,2,3,4,5,6,7,8,9,10,11,12",2025-2050,113880.0,19473.0,0.2282038600658152,0.0009242543098455,0.5434227701712125,0.2313197622269447,0.0009295226324317,0.5600062125600398,0.2313197622269447,-0.0973666881061522,0.5600062125600398,0.0,-87.95206111672199,43.04180163093047
ssp370,Milwaukee,cehwi_night_all,cehwi,night,all,national,national,National,annual_all_days_primary,All calendar-year days; non-heatwave days contribute zero,"1,2,3,4,5,6,7,8,9,10,11,12",2025-2050,113880.0,1144.0,0.0,0.0,0.0021667646449669,0.0,0.0,0.002171471171462,-0.0018386809681168,-0.0058488331076958,0.002171471171462,0.0,-87.95206111672199,43.04180163093047
ssp370,Milwaukee,exceeded_quantity_composite_all,exceeded_quantity,composite,all,national,national,National,annual_all_days_primary,All calendar-year days; non-heatwave days contribute zero,"1,2,3,4,5,6,7,8,9,10,11,12",2025-2050,113880.0,7512.0,0.2743392980216685,0.0002614337848616,0.6170096457361857,0.2815291990143034,0.0002633152855996,0.6536748505488595,0.2815291990143034,-0.0906164525202525,0.6536748505488595,0.0,-87.95206111672199,43.04180163093047
ssp370,Milwaukee,exceeded_quantity_day_all,exceeded_quantity,day,all,national,national,National,annual_all_days_primary,All calendar-year days; non-heatwave days contribute zero,"1,2,3,4,5,6,7,8,9,10,11,12",2025-2050,113880.0,19473.0,0.3859453298164247,0.0239543783834978,0.8211222645205172,0.3946530504750432,0.02438260582248,0.8550289946317771,0.3946530504750432,-0.0657228936816903,0.8550289946317771,0.0,-87.95206111672199,43.04180163093047
ssp370,Milwaukee,exceeded_quantity_night_all,exceeded_quantity,night,all,national,national,National,annual_all_days_primary,All calendar-year days; non-heatwave days contribute zero,"1,2,3,4,5,6,7,8,9,10,11,12",2025-2050,113880.0,1144.0,0.0021831323539813,0.0,0.0147959282582337,0.0021898446285901,0.0,0.0150027490305146,0.0021898446285901,-0.0106230597733343,0.0150027490305146,0.0,-87.95206111672199,43.04180163093047
ssp370,Minneapolis,cehwi_composite_all,cehwi,composite,all,national,national,National,annual_all_days_primary,All calendar-year days; non-heatwave days contribute zero,"1,2,3,4,5,6,7,8,9,10,11,12",2025-2050,66430.0,2157.0,0.1114498565026851,0.0036308229333706,0.2142043384864453,0.1142842449973189,0.0036343083608711,0.2249451362993008,0.1142842449973189,0.0036233536953372,0.2249451362993008,0.0,-93.270301483301,44.960120100206886
ssp370,Minneapolis,cehwi_day_all,cehwi,day,all,national,national,National,annual_all_days_primary,All calendar-year days; non-heatwave days contribute zero,"1,2,3,4,5,6,7,8,9,10,11,12",2025-2050,66430.0,12888.0,0.2887573168276709,0.0021873616414919,0.680288868661053,0.2930523231707695,0.0022002523879197,0.7025063103096085,0.2930523231707695,-0.1164016639680711,0.7025063103096085,0.0,-93.270301483301,44.960120100206886
ssp370,Minneapolis,cehwi_night_all,cehwi,night,all,national,national,National,annual_all_days_primary,All calendar-year days; non-heatwave days contribute zero,"1,2,3,4,5,6,7,8,9,10,11,12",2025-2050,66430.0,92.0,0.0,0.0,0.0001850807988611,0.0,0.0,0.0001853314017737,-0.0001575432305989,-0.0005004178629717,0.0001853314017737,0.0,-93.270301483301,44.960120100206886
ssp370,Minneapolis,exceeded_quantity_composite_all,exceeded_quantity,composite,all,national,national,National,annual_all_days_primary,All calendar-year days; non-heatwave days contribute zero,"1,2,3,4,5,6,7,8,9,10,11,12",2025-2050,66430.0,2157.0,0.1405483199430724,0.0001087694260189,0.3167313833542075,0.1441554735725534,0.0001093310483679,0.3353203233498812,0.1441554735725534,-0.0470093762047741,0.3353203233498812,0.0,-93.270301483301,44.960120100206886
ssp370,Minneapolis,exceeded_quantity_day_all,exceeded_quantity,day,all,national,national,National,annual_all_days_primary,All calendar-year days; non-heatwave days contribute zero,"1,2,3,4,5,6,7,8,9,10,11,12",2025-2050,66430.0,12888.0,0.4111274265914955,0.0203744861668642,0.8878277719899682,0.4196572629401164,0.0207228674305883,0.9222601426970224,0.4196572629401164,-0.0829456168167891,0.9222601426970224,0.0,-93.270301483301,44.960120100206886
ssp370,Minneapolis,exceeded_quantity_night_all,exceeded_quantity,night,all,national,national,National,annual_all_days_primary,All calendar-year days; non-heatwave days contribute zero,"1,2,3,4,5,6,7,8,9,10,11,12",2025-2050,66430.0,92.0,0.0001977812284905,0.0,0.0015009660699395,0.0001980872107763,0.0,0.0015172361640938,0.0001980872107763,-0.0011210617425411,0.0015172361640938,0.0,-93.270301483301,44.960120100206886
ssp370,Miramar,cehwi_composite_all,cehwi,composite,all,national,national,National,annual_all_days_primary,All calendar-year days; non-heatwave days contribute zero,"1,2,3,4,5,6,7,8,9,10,11,12",2025-2050,18980.0,1614.0,0.076218961688622,0.0020661645092802,0.1492195592138165,0.0768381381728629,0.0020666417901119,0.1516096345556143,0.0768381381728629,0.0020666417901119,0.1516096345556143,0.0,-80.30889524100506,25.980599743327616
ssp370,Miramar,cehwi_day_all,cehwi,day,all,national,national,National,annual_all_days_primary,All calendar-year days; non-heatwave days contribute zero,"1,2,3,4,5,6,7,8,9,10,11,12",2025-2050,18980.0,4444.0,0.2265860344485918,0.0,0.5561181418021854,0.2288686158069215,0.0,0.5695298507376455,0.2288686158069215,-0.1117926191238053,0.5695298507376455,0.0,-80.30889524100506,25.980599743327616
ssp370,Miramar,cehwi_night_all,cehwi,night,all,national,national,National,annual_all_days_primary,All calendar-year days; non-heatwave days contribute zero,"1,2,3,4,5,6,7,8,9,10,11,12",2025-2050,18980.0,3675.0,0.0,0.0,0.0508075495871057,0.0,0.0,0.050940838721997,-0.042984187216979,-0.136909213155957,0.050940838721997,0.0,-80.30889524100506,25.980599743327616
ssp370,Miramar,exceeded_quantity_composite_all,exceeded_quantity,composite,all,national,national,National,annual_all_days_primary,All calendar-year days; non-heatwave days contribute zero,"1,2,3,4,5,6,7,8,9,10,11,12",2025-2050,18980.0,1614.0,0.0976363345386857,0.0,0.2358236908594332,0.0983622273930217,0.0,0.2400818703488194,0.0983622273930217,-0.0433574155627757,0.2400818703488194,0.0,-80.30889524100506,25.980599743327616
ssp370,Miramar,exceeded_quantity_day_all,exceeded_quantity,day,all,national,national,National,annual_all_days_primary,All calendar-year days; non-heatwave days contribute zero,"1,2,3,4,5,6,7,8,9,10,11,12",2025-2050,18980.0,4444.0,0.2277750594717577,1.0157129794854057e-05,0.5481255542298268,0.2295880739880368,1.016362438232982e-05,0.5584017910669141,0.2295880739880368,-0.0992256430908398,0.5584017910669141,0.0,-80.30889524100506,25.980599743327616
ssp370,Miramar,exceeded_quantity_night_all,exceeded_quantity,night,all,national,national,National,annual_all_days_primary,All calendar-year days; non-heatwave days contribute zero,"1,2,3,4,5,6,7,8,9,10,11,12",2025-2050,18980.0,3675.0,0.0231766675024896,0.0,0.1857390189395716,0.0232003456507166,0.0,0.1871543170951707,0.0232003456507166,-0.1407536257937374,0.1871543170951707,0.0,-80.30889524100506,25.980599743327616
ssp370,Nashville,cehwi_composite_all,cehwi,composite,all,national,national,National,annual_all_days_primary,All calendar-year days; non-heatwave days contribute zero,"1,2,3,4,5,6,7,8,9,10,11,12",2025-2050,275210.0,38421.0,0.4270094267228685,0.0140272048261291,0.820396919841693,0.4380392812010731,0.0140409570170511,0.8621900096283109,0.4380392812010731,0.0138885527738358,0.8621900096283109,0.0,-86.77366764775488,36.19153461330117
ssp370,Nashville,cehwi_day_all,cehwi,day,all,national,national,National,annual_all_days_primary,All calendar-year days; non-heatwave days contribute zero,"1,2,3,4,5,6,7,8,9,10,11,12",2025-2050,275210.0,41662.0,0.1180121794947788,0.0,0.29184091866812,0.1190290511225889,0.0,0.2978455667830869,0.1190290511225889,-0.0597874645379114,0.2978455667830869,0.0,-86.77366764775488,36.19153461330117
ssp370,Nashville,cehwi_night_all,cehwi,night,all,national,national,National,annual_all_days_primary,All calendar-year days; non-heatwave days contribute zero,"1,2,3,4,5,6,7,8,9,10,11,12",2025-2050,275210.0,28200.0,0.0,0.0,0.0316657742322254,0.0,0.0,0.0317776321075824,-0.0264911108574734,-0.0847598538225302,0.0317776321075824,0.0,-86.77366764775488,36.19153461330117
ssp370,Nashville,exceeded_quantity_composite_all,exceeded_quantity,composite,all,national,national,National,annual_all_days_primary,All calendar-year days; non-heatwave days contribute zero,"1,2,3,4,5,6,7,8,9,10,11,12",2025-2050,275210.0,38421.0,0.3920609857001728,0.0,0.9066547074141036,0.399557953384108,0.0,0.946782910104768,0.399557953384108,-0.1476670033365514,0.946782910104768,0.0,-86.77366764775488,36.19153461330117
ssp370,Nashville,exceeded_quantity_day_all,exceeded_quantity,day,all,national,national,National,annual_all_days_primary,All calendar-year days; non-heatwave days contribute zero,"1,2,3,4,5,6,7,8,9,10,11,12",2025-2050,275210.0,41662.0,0.1816077831747421,0.0002709489183071,0.4303367939775366,0.1833805044401984,0.0002725291295119,0.4398777809855986,0.1833805044401984,-0.0731167721052012,0.4398777809855986,0.0,-86.77366764775488,36.19153461330117
ssp370,Nashville,exceeded_quantity_night_all,exceeded_quantity,night,all,national,national,National,annual_all_days_primary,All calendar-year days; non-heatwave days contribute zero,"1,2,3,4,5,6,7,8,9,10,11,12",2025-2050,275210.0,28200.0,0.01648413649033,0.0,0.1274184809365284,0.0165071905769149,0.0,0.1286551259769344,0.0165071905769149,-0.0956407448231046,0.1286551259769344,0.0,-86.77366764775488,36.19153461330117
ssp370,New_York,cehwi_composite_all,cehwi,composite,all,national,national,National,annual_all_days_primary,All calendar-year days; non-heatwave days contribute zero,"1,2,3,4,5,6,7,8,9,10,11,12",2025-2050,180310.0,12433.0,0.2208987577863391,0.0071201501813289,0.4249527401547037,0.2263916747982171,0.0071267776794204,0.4458021855687099,0.2263916747982171,0.0069811640277245,0.4458021855687099,0.0,-73.93385110803686,40.68503572090172
ssp370,New_York,cehwi_day_all,cehwi,day,all,national,national,National,annual_all_days_primary,All calendar-year days; non-heatwave days contribute zero,"1,2,3,4,5,6,7,8,9,10,11,12",2025-2050,180310.0,26624.0,0.1649163978373859,0.000224017980612,0.4027995863515418,0.1666650395267891,0.0002251497761652,0.4128042733706972,0.1666650395267891,-0.0794741943171204,0.4128042733706972,0.0,-73.93385110803686,40.68503572090172
ssp370,New_York,cehwi_night_all,cehwi,night,all,national,national,National,annual_all_days_primary,All calendar-year days; non-heatwave days contribute zero,"1,2,3,4,5,6,7,8,9,10,11,12",2025-2050,180310.0,3195.0,0.0,0.0,0.005301772816902,0.0,0.0,0.0053206979490353,-0.0044405974332362,-0.0142018928155079,0.0053206979490353,0.0,-73.93385110803686,40.68503572090172
ssp370,New_York,exceeded_quantity_composite_all,exceeded_quantity,composite,all,national,national,National,annual_all_days_primary,All calendar-year days; non-heatwave days contribute zero,"1,2,3,4,5,6,7,8,9,10,11,12",2025-2050,180310.0,12433.0,0.2640874031556636,0.0,0.5981623571167229,0.2705246628312551,0.0,0.6314758728929416,0.2705246628312551,-0.0904265472304309,0.6314758728929416,0.0,-73.93385110803686,40.68503572090172
ssp370,New_York,exceeded_quantity_day_all,exceeded_quantity,day,all,national,national,National,annual_all_days_primary,All calendar-year days; non-heatwave days contribute zero,"1,2,3,4,5,6,7,8,9,10,11,12",2025-2050,180310.0,26624.0,0.2937631219258368,0.0084839627542901,0.6462081463604259,0.29903489022068,0.0085847218290928,0.6692346026808443,0.29903489022068,-0.071164822239484,0.6692346026808443,0.0,-73.93385110803686,40.68503572090172
ssp370,New_York,exceeded_quantity_night_all,exceeded_quantity,night,all,national,national,National,annual_all_days_primary,All calendar-year days; non-heatwave days contribute zero,"1,2,3,4,5,6,7,8,9,10,11,12",2025-2050,180310.0,3195.0,0.003824140044338,0.0,0.027255865977011,0.0038333975357522,0.0,0.0276054482045214,0.0038333975357522,-0.0199386531330169,0.0276054482045214,0.0,-73.93385110803686,40.68503572090172
ssp370,Newark,cehwi_composite_all,cehwi,composite,all,national,national,National,annual_all_days_primary,All calendar-year days; non-heatwave days contribute zero,"1,2,3,4,5,6,7,8,9,10,11,12",2025-2050,28470.0,1344.0,0.1319405054345294,0.004170038794397,0.25457554047572,0.1347949344163161,0.0041734364161619,0.2654164324164705,0.1347949344163161,0.0041734364161619,0.2654164324164705,0.0,-74.18238500330992,40.73053616358863
ssp370,Newark,cehwi_day_all,cehwi,day,all,national,national,National,annual_all_days_primary,All calendar-year days; non-heatwave days contribute zero,"1,2,3,4,5,6,7,8,9,10,11,12",2025-2050,28470.0,4511.0,0.2104152827189212,0.0008730430140691,0.5055980575076722,0.2130736090923061,0.0008773789374427,0.5200613295445413,0.2130736090923061,-0.0939141113599303,0.5200613295445413,0.0,-74.18238500330992,40.73053616358863
ssp370,Newark,cehwi_night_all,cehwi,night,all,national,national,National,annual_all_days_primary,All calendar-year days; non-heatwave days contribute zero,"1,2,3,4,5,6,7,8,9,10,11,12",2025-2050,28470.0,421.0,0.0,0.0,0.0048093177946468,0.0,0.0,0.0048262054405179,-0.0040415629112236,-0.0129093312629654,0.0048262054405179,0.0,-74.18238500330992,40.73053616358863
ssp370,Newark,exceeded_quantity_composite_all,exceeded_quantity,composite,all,national,national,National,annual_all_days_primary,All calendar-year days; non-heatwave days contribute zero,"1,2,3,4,5,6,7,8,9,10,11,12",2025-2050,28470.0,1344.0,0.1723597129394556,0.0,0.3935778722943547,0.1762541873087609,0.0,0.4140726124518379,0.1762541873087609,-0.0615642378343158,0.4140726124518379,0.0,-74.18238500330992,40.73053616358863
ssp370,Newark,exceeded_quantity_day_all,exceeded_quantity,day,all,national,national,National,annual_all_days_primary,All calendar-year days; non-heatwave days contribute zero,"1,2,3,4,5,6,7,8,9,10,11,12",2025-2050,28470.0,4511.0,0.3560855987721734,0.0135007839325397,0.769391783989024,0.3631655103099492,0.0136668948814458,0.7992368574672881,0.3631655103099492,-0.0729058368473892,0.7992368574672881,0.0,-74.18238500330992,40.73053616358863
ssp370,Newark,exceeded_quantity_night_all,exceeded_quantity,night,all,national,national,National,annual_all_days_primary,All calendar-year days; non-heatwave days contribute zero,"1,2,3,4,5,6,7,8,9,10,11,12",2025-2050,28470.0,421.0,0.0037201399586708,0.0,0.0251179811460812,0.0037320337352722,0.0,0.0254855002819429,0.0037320337352722,-0.0180214328113985,0.0254855002819429,0.0,-74.18238500330992,40.73053616358863
ssp370,Oakland,cehwi_composite_all,cehwi,composite,all,national,national,National,annual_all_days_primary,All calendar-year days; non-heatwave days contribute zero,"1,2,3,4,5,6,7,8,9,10,11,12",2025-2050,66430.0,6.0,0.0003095482448176,9.31966085557986e-06,0.0005983396739274,0.0003158074644192,9.325425990582268e-06,0.0006222895028478,0.0003158074644192,9.325425990582268e-06,0.0006222895028478,0.0,-122.21938649647218,37.78069814132114
ssp370,Oakland,cehwi_day_all,cehwi,day,all,national,national,National,annual_all_days_primary,All calendar-year days; non-heatwave days contribute zero,"1,2,3,4,5,6,7,8,9,10,11,12",2025-2050,66430.0,15219.0,0.392562064726753,0.0074542824936073,0.902302539887137,0.39951593215626,0.0075138111252442,0.9356592835311568,0.39951593215626,-0.1366274192186382,0.9356592835311568,0.0,-122.21938649647218,37.78069814132114
ssp370,Oakland,cehwi_night_all,cehwi,night,all,national,national,National,annual_all_days_primary,All calendar-year days; non-heatwave days contribute zero,"1,2,3,4,5,6,7,8,9,10,11,12",2025-2050,66430.0,0.0,0.0,0.0,0.0,0.0,0.0,0.0,0.0,0.0,0.0,0.0,-122.21938649647218,37.78069814132114
ssp370,Oakland,exceeded_quantity_composite_all,exceeded_quantity,composite,all,national,national,National,annual_all_days_primary,All calendar-year days; non-heatwave days contribute zero,"1,2,3,4,5,6,7,8,9,10,11,12",2025-2050,66430.0,6.0,0.0005347099979762,0.0,0.0011689262066814,0.0005512428846172,0.0,0.0012519956006248,0.0005512428846172,-0.0001495098313903,0.0012519956006248,0.0,-122.21938649647218,37.78069814132114
ssp370,Oakland,exceeded_quantity_day_all,exceeded_quantity,day,all,national,national,National,annual_all_days_primary,All calendar-year days; non-heatwave days contribute zero,"1,2,3,4,5,6,7,8,9,10,11,12",2025-2050,66430.0,15219.0,0.589955487640232,0.0502896542153008,1.2222890372235191,0.6054163009433213,0.05130779691517,1.2789058570770653,0.6054163009433213,-0.0680732551904224,1.2789058570770653,0.0,-122.21938649647218,37.78069814132114
ssp370,Oakland,exceeded_quantity_night_all,exceeded_quantity,night,all,national,national,National,annual_all_days_primary,All calendar-year days; non-heatwave days contribute zero,"1,2,3,4,5,6,7,8,9,10,11,12",2025-2050,66430.0,0.0,0.0,0.0,0.0,0.0,0.0,0.0,0.0,0.0,0.0,0.0,-122.21938649647218,37.78069814132114
ssp370,Oklahoma_City,cehwi_composite_all,cehwi,composite,all,national,national,National,annual_all_days_primary,All calendar-year days; non-heatwave days contribute zero,"1,2,3,4,5,6,7,8,9,10,11,12",2025-2050,275210.0,43751.0,0.6313087381451088,0.0189640936578587,1.2233427891886492,0.6514700982706206,0.018986357365806,1.3023069838819283,0.6514700982706206,0.0006332126593133,1.3023069838819283,0.0,-97.51318175134928,35.47080687822383
ssp370,Oklahoma_City,cehwi_day_all,cehwi,day,all,national,national,National,annual_all_days_primary,All calendar-year days; non-heatwave days contribute zero,"1,2,3,4,5,6,7,8,9,10,11,12",2025-2050,275210.0,26944.0,0.0609877923630888,0.0,0.1517785244936823,0.0614468193511237,0.0,0.1545306252187324,0.0614468193511237,-0.0316369865164866,0.1545306252187324,0.0,-97.51318175134928,35.47080687822383
ssp370,Oklahoma_City,cehwi_night_all,cehwi,night,all,national,national,National,annual_all_days_primary,All calendar-year days; non-heatwave days contribute zero,"1,2,3,4,5,6,7,8,9,10,11,12",2025-2050,275210.0,30362.0,0.0,0.0,0.0436335505211598,0.0,0.0,0.0438064630318576,-0.036515142631054,-0.1168367482939668,0.0438064630318576,0.0,-97.51318175134928,35.47080687822383
ssp370,Oklahoma_City,exceeded_quantity_composite_all,exceeded_quantity,composite,all,national,national,National,annual_all_days_primary,All calendar-year days; non-heatwave days contribute zero,"1,2,3,4,5,6,7,8,9,10,11,12",2025-2050,275210.0,43751.0,0.542982955154022,3.395791067593699e-05,1.2282063874031508,0.5563274700704832,3.409872204225682e-05,1.2964407650985714,0.5563274700704832,-0.183785824957604,1.2964407650985714,0.0,-97.51318175134928,35.47080687822383
ssp370,Oklahoma_City,exceeded_quantity_day_all,exceeded_quantity,day,all,national,national,National,annual_all_days_primary,All calendar-year days; non-heatwave days contribute zero,"1,2,3,4,5,6,7,8,9,10,11,12",2025-2050,275210.0,26944.0,0.1166209129273241,0.0014855868627533,0.2712433177988085,0.1180130111191762,0.0015068455108171,0.2780167089676656,0.1180130111191762,-0.0419906867293128,0.2780167089676656,0.0,-97.51318175134928,35.47080687822383
ssp370,Oklahoma_City,exceeded_quantity_night_all,exceeded_quantity,night,all,national,national,National,annual_all_days_primary,All calendar-year days; non-heatwave days contribute zero,"1,2,3,4,5,6,7,8,9,10,11,12",2025-2050,275210.0,30362.0,0.0251926509564234,0.0,0.180729242524472,0.0252508997570938,0.0,0.183071595961946,0.0252508997570938,-0.1325697964477585,0.183071595961946,0.0,-97.51318175134928,35.47080687822383
ssp370,Orlando,cehwi_composite_all,cehwi,composite,all,national,national,National,annual_all_days_primary,All calendar-year days; non-heatwave days contribute zero,"1,2,3,4,5,6,7,8,9,10,11,12",2025-2050,123370.0,13211.0,0.165850979698292,0.0049187664536141,0.3219252993670696,0.1685249728105274,0.0049215810654482,0.332128364555607,0.1685249728105274,0.0049215810654482,0.332128364555607,0.0,-81.35232299409775,28.49312681063099
ssp370,Orlando,cehwi_day_all,cehwi,day,all,national,national,National,annual_all_days_primary,All calendar-year days; non-heatwave days contribute zero,"1,2,3,4,5,6,7,8,9,10,11,12",2025-2050,123370.0,22722.0,0.180195776982526,0.0010094373716265,0.428088772217157,0.182601491199595,0.0010135247504143,0.4404441826779136,0.182601491199595,-0.0752412002787259,0.4404441826779136,0.0,-81.35232299409775,28.49312681063099
ssp370,Orlando,cehwi_night_all,cehwi,night,all,national,national,National,annual_all_days_primary,All calendar-year days; non-heatwave days contribute zero,"1,2,3,4,5,6,7,8,9,10,11,12",2025-2050,123370.0,24417.0,0.0,0.0,0.0630078295140497,0.0,0.0,0.0632159376239408,-0.0530510766728701,-0.1693180909696829,0.0632159376239408,0.0,-81.35232299409775,28.49312681063099
ssp370,Orlando,exceeded_quantity_composite_all,exceeded_quantity,composite,all,national,national,National,annual_all_days_primary,All calendar-year days; non-heatwave days contribute zero,"1,2,3,4,5,6,7,8,9,10,11,12",2025-2050,123370.0,13211.0,0.1685167274098344,0.0,0.4033231718264117,0.1702602431027877,0.0,0.4133656698957046,0.1702602431027877,-0.0728451836901288,0.4133656698957046,0.0,-81.35232299409775,28.49312681063099
ssp370,Orlando,exceeded_quantity_day_all,exceeded_quantity,day,all,national,national,National,annual_all_days_primary,All calendar-year days; non-heatwave days contribute zero,"1,2,3,4,5,6,7,8,9,10,11,12",2025-2050,123370.0,22722.0,0.1982288173096643,5.1777581833298456e-05,0.4707395191720644,0.2000974088052589,5.2248023252025846e-05,0.4808610795668376,0.2000974088052589,-0.0806662619563192,0.4808610795668376,0.0,-81.35232299409775,28.49312681063099
ssp370,Orlando,exceeded_quantity_night_all,exceeded_quantity,night,all,national,national,National,annual_all_days_primary,All calendar-year days; non-heatwave days contribute zero,"1,2,3,4,5,6,7,8,9,10,11,12",2025-2050,123370.0,24417.0,0.0295692368949919,0.0,0.2292847371336855,0.0296097502778692,0.0,0.2314529164982139,0.0296097502778692,-0.1722334159424754,0.2314529164982139,0.0,-81.35232299409775,28.49312681063099
ssp370,Overland_Park,cehwi_composite_all,cehwi,composite,all,national,national,National,annual_all_days_primary,All calendar-year days; non-heatwave days contribute zero,"1,2,3,4,5,6,7,8,9,10,11,12",2025-2050,56940.0,9177.0,0.6203819108384807,0.0201976160876275,1.1879618420145803,0.6398003375940552,0.0202213926360596,1.2617774612549797,0.6398003375940552,0.0178232139331314,1.2617774612549797,0.0,-94.6819397869174,38.90919757348814
ssp370,Overland_Park,cehwi_day_all,cehwi,day,all,national,national,National,annual_all_days_primary,All calendar-year days; non-heatwave days contribute zero,"1,2,3,4,5,6,7,8,9,10,11,12",2025-2050,56940.0,6764.0,0.07064172218283,0.0,0.1778747531603915,0.0710501878078014,0.0,0.1804517681095786,0.0710501878078014,-0.0383513924939779,0.1804517681095786,0.0,-94.6819397869174,38.90919757348814
ssp370,Overland_Park,cehwi_night_all,cehwi,night,all,national,national,National,annual_all_days_primary,All calendar-year days; non-heatwave days contribute zero,"1,2,3,4,5,6,7,8,9,10,11,12",2025-2050,56940.0,5792.0,0.0,0.0,0.03522444320325,0.0,0.0,0.0353428656137129,-0.029668185515653,-0.09467923664502,0.0353428656137129,0.0,-94.6819397869174,38.90919757348814
ssp370,Overland_Park,exceeded_quantity_composite_all,exceeded_quantity,composite,all,national,national,National,annual_all_days_primary,All calendar-year days; non-heatwave days contribute zero,"1,2,3,4,5,6,7,8,9,10,11,12",2025-2050,56940.0,9177.0,0.5340186102931422,0.0,1.2154427635170744,0.5462213799749578,0.0,1.2789062781502778,0.5462213799749578,-0.1864635182003613,1.2789062781502778,0.0,-94.6819397869174,38.90919757348814
ssp370,Overland_Park,exceeded_quantity_day_all,exceeded_quantity,day,all,national,national,National,annual_all_days_primary,All calendar-year days; non-heatwave days contribute zero,"1,2,3,4,5,6,7,8,9,10,11,12",2025-2050,56940.0,6764.0,0.1385550443585358,7.989147090175395e-05,0.3300038533154741,0.1398316318725638,8.01558729456765e-05,0.3370249335885629,0.1398316318725638,-0.0573616698434347,0.3370249335885629,0.0,-94.6819397869174,38.90919757348814
ssp370,Overland_Park,exceeded_quantity_night_all,exceeded_quantity,night,all,national,national,National,annual_all_days_primary,All calendar-year days; non-heatwave days contribute zero,"1,2,3,4,5,6,7,8,9,10,11,12",2025-2050,56940.0,5792.0,0.021513050924116,0.0,0.1572132205137014,0.021556327926588,0.0,0.1591401238503081,0.021556327926588,-0.1160274679971321,0.1591401238503081,0.0,-94.6819397869174,38.90919757348814
ssp370,Palm_Bay,cehwi_composite_all,cehwi,composite,all,national,national,National,annual_all_days_primary,All calendar-year days; non-heatwave days contribute zero,"1,2,3,4,5,6,7,8,9,10,11,12",2025-2050,56940.0,4254.0,0.0925660774437237,0.0026775120943883,0.1801423113035805,0.0938336999589057,0.0026787804465135,0.1849886194712983,0.0938336999589057,0.0026787804465135,0.1849886194712983,0.0,-80.66822135465287,27.98177179128451
ssp370,Palm_Bay,cehwi_day_all,cehwi,day,all,national,national,National,annual_all_days_primary,All calendar-year days; non-heatwave days contribute zero,"1,2,3,4,5,6,7,8,9,10,11,12",2025-2050,56940.0,12356.0,0.237161660773404,0.0004117662580446,0.5669168695542077,0.240257759829227,0.0004136820907196,0.5835561436241732,0.240257759829227,-0.1030406239657216,0.5835561436241732,0.0,-80.66822135465287,27.98177179128451
ssp370,Palm_Bay,cehwi_night_all,cehwi,night,all,national,national,National,annual_all_days_primary,All calendar-year days; non-heatwave days contribute zero,"1,2,3,4,5,6,7,8,9,10,11,12",2025-2050,56940.0,11128.0,0.0,0.0,0.0630279656619315,0.0,0.0,0.0632476190686923,-0.0529100640828418,-0.169067747234378,0.0632476190686923,0.0,-80.66822135465287,27.98177179128451
ssp370,Palm_Bay,exceeded_quantity_composite_all,exceeded_quantity,composite,all,national,national,National,annual_all_days_primary,All calendar-year days; non-heatwave days contribute zero,"1,2,3,4,5,6,7,8,9,10,11,12",2025-2050,56940.0,4254.0,0.0980853505918392,0.0,0.2361363163578504,0.0989231307283846,0.0,0.2410237044015066,0.0989231307283846,-0.043177442944737,0.2410237044015066,0.0,-80.66822135465287,27.98177179128451
ssp370,Palm_Bay,exceeded_quantity_day_all,exceeded_quantity,day,all,national,national,National,annual_all_days_primary,All calendar-year days; non-heatwave days contribute zero,"1,2,3,4,5,6,7,8,9,10,11,12",2025-2050,56940.0,12356.0,0.2470584425410475,0.0001899194686181,0.5852796385716236,0.2494706865090669,0.0001911253214543,0.5983257874457389,0.2494706865090669,-0.0993844144276041,0.5983257874457389,0.0,-80.66822135465287,27.98177179128451
ssp370,Palm_Bay,exceeded_quantity_night_all,exceeded_quantity,night,all,national,national,National,annual_all_days_primary,All calendar-year days; non-heatwave days contribute zero,"1,2,3,4,5,6,7,8,9,10,11,12",2025-2050,56940.0,11128.0,0.0281242978168374,0.0,0.22004094353348,0.0281603279737095,0.0,0.2220195901758534,0.0281603279737095,-0.1656989342284342,0.2220195901758534,0.0,-80.66822135465287,27.98177179128451
ssp370,Philadelphia,cehwi_composite_all,cehwi,composite,all,national,national,National,annual_all_days_primary,All calendar-year days; non-heatwave days contribute zero,"1,2,3,4,5,6,7,8,9,10,11,12",2025-2050,151840.0,10463.0,0.1764103898788205,0.0054603767143411,0.3408936630003684,0.1799931637441285,0.0054644326845463,0.3545232191492768,0.1799931637441285,0.0054631083389803,0.3545232191492768,0.0,-75.13796788679207,40.013611438447285
ssp370,Philadelphia,cehwi_day_all,cehwi,day,all,national,national,National,annual_all_days_primary,All calendar-year days; non-heatwave days contribute zero,"1,2,3,4,5,6,7,8,9,10,11,12",2025-2050,151840.0,23867.0,0.1762892245338882,0.0006653071115821,0.4249524278506505,0.1783970412107783,0.0006688528391874,0.4363567304250619,0.1783970412107783,-0.079562648003507,0.4363567304250619,0.0,-75.13796788679207,40.013611438447285
ssp370,Philadelphia,cehwi_night_all,cehwi,night,all,national,national,National,annual_all_days_primary,All calendar-year days; non-heatwave days contribute zero,"1,2,3,4,5,6,7,8,9,10,11,12",2025-2050,151840.0,4359.0,0.0,0.0,0.0099657728488552,0.0,0.0,0.009999272525127,-0.0083846363454135,-0.0267685452159545,0.009999272525127,0.0,-75.13796788679207,40.013611438447285
ssp370,Philadelphia,exceeded_quantity_composite_all,exceeded_quantity,composite,all,national,national,National,annual_all_days_primary,All calendar-year days; non-heatwave days contribute zero,"1,2,3,4,5,6,7,8,9,10,11,12",2025-2050,151840.0,10463.0,0.2303033047627428,0.0,0.5296517750056947,0.23506421148051,0.0,0.5550662317685429,0.23506421148051,-0.0849378088075225,0.5550662317685429,0.0,-75.13796788679207,40.013611438447285
ssp370,Philadelphia,exceeded_quantity_day_all,exceeded_quantity,day,all,national,national,National,annual_all_days_primary,All calendar-year days; non-heatwave days contribute zero,"1,2,3,4,5,6,7,8,9,10,11,12",2025-2050,151840.0,23867.0,0.292180641083078,0.0075125109904498,0.6491338650462503,0.2971204656039382,0.0075989991974748,0.671125208263241,0.2971204656039382,-0.0768842770553642,0.671125208263241,0.0,-75.13796788679207,40.013611438447285
ssp370,Philadelphia,exceeded_quantity_night_all,exceeded_quantity,night,all,national,national,National,annual_all_days_primary,All calendar-year days; non-heatwave days contribute zero,"1,2,3,4,5,6,7,8,9,10,11,12",2025-2050,151840.0,4359.0,0.0079156887910575,0.0,0.0535188057357202,0.0079415296331312,0.0,0.0543176790965569,0.0079415296331312,-0.0384346198302945,0.0543176790965569,0.0,-75.13796788679207,40.013611438447285
ssp370,Phoenix,cehwi_composite_all,cehwi,composite,all,national,national,National,annual_all_days_primary,All calendar-year days; non-heatwave days contribute zero,"1,2,3,4,5,6,7,8,9,10,11,12",2025-2050,294190.0,31546.0,0.2601067927604241,0.0082064895554465,0.5020089249640577,0.2656594738173752,0.0082130007398273,0.5231068362501056,0.2656594738173752,0.0082121113846453,0.5231068362501056,0.0,-112.08811946862154,33.55574616532266
ssp370,Phoenix,cehwi_day_all,cehwi,day,all,national,national,National,annual_all_days_primary,All calendar-year days; non-heatwave days contribute zero,"1,2,3,4,5,6,7,8,9,10,11,12",2025-2050,294190.0,52736.0,0.2174304515003048,0.0015791723685989,0.5142766964421304,0.2205177615592932,0.0015880697940213,0.530194411330406,0.2205177615592932,-0.0891588882118215,0.530194411330406,0.0,-112.08811946862154,33.55574616532266
ssp370,Phoenix,cehwi_night_all,cehwi,night,all,national,national,National,annual_all_days_primary,All calendar-year days; non-heatwave days contribute zero,"1,2,3,4,5,6,7,8,9,10,11,12",2025-2050,294190.0,36210.0,0.0,0.0,0.091004562964444,0.0,0.0,0.0917627520179184,-0.0700356688020802,-0.2318340896220797,0.0917627520179184,0.0,-112.08811946862154,33.55574616532266
ssp370,Phoenix,exceeded_quantity_composite_all,exceeded_quantity,composite,all,national,national,National,annual_all_days_primary,All calendar-year days; non-heatwave days contribute zero,"1,2,3,4,5,6,7,8,9,10,11,12",2025-2050,294190.0,31546.0,0.2821267393378548,0.0,0.6540639777912954,0.2873083370606797,0.0,0.6818513386660269,0.2873083370606797,-0.1072346645446668,0.6818513386660269,0.0,-112.08811946862154,33.55574616532266
ssp370,Phoenix,exceeded_quantity_day_all,exceeded_quantity,day,all,national,national,National,annual_all_days_primary,All calendar-year days; non-heatwave days contribute zero,"1,2,3,4,5,6,7,8,9,10,11,12",2025-2050,294190.0,52736.0,0.2635806706579108,0.0035803790149461,0.603672168247515,0.2671636346248692,0.0036224392776342,0.6208335262459822,0.2671636346248692,-0.0865062569962433,0.6208335262459822,0.0,-112.08811946862154,33.55574616532266
ssp370,Phoenix,exceeded_quantity_night_all,exceeded_quantity,night,all,national,national,National,annual_all_days_primary,All calendar-year days; non-heatwave days contribute zero,"1,2,3,4,5,6,7,8,9,10,11,12",2025-2050,294190.0,36210.0,0.0487392819900851,0.0,0.2936005490624863,0.0489651041025424,0.0,0.299155549625369,0.0489651041025424,-0.2012253414202844,0.299155549625369,0.0,-112.08811946862154,33.55574616532266
ssp370,Pittsburgh,cehwi_composite_all,cehwi,composite,all,national,national,National,annual_all_days_primary,All calendar-year days; non-heatwave days contribute zero,"1,2,3,4,5,6,7,8,9,10,11,12",2025-2050,75920.0,156.0,0.0052629828371423,0.0001514015338481,0.0102202489238326,0.0053468059795875,0.0001514729230902,0.0105421390360848,0.0053468059795875,0.0001514729230902,0.0105421390360848,0.0,-79.96079806840875,40.42519922162034
ssp370,Pittsburgh,cehwi_day_all,cehwi,day,all,national,national,National,annual_all_days_primary,All calendar-year days; non-heatwave days contribute zero,"1,2,3,4,5,6,7,8,9,10,11,12",2025-2050,75920.0,15502.0,0.3802271618721359,0.0048851788137091,0.8711756196184104,0.3870351356194336,0.0049145432306936,0.9042137090660024,0.3870351356194336,-0.1301434378271361,0.9042137090660024,0.0,-79.96079806840875,40.42519922162034
ssp370,Pittsburgh,cehwi_night_all,cehwi,night,all,national,national,National,annual_all_days_primary,All calendar-year days; non-heatwave days contribute zero,"1,2,3,4,5,6,7,8,9,10,11,12",2025-2050,75920.0,0.0,0.0,0.0,0.0,0.0,0.0,0.0,0.0,0.0,0.0,0.0,-79.96079806840875,40.42519922162034
ssp370,Pittsburgh,exceeded_quantity_composite_all,exceeded_quantity,composite,all,national,national,National,annual_all_days_primary,All calendar-year days; non-heatwave days contribute zero,"1,2,3,4,5,6,7,8,9,10,11,12",2025-2050,75920.0,156.0,0.0088164370082897,0.0,0.0200553282396984,0.0090207901867657,0.0,0.0211468838923153,0.0090207901867657,-0.0031053035187838,0.0211468838923153,0.0,-79.96079806840875,40.42519922162034
ssp370,Pittsburgh,exceeded_quantity_day_all,exceeded_quantity,day,all,national,national,National,annual_all_days_primary,All calendar-year days; non-heatwave days contribute zero,"1,2,3,4,5,6,7,8,9,10,11,12",2025-2050,75920.0,15502.0,0.5332002670140812,0.0386846167234325,1.115531943141206,0.5461977221219767,0.039399657124449,1.1647895133299395,0.5461977221219767,-0.0723940690859857,1.1647895133299395,0.0,-79.96079806840875,40.42519922162034
ssp370,Pittsburgh,exceeded_quantity_night_all,exceeded_quantity,night,all,national,national,National,annual_all_days_primary,All calendar-year days; non-heatwave days contribute zero,"1,2,3,4,5,6,7,8,9,10,11,12",2025-2050,75920.0,0.0,0.0,0.0,0.0,0.0,0.0,0.0,0.0,0.0,0.0,0.0,-79.96079806840875,40.42519922162034
ssp370,Portland,cehwi_composite_all,cehwi,composite,all,national,national,National,annual_all_days_primary,All calendar-year days; non-heatwave days contribute zero,"1,2,3,4,5,6,7,8,9,10,11,12",2025-2050,142350.0,63.0,0.0024224462811228,8.923304161535196e-05,0.0046153316845722,0.002501736582438,8.934675935717612e-05,0.0049141264055189,0.002501736582438,8.934675935717612e-05,0.0049141264055189,0.0,-122.6375114287169,45.5383261809014
ssp370,Portland,cehwi_day_all,cehwi,day,all,national,national,National,annual_all_days_primary,All calendar-year days; non-heatwave days contribute zero,"1,2,3,4,5,6,7,8,9,10,11,12",2025-2050,142350.0,27902.0,0.4318316490701022,0.0130466795295122,0.9570114621685464,0.4410809689666405,0.0131407307101697,0.9984509808691971,0.4410809689666405,-0.1162890429359167,0.9984509808691971,0.0,-122.6375114287169,45.5383261809014
ssp370,Portland,cehwi_night_all,cehwi,night,all,national,national,National,annual_all_days_primary,All calendar-year days; non-heatwave days contribute zero,"1,2,3,4,5,6,7,8,9,10,11,12",2025-2050,142350.0,0.0,0.0,0.0,0.0,0.0,0.0,0.0,0.0,0.0,0.0,0.0,-122.6375114287169,45.5383261809014
ssp370,Portland,exceeded_quantity_composite_all,exceeded_quantity,composite,all,national,national,National,annual_all_days_primary,All calendar-year days; non-heatwave days contribute zero,"1,2,3,4,5,6,7,8,9,10,11,12",2025-2050,142350.0,63.0,0.0033897539559262,0.0,0.007116036336619,0.0035276520649727,0.0,0.0077626231874082,0.0035276520649727,-0.0007073190574627,0.0077626231874082,0.0,-122.6375114287169,45.5383261809014
ssp370,Portland,exceeded_quantity_day_all,exceeded_quantity,day,all,national,national,National,annual_all_days_primary,All calendar-year days; non-heatwave days contribute zero,"1,2,3,4,5,6,7,8,9,10,11,12",2025-2050,142350.0,27902.0,0.6983885002752398,0.0997139394945833,1.359973881567899,0.7233483763590715,0.1020205791968848,1.4422754665619062,0.7233483763590715,0.0044212861562374,1.4422754665619062,0.0,-122.6375114287169,45.5383261809014
ssp370,Portland,exceeded_quantity_night_all,exceeded_quantity,night,all,national,national,National,annual_all_days_primary,All calendar-year days; non-heatwave days contribute zero,"1,2,3,4,5,6,7,8,9,10,11,12",2025-2050,142350.0,0.0,0.0,0.0,0.0,0.0,0.0,0.0,0.0,0.0,0.0,0.0,-122.6375114287169,45.5383261809014
ssp370,Raleigh,cehwi_composite_all,cehwi,composite,all,national,national,National,annual_all_days_primary,All calendar-year days; non-heatwave days contribute zero,"1,2,3,4,5,6,7,8,9,10,11,12",2025-2050,142350.0,19950.0,0.4244673955552965,0.0137057184427323,0.8156429073249524,0.4355025227132213,0.0137191421532059,0.857470327720624,0.4355025227132213,0.0135347177058192,0.857470327720624,0.0,-78.64401758110355,35.85488907837101
ssp370,Raleigh,cehwi_day_all,cehwi,day,all,national,national,National,annual_all_days_primary,All calendar-year days; non-heatwave days contribute zero,"1,2,3,4,5,6,7,8,9,10,11,12",2025-2050,142350.0,16047.0,0.0748052539088331,0.0,0.1872698474584907,0.0753086298994013,0.0,0.1903684096633233,0.0753086298994013,-0.0397511498645224,0.1903684096633233,0.0,-78.64401758110355,35.85488907837101
ssp370,Raleigh,cehwi_night_all,cehwi,night,all,national,national,National,annual_all_days_primary,All calendar-year days; non-heatwave days contribute zero,"1,2,3,4,5,6,7,8,9,10,11,12",2025-2050,142350.0,16711.0,0.0,0.0,0.0482428800684624,0.0,0.0,0.0484286923224749,-0.0404665274958185,-0.129361747314113,0.0484286923224749,0.0,-78.64401758110355,35.85488907837101
ssp370,Raleigh,exceeded_quantity_composite_all,exceeded_quantity,composite,all,national,national,National,annual_all_days_primary,All calendar-year days; non-heatwave days contribute zero,"1,2,3,4,5,6,7,8,9,10,11,12",2025-2050,142350.0,19950.0,0.4228701357944313,0.0,0.9739057888432155,0.4313710281315905,0.0,1.0191480117392155,0.4313710281315905,-0.1564059554760339,1.0191480117392155,0.0,-78.64401758110355,35.85488907837101
ssp370,Raleigh,exceeded_quantity_day_all,exceeded_quantity,day,all,national,national,National,annual_all_days_primary,All calendar-year days; non-heatwave days contribute zero,"1,2,3,4,5,6,7,8,9,10,11,12",2025-2050,142350.0,16047.0,0.1521316515567936,0.0003466924681546,0.3572489233757963,0.1537778188331955,0.0003490618961427,0.3659328401516488,0.1537778188331955,-0.0583772024852575,0.3659328401516488,0.0,-78.64401758110355,35.85488907837101
ssp370,Raleigh,exceeded_quantity_night_all,exceeded_quantity,night,all,national,national,National,annual_all_days_primary,All calendar-year days; non-heatwave days contribute zero,"1,2,3,4,5,6,7,8,9,10,11,12",2025-2050,142350.0,16711.0,0.0298842816404048,0.0,0.2077043748264385,0.0299612830347949,0.0,0.2106389636239098,0.0299612830347949,-0.1507163975543201,0.2106389636239098,0.0,-78.64401758110355,35.85488907837101
ssp370,Richmond,cehwi_composite_all,cehwi,composite,all,national,national,National,annual_all_days_primary,All calendar-year days; non-heatwave days contribute zero,"1,2,3,4,5,6,7,8,9,10,11,12",2025-2050,75920.0,8703.0,0.3080370140185854,0.0096950891409003,0.5941804733311042,0.3148122244612846,0.0097029114784603,0.6199252560475838,0.3148122244612846,0.0096991928749859,0.6199252560475838,0.0,-77.47920209602857,37.55445905057112
ssp370,Richmond,cehwi_day_all,cehwi,day,all,national,national,National,annual_all_days_primary,All calendar-year days; non-heatwave days contribute zero,"1,2,3,4,5,6,7,8,9,10,11,12",2025-2050,75920.0,9650.0,0.1082323426993854,0.0,0.2676676659237739,0.1091802870424369,0.0,0.2733008588752943,0.1091802870424369,-0.0549402847904224,0.2733008588752943,0.0,-77.47920209602857,37.55445905057112
ssp370,Richmond,cehwi_night_all,cehwi,night,all,national,national,National,annual_all_days_primary,All calendar-year days; non-heatwave days contribute zero,"1,2,3,4,5,6,7,8,9,10,11,12",2025-2050,75920.0,6272.0,0.0,0.0,0.0277677934851529,0.0,0.0,0.0278528216324745,-0.0234392802051905,-0.0747313820428564,0.0278528216324745,0.0,-77.47920209602857,37.55445905057112
ssp370,Richmond,exceeded_quantity_composite_all,exceeded_quantity,composite,all,national,national,National,annual_all_days_primary,All calendar-year days; non-heatwave days contribute zero,"1,2,3,4,5,6,7,8,9,10,11,12",2025-2050,75920.0,8703.0,0.3531818025570765,0.0,0.814552040070909,0.3601707253327597,0.0,0.8519724481236062,0.3601707253327597,-0.1316309974580862,0.8519724481236062,0.0,-77.47920209602857,37.55445905057112
ssp370,Richmond,exceeded_quantity_day_all,exceeded_quantity,day,all,national,national,National,annual_all_days_primary,All calendar-year days; non-heatwave days contribute zero,"1,2,3,4,5,6,7,8,9,10,11,12",2025-2050,75920.0,9650.0,0.201647955860956,0.0017994121915806,0.4632288222026533,0.2043154588183429,0.0018165548279339,0.4763597048129349,0.2043154588183429,-0.0677287871762486,0.4763597048129349,0.0,-77.47920209602857,37.55445905057112
ssp370,Richmond,exceeded_quantity_night_all,exceeded_quantity,night,all,national,national,National,annual_all_days_primary,All calendar-year days; non-heatwave days contribute zero,"1,2,3,4,5,6,7,8,9,10,11,12",2025-2050,75920.0,6272.0,0.0190107180760967,0.0,0.1364358161777788,0.0190528127244642,0.0,0.1382014301303892,0.0190528127244642,-0.1000958046814609,0.1382014301303892,0.0,-77.47920209602857,37.55445905057112
ssp370,Riverside,cehwi_composite_all,cehwi,composite,all,national,national,National,annual_all_days_primary,All calendar-year days; non-heatwave days contribute zero,"1,2,3,4,5,6,7,8,9,10,11,12",2025-2050,56940.0,1490.0,0.0684413093658325,0.002055546580164,0.1324739666543367,0.0697342655915501,0.0020568369283864,0.1374116942547138,0.0697342655915501,0.0020568369283864,0.1374116942547138,0.0,-117.40931647514132,33.946920765734085
ssp370,Riverside,cehwi_day_all,cehwi,day,all,national,national,National,annual_all_days_primary,All calendar-year days; non-heatwave days contribute zero,"1,2,3,4,5,6,7,8,9,10,11,12",2025-2050,56940.0,12135.0,0.320159617261562,0.0023482571137904,0.7521577242456247,0.3250304842430654,0.0023606393190731,0.7772677380056789,0.3250304842430654,-0.1272067695195498,0.7772677380056789,0.0,-117.40931647514132,33.946920765734085
ssp370,Riverside,cehwi_night_all,cehwi,night,all,national,national,National,annual_all_days_primary,All calendar-year days; non-heatwave days contribute zero,"1,2,3,4,5,6,7,8,9,10,11,12",2025-2050,56940.0,305.0,0.0,0.0,0.0012621504966201,0.0,0.0,0.001265044383532,-0.0010703605736705,-0.0034057655308731,0.001265044383532,0.0,-117.40931647514132,33.946920765734085
ssp370,Riverside,exceeded_quantity_composite_all,exceeded_quantity,composite,all,national,national,National,annual_all_days_primary,All calendar-year days; non-heatwave days contribute zero,"1,2,3,4,5,6,7,8,9,10,11,12",2025-2050,56940.0,1490.0,0.0948492414443295,0.0,0.2177081887612414,0.0968502390854999,0.0,0.2284265680439466,0.0968502390854999,-0.0347260898729465,0.2284265680439466,0.0,-117.40931647514132,33.946920765734085
ssp370,Riverside,exceeded_quantity_day_all,exceeded_quantity,day,all,national,national,National,annual_all_days_primary,All calendar-year days; non-heatwave days contribute zero,"1,2,3,4,5,6,7,8,9,10,11,12",2025-2050,56940.0,12135.0,0.4159843867706728,0.0139852831997596,0.911447981356984,0.4236230062653117,0.0141522186484553,0.9441860839065056,0.4236230062653117,-0.0969400713758815,0.9441860839065056,0.0,-117.40931647514132,33.946920765734085
ssp370,Riverside,exceeded_quantity_night_all,exceeded_quantity,night,all,national,national,National,annual_all_days_primary,All calendar-year days; non-heatwave days contribute zero,"1,2,3,4,5,6,7,8,9,10,11,12",2025-2050,56940.0,305.0,0.0008142113034043,0.0,0.0063157723795663,0.0008153086806143,0.0,0.0063772392126995,0.0008153086806143,-0.0047466218514708,0.0063772392126995,0.0,-117.40931647514132,33.946920765734085
ssp370,Sacramento,cehwi_composite_all,cehwi,composite,all,national,national,National,annual_all_days_primary,All calendar-year days; non-heatwave days contribute zero,"1,2,3,4,5,6,7,8,9,10,11,12",2025-2050,123370.0,733.0,0.0223576976162068,0.0007197889399715,0.0430227899652702,0.0228974953351244,0.0007204017553766,0.0450745889148722,0.0228974953351244,0.0007204017553766,0.0450745889148722,0.0,-121.45173525367916,38.544754056929705
ssp370,Sacramento,cehwi_day_all,cehwi,day,all,national,national,National,annual_all_days_primary,All calendar-year days; non-heatwave days contribute zero,"1,2,3,4,5,6,7,8,9,10,11,12",2025-2050,123370.0,26343.0,0.3947581183462199,0.0076995075283406,0.8982258219793794,0.4021185954496329,0.0077499403693412,0.9331190528552568,0.4021185954496329,-0.1288818619559924,0.9331190528552568,0.0,-121.45173525367916,38.544754056929705
ssp370,Sacramento,cehwi_night_all,cehwi,night,all,national,national,National,annual_all_days_primary,All calendar-year days; non-heatwave days contribute zero,"1,2,3,4,5,6,7,8,9,10,11,12",2025-2050,123370.0,73.0,0.0,0.0,0.000105568292664,0.0,0.0,0.0001057549269896,-8.977596084325218e-05,-0.0002853068486761,0.0001057549269896,0.0,-121.45173525367916,38.544754056929705
ssp370,Sacramento,exceeded_quantity_composite_all,exceeded_quantity,composite,all,national,national,National,annual_all_days_primary,All calendar-year days; non-heatwave days contribute zero,"1,2,3,4,5,6,7,8,9,10,11,12",2025-2050,123370.0,733.0,0.0346402848045875,0.0,0.0755225471626651,0.0357629099325237,0.0,0.0810707483623339,0.0357629099325237,-0.0095449284972865,0.0810707483623339,0.0,-121.45173525367916,38.544754056929705
ssp370,Sacramento,exceeded_quantity_day_all,exceeded_quantity,day,all,national,national,National,annual_all_days_primary,All calendar-year days; non-heatwave days contribute zero,"1,2,3,4,5,6,7,8,9,10,11,12",2025-2050,123370.0,26343.0,0.5050492004632982,0.0337930022657608,1.066506156300656,0.5167864553974609,0.0343931608247332,1.1116424837873804,0.5167864553974609,-0.0780695729924577,1.1116424837873804,0.0,-121.45173525367916,38.544754056929705
ssp370,Sacramento,exceeded_quantity_night_all,exceeded_quantity,night,all,national,national,National,annual_all_days_primary,All calendar-year days; non-heatwave days contribute zero,"1,2,3,4,5,6,7,8,9,10,11,12",2025-2050,123370.0,73.0,9.611551280055888e-05,0.0,0.0007367135373892,9.625652361036157e-05,0.0,0.0007444410899806,9.625652361036157e-05,-0.0005519280427599,0.0007444410899806,0.0,-121.45173525367916,38.544754056929705
ssp370,Salt_Lake_City,cehwi_composite_all,cehwi,composite,all,national,national,National,annual_all_days_primary,All calendar-year days; non-heatwave days contribute zero,"1,2,3,4,5,6,7,8,9,10,11,12",2025-2050,94900.0,358.0,0.010247033651475,0.0003101789726075,0.0198308401213788,0.0104412489252275,0.0003103794810507,0.0205721183694043,0.0104412489252275,0.0003103794810507,0.0205721183694043,0.0,-111.9385763948534,40.78496540128546
ssp370,Salt_Lake_City,cehwi_day_all,cehwi,day,all,national,national,National,annual_all_days_primary,All calendar-year days; non-heatwave days contribute zero,"1,2,3,4,5,6,7,8,9,10,11,12",2025-2050,94900.0,18403.0,0.5071364624430973,0.0250589716561496,1.0817756969964378,0.519916519508516,0.0252495036138663,1.1347674931731042,0.519916519508516,-0.0949344541560728,1.1347674931731042,0.0,-111.9385763948534,40.78496540128546
ssp370,Salt_Lake_City,cehwi_night_all,cehwi,night,all,national,national,National,annual_all_days_primary,All calendar-year days; non-heatwave days contribute zero,"1,2,3,4,5,6,7,8,9,10,11,12",2025-2050,94900.0,22.0,0.0,0.0,2.348204796921909e-05,0.0,0.0,2.3501856075214675e-05,-2.0007196534703e-05,-6.351624914462178e-05,2.3501856075214675e-05,0.0,-111.9385763948534,40.78496540128546
ssp370,Salt_Lake_City,exceeded_quantity_composite_all,exceeded_quantity,composite,all,national,national,National,annual_all_days_primary,All calendar-year days; non-heatwave days contribute zero,"1,2,3,4,5,6,7,8,9,10,11,12",2025-2050,94900.0,358.0,0.0143198925178071,0.0,0.0329257826234767,0.0146201964100548,0.0,0.0345494423835115,0.0146201964100548,-0.0053090495634018,0.0345494423835115,0.0,-111.9385763948534,40.78496540128546
ssp370,Salt_Lake_City,exceeded_quantity_day_all,exceeded_quantity,day,all,national,national,National,annual_all_days_primary,All calendar-year days; non-heatwave days contribute zero,"1,2,3,4,5,6,7,8,9,10,11,12",2025-2050,94900.0,18403.0,0.473707487501721,0.0254015922459759,1.0070406545633588,0.4840658251980824,0.0257610984527848,1.0486281634740129,0.4840658251980824,-0.0804965130778475,1.0486281634740129,0.0,-111.9385763948534,40.78496540128546
ssp370,Salt_Lake_City,exceeded_quantity_night_all,exceeded_quantity,night,all,national,national,National,annual_all_days_primary,All calendar-year days; non-heatwave days contribute zero,"1,2,3,4,5,6,7,8,9,10,11,12",2025-2050,94900.0,22.0,2.0543697070761647e-05,0.0,0.0001690078993397,2.055885616501431e-05,0.0,0.0001700043846696,2.055885616501431e-05,-0.0001288866723396,0.0001700043846696,0.0,-111.9385763948534,40.78496540128546
ssp370,San_Antonio,cehwi_composite_all,cehwi,composite,all,national,national,National,annual_all_days_primary,All calendar-year days; non-heatwave days contribute zero,"1,2,3,4,5,6,7,8,9,10,11,12",2025-2050,256230.0,46702.0,0.536434763421276,0.0169148150871405,1.037659117880179,0.5501398864944752,0.0169307460722905,1.0905819739700675,0.5501398864944752,0.0096977990188834,1.0905819739700675,0.0,-98.51142457218248,29.452259837949214
ssp370,San_Antonio,cehwi_day_all,cehwi,day,all,national,national,National,annual_all_days_primary,All calendar-year days; non-heatwave days contribute zero,"1,2,3,4,5,6,7,8,9,10,11,12",2025-2050,256230.0,37684.0,0.1062806249722649,0.0,0.2653960695202378,0.1070648620021294,0.0,0.2702286293087701,0.1070648620021294,-0.0560989053045134,0.2702286293087701,0.0,-98.51142457218248,29.452259837949214
ssp370,San_Antonio,cehwi_night_all,cehwi,night,all,national,national,National,annual_all_days_primary,All calendar-year days; non-heatwave days contribute zero,"1,2,3,4,5,6,7,8,9,10,11,12",2025-2050,256230.0,55730.0,0.0,0.0,0.124750375103295,0.0,0.0,0.1254640185290756,-0.1021716251344902,-0.3298072687980576,0.1254640185290756,0.0,-98.51142457218248,29.452259837949214
ssp370,San_Antonio,exceeded_quantity_composite_all,exceeded_quantity,composite,all,national,national,National,annual_all_days_primary,All calendar-year days; non-heatwave days contribute zero,"1,2,3,4,5,6,7,8,9,10,11,12",2025-2050,256230.0,46702.0,0.4366955779935372,0.0,1.0217141086012598,0.443803948670865,0.0,1.0607601186761957,0.443803948670865,-0.1731522213344648,1.0607601186761957,0.0,-98.51142457218248,29.452259837949214
ssp370,San_Antonio,exceeded_quantity_day_all,exceeded_quantity,day,all,national,national,National,annual_all_days_primary,All calendar-year days; non-heatwave days contribute zero,"1,2,3,4,5,6,7,8,9,10,11,12",2025-2050,256230.0,37684.0,0.1658261679325269,3.987605540142236e-05,0.3948515066481248,0.1673507322363702,4.004172387300024e-05,0.4032156351212554,0.1673507322363702,-0.0685141706485144,0.4032156351212554,0.0,-98.51142457218248,29.452259837949214
ssp370,San_Antonio,exceeded_quantity_night_all,exceeded_quantity,night,all,national,national,National,annual_all_days_primary,All calendar-year days; non-heatwave days contribute zero,"1,2,3,4,5,6,7,8,9,10,11,12",2025-2050,256230.0,55730.0,0.0612338276251434,0.0,0.4120039877931991,0.0614182534736477,0.0,0.4182770215168571,0.0614182534736477,-0.2954405145695619,0.4182770215168571,0.0,-98.51142457218248,29.452259837949214
ssp370,San_Bernardino,cehwi_composite_all,cehwi,composite,all,national,national,National,annual_all_days_primary,All calendar-year days; non-heatwave days contribute zero,"1,2,3,4,5,6,7,8,9,10,11,12",2025-2050,66430.0,1869.0,0.0730433135170866,0.0021973491530385,0.1414059942480995,0.0744072005253771,0.0021987145117218,0.1466156865390324,0.0744072005253771,0.0021987145117218,0.1466156865390324,0.0,-117.2938187957545,34.14362438315135
ssp370,San_Bernardino,cehwi_day_all,cehwi,day,all,national,national,National,annual_all_days_primary,All calendar-year days; non-heatwave days contribute zero,"1,2,3,4,5,6,7,8,9,10,11,12",2025-2050,66430.0,14305.0,0.3259696035270897,0.001991270739448,0.7666082736288822,0.330919563486218,0.0020018166622363,0.7923458224227586,0.330919563486218,-0.1305066954503241,0.7923458224227586,0.0,-117.2938187957545,34.14362438315135
ssp370,San_Bernardino,cehwi_night_all,cehwi,night,all,national,national,National,annual_all_days_primary,All calendar-year days; non-heatwave days contribute zero,"1,2,3,4,5,6,7,8,9,10,11,12",2025-2050,66430.0,433.0,0.0,0.0,0.0017789835528416,0.0,0.0,0.0017835544109555,-0.0015070645451796,-0.0047976835013148,0.0017835544109555,0.0,-117.2938187957545,34.14362438315135
ssp370,San_Bernardino,exceeded_quantity_composite_all,exceeded_quantity,composite,all,national,national,National,annual_all_days_primary,All calendar-year days; non-heatwave days contribute zero,"1,2,3,4,5,6,7,8,9,10,11,12",2025-2050,66430.0,1869.0,0.1004368043772827,0.0,0.2308767355708097,0.1025198114578026,0.0,0.2420617457445416,0.1025198114578026,-0.0370221228289362,0.2420617457445416,0.0,-117.2938187957545,34.14362438315135
ssp370,San_Bernardino,exceeded_quantity_day_all,exceeded_quantity,day,all,national,national,National,annual_all_days_primary,All calendar-year days; non-heatwave days contribute zero,"1,2,3,4,5,6,7,8,9,10,11,12",2025-2050,66430.0,14305.0,0.4044114972477862,0.0115305614742355,0.8938340941200703,0.4115101650628747,0.0116935988339637,0.9248621670328504,0.4115101650628747,-0.1018418369071001,0.9248621670328504,0.0,-117.2938187957545,34.14362438315135
ssp370,San_Bernardino,exceeded_quantity_night_all,exceeded_quantity,night,all,national,national,National,annual_all_days_primary,All calendar-year days; non-heatwave days contribute zero,"1,2,3,4,5,6,7,8,9,10,11,12",2025-2050,66430.0,433.0,0.0011618901074442,0.0,0.0087629016439284,0.0011637999967976,0.0,0.0088587786066034,0.0011637999967976,-0.0065311786130082,0.0088587786066034,0.0,-117.2938187957545,34.14362438315135
ssp370,San_Diego,cehwi_composite_all,cehwi,composite,all,national,national,National,annual_all_days_primary,All calendar-year days; non-heatwave days contribute zero,"1,2,3,4,5,6,7,8,9,10,11,12",2025-2050,208780.0,382.0,0.0057019273560046,0.0001744734772767,0.0110175599319667,0.0058184629235488,0.0001745918703836,0.011462333976714,0.0058184629235488,0.0001745918703836,0.011462333976714,0.0,-117.12185558422306,32.79604065818703
ssp370,San_Diego,cehwi_day_all,cehwi,day,all,national,national,National,annual_all_days_primary,All calendar-year days; non-heatwave days contribute zero,"1,2,3,4,5,6,7,8,9,10,11,12",2025-2050,208780.0,51021.0,0.3947334083591902,0.0067498775585583,0.9069077841549732,0.4016758301350329,0.0067972231421066,0.9402991769665734,0.4016758301350329,-0.1369475166965094,0.9402991769665734,0.0,-117.12185558422306,32.79604065818703
ssp370,San_Diego,cehwi_night_all,cehwi,night,all,national,national,National,annual_all_days_primary,All calendar-year days; non-heatwave days contribute zero,"1,2,3,4,5,6,7,8,9,10,11,12",2025-2050,208780.0,10.0,0.0,0.0,8.77175934091278e-06,0.0,0.0,8.785524236622472e-06,-7.466283280108822e-06,-2.3718090796841127e-05,8.785524236622472e-06,0.0,-117.12185558422306,32.79604065818703
ssp370,San_Diego,exceeded_quantity_composite_all,exceeded_quantity,composite,all,national,national,National,annual_all_days_primary,All calendar-year days; non-heatwave days contribute zero,"1,2,3,4,5,6,7,8,9,10,11,12",2025-2050,208780.0,382.0,0.0091152989844601,8.399766224260034e-06,0.0202701264527372,0.0093678809957308,8.474292304701743e-06,0.0215584635309115,0.0093678809957308,-0.0028227015394498,0.0215584635309115,0.0,-117.12185558422306,32.79604065818703
ssp370,San_Diego,exceeded_quantity_day_all,exceeded_quantity,day,all,national,national,National,annual_all_days_primary,All calendar-year days; non-heatwave days contribute zero,"1,2,3,4,5,6,7,8,9,10,11,12",2025-2050,208780.0,51021.0,0.5204511416821341,0.0283082310445109,1.1122397487621989,0.5316972825786228,0.0287610417836416,1.1570218951551732,0.5316972825786228,-0.0936273299979267,1.1570218951551732,0.0,-117.12185558422306,32.79604065818703
ssp370,San_Diego,exceeded_quantity_night_all,exceeded_quantity,night,all,national,national,National,annual_all_days_primary,All calendar-year days; non-heatwave days contribute zero,"1,2,3,4,5,6,7,8,9,10,11,12",2025-2050,208780.0,10.0,8.623143152697289e-06,0.0,6.139766158260461e-05,8.641550240171471e-06,0.0,6.222862943759149e-05,8.641550240171471e-06,-4.494552895724849e-05,6.222862943759149e-05,0.0,-117.12185558422306,32.79604065818703
ssp370,San_Francisco,cehwi_composite_all,cehwi,composite,all,national,national,National,annual_all_days_primary,All calendar-year days; non-heatwave days contribute zero,"1,2,3,4,5,6,7,8,9,10,11,12",2025-2050,28470.0,0.0,0.0,0.0,0.0,0.0,0.0,0.0,0.0,0.0,0.0,0.0,-122.42865312515914,37.75892014266124
ssp370,San_Francisco,cehwi_day_all,cehwi,day,all,national,national,National,annual_all_days_primary,All calendar-year days; non-heatwave days contribute zero,"1,2,3,4,5,6,7,8,9,10,11,12",2025-2050,28470.0,6878.0,0.4884092052126631,0.0170908420468201,1.0846733216466886,0.4988820090671497,0.0172458196963119,1.1308979633936684,0.4988820090671497,-0.1331339452593705,1.1308979633936684,0.0,-122.42865312515914,37.75892014266124
ssp370,San_Francisco,cehwi_night_all,cehwi,night,all,national,national,National,annual_all_days_primary,All calendar-year days; non-heatwave days contribute zero,"1,2,3,4,5,6,7,8,9,10,11,12",2025-2050,28470.0,0.0,0.0,0.0,0.0,0.0,0.0,0.0,0.0,0.0,0.0,0.0,-122.42865312515914,37.75892014266124
ssp370,San_Francisco,exceeded_quantity_composite_all,exceeded_quantity,composite,all,national,national,National,annual_all_days_primary,All calendar-year days; non-heatwave days contribute zero,"1,2,3,4,5,6,7,8,9,10,11,12",2025-2050,28470.0,0.0,0.0,0.0,0.0,0.0,0.0,0.0,0.0,0.0,0.0,0.0,-122.42865312515914,37.75892014266124
ssp370,San_Francisco,exceeded_quantity_day_all,exceeded_quantity,day,all,national,national,National,annual_all_days_primary,All calendar-year days; non-heatwave days contribute zero,"1,2,3,4,5,6,7,8,9,10,11,12",2025-2050,28470.0,6878.0,0.6471320910388142,0.0593594779839531,1.3288654918056866,0.6649806263460819,0.0605627920532955,1.393392133820635,0.6649806263460819,-0.0634308811284703,1.393392133820635,0.0,-122.42865312515914,37.75892014266124
ssp370,San_Francisco,exceeded_quantity_night_all,exceeded_quantity,night,all,national,national,National,annual_all_days_primary,All calendar-year days; non-heatwave days contribute zero,"1,2,3,4,5,6,7,8,9,10,11,12",2025-2050,28470.0,0.0,0.0,0.0,0.0,0.0,0.0,0.0,0.0,0.0,0.0,0.0,-122.42865312515914,37.75892014266124
ssp370,San_Jose,cehwi_composite_all,cehwi,composite,all,national,national,National,annual_all_days_primary,All calendar-year days; non-heatwave days contribute zero,"1,2,3,4,5,6,7,8,9,10,11,12",2025-2050,180310.0,1895.0,0.046754004271139,0.0015948376329699,0.0895309800872885,0.048097583836336,0.0015965513815587,0.0946172064146845,0.048097583836336,0.0015779612579876,0.0946172064146845,0.0,-121.84415719358398,37.299085696614654
ssp370,San_Jose,cehwi_day_all,cehwi,day,all,national,national,National,annual_all_days_primary,All calendar-year days; non-heatwave days contribute zero,"1,2,3,4,5,6,7,8,9,10,11,12",2025-2050,180310.0,39324.0,0.33183097093701,0.004893830063517,0.7705828106987073,0.3372656873969893,0.0049287781367658,0.797209149628788,0.3372656873969893,-0.122677774834811,0.797209149628788,0.0,-121.84415719358398,37.299085696614654
ssp370,San_Jose,cehwi_night_all,cehwi,night,all,national,national,National,annual_all_days_primary,All calendar-year days; non-heatwave days contribute zero,"1,2,3,4,5,6,7,8,9,10,11,12",2025-2050,180310.0,522.0,0.0,0.0,0.0011117795294199,0.0,0.0,0.0011159868041613,-0.0009329684988477,-0.0029819238018568,0.0011159868041613,0.0,-121.84415719358398,37.299085696614654
ssp370,San_Jose,exceeded_quantity_composite_all,exceeded_quantity,composite,all,national,national,National,annual_all_days_primary,All calendar-year days; non-heatwave days contribute zero,"1,2,3,4,5,6,7,8,9,10,11,12",2025-2050,180310.0,1895.0,0.0674633253415692,3.432324735526466e-05,0.145511172494036,0.0698955702087623,3.446217152424741e-05,0.1574586434269365,0.0698955702087623,-0.0176675030094119,0.1574586434269365,0.0,-121.84415719358398,37.299085696614654
ssp370,San_Jose,exceeded_quantity_day_all,exceeded_quantity,day,all,national,national,National,annual_all_days_primary,All calendar-year days; non-heatwave days contribute zero,"1,2,3,4,5,6,7,8,9,10,11,12",2025-2050,180310.0,39324.0,0.4896892611316719,0.0365718863311168,1.0330820182460276,0.501376615866624,0.0372944589301594,1.0768240718280349,0.501376615866624,-0.0740708400947861,1.0768240718280349,0.0,-121.84415719358398,37.299085696614654
ssp370,San_Jose,exceeded_quantity_night_all,exceeded_quantity,night,all,national,national,National,annual_all_days_primary,All calendar-year days; non-heatwave days contribute zero,"1,2,3,4,5,6,7,8,9,10,11,12",2025-2050,180310.0,522.0,0.0008782784594493,0.0,0.0054649804259319,0.0008824140280812,0.0,0.0055568436712228,0.0008824140280812,-0.0037920156150604,0.0055568436712228,0.0,-121.84415719358398,37.299085696614654
ssp370,Santa_Ana,cehwi_composite_all,cehwi,composite,all,national,national,National,annual_all_days_primary,All calendar-year days; non-heatwave days contribute zero,"1,2,3,4,5,6,7,8,9,10,11,12",2025-2050,37960.0,187.0,0.0164953235261201,0.0005043575599513,0.0318588840492319,0.0168399968094999,0.0005046959010586,0.0331752977179412,0.0168399968094999,0.0005046959010586,0.0331752977179412,0.0,-117.90338988140702,33.723066921844264
ssp370,Santa_Ana,cehwi_day_all,cehwi,day,all,national,national,National,annual_all_days_primary,All calendar-year days; non-heatwave days contribute zero,"1,2,3,4,5,6,7,8,9,10,11,12",2025-2050,37960.0,9202.0,0.3799499897313984,0.0055395460363633,0.8745388253904391,0.3865283075138376,0.0055749681007168,0.9064237163367068,0.3865283075138376,-0.1333671013090339,0.9064237163367068,0.0,-117.90338988140702,33.723066921844264
ssp370,Santa_Ana,cehwi_night_all,cehwi,night,all,national,national,National,annual_all_days_primary,All calendar-year days; non-heatwave days contribute zero,"1,2,3,4,5,6,7,8,9,10,11,12",2025-2050,37960.0,0.0,0.0,0.0,0.0,0.0,0.0,0.0,0.0,0.0,0.0,0.0,-117.90338988140702,33.723066921844264
ssp370,Santa_Ana,exceeded_quantity_composite_all,exceeded_quantity,composite,all,national,national,National,annual_all_days_primary,All calendar-year days; non-heatwave days contribute zero,"1,2,3,4,5,6,7,8,9,10,11,12",2025-2050,37960.0,187.0,0.0268132449572371,0.0,0.0592111103776183,0.0275928536291359,0.0,0.0631744057107468,0.0275928536291359,-0.0079886984524749,0.0631744057107468,0.0,-117.90338988140702,33.723066921844264
ssp370,Santa_Ana,exceeded_quantity_day_all,exceeded_quantity,day,all,national,national,National,annual_all_days_primary,All calendar-year days; non-heatwave days contribute zero,"1,2,3,4,5,6,7,8,9,10,11,12",2025-2050,37960.0,9202.0,0.5143542853054497,0.036242502087884,1.0857572210867912,0.5261515789401597,0.036787470143625,1.130767236155542,0.5261515789401597,-0.0784640782752218,1.130767236155542,0.0,-117.90338988140702,33.723066921844264
ssp370,Santa_Ana,exceeded_quantity_night_all,exceeded_quantity,night,all,national,national,National,annual_all_days_primary,All calendar-year days; non-heatwave days contribute zero,"1,2,3,4,5,6,7,8,9,10,11,12",2025-2050,37960.0,0.0,0.0,0.0,0.0,0.0,0.0,0.0,0.0,0.0,0.0,0.0,-117.90338988140702,33.723066921844264
ssp370,Scottsdale,cehwi_composite_all,cehwi,composite,all,national,national,National,annual_all_days_primary,All calendar-year days; non-heatwave days contribute zero,"1,2,3,4,5,6,7,8,9,10,11,12",2025-2050,37960.0,3912.0,0.2559556186261337,0.0081199284884302,0.4937682036430826,0.2615286891015587,0.0081265672408089,0.5149308109623089,0.2615286891015587,0.0081265672408089,0.5149308109623089,0.0,-111.85259478908768,33.55745813694949
ssp370,Scottsdale,cehwi_day_all,cehwi,day,all,national,national,National,annual_all_days_primary,All calendar-year days; non-heatwave days contribute zero,"1,2,3,4,5,6,7,8,9,10,11,12",2025-2050,37960.0,6904.0,0.2363820856607462,0.0029243942269364,0.5523989668613933,0.2400394260002032,0.0029422361185938,0.570509987894313,0.2400394260002032,-0.0904311358939085,0.570509987894313,0.0,-111.85259478908768,33.55745813694949
ssp370,Scottsdale,cehwi_night_all,cehwi,night,all,national,national,National,annual_all_days_primary,All calendar-year days; non-heatwave days contribute zero,"1,2,3,4,5,6,7,8,9,10,11,12",2025-2050,37960.0,4645.0,0.0,0.0,0.0933797489554429,0.0,0.0,0.0941405146028361,-0.0723541615782078,-0.2388488377592526,0.0941405146028361,0.0,-111.85259478908768,33.55745813694949
ssp370,Scottsdale,exceeded_quantity_composite_all,exceeded_quantity,composite,all,national,national,National,annual_all_days_primary,All calendar-year days; non-heatwave days contribute zero,"1,2,3,4,5,6,7,8,9,10,11,12",2025-2050,37960.0,3912.0,0.2732513591228555,0.0,0.6334127899177144,0.2782782793296839,0.0,0.6603552093668492,0.2782782793296839,-0.103798650707481,0.6603552093668492,0.0,-111.85259478908768,33.55745813694949
ssp370,Scottsdale,exceeded_quantity_day_all,exceeded_quantity,day,all,national,national,National,annual_all_days_primary,All calendar-year days; non-heatwave days contribute zero,"1,2,3,4,5,6,7,8,9,10,11,12",2025-2050,37960.0,6904.0,0.2753320938472843,0.0036942311382221,0.6292914817169918,0.2791410720910346,0.0037404943769597,0.647487198592272,0.2791410720910346,-0.089205054410202,0.647487198592272,0.0,-111.85259478908768,33.55745813694949
ssp370,Scottsdale,exceeded_quantity_night_all,exceeded_quantity,night,all,national,national,National,annual_all_days_primary,All calendar-year days; non-heatwave days contribute zero,"1,2,3,4,5,6,7,8,9,10,11,12",2025-2050,37960.0,4645.0,0.0515020719899304,0.0,0.3051810552437441,0.0517556499380012,0.0,0.3111320007630787,0.0517556499380012,-0.2076207008870764,0.3111320007630787,0.0,-111.85259478908768,33.55745813694949
ssp370,Seattle,cehwi_composite_all,cehwi,composite,all,national,national,National,annual_all_days_primary,All calendar-year days; non-heatwave days contribute zero,"1,2,3,4,5,6,7,8,9,10,11,12",2025-2050,113880.0,0.0,0.0,0.0,0.0,0.0,0.0,0.0,0.0,0.0,0.0,0.0,-122.34363400005496,47.628300390101685
ssp370,Seattle,cehwi_day_all,cehwi,day,all,national,national,National,annual_all_days_primary,All calendar-year days; non-heatwave days contribute zero,"1,2,3,4,5,6,7,8,9,10,11,12",2025-2050,113880.0,23482.0,0.4795210201843758,0.0235945589163218,1.0369934387451416,0.4912472519504835,0.023804730874182,1.0862876032141906,0.4912472519504835,-0.1037930993132244,1.0862876032141906,0.0,-122.34363400005496,47.628300390101685
ssp370,Seattle,cehwi_night_all,cehwi,night,all,national,national,National,annual_all_days_primary,All calendar-year days; non-heatwave days contribute zero,"1,2,3,4,5,6,7,8,9,10,11,12",2025-2050,113880.0,0.0,0.0,0.0,0.0,0.0,0.0,0.0,0.0,0.0,0.0,0.0,-122.34363400005496,47.628300390101685
ssp370,Seattle,exceeded_quantity_composite_all,exceeded_quantity,composite,all,national,national,National,annual_all_days_primary,All calendar-year days; non-heatwave days contribute zero,"1,2,3,4,5,6,7,8,9,10,11,12",2025-2050,113880.0,0.0,0.0,0.0,0.0,0.0,0.0,0.0,0.0,0.0,0.0,0.0,-122.34363400005496,47.628300390101685
ssp370,Seattle,exceeded_quantity_day_all,exceeded_quantity,day,all,national,national,National,annual_all_days_primary,All calendar-year days; non-heatwave days contribute zero,"1,2,3,4,5,6,7,8,9,10,11,12",2025-2050,113880.0,23482.0,0.6313478102348454,0.0837835998311701,1.2504699621218622,0.6523231442835954,0.0857628374596602,1.3204411151148414,0.6523231442835954,-0.0157948265476501,1.3204411151148414,0.0,-122.34363400005496,47.628300390101685
ssp370,Seattle,exceeded_quantity_night_all,exceeded_quantity,night,all,national,national,National,annual_all_days_primary,All calendar-year days; non-heatwave days contribute zero,"1,2,3,4,5,6,7,8,9,10,11,12",2025-2050,113880.0,0.0,0.0,0.0,0.0,0.0,0.0,0.0,0.0,0.0,0.0,0.0,-122.34363400005496,47.628300390101685
ssp370,St_Louis,cehwi_composite_all,cehwi,composite,all,national,national,National,annual_all_days_primary,All calendar-year days; non-heatwave days contribute zero,"1,2,3,4,5,6,7,8,9,10,11,12",2025-2050,66430.0,10431.0,0.5627119207584702,0.0186771761401561,1.0785272103317074,0.5792040877941056,0.0186980575686294,1.141106468045223,0.5792040877941056,0.0173017075429888,1.141106468045223,0.0,-90.22886259278208,38.6350520886664
ssp370,St_Louis,cehwi_day_all,cehwi,day,all,national,national,National,annual_all_days_primary,All calendar-year days; non-heatwave days contribute zero,"1,2,3,4,5,6,7,8,9,10,11,12",2025-2050,66430.0,8826.0,0.1021332740311487,0.0,0.2539491082515949,0.1029437687447423,0.0,0.2588447265846789,0.1029437687447423,-0.0529571890951962,0.2588447265846789,0.0,-90.22886259278208,38.6350520886664
ssp370,St_Louis,cehwi_night_all,cehwi,night,all,national,national,National,annual_all_days_primary,All calendar-year days; non-heatwave days contribute zero,"1,2,3,4,5,6,7,8,9,10,11,12",2025-2050,66430.0,6821.0,0.0,0.0,0.0372145508234303,0.0,0.0,0.0373737948593979,-0.0307186661106409,-0.0988111270806808,0.0373737948593979,0.0,-90.22886259278208,38.6350520886664
ssp370,St_Louis,exceeded_quantity_composite_all,exceeded_quantity,composite,all,national,national,National,annual_all_days_primary,All calendar-year days; non-heatwave days contribute zero,"1,2,3,4,5,6,7,8,9,10,11,12",2025-2050,66430.0,10431.0,0.5125200309685136,0.0,1.1688710436502303,0.52406136738234,0.0,1.2290202907750305,0.52406136738234,-0.1808975560103496,1.2290202907750305,0.0,-90.22886259278208,38.6350520886664
ssp370,St_Louis,exceeded_quantity_day_all,exceeded_quantity,day,all,national,national,National,annual_all_days_primary,All calendar-year days; non-heatwave days contribute zero,"1,2,3,4,5,6,7,8,9,10,11,12",2025-2050,66430.0,8826.0,0.1877595901310095,0.0015865365980719,0.433350034446611,0.1901323496268295,0.0015987039745821,0.4450699426177952,0.1901323496268295,-0.0648052433641358,0.4450699426177952,0.0,-90.22886259278208,38.6350520886664
ssp370,St_Louis,exceeded_quantity_night_all,exceeded_quantity,night,all,national,national,National,annual_all_days_primary,All calendar-year days; non-heatwave days contribute zero,"1,2,3,4,5,6,7,8,9,10,11,12",2025-2050,66430.0,6821.0,0.0229774027452241,0.0,0.1668941326322075,0.0230251181220088,0.0,0.1689894683065479,0.0230251181220088,-0.1229392320625303,0.1689894683065479,0.0,-90.22886259278208,38.6350520886664
ssp370,St_Petersburg,cehwi_composite_all,cehwi,composite,all,national,national,National,annual_all_days_primary,All calendar-year days; non-heatwave days contribute zero,"1,2,3,4,5,6,7,8,9,10,11,12",2025-2050,18980.0,2420.0,0.1948586179683259,0.005905570013583,0.3776781353664927,0.1982522650358126,0.0059094117583739,0.390595118313252,0.1982522650358126,0.0059094117583739,0.390595118313252,0.0,-82.66697286181882,27.773320918006952
ssp370,St_Petersburg,cehwi_day_all,cehwi,day,all,national,national,National,annual_all_days_primary,All calendar-year days; non-heatwave days contribute zero,"1,2,3,4,5,6,7,8,9,10,11,12",2025-2050,18980.0,4184.0,0.1809007995813298,8.30032899219705e-06,0.4435334668592665,0.182675637866926,8.30687404644784e-06,0.4537258792062177,0.182675637866926,-0.0883746034723686,0.4537258792062177,0.0,-82.66697286181882,27.773320918006952
ssp370,St_Petersburg,cehwi_night_all,cehwi,night,all,national,national,National,annual_all_days_primary,All calendar-year days; non-heatwave days contribute zero,"1,2,3,4,5,6,7,8,9,10,11,12",2025-2050,18980.0,3723.0,0.0,0.0,0.0914783009450831,0.0,0.0,0.09193962421934,-0.0753247026814158,-0.2425890295821735,0.09193962421934,0.0,-82.66697286181882,27.773320918006952
ssp370,St_Petersburg,exceeded_quantity_composite_all,exceeded_quantity,composite,all,national,national,National,annual_all_days_primary,All calendar-year days; non-heatwave days contribute zero,"1,2,3,4,5,6,7,8,9,10,11,12",2025-2050,18980.0,2420.0,0.1789768343878814,0.0,0.429204976330939,0.180704641237956,0.0,0.4391682519318721,0.180704641237956,-0.0777589694559597,0.4391682519318721,0.0,-82.66697286181882,27.773320918006952
ssp370,St_Petersburg,exceeded_quantity_day_all,exceeded_quantity,day,all,national,national,National,annual_all_days_primary,All calendar-year days; non-heatwave days contribute zero,"1,2,3,4,5,6,7,8,9,10,11,12",2025-2050,18980.0,4184.0,0.1873286895574162,0.0,0.4536640055649684,0.1886584733989408,0.0,0.4613018943799761,0.1886584733989408,-0.0839849475820936,0.4613018943799761,0.0,-82.66697286181882,27.773320918006952
ssp370,St_Petersburg,exceeded_quantity_night_all,exceeded_quantity,night,all,national,national,National,annual_all_days_primary,All calendar-year days; non-heatwave days contribute zero,"1,2,3,4,5,6,7,8,9,10,11,12",2025-2050,18980.0,3723.0,0.0420753448312152,0.0,0.3010232308348584,0.0421722635600163,0.0,0.304872747723795,0.0421722635600163,-0.2205282206037626,0.304872747723795,0.0,-82.66697286181882,27.773320918006952
ssp370,Tallahassee,cehwi_composite_all,cehwi,composite,all,national,national,National,annual_all_days_primary,All calendar-year days; non-heatwave days contribute zero,"1,2,3,4,5,6,7,8,9,10,11,12",2025-2050,94900.0,12991.0,0.2958562247829852,0.0092384655967216,0.5715608580336159,0.3019112460078504,0.0092454786464302,0.5945770133692712,0.3019112460078504,0.0092454786464302,0.5945770133692712,0.0,-84.24351618544856,30.45115186849857
ssp370,Tallahassee,cehwi_day_all,cehwi,day,all,national,national,National,annual_all_days_primary,All calendar-year days; non-heatwave days contribute zero,"1,2,3,4,5,6,7,8,9,10,11,12",2025-2050,94900.0,13495.0,0.1087087592071385,0.000760634401672,0.2622446810525133,0.1099376201196712,0.0007647027438211,0.2686579726860936,0.1099376201196712,-0.0487827324467532,0.2686579726860936,0.0,-84.24351618544856,30.45115186849857
ssp370,Tallahassee,cehwi_night_all,cehwi,night,all,national,national,National,annual_all_days_primary,All calendar-year days; non-heatwave days contribute zero,"1,2,3,4,5,6,7,8,9,10,11,12",2025-2050,94900.0,18708.0,0.0,0.0,0.0728323538259397,0.0,0.0,0.0731241222551787,-0.0606867866816828,-0.1944976956185462,0.0731241222551787,0.0,-84.24351618544856,30.45115186849857
ssp370,Tallahassee,exceeded_quantity_composite_all,exceeded_quantity,composite,all,national,national,National,annual_all_days_primary,All calendar-year days; non-heatwave days contribute zero,"1,2,3,4,5,6,7,8,9,10,11,12",2025-2050,94900.0,12991.0,0.2730456577463167,0.0,0.6462557976269151,0.2767094670677968,0.0,0.6668846039876308,0.2767094670677968,-0.1134656698520366,0.6668846039876308,0.0,-84.24351618544856,30.45115186849857
ssp370,Tallahassee,exceeded_quantity_day_all,exceeded_quantity,day,all,national,national,National,annual_all_days_primary,All calendar-year days; non-heatwave days contribute zero,"1,2,3,4,5,6,7,8,9,10,11,12",2025-2050,94900.0,13495.0,0.1509196118335019,0.0005367690643004,0.3546424991945155,0.1525071604489049,0.0005398403850537,0.3628495819496628,0.1525071604489049,-0.0578352610518525,0.3628495819496628,0.0,-84.24351618544856,30.45115186849857
ssp370,Tallahassee,exceeded_quantity_night_all,exceeded_quantity,night,all,national,national,National,annual_all_days_primary,All calendar-year days; non-heatwave days contribute zero,"1,2,3,4,5,6,7,8,9,10,11,12",2025-2050,94900.0,18708.0,0.0332646477118397,0.0,0.2551607116693879,0.033314197644283,0.0,0.2577263151362562,0.033314197644283,-0.1910979198476903,0.2577263151362562,0.0,-84.24351618544856,30.45115186849857
ssp370,Tampa,cehwi_composite_all,cehwi,composite,all,national,national,National,annual_all_days_primary,All calendar-year days; non-heatwave days contribute zero,"1,2,3,4,5,6,7,8,9,10,11,12",2025-2050,94900.0,10286.0,0.1712597857687928,0.0051622848001753,0.3320622796626429,0.174188682129443,0.0051655814790976,0.3432117827797889,0.174188682129443,0.0051655814790976,0.3432117827797889,0.0,-82.45794180532177,27.97564180976341
ssp370,Tampa,cehwi_day_all,cehwi,day,all,national,national,National,annual_all_days_primary,All calendar-year days; non-heatwave days contribute zero,"1,2,3,4,5,6,7,8,9,10,11,12",2025-2050,94900.0,21074.0,0.2505328392207242,0.0006544985000774,0.599131524635669,0.253782439881813,0.0006575057731408,0.6165277913147957,0.253782439881813,-0.1089629115511722,0.6165277913147957,0.0,-82.45794180532177,27.97564180976341
ssp370,Tampa,cehwi_night_all,cehwi,night,all,national,national,National,annual_all_days_primary,All calendar-year days; non-heatwave days contribute zero,"1,2,3,4,5,6,7,8,9,10,11,12",2025-2050,94900.0,18570.0,0.0,0.0,0.0929989872290994,0.0,0.0,0.0934754298285488,-0.0765548719654252,-0.2465851737594009,0.0934754298285488,0.0,-82.45794180532177,27.97564180976341
ssp370,Tampa,exceeded_quantity_composite_all,exceeded_quantity,composite,all,national,national,National,annual_all_days_primary,All calendar-year days; non-heatwave days contribute zero,"1,2,3,4,5,6,7,8,9,10,11,12",2025-2050,94900.0,10286.0,0.1753428770952991,0.0,0.4188697168494605,0.1772424415122659,0.0,0.4297453832525881,0.1772424415122659,-0.0752605002280558,0.4297453832525881,0.0,-82.45794180532177,27.97564180976341
ssp370,Tampa,exceeded_quantity_day_all,exceeded_quantity,day,all,national,national,National,annual_all_days_primary,All calendar-year days; non-heatwave days contribute zero,"1,2,3,4,5,6,7,8,9,10,11,12",2025-2050,94900.0,21074.0,0.2574204925842603,0.0003350063495997,0.6112074474608099,0.2598716565082102,0.0003371842227568,0.624492070521559,0.2598716565082102,-0.1047487575051377,0.624492070521559,0.0,-82.45794180532177,27.97564180976341
ssp370,Tampa,exceeded_quantity_night_all,exceeded_quantity,night,all,national,national,National,annual_all_days_primary,All calendar-year days; non-heatwave days contribute zero,"1,2,3,4,5,6,7,8,9,10,11,12",2025-2050,94900.0,18570.0,0.0437205503066819,0.0,0.3081299834279026,0.0438322870562734,0.0,0.3122043342013313,0.0438322870562734,-0.2245397600887846,0.3122043342013313,0.0,-82.45794180532177,27.97564180976341
ssp370,Tucson,cehwi_composite_all,cehwi,composite,all,national,national,National,annual_all_days_primary,All calendar-year days; non-heatwave days contribute zero,"1,2,3,4,5,6,7,8,9,10,11,12",2025-2050,132860.0,12798.0,0.2416622262745492,0.0077616020417313,0.4656163737837898,0.2472125577714996,0.0077684314029977,0.4866568112390604,0.2472125577714996,0.0077683043039391,0.4866568112390604,0.0,-110.9093637407622,32.199531737475226
ssp370,Tucson,cehwi_day_all,cehwi,day,all,national,national,National,annual_all_days_primary,All calendar-year days; non-heatwave days contribute zero,"1,2,3,4,5,6,7,8,9,10,11,12",2025-2050,132860.0,22363.0,0.2547044365598483,0.0057666984504168,0.576945539145663,0.259485385837203,0.00580351869288,0.5988847245050076,0.259485385837203,-0.0799139528306032,0.5988847245050076,0.0,-110.9093637407622,32.199531737475226
ssp370,Tucson,cehwi_night_all,cehwi,night,all,national,national,National,annual_all_days_primary,All calendar-year days; non-heatwave days contribute zero,"1,2,3,4,5,6,7,8,9,10,11,12",2025-2050,132860.0,18427.0,0.0,0.0,0.1083106300124517,0.0,0.0,0.1091737432200308,-0.084461910486503,-0.2780975641930378,0.1091737432200308,0.0,-110.9093637407622,32.199531737475226
ssp370,Tucson,exceeded_quantity_composite_all,exceeded_quantity,composite,all,national,national,National,annual_all_days_primary,All calendar-year days; non-heatwave days contribute zero,"1,2,3,4,5,6,7,8,9,10,11,12",2025-2050,132860.0,12798.0,0.2809532078752463,0.0,0.6457783696728773,0.2867438216298694,0.0,0.6762191217327043,0.2867438216298694,-0.102731478472965,0.6762191217327043,0.0,-110.9093637407622,32.199531737475226
ssp370,Tucson,exceeded_quantity_day_all,exceeded_quantity,day,all,national,national,National,annual_all_days_primary,All calendar-year days; non-heatwave days contribute zero,"1,2,3,4,5,6,7,8,9,10,11,12",2025-2050,132860.0,22363.0,0.2873152341858784,0.0088552814143052,0.6375366843142537,0.2922144843174822,0.0089572129562735,0.6588880605752737,0.2922144843174822,-0.0744590919403087,0.6588880605752737,0.0,-110.9093637407622,32.199531737475226
ssp370,Tucson,exceeded_quantity_night_all,exceeded_quantity,night,all,national,national,National,annual_all_days_primary,All calendar-year days; non-heatwave days contribute zero,"1,2,3,4,5,6,7,8,9,10,11,12",2025-2050,132860.0,18427.0,0.0620951919029994,0.0,0.3584363744029686,0.062455411042982,0.0,0.3656734089633107,0.062455411042982,-0.2407625868773472,0.3656734089633107,0.0,-110.9093637407622,32.199531737475226
ssp370,Virginia_Beach,cehwi_composite_all,cehwi,composite,all,national,national,National,annual_all_days_primary,All calendar-year days; non-heatwave days contribute zero,"1,2,3,4,5,6,7,8,9,10,11,12",2025-2050,18980.0,2479.0,0.3095867179581253,0.0097634349354737,0.5974716573461731,0.3162310104163255,0.0097714246007395,0.6226907587035514,0.3162310104163255,0.0097712621291001,0.6226907587035514,0.0,-76.01494818291374,36.78853645041103
ssp370,Virginia_Beach,cehwi_day_all,cehwi,day,all,national,national,National,annual_all_days_primary,All calendar-year days; non-heatwave days contribute zero,"1,2,3,4,5,6,7,8,9,10,11,12",2025-2050,18980.0,2076.0,0.0727767379895329,0.0,0.1820737839130637,0.0732690220598678,0.0,0.1850798948337584,0.0732690220598678,-0.0385418507140246,0.1850798948337584,0.0,-76.01494818291374,36.78853645041103
ssp370,Virginia_Beach,cehwi_night_all,cehwi,night,all,national,national,National,annual_all_days_primary,All calendar-year days; non-heatwave days contribute zero,"1,2,3,4,5,6,7,8,9,10,11,12",2025-2050,18980.0,2341.0,0.0,0.0,0.0447730974907784,0.0,0.0,0.0449257838669597,-0.0376967333352815,-0.120319250537524,0.0449257838669597,0.0,-76.01494818291374,36.78853645041103
ssp370,Virginia_Beach,exceeded_quantity_composite_all,exceeded_quantity,composite,all,national,national,National,annual_all_days_primary,All calendar-year days; non-heatwave days contribute zero,"1,2,3,4,5,6,7,8,9,10,11,12",2025-2050,18980.0,2479.0,0.3482932471408097,0.0,0.8073972938292887,0.354727311101241,0.0,0.8419739377346228,0.354727311101241,-0.1325193155321403,0.8419739377346228,0.0,-76.01494818291374,36.78853645041103
ssp370,Virginia_Beach,exceeded_quantity_day_all,exceeded_quantity,day,all,national,national,National,annual_all_days_primary,All calendar-year days; non-heatwave days contribute zero,"1,2,3,4,5,6,7,8,9,10,11,12",2025-2050,18980.0,2076.0,0.1473853412091376,0.0005553492649293,0.3443352203890858,0.1490560899366633,0.0005600946940184,0.3529336618921888,0.1490560899366633,-0.0548214820188618,0.3529336618921888,0.0,-76.01494818291374,36.78853645041103
ssp370,Virginia_Beach,exceeded_quantity_night_all,exceeded_quantity,night,all,national,national,National,annual_all_days_primary,All calendar-year days; non-heatwave days contribute zero,"1,2,3,4,5,6,7,8,9,10,11,12",2025-2050,18980.0,2341.0,0.0275682269215806,0.0,0.199263106670773,0.0276259712224687,0.0,0.2018065604136071,0.0276259712224687,-0.1465546179686697,0.2018065604136071,0.0,-76.01494818291374,36.78853645041103
ssp370,Visalia,cehwi_composite_all,cehwi,composite,all,national,national,National,annual_all_days_primary,All calendar-year days; non-heatwave days contribute zero,"1,2,3,4,5,6,7,8,9,10,11,12",2025-2050,56940.0,7083.0,0.409490757645039,0.0132648847511913,0.7862161330446936,0.4209162119290026,0.0132788063660854,0.8296375780475925,0.4209162119290026,0.012194845810413,0.8296375780475925,0.0,-119.32572241459629,36.32192880286373
ssp370,Visalia,cehwi_day_all,cehwi,day,all,national,national,National,annual_all_days_primary,All calendar-year days; non-heatwave days contribute zero,"1,2,3,4,5,6,7,8,9,10,11,12",2025-2050,56940.0,9502.0,0.1395111245876682,0.0001158471603213,0.3434612755921881,0.1407987739450373,0.0001165170417039,0.3509106591715866,0.1407987739450373,-0.0693131112815141,0.3509106591715866,0.0,-119.32572241459629,36.32192880286373
ssp370,Visalia,cehwi_night_all,cehwi,night,all,national,national,National,annual_all_days_primary,All calendar-year days; non-heatwave days contribute zero,"1,2,3,4,5,6,7,8,9,10,11,12",2025-2050,56940.0,4142.0,0.0,0.0,0.0368978373128964,0.0,0.0,0.0370783337473381,-0.0306101433280219,-0.0982986204033825,0.0370783337473381,0.0,-119.32572241459629,36.32192880286373
ssp370,Visalia,exceeded_quantity_composite_all,exceeded_quantity,composite,all,national,national,National,annual_all_days_primary,All calendar-year days; non-heatwave days contribute zero,"1,2,3,4,5,6,7,8,9,10,11,12",2025-2050,56940.0,7083.0,0.3997152560608762,0.0,0.9154874386305916,0.4083245568219689,0.0,0.9607819450829256,0.4083245568219689,-0.1441328314389869,0.9607819450829256,0.0,-119.32572241459629,36.32192880286373
ssp370,Visalia,exceeded_quantity_day_all,exceeded_quantity,day,all,national,national,National,annual_all_days_primary,All calendar-year days; non-heatwave days contribute zero,"1,2,3,4,5,6,7,8,9,10,11,12",2025-2050,56940.0,9502.0,0.21396302943058,0.000647828100755,0.5025313325745517,0.2162731932046545,0.0006544812745641,0.5146449001220127,0.2162731932046545,-0.0820985137127029,0.5146449001220127,0.0,-119.32572241459629,36.32192880286373
ssp370,Visalia,exceeded_quantity_night_all,exceeded_quantity,night,all,national,national,National,annual_all_days_primary,All calendar-year days; non-heatwave days contribute zero,"1,2,3,4,5,6,7,8,9,10,11,12",2025-2050,56940.0,4142.0,0.0235377843932909,0.0,0.1516221629488445,0.0236257721064875,0.0,0.1541468785778719,0.0236257721064875,-0.1068953343648969,0.1541468785778719,0.0,-119.32572241459629,36.32192880286373
ssp370,Washington,cehwi_composite_all,cehwi,composite,all,national,national,National,annual_all_days_primary,All calendar-year days; non-heatwave days contribute zero,"1,2,3,4,5,6,7,8,9,10,11,12",2025-2050,66430.0,6763.0,0.3001830776200102,0.0095008797397494,0.5784679599158438,0.3071241365438805,0.009508906409356,0.6048500289104083,0.3071241365438805,0.0093982441773532,0.6048500289104083,0.0,-77.01079484073769,38.89522924007893
ssp370,Washington,cehwi_day_all,cehwi,day,all,national,national,National,annual_all_days_primary,All calendar-year days; non-heatwave days contribute zero,"1,2,3,4,5,6,7,8,9,10,11,12",2025-2050,66430.0,8876.0,0.1362636825284363,0.0002451454106652,0.3315021276272311,0.1377445555370041,0.0002466545686674,0.3397755268544349,0.1377445555370041,-0.0642864157804285,0.3397755268544349,0.0,-77.01079484073769,38.89522924007893
ssp370,Washington,cehwi_night_all,cehwi,night,all,national,national,National,annual_all_days_primary,All calendar-year days; non-heatwave days contribute zero,"1,2,3,4,5,6,7,8,9,10,11,12",2025-2050,66430.0,4403.0,0.0,0.0,0.0257482734453403,0.0,0.0,0.02584020751893,-0.0216445617560478,-0.0691293310310263,0.02584020751893,0.0,-77.01079484073769,38.89522924007893
ssp370,Washington,exceeded_quantity_composite_all,exceeded_quantity,composite,all,national,national,National,annual_all_days_primary,All calendar-year days; non-heatwave days contribute zero,"1,2,3,4,5,6,7,8,9,10,11,12",2025-2050,66430.0,6763.0,0.3568864289153058,0.0,0.8146094702862785,0.364824212654816,0.0,0.8563214280125523,0.364824212654816,-0.1266730027029197,0.8563214280125523,0.0,-77.01079484073769,38.89522924007893
ssp370,Washington,exceeded_quantity_day_all,exceeded_quantity,day,all,national,national,National,annual_all_days_primary,All calendar-year days; non-heatwave days contribute zero,"1,2,3,4,5,6,7,8,9,10,11,12",2025-2050,66430.0,8876.0,0.2468919070838185,0.0055754612011142,0.5519701239373164,0.2509067811909088,0.0056404031382907,0.5701495288818677,0.2509067811909088,-0.0683359665000496,0.5701495288818677,0.0,-77.01079484073769,38.89522924007893
ssp370,Washington,exceeded_quantity_night_all,exceeded_quantity,night,all,national,national,National,annual_all_days_primary,All calendar-year days; non-heatwave days contribute zero,"1,2,3,4,5,6,7,8,9,10,11,12",2025-2050,66430.0,4403.0,0.0191584295396169,0.0,0.1296584244441814,0.0192179649474429,0.0,0.1316150469375746,0.0192179649474429,-0.0931791170426888,0.1316150469375746,0.0,-77.01079484073769,38.89522924007893
ssp585,Abilene,cehwi_composite_all,cehwi,composite,all,national,national,National,annual_all_days_primary,All calendar-year days; non-heatwave days contribute zero,"1,2,3,4,5,6,7,8,9,10,11,12",2025-2050,85410.0,17488.0,0.9332990792072026,0.02625166236331,1.834049470459412,0.9648991369495886,0.0262847096373297,1.9616876839617996,0.9648991369495886,-0.0318894100626217,1.9616876839617996,0.0,-99.72248665892138,32.43090707989828
ssp585,Abilene,cehwi_day_all,cehwi,day,all,national,national,National,annual_all_days_primary,All calendar-year days; non-heatwave days contribute zero,"1,2,3,4,5,6,7,8,9,10,11,12",2025-2050,85410.0,9034.0,0.0748503978409936,0.0,0.1862267007954829,0.0754366952233364,0.0,0.1897814444456184,0.0754366952233364,-0.0389080539989472,0.1897814444456184,0.0,-99.72248665892138,32.43090707989828
ssp585,Abilene,cehwi_night_all,cehwi,night,all,national,national,National,annual_all_days_primary,All calendar-year days; non-heatwave days contribute zero,"1,2,3,4,5,6,7,8,9,10,11,12",2025-2050,85410.0,10674.0,0.0,0.0,0.0407267152571456,0.0,0.0,0.0408648119009902,-0.0342138840289869,-0.1092925799589653,0.0408648119009902,0.0,-99.72248665892138,32.43090707989828
ssp585,Abilene,exceeded_quantity_composite_all,exceeded_quantity,composite,all,national,national,National,annual_all_days_primary,All calendar-year days; non-heatwave days contribute zero,"1,2,3,4,5,6,7,8,9,10,11,12",2025-2050,85410.0,17488.0,0.7109468766795726,2.1531398880473127e-05,1.6087552340806412,0.7282114607532134,2.16012454200322e-05,1.697548234851704,0.7282114607532134,-0.2411253133452761,1.697548234851704,0.0,-99.72248665892138,32.43090707989828
ssp585,Abilene,exceeded_quantity_day_all,exceeded_quantity,day,all,national,national,National,annual_all_days_primary,All calendar-year days; non-heatwave days contribute zero,"1,2,3,4,5,6,7,8,9,10,11,12",2025-2050,85410.0,9034.0,0.1339700498690071,0.0001091918172987,0.3145518086930341,0.1354124891831952,0.0001095258478974,0.3221814255275829,0.1354124891831952,-0.051356447161192,0.3221814255275829,0.0,-99.72248665892138,32.43090707989828
ssp585,Abilene,exceeded_quantity_night_all,exceeded_quantity,night,all,national,national,National,annual_all_days_primary,All calendar-year days; non-heatwave days contribute zero,"1,2,3,4,5,6,7,8,9,10,11,12",2025-2050,85410.0,10674.0,0.0258981102452689,0.0,0.1893964048884123,0.0259501638105343,0.0,0.1916910033967243,0.0259501638105343,-0.1397906757756557,0.1916910033967243,0.0,-99.72248665892138,32.43090707989828
ssp585,Amarillo,cehwi_composite_all,cehwi,composite,all,national,national,National,annual_all_days_primary,All calendar-year days; non-heatwave days contribute zero,"1,2,3,4,5,6,7,8,9,10,11,12",2025-2050,94900.0,13206.0,0.5171471501967204,0.0164613948879488,0.9959562553717076,0.532131451979795,0.0164791208357848,1.0534984720757443,0.532131451979795,0.0107644318838459,1.0534984720757443,0.0,-101.84151260135,35.1822476629671
ssp585,Amarillo,cehwi_day_all,cehwi,day,all,national,national,National,annual_all_days_primary,All calendar-year days; non-heatwave days contribute zero,"1,2,3,4,5,6,7,8,9,10,11,12",2025-2050,94900.0,16331.0,0.2135437667123012,0.0031567575988977,0.498601501816053,0.2168868351288368,0.0031828177407871,0.514844388896054,0.2168868351288368,-0.0810707186383821,0.514844388896054,0.0,-101.84151260135,35.1822476629671
ssp585,Amarillo,cehwi_night_all,cehwi,night,all,national,national,National,annual_all_days_primary,All calendar-year days; non-heatwave days contribute zero,"1,2,3,4,5,6,7,8,9,10,11,12",2025-2050,94900.0,6270.0,0.0,0.0,0.0224985453209992,0.0,0.0,0.0225755197089075,-0.0189411255021064,-0.060457770713121,0.0225755197089075,0.0,-101.84151260135,35.1822476629671
ssp585,Amarillo,exceeded_quantity_composite_all,exceeded_quantity,composite,all,national,national,National,annual_all_days_primary,All calendar-year days; non-heatwave days contribute zero,"1,2,3,4,5,6,7,8,9,10,11,12",2025-2050,94900.0,13206.0,0.4886003875169855,0.0,1.1118758668905508,0.499783429505074,0.0,1.1702051079975713,0.499783429505074,-0.1706382489874227,1.1702051079975713,0.0,-101.84151260135,35.1822476629671
ssp585,Amarillo,exceeded_quantity_day_all,exceeded_quantity,day,all,national,national,National,annual_all_days_primary,All calendar-year days; non-heatwave days contribute zero,"1,2,3,4,5,6,7,8,9,10,11,12",2025-2050,94900.0,16331.0,0.2869095000183675,0.003610131367172,0.6479254694446611,0.2911888465895056,0.0036375443047951,0.6681223651536079,0.2911888465895056,-0.085744671974596,0.6681223651536079,0.0,-101.84151260135,35.1822476629671
ssp585,Amarillo,exceeded_quantity_night_all,exceeded_quantity,night,all,national,national,National,annual_all_days_primary,All calendar-year days; non-heatwave days contribute zero,"1,2,3,4,5,6,7,8,9,10,11,12",2025-2050,94900.0,6270.0,0.0140839474685525,0.0,0.1031278085220945,0.0141119665436966,0.0,0.1043809393916756,0.0141119665436966,-0.0761570063042825,0.1043809393916756,0.0,-101.84151260135,35.1822476629671
ssp585,Arlington,cehwi_composite_all,cehwi,composite,all,national,national,National,annual_all_days_primary,All calendar-year days; non-heatwave days contribute zero,"1,2,3,4,5,6,7,8,9,10,11,12",2025-2050,85410.0,16139.0,0.9024487758051694,0.0240217784190266,1.7828404349825555,0.9347966841487828,0.0240528120445527,1.9189077732372808,0.9347966841487828,-0.0493144049397144,1.9189077732372808,0.0,-97.1173723349748,32.70008691094104
ssp585,Arlington,cehwi_day_all,cehwi,day,all,national,national,National,annual_all_days_primary,All calendar-year days; non-heatwave days contribute zero,"1,2,3,4,5,6,7,8,9,10,11,12",2025-2050,85410.0,7863.0,0.0493582202659298,0.0,0.1241451988637579,0.0496463903745864,0.0,0.1259438180119644,0.0496463903745864,-0.0266510372627931,0.1259438180119644,0.0,-97.1173723349748,32.70008691094104
ssp585,Arlington,cehwi_night_all,cehwi,night,all,national,national,National,annual_all_days_primary,All calendar-year days; non-heatwave days contribute zero,"1,2,3,4,5,6,7,8,9,10,11,12",2025-2050,85410.0,11188.0,0.0,0.0,0.0455605765994032,0.0,0.0,0.04572838136161,-0.0381538085773219,-0.1220359985162552,0.04572838136161,0.0,-97.1173723349748,32.70008691094104
ssp585,Arlington,exceeded_quantity_composite_all,exceeded_quantity,composite,all,national,national,National,annual_all_days_primary,All calendar-year days; non-heatwave days contribute zero,"1,2,3,4,5,6,7,8,9,10,11,12",2025-2050,85410.0,16139.0,0.6750119380987375,0.0,1.5224474679816316,0.6920534802291702,0.0,1.609720772744345,0.6920534802291702,-0.2256138122860037,1.609720772744345,0.0,-97.1173723349748,32.70008691094104
ssp585,Arlington,exceeded_quantity_day_all,exceeded_quantity,day,all,national,national,National,annual_all_days_primary,All calendar-year days; non-heatwave days contribute zero,"1,2,3,4,5,6,7,8,9,10,11,12",2025-2050,85410.0,7863.0,0.0936102528808602,1.012108744210795e-05,0.2236413160572253,0.0944335090954179,1.0128771466715958e-05,0.2281961598955703,0.0944335090954179,-0.0393291417047341,0.2281961598955703,0.0,-97.1173723349748,32.70008691094104
ssp585,Arlington,exceeded_quantity_night_all,exceeded_quantity,night,all,national,national,National,annual_all_days_primary,All calendar-year days; non-heatwave days contribute zero,"1,2,3,4,5,6,7,8,9,10,11,12",2025-2050,85410.0,11188.0,0.0274208800256486,0.0,0.1999968885781232,0.0274763841509679,0.0,0.2024463087942441,0.0274763841509679,-0.1474935404923083,0.2024463087942441,0.0,-97.1173723349748,32.70008691094104
ssp585,Atlanta,cehwi_composite_all,cehwi,composite,all,national,national,National,annual_all_days_primary,All calendar-year days; non-heatwave days contribute zero,"1,2,3,4,5,6,7,8,9,10,11,12",2025-2050,113880.0,12564.0,0.2802067356612632,0.0084674410175042,0.5444965070230009,0.2865510972756914,0.0084744737692517,0.5692255217804713,0.2865510972756914,0.003876672770912,0.5692255217804713,0.0,-84.41868766585188,33.78528111731029
ssp585,Atlanta,cehwi_day_all,cehwi,day,all,national,national,National,annual_all_days_primary,All calendar-year days; non-heatwave days contribute zero,"1,2,3,4,5,6,7,8,9,10,11,12",2025-2050,113880.0,21853.0,0.261450966524639,0.0053959555262501,0.6039865565742123,0.2658936774065393,0.0054476804825813,0.6251091160676671,0.2658936774065393,-0.0933217612545905,0.6251091160676671,0.0,-84.41868766585188,33.78528111731029
ssp585,Atlanta,cehwi_night_all,cehwi,night,all,national,national,National,annual_all_days_primary,All calendar-year days; non-heatwave days contribute zero,"1,2,3,4,5,6,7,8,9,10,11,12",2025-2050,113880.0,9818.0,0.0,0.0,0.0218182866103614,0.0,0.0,0.0218757971727398,-0.0184490027763636,-0.058773802725468,0.0218757971727398,0.0,-84.41868766585188,33.78528111731029
ssp585,Atlanta,exceeded_quantity_composite_all,exceeded_quantity,composite,all,national,national,National,annual_all_days_primary,All calendar-year days; non-heatwave days contribute zero,"1,2,3,4,5,6,7,8,9,10,11,12",2025-2050,113880.0,12564.0,0.3039286069458981,0.0,0.7042560743146639,0.3095691710256009,0.0,0.7344814230453435,0.3095691710256009,-0.1153430809941409,0.7344814230453435,0.0,-84.41868766585188,33.78528111731029
ssp585,Atlanta,exceeded_quantity_day_all,exceeded_quantity,day,all,national,national,National,annual_all_days_primary,All calendar-year days; non-heatwave days contribute zero,"1,2,3,4,5,6,7,8,9,10,11,12",2025-2050,113880.0,21853.0,0.2956978055186177,0.0023089345867175,0.6790410006991073,0.2996048481958697,0.0023293991424815,0.6982897796328386,0.2996048481958697,-0.0990800832410986,0.6982897796328386,0.0,-84.41868766585188,33.78528111731029
ssp585,Atlanta,exceeded_quantity_night_all,exceeded_quantity,night,all,national,national,National,annual_all_days_primary,All calendar-year days; non-heatwave days contribute zero,"1,2,3,4,5,6,7,8,9,10,11,12",2025-2050,113880.0,9818.0,0.0124440589140473,0.0,0.0969367677583752,0.0124606061538486,0.0,0.0978063642350996,0.0124606061538486,-0.0728851519274023,0.0978063642350996,0.0,-84.41868766585188,33.78528111731029
ssp585,Aurora,cehwi_composite_all,cehwi,composite,all,national,national,National,annual_all_days_primary,All calendar-year days; non-heatwave days contribute zero,"1,2,3,4,5,6,7,8,9,10,11,12",2025-2050,132860.0,17.0,0.0004155184251829,1.2458782180311907e-05,0.000803543342047,0.0004237425861557,1.2466321774610418e-05,0.0008350188505368,0.0004237425861557,1.2466321774610418e-05,0.0008350188505368,0.0,-104.76873712003088,39.6946779262805
ssp585,Aurora,cehwi_day_all,cehwi,day,all,national,national,National,annual_all_days_primary,All calendar-year days; non-heatwave days contribute zero,"1,2,3,4,5,6,7,8,9,10,11,12",2025-2050,132860.0,30166.0,0.6293139433540483,0.0418410530777876,1.3233341654883648,0.6465735833631705,0.0422386668091476,1.3921506936574026,0.6465735833631705,-0.0990035269310623,1.3921506936574026,0.0,-104.76873712003088,39.6946779262805
ssp585,Aurora,cehwi_night_all,cehwi,night,all,national,national,National,annual_all_days_primary,All calendar-year days; non-heatwave days contribute zero,"1,2,3,4,5,6,7,8,9,10,11,12",2025-2050,132860.0,0.0,0.0,0.0,0.0,0.0,0.0,0.0,0.0,0.0,0.0,0.0,-104.76873712003088,39.6946779262805
ssp585,Aurora,exceeded_quantity_composite_all,exceeded_quantity,composite,all,national,national,National,annual_all_days_primary,All calendar-year days; non-heatwave days contribute zero,"1,2,3,4,5,6,7,8,9,10,11,12",2025-2050,132860.0,17.0,0.0006541778861316,0.0,0.0014633963564808,0.0006716008776479,0.0,0.0015545226212625,0.0006716008776479,-0.0002113208659666,0.0015545226212625,0.0,-104.76873712003088,39.6946779262805
ssp585,Aurora,exceeded_quantity_day_all,exceeded_quantity,day,all,national,national,National,annual_all_days_primary,All calendar-year days; non-heatwave days contribute zero,"1,2,3,4,5,6,7,8,9,10,11,12",2025-2050,132860.0,30166.0,0.5789958705382803,0.0378365306164554,1.2160505064867686,0.5925149764289528,0.0383958469653385,1.2685614891393728,0.5925149764289528,-0.0835315362814664,1.2685614891393728,0.0,-104.76873712003088,39.6946779262805
ssp585,Aurora,exceeded_quantity_night_all,exceeded_quantity,night,all,national,national,National,annual_all_days_primary,All calendar-year days; non-heatwave days contribute zero,"1,2,3,4,5,6,7,8,9,10,11,12",2025-2050,132860.0,0.0,0.0,0.0,0.0,0.0,0.0,0.0,0.0,0.0,0.0,0.0,-104.76873712003088,39.6946779262805
ssp585,Austin,cehwi_composite_all,cehwi,composite,all,national,national,National,annual_all_days_primary,All calendar-year days; non-heatwave days contribute zero,"1,2,3,4,5,6,7,8,9,10,11,12",2025-2050,227760.0,46375.0,0.8828879256424788,0.0271233113451261,1.7139645488168205,0.9124527761824964,0.0271576486649209,1.831021746834788,0.9124527761824964,-0.0061161944697942,1.831021746834788,0.0,-97.74744069397526,30.309038865548093
ssp585,Austin,cehwi_day_all,cehwi,day,all,national,national,National,annual_all_days_primary,All calendar-year days; non-heatwave days contribute zero,"1,2,3,4,5,6,7,8,9,10,11,12",2025-2050,227760.0,25042.0,0.0683200776136477,0.0,0.1710194733528449,0.0687830767230444,0.0,0.1738732277477751,0.0687830767230444,-0.0363070743016881,0.1738732277477751,0.0,-97.74744069397526,30.309038865548093
ssp585,Austin,cehwi_night_all,cehwi,night,all,national,national,National,annual_all_days_primary,All calendar-year days; non-heatwave days contribute zero,"1,2,3,4,5,6,7,8,9,10,11,12",2025-2050,227760.0,43322.0,0.0,0.0,0.0932168696080108,0.0,0.0,0.0936797277879979,-0.0768595456873254,-0.2473988191626503,0.0936797277879979,0.0,-97.74744069397526,30.309038865548093
ssp585,Austin,exceeded_quantity_composite_all,exceeded_quantity,composite,all,national,national,National,annual_all_days_primary,All calendar-year days; non-heatwave days contribute zero,"1,2,3,4,5,6,7,8,9,10,11,12",2025-2050,227760.0,46375.0,0.630968834193095,0.0,1.4452274774000125,0.6444893779598323,0.0,1.5163958321238011,0.6444893779598323,-0.2274170762041356,1.5163958321238011,0.0,-97.74744069397526,30.309038865548093
ssp585,Austin,exceeded_quantity_day_all,exceeded_quantity,day,all,national,national,National,annual_all_days_primary,All calendar-year days; non-heatwave days contribute zero,"1,2,3,4,5,6,7,8,9,10,11,12",2025-2050,227760.0,25042.0,0.1159174729977903,9.636111416331434e-05,0.2762734165939067,0.1169625195327075,9.669988861141404e-05,0.2819411423071968,0.1169625195327075,-0.0480161032417813,0.2819411423071968,0.0,-97.74744069397526,30.309038865548093
ssp585,Austin,exceeded_quantity_night_all,exceeded_quantity,night,all,national,national,National,annual_all_days_primary,All calendar-year days; non-heatwave days contribute zero,"1,2,3,4,5,6,7,8,9,10,11,12",2025-2050,227760.0,43322.0,0.0472054055252724,0.0,0.3316976634693935,0.0473249871412975,0.0,0.3362383825826077,0.0473249871412975,-0.2415884083000129,0.3362383825826077,0.0,-97.74744069397526,30.309038865548093
ssp585,Bakersfield,cehwi_composite_all,cehwi,composite,all,national,national,National,annual_all_days_primary,All calendar-year days; non-heatwave days contribute zero,"1,2,3,4,5,6,7,8,9,10,11,12",2025-2050,132860.0,18951.0,0.4545710708183096,0.0145402088582135,0.8735788243319097,0.4668922102381434,0.0145549179230956,0.9204429485491415,0.4668922102381434,0.0133414719271457,0.9204429485491415,0.0,-119.03270052430015,35.36139476524356
ssp585,Bakersfield,cehwi_day_all,cehwi,day,all,national,national,National,annual_all_days_primary,All calendar-year days; non-heatwave days contribute zero,"1,2,3,4,5,6,7,8,9,10,11,12",2025-2050,132860.0,21525.0,0.1177442458115914,0.0,0.2934825912667253,0.1186266441127336,0.0,0.2988402024392564,0.1186266441127336,-0.0615869142137916,0.2988402024392564,0.0,-119.03270052430015,35.36139476524356
ssp585,Bakersfield,cehwi_night_all,cehwi,night,all,national,national,National,annual_all_days_primary,All calendar-year days; non-heatwave days contribute zero,"1,2,3,4,5,6,7,8,9,10,11,12",2025-2050,132860.0,10838.0,0.0,0.0,0.0459787787199463,0.0,0.0,0.0462618221383069,-0.0371257784552736,-0.1205133790488549,0.0462618221383069,0.0,-119.03270052430015,35.36139476524356
ssp585,Bakersfield,exceeded_quantity_composite_all,exceeded_quantity,composite,all,national,national,National,annual_all_days_primary,All calendar-year days; non-heatwave days contribute zero,"1,2,3,4,5,6,7,8,9,10,11,12",2025-2050,132860.0,18951.0,0.4490606520380825,2.0084864761570077e-06,1.027912731569201,0.4588196022841215,2.009897693196824e-06,1.079014820050031,0.4588196022841215,-0.1613756154817869,1.079014820050031,0.0,-119.03270052430015,35.36139476524356
ssp585,Bakersfield,exceeded_quantity_day_all,exceeded_quantity,day,all,national,national,National,annual_all_days_primary,All calendar-year days; non-heatwave days contribute zero,"1,2,3,4,5,6,7,8,9,10,11,12",2025-2050,132860.0,21525.0,0.1981209570371875,0.0008358229382434,0.466599385055757,0.2001962570514311,0.0008453881768494,0.4774338859365041,0.2001962570514311,-0.0770413718336411,0.4774338859365041,0.0,-119.03270052430015,35.36139476524356
ssp585,Bakersfield,exceeded_quantity_night_all,exceeded_quantity,night,all,national,national,National,annual_all_days_primary,All calendar-year days; non-heatwave days contribute zero,"1,2,3,4,5,6,7,8,9,10,11,12",2025-2050,132860.0,10838.0,0.0253680787920993,0.0,0.169041231327205,0.0254436976570591,0.0,0.1717516568322345,0.0254436976570591,-0.1208642615181164,0.1717516568322345,0.0,-119.03270052430015,35.36139476524356
ssp585,Baltimore,cehwi_composite_all,cehwi,composite,all,national,national,National,annual_all_days_primary,All calendar-year days; non-heatwave days contribute zero,"1,2,3,4,5,6,7,8,9,10,11,12",2025-2050,75920.0,7652.0,0.3242623133309045,0.0103073959547403,0.6243652729489472,0.3327197685921729,0.0103172862857514,0.656667840493292,0.3327197685921729,0.0087716966910542,0.656667840493292,0.0,-76.61681942327382,39.29956644320838
ssp585,Baltimore,cehwi_day_all,cehwi,day,all,national,national,National,annual_all_days_primary,All calendar-year days; non-heatwave days contribute zero,"1,2,3,4,5,6,7,8,9,10,11,12",2025-2050,75920.0,9621.0,0.1079982497826153,2.534512064442532e-05,0.2671159382153847,0.1089362826423151,2.5395485493623554e-05,0.2726580061652564,0.1089362826423151,-0.0547854408806279,0.2726580061652564,0.0,-76.61681942327382,39.29956644320838
ssp585,Baltimore,cehwi_night_all,cehwi,night,all,national,national,National,annual_all_days_primary,All calendar-year days; non-heatwave days contribute zero,"1,2,3,4,5,6,7,8,9,10,11,12",2025-2050,75920.0,5436.0,0.0,0.0,0.0278589718891811,0.0,0.0,0.0279754850276219,-0.0232225488534233,-0.0744205827344692,0.0279754850276219,0.0,-76.61681942327382,39.29956644320838
ssp585,Baltimore,exceeded_quantity_composite_all,exceeded_quantity,composite,all,national,national,National,annual_all_days_primary,All calendar-year days; non-heatwave days contribute zero,"1,2,3,4,5,6,7,8,9,10,11,12",2025-2050,75920.0,7652.0,0.3424954507452696,7.77609883993405e-05,0.7796419555503492,0.3503812076085056,7.825974642569691e-05,0.8205045886802474,0.3503812076085056,-0.1197421734632356,0.8205045886802474,0.0,-76.61681942327382,39.29956644320838
ssp585,Baltimore,exceeded_quantity_day_all,exceeded_quantity,day,all,national,national,National,annual_all_days_primary,All calendar-year days; non-heatwave days contribute zero,"1,2,3,4,5,6,7,8,9,10,11,12",2025-2050,75920.0,9621.0,0.2019057892885156,0.0021319429995766,0.4606159047720093,0.2047227563369107,0.0021548446716855,0.474150565704209,0.2047227563369107,-0.0647050530303869,0.474150565704209,0.0,-76.61681942327382,39.29956644320838
ssp585,Baltimore,exceeded_quantity_night_all,exceeded_quantity,night,all,national,national,National,annual_all_days_primary,All calendar-year days; non-heatwave days contribute zero,"1,2,3,4,5,6,7,8,9,10,11,12",2025-2050,75920.0,5436.0,0.017080924603527,0.0,0.1208955265179628,0.0171210967523697,0.0,0.122528328038956,0.0171210967523697,-0.0882861345342167,0.122528328038956,0.0,-76.61681942327382,39.29956644320838
ssp585,Boston,cehwi_composite_all,cehwi,composite,all,national,national,National,annual_all_days_primary,All calendar-year days; non-heatwave days contribute zero,"1,2,3,4,5,6,7,8,9,10,11,12",2025-2050,56940.0,1051.0,0.0572496798544427,0.001804940917481,0.1104164066408031,0.05851306079455,0.0018063813910924,0.1152197401980077,0.05851306079455,0.0018063813910924,0.1152197401980077,0.0,-71.06747675562549,42.31262407379619
ssp585,Boston,cehwi_day_all,cehwi,day,all,national,national,National,annual_all_days_primary,All calendar-year days; non-heatwave days contribute zero,"1,2,3,4,5,6,7,8,9,10,11,12",2025-2050,56940.0,9613.0,0.2796958014092944,0.0024094412449349,0.6571950042528583,0.2839975286299735,0.002425098786765,0.6793980811813428,0.2839975286299735,-0.1114030239213967,0.6793980811813428,0.0,-71.06747675562549,42.31262407379619
ssp585,Boston,cehwi_night_all,cehwi,night,all,national,national,National,annual_all_days_primary,All calendar-year days; non-heatwave days contribute zero,"1,2,3,4,5,6,7,8,9,10,11,12",2025-2050,56940.0,203.0,0.0,0.0,0.0009606456289345,0.0,0.0,0.000962497644022,-0.0008167677791844,-0.0025960332023909,0.000962497644022,0.0,-71.06747675562549,42.31262407379619
ssp585,Boston,exceeded_quantity_composite_all,exceeded_quantity,composite,all,national,national,National,annual_all_days_primary,All calendar-year days; non-heatwave days contribute zero,"1,2,3,4,5,6,7,8,9,10,11,12",2025-2050,56940.0,1051.0,0.079608178747275,0.0,0.1802881078987959,0.0815423101539673,0.0,0.1904585557474805,0.0815423101539673,-0.0273739354395459,0.1904585557474805,0.0,-71.06747675562549,42.31262407379619
ssp585,Boston,exceeded_quantity_day_all,exceeded_quantity,day,all,national,national,National,annual_all_days_primary,All calendar-year days; non-heatwave days contribute zero,"1,2,3,4,5,6,7,8,9,10,11,12",2025-2050,56940.0,9613.0,0.441791215957225,0.029173702405572,0.9282268937555208,0.4523818409288305,0.0296839183524713,0.9693341071342236,0.4523818409288305,-0.0645704252765621,0.9693341071342236,0.0,-71.06747675562549,42.31262407379619
ssp585,Boston,exceeded_quantity_night_all,exceeded_quantity,night,all,national,national,National,annual_all_days_primary,All calendar-year days; non-heatwave days contribute zero,"1,2,3,4,5,6,7,8,9,10,11,12",2025-2050,56940.0,203.0,0.0008409615174803,0.0,0.0062120696483793,0.0008424833859049,0.0,0.0062903115938516,0.0008424833859049,-0.0046053448220418,0.0062903115938516,0.0,-71.06747675562549,42.31262407379619
ssp585,Cape_Coral,cehwi_composite_all,cehwi,composite,all,national,national,National,annual_all_days_primary,All calendar-year days; non-heatwave days contribute zero,"1,2,3,4,5,6,7,8,9,10,11,12",2025-2050,75920.0,8907.0,0.1849439357580068,0.0054560168973478,0.3590166811462781,0.1879172749316649,0.0054590179518073,0.3703755319115233,0.1879172749316649,0.0054590179518073,0.3703755319115233,0.0,-82.00446533978065,26.634861968585493
ssp585,Cape_Coral,cehwi_day_all,cehwi,day,all,national,national,National,annual_all_days_primary,All calendar-year days; non-heatwave days contribute zero,"1,2,3,4,5,6,7,8,9,10,11,12",2025-2050,75920.0,19393.0,0.3530733638648438,0.0059758039076288,0.8159329562704538,0.3590754613929008,0.0060258997553135,0.8449017315344718,0.3590754613929008,-0.1267508087486727,0.8449017315344718,0.0,-82.00446533978065,26.634861968585493
ssp585,Cape_Coral,cehwi_night_all,cehwi,night,all,national,national,National,annual_all_days_primary,All calendar-year days; non-heatwave days contribute zero,"1,2,3,4,5,6,7,8,9,10,11,12",2025-2050,75920.0,15468.0,0.0,0.0,0.0956046842843386,0.0,0.0,0.0961050812790387,-0.0784721499651019,-0.2530493812092443,0.0961050812790387,0.0,-82.00446533978065,26.634861968585493
ssp585,Cape_Coral,exceeded_quantity_composite_all,exceeded_quantity,composite,all,national,national,National,annual_all_days_primary,All calendar-year days; non-heatwave days contribute zero,"1,2,3,4,5,6,7,8,9,10,11,12",2025-2050,75920.0,8907.0,0.1910502883155877,0.0,0.4551358255633412,0.1932617912028312,0.0,0.4677292939608546,0.1932617912028312,-0.0812057115551918,0.4677292939608546,0.0,-82.00446533978065,26.634861968585493
ssp585,Cape_Coral,exceeded_quantity_day_all,exceeded_quantity,day,all,national,national,National,annual_all_days_primary,All calendar-year days; non-heatwave days contribute zero,"1,2,3,4,5,6,7,8,9,10,11,12",2025-2050,75920.0,19393.0,0.3287030095486013,0.0012394627895241,0.7663057984746329,0.3324870859778431,0.0012479921148032,0.7856828342466133,0.3324870859778431,-0.120708662290926,0.7856828342466133,0.0,-82.00446533978065,26.634861968585493
ssp585,Cape_Coral,exceeded_quantity_night_all,exceeded_quantity,night,all,national,national,National,annual_all_days_primary,All calendar-year days; non-heatwave days contribute zero,"1,2,3,4,5,6,7,8,9,10,11,12",2025-2050,75920.0,15468.0,0.0413866595071121,0.0,0.3027675399154788,0.041469436720308,0.0,0.3064360730615952,0.041469436720308,-0.2234971996209794,0.3064360730615952,0.0,-82.00446533978065,26.634861968585493
ssp585,Chandler,cehwi_composite_all,cehwi,composite,all,national,national,National,annual_all_days_primary,All calendar-year days; non-heatwave days contribute zero,"1,2,3,4,5,6,7,8,9,10,11,12",2025-2050,75920.0,10286.0,0.441169579043338,0.0140689336552895,0.8483515375384557,0.4533279228000018,0.0140833253502384,0.894760474799264,0.4533279228000018,0.0118953708007402,0.894760474799264,0.0,-111.85099065465177,33.301753251324435
ssp585,Chandler,cehwi_day_all,cehwi,day,all,national,national,National,annual_all_days_primary,All calendar-year days; non-heatwave days contribute zero,"1,2,3,4,5,6,7,8,9,10,11,12",2025-2050,75920.0,13147.0,0.2058999957380859,0.0041612055429217,0.4810504015578444,0.209097828379229,0.004190425025901,0.4964655981516448,0.209097828379229,-0.0782699413931889,0.4964655981516448,0.0,-111.85099065465177,33.301753251324435
ssp585,Chandler,cehwi_night_all,cehwi,night,all,national,national,National,annual_all_days_primary,All calendar-year days; non-heatwave days contribute zero,"1,2,3,4,5,6,7,8,9,10,11,12",2025-2050,75920.0,10048.0,0.0,0.0,0.0985909195496371,0.0,0.0,0.0993516426779612,-0.0772705706288813,-0.2538927839357248,0.0993516426779612,0.0,-111.85099065465177,33.301753251324435
ssp585,Chandler,exceeded_quantity_composite_all,exceeded_quantity,composite,all,national,national,National,annual_all_days_primary,All calendar-year days; non-heatwave days contribute zero,"1,2,3,4,5,6,7,8,9,10,11,12",2025-2050,75920.0,10286.0,0.4327342661877208,0.0,0.9874133779227594,0.4424149544498182,0.0,1.0378100075450356,0.4424149544498182,-0.1529800986453985,1.0378100075450356,0.0,-111.85099065465177,33.301753251324435
ssp585,Chandler,exceeded_quantity_day_all,exceeded_quantity,day,all,national,national,National,annual_all_days_primary,All calendar-year days; non-heatwave days contribute zero,"1,2,3,4,5,6,7,8,9,10,11,12",2025-2050,75920.0,13147.0,0.2821526639897816,0.009264546812696,0.630053573665286,0.2868529888134757,0.0094041365283003,0.6505244803421312,0.2868529888134757,-0.0768185027151793,0.6505244803421312,0.0,-111.85099065465177,33.301753251324435
ssp585,Chandler,exceeded_quantity_night_all,exceeded_quantity,night,all,national,national,National,annual_all_days_primary,All calendar-year days; non-heatwave days contribute zero,"1,2,3,4,5,6,7,8,9,10,11,12",2025-2050,75920.0,10048.0,0.0542968851476484,0.0,0.3228097635578708,0.0545620336850267,0.0,0.3290104022125738,0.0545620336850267,-0.2198863348425205,0.3290104022125738,0.0,-111.85099065465177,33.301753251324435
ssp585,Charleston,cehwi_composite_all,cehwi,composite,all,national,national,National,annual_all_days_primary,All calendar-year days; non-heatwave days contribute zero,"1,2,3,4,5,6,7,8,9,10,11,12",2025-2050,66430.0,10078.0,0.4067329113272473,0.0128081147552962,0.7851661479765756,0.4164525233144034,0.012819492056149,0.8223971518256937,0.4164525233144034,0.0105078948031139,0.8223971518256937,0.0,-79.95773562994015,32.797751375442466
ssp585,Charleston,cehwi_day_all,cehwi,day,all,national,national,National,annual_all_days_primary,All calendar-year days; non-heatwave days contribute zero,"1,2,3,4,5,6,7,8,9,10,11,12",2025-2050,66430.0,8798.0,0.109606128489803,0.0011787167309468,0.2608828775085849,0.1110049548668703,0.0011849085871193,0.2678658285073801,0.1110049548668703,-0.0458559187736415,0.2678658285073801,0.0,-79.95773562994015,32.797751375442466
ssp585,Charleston,cehwi_night_all,cehwi,night,all,national,national,National,annual_all_days_primary,All calendar-year days; non-heatwave days contribute zero,"1,2,3,4,5,6,7,8,9,10,11,12",2025-2050,66430.0,10536.0,0.0,0.0,0.0654848012763554,0.0,0.0,0.0657487046406947,-0.0547937234204977,-0.1753361514816916,0.0657487046406947,0.0,-79.95773562994015,32.797751375442466
ssp585,Charleston,exceeded_quantity_composite_all,exceeded_quantity,composite,all,national,national,National,annual_all_days_primary,All calendar-year days; non-heatwave days contribute zero,"1,2,3,4,5,6,7,8,9,10,11,12",2025-2050,66430.0,10078.0,0.3686588587861324,0.0,0.8597612772283096,0.3749271448119705,0.0,0.8938691792354498,0.3749271448119705,-0.1440148896115079,0.8938691792354498,0.0,-79.95773562994015,32.797751375442466
ssp585,Charleston,exceeded_quantity_day_all,exceeded_quantity,day,all,national,national,National,annual_all_days_primary,All calendar-year days; non-heatwave days contribute zero,"1,2,3,4,5,6,7,8,9,10,11,12",2025-2050,66430.0,8798.0,0.1618935375257436,0.0003975076095413,0.3786349754206242,0.163694098331456,0.0003996147769588,0.3879535768574562,0.163694098331456,-0.0605653801945437,0.3879535768574562,0.0,-79.95773562994015,32.797751375442466
ssp585,Charleston,exceeded_quantity_night_all,exceeded_quantity,night,all,national,national,National,annual_all_days_primary,All calendar-year days; non-heatwave days contribute zero,"1,2,3,4,5,6,7,8,9,10,11,12",2025-2050,66430.0,10536.0,0.0306790867830619,0.0,0.2287846093756457,0.0307332026606061,0.0,0.2313963714827629,0.0307332026606061,-0.1699299661615507,0.2313963714827629,0.0,-79.95773562994015,32.797751375442466
ssp585,Charlotte,cehwi_composite_all,cehwi,composite,all,national,national,National,annual_all_days_primary,All calendar-year days; non-heatwave days contribute zero,"1,2,3,4,5,6,7,8,9,10,11,12",2025-2050,218270.0,27410.0,0.3939851805057806,0.012375042401289,0.7590464803416623,0.4044301056504726,0.0123869955801316,0.7990439455827941,0.4044301056504726,0.0098162657181515,0.7990439455827941,0.0,-80.83226153697035,35.2026222257981
ssp585,Charlotte,cehwi_day_all,cehwi,day,all,national,national,National,annual_all_days_primary,All calendar-year days; non-heatwave days contribute zero,"1,2,3,4,5,6,7,8,9,10,11,12",2025-2050,218270.0,30265.0,0.1392952711109181,0.0010085156877473,0.3323343284563178,0.1410882942565705,0.001013807768833,0.3415860002323886,0.1410882942565705,-0.0594094117192493,0.3415860002323886,0.0,-80.83226153697035,35.2026222257981
ssp585,Charlotte,cehwi_night_all,cehwi,night,all,national,national,National,annual_all_days_primary,All calendar-year days; non-heatwave days contribute zero,"1,2,3,4,5,6,7,8,9,10,11,12",2025-2050,218270.0,21279.0,0.0,0.0,0.0401079633819808,0.0,0.0,0.040286718144921,-0.0333015915294701,-0.106889901203862,0.040286718144921,0.0,-80.83226153697035,35.2026222257981
ssp585,Charlotte,exceeded_quantity_composite_all,exceeded_quantity,composite,all,national,national,National,annual_all_days_primary,All calendar-year days; non-heatwave days contribute zero,"1,2,3,4,5,6,7,8,9,10,11,12",2025-2050,218270.0,27410.0,0.3786567299057423,0.0,0.8713934147927203,0.3863398453776144,0.0,0.9121756394567916,0.3863398453776144,-0.1394959487015619,0.9121756394567916,0.0,-80.83226153697035,35.2026222257981
ssp585,Charlotte,exceeded_quantity_day_all,exceeded_quantity,day,all,national,national,National,annual_all_days_primary,All calendar-year days; non-heatwave days contribute zero,"1,2,3,4,5,6,7,8,9,10,11,12",2025-2050,218270.0,30265.0,0.2038975127887276,0.0022064178743754,0.4694041497094767,0.2065435906978142,0.0022263196453608,0.4823484457299689,0.2065435906978142,-0.06926126433434,0.4823484457299689,0.0,-80.83226153697035,35.2026222257981
ssp585,Charlotte,exceeded_quantity_night_all,exceeded_quantity,night,all,national,national,National,annual_all_days_primary,All calendar-year days; non-heatwave days contribute zero,"1,2,3,4,5,6,7,8,9,10,11,12",2025-2050,218270.0,21279.0,0.021320344871876,0.0,0.1528707645869649,0.0213682921582514,0.0,0.1548198410489418,0.0213682921582514,-0.1120832567324391,0.1548198410489418,0.0,-80.83226153697035,35.2026222257981
ssp585,Chicago,cehwi_composite_all,cehwi,composite,all,national,national,National,annual_all_days_primary,All calendar-year days; non-heatwave days contribute zero,"1,2,3,4,5,6,7,8,9,10,11,12",2025-2050,246740.0,25938.0,0.3840111398147433,0.0120535433814515,0.7421222169782726,0.3950188273624829,0.0120662692224811,0.785179858232658,0.3950188273624829,0.0048577964923081,0.785179858232658,0.0,-87.69926598228068,41.84514512774459
ssp585,Chicago,cehwi_day_all,cehwi,day,all,national,national,National,annual_all_days_primary,All calendar-year days; non-heatwave days contribute zero,"1,2,3,4,5,6,7,8,9,10,11,12",2025-2050,246740.0,40861.0,0.2029654180201742,0.0006473332949983,0.4855892424529514,0.2056120477417745,0.0006503593783614,0.4998345061280355,0.2056120477417745,-0.0886104106444881,0.4998345061280355,0.0,-87.69926598228068,41.84514512774459
ssp585,Chicago,cehwi_night_all,cehwi,night,all,national,national,National,annual_all_days_primary,All calendar-year days; non-heatwave days contribute zero,"1,2,3,4,5,6,7,8,9,10,11,12",2025-2050,246740.0,10594.0,0.0,0.0,0.0139028463571817,0.0,0.0,0.0139508572670937,-0.0116663921935712,-0.0372836416542366,0.0139508572670937,0.0,-87.69926598228068,41.84514512774459
ssp585,Chicago,exceeded_quantity_composite_all,exceeded_quantity,composite,all,national,national,National,annual_all_days_primary,All calendar-year days; non-heatwave days contribute zero,"1,2,3,4,5,6,7,8,9,10,11,12",2025-2050,246740.0,25938.0,0.4193896683437779,0.0003770429118756,0.940151203258886,0.4307392298486273,0.000379587130732,0.9973173511312928,0.4307392298486273,-0.1358388914340381,0.9973173511312928,0.0,-87.69926598228068,41.84514512774459
ssp585,Chicago,exceeded_quantity_day_all,exceeded_quantity,day,all,national,national,National,annual_all_days_primary,All calendar-year days; non-heatwave days contribute zero,"1,2,3,4,5,6,7,8,9,10,11,12",2025-2050,246740.0,40861.0,0.3377995951883272,0.012260291107057,0.7367209241891891,0.3442133664042569,0.0124219360017434,0.7639713462236533,0.3442133664042569,-0.0755446134151389,0.7639713462236533,0.0,-87.69926598228068,41.84514512774459
ssp585,Chicago,exceeded_quantity_night_all,exceeded_quantity,night,all,national,national,National,annual_all_days_primary,All calendar-year days; non-heatwave days contribute zero,"1,2,3,4,5,6,7,8,9,10,11,12",2025-2050,246740.0,10594.0,0.009670751727905,0.0,0.0683070778870106,0.0096945260658551,0.0,0.0692152675066535,0.0096945260658551,-0.0498262153749432,0.0692152675066535,0.0,-87.69926598228068,41.84514512774459
ssp585,Cincinnati,cehwi_composite_all,cehwi,composite,all,national,national,National,annual_all_days_primary,All calendar-year days; non-heatwave days contribute zero,"1,2,3,4,5,6,7,8,9,10,11,12",2025-2050,113880.0,6330.0,0.1570076662854915,0.0047526767196456,0.3036366260542899,0.1604900346628605,0.0047563672557766,0.3169978038060088,0.1604900346628605,0.0039822655197124,0.3169978038060088,0.0,-84.50103323356284,39.145311433746485
ssp585,Cincinnati,cehwi_day_all,cehwi,day,all,national,national,National,annual_all_days_primary,All calendar-year days; non-heatwave days contribute zero,"1,2,3,4,5,6,7,8,9,10,11,12",2025-2050,113880.0,26161.0,0.3641374540211285,0.0013390260765328,0.8550462849298813,0.3697167816884795,0.0013440981063706,0.8841045061287777,0.3697167816884795,-0.1446709427518202,0.8841045061287777,0.0,-84.50103323356284,39.145311433746485
ssp585,Cincinnati,cehwi_night_all,cehwi,night,all,national,national,National,annual_all_days_primary,All calendar-year days; non-heatwave days contribute zero,"1,2,3,4,5,6,7,8,9,10,11,12",2025-2050,113880.0,2248.0,0.0,0.0,0.0044787925594153,0.0,0.0,0.0044884805397016,-0.0038018221988099,-0.0120921249373218,0.0044884805397016,0.0,-84.50103323356284,39.145311433746485
ssp585,Cincinnati,exceeded_quantity_composite_all,exceeded_quantity,composite,all,national,national,National,annual_all_days_primary,All calendar-year days; non-heatwave days contribute zero,"1,2,3,4,5,6,7,8,9,10,11,12",2025-2050,113880.0,6330.0,0.1974548834090675,0.0,0.4510244844934756,0.2018610159029348,0.0,0.4741649361540129,0.2018610159029348,-0.0704429043481429,0.4741649361540129,0.0,-84.50103323356284,39.145311433746485
ssp585,Cincinnati,exceeded_quantity_day_all,exceeded_quantity,day,all,national,national,National,annual_all_days_primary,All calendar-year days; non-heatwave days contribute zero,"1,2,3,4,5,6,7,8,9,10,11,12",2025-2050,113880.0,26161.0,0.4682347512567949,0.0158326870139631,1.0264295917419397,0.476877446184337,0.0160443963952248,1.063485337994332,0.476877446184337,-0.1097304456256574,1.063485337994332,0.0,-84.50103323356284,39.145311433746485
ssp585,Cincinnati,exceeded_quantity_night_all,exceeded_quantity,night,all,national,national,National,annual_all_days_primary,All calendar-year days; non-heatwave days contribute zero,"1,2,3,4,5,6,7,8,9,10,11,12",2025-2050,113880.0,2248.0,0.0030758004489723,0.0,0.0230339167514473,0.0030815065881471,0.0,0.0232756247063518,0.0030815065881471,-0.0171126115300576,0.0232756247063518,0.0,-84.50103323356284,39.145311433746485
ssp585,Clearwater,cehwi_composite_all,cehwi,composite,all,national,national,National,annual_all_days_primary,All calendar-year days; non-heatwave days contribute zero,"1,2,3,4,5,6,7,8,9,10,11,12",2025-2050,47450.0,6870.0,0.2399580854031182,0.0071099963634382,0.465644213347288,0.2438937482573331,0.0071140275435732,0.4806734689710937,0.2438937482573331,0.0071140275435732,0.4806734689710937,0.0,-82.74931842952977,27.968555005462687
ssp585,Clearwater,cehwi_day_all,cehwi,day,all,national,national,National,annual_all_days_primary,All calendar-year days; non-heatwave days contribute zero,"1,2,3,4,5,6,7,8,9,10,11,12",2025-2050,47450.0,12027.0,0.2487331219836102,0.0034209411655488,0.5837750549982302,0.2524025813778699,0.0034446956691008,0.601777519109002,0.2524025813778699,-0.0969723563532657,0.601777519109002,0.0,-82.74931842952977,27.968555005462687
ssp585,Clearwater,cehwi_night_all,cehwi,night,all,national,national,National,annual_all_days_primary,All calendar-year days; non-heatwave days contribute zero,"1,2,3,4,5,6,7,8,9,10,11,12",2025-2050,47450.0,8809.0,0.0,0.0,0.0989758400057259,0.0,0.0,0.0995594600285685,-0.0805388847497613,-0.2606372295280926,0.0995594600285685,0.0,-82.74931842952977,27.968555005462687
ssp585,Clearwater,exceeded_quantity_composite_all,exceeded_quantity,composite,all,national,national,National,annual_all_days_primary,All calendar-year days; non-heatwave days contribute zero,"1,2,3,4,5,6,7,8,9,10,11,12",2025-2050,47450.0,6870.0,0.2282030713269471,0.0,0.5444608843042774,0.2307477744632028,0.0,0.5589906756711944,0.2307477744632028,-0.0974951267447881,0.5589906756711944,0.0,-82.74931842952977,27.968555005462687
ssp585,Clearwater,exceeded_quantity_day_all,exceeded_quantity,day,all,national,national,National,annual_all_days_primary,All calendar-year days; non-heatwave days contribute zero,"1,2,3,4,5,6,7,8,9,10,11,12",2025-2050,47450.0,12027.0,0.2088124018100907,7.921727094741096e-05,0.5046669302498046,0.2103292577691736,7.943940475552033e-05,0.5132128742326839,0.2103292577691736,-0.0925543586943358,0.5132128742326839,0.0,-82.74931842952977,27.968555005462687
ssp585,Clearwater,exceeded_quantity_night_all,exceeded_quantity,night,all,national,national,National,annual_all_days_primary,All calendar-year days; non-heatwave days contribute zero,"1,2,3,4,5,6,7,8,9,10,11,12",2025-2050,47450.0,8809.0,0.0457783905592866,0.0,0.319326853734603,0.0458960155594999,0.0,0.3237991989608246,0.0458960155594999,-0.232007167841825,0.3237991989608246,0.0,-82.74931842952977,27.968555005462687
ssp585,Cleveland,cehwi_composite_all,cehwi,composite,all,national,national,National,annual_all_days_primary,All calendar-year days; non-heatwave days contribute zero,"1,2,3,4,5,6,7,8,9,10,11,12",2025-2050,104390.0,4308.0,0.1277269807221056,0.0040847600257783,0.2459433746738669,0.1307603108219091,0.0040883481705493,0.2574587864767668,0.1307603108219091,0.0040618351670515,0.2574587864767668,0.0,-81.69720068009887,41.47755055399433
ssp585,Cleveland,cehwi_day_all,cehwi,day,all,national,national,National,annual_all_days_primary,All calendar-year days; non-heatwave days contribute zero,"1,2,3,4,5,6,7,8,9,10,11,12",2025-2050,104390.0,20374.0,0.2915463965248485,0.0009494737316309,0.6881790728520469,0.2958366107199472,0.0009537654815943,0.7107491988493115,0.2958366107199472,-0.1190759774094185,0.7107491988493115,0.0,-81.69720068009887,41.47755055399433
ssp585,Cleveland,cehwi_night_all,cehwi,night,all,national,national,National,annual_all_days_primary,All calendar-year days; non-heatwave days contribute zero,"1,2,3,4,5,6,7,8,9,10,11,12",2025-2050,104390.0,985.0,0.0,0.0,0.0018578407408256,0.0,0.0,0.0018613245799856,-0.0015785631501198,-0.0050184508802255,0.0018613245799856,0.0,-81.69720068009887,41.47755055399433
ssp585,Cleveland,exceeded_quantity_composite_all,exceeded_quantity,composite,all,national,national,National,annual_all_days_primary,All calendar-year days; non-heatwave days contribute zero,"1,2,3,4,5,6,7,8,9,10,11,12",2025-2050,104390.0,4308.0,0.1502933640191369,5.6355053295214486e-05,0.3431119685187602,0.1536739213871121,5.6825839535014464e-05,0.3608738710171351,0.1536739213871121,-0.0535260282429104,0.3608738710171351,0.0,-81.69720068009887,41.47755055399433
ssp585,Cleveland,exceeded_quantity_day_all,exceeded_quantity,day,all,national,national,National,annual_all_days_primary,All calendar-year days; non-heatwave days contribute zero,"1,2,3,4,5,6,7,8,9,10,11,12",2025-2050,104390.0,20374.0,0.4441376615939151,0.0225191438277225,0.9534048512089428,0.4534956826927827,0.0228702530026379,0.9913581128719838,0.4534956826927827,-0.0843667474864177,0.9913581128719838,0.0,-81.69720068009887,41.47755055399433
ssp585,Cleveland,exceeded_quantity_night_all,exceeded_quantity,night,all,national,national,National,annual_all_days_primary,All calendar-year days; non-heatwave days contribute zero,"1,2,3,4,5,6,7,8,9,10,11,12",2025-2050,104390.0,985.0,0.0014827264437935,0.0,0.0114519783021588,0.001484804442282,0.0,0.0115643612656709,0.001484804442282,-0.0085947523811067,0.0115643612656709,0.0,-81.69720068009887,41.47755055399433
ssp585,Columbia,cehwi_composite_all,cehwi,composite,all,national,national,National,annual_all_days_primary,All calendar-year days; non-heatwave days contribute zero,"1,2,3,4,5,6,7,8,9,10,11,12",2025-2050,104390.0,15628.0,0.4674689195088975,0.0149221713726231,0.9015426786902768,0.4796821479022345,0.0149366641576776,0.9483802017195836,0.4796821479022345,0.010984094084886,0.9483802017195836,0.0,-81.01121446313488,34.0247807561963
ssp585,Columbia,cehwi_day_all,cehwi,day,all,national,national,National,annual_all_days_primary,All calendar-year days; non-heatwave days contribute zero,"1,2,3,4,5,6,7,8,9,10,11,12",2025-2050,104390.0,11817.0,0.1054597261716118,0.0015258549433633,0.2494810115171743,0.1069134743081193,0.0015366251182434,0.2565916924794256,0.1069134743081193,-0.0427647438631886,0.2565916924794256,0.0,-81.01121446313488,34.0247807561963
ssp585,Columbia,cehwi_night_all,cehwi,night,all,national,national,National,annual_all_days_primary,All calendar-year days; non-heatwave days contribute zero,"1,2,3,4,5,6,7,8,9,10,11,12",2025-2050,104390.0,16361.0,0.0,0.0,0.0790444888166117,0.0,0.0,0.079462884223558,-0.0648214916200472,-0.2091058674636536,0.079462884223558,0.0,-81.01121446313488,34.0247807561963
ssp585,Columbia,exceeded_quantity_composite_all,exceeded_quantity,composite,all,national,national,National,annual_all_days_primary,All calendar-year days; non-heatwave days contribute zero,"1,2,3,4,5,6,7,8,9,10,11,12",2025-2050,104390.0,15628.0,0.4441042125771464,0.0,1.020983082194363,0.4532111581781247,0.0,1.0691996901625067,0.4532111581781247,-0.1627773738062564,1.0691996901625067,0.0,-81.01121446313488,34.0247807561963
ssp585,Columbia,exceeded_quantity_day_all,exceeded_quantity,day,all,national,national,National,annual_all_days_primary,All calendar-year days; non-heatwave days contribute zero,"1,2,3,4,5,6,7,8,9,10,11,12",2025-2050,104390.0,11817.0,0.1553553969599809,0.0019797353958927,0.3595600079110946,0.1572953648110416,0.0020019458753082,0.3690757810103913,0.1572953648110416,-0.0544850513883077,0.3690757810103913,0.0,-81.01121446313488,34.0247807561963
ssp585,Columbia,exceeded_quantity_night_all,exceeded_quantity,night,all,national,national,National,annual_all_days_primary,All calendar-year days; non-heatwave days contribute zero,"1,2,3,4,5,6,7,8,9,10,11,12",2025-2050,104390.0,16361.0,0.0432073852782549,0.0,0.2890725762975109,0.0433461245414451,0.0,0.2934537000834992,0.0433461245414451,-0.2067614510006091,0.2934537000834992,0.0,-81.01121446313488,34.0247807561963
ssp585,Columbus,cehwi_composite_all,cehwi,composite,all,national,national,National,annual_all_days_primary,All calendar-year days; non-heatwave days contribute zero,"1,2,3,4,5,6,7,8,9,10,11,12",2025-2050,237250.0,8060.0,0.0983128318053522,0.0030393514048417,0.189921699978703,0.1003369318532734,0.0030415563117956,0.1976323073947513,0.1003369318532734,0.0030415563117956,0.1976323073947513,0.0,-82.98587478768124,39.9884646530878
ssp585,Columbus,cehwi_day_all,cehwi,day,all,national,national,National,annual_all_days_primary,All calendar-year days; non-heatwave days contribute zero,"1,2,3,4,5,6,7,8,9,10,11,12",2025-2050,237250.0,53029.0,0.3755139914693111,0.0022814886762177,0.8755912519693541,0.3815552588828051,0.0022929645066717,0.9064673882343232,0.3815552588828051,-0.1433568704687142,0.9064673882343232,0.0,-82.98587478768124,39.9884646530878
ssp585,Columbus,cehwi_night_all,cehwi,night,all,national,national,National,annual_all_days_primary,All calendar-year days; non-heatwave days contribute zero,"1,2,3,4,5,6,7,8,9,10,11,12",2025-2050,237250.0,1698.0,0.0,0.0,0.0015840108697541,0.0,0.0,0.0015870659745808,-0.0013461769243328,-0.0042794198232466,0.0015870659745808,0.0,-82.98587478768124,39.9884646530878
ssp585,Columbus,exceeded_quantity_composite_all,exceeded_quantity,composite,all,national,national,National,annual_all_days_primary,All calendar-year days; non-heatwave days contribute zero,"1,2,3,4,5,6,7,8,9,10,11,12",2025-2050,237250.0,8060.0,0.1317051865872541,1.1210842180336777e-06,0.299673560146594,0.134775038591642,1.1225777813590728e-06,0.315763063929027,0.134775038591642,-0.0462129867457426,0.315763063929027,0.0,-82.98587478768124,39.9884646530878
ssp585,Columbus,exceeded_quantity_day_all,exceeded_quantity,day,all,national,national,National,annual_all_days_primary,All calendar-year days; non-heatwave days contribute zero,"1,2,3,4,5,6,7,8,9,10,11,12",2025-2050,237250.0,53029.0,0.5022852009488257,0.0229162068565168,1.0812161528032251,0.5125504497689639,0.0232154572687077,1.1235081349956408,0.5125504497689639,-0.0984072354577124,1.1235081349956408,0.0,-82.98587478768124,39.9884646530878
ssp585,Columbus,exceeded_quantity_night_all,exceeded_quantity,night,all,national,national,National,annual_all_days_primary,All calendar-year days; non-heatwave days contribute zero,"1,2,3,4,5,6,7,8,9,10,11,12",2025-2050,237250.0,1698.0,0.0011769851809083,0.0,0.009026678062188,0.0011787052909526,0.0,0.0091188123143365,0.0011787052909526,-0.0067614017324311,0.0091188123143365,0.0,-82.98587478768124,39.9884646530878
ssp585,Corpus_Christi,cehwi_composite_all,cehwi,composite,all,national,national,National,annual_all_days_primary,All calendar-year days; non-heatwave days contribute zero,"1,2,3,4,5,6,7,8,9,10,11,12",2025-2050,18980.0,3181.0,0.2653227934007756,0.0078427992905651,0.5151445959653287,0.2695337025064621,0.0078471904984219,0.531220214514503,0.2695337025064621,0.0078471904984219,0.531220214514503,0.0,-97.36405256378852,27.68672149058898
ssp585,Corpus_Christi,cehwi_day_all,cehwi,day,all,national,national,National,annual_all_days_primary,All calendar-year days; non-heatwave days contribute zero,"1,2,3,4,5,6,7,8,9,10,11,12",2025-2050,18980.0,5133.0,0.322020371615705,0.0010422725021598,0.7659525848842236,0.3263890543386037,0.0010463030677157,0.789001806210567,0.3263890543386037,-0.1362236975333624,0.789001806210567,0.0,-97.36405256378852,27.68672149058898
ssp585,Corpus_Christi,cehwi_night_all,cehwi,night,all,national,national,National,annual_all_days_primary,All calendar-year days; non-heatwave days contribute zero,"1,2,3,4,5,6,7,8,9,10,11,12",2025-2050,18980.0,4569.0,0.0,0.0,0.2178171590545123,0.0,0.0,0.2202396757741601,-0.1562375158167354,-0.5327147074076325,0.2202396757741601,0.0,-97.36405256378852,27.68672149058898
ssp585,Corpus_Christi,exceeded_quantity_composite_all,exceeded_quantity,composite,all,national,national,National,annual_all_days_primary,All calendar-year days; non-heatwave days contribute zero,"1,2,3,4,5,6,7,8,9,10,11,12",2025-2050,18980.0,3181.0,0.2655152989972925,0.0,0.6343183612564983,0.2683782579693306,0.0,0.6507015804370362,0.2683782579693306,-0.1139450644983744,0.6507015804370362,0.0,-97.36405256378852,27.68672149058898
ssp585,Corpus_Christi,exceeded_quantity_day_all,exceeded_quantity,day,all,national,national,National,annual_all_days_primary,All calendar-year days; non-heatwave days contribute zero,"1,2,3,4,5,6,7,8,9,10,11,12",2025-2050,18980.0,5133.0,0.3018811351452657,0.0004789015328106,0.7164260326344808,0.3047506682930319,0.0004809686546431,0.731813669147093,0.3047506682930319,-0.1223123325610283,0.731813669147093,0.0,-97.36405256378852,27.68672149058898
ssp585,Corpus_Christi,exceeded_quantity_night_all,exceeded_quantity,night,all,national,national,National,annual_all_days_primary,All calendar-year days; non-heatwave days contribute zero,"1,2,3,4,5,6,7,8,9,10,11,12",2025-2050,18980.0,4569.0,0.0637075159153273,0.0,0.4455040299211273,0.0638639239880192,0.0,0.4518029598176791,0.0638639239880192,-0.324075111841641,0.4518029598176791,0.0,-97.36405256378852,27.68672149058898
ssp585,Dallas,cehwi_composite_all,cehwi,composite,all,national,national,National,annual_all_days_primary,All calendar-year days; non-heatwave days contribute zero,"1,2,3,4,5,6,7,8,9,10,11,12",2025-2050,275210.0,52018.0,0.8944769823628386,0.0244166453336774,1.7674733242278695,0.9266230371217368,0.0244482184769945,1.9047976347404896,0.9266230371217368,-0.0515515604970153,1.9047976347404896,0.0,-96.77202001463549,32.79909361336637
ssp585,Dallas,cehwi_day_all,cehwi,day,all,national,national,National,annual_all_days_primary,All calendar-year days; non-heatwave days contribute zero,"1,2,3,4,5,6,7,8,9,10,11,12",2025-2050,275210.0,27226.0,0.0610270413888506,0.0,0.152307639591388,0.0614654097769361,0.0,0.154973959294163,0.0614654097769361,-0.0320431397402922,0.154973959294163,0.0,-96.77202001463549,32.79909361336637
ssp585,Dallas,cehwi_night_all,cehwi,night,all,national,national,National,annual_all_days_primary,All calendar-year days; non-heatwave days contribute zero,"1,2,3,4,5,6,7,8,9,10,11,12",2025-2050,275210.0,38825.0,0.0,0.0,0.0569774551136092,0.0,0.0,0.0572239240489814,-0.0473526802094745,-0.1519292844679318,0.0572239240489814,0.0,-96.77202001463549,32.79909361336637
ssp585,Dallas,exceeded_quantity_composite_all,exceeded_quantity,composite,all,national,national,National,annual_all_days_primary,All calendar-year days; non-heatwave days contribute zero,"1,2,3,4,5,6,7,8,9,10,11,12",2025-2050,275210.0,52018.0,0.6827768624301687,6.771416896548694e-05,1.537939991845657,0.7002375393859138,6.818175341359477e-05,1.627009096323511,0.7002375393859138,-0.2265340175516829,1.627009096323511,0.0,-96.77202001463549,32.79909361336637
ssp585,Dallas,exceeded_quantity_day_all,exceeded_quantity,day,all,national,national,National,annual_all_days_primary,All calendar-year days; non-heatwave days contribute zero,"1,2,3,4,5,6,7,8,9,10,11,12",2025-2050,275210.0,27226.0,0.1087246736296519,7.641817905831799e-05,0.2575974687294019,0.1097816507709342,7.659980892710589e-05,0.2632888503562996,0.1097816507709342,-0.0437255488144307,0.2632888503562996,0.0,-96.77202001463549,32.79909361336637
ssp585,Dallas,exceeded_quantity_night_all,exceeded_quantity,night,all,national,national,National,annual_all_days_primary,All calendar-year days; non-heatwave days contribute zero,"1,2,3,4,5,6,7,8,9,10,11,12",2025-2050,275210.0,38825.0,0.0323090331746906,0.0,0.2308347261597777,0.0323821337326256,0.0,0.2338449718205777,0.0323821337326256,-0.1690807043553267,0.2338449718205777,0.0,-96.77202001463549,32.79909361336637
ssp585,Denver,cehwi_composite_all,cehwi,composite,all,national,national,National,annual_all_days_primary,All calendar-year days; non-heatwave days contribute zero,"1,2,3,4,5,6,7,8,9,10,11,12",2025-2050,85410.0,3.0,0.0001000026833548,2.9000732470465987e-06,0.0001939649379724,0.0001017095311045,2.9015193605457205e-06,0.0002005175428486,0.0001017095311045,2.9015193605457205e-06,0.0002005175428486,0.0,-104.9171195553542,39.72922080293672
ssp585,Denver,cehwi_day_all,cehwi,day,all,national,national,National,annual_all_days_primary,All calendar-year days; non-heatwave days contribute zero,"1,2,3,4,5,6,7,8,9,10,11,12",2025-2050,85410.0,19578.0,0.6284052137864841,0.0416367397121695,1.322739742140652,0.6455306172897384,0.0420287217164969,1.391102828219786,0.6455306172897384,-0.1000415936403102,1.391102828219786,0.0,-104.9171195553542,39.72922080293672
ssp585,Denver,cehwi_night_all,cehwi,night,all,national,national,National,annual_all_days_primary,All calendar-year days; non-heatwave days contribute zero,"1,2,3,4,5,6,7,8,9,10,11,12",2025-2050,85410.0,0.0,0.0,0.0,0.0,0.0,0.0,0.0,0.0,0.0,0.0,0.0,-104.9171195553542,39.72922080293672
ssp585,Denver,exceeded_quantity_composite_all,exceeded_quantity,composite,all,national,national,National,annual_all_days_primary,All calendar-year days; non-heatwave days contribute zero,"1,2,3,4,5,6,7,8,9,10,11,12",2025-2050,85410.0,3.0,0.00017642029831,0.0,0.000395813567806,0.0001810218648565,0.0,0.0004200180471629,0.0001810218648565,-5.797431744971491e-05,0.0004200180471629,0.0,-104.9171195553542,39.72922080293672
ssp585,Denver,exceeded_quantity_day_all,exceeded_quantity,day,all,national,national,National,annual_all_days_primary,All calendar-year days; non-heatwave days contribute zero,"1,2,3,4,5,6,7,8,9,10,11,12",2025-2050,85410.0,19578.0,0.5752200821582819,0.0373473132854931,1.2103656065819297,0.5885425443374319,0.0378970710145289,1.2622055677441784,0.5885425443374319,-0.0851204790693141,1.2622055677441784,0.0,-104.9171195553542,39.72922080293672
ssp585,Denver,exceeded_quantity_night_all,exceeded_quantity,night,all,national,national,National,annual_all_days_primary,All calendar-year days; non-heatwave days contribute zero,"1,2,3,4,5,6,7,8,9,10,11,12",2025-2050,85410.0,0.0,0.0,0.0,0.0,0.0,0.0,0.0,0.0,0.0,0.0,0.0,-104.9171195553542,39.72922080293672
ssp585,Detroit,cehwi_composite_all,cehwi,composite,all,national,national,National,annual_all_days_primary,All calendar-year days; non-heatwave days contribute zero,"1,2,3,4,5,6,7,8,9,10,11,12",2025-2050,132860.0,7726.0,0.1927724769683974,0.0061138961288946,0.371097706542546,0.1976035916698293,0.0061194697577578,0.3895004082361746,0.1976035916698293,0.0057067751034841,0.3895004082361746,0.0,-83.11163892745797,42.36628894040762
ssp585,Detroit,cehwi_day_all,cehwi,day,all,national,national,National,annual_all_days_primary,All calendar-year days; non-heatwave days contribute zero,"1,2,3,4,5,6,7,8,9,10,11,12",2025-2050,132860.0,24407.0,0.2765841277052273,0.002732430428999,0.6437828720975349,0.2810257705477706,0.0027484932616055,0.6659362244748602,0.2810257705477706,-0.1038846833793204,0.6659362244748602,0.0,-83.11163892745797,42.36628894040762
ssp585,Detroit,cehwi_night_all,cehwi,night,all,national,national,National,annual_all_days_primary,All calendar-year days; non-heatwave days contribute zero,"1,2,3,4,5,6,7,8,9,10,11,12",2025-2050,132860.0,1867.0,0.0,0.0,0.0032375808343236,0.0,0.0,0.0032452718460685,-0.0027371280810051,-0.008719528008079,0.0032452718460685,0.0,-83.11163892745797,42.36628894040762
ssp585,Detroit,exceeded_quantity_composite_all,exceeded_quantity,composite,all,national,national,National,annual_all_days_primary,All calendar-year days; non-heatwave days contribute zero,"1,2,3,4,5,6,7,8,9,10,11,12",2025-2050,132860.0,7726.0,0.2258246142555323,0.000111516159031,0.5115324802456366,0.2312950452196913,0.0001122801113575,0.5398227310969935,0.2312950452196913,-0.0772326406576104,0.5398227310969935,0.0,-83.11163892745797,42.36628894040762
ssp585,Detroit,exceeded_quantity_day_all,exceeded_quantity,day,all,national,national,National,annual_all_days_primary,All calendar-year days; non-heatwave days contribute zero,"1,2,3,4,5,6,7,8,9,10,11,12",2025-2050,132860.0,24407.0,0.4376714618651139,0.0295982118064077,0.9236078850193116,0.447911090282651,0.0301346172070584,0.9629543378133412,0.447911090282651,-0.0671321572480384,0.9629543378133412,0.0,-83.11163892745797,42.36628894040762
ssp585,Detroit,exceeded_quantity_night_all,exceeded_quantity,night,all,national,national,National,annual_all_days_primary,All calendar-year days; non-heatwave days contribute zero,"1,2,3,4,5,6,7,8,9,10,11,12",2025-2050,132860.0,1867.0,0.0026862303787934,0.0,0.0197408362019448,0.002691565037888,0.0,0.0199730019834821,0.002691565037888,-0.0145898719077061,0.0199730019834821,0.0,-83.11163892745797,42.36628894040762
ssp585,Fort_Worth,cehwi_composite_all,cehwi,composite,all,national,national,National,annual_all_days_primary,All calendar-year days; non-heatwave days contribute zero,"1,2,3,4,5,6,7,8,9,10,11,12",2025-2050,208780.0,38896.0,0.8855177437828985,0.0239285207257951,1.746002565298075,0.9170456957934278,0.0239593828339883,1.877492819649631,0.9170456957934278,-0.0434014280627748,1.877492819649631,0.0,-97.3596103453506,32.731693684817714
ssp585,Fort_Worth,cehwi_day_all,cehwi,day,all,national,national,National,annual_all_days_primary,All calendar-year days; non-heatwave days contribute zero,"1,2,3,4,5,6,7,8,9,10,11,12",2025-2050,208780.0,20444.0,0.0596077824606566,0.0,0.1491762104595698,0.0600047890887718,0.0,0.1515997802309527,0.0600047890887718,-0.0315902020534106,0.1515997802309527,0.0,-97.3596103453506,32.731693684817714
ssp585,Fort_Worth,cehwi_night_all,cehwi,night,all,national,national,National,annual_all_days_primary,All calendar-year days; non-heatwave days contribute zero,"1,2,3,4,5,6,7,8,9,10,11,12",2025-2050,208780.0,26827.0,0.0,0.0,0.0474570040822928,0.0,0.0,0.0476432576105503,-0.0396365741496552,-0.1269164059098619,0.0476432576105503,0.0,-97.3596103453506,32.731693684817714
ssp585,Fort_Worth,exceeded_quantity_composite_all,exceeded_quantity,composite,all,national,national,National,annual_all_days_primary,All calendar-year days; non-heatwave days contribute zero,"1,2,3,4,5,6,7,8,9,10,11,12",2025-2050,208780.0,38896.0,0.6676558005780254,0.0,1.5061678222678885,0.6844578828482446,0.0,1.5922300089582058,0.6844578828482446,-0.2233142432617158,1.5922300089582058,0.0,-97.3596103453506,32.731693684817714
ssp585,Fort_Worth,exceeded_quantity_day_all,exceeded_quantity,day,all,national,national,National,annual_all_days_primary,All calendar-year days; non-heatwave days contribute zero,"1,2,3,4,5,6,7,8,9,10,11,12",2025-2050,208780.0,20444.0,0.111435526938498,8.228868727105038e-05,0.2642147041675869,0.1125152489060604,8.26211530235535e-05,0.2700615473025261,0.1125152489060604,-0.0450310494904049,0.2700615473025261,0.0,-97.3596103453506,32.731693684817714
ssp585,Fort_Worth,exceeded_quantity_night_all,exceeded_quantity,night,all,national,national,National,annual_all_days_primary,All calendar-year days; non-heatwave days contribute zero,"1,2,3,4,5,6,7,8,9,10,11,12",2025-2050,208780.0,26827.0,0.0288416077840077,0.0,0.2075711753900525,0.0289041896061189,0.0,0.2102334227897454,0.0289041896061189,-0.1524250435775076,0.2102334227897454,0.0,-97.3596103453506,32.731693684817714
ssp585,Fresno,cehwi_composite_all,cehwi,composite,all,national,national,National,annual_all_days_primary,All calendar-year days; non-heatwave days contribute zero,"1,2,3,4,5,6,7,8,9,10,11,12",2025-2050,113880.0,15299.0,0.4797326668937249,0.0152630819699667,0.9220675872659446,0.4933900025332241,0.0152790965912518,0.9742272294713398,0.4933900025332241,0.012552775595109,0.9742272294713398,0.0,-119.78985197805802,36.790939683928464
ssp585,Fresno,cehwi_day_all,cehwi,day,all,national,national,National,annual_all_days_primary,All calendar-year days; non-heatwave days contribute zero,"1,2,3,4,5,6,7,8,9,10,11,12",2025-2050,113880.0,20041.0,0.1591325828115261,6.543549059973429e-05,0.3928139581450406,0.1605775898376584,6.564920916932525e-05,0.4013403487748617,0.1605775898376584,-0.0801851690995471,0.4013403487748617,0.0,-119.78985197805802,36.790939683928464
ssp585,Fresno,cehwi_night_all,cehwi,night,all,national,national,National,annual_all_days_primary,All calendar-year days; non-heatwave days contribute zero,"1,2,3,4,5,6,7,8,9,10,11,12",2025-2050,113880.0,8776.0,0.0,0.0,0.0446050542645379,0.0,0.0,0.0449010477562514,-0.035573141090968,-0.1160473299381881,0.0449010477562514,0.0,-119.78985197805802,36.790939683928464
ssp585,Fresno,exceeded_quantity_composite_all,exceeded_quantity,composite,all,national,national,National,annual_all_days_primary,All calendar-year days; non-heatwave days contribute zero,"1,2,3,4,5,6,7,8,9,10,11,12",2025-2050,113880.0,15299.0,0.5086108952359522,0.0002459890779508,1.147182310057573,0.5216038655071472,0.0002477497555852,1.2133963343027985,0.5216038655071472,-0.1701886032885032,1.2133963343027985,0.0,-119.78985197805802,36.790939683928464
ssp585,Fresno,exceeded_quantity_day_all,exceeded_quantity,day,all,national,national,National,annual_all_days_primary,All calendar-year days; non-heatwave days contribute zero,"1,2,3,4,5,6,7,8,9,10,11,12",2025-2050,113880.0,20041.0,0.2570923161053037,0.0026901158081226,0.5929563691752696,0.2604146826396126,0.002734206224073,0.6092058614598598,0.2604146826396126,-0.0883764961806339,0.6092058614598598,0.0,-119.78985197805802,36.790939683928464
ssp585,Fresno,exceeded_quantity_night_all,exceeded_quantity,night,all,national,national,National,annual_all_days_primary,All calendar-year days; non-heatwave days contribute zero,"1,2,3,4,5,6,7,8,9,10,11,12",2025-2050,113880.0,8776.0,0.0275449364988492,0.0,0.1742235067609764,0.0276496328535557,0.0,0.1772902011667193,0.0276496328535557,-0.121990935459608,0.1772902011667193,0.0,-119.78985197805802,36.790939683928464
ssp585,Gilbert,cehwi_composite_all,cehwi,composite,all,national,national,National,annual_all_days_primary,All calendar-year days; non-heatwave days contribute zero,"1,2,3,4,5,6,7,8,9,10,11,12",2025-2050,37960.0,5295.0,0.4556939762701965,0.0145503137243763,0.87645721283431,0.4682434931424684,0.014565204008308,0.924386914460841,0.4682434931424684,0.0121000718240966,0.924386914460841,0.0,-111.73870124413682,33.32052130601451
ssp585,Gilbert,cehwi_day_all,cehwi,day,all,national,national,National,annual_all_days_primary,All calendar-year days; non-heatwave days contribute zero,"1,2,3,4,5,6,7,8,9,10,11,12",2025-2050,37960.0,6587.0,0.2029561759080624,0.0044971417756083,0.4743987442038762,0.206120137212814,0.0045309916067786,0.4895840159443596,0.206120137212814,-0.0773437415187334,0.4895840159443596,0.0,-111.73870124413682,33.32052130601451
ssp585,Gilbert,cehwi_night_all,cehwi,night,all,national,national,National,annual_all_days_primary,All calendar-year days; non-heatwave days contribute zero,"1,2,3,4,5,6,7,8,9,10,11,12",2025-2050,37960.0,5024.0,0.0,0.0,0.0889528294606908,0.0,0.0,0.0895401441918481,-0.0715904540621787,-0.2327210523162065,0.0895401441918481,0.0,-111.73870124413682,33.32052130601451
ssp585,Gilbert,exceeded_quantity_composite_all,exceeded_quantity,composite,all,national,national,National,annual_all_days_primary,All calendar-year days; non-heatwave days contribute zero,"1,2,3,4,5,6,7,8,9,10,11,12",2025-2050,37960.0,5295.0,0.4403923750594312,0.0,1.0054519272240017,0.4501818692613942,0.0,1.0564720673174124,0.4501818692613942,-0.156108328794623,1.0564720673174124,0.0,-111.73870124413682,33.32052130601451
ssp585,Gilbert,exceeded_quantity_day_all,exceeded_quantity,day,all,national,national,National,annual_all_days_primary,All calendar-year days; non-heatwave days contribute zero,"1,2,3,4,5,6,7,8,9,10,11,12",2025-2050,37960.0,6587.0,0.2808920868120336,0.0094697836020574,0.6258841071931842,0.2856507670317803,0.0096208656480075,0.6464459574583485,0.2856507670317803,-0.0751444233947872,0.6464459574583485,0.0,-111.73870124413682,33.32052130601451
ssp585,Gilbert,exceeded_quantity_night_all,exceeded_quantity,night,all,national,national,National,annual_all_days_primary,All calendar-year days; non-heatwave days contribute zero,"1,2,3,4,5,6,7,8,9,10,11,12",2025-2050,37960.0,5024.0,0.0481075835702504,0.0,0.3002507471666658,0.0483009042840463,0.0,0.3055937730851333,0.0483009042840463,-0.2089919645170408,0.3055937730851333,0.0,-111.73870124413682,33.32052130601451
ssp585,Henderson,cehwi_composite_all,cehwi,composite,all,national,national,National,annual_all_days_primary,All calendar-year days; non-heatwave days contribute zero,"1,2,3,4,5,6,7,8,9,10,11,12",2025-2050,113880.0,13658.0,0.3685529408250373,0.0119647906674626,0.7081760591095919,0.3783483151088516,0.011976764369758,0.7453808294350052,0.3783483151088516,0.0113158007826984,0.7453808294350052,0.0,-115.02129501152358,36.01369840409932
ssp585,Henderson,cehwi_day_all,cehwi,day,all,national,national,National,annual_all_days_primary,All calendar-year days; non-heatwave days contribute zero,"1,2,3,4,5,6,7,8,9,10,11,12",2025-2050,113880.0,20198.0,0.1919577868466672,0.0005074028509802,0.4653406924533206,0.1941498763053151,0.0005103210226992,0.4775097967379504,0.1941498763053151,-0.0892100441273223,0.4775097967379504,0.0,-115.02129501152358,36.01369840409932
ssp585,Henderson,cehwi_night_all,cehwi,night,all,national,national,National,annual_all_days_primary,All calendar-year days; non-heatwave days contribute zero,"1,2,3,4,5,6,7,8,9,10,11,12",2025-2050,113880.0,13539.0,0.0,0.0,0.0912194966659221,0.0,0.0,0.091984290342543,-0.0702730166064935,-0.2325303235555308,0.091984290342543,0.0,-115.02129501152358,36.01369840409932
ssp585,Henderson,exceeded_quantity_composite_all,exceeded_quantity,composite,all,national,national,National,annual_all_days_primary,All calendar-year days; non-heatwave days contribute zero,"1,2,3,4,5,6,7,8,9,10,11,12",2025-2050,113880.0,13658.0,0.362808213646731,0.0,0.8326166468138501,0.3704110205735512,0.0,0.8726717047652799,0.3704110205735512,-0.131849663618177,0.8726717047652799,0.0,-115.02129501152358,36.01369840409932
ssp585,Henderson,exceeded_quantity_day_all,exceeded_quantity,day,all,national,national,National,annual_all_days_primary,All calendar-year days; non-heatwave days contribute zero,"1,2,3,4,5,6,7,8,9,10,11,12",2025-2050,113880.0,20198.0,0.271652709446893,0.0046667525376602,0.6193553204603338,0.2754989724373357,0.0047262279176008,0.6373904247328575,0.2754989724373357,-0.0863924798581856,0.6373904247328575,0.0,-115.02129501152358,36.01369840409932
ssp585,Henderson,exceeded_quantity_night_all,exceeded_quantity,night,all,national,national,National,annual_all_days_primary,All calendar-year days; non-heatwave days contribute zero,"1,2,3,4,5,6,7,8,9,10,11,12",2025-2050,113880.0,13539.0,0.0543966762139595,0.0,0.3022399521516602,0.0547496455563836,0.0,0.3085799126256062,0.0547496455563836,-0.1990806215128391,0.3085799126256062,0.0,-115.02129501152358,36.01369840409932
ssp585,Houston,cehwi_composite_all,cehwi,composite,all,national,national,National,annual_all_days_primary,All calendar-year days; non-heatwave days contribute zero,"1,2,3,4,5,6,7,8,9,10,11,12",2025-2050,531440.0,87677.0,0.5538918855584689,0.017977521339948,1.065382887185857,0.5696536265100535,0.01799684737643,1.1256449804449131,0.5696536265100535,0.0136622725751944,1.1256449804449131,0.0,-95.40380028308488,29.82261710963412
ssp585,Houston,cehwi_day_all,cehwi,day,all,national,national,National,annual_all_days_primary,All calendar-year days; non-heatwave days contribute zero,"1,2,3,4,5,6,7,8,9,10,11,12",2025-2050,531440.0,76672.0,0.126557365964632,0.0002348073888042,0.3084988467521864,0.1278841777246216,0.0002361091436067,0.31591238685612,0.1278841777246216,-0.0601440314068787,0.31591238685612,0.0,-95.40380028308488,29.82261710963412
ssp585,Houston,cehwi_night_all,cehwi,night,all,national,national,National,annual_all_days_primary,All calendar-year days; non-heatwave days contribute zero,"1,2,3,4,5,6,7,8,9,10,11,12",2025-2050,531440.0,113762.0,0.0,0.0,0.1275037327442274,0.0,0.0,0.1283125868782743,-0.1026412161308317,-0.3335950191399394,0.1283125868782743,0.0,-95.40380028308488,29.82261710963412
ssp585,Houston,exceeded_quantity_composite_all,exceeded_quantity,composite,all,national,national,National,annual_all_days_primary,All calendar-year days; non-heatwave days contribute zero,"1,2,3,4,5,6,7,8,9,10,11,12",2025-2050,531440.0,87677.0,0.4506760362974471,0.0,1.043022069751532,0.4592289085042858,0.0,1.0888199294703578,0.4592289085042858,-0.1703621124617855,1.0888199294703578,0.0,-95.40380028308488,29.82261710963412
ssp585,Houston,exceeded_quantity_day_all,exceeded_quantity,day,all,national,national,National,annual_all_days_primary,All calendar-year days; non-heatwave days contribute zero,"1,2,3,4,5,6,7,8,9,10,11,12",2025-2050,531440.0,76672.0,0.2025011642219104,0.0026473698187128,0.4658110032551582,0.2051638270516514,0.0026815782194568,0.4786213079891979,0.2051638270516514,-0.0682936538858945,0.4786213079891979,0.0,-95.40380028308488,29.82261710963412
ssp585,Houston,exceeded_quantity_night_all,exceeded_quantity,night,all,national,national,National,annual_all_days_primary,All calendar-year days; non-heatwave days contribute zero,"1,2,3,4,5,6,7,8,9,10,11,12",2025-2050,531440.0,113762.0,0.0556703080573138,0.0,0.3887230965038435,0.0558108243076492,0.0,0.394184471295384,0.0558108243076492,-0.2825628226800857,0.394184471295384,0.0,-95.40380028308488,29.82261710963412
ssp585,Indianapolis,cehwi_composite_all,cehwi,composite,all,national,national,National,annual_all_days_primary,All calendar-year days; non-heatwave days contribute zero,"1,2,3,4,5,6,7,8,9,10,11,12",2025-2050,237250.0,13997.0,0.1811682241703365,0.0057074949304028,0.3497413620399978,0.1854513311338285,0.005712448124902,0.366132620112214,0.1854513311338285,0.0047700421554434,0.366132620112214,0.0,-86.14794458778195,39.79825151756
ssp585,Indianapolis,cehwi_day_all,cehwi,day,all,national,national,National,annual_all_days_primary,All calendar-year days; non-heatwave days contribute zero,"1,2,3,4,5,6,7,8,9,10,11,12",2025-2050,237250.0,55842.0,0.3812633719846083,0.0018386726791474,0.8929066654395539,0.3872123364554251,0.0018466015350862,0.9236462467420704,0.3872123364554251,-0.1492215738312218,0.9236462467420704,0.0,-86.14794458778195,39.79825151756
ssp585,Indianapolis,cehwi_night_all,cehwi,night,all,national,national,National,annual_all_days_primary,All calendar-year days; non-heatwave days contribute zero,"1,2,3,4,5,6,7,8,9,10,11,12",2025-2050,237250.0,3244.0,0.0,0.0,0.0022598589677059,0.0,0.0,0.0022631836061889,-0.0019228174563566,-0.0061088185189023,0.0022631836061889,0.0,-86.14794458778195,39.79825151756
ssp585,Indianapolis,exceeded_quantity_composite_all,exceeded_quantity,composite,all,national,national,National,annual_all_days_primary,All calendar-year days; non-heatwave days contribute zero,"1,2,3,4,5,6,7,8,9,10,11,12",2025-2050,237250.0,13997.0,0.2193773459401692,0.0,0.499257854732043,0.2244944411147333,0.0,0.5259906616188377,0.2244944411147333,-0.0770017793893708,0.5259906616188377,0.0,-86.14794458778195,39.79825151756
ssp585,Indianapolis,exceeded_quantity_day_all,exceeded_quantity,day,all,national,national,National,annual_all_days_primary,All calendar-year days; non-heatwave days contribute zero,"1,2,3,4,5,6,7,8,9,10,11,12",2025-2050,237250.0,55842.0,0.4859655299886198,0.0159920815323613,1.064430170393415,0.4949487991981764,0.0161967684836289,1.1030793214239183,0.4949487991981764,-0.1131817230275649,1.1030793214239183,0.0,-86.14794458778195,39.79825151756
ssp585,Indianapolis,exceeded_quantity_night_all,exceeded_quantity,night,all,national,national,National,annual_all_days_primary,All calendar-year days; non-heatwave days contribute zero,"1,2,3,4,5,6,7,8,9,10,11,12",2025-2050,237250.0,3244.0,0.0019219330083664,0.0,0.014931317239423,0.0019245866086934,0.0,0.015067023501621,0.0019245866086934,-0.011217850284234,0.015067023501621,0.0,-86.14794458778195,39.79825151756
ssp585,Jacksonville,cehwi_composite_all,cehwi,composite,all,national,national,National,annual_all_days_primary,All calendar-year days; non-heatwave days contribute zero,"1,2,3,4,5,6,7,8,9,10,11,12",2025-2050,256230.0,32735.0,0.2843172313715202,0.0087854626556709,0.5490210891916392,0.2904595114027461,0.0087923965463431,0.572407638828295,0.2904595114027461,0.0085113839771975,0.572407638828295,0.0,-81.64707525045209,30.31882240289994
ssp585,Jacksonville,cehwi_day_all,cehwi,day,all,national,national,National,annual_all_days_primary,All calendar-year days; non-heatwave days contribute zero,"1,2,3,4,5,6,7,8,9,10,11,12",2025-2050,256230.0,45452.0,0.3118332870184316,0.0173820365842466,0.6689140743691147,0.3195832935204329,0.0175449496499672,0.7002441125753988,0.3195832935204329,-0.0610775255345347,0.7002441125753988,0.0,-81.64707525045209,30.31882240289994
ssp585,Jacksonville,cehwi_night_all,cehwi,night,all,national,national,National,annual_all_days_primary,All calendar-year days; non-heatwave days contribute zero,"1,2,3,4,5,6,7,8,9,10,11,12",2025-2050,256230.0,46736.0,0.0,0.0,0.0698855286630938,0.0,0.0,0.070212172366079,-0.0576927424407563,-0.1855976572475934,0.070212172366079,0.0,-81.64707525045209,30.31882240289994
ssp585,Jacksonville,exceeded_quantity_composite_all,exceeded_quantity,composite,all,national,national,National,annual_all_days_primary,All calendar-year days; non-heatwave days contribute zero,"1,2,3,4,5,6,7,8,9,10,11,12",2025-2050,256230.0,32735.0,0.2594438105174863,0.0,0.6113569297834482,0.2631848461493914,0.0,0.6320957995034233,0.2631848461493914,-0.1057261072046398,0.6320957995034233,0.0,-81.64707525045209,30.31882240289994
ssp585,Jacksonville,exceeded_quantity_day_all,exceeded_quantity,day,all,national,national,National,annual_all_days_primary,All calendar-year days; non-heatwave days contribute zero,"1,2,3,4,5,6,7,8,9,10,11,12",2025-2050,256230.0,45452.0,0.2803738688694639,0.002804464055427,0.6375423516206403,0.2843630921364475,0.002830007666583,0.6567172884950221,0.2843630921364475,-0.0879911042221266,0.6567172884950221,0.0,-81.64707525045209,30.31882240289994
ssp585,Jacksonville,exceeded_quantity_night_all,exceeded_quantity,night,all,national,national,National,annual_all_days_primary,All calendar-year days; non-heatwave days contribute zero,"1,2,3,4,5,6,7,8,9,10,11,12",2025-2050,256230.0,46736.0,0.0322835819853336,0.0,0.2410443818047225,0.0323413618931869,0.0,0.2437181411882165,0.0323413618931869,-0.1790354174018428,0.2437181411882165,0.0,-81.64707525045209,30.31882240289994
ssp585,Kansas_City,cehwi_composite_all,cehwi,composite,all,national,national,National,annual_all_days_primary,All calendar-year days; non-heatwave days contribute zero,"1,2,3,4,5,6,7,8,9,10,11,12",2025-2050,351130.0,56365.0,0.6299172122317657,0.0184101139278035,1.2316198409159642,0.649451608239257,0.0184309821793696,1.31004216446701,0.649451608239257,-0.0111389479884952,1.31004216446701,0.0,-94.58725250021293,39.11017064718442
ssp585,Kansas_City,cehwi_day_all,cehwi,day,all,national,national,National,annual_all_days_primary,All calendar-year days; non-heatwave days contribute zero,"1,2,3,4,5,6,7,8,9,10,11,12",2025-2050,351130.0,49075.0,0.1010540138587474,0.0,0.2514422999890054,0.1018426847532854,0.0,0.2562143514877495,0.1018426847532854,-0.0525289819811809,0.2562143514877495,0.0,-94.58725250021293,39.11017064718442
ssp585,Kansas_City,cehwi_night_all,cehwi,night,all,national,national,National,annual_all_days_primary,All calendar-year days; non-heatwave days contribute zero,"1,2,3,4,5,6,7,8,9,10,11,12",2025-2050,351130.0,34823.0,0.0,0.0,0.0361730108549075,0.0,0.0,0.0363002021830275,-0.0304056922020665,-0.0971115865871616,0.0363002021830275,0.0,-94.58725250021293,39.11017064718442
ssp585,Kansas_City,exceeded_quantity_composite_all,exceeded_quantity,composite,all,national,national,National,annual_all_days_primary,All calendar-year days; non-heatwave days contribute zero,"1,2,3,4,5,6,7,8,9,10,11,12",2025-2050,351130.0,56365.0,0.5879348491446407,0.0001146455760529,1.3238363961406947,0.6030115229383658,0.000115399319752,1.4006139138004392,0.6030115229383658,-0.1945908679237068,1.4006139138004392,0.0,-94.58725250021293,39.11017064718442
ssp585,Kansas_City,exceeded_quantity_day_all,exceeded_quantity,day,all,national,national,National,annual_all_days_primary,All calendar-year days; non-heatwave days contribute zero,"1,2,3,4,5,6,7,8,9,10,11,12",2025-2050,351130.0,49075.0,0.1754011973953314,0.0012648493661785,0.4108098040841146,0.1773577815380896,0.0012841226189873,0.4207354116400271,0.1773577815380896,-0.0660198485638474,0.4207354116400271,0.0,-94.58725250021293,39.11017064718442
ssp585,Kansas_City,exceeded_quantity_night_all,exceeded_quantity,night,all,national,national,National,annual_all_days_primary,All calendar-year days; non-heatwave days contribute zero,"1,2,3,4,5,6,7,8,9,10,11,12",2025-2050,351130.0,34823.0,0.0225979239029599,0.0,0.1660149195634116,0.0226411979018876,0.0,0.1680699360526051,0.0226411979018876,-0.1227875402488301,0.1680699360526051,0.0,-94.58725250021293,39.11017064718442
ssp585,Las_Vegas,cehwi_composite_all,cehwi,composite,all,national,national,National,annual_all_days_primary,All calendar-year days; non-heatwave days contribute zero,"1,2,3,4,5,6,7,8,9,10,11,12",2025-2050,132860.0,16279.0,0.4067028939422937,0.0131696297116987,0.7811006822423364,0.4181340620416883,0.0131835335289547,0.8246145660977068,0.4181340620416883,0.0116535579856704,0.8246145660977068,0.0,-115.24138225613288,36.21326422353141
ssp585,Las_Vegas,cehwi_day_all,cehwi,day,all,national,national,National,annual_all_days_primary,All calendar-year days; non-heatwave days contribute zero,"1,2,3,4,5,6,7,8,9,10,11,12",2025-2050,132860.0,23885.0,0.2008828225955289,0.0005967559226877,0.485701733635589,0.2032455898841279,0.0006004068465464,0.4987193130345781,0.2032455898841279,-0.0922281332663244,0.4987193130345781,0.0,-115.24138225613288,36.21326422353141
ssp585,Las_Vegas,cehwi_night_all,cehwi,night,all,national,national,National,annual_all_days_primary,All calendar-year days; non-heatwave days contribute zero,"1,2,3,4,5,6,7,8,9,10,11,12",2025-2050,132860.0,15509.0,0.0,0.0,0.0934216666468756,0.0,0.0,0.0942291229951305,-0.0715915037124779,-0.2374121304200873,0.0942291229951305,0.0,-115.24138225613288,36.21326422353141
ssp585,Las_Vegas,exceeded_quantity_composite_all,exceeded_quantity,composite,all,national,national,National,annual_all_days_primary,All calendar-year days; non-heatwave days contribute zero,"1,2,3,4,5,6,7,8,9,10,11,12",2025-2050,132860.0,16279.0,0.39913312661322,0.0,0.9098191849401354,0.4081461605949631,0.0,0.95672620343957,0.4081461605949631,-0.1404338822496433,0.95672620343957,0.0,-115.24138225613288,36.21326422353141
ssp585,Las_Vegas,exceeded_quantity_day_all,exceeded_quantity,day,all,national,national,National,annual_all_days_primary,All calendar-year days; non-heatwave days contribute zero,"1,2,3,4,5,6,7,8,9,10,11,12",2025-2050,132860.0,23885.0,0.2855164391978275,0.0063381843475627,0.646284463139584,0.2897943442924509,0.0064179121705809,0.6658795236285455,0.2897943442924509,-0.0862908350436429,0.6658795236285455,0.0,-115.24138225613288,36.21326422353141
ssp585,Las_Vegas,exceeded_quantity_night_all,exceeded_quantity,night,all,national,national,National,annual_all_days_primary,All calendar-year days; non-heatwave days contribute zero,"1,2,3,4,5,6,7,8,9,10,11,12",2025-2050,132860.0,15509.0,0.0574884723489496,0.0,0.3090764491049306,0.0579229438506105,0.0,0.3159060230535947,0.0579229438506105,-0.2000601353523738,0.3159060230535947,0.0,-115.24138225613288,36.21326422353141
ssp585,Long_Beach,cehwi_composite_all,cehwi,composite,all,national,national,National,annual_all_days_primary,All calendar-year days; non-heatwave days contribute zero,"1,2,3,4,5,6,7,8,9,10,11,12",2025-2050,47450.0,184.0,0.0169560594535737,0.0005691376057075,0.0325023593856477,0.0174254219966327,0.0005697063711136,0.0342811376221518,0.0174254219966327,0.0005697063711136,0.0342811376221518,0.0,-118.15363485341176,33.835056657794794
ssp585,Long_Beach,cehwi_day_all,cehwi,day,all,national,national,National,annual_all_days_primary,All calendar-year days; non-heatwave days contribute zero,"1,2,3,4,5,6,7,8,9,10,11,12",2025-2050,47450.0,11946.0,0.4732026022490398,0.0099060505284207,1.0634111002600493,0.4826123555245784,0.0099715711290849,1.1069985142486412,0.4826123555245784,-0.141773803199486,1.1069985142486412,0.0,-118.15363485341176,33.835056657794794
ssp585,Long_Beach,cehwi_night_all,cehwi,night,all,national,national,National,annual_all_days_primary,All calendar-year days; non-heatwave days contribute zero,"1,2,3,4,5,6,7,8,9,10,11,12",2025-2050,47450.0,0.0,0.0,0.0,0.0,0.0,0.0,0.0,0.0,0.0,0.0,0.0,-118.15363485341176,33.835056657794794
ssp585,Long_Beach,exceeded_quantity_composite_all,exceeded_quantity,composite,all,national,national,National,annual_all_days_primary,All calendar-year days; non-heatwave days contribute zero,"1,2,3,4,5,6,7,8,9,10,11,12",2025-2050,47450.0,184.0,0.0246458902970263,0.0,0.053120967643687,0.0254899302362508,0.0,0.0572328584220504,0.0254899302362508,-0.0062529979495487,0.0572328584220504,0.0,-118.15363485341176,33.835056657794794
ssp585,Long_Beach,exceeded_quantity_day_all,exceeded_quantity,day,all,national,national,National,annual_all_days_primary,All calendar-year days; non-heatwave days contribute zero,"1,2,3,4,5,6,7,8,9,10,11,12",2025-2050,47450.0,11946.0,0.68753453889397,0.0877125112825711,1.3720165527297223,0.7088782934220197,0.0895015196924332,1.4435417362173095,0.7088782934220197,-0.0257851493732692,1.4435417362173095,0.0,-118.15363485341176,33.835056657794794
ssp585,Long_Beach,exceeded_quantity_night_all,exceeded_quantity,night,all,national,national,National,annual_all_days_primary,All calendar-year days; non-heatwave days contribute zero,"1,2,3,4,5,6,7,8,9,10,11,12",2025-2050,47450.0,0.0,0.0,0.0,0.0,0.0,0.0,0.0,0.0,0.0,0.0,0.0,-118.15363485341176,33.835056657794794
ssp585,Los_Angeles,cehwi_composite_all,cehwi,composite,all,national,national,National,annual_all_days_primary,All calendar-year days; non-heatwave days contribute zero,"1,2,3,4,5,6,7,8,9,10,11,12",2025-2050,313170.0,4592.0,0.0583464588331662,0.001940235321901,0.1119112328806208,0.0599360179650319,0.0019421885528307,0.1179320772096554,0.0599360179650319,0.0019399587204085,0.1179320772096554,0.0,-118.38174277020067,34.071469381211
ssp585,Los_Angeles,cehwi_day_all,cehwi,day,all,national,national,National,annual_all_days_primary,All calendar-year days; non-heatwave days contribute zero,"1,2,3,4,5,6,7,8,9,10,11,12",2025-2050,313170.0,74006.0,0.4591013737701074,0.0114794859217041,1.0267696315224808,0.4684846942911755,0.0115620342931369,1.0695465099680852,0.4684846942911755,-0.1325771213857355,1.0695465099680852,0.0,-118.38174277020067,34.071469381211
ssp585,Los_Angeles,cehwi_night_all,cehwi,night,all,national,national,National,annual_all_days_primary,All calendar-year days; non-heatwave days contribute zero,"1,2,3,4,5,6,7,8,9,10,11,12",2025-2050,313170.0,196.0,0.0,0.0,0.0001025572060689,0.0,0.0,0.0001027405831565,-8.718167949308417e-05,-0.0002771039421427,0.0001027405831565,0.0,-118.38174277020067,34.071469381211
ssp585,Los_Angeles,exceeded_quantity_composite_all,exceeded_quantity,composite,all,national,national,National,annual_all_days_primary,All calendar-year days; non-heatwave days contribute zero,"1,2,3,4,5,6,7,8,9,10,11,12",2025-2050,313170.0,4592.0,0.0809902330776797,2.332537116477249e-06,0.1773408064052322,0.0835511193214065,2.3368127063877767e-06,0.1900364519814923,0.0835511193214065,-0.0229342133386792,0.1900364519814923,0.0,-118.38174277020067,34.071469381211
ssp585,Los_Angeles,exceeded_quantity_day_all,exceeded_quantity,day,all,national,national,National,annual_all_days_primary,All calendar-year days; non-heatwave days contribute zero,"1,2,3,4,5,6,7,8,9,10,11,12",2025-2050,313170.0,74006.0,0.6494097708753399,0.0818329909556132,1.3008949985726983,0.6693296563234795,0.0835763106740447,1.3676643362377991,0.6693296563234795,-0.0290050235908395,1.3676643362377991,0.0,-118.38174277020067,34.071469381211
ssp585,Los_Angeles,exceeded_quantity_night_all,exceeded_quantity,night,all,national,national,National,annual_all_days_primary,All calendar-year days; non-heatwave days contribute zero,"1,2,3,4,5,6,7,8,9,10,11,12",2025-2050,313170.0,196.0,7.447559236682418e-05,0.0,0.0005889277342156,7.456356258891078e-05,0.0,0.0005937539965813,7.456356258891078e-05,-0.0004446268714035,0.0005937539965813,0.0,-118.38174277020067,34.071469381211
ssp585,Louisville,cehwi_composite_all,cehwi,composite,all,national,national,National,annual_all_days_primary,All calendar-year days; non-heatwave days contribute zero,"1,2,3,4,5,6,7,8,9,10,11,12",2025-2050,227760.0,20047.0,0.2993910166904466,0.0091583913022419,0.58023983931299,0.3074326166318334,0.0091673553890639,0.6115510087569825,0.3074326166318334,0.0033142245066846,0.6115510087569825,0.0,-85.68381502432021,38.18964489781964
ssp585,Louisville,cehwi_day_all,cehwi,day,all,national,national,National,annual_all_days_primary,All calendar-year days; non-heatwave days contribute zero,"1,2,3,4,5,6,7,8,9,10,11,12",2025-2050,227760.0,51050.0,0.2821721941574123,0.0009245675100595,0.67452797117742,0.2858764922435468,0.0009283157878741,0.694416310244723,0.2858764922435468,-0.1226633257576317,0.694416310244723,0.0,-85.68381502432021,38.18964489781964
ssp585,Louisville,cehwi_night_all,cehwi,night,all,national,national,National,annual_all_days_primary,All calendar-year days; non-heatwave days contribute zero,"1,2,3,4,5,6,7,8,9,10,11,12",2025-2050,227760.0,5566.0,0.0,0.0,0.0035598218593248,0.0,0.0,0.0035654910670168,-0.0030270383693967,-0.0096195678058106,0.0035654910670168,0.0,-85.68381502432021,38.18964489781964
ssp585,Louisville,exceeded_quantity_composite_all,exceeded_quantity,composite,all,national,national,National,annual_all_days_primary,All calendar-year days; non-heatwave days contribute zero,"1,2,3,4,5,6,7,8,9,10,11,12",2025-2050,227760.0,20047.0,0.3144591761727242,0.0,0.7143443544111215,0.3218435305867282,0.0,0.7526565210486759,0.3218435305867282,-0.1089694598752189,0.7526565210486759,0.0,-85.68381502432021,38.18964489781964
ssp585,Louisville,exceeded_quantity_day_all,exceeded_quantity,day,all,national,national,National,annual_all_days_primary,All calendar-year days; non-heatwave days contribute zero,"1,2,3,4,5,6,7,8,9,10,11,12",2025-2050,227760.0,51050.0,0.3757541791547567,0.0058988060475358,0.8462776679389951,0.3814959819753246,0.0059601475069031,0.8728166790557004,0.3814959819753246,-0.1098247151050506,0.8728166790557004,0.0,-85.68381502432021,38.18964489781964
ssp585,Louisville,exceeded_quantity_night_all,exceeded_quantity,night,all,national,national,National,annual_all_days_primary,All calendar-year days; non-heatwave days contribute zero,"1,2,3,4,5,6,7,8,9,10,11,12",2025-2050,227760.0,5566.0,0.0024021950848997,0.0,0.0192232472710264,0.0024046711012854,0.0,0.0193646752122746,0.0024046711012854,-0.0145553330097038,0.0193646752122746,0.0,-85.68381502432021,38.18964489781964
ssp585,Lubbock,cehwi_composite_all,cehwi,composite,all,national,national,National,annual_all_days_primary,All calendar-year days; non-heatwave days contribute zero,"1,2,3,4,5,6,7,8,9,10,11,12",2025-2050,94900.0,16043.0,0.7226441445296699,0.0233959119917314,1.3906864164206418,0.7461864048084661,0.0234247900139629,1.4814294143063085,0.7461864048084661,0.0109433953106247,1.4814294143063085,0.0,-101.86846205987358,33.57347977527576
ssp585,Lubbock,cehwi_day_all,cehwi,day,all,national,national,National,annual_all_days_primary,All calendar-year days; non-heatwave days contribute zero,"1,2,3,4,5,6,7,8,9,10,11,12",2025-2050,94900.0,13703.0,0.1656768080656757,0.001460130502383,0.3913524765317292,0.1680223761198678,0.0014674758394789,0.4032456404708825,0.1680223761198678,-0.0672008882311485,0.4032456404708825,0.0,-101.86846205987358,33.57347977527576
ssp585,Lubbock,cehwi_night_all,cehwi,night,all,national,national,National,annual_all_days_primary,All calendar-year days; non-heatwave days contribute zero,"1,2,3,4,5,6,7,8,9,10,11,12",2025-2050,94900.0,9626.0,0.0,0.0,0.0490279634352371,0.0,0.0,0.0492724501610358,-0.0404825355747467,-0.1302375213105301,0.0492724501610358,0.0,-101.86846205987358,33.57347977527576
ssp585,Lubbock,exceeded_quantity_composite_all,exceeded_quantity,composite,all,national,national,National,annual_all_days_primary,All calendar-year days; non-heatwave days contribute zero,"1,2,3,4,5,6,7,8,9,10,11,12",2025-2050,94900.0,16043.0,0.6277998473118733,0.0,1.416296059433008,0.6434748334173586,0.0,1.496739300330263,0.6434748334173586,-0.2097896334955447,1.496739300330263,0.0,-101.86846205987358,33.57347977527576
ssp585,Lubbock,exceeded_quantity_day_all,exceeded_quantity,day,all,national,national,National,annual_all_days_primary,All calendar-year days; non-heatwave days contribute zero,"1,2,3,4,5,6,7,8,9,10,11,12",2025-2050,94900.0,13703.0,0.2508779053658709,0.0059816129879453,0.5578295349661051,0.2550812966006485,0.0060515144314921,0.5765981826614734,0.2550812966006485,-0.0664355894601759,0.5765981826614734,0.0,-101.86846205987358,33.57347977527576
ssp585,Lubbock,exceeded_quantity_night_all,exceeded_quantity,night,all,national,national,National,annual_all_days_primary,All calendar-year days; non-heatwave days contribute zero,"1,2,3,4,5,6,7,8,9,10,11,12",2025-2050,94900.0,9626.0,0.0317358144256344,0.0,0.2079055296299571,0.03184279464157,0.0,0.2112812116653352,0.03184279464157,-0.1475956223821954,0.2112812116653352,0.0,-101.86846205987358,33.57347977527576
ssp585,Mesa,cehwi_composite_all,cehwi,composite,all,national,national,National,annual_all_days_primary,All calendar-year days; non-heatwave days contribute zero,"1,2,3,4,5,6,7,8,9,10,11,12",2025-2050,75920.0,9721.0,0.4092876985657875,0.0131440951068694,0.7872105098293132,0.4203988973223119,0.0131574347560852,0.8296008693476569,0.4203988973223119,0.0111969252969675,0.8296008693476569,0.0,-111.7222897149077,33.41501904761478
ssp585,Mesa,cehwi_day_all,cehwi,day,all,national,national,National,annual_all_days_primary,All calendar-year days; non-heatwave days contribute zero,"1,2,3,4,5,6,7,8,9,10,11,12",2025-2050,75920.0,13277.0,0.2246340159549849,0.0048562271240141,0.5208683893777911,0.2283328526180722,0.0048914432479863,0.53845508920701,0.2283328526180722,-0.0817893839708674,0.53845508920701,0.0,-111.7222897149077,33.41501904761478
ssp585,Mesa,cehwi_night_all,cehwi,night,all,national,national,National,annual_all_days_primary,All calendar-year days; non-heatwave days contribute zero,"1,2,3,4,5,6,7,8,9,10,11,12",2025-2050,75920.0,9935.0,0.0,0.0,0.0924357771197234,0.0,0.0,0.0930944864190884,-0.0735339482383526,-0.2401623828957945,0.0930944864190884,0.0,-111.7222897149077,33.41501904761478
ssp585,Mesa,exceeded_quantity_composite_all,exceeded_quantity,composite,all,national,national,National,annual_all_days_primary,All calendar-year days; non-heatwave days contribute zero,"1,2,3,4,5,6,7,8,9,10,11,12",2025-2050,75920.0,9721.0,0.4067650975637309,0.0,0.9284274528656992,0.4158369024460566,0.0,0.9756743519623888,0.4158369024460566,-0.144000547070275,0.9756743519623888,0.0,-111.7222897149077,33.41501904761478
ssp585,Mesa,exceeded_quantity_day_all,exceeded_quantity,day,all,national,national,National,annual_all_days_primary,All calendar-year days; non-heatwave days contribute zero,"1,2,3,4,5,6,7,8,9,10,11,12",2025-2050,75920.0,13277.0,0.3015647519295712,0.0116257471803709,0.6662865255041299,0.3069818563501808,0.0118185651597078,0.689189893803484,0.3069818563501808,-0.0752261811031217,0.689189893803484,0.0,-111.7222897149077,33.41501904761478
ssp585,Mesa,exceeded_quantity_night_all,exceeded_quantity,night,all,national,national,National,annual_all_days_primary,All calendar-year days; non-heatwave days contribute zero,"1,2,3,4,5,6,7,8,9,10,11,12",2025-2050,75920.0,9935.0,0.0512167981565109,0.0,0.3109167864284829,0.0514454021712008,0.0,0.316736380279888,0.0514454021712008,-0.2138455759374863,0.316736380279888,0.0,-111.7222897149077,33.41501904761478
ssp585,Miami,cehwi_composite_all,cehwi,composite,all,national,national,National,annual_all_days_primary,All calendar-year days; non-heatwave days contribute zero,"1,2,3,4,5,6,7,8,9,10,11,12",2025-2050,9490.0,824.0,0.0856470227873967,0.0023482517437824,0.1674392791209831,0.0864595454366925,0.0023488999150437,0.1705701909583418,0.0864595454366925,0.0023488999150437,0.1705701909583418,0.0,-80.21906371259311,25.778536464808017
ssp585,Miami,cehwi_day_all,cehwi,day,all,national,national,National,annual_all_days_primary,All calendar-year days; non-heatwave days contribute zero,"1,2,3,4,5,6,7,8,9,10,11,12",2025-2050,9490.0,2405.0,0.285954840377117,0.0013297700142819,0.6782839047931069,0.289938886123921,0.0013369998534817,0.6991491644339582,0.289938886123921,-0.1192713921861189,0.6991491644339582,0.0,-80.21906371259311,25.778536464808017
ssp585,Miami,cehwi_night_all,cehwi,night,all,national,national,National,annual_all_days_primary,All calendar-year days; non-heatwave days contribute zero,"1,2,3,4,5,6,7,8,9,10,11,12",2025-2050,9490.0,1881.0,0.0,0.0,0.0527420183189965,0.0,0.0,0.0528914901477069,-0.0445335721023565,-0.1419586343524221,0.0528914901477069,0.0,-80.21906371259311,25.778536464808017
ssp585,Miami,exceeded_quantity_composite_all,exceeded_quantity,composite,all,national,national,National,annual_all_days_primary,All calendar-year days; non-heatwave days contribute zero,"1,2,3,4,5,6,7,8,9,10,11,12",2025-2050,9490.0,824.0,0.1053841193328155,0.0,0.2538269204563022,0.1062581973092067,0.0,0.2589169896407742,0.1062581973092067,-0.0464005950223605,0.2589169896407742,0.0,-80.21906371259311,25.778536464808017
ssp585,Miami,exceeded_quantity_day_all,exceeded_quantity,day,all,national,national,National,annual_all_days_primary,All calendar-year days; non-heatwave days contribute zero,"1,2,3,4,5,6,7,8,9,10,11,12",2025-2050,9490.0,2405.0,0.2633098849413867,1.7475603146962067e-05,0.6262839131421835,0.2657504310619344,1.7490110262252898e-05,0.6396216053041165,0.2657504310619344,-0.1081207431802465,0.6396216053041165,0.0,-80.21906371259311,25.778536464808017
ssp585,Miami,exceeded_quantity_night_all,exceeded_quantity,night,all,national,national,National,annual_all_days_primary,All calendar-year days; non-heatwave days contribute zero,"1,2,3,4,5,6,7,8,9,10,11,12",2025-2050,9490.0,1881.0,0.024146069499291,0.0,0.1931098237619301,0.0241713150141111,0.0,0.1946079593116523,0.0241713150141111,-0.1462653292834299,0.1946079593116523,0.0,-80.21906371259311,25.778536464808017
ssp585,Milwaukee,cehwi_composite_all,cehwi,composite,all,national,national,National,annual_all_days_primary,All calendar-year days; non-heatwave days contribute zero,"1,2,3,4,5,6,7,8,9,10,11,12",2025-2050,113880.0,8568.0,0.2738273458799414,0.0087391479386628,0.5273001331251431,0.2814464394309763,0.0087480920237211,0.5566475472897224,0.2814464394309763,0.0062453315722303,0.5566475472897224,0.0,-87.95206111672199,43.04180163093047
ssp585,Milwaukee,cehwi_day_all,cehwi,day,all,national,national,National,annual_all_days_primary,All calendar-year days; non-heatwave days contribute zero,"1,2,3,4,5,6,7,8,9,10,11,12",2025-2050,113880.0,20669.0,0.2705906768105209,0.0026246911898846,0.6313400713719127,0.2748852717971707,0.0026415669307258,0.6528554127155383,0.2748852717971707,-0.1030848691211984,0.6528554127155383,0.0,-87.95206111672199,43.04180163093047
ssp585,Milwaukee,cehwi_night_all,cehwi,night,all,national,national,National,annual_all_days_primary,All calendar-year days; non-heatwave days contribute zero,"1,2,3,4,5,6,7,8,9,10,11,12",2025-2050,113880.0,1820.0,0.0,0.0,0.0050981029715282,0.0,0.0,0.0051148326226949,-0.0042941766544879,-0.013703185931671,0.0051148326226949,0.0,-87.95206111672199,43.04180163093047
ssp585,Milwaukee,exceeded_quantity_composite_all,exceeded_quantity,composite,all,national,national,National,annual_all_days_primary,All calendar-year days; non-heatwave days contribute zero,"1,2,3,4,5,6,7,8,9,10,11,12",2025-2050,113880.0,8568.0,0.3248203432008973,0.0004841752064581,0.7258018653870982,0.3339768167335399,0.0004876837948796,0.7721624414546504,0.3339768167335399,-0.1042088079875702,0.7721624414546504,0.0,-87.95206111672199,43.04180163093047
ssp585,Milwaukee,exceeded_quantity_day_all,exceeded_quantity,day,all,national,national,National,annual_all_days_primary,All calendar-year days; non-heatwave days contribute zero,"1,2,3,4,5,6,7,8,9,10,11,12",2025-2050,113880.0,20669.0,0.4330490901569084,0.0299976378903212,0.9120948769776722,0.4432428090636695,0.0305267744228546,0.951133343705648,0.4432428090636695,-0.0646477255783083,0.951133343705648,0.0,-87.95206111672199,43.04180163093047
ssp585,Milwaukee,exceeded_quantity_night_all,exceeded_quantity,night,all,national,national,National,annual_all_days_primary,All calendar-year days; non-heatwave days contribute zero,"1,2,3,4,5,6,7,8,9,10,11,12",2025-2050,113880.0,1820.0,0.0036882505766005,0.0,0.0254973216789769,0.0036980187779092,0.0,0.0258536705489318,0.0036980187779092,-0.0184576329931133,0.0258536705489318,0.0,-87.95206111672199,43.04180163093047
ssp585,Minneapolis,cehwi_composite_all,cehwi,composite,all,national,national,National,annual_all_days_primary,All calendar-year days; non-heatwave days contribute zero,"1,2,3,4,5,6,7,8,9,10,11,12",2025-2050,66430.0,3164.0,0.177371216808221,0.0058481886469402,0.3403971976260904,0.1821280843411872,0.0058540414406963,0.3584149982585434,0.1821280843411872,0.0058411704238312,0.3584149982585434,0.0,-93.270301483301,44.960120100206886
ssp585,Minneapolis,cehwi_day_all,cehwi,day,all,national,national,National,annual_all_days_primary,All calendar-year days; non-heatwave days contribute zero,"1,2,3,4,5,6,7,8,9,10,11,12",2025-2050,66430.0,13935.0,0.3930673644769745,0.0077366931245207,0.895278701874423,0.4003936666715264,0.0077999957167125,0.9299311925413036,0.4003936666715264,-0.1291438591982521,0.9299311925413036,0.0,-93.270301483301,44.960120100206886
ssp585,Minneapolis,cehwi_night_all,cehwi,night,all,national,national,National,annual_all_days_primary,All calendar-year days; non-heatwave days contribute zero,"1,2,3,4,5,6,7,8,9,10,11,12",2025-2050,66430.0,216.0,0.0,0.0,0.0005511904304295,0.0,0.0,0.0005521648636369,-0.0004683554080774,-0.0014888756797918,0.0005521648636369,0.0,-93.270301483301,44.960120100206886
ssp585,Minneapolis,exceeded_quantity_composite_all,exceeded_quantity,composite,all,national,national,National,annual_all_days_primary,All calendar-year days; non-heatwave days contribute zero,"1,2,3,4,5,6,7,8,9,10,11,12",2025-2050,66430.0,3164.0,0.2168329279798811,0.0,0.48559506477971,0.2226475946871842,0.0,0.515378355137506,0.2226475946871842,-0.0700831657631372,0.515378355137506,0.0,-93.270301483301,44.960120100206886
ssp585,Minneapolis,exceeded_quantity_day_all,exceeded_quantity,day,all,national,national,National,annual_all_days_primary,All calendar-year days; non-heatwave days contribute zero,"1,2,3,4,5,6,7,8,9,10,11,12",2025-2050,66430.0,13935.0,0.5558404526382641,0.0462682204913194,1.1488096245432116,0.5701234584199555,0.0471108562975661,1.201567692694844,0.5701234584199555,-0.0613207758549323,1.201567692694844,0.0,-93.270301483301,44.960120100206886
ssp585,Minneapolis,exceeded_quantity_night_all,exceeded_quantity,night,all,national,national,National,annual_all_days_primary,All calendar-year days; non-heatwave days contribute zero,"1,2,3,4,5,6,7,8,9,10,11,12",2025-2050,66430.0,216.0,0.0005291218264361,0.0,0.0040311587991756,0.0005299321264198,0.0,0.0040727048535671,0.0005299321264198,-0.0030128406007275,0.0040727048535671,0.0,-93.270301483301,44.960120100206886
ssp585,Miramar,cehwi_composite_all,cehwi,composite,all,national,national,National,annual_all_days_primary,All calendar-year days; non-heatwave days contribute zero,"1,2,3,4,5,6,7,8,9,10,11,12",2025-2050,18980.0,1864.0,0.0948739374971198,0.0025918163682649,0.1855389396447104,0.0957448127323468,0.0025924982535023,0.1888971272111917,0.0957448127323468,0.0025924982535023,0.1888971272111917,0.0,-80.30889524100506,25.980599743327616
ssp585,Miramar,cehwi_day_all,cehwi,day,all,national,national,National,annual_all_days_primary,All calendar-year days; non-heatwave days contribute zero,"1,2,3,4,5,6,7,8,9,10,11,12",2025-2050,18980.0,4824.0,0.2850395953043906,0.0012567051547185,0.6793477207909042,0.288860319733707,0.0012626109642669,0.6996176167776588,0.288860319733707,-0.1218969773102474,0.6996176167776588,0.0,-80.30889524100506,25.980599743327616
ssp585,Miramar,cehwi_night_all,cehwi,night,all,national,national,National,annual_all_days_primary,All calendar-year days; non-heatwave days contribute zero,"1,2,3,4,5,6,7,8,9,10,11,12",2025-2050,18980.0,3982.0,0.0,0.0,0.0652134024615097,0.0,0.0,0.0654342761911919,-0.0548188108981327,-0.1750718979874596,0.0654342761911919,0.0,-80.30889524100506,25.980599743327616
ssp585,Miramar,exceeded_quantity_composite_all,exceeded_quantity,composite,all,national,national,National,annual_all_days_primary,All calendar-year days; non-heatwave days contribute zero,"1,2,3,4,5,6,7,8,9,10,11,12",2025-2050,18980.0,1864.0,0.1168508265019363,0.0,0.2817464105416369,0.1177825106951159,0.0,0.2871881043866873,0.1177825106951159,-0.051623082996455,0.2871881043866873,0.0,-80.30889524100506,25.980599743327616
ssp585,Miramar,exceeded_quantity_day_all,exceeded_quantity,day,all,national,national,National,annual_all_days_primary,All calendar-year days; non-heatwave days contribute zero,"1,2,3,4,5,6,7,8,9,10,11,12",2025-2050,18980.0,4824.0,0.2613701347479455,4.9671817522258697e-05,0.6248468055124761,0.2636469196750703,4.9751484980736565e-05,0.6374918875233649,0.2636469196750703,-0.1101980481732233,0.6374918875233649,0.0,-80.30889524100506,25.980599743327616
ssp585,Miramar,exceeded_quantity_night_all,exceeded_quantity,night,all,national,national,National,annual_all_days_primary,All calendar-year days; non-heatwave days contribute zero,"1,2,3,4,5,6,7,8,9,10,11,12",2025-2050,18980.0,3982.0,0.0286682351508904,0.0,0.2259907350078835,0.0287025418076935,0.0,0.2279353862502585,0.0287025418076935,-0.1705303026348714,0.2279353862502585,0.0,-80.30889524100506,25.980599743327616
ssp585,Nashville,cehwi_composite_all,cehwi,composite,all,national,national,National,annual_all_days_primary,All calendar-year days; non-heatwave days contribute zero,"1,2,3,4,5,6,7,8,9,10,11,12",2025-2050,275210.0,40222.0,0.459552579618549,0.0144735037607248,0.8866039819094725,0.4718816508091873,0.0144879673642457,0.9340157671289716,0.4718816508091873,0.0097475344894035,0.9340157671289716,0.0,-86.77366764775488,36.19153461330117
ssp585,Nashville,cehwi_day_all,cehwi,day,all,national,national,National,annual_all_days_primary,All calendar-year days; non-heatwave days contribute zero,"1,2,3,4,5,6,7,8,9,10,11,12",2025-2050,275210.0,48353.0,0.1641294674179329,0.0023037569479138,0.3927117943790454,0.166192224250721,0.0023211669162574,0.4030840947744231,0.166192224250721,-0.0706996462729834,0.4030840947744231,0.0,-86.77366764775488,36.19153461330117
ssp585,Nashville,cehwi_night_all,cehwi,night,all,national,national,National,annual_all_days_primary,All calendar-year days; non-heatwave days contribute zero,"1,2,3,4,5,6,7,8,9,10,11,12",2025-2050,275210.0,31590.0,0.0,0.0,0.0393489127719337,0.0,0.0,0.0395030671260649,-0.0328132293248927,-0.1051295257758515,0.0395030671260649,0.0,-86.77366764775488,36.19153461330117
ssp585,Nashville,exceeded_quantity_composite_all,exceeded_quantity,composite,all,national,national,National,annual_all_days_primary,All calendar-year days; non-heatwave days contribute zero,"1,2,3,4,5,6,7,8,9,10,11,12",2025-2050,275210.0,40222.0,0.432882123050611,0.0,0.995828188117832,0.4417254365681057,0.0,1.042626889549343,0.4417254365681057,-0.1591760164131306,1.042626889549343,0.0,-86.77366764775488,36.19153461330117
ssp585,Nashville,exceeded_quantity_day_all,exceeded_quantity,day,all,national,national,National,annual_all_days_primary,All calendar-year days; non-heatwave days contribute zero,"1,2,3,4,5,6,7,8,9,10,11,12",2025-2050,275210.0,48353.0,0.2194924808446712,0.0007182263744705,0.5165567487863981,0.2217992945213796,0.0007225208754349,0.5286513222593693,0.2217992945213796,-0.0850527332166095,0.5286513222593693,0.0,-86.77366764775488,36.19153461330117
ssp585,Nashville,exceeded_quantity_night_all,exceeded_quantity,night,all,national,national,National,annual_all_days_primary,All calendar-year days; non-heatwave days contribute zero,"1,2,3,4,5,6,7,8,9,10,11,12",2025-2050,275210.0,31590.0,0.0194198207445397,0.0,0.1494359382535875,0.0194482060668945,0.0,0.1509116818933356,0.0194482060668945,-0.1120152697595465,0.1509116818933356,0.0,-86.77366764775488,36.19153461330117
ssp585,New_York,cehwi_composite_all,cehwi,composite,all,national,national,National,annual_all_days_primary,All calendar-year days; non-heatwave days contribute zero,"1,2,3,4,5,6,7,8,9,10,11,12",2025-2050,180310.0,12683.0,0.2521333708764646,0.0080520783388665,0.4850312892284039,0.2589924774920679,0.0080601382544327,0.5112437765272102,0.2589924774920679,0.0067411784569258,0.5112437765272102,0.0,-73.93385110803686,40.68503572090172
ssp585,New_York,cehwi_day_all,cehwi,day,all,national,national,National,annual_all_days_primary,All calendar-year days; non-heatwave days contribute zero,"1,2,3,4,5,6,7,8,9,10,11,12",2025-2050,180310.0,26770.0,0.1514081773977625,0.0,0.3728580199962064,0.1528575440297508,0.0,0.3814333294579332,0.1528575440297508,-0.0757182413984333,0.3814333294579332,0.0,-73.93385110803686,40.68503572090172
ssp585,New_York,cehwi_night_all,cehwi,night,all,national,national,National,annual_all_days_primary,All calendar-year days; non-heatwave days contribute zero,"1,2,3,4,5,6,7,8,9,10,11,12",2025-2050,180310.0,3670.0,0.0,0.0,0.0056829276456885,0.0,0.0,0.005699973777859,-0.004790760667754,-0.0152814951133673,0.005699973777859,0.0,-73.93385110803686,40.68503572090172
ssp585,New_York,exceeded_quantity_composite_all,exceeded_quantity,composite,all,national,national,National,annual_all_days_primary,All calendar-year days; non-heatwave days contribute zero,"1,2,3,4,5,6,7,8,9,10,11,12",2025-2050,180310.0,12683.0,0.2793049772650299,0.0002039154313551,0.6288945282163996,0.2864903211357659,0.0002052405201956,0.6654851240685572,0.2864903211357659,-0.0925044817970249,0.6654851240685572,0.0,-73.93385110803686,40.68503572090172
ssp585,New_York,exceeded_quantity_day_all,exceeded_quantity,day,all,national,national,National,annual_all_days_primary,All calendar-year days; non-heatwave days contribute zero,"1,2,3,4,5,6,7,8,9,10,11,12",2025-2050,180310.0,26770.0,0.2781313102458894,0.0076762948149034,0.6163209195971147,0.2829429614215689,0.0077830831498281,0.6374982077700659,0.2829429614215689,-0.0716122849269277,0.6374982077700659,0.0,-73.93385110803686,40.68503572090172
ssp585,New_York,exceeded_quantity_night_all,exceeded_quantity,night,all,national,national,National,annual_all_days_primary,All calendar-year days; non-heatwave days contribute zero,"1,2,3,4,5,6,7,8,9,10,11,12",2025-2050,180310.0,3670.0,0.0046539252324298,0.0,0.0323275663641667,0.004665519367635,0.0,0.0327814488455692,0.004665519367635,-0.0234504101102991,0.0327814488455692,0.0,-73.93385110803686,40.68503572090172
ssp585,Newark,cehwi_composite_all,cehwi,composite,all,national,national,National,annual_all_days_primary,All calendar-year days; non-heatwave days contribute zero,"1,2,3,4,5,6,7,8,9,10,11,12",2025-2050,28470.0,1406.0,0.165457317557818,0.0051017447840916,0.3190452860591808,0.1695824142950886,0.0051062294851534,0.3348516153594357,0.1695824142950886,0.0043132132307417,0.3348516153594357,0.0,-74.18238500330992,40.73053616358863
ssp585,Newark,cehwi_day_all,cehwi,day,all,national,national,National,annual_all_days_primary,All calendar-year days; non-heatwave days contribute zero,"1,2,3,4,5,6,7,8,9,10,11,12",2025-2050,28470.0,4448.0,0.1774470192633059,0.0,0.4351770070466406,0.1792668917754332,0.0,0.4458650528516896,0.1792668917754332,-0.0873312693008247,0.4458650528516896,0.0,-74.18238500330992,40.73053616358863
ssp585,Newark,cehwi_night_all,cehwi,night,all,national,national,National,annual_all_days_primary,All calendar-year days; non-heatwave days contribute zero,"1,2,3,4,5,6,7,8,9,10,11,12",2025-2050,28470.0,478.0,0.0,0.0,0.0052696877371323,0.0,0.0,0.0052876153585908,-0.0044305288886784,-0.0141486731359478,0.0052876153585908,0.0,-74.18238500330992,40.73053616358863
ssp585,Newark,exceeded_quantity_composite_all,exceeded_quantity,composite,all,national,national,National,annual_all_days_primary,All calendar-year days; non-heatwave days contribute zero,"1,2,3,4,5,6,7,8,9,10,11,12",2025-2050,28470.0,1406.0,0.2019783876328475,6.51198886569157e-05,0.4556715739139373,0.2070887402766014,6.526786680283738e-05,0.4819126556187401,0.2070887402766014,-0.067735175065537,0.4819126556187401,0.0,-74.18238500330992,40.73053616358863
ssp585,Newark,exceeded_quantity_day_all,exceeded_quantity,day,all,national,national,National,annual_all_days_primary,All calendar-year days; non-heatwave days contribute zero,"1,2,3,4,5,6,7,8,9,10,11,12",2025-2050,28470.0,4448.0,0.321833493559492,0.0111448266685526,0.7044611022580644,0.3278409263323928,0.0112984247569991,0.7301699380152599,0.3278409263323928,-0.0744880853504736,0.7301699380152599,0.0,-74.18238500330992,40.73053616358863
ssp585,Newark,exceeded_quantity_night_all,exceeded_quantity,night,all,national,national,National,annual_all_days_primary,All calendar-year days; non-heatwave days contribute zero,"1,2,3,4,5,6,7,8,9,10,11,12",2025-2050,28470.0,478.0,0.0042254201267058,0.0,0.0285870862796154,0.0042369371576878,0.0,0.0290186559349297,0.0042369371576878,-0.020544781619554,0.0290186559349297,0.0,-74.18238500330992,40.73053616358863
ssp585,Oakland,cehwi_composite_all,cehwi,composite,all,national,national,National,annual_all_days_primary,All calendar-year days; non-heatwave days contribute zero,"1,2,3,4,5,6,7,8,9,10,11,12",2025-2050,66430.0,42.0,0.0030242257867913,0.000104147719944,0.0057881040786254,0.0031116009005623,0.0001042566041971,0.0061189451969276,0.0031116009005623,0.0001042566041971,0.0061189451969276,0.0,-122.21938649647218,37.78069814132114
ssp585,Oakland,cehwi_day_all,cehwi,day,all,national,national,National,annual_all_days_primary,All calendar-year days; non-heatwave days contribute zero,"1,2,3,4,5,6,7,8,9,10,11,12",2025-2050,66430.0,16035.0,0.4482661807745341,0.0063033870592957,1.025092905797631,0.4564024275664627,0.0063436033973833,1.0644426185559208,0.4564024275664627,-0.1516377634229967,1.0644426185559208,0.0,-122.21938649647218,37.78069814132114
ssp585,Oakland,cehwi_night_all,cehwi,night,all,national,national,National,annual_all_days_primary,All calendar-year days; non-heatwave days contribute zero,"1,2,3,4,5,6,7,8,9,10,11,12",2025-2050,66430.0,0.0,0.0,0.0,0.0,0.0,0.0,0.0,0.0,0.0,0.0,0.0,-122.21938649647218,37.78069814132114
ssp585,Oakland,exceeded_quantity_composite_all,exceeded_quantity,composite,all,national,national,National,annual_all_days_primary,All calendar-year days; non-heatwave days contribute zero,"1,2,3,4,5,6,7,8,9,10,11,12",2025-2050,66430.0,42.0,0.0046647135120439,0.0,0.0098241557681824,0.0048465692516995,0.0,0.0106804128796054,0.0048465692516995,-0.0009872743762063,0.0106804128796054,0.0,-122.21938649647218,37.78069814132114
ssp585,Oakland,exceeded_quantity_day_all,exceeded_quantity,day,all,national,national,National,annual_all_days_primary,All calendar-year days; non-heatwave days contribute zero,"1,2,3,4,5,6,7,8,9,10,11,12",2025-2050,66430.0,16035.0,0.6621917821424292,0.0611262816446228,1.3573174848408192,0.6800725746925605,0.0623110286740119,1.421763442480111,0.6800725746925605,-0.0616182930949895,1.421763442480111,0.0,-122.21938649647218,37.78069814132114
ssp585,Oakland,exceeded_quantity_night_all,exceeded_quantity,night,all,national,national,National,annual_all_days_primary,All calendar-year days; non-heatwave days contribute zero,"1,2,3,4,5,6,7,8,9,10,11,12",2025-2050,66430.0,0.0,0.0,0.0,0.0,0.0,0.0,0.0,0.0,0.0,0.0,0.0,-122.21938649647218,37.78069814132114
ssp585,Oklahoma_City,cehwi_composite_all,cehwi,composite,all,national,national,National,annual_all_days_primary,All calendar-year days; non-heatwave days contribute zero,"1,2,3,4,5,6,7,8,9,10,11,12",2025-2050,275210.0,48960.0,0.7579874044633987,0.0231184378188647,1.4672212725849894,0.783080413110218,0.0231470195661506,1.565269016341216,0.783080413110218,0.0008918098792209,1.565269016341216,0.0,-97.51318175134928,35.47080687822383
ssp585,Oklahoma_City,cehwi_day_all,cehwi,day,all,national,national,National,annual_all_days_primary,All calendar-year days; non-heatwave days contribute zero,"1,2,3,4,5,6,7,8,9,10,11,12",2025-2050,275210.0,29879.0,0.0675749319818568,0.0,0.1691956345444205,0.0680318991963908,0.0,0.1720195860242847,0.0680318991963908,-0.0359557876315047,0.1720195860242847,0.0,-97.51318175134928,35.47080687822383
ssp585,Oklahoma_City,cehwi_night_all,cehwi,night,all,national,national,National,annual_all_days_primary,All calendar-year days; non-heatwave days contribute zero,"1,2,3,4,5,6,7,8,9,10,11,12",2025-2050,275210.0,31778.0,0.0,0.0,0.0434080841908505,0.0,0.0,0.0435621054910091,-0.0364953772995489,-0.1165528600901082,0.0435621054910091,0.0,-97.51318175134928,35.47080687822383
ssp585,Oklahoma_City,exceeded_quantity_composite_all,exceeded_quantity,composite,all,national,national,National,annual_all_days_primary,All calendar-year days; non-heatwave days contribute zero,"1,2,3,4,5,6,7,8,9,10,11,12",2025-2050,275210.0,48960.0,0.6670124384903644,0.0002739905972922,1.494869039836121,0.6849241219046052,0.000275672213059,1.585006630258474,0.6849241219046052,-0.2151583864492626,1.585006630258474,0.0,-97.51318175134928,35.47080687822383
ssp585,Oklahoma_City,exceeded_quantity_day_all,exceeded_quantity,day,all,national,national,National,annual_all_days_primary,All calendar-year days; non-heatwave days contribute zero,"1,2,3,4,5,6,7,8,9,10,11,12",2025-2050,275210.0,29879.0,0.1356661149138537,0.0005078960801238,0.3172187124017614,0.1371859165300726,0.000511688265535,0.3250661510473395,0.1371859165300726,-0.0506943179871938,0.3250661510473395,0.0,-97.51318175134928,35.47080687822383
ssp585,Oklahoma_City,exceeded_quantity_night_all,exceeded_quantity,night,all,national,national,National,annual_all_days_primary,All calendar-year days; non-heatwave days contribute zero,"1,2,3,4,5,6,7,8,9,10,11,12",2025-2050,275210.0,31778.0,0.0257146422784251,0.0,0.1846108861602278,0.025771751223343,0.0,0.1869829688381697,0.025771751223343,-0.1354394663914838,0.1869829688381697,0.0,-97.51318175134928,35.47080687822383
ssp585,Orlando,cehwi_composite_all,cehwi,composite,all,national,national,National,annual_all_days_primary,All calendar-year days; non-heatwave days contribute zero,"1,2,3,4,5,6,7,8,9,10,11,12",2025-2050,123370.0,13805.0,0.1704087502229017,0.0049210779306065,0.3314157828710487,0.1728576500698529,0.0049234234123831,0.3407918767273232,0.1728576500698529,0.0049234234123831,0.3407918767273232,0.0,-81.35232299409775,28.49312681063099
ssp585,Orlando,cehwi_day_all,cehwi,day,all,national,national,National,annual_all_days_primary,All calendar-year days; non-heatwave days contribute zero,"1,2,3,4,5,6,7,8,9,10,11,12",2025-2050,123370.0,25796.0,0.3071622645661515,0.00887487188582,0.6924971561807862,0.3131646002949487,0.0089561451767423,0.7194990719891318,0.3131646002949487,-0.0931698713992363,0.7194990719891318,0.0,-81.35232299409775,28.49312681063099
ssp585,Orlando,cehwi_night_all,cehwi,night,all,national,national,National,annual_all_days_primary,All calendar-year days; non-heatwave days contribute zero,"1,2,3,4,5,6,7,8,9,10,11,12",2025-2050,123370.0,26003.0,0.0,0.0,0.0884876467367637,0.0,0.0,0.0888965078505904,-0.0732391146891056,-0.2353747372288034,0.0888965078505904,0.0,-81.35232299409775,28.49312681063099
ssp585,Orlando,exceeded_quantity_composite_all,exceeded_quantity,composite,all,national,national,National,annual_all_days_primary,All calendar-year days; non-heatwave days contribute zero,"1,2,3,4,5,6,7,8,9,10,11,12",2025-2050,123370.0,13805.0,0.1826303371745235,0.0,0.4358217106496353,0.1846620927303417,0.0,0.4474370492413241,0.1846620927303417,-0.0781128637806403,0.4474370492413241,0.0,-81.35232299409775,28.49312681063099
ssp585,Orlando,exceeded_quantity_day_all,exceeded_quantity,day,all,national,national,National,annual_all_days_primary,All calendar-year days; non-heatwave days contribute zero,"1,2,3,4,5,6,7,8,9,10,11,12",2025-2050,123370.0,25796.0,0.2800730776903725,0.001213130686617,0.6513479583398674,0.2833793259128658,0.0012211270884045,0.6682232579415924,0.2833793259128658,-0.1014646061158599,0.6682232579415924,0.0,-81.35232299409775,28.49312681063099
ssp585,Orlando,exceeded_quantity_night_all,exceeded_quantity,night,all,national,national,National,annual_all_days_primary,All calendar-year days; non-heatwave days contribute zero,"1,2,3,4,5,6,7,8,9,10,11,12",2025-2050,123370.0,26003.0,0.0383779848634666,0.0,0.2864717364189028,0.038446014661946,0.0,0.2896770419340759,0.038446014661946,-0.2127850126101839,0.2896770419340759,0.0,-81.35232299409775,28.49312681063099
ssp585,Overland_Park,cehwi_composite_all,cehwi,composite,all,national,national,National,annual_all_days_primary,All calendar-year days; non-heatwave days contribute zero,"1,2,3,4,5,6,7,8,9,10,11,12",2025-2050,56940.0,9229.0,0.6388589581191306,0.0185815922734136,1.249869541404002,0.6587476384906495,0.0186026902675249,1.3296740906907132,0.6587476384906495,-0.0121788137094132,1.3296740906907132,0.0,-94.6819397869174,38.90919757348814
ssp585,Overland_Park,cehwi_day_all,cehwi,day,all,national,national,National,annual_all_days_primary,All calendar-year days; non-heatwave days contribute zero,"1,2,3,4,5,6,7,8,9,10,11,12",2025-2050,56940.0,7550.0,0.0893355887850422,0.0,0.2234697287471602,0.0899599304570154,0.0,0.2273237704101792,0.0899599304570154,-0.0474039094961505,0.2273237704101792,0.0,-94.6819397869174,38.90919757348814
ssp585,Overland_Park,cehwi_night_all,cehwi,night,all,national,national,National,annual_all_days_primary,All calendar-year days; non-heatwave days contribute zero,"1,2,3,4,5,6,7,8,9,10,11,12",2025-2050,56940.0,5778.0,0.0,0.0,0.036027362997165,0.0,0.0,0.0361520715695703,-0.0302770033785,-0.0967060783265713,0.0361520715695703,0.0,-94.6819397869174,38.90919757348814
ssp585,Overland_Park,exceeded_quantity_composite_all,exceeded_quantity,composite,all,national,national,National,annual_all_days_primary,All calendar-year days; non-heatwave days contribute zero,"1,2,3,4,5,6,7,8,9,10,11,12",2025-2050,56940.0,9229.0,0.5907499783219552,5.210783408423884e-05,1.3314366581271526,0.6057552242076134,5.237471516497173e-05,1.408046799584572,0.6057552242076134,-0.1965363511693442,1.408046799584572,0.0,-94.6819397869174,38.90919757348814
ssp585,Overland_Park,exceeded_quantity_day_all,exceeded_quantity,day,all,national,national,National,annual_all_days_primary,All calendar-year days; non-heatwave days contribute zero,"1,2,3,4,5,6,7,8,9,10,11,12",2025-2050,56940.0,7550.0,0.1607239391890582,0.0005906708437087,0.379198832265122,0.1623794518703813,0.000600272610367,0.3878879417411182,0.1623794518703813,-0.0631290380003551,0.3878879417411182,0.0,-94.6819397869174,38.90919757348814
ssp585,Overland_Park,exceeded_quantity_night_all,exceeded_quantity,night,all,national,national,National,annual_all_days_primary,All calendar-year days; non-heatwave days contribute zero,"1,2,3,4,5,6,7,8,9,10,11,12",2025-2050,56940.0,5778.0,0.022372839365941,0.0,0.1652495598089899,0.0224145432113044,0.0,0.167248347707979,0.0224145432113044,-0.1224192612853703,0.167248347707979,0.0,-94.6819397869174,38.90919757348814
ssp585,Palm_Bay,cehwi_composite_all,cehwi,composite,all,national,national,National,annual_all_days_primary,All calendar-year days; non-heatwave days contribute zero,"1,2,3,4,5,6,7,8,9,10,11,12",2025-2050,56940.0,4633.0,0.0954941556093036,0.0026469085024849,0.1864369410557785,0.0965241250001862,0.0026477602963125,0.1904004897040603,0.0965241250001862,0.0026477602963125,0.1904004897040603,0.0,-80.66822135465287,27.98177179128451
ssp585,Palm_Bay,cehwi_day_all,cehwi,day,all,national,national,National,annual_all_days_primary,All calendar-year days; non-heatwave days contribute zero,"1,2,3,4,5,6,7,8,9,10,11,12",2025-2050,56940.0,13469.0,0.3393233804588131,0.0085283313869638,0.7722739922498469,0.3456307825101557,0.0086039124175947,0.8013944898438553,0.3456307825101557,-0.1101329248235462,0.8013944898438553,0.0,-80.66822135465287,27.98177179128451
ssp585,Palm_Bay,cehwi_night_all,cehwi,night,all,national,national,National,annual_all_days_primary,All calendar-year days; non-heatwave days contribute zero,"1,2,3,4,5,6,7,8,9,10,11,12",2025-2050,56940.0,11819.0,0.0,0.0,0.0784543895676469,0.0,0.0,0.0787978007446462,-0.0651747975952157,-0.2091473959350795,0.0787978007446462,0.0,-80.66822135465287,27.98177179128451
ssp585,Palm_Bay,exceeded_quantity_composite_all,exceeded_quantity,composite,all,national,national,National,annual_all_days_primary,All calendar-year days; non-heatwave days contribute zero,"1,2,3,4,5,6,7,8,9,10,11,12",2025-2050,56940.0,4633.0,0.1111773142432978,0.0,0.267283114898553,0.1121766804840084,0.0,0.2730982976408133,0.1121766804840084,-0.048744936672796,0.2730982976408133,0.0,-80.66822135465287,27.98177179128451
ssp585,Palm_Bay,exceeded_quantity_day_all,exceeded_quantity,day,all,national,national,National,annual_all_days_primary,All calendar-year days; non-heatwave days contribute zero,"1,2,3,4,5,6,7,8,9,10,11,12",2025-2050,56940.0,13469.0,0.3164413462054929,0.0018738697546053,0.7323446042170488,0.320335420728092,0.0018864560620403,0.7518850847233883,0.320335420728092,-0.1112142432672036,0.7518850847233883,0.0,-80.66822135465287,27.98177179128451
ssp585,Palm_Bay,exceeded_quantity_night_all,exceeded_quantity,night,all,national,national,National,annual_all_days_primary,All calendar-year days; non-heatwave days contribute zero,"1,2,3,4,5,6,7,8,9,10,11,12",2025-2050,56940.0,11819.0,0.0332471583577607,0.0,0.2533305940478531,0.033299111196021,0.0,0.2558954125979856,0.033299111196021,-0.1892971902059436,0.2558954125979856,0.0,-80.66822135465287,27.98177179128451
ssp585,Philadelphia,cehwi_composite_all,cehwi,composite,all,national,national,National,annual_all_days_primary,All calendar-year days; non-heatwave days contribute zero,"1,2,3,4,5,6,7,8,9,10,11,12",2025-2050,151840.0,10312.0,0.2075466694272149,0.0065920056922161,0.3996111185161853,0.2125033138816127,0.0065976987355611,0.4184374211209929,0.2125033138816127,0.0065692066422327,0.4184374211209929,0.0,-75.13796788679207,40.013611438447285
ssp585,Philadelphia,cehwi_day_all,cehwi,day,all,national,national,National,annual_all_days_primary,All calendar-year days; non-heatwave days contribute zero,"1,2,3,4,5,6,7,8,9,10,11,12",2025-2050,151840.0,23510.0,0.1444375281160107,0.0001417518041023,0.3561195448206272,0.1457631451232493,0.0001421186778982,0.3638560536104655,0.1457631451232493,-0.0723297633639688,0.3638560536104655,0.0,-75.13796788679207,40.013611438447285
ssp585,Philadelphia,cehwi_night_all,cehwi,night,all,national,national,National,annual_all_days_primary,All calendar-year days; non-heatwave days contribute zero,"1,2,3,4,5,6,7,8,9,10,11,12",2025-2050,151840.0,5953.0,0.0,0.0,0.0138473483115828,0.0,0.0,0.013898604118204,-0.0116003185907039,-0.0370992412996124,0.013898604118204,0.0,-75.13796788679207,40.013611438447285
ssp585,Philadelphia,exceeded_quantity_composite_all,exceeded_quantity,composite,all,national,national,National,annual_all_days_primary,All calendar-year days; non-heatwave days contribute zero,"1,2,3,4,5,6,7,8,9,10,11,12",2025-2050,151840.0,10312.0,0.2430142404609266,1.8649169165567703e-05,0.5532669315542814,0.248616174315477,1.8729077076837463e-05,0.582428353513851,0.248616174315477,-0.0851960048828966,0.582428353513851,0.0,-75.13796788679207,40.013611438447285
ssp585,Philadelphia,exceeded_quantity_day_all,exceeded_quantity,day,all,national,national,National,annual_all_days_primary,All calendar-year days; non-heatwave days contribute zero,"1,2,3,4,5,6,7,8,9,10,11,12",2025-2050,151840.0,23510.0,0.2573453972090994,0.0034294741656978,0.5824411034913245,0.2611668425921071,0.0034724034534922,0.600387998796144,0.2611668425921071,-0.0780543136119294,0.600387998796144,0.0,-75.13796788679207,40.013611438447285
ssp585,Philadelphia,exceeded_quantity_night_all,exceeded_quantity,night,all,national,national,National,annual_all_days_primary,All calendar-year days; non-heatwave days contribute zero,"1,2,3,4,5,6,7,8,9,10,11,12",2025-2050,151840.0,5953.0,0.0092823547553019,0.0,0.0653856452664362,0.0093047924723131,0.0,0.0662744458693035,0.0093047924723131,-0.0476648609246772,0.0662744458693035,0.0,-75.13796788679207,40.013611438447285
ssp585,Phoenix,cehwi_composite_all,cehwi,composite,all,national,national,National,annual_all_days_primary,All calendar-year days; non-heatwave days contribute zero,"1,2,3,4,5,6,7,8,9,10,11,12",2025-2050,294190.0,36024.0,0.3771478198478324,0.0120347950632926,0.7253362505836771,0.3871823363385016,0.0120467243245242,0.7635567500169513,0.3871823363385016,0.0108079226600523,0.7635567500169513,0.0,-112.08811946862154,33.55574616532266
ssp585,Phoenix,cehwi_day_all,cehwi,day,all,national,national,National,annual_all_days_primary,All calendar-year days; non-heatwave days contribute zero,"1,2,3,4,5,6,7,8,9,10,11,12",2025-2050,294190.0,52620.0,0.2211420137981714,0.0039035172976929,0.5149630000858629,0.2246438650556245,0.0039299642865905,0.5318331624698645,0.2246438650556245,-0.0825454323586175,0.5318331624698645,0.0,-112.08811946862154,33.55574616532266
ssp585,Phoenix,cehwi_night_all,cehwi,night,all,national,national,National,annual_all_days_primary,All calendar-year days; non-heatwave days contribute zero,"1,2,3,4,5,6,7,8,9,10,11,12",2025-2050,294190.0,38242.0,0.0,0.0,0.0917637894895142,0.0,0.0,0.0924391837255214,-0.0724552899358724,-0.2373497635972672,0.0924391837255214,0.0,-112.08811946862154,33.55574616532266
ssp585,Phoenix,exceeded_quantity_composite_all,exceeded_quantity,composite,all,national,national,National,annual_all_days_primary,All calendar-year days; non-heatwave days contribute zero,"1,2,3,4,5,6,7,8,9,10,11,12",2025-2050,294190.0,36024.0,0.3807637126807078,0.0,0.8711892086703545,0.3890417069878894,0.0,0.9144930983707672,0.3890417069878894,-0.1364096843949878,0.9144930983707672,0.0,-112.08811946862154,33.55574616532266
ssp585,Phoenix,exceeded_quantity_day_all,exceeded_quantity,day,all,national,national,National,annual_all_days_primary,All calendar-year days; non-heatwave days contribute zero,"1,2,3,4,5,6,7,8,9,10,11,12",2025-2050,294190.0,52620.0,0.2971066910415121,0.010964481885013,0.660400212196172,0.3022708690426676,0.0111567404050594,0.682405819292745,0.3022708690426676,-0.0778640812074094,0.682405819292745,0.0,-112.08811946862154,33.55574616532266
ssp585,Phoenix,exceeded_quantity_night_all,exceeded_quantity,night,all,national,national,National,annual_all_days_primary,All calendar-year days; non-heatwave days contribute zero,"1,2,3,4,5,6,7,8,9,10,11,12",2025-2050,294190.0,38242.0,0.0494052626217054,0.0,0.3034525565263137,0.0496186159045531,0.0,0.3089995470595914,0.0496186159045531,-0.2097623152504854,0.3089995470595914,0.0,-112.08811946862154,33.55574616532266
ssp585,Pittsburgh,cehwi_composite_all,cehwi,composite,all,national,national,National,annual_all_days_primary,All calendar-year days; non-heatwave days contribute zero,"1,2,3,4,5,6,7,8,9,10,11,12",2025-2050,75920.0,348.0,0.014435375806411,0.0004519935770052,0.0278555037878195,0.0147468590415983,0.0004523376393993,0.0290413804437972,0.0147468590415983,0.0004523376393993,0.0290413804437972,0.0,-79.96079806840875,40.42519922162034
ssp585,Pittsburgh,cehwi_day_all,cehwi,day,all,national,national,National,annual_all_days_primary,All calendar-year days; non-heatwave days contribute zero,"1,2,3,4,5,6,7,8,9,10,11,12",2025-2050,75920.0,16120.0,0.4027259600423355,0.0065959812122661,0.9188600380863504,0.4101402072669769,0.0066401010442299,0.95433161963654,0.4101402072669769,-0.1340512051025872,0.95433161963654,0.0,-79.96079806840875,40.42519922162034
ssp585,Pittsburgh,cehwi_night_all,cehwi,night,all,national,national,National,annual_all_days_primary,All calendar-year days; non-heatwave days contribute zero,"1,2,3,4,5,6,7,8,9,10,11,12",2025-2050,75920.0,24.0,0.0,0.0,2.06700192112201e-05,0.0,0.0,2.0681301318272397e-05,-1.7613459157743018e-05,-5.5908219633760005e-05,2.0681301318272397e-05,0.0,-79.96079806840875,40.42519922162034
ssp585,Pittsburgh,exceeded_quantity_composite_all,exceeded_quantity,composite,all,national,national,National,annual_all_days_primary,All calendar-year days; non-heatwave days contribute zero,"1,2,3,4,5,6,7,8,9,10,11,12",2025-2050,75920.0,348.0,0.0217830239001327,0.0,0.0487056885815664,0.0223750866466496,0.0,0.0517493187871818,0.0223750866466496,-0.0069991454938824,0.0517493187871818,0.0,-79.96079806840875,40.42519922162034
ssp585,Pittsburgh,exceeded_quantity_day_all,exceeded_quantity,day,all,national,national,National,annual_all_days_primary,All calendar-year days; non-heatwave days contribute zero,"1,2,3,4,5,6,7,8,9,10,11,12",2025-2050,75920.0,16120.0,0.5657244201543934,0.0401622142660682,1.1844213343903884,0.5793225089208139,0.0408308018177736,1.2365139634105298,0.5793225089208139,-0.0778689455689014,1.2365139634105298,0.0,-79.96079806840875,40.42519922162034
ssp585,Pittsburgh,exceeded_quantity_night_all,exceeded_quantity,night,all,national,national,National,annual_all_days_primary,All calendar-year days; non-heatwave days contribute zero,"1,2,3,4,5,6,7,8,9,10,11,12",2025-2050,75920.0,24.0,3.118852894908482e-05,0.0,0.0002551489170379,3.121457509731362e-05,0.0,0.0002568790112891,3.121457509731362e-05,-0.0001944498610944,0.0002568790112891,0.0,-79.96079806840875,40.42519922162034
ssp585,Portland,cehwi_composite_all,cehwi,composite,all,national,national,National,annual_all_days_primary,All calendar-year days; non-heatwave days contribute zero,"1,2,3,4,5,6,7,8,9,10,11,12",2025-2050,142350.0,186.0,0.0077533735427265,0.0002901484583975,0.0147206844633389,0.0080352461104473,0.0002905613643818,0.0157799308565127,0.0080352461104473,0.0002905613643818,0.0157799308565127,0.0,-122.6375114287169,45.5383261809014
ssp585,Portland,cehwi_day_all,cehwi,day,all,national,national,National,annual_all_days_primary,All calendar-year days; non-heatwave days contribute zero,"1,2,3,4,5,6,7,8,9,10,11,12",2025-2050,142350.0,29168.0,0.5039498102135932,0.0192939469926416,1.1009820317822765,0.5156174162805278,0.0194596672483989,1.1517896607753266,0.5156174162805278,-0.1205548282142713,1.1517896607753266,0.0,-122.6375114287169,45.5383261809014
ssp585,Portland,cehwi_night_all,cehwi,night,all,national,national,National,annual_all_days_primary,All calendar-year days; non-heatwave days contribute zero,"1,2,3,4,5,6,7,8,9,10,11,12",2025-2050,142350.0,0.0,0.0,0.0,0.0,0.0,0.0,0.0,0.0,0.0,0.0,0.0,-122.6375114287169,45.5383261809014
ssp585,Portland,exceeded_quantity_composite_all,exceeded_quantity,composite,all,national,national,National,annual_all_days_primary,All calendar-year days; non-heatwave days contribute zero,"1,2,3,4,5,6,7,8,9,10,11,12",2025-2050,142350.0,186.0,0.0107141293154618,0.0,0.0224910393137163,0.0111917488096714,0.0,0.0247445222669152,0.0111917488096714,-0.0023610246475724,0.0247445222669152,0.0,-122.6375114287169,45.5383261809014
ssp585,Portland,exceeded_quantity_day_all,exceeded_quantity,day,all,national,national,National,annual_all_days_primary,All calendar-year days; non-heatwave days contribute zero,"1,2,3,4,5,6,7,8,9,10,11,12",2025-2050,142350.0,29168.0,0.7778413141037646,0.1206169666478044,1.4971584244837408,0.8063358748960885,0.1233692385658581,1.5908919684474565,0.8063358748960885,0.0217797813447209,1.5908919684474565,0.0,-122.6375114287169,45.5383261809014
ssp585,Portland,exceeded_quantity_night_all,exceeded_quantity,night,all,national,national,National,annual_all_days_primary,All calendar-year days; non-heatwave days contribute zero,"1,2,3,4,5,6,7,8,9,10,11,12",2025-2050,142350.0,0.0,0.0,0.0,0.0,0.0,0.0,0.0,0.0,0.0,0.0,0.0,-122.6375114287169,45.5383261809014
ssp585,Raleigh,cehwi_composite_all,cehwi,composite,all,national,national,National,annual_all_days_primary,All calendar-year days; non-heatwave days contribute zero,"1,2,3,4,5,6,7,8,9,10,11,12",2025-2050,142350.0,19413.0,0.4242752218647384,0.0134464280549557,0.8175181178526297,0.4352765123119037,0.0134592812012411,0.8596147027562516,0.4352765123119037,0.0109383218675563,0.8596147027562516,0.0,-78.64401758110355,35.85488907837101
ssp585,Raleigh,cehwi_day_all,cehwi,day,all,national,national,National,annual_all_days_primary,All calendar-year days; non-heatwave days contribute zero,"1,2,3,4,5,6,7,8,9,10,11,12",2025-2050,142350.0,16000.0,0.0906076510151408,0.0001371802740899,0.2230151273729448,0.0914376658436526,0.0001376675512495,0.2277773129866646,0.0914376658436526,-0.044901981299361,0.2277773129866646,0.0,-78.64401758110355,35.85488907837101
ssp585,Raleigh,cehwi_night_all,cehwi,night,all,national,national,National,annual_all_days_primary,All calendar-year days; non-heatwave days contribute zero,"1,2,3,4,5,6,7,8,9,10,11,12",2025-2050,142350.0,17510.0,0.0,0.0,0.0629852749168689,0.0,0.0,0.0633793177420655,-0.0505732052354047,-0.1645257282128761,0.0633793177420655,0.0,-78.64401758110355,35.85488907837101
ssp585,Raleigh,exceeded_quantity_composite_all,exceeded_quantity,composite,all,national,national,National,annual_all_days_primary,All calendar-year days; non-heatwave days contribute zero,"1,2,3,4,5,6,7,8,9,10,11,12",2025-2050,142350.0,19413.0,0.4189074797594469,0.0,0.9604721175267918,0.4277409323633565,0.0,1.0069412895080747,0.4277409323633565,-0.151459424781361,1.0069412895080747,0.0,-78.64401758110355,35.85488907837101
ssp585,Raleigh,exceeded_quantity_day_all,exceeded_quantity,day,all,national,national,National,annual_all_days_primary,All calendar-year days; non-heatwave days contribute zero,"1,2,3,4,5,6,7,8,9,10,11,12",2025-2050,142350.0,16000.0,0.1592236814617046,0.0012759600848612,0.3692408982613986,0.1611646876081997,0.0012864896832202,0.3789590064383555,0.1611646876081997,-0.0566296312219557,0.3789590064383555,0.0,-78.64401758110355,35.85488907837101
ssp585,Raleigh,exceeded_quantity_night_all,exceeded_quantity,night,all,national,national,National,annual_all_days_primary,All calendar-year days; non-heatwave days contribute zero,"1,2,3,4,5,6,7,8,9,10,11,12",2025-2050,142350.0,17510.0,0.0348115280349755,0.0,0.2314842231680387,0.0349216836910712,0.0,0.235079435692923,0.0349216836910712,-0.1652360683107808,0.235079435692923,0.0,-78.64401758110355,35.85488907837101
ssp585,Richmond,cehwi_composite_all,cehwi,composite,all,national,national,National,annual_all_days_primary,All calendar-year days; non-heatwave days contribute zero,"1,2,3,4,5,6,7,8,9,10,11,12",2025-2050,75920.0,8750.0,0.3377169516021142,0.0106561411354217,0.651417322358193,0.3458882849562098,0.0106656356935166,0.6826804166396409,0.3458882849562098,0.0090961532727792,0.6826804166396409,0.0,-77.47920209602857,37.55445905057112
ssp585,Richmond,cehwi_day_all,cehwi,day,all,national,national,National,annual_all_days_primary,All calendar-year days; non-heatwave days contribute zero,"1,2,3,4,5,6,7,8,9,10,11,12",2025-2050,75920.0,9275.0,0.0963969601219024,0.0,0.2386430032337055,0.0972172908296842,0.0,0.243514297637061,0.0972172908296842,-0.0490797159776945,0.243514297637061,0.0,-77.47920209602857,37.55445905057112
ssp585,Richmond,cehwi_night_all,cehwi,night,all,national,national,National,annual_all_days_primary,All calendar-year days; non-heatwave days contribute zero,"1,2,3,4,5,6,7,8,9,10,11,12",2025-2050,75920.0,6590.0,0.0,0.0,0.0339249354573825,0.0,0.0,0.0340791117261196,-0.0281116291004945,-0.0903023699271095,0.0340791117261196,0.0,-77.47920209602857,37.55445905057112
ssp585,Richmond,exceeded_quantity_composite_all,exceeded_quantity,composite,all,national,national,National,annual_all_days_primary,All calendar-year days; non-heatwave days contribute zero,"1,2,3,4,5,6,7,8,9,10,11,12",2025-2050,75920.0,8750.0,0.3584864141016201,0.0,0.8222975884448195,0.36602724949391,0.0,0.8620440956838883,0.36602724949391,-0.1299895966960676,0.8620440956838883,0.0,-77.47920209602857,37.55445905057112
ssp585,Richmond,exceeded_quantity_day_all,exceeded_quantity,day,all,national,national,National,annual_all_days_primary,All calendar-year days; non-heatwave days contribute zero,"1,2,3,4,5,6,7,8,9,10,11,12",2025-2050,75920.0,9275.0,0.1775621056756094,0.0012382174128738,0.410288002896742,0.1797859221700519,0.0012455131789176,0.4214249787896592,0.1797859221700519,-0.0618531344495549,0.4214249787896592,0.0,-77.47920209602857,37.55445905057112
ssp585,Richmond,exceeded_quantity_night_all,exceeded_quantity,night,all,national,national,National,annual_all_days_primary,All calendar-year days; non-heatwave days contribute zero,"1,2,3,4,5,6,7,8,9,10,11,12",2025-2050,75920.0,6590.0,0.0205478298357066,0.0,0.1431757976444488,0.0206030978943902,0.0,0.1451438833797079,0.0206030978943902,-0.1039376875909276,0.1451438833797079,0.0,-77.47920209602857,37.55445905057112
ssp585,Riverside,cehwi_composite_all,cehwi,composite,all,national,national,National,annual_all_days_primary,All calendar-year days; non-heatwave days contribute zero,"1,2,3,4,5,6,7,8,9,10,11,12",2025-2050,56940.0,1770.0,0.0909121268846517,0.0027760858830867,0.1755971177988473,0.0928336377597333,0.0027780776064498,0.1829278950501941,0.0928336377597333,0.0027393804692726,0.1829278950501941,0.0,-117.40931647514132,33.946920765734085
ssp585,Riverside,cehwi_day_all,cehwi,day,all,national,national,National,annual_all_days_primary,All calendar-year days; non-heatwave days contribute zero,"1,2,3,4,5,6,7,8,9,10,11,12",2025-2050,56940.0,12278.0,0.3605702009283318,0.002882073809347,0.8326249894556108,0.3666915045606583,0.0028962280963222,0.8630012220769724,0.3666915045606583,-0.1296182129556572,0.8630012220769724,0.0,-117.40931647514132,33.946920765734085
ssp585,Riverside,cehwi_night_all,cehwi,night,all,national,national,National,annual_all_days_primary,All calendar-year days; non-heatwave days contribute zero,"1,2,3,4,5,6,7,8,9,10,11,12",2025-2050,56940.0,428.0,0.0,0.0,0.0021289630711763,0.0,0.0,0.0021353592720949,-0.0017974486407476,-0.0057302565535903,0.0021353592720949,0.0,-117.40931647514132,33.946920765734085
ssp585,Riverside,exceeded_quantity_composite_all,exceeded_quantity,composite,all,national,national,National,annual_all_days_primary,All calendar-year days; non-heatwave days contribute zero,"1,2,3,4,5,6,7,8,9,10,11,12",2025-2050,56940.0,1770.0,0.1254725297350401,0.0,0.2847907079845223,0.1284515266651132,0.0,0.3004232878160656,0.1284515266651132,-0.043520234485839,0.3004232878160656,0.0,-117.40931647514132,33.946920765734085
ssp585,Riverside,exceeded_quantity_day_all,exceeded_quantity,day,all,national,national,National,annual_all_days_primary,All calendar-year days; non-heatwave days contribute zero,"1,2,3,4,5,6,7,8,9,10,11,12",2025-2050,56940.0,12278.0,0.4849280197432301,0.0335264111195844,1.026509392502006,0.4960199649277956,0.0340764094175797,1.0691400504426942,0.4960199649277956,-0.0771001205871023,1.0691400504426942,0.0,-117.40931647514132,33.946920765734085
ssp585,Riverside,exceeded_quantity_night_all,exceeded_quantity,night,all,national,national,National,annual_all_days_primary,All calendar-year days; non-heatwave days contribute zero,"1,2,3,4,5,6,7,8,9,10,11,12",2025-2050,56940.0,428.0,0.0010751061176493,0.0,0.0084624202762572,0.0010764070249694,0.0,0.0085384361770072,0.0010764070249694,-0.0063856221270683,0.0085384361770072,0.0,-117.40931647514132,33.946920765734085
ssp585,Sacramento,cehwi_composite_all,cehwi,composite,all,national,national,National,annual_all_days_primary,All calendar-year days; non-heatwave days contribute zero,"1,2,3,4,5,6,7,8,9,10,11,12",2025-2050,123370.0,1274.0,0.0396464557597067,0.0013068033540645,0.0761780461348672,0.0406533700763149,0.0013080096964056,0.0799987304562243,0.0406533700763149,0.0013080096964056,0.0799987304562243,0.0,-121.45173525367916,38.544754056929705
ssp585,Sacramento,cehwi_day_all,cehwi,day,all,national,national,National,annual_all_days_primary,All calendar-year days; non-heatwave days contribute zero,"1,2,3,4,5,6,7,8,9,10,11,12",2025-2050,123370.0,28960.0,0.4445289381113262,0.0086284933421525,1.0064048076652077,0.4530198252128274,0.0086838215085156,1.0463196502914318,0.4530198252128274,-0.1402799998657782,1.0463196502914318,0.0,-121.45173525367916,38.544754056929705
ssp585,Sacramento,cehwi_night_all,cehwi,night,all,national,national,National,annual_all_days_primary,All calendar-year days; non-heatwave days contribute zero,"1,2,3,4,5,6,7,8,9,10,11,12",2025-2050,123370.0,94.0,0.0,0.0,0.0001542881979274,0.0,0.0,0.0001545447483415,-0.0001312728966739,-0.0004170905416893,0.0001545447483415,0.0,-121.45173525367916,38.544754056929705
ssp585,Sacramento,exceeded_quantity_composite_all,exceeded_quantity,composite,all,national,national,National,annual_all_days_primary,All calendar-year days; non-heatwave days contribute zero,"1,2,3,4,5,6,7,8,9,10,11,12",2025-2050,123370.0,1274.0,0.056003324261604,2.9769466850716786e-05,0.1231613700430426,0.0577141250858646,3.000357056847005e-05,0.1317135600998605,0.0577141250858646,-0.0162853099281311,0.1317135600998605,0.0,-121.45173525367916,38.544754056929705
ssp585,Sacramento,exceeded_quantity_day_all,exceeded_quantity,day,all,national,national,National,annual_all_days_primary,All calendar-year days; non-heatwave days contribute zero,"1,2,3,4,5,6,7,8,9,10,11,12",2025-2050,123370.0,28960.0,0.6073936185242604,0.0547173722150338,1.251858738213658,0.6236360192533068,0.0557857006792706,1.3107060180718284,0.6236360192533068,-0.063433979565214,1.3107060180718284,0.0,-121.45173525367916,38.544754056929705
ssp585,Sacramento,exceeded_quantity_night_all,exceeded_quantity,night,all,national,national,National,annual_all_days_primary,All calendar-year days; non-heatwave days contribute zero,"1,2,3,4,5,6,7,8,9,10,11,12",2025-2050,123370.0,94.0,0.0001525624421031,0.0,0.0011248256395295,0.0001528390292818,0.0,0.0011388434196246,0.0001528390292818,-0.0008331653610609,0.0011388434196246,0.0,-121.45173525367916,38.544754056929705
ssp585,Salt_Lake_City,cehwi_composite_all,cehwi,composite,all,national,national,National,annual_all_days_primary,All calendar-year days; non-heatwave days contribute zero,"1,2,3,4,5,6,7,8,9,10,11,12",2025-2050,94900.0,680.0,0.0169360674909131,0.0004871944533199,0.0329022928212357,0.0171985325676323,0.0004874233705009,0.0339096417647637,0.0171985325676323,0.0004874233705009,0.0339096417647637,0.0,-111.9385763948534,40.78496540128546
ssp585,Salt_Lake_City,cehwi_day_all,cehwi,day,all,national,national,National,annual_all_days_primary,All calendar-year days; non-heatwave days contribute zero,"1,2,3,4,5,6,7,8,9,10,11,12",2025-2050,94900.0,19249.0,0.6379955193470924,0.0376209290764429,1.3312625724720708,0.6561339345058541,0.0379420458845699,1.4058992491021935,0.6561339345058541,-0.0936313800904861,1.4058992491021935,0.0,-111.9385763948534,40.78496540128546
ssp585,Salt_Lake_City,cehwi_night_all,cehwi,night,all,national,national,National,annual_all_days_primary,All calendar-year days; non-heatwave days contribute zero,"1,2,3,4,5,6,7,8,9,10,11,12",2025-2050,94900.0,54.0,0.0,0.0,4.883369205026785e-05,0.0,0.0,4.886719487963646e-05,-4.161133347254952e-05,-0.0001320898618247,4.886719487963646e-05,0.0,-111.9385763948534,40.78496540128546
ssp585,Salt_Lake_City,exceeded_quantity_composite_all,exceeded_quantity,composite,all,national,national,National,annual_all_days_primary,All calendar-year days; non-heatwave days contribute zero,"1,2,3,4,5,6,7,8,9,10,11,12",2025-2050,94900.0,680.0,0.024617467098324,0.0,0.0570526484604528,0.0250877879167779,0.0,0.0596291430002351,0.0250877879167779,-0.0094535671666792,0.0596291430002351,0.0,-111.9385763948534,40.78496540128546
ssp585,Salt_Lake_City,exceeded_quantity_day_all,exceeded_quantity,day,all,national,national,National,annual_all_days_primary,All calendar-year days; non-heatwave days contribute zero,"1,2,3,4,5,6,7,8,9,10,11,12",2025-2050,94900.0,19249.0,0.5743329674296892,0.0491010025783952,1.1756809547231424,0.5894666172890729,0.0498979418053023,1.2314203763679918,0.5894666172890729,-0.0524871417898458,1.2314203763679918,0.0,-111.9385763948534,40.78496540128546
ssp585,Salt_Lake_City,exceeded_quantity_night_all,exceeded_quantity,night,all,national,national,National,annual_all_days_primary,All calendar-year days; non-heatwave days contribute zero,"1,2,3,4,5,6,7,8,9,10,11,12",2025-2050,94900.0,54.0,6.078853065223067e-05,0.0,0.0004877927343167,6.0849369757298726e-05,0.0,0.0004915013263986,6.0849369757298726e-05,-0.000369802586884,0.0004915013263986,0.0,-111.9385763948534,40.78496540128546
ssp585,San_Antonio,cehwi_composite_all,cehwi,composite,all,national,national,National,annual_all_days_primary,All calendar-year days; non-heatwave days contribute zero,"1,2,3,4,5,6,7,8,9,10,11,12",2025-2050,256230.0,51508.0,0.7069126032850165,0.0228985856587946,1.3605172804687986,0.7276150083299531,0.0229239800043352,1.439908788980426,0.7276150083299531,0.0153212276794807,1.439908788980426,0.0,-98.51142457218248,29.452259837949214
ssp585,San_Antonio,cehwi_day_all,cehwi,day,all,national,national,National,annual_all_days_primary,All calendar-year days; non-heatwave days contribute zero,"1,2,3,4,5,6,7,8,9,10,11,12",2025-2050,256230.0,39630.0,0.1295153075394406,0.0001330615405015,0.3188589812019331,0.1307289430918413,0.0001338092112885,0.325937264586239,0.1307289430918413,-0.0644793784025586,0.325937264586239,0.0,-98.51142457218248,29.452259837949214
ssp585,San_Antonio,cehwi_night_all,cehwi,night,all,national,national,National,annual_all_days_primary,All calendar-year days; non-heatwave days contribute zero,"1,2,3,4,5,6,7,8,9,10,11,12",2025-2050,256230.0,58473.0,0.0,0.0,0.1281232757636161,0.0,0.0,0.1288658052643952,-0.1042613278396616,-0.3373884609437202,0.1288658052643952,0.0,-98.51142457218248,29.452259837949214
ssp585,San_Antonio,exceeded_quantity_composite_all,exceeded_quantity,composite,all,national,national,National,annual_all_days_primary,All calendar-year days; non-heatwave days contribute zero,"1,2,3,4,5,6,7,8,9,10,11,12",2025-2050,256230.0,51508.0,0.5410828672769661,0.0,1.2549763651154393,0.551026534221709,0.0,1.3085221964605132,0.551026534221709,-0.2064691280170942,1.3085221964605132,0.0,-98.51142457218248,29.452259837949214
ssp585,San_Antonio,exceeded_quantity_day_all,exceeded_quantity,day,all,national,national,National,annual_all_days_primary,All calendar-year days; non-heatwave days contribute zero,"1,2,3,4,5,6,7,8,9,10,11,12",2025-2050,256230.0,39630.0,0.1863041072841983,0.0003250189590924,0.4393981503252088,0.1882091913312985,0.0003265610541451,0.4494587659727154,0.1882091913312985,-0.0730403833101181,0.4494587659727154,0.0,-98.51142457218248,29.452259837949214
ssp585,San_Antonio,exceeded_quantity_night_all,exceeded_quantity,night,all,national,national,National,annual_all_days_primary,All calendar-year days; non-heatwave days contribute zero,"1,2,3,4,5,6,7,8,9,10,11,12",2025-2050,256230.0,58473.0,0.0628665195805822,0.0,0.4278279982463741,0.063049235664222,0.0,0.4341590373015043,0.063049235664222,-0.3080605659730606,0.4341590373015043,0.0,-98.51142457218248,29.452259837949214
ssp585,San_Bernardino,cehwi_composite_all,cehwi,composite,all,national,national,National,annual_all_days_primary,All calendar-year days; non-heatwave days contribute zero,"1,2,3,4,5,6,7,8,9,10,11,12",2025-2050,66430.0,2176.0,0.0920937647629467,0.0028005856542419,0.1779814113792227,0.0939771944449006,0.0028025144878003,0.1851676144070752,0.0939771944449006,0.0027867744827261,0.1851676144070752,0.0,-117.2938187957545,34.14362438315135
ssp585,San_Bernardino,cehwi_day_all,cehwi,day,all,national,national,National,annual_all_days_primary,All calendar-year days; non-heatwave days contribute zero,"1,2,3,4,5,6,7,8,9,10,11,12",2025-2050,66430.0,14399.0,0.3704976433029386,0.004280281302053,0.8536071669407853,0.3768878476141676,0.0043043717436627,0.884973815122336,0.3768878476141676,-0.131198119894002,0.884973815122336,0.0,-117.2938187957545,34.14362438315135
ssp585,San_Bernardino,cehwi_night_all,cehwi,night,all,national,national,National,annual_all_days_primary,All calendar-year days; non-heatwave days contribute zero,"1,2,3,4,5,6,7,8,9,10,11,12",2025-2050,66430.0,658.0,0.0,0.0,0.0031476106578891,0.0,0.0,0.0031583312761187,-0.0026477467208601,-0.008453824717839,0.0031583312761187,0.0,-117.2938187957545,34.14362438315135
ssp585,San_Bernardino,exceeded_quantity_composite_all,exceeded_quantity,composite,all,national,national,National,annual_all_days_primary,All calendar-year days; non-heatwave days contribute zero,"1,2,3,4,5,6,7,8,9,10,11,12",2025-2050,66430.0,2176.0,0.1251681964850497,0.0,0.2855821996942804,0.1279846550558715,0.0,0.3004943791807429,0.1279846550558715,-0.0445250690689997,0.3004943791807429,0.0,-117.2938187957545,34.14362438315135
ssp585,San_Bernardino,exceeded_quantity_day_all,exceeded_quantity,day,all,national,national,National,annual_all_days_primary,All calendar-year days; non-heatwave days contribute zero,"1,2,3,4,5,6,7,8,9,10,11,12",2025-2050,66430.0,14399.0,0.4848571718178135,0.0292155710046882,1.0341864968699352,0.4954398428935934,0.0296583000602736,1.0759572891247975,0.4954398428935934,-0.08507760333761,1.0759572891247975,0.0,-117.2938187957545,34.14362438315135
ssp585,San_Bernardino,exceeded_quantity_night_all,exceeded_quantity,night,all,national,national,National,annual_all_days_primary,All calendar-year days; non-heatwave days contribute zero,"1,2,3,4,5,6,7,8,9,10,11,12",2025-2050,66430.0,658.0,0.0017041619982519,0.0,0.0131017388883805,0.001706620139702,0.0,0.0132367985106123,0.001706620139702,-0.0098235582312083,0.0132367985106123,0.0,-117.2938187957545,34.14362438315135
ssp585,San_Diego,cehwi_composite_all,cehwi,composite,all,national,national,National,annual_all_days_primary,All calendar-year days; non-heatwave days contribute zero,"1,2,3,4,5,6,7,8,9,10,11,12",2025-2050,208780.0,1046.0,0.0184842412645298,0.000599799457656,0.0355546032039621,0.0189366156352332,0.0006003246857695,0.0372729065846969,0.0189366156352332,0.0006003246857695,0.0372729065846969,0.0,-117.12185558422306,32.79604065818703
ssp585,San_Diego,cehwi_day_all,cehwi,day,all,national,national,National,annual_all_days_primary,All calendar-year days; non-heatwave days contribute zero,"1,2,3,4,5,6,7,8,9,10,11,12",2025-2050,208780.0,55042.0,0.4769177838121967,0.0080161249109342,1.0832549443228363,0.485873406077647,0.0080667183415334,1.1257705607152215,0.485873406077647,-0.1540237485599293,1.1257705607152215,0.0,-117.12185558422306,32.79604065818703
ssp585,San_Diego,cehwi_night_all,cehwi,night,all,national,national,National,annual_all_days_primary,All calendar-year days; non-heatwave days contribute zero,"1,2,3,4,5,6,7,8,9,10,11,12",2025-2050,208780.0,2.0,0.0,0.0,5.181857642288534e-07,0.0,0.0,5.183639043577929e-07,-4.414703561322444e-07,-1.401304616622282e-06,5.183639043577929e-07,0.0,-117.12185558422306,32.79604065818703
ssp585,San_Diego,exceeded_quantity_composite_all,exceeded_quantity,composite,all,national,national,National,annual_all_days_primary,All calendar-year days; non-heatwave days contribute zero,"1,2,3,4,5,6,7,8,9,10,11,12",2025-2050,208780.0,1046.0,0.0265889327418609,0.0,0.0586637135781967,0.0273775611037958,0.0,0.0626358135983244,0.0273775611037958,-0.0078806913907327,0.0626358135983244,0.0,-117.12185558422306,32.79604065818703
ssp585,San_Diego,exceeded_quantity_day_all,exceeded_quantity,day,all,national,national,National,annual_all_days_primary,All calendar-year days; non-heatwave days contribute zero,"1,2,3,4,5,6,7,8,9,10,11,12",2025-2050,208780.0,55042.0,0.6175183542296182,0.0443826000200897,1.2948507174943713,0.632278897055358,0.0451374581805467,1.3508781689519331,0.632278897055358,-0.0863203748412165,1.3508781689519331,0.0,-117.12185558422306,32.79604065818703
ssp585,San_Diego,exceeded_quantity_night_all,exceeded_quantity,night,all,national,national,National,annual_all_days_primary,All calendar-year days; non-heatwave days contribute zero,"1,2,3,4,5,6,7,8,9,10,11,12",2025-2050,208780.0,2.0,7.65606253095603e-07,0.0,6.424876627336622e-06,7.659971122409235e-07,0.0,6.452383496478207e-06,7.659971122409235e-07,-4.920389271996264e-06,6.452383496478207e-06,0.0,-117.12185558422306,32.79604065818703
ssp585,San_Francisco,cehwi_composite_all,cehwi,composite,all,national,national,National,annual_all_days_primary,All calendar-year days; non-heatwave days contribute zero,"1,2,3,4,5,6,7,8,9,10,11,12",2025-2050,28470.0,0.0,0.0,0.0,0.0,0.0,0.0,0.0,0.0,0.0,0.0,0.0,-122.42865312515914,37.75892014266124
ssp585,San_Francisco,cehwi_day_all,cehwi,day,all,national,national,National,annual_all_days_primary,All calendar-year days; non-heatwave days contribute zero,"1,2,3,4,5,6,7,8,9,10,11,12",2025-2050,28470.0,7483.0,0.5574244721855149,0.0202294334857478,1.227397687531399,0.5698216766258836,0.0203947222659055,1.2815473719922454,0.5698216766258836,-0.1419040187404795,1.2815473719922454,0.0,-122.42865312515914,37.75892014266124
ssp585,San_Francisco,cehwi_night_all,cehwi,night,all,national,national,National,annual_all_days_primary,All calendar-year days; non-heatwave days contribute zero,"1,2,3,4,5,6,7,8,9,10,11,12",2025-2050,28470.0,0.0,0.0,0.0,0.0,0.0,0.0,0.0,0.0,0.0,0.0,0.0,-122.42865312515914,37.75892014266124
ssp585,San_Francisco,exceeded_quantity_composite_all,exceeded_quantity,composite,all,national,national,National,annual_all_days_primary,All calendar-year days; non-heatwave days contribute zero,"1,2,3,4,5,6,7,8,9,10,11,12",2025-2050,28470.0,0.0,0.0,0.0,0.0,0.0,0.0,0.0,0.0,0.0,0.0,0.0,-122.42865312515914,37.75892014266124
ssp585,San_Francisco,exceeded_quantity_day_all,exceeded_quantity,day,all,national,national,National,annual_all_days_primary,All calendar-year days; non-heatwave days contribute zero,"1,2,3,4,5,6,7,8,9,10,11,12",2025-2050,28470.0,7483.0,0.7452172170057435,0.0817441144812828,1.5058175757312309,0.7669289206862284,0.0834669963921028,1.5810030957208951,0.7669289206862284,-0.0471452543484376,1.5810030957208951,0.0,-122.42865312515914,37.75892014266124
ssp585,San_Francisco,exceeded_quantity_night_all,exceeded_quantity,night,all,national,national,National,annual_all_days_primary,All calendar-year days; non-heatwave days contribute zero,"1,2,3,4,5,6,7,8,9,10,11,12",2025-2050,28470.0,0.0,0.0,0.0,0.0,0.0,0.0,0.0,0.0,0.0,0.0,0.0,-122.42865312515914,37.75892014266124
ssp585,San_Jose,cehwi_composite_all,cehwi,composite,all,national,national,National,annual_all_days_primary,All calendar-year days; non-heatwave days contribute zero,"1,2,3,4,5,6,7,8,9,10,11,12",2025-2050,180310.0,3012.0,0.0741412467999721,0.0025449258317077,0.1418414865002906,0.0763419603478721,0.0025478115658423,0.1501629458807684,0.0763419603478721,0.0025209748149758,0.1501629458807684,0.0,-121.84415719358398,37.299085696614654
ssp585,San_Jose,cehwi_day_all,cehwi,day,all,national,national,National,annual_all_days_primary,All calendar-year days; non-heatwave days contribute zero,"1,2,3,4,5,6,7,8,9,10,11,12",2025-2050,180310.0,41551.0,0.3566837180540591,0.0045425878096166,0.825916947647223,0.3626435505774655,0.0045741258994459,0.8551576804238588,0.3626435505774655,-0.1298705792689297,0.8551576804238588,0.0,-121.84415719358398,37.299085696614654
ssp585,San_Jose,cehwi_night_all,cehwi,night,all,national,national,National,annual_all_days_primary,All calendar-year days; non-heatwave days contribute zero,"1,2,3,4,5,6,7,8,9,10,11,12",2025-2050,180310.0,772.0,0.0,0.0,0.0018978721248817,0.0,0.0,0.0019066638234667,-0.0015723874236764,-0.0050514386708197,0.0019066638234667,0.0,-121.84415719358398,37.299085696614654
ssp585,San_Jose,exceeded_quantity_composite_all,exceeded_quantity,composite,all,national,national,National,annual_all_days_primary,All calendar-year days; non-heatwave days contribute zero,"1,2,3,4,5,6,7,8,9,10,11,12",2025-2050,180310.0,3012.0,0.1046985647323799,6.532943218090284e-05,0.2260312426322708,0.1083686695187949,6.579152283979097e-05,0.2438581686504322,0.1083686695187949,-0.0271208296128423,0.2438581686504322,0.0,-121.84415719358398,37.299085696614654
ssp585,San_Jose,exceeded_quantity_day_all,exceeded_quantity,day,all,national,national,National,annual_all_days_primary,All calendar-year days; non-heatwave days contribute zero,"1,2,3,4,5,6,7,8,9,10,11,12",2025-2050,180310.0,41551.0,0.5402636416025215,0.0451283177254,1.1259678098201698,0.5538599006803356,0.0459702373326758,1.1759699845035856,0.5538599006803356,-0.0682501831429134,1.1759699845035856,0.0,-121.84415719358398,37.299085696614654
ssp585,San_Jose,exceeded_quantity_night_all,exceeded_quantity,night,all,national,national,National,annual_all_days_primary,All calendar-year days; non-heatwave days contribute zero,"1,2,3,4,5,6,7,8,9,10,11,12",2025-2050,180310.0,772.0,0.0013219737137236,0.0,0.0085719963393906,0.0013264039331067,0.0,0.0087144680758067,0.0013264039331067,-0.0060616602095933,0.0087144680758067,0.0,-121.84415719358398,37.299085696614654
ssp585,Santa_Ana,cehwi_composite_all,cehwi,composite,all,national,national,National,annual_all_days_primary,All calendar-year days; non-heatwave days contribute zero,"1,2,3,4,5,6,7,8,9,10,11,12",2025-2050,37960.0,230.0,0.0248016880118503,0.0008123962799482,0.0476036384193886,0.0254634432330405,0.000813170292636,0.0501137161734449,0.0254634432330405,0.000813170292636,0.0501137161734449,0.0,-117.90338988140702,33.723066921844264
ssp585,Santa_Ana,cehwi_day_all,cehwi,day,all,national,national,National,annual_all_days_primary,All calendar-year days; non-heatwave days contribute zero,"1,2,3,4,5,6,7,8,9,10,11,12",2025-2050,37960.0,9721.0,0.4473388415947677,0.0064145637690422,1.017589824644702,0.4556356276897019,0.0064515381506671,1.0572548460121816,0.4556356276897019,-0.1459835906327798,1.0572548460121816,0.0,-117.90338988140702,33.723066921844264
ssp585,Santa_Ana,cehwi_night_all,cehwi,night,all,national,national,National,annual_all_days_primary,All calendar-year days; non-heatwave days contribute zero,"1,2,3,4,5,6,7,8,9,10,11,12",2025-2050,37960.0,0.0,0.0,0.0,0.0,0.0,0.0,0.0,0.0,0.0,0.0,0.0,-117.90338988140702,33.723066921844264
ssp585,Santa_Ana,exceeded_quantity_composite_all,exceeded_quantity,composite,all,national,national,National,annual_all_days_primary,All calendar-year days; non-heatwave days contribute zero,"1,2,3,4,5,6,7,8,9,10,11,12",2025-2050,37960.0,230.0,0.0365929606262886,0.0,0.0794267244063876,0.0378199367977043,0.0,0.085447072863058,0.0378199367977043,-0.0098071992676493,0.085447072863058,0.0,-117.90338988140702,33.723066921844264
ssp585,Santa_Ana,exceeded_quantity_day_all,exceeded_quantity,day,all,national,national,National,annual_all_days_primary,All calendar-year days; non-heatwave days contribute zero,"1,2,3,4,5,6,7,8,9,10,11,12",2025-2050,37960.0,9721.0,0.6055227852236755,0.056102573175531,1.2493297596193955,0.6213727588407262,0.057113829673876,1.3062862566271138,0.6213727588407262,-0.0635407389456604,1.3062862566271138,0.0,-117.90338988140702,33.723066921844264
ssp585,Santa_Ana,exceeded_quantity_night_all,exceeded_quantity,night,all,national,national,National,annual_all_days_primary,All calendar-year days; non-heatwave days contribute zero,"1,2,3,4,5,6,7,8,9,10,11,12",2025-2050,37960.0,0.0,0.0,0.0,0.0,0.0,0.0,0.0,0.0,0.0,0.0,0.0,-117.90338988140702,33.723066921844264
ssp585,Scottsdale,cehwi_composite_all,cehwi,composite,all,national,national,National,annual_all_days_primary,All calendar-year days; non-heatwave days contribute zero,"1,2,3,4,5,6,7,8,9,10,11,12",2025-2050,37960.0,4462.0,0.3662386017566045,0.0117617863017801,0.7040925556468977,0.3759653246148,0.0117734381712689,0.7410935588910913,0.3759653246148,0.0108370903385093,0.7410935588910913,0.0,-111.85259478908768,33.55745813694949
ssp585,Scottsdale,cehwi_day_all,cehwi,day,all,national,national,National,annual_all_days_primary,All calendar-year days; non-heatwave days contribute zero,"1,2,3,4,5,6,7,8,9,10,11,12",2025-2050,37960.0,6853.0,0.2368550753508066,0.0052387305906305,0.5470269602715011,0.2408374088941545,0.0052762199649193,0.5657857722626398,0.2408374088941545,-0.0841109544743328,0.5657857722626398,0.0,-111.85259478908768,33.55745813694949
ssp585,Scottsdale,cehwi_night_all,cehwi,night,all,national,national,National,annual_all_days_primary,All calendar-year days; non-heatwave days contribute zero,"1,2,3,4,5,6,7,8,9,10,11,12",2025-2050,37960.0,4900.0,0.0,0.0,0.0967793940988683,0.0,0.0,0.0975092103603222,-0.0762152857898631,-0.2499397819400494,0.0975092103603222,0.0,-111.85259478908768,33.55745813694949
ssp585,Scottsdale,exceeded_quantity_composite_all,exceeded_quantity,composite,all,national,national,National,annual_all_days_primary,All calendar-year days; non-heatwave days contribute zero,"1,2,3,4,5,6,7,8,9,10,11,12",2025-2050,37960.0,4462.0,0.3690929243405644,0.0,0.8445016592029103,0.3771148321124704,0.0,0.886524299601281,0.3771148321124704,-0.1322946353763395,0.886524299601281,0.0,-111.85259478908768,33.55745813694949
ssp585,Scottsdale,exceeded_quantity_day_all,exceeded_quantity,day,all,national,national,National,annual_all_days_primary,All calendar-year days; non-heatwave days contribute zero,"1,2,3,4,5,6,7,8,9,10,11,12",2025-2050,37960.0,6853.0,0.3120908251439628,0.0118052060353388,0.6899295976508836,0.3176708778817897,0.0119977342983212,0.7135942012211284,0.3176708778817897,-0.0782524454575481,0.7135942012211284,0.0,-111.85259478908768,33.55745813694949
ssp585,Scottsdale,exceeded_quantity_night_all,exceeded_quantity,night,all,national,national,National,annual_all_days_primary,All calendar-year days; non-heatwave days contribute zero,"1,2,3,4,5,6,7,8,9,10,11,12",2025-2050,37960.0,4900.0,0.0531911563999627,0.0,0.3182900880395679,0.0534454110870977,0.0,0.3244084944954651,0.0534454110870977,-0.2175176723212699,0.3244084944954651,0.0,-111.85259478908768,33.55745813694949
ssp585,Seattle,cehwi_composite_all,cehwi,composite,all,national,national,National,annual_all_days_primary,All calendar-year days; non-heatwave days contribute zero,"1,2,3,4,5,6,7,8,9,10,11,12",2025-2050,113880.0,0.0,0.0,0.0,0.0,0.0,0.0,0.0,0.0,0.0,0.0,0.0,-122.34363400005496,47.628300390101685
ssp585,Seattle,cehwi_day_all,cehwi,day,all,national,national,National,annual_all_days_primary,All calendar-year days; non-heatwave days contribute zero,"1,2,3,4,5,6,7,8,9,10,11,12",2025-2050,113880.0,24319.0,0.5520666233744561,0.0288788500071034,1.1833388649238534,0.5663254183718859,0.0291511511422429,1.2445121627651348,0.5663254183718859,-0.1118613260213639,1.2445121627651348,0.0,-122.34363400005496,47.628300390101685
ssp585,Seattle,cehwi_night_all,cehwi,night,all,national,national,National,annual_all_days_primary,All calendar-year days; non-heatwave days contribute zero,"1,2,3,4,5,6,7,8,9,10,11,12",2025-2050,113880.0,0.0,0.0,0.0,0.0,0.0,0.0,0.0,0.0,0.0,0.0,0.0,-122.34363400005496,47.628300390101685
ssp585,Seattle,exceeded_quantity_composite_all,exceeded_quantity,composite,all,national,national,National,annual_all_days_primary,All calendar-year days; non-heatwave days contribute zero,"1,2,3,4,5,6,7,8,9,10,11,12",2025-2050,113880.0,0.0,0.0,0.0,0.0,0.0,0.0,0.0,0.0,0.0,0.0,0.0,-122.34363400005496,47.628300390101685
ssp585,Seattle,exceeded_quantity_day_all,exceeded_quantity,day,all,national,national,National,annual_all_days_primary,All calendar-year days; non-heatwave days contribute zero,"1,2,3,4,5,6,7,8,9,10,11,12",2025-2050,113880.0,24319.0,0.7109826049188352,0.1061452545869107,1.3872109966398307,0.7362528894685084,0.1086576399708259,1.4699434632705242,0.7362528894685084,0.0025623156664932,1.4699434632705242,0.0,-122.34363400005496,47.628300390101685
ssp585,Seattle,exceeded_quantity_night_all,exceeded_quantity,night,all,national,national,National,annual_all_days_primary,All calendar-year days; non-heatwave days contribute zero,"1,2,3,4,5,6,7,8,9,10,11,12",2025-2050,113880.0,0.0,0.0,0.0,0.0,0.0,0.0,0.0,0.0,0.0,0.0,0.0,-122.34363400005496,47.628300390101685
ssp585,St_Louis,cehwi_composite_all,cehwi,composite,all,national,national,National,annual_all_days_primary,All calendar-year days; non-heatwave days contribute zero,"1,2,3,4,5,6,7,8,9,10,11,12",2025-2050,66430.0,10522.0,0.565214120911525,0.0173885656063291,1.0966051895548576,0.5819922337927442,0.017407877409599,1.1622785884559297,0.5819922337927442,0.0017058791295596,1.1622785884559297,0.0,-90.22886259278208,38.6350520886664
ssp585,St_Louis,cehwi_day_all,cehwi,day,all,national,national,National,annual_all_days_primary,All calendar-year days; non-heatwave days contribute zero,"1,2,3,4,5,6,7,8,9,10,11,12",2025-2050,66430.0,10655.0,0.1432653613723917,0.0003602445018425,0.350562944764395,0.1447082145074907,0.0003618644972857,0.3587264935000365,0.1447082145074907,-0.0693100644850572,0.3587264935000365,0.0,-90.22886259278208,38.6350520886664
ssp585,St_Louis,cehwi_night_all,cehwi,night,all,national,national,National,annual_all_days_primary,All calendar-year days; non-heatwave days contribute zero,"1,2,3,4,5,6,7,8,9,10,11,12",2025-2050,66430.0,6812.0,0.0,0.0,0.0367646925118485,0.0,0.0,0.0368923519026822,-0.0309069578836117,-0.0987062676699068,0.0368923519026822,0.0,-90.22886259278208,38.6350520886664
ssp585,St_Louis,exceeded_quantity_composite_all,exceeded_quantity,composite,all,national,national,National,annual_all_days_primary,All calendar-year days; non-heatwave days contribute zero,"1,2,3,4,5,6,7,8,9,10,11,12",2025-2050,66430.0,10522.0,0.5634190638706922,0.0,1.2714575765850702,0.5776632918941086,0.0,1.3441822322150758,0.5776632918941086,-0.1888556484268578,1.3441822322150758,0.0,-90.22886259278208,38.6350520886664
ssp585,St_Louis,exceeded_quantity_day_all,exceeded_quantity,day,all,national,national,National,annual_all_days_primary,All calendar-year days; non-heatwave days contribute zero,"1,2,3,4,5,6,7,8,9,10,11,12",2025-2050,66430.0,10655.0,0.2391936572981023,0.002138674852015,0.5497870416609834,0.2423426446699305,0.0021608166386024,0.5652844664227831,0.2423426446699305,-0.0805991770829215,0.5652844664227831,0.0,-90.22886259278208,38.6350520886664
ssp585,St_Louis,exceeded_quantity_night_all,exceeded_quantity,night,all,national,national,National,annual_all_days_primary,All calendar-year days; non-heatwave days contribute zero,"1,2,3,4,5,6,7,8,9,10,11,12",2025-2050,66430.0,6812.0,0.0247253706627386,0.0,0.175156144680441,0.0247856216274404,0.0,0.1775008335490414,0.0247856216274404,-0.1279295902941606,0.1775008335490414,0.0,-90.22886259278208,38.6350520886664
ssp585,St_Petersburg,cehwi_composite_all,cehwi,composite,all,national,national,National,annual_all_days_primary,All calendar-year days; non-heatwave days contribute zero,"1,2,3,4,5,6,7,8,9,10,11,12",2025-2050,18980.0,2686.0,0.2164905111707579,0.0062658033604297,0.4208582279591665,0.2196907725789108,0.0062688213168167,0.4331127238410057,0.2196907725789108,0.0062688213168167,0.4331127238410057,0.0,-82.66697286181882,27.773320918006952
ssp585,St_Petersburg,cehwi_day_all,cehwi,day,all,national,national,National,annual_all_days_primary,All calendar-year days; non-heatwave days contribute zero,"1,2,3,4,5,6,7,8,9,10,11,12",2025-2050,18980.0,4777.0,0.2727784526856311,0.0050584334585245,0.6331647084151113,0.2771515570672353,0.0050942570387985,0.6539308641196471,0.2771515570672353,-0.0996277499851797,0.6539308641196471,0.0,-82.66697286181882,27.773320918006952
ssp585,St_Petersburg,cehwi_night_all,cehwi,night,all,national,national,National,annual_all_days_primary,All calendar-year days; non-heatwave days contribute zero,"1,2,3,4,5,6,7,8,9,10,11,12",2025-2050,18980.0,3680.0,0.0,0.0,0.1002939761613384,0.0,0.0,0.1008632843128077,-0.0819919667112425,-0.2648472177352942,0.1008632843128077,0.0,-82.66697286181882,27.773320918006952
ssp585,St_Petersburg,exceeded_quantity_composite_all,exceeded_quantity,composite,all,national,national,National,annual_all_days_primary,All calendar-year days; non-heatwave days contribute zero,"1,2,3,4,5,6,7,8,9,10,11,12",2025-2050,18980.0,2686.0,0.2227577939820314,0.0,0.5315030474649494,0.2252345688452769,0.0,0.545642098710624,0.2252345688452769,-0.0951729610200697,0.545642098710624,0.0,-82.66697286181882,27.773320918006952
ssp585,St_Petersburg,exceeded_quantity_day_all,exceeded_quantity,day,all,national,national,National,annual_all_days_primary,All calendar-year days; non-heatwave days contribute zero,"1,2,3,4,5,6,7,8,9,10,11,12",2025-2050,18980.0,4777.0,0.2403620797471611,0.0002305992292264,0.5761590544078734,0.242363820202486,0.0002317074191809,0.5872218778318717,0.242363820202486,-0.1024942374268988,0.5872218778318717,0.0,-82.66697286181882,27.773320918006952
ssp585,St_Petersburg,exceeded_quantity_night_all,exceeded_quantity,night,all,national,national,National,annual_all_days_primary,All calendar-year days; non-heatwave days contribute zero,"1,2,3,4,5,6,7,8,9,10,11,12",2025-2050,18980.0,3680.0,0.0473015546300098,0.0,0.3283791087624257,0.0474282534533771,0.0,0.3329865251607191,0.0474282534533771,-0.2381300182539651,0.3329865251607191,0.0,-82.66697286181882,27.773320918006952
ssp585,Tallahassee,cehwi_composite_all,cehwi,composite,all,national,national,National,annual_all_days_primary,All calendar-year days; non-heatwave days contribute zero,"1,2,3,4,5,6,7,8,9,10,11,12",2025-2050,94900.0,12577.0,0.2675049312701837,0.0081796612574183,0.5174052819329776,0.2728043666065683,0.0081856336346129,0.5375869575102189,0.2728043666065683,0.0080217757029184,0.5375869575102189,0.0,-84.24351618544856,30.45115186849857
ssp585,Tallahassee,cehwi_day_all,cehwi,day,all,national,national,National,annual_all_days_primary,All calendar-year days; non-heatwave days contribute zero,"1,2,3,4,5,6,7,8,9,10,11,12",2025-2050,94900.0,17574.0,0.2724898551728766,0.011406820003542,0.5994849308528594,0.2784142721698101,0.0114914262751889,0.6245732990408291,0.2784142721698101,-0.067744754701211,0.6245732990408291,0.0,-84.24351618544856,30.45115186849857
ssp585,Tallahassee,cehwi_night_all,cehwi,night,all,national,national,National,annual_all_days_primary,All calendar-year days; non-heatwave days contribute zero,"1,2,3,4,5,6,7,8,9,10,11,12",2025-2050,94900.0,17132.0,0.0,0.0,0.0763515804889065,0.0,0.0,0.0767063876003255,-0.0633140102403626,-0.2033344080810523,0.0767063876003255,0.0,-84.24351618544856,30.45115186849857
ssp585,Tallahassee,exceeded_quantity_composite_all,exceeded_quantity,composite,all,national,national,National,annual_all_days_primary,All calendar-year days; non-heatwave days contribute zero,"1,2,3,4,5,6,7,8,9,10,11,12",2025-2050,94900.0,12577.0,0.2648334705054297,0.0,0.6248086192214917,0.2685635341281182,0.0,0.6455343446428532,0.2685635341281182,-0.1084072763866162,0.6455343446428532,0.0,-84.24351618544856,30.45115186849857
ssp585,Tallahassee,exceeded_quantity_day_all,exceeded_quantity,day,all,national,national,National,annual_all_days_primary,All calendar-year days; non-heatwave days contribute zero,"1,2,3,4,5,6,7,8,9,10,11,12",2025-2050,94900.0,17574.0,0.2423379547541802,0.0019455083787927,0.5627257050261466,0.2452674406924125,0.0019734171763714,0.5773608347417196,0.2452674406924125,-0.086825953356894,0.5773608347417196,0.0,-84.24351618544856,30.45115186849857
ssp585,Tallahassee,exceeded_quantity_night_all,exceeded_quantity,night,all,national,national,National,annual_all_days_primary,All calendar-year days; non-heatwave days contribute zero,"1,2,3,4,5,6,7,8,9,10,11,12",2025-2050,94900.0,17132.0,0.0341840986580126,0.0,0.2550189015018501,0.0342451775464675,0.0,0.2578906785629581,0.0342451775464675,-0.1894003234700232,0.2578906785629581,0.0,-84.24351618544856,30.45115186849857
ssp585,Tampa,cehwi_composite_all,cehwi,composite,all,national,national,National,annual_all_days_primary,All calendar-year days; non-heatwave days contribute zero,"1,2,3,4,5,6,7,8,9,10,11,12",2025-2050,94900.0,11505.0,0.2084577931865349,0.0062098759189391,0.404346676398217,0.211957127416191,0.0062135345726707,0.4177007202597119,0.211957127416191,0.0062135345726707,0.4177007202597119,0.0,-82.45794180532177,27.97564180976341
ssp585,Tampa,cehwi_day_all,cehwi,day,all,national,national,National,annual_all_days_primary,All calendar-year days; non-heatwave days contribute zero,"1,2,3,4,5,6,7,8,9,10,11,12",2025-2050,94900.0,24200.0,0.3465110384387466,0.0066068378898265,0.7988960620467822,0.3524235030807224,0.0066543236051391,0.8269632868875539,0.3524235030807224,-0.1221162807261117,0.8269632868875539,0.0,-82.45794180532177,27.97564180976341
ssp585,Tampa,cehwi_night_all,cehwi,night,all,national,national,National,annual_all_days_primary,All calendar-year days; non-heatwave days contribute zero,"1,2,3,4,5,6,7,8,9,10,11,12",2025-2050,94900.0,18747.0,0.0,0.0,0.1064624721429682,0.0,0.0,0.1071123744111664,-0.0860792060544947,-0.2792707865201576,0.1071123744111664,0.0,-82.45794180532177,27.97564180976341
ssp585,Tampa,exceeded_quantity_composite_all,exceeded_quantity,composite,all,national,national,National,annual_all_days_primary,All calendar-year days; non-heatwave days contribute zero,"1,2,3,4,5,6,7,8,9,10,11,12",2025-2050,94900.0,11505.0,0.2166337841676135,0.0,0.5146910560757161,0.2193015663534814,0.0,0.5297783055675059,0.2193015663534814,-0.0911751728605426,0.5297783055675059,0.0,-82.45794180532177,27.97564180976341
ssp585,Tampa,exceeded_quantity_day_all,exceeded_quantity,day,all,national,national,National,annual_all_days_primary,All calendar-year days; non-heatwave days contribute zero,"1,2,3,4,5,6,7,8,9,10,11,12",2025-2050,94900.0,24200.0,0.3264675699095551,0.0009833244727017,0.7664054904731782,0.3299863864980043,0.0009889703903627,0.7847814055897527,0.3299863864980043,-0.1248086325937431,0.7847814055897527,0.0,-82.45794180532177,27.97564180976341
ssp585,Tampa,exceeded_quantity_night_all,exceeded_quantity,night,all,national,national,National,annual_all_days_primary,All calendar-year days; non-heatwave days contribute zero,"1,2,3,4,5,6,7,8,9,10,11,12",2025-2050,94900.0,18747.0,0.050547516099102,0.0,0.3455322187244303,0.050690308272365,0.0,0.3505702834905597,0.050690308272365,-0.2491896669458297,0.3505702834905597,0.0,-82.45794180532177,27.97564180976341
ssp585,Tucson,cehwi_composite_all,cehwi,composite,all,national,national,National,annual_all_days_primary,All calendar-year days; non-heatwave days contribute zero,"1,2,3,4,5,6,7,8,9,10,11,12",2025-2050,132860.0,15363.0,0.3614556425784403,0.0112228253377026,0.6959903922785788,0.3709910784595083,0.0112335887184476,0.732438613759264,0.3709910784595083,0.0095435431597528,0.732438613759264,0.0,-110.9093637407622,32.199531737475226
ssp585,Tucson,cehwi_day_all,cehwi,day,all,national,national,National,annual_all_days_primary,All calendar-year days; non-heatwave days contribute zero,"1,2,3,4,5,6,7,8,9,10,11,12",2025-2050,132860.0,22564.0,0.2842851478764066,0.0103627487325183,0.6361407594135143,0.2902154576523092,0.0104762702431465,0.6623008609907975,0.2902154576523092,-0.0818699456861804,0.6623008609907975,0.0,-110.9093637407622,32.199531737475226
ssp585,Tucson,cehwi_night_all,cehwi,night,all,national,national,National,annual_all_days_primary,All calendar-year days; non-heatwave days contribute zero,"1,2,3,4,5,6,7,8,9,10,11,12",2025-2050,132860.0,19322.0,0.0,0.0,0.1185746008099689,0.0,0.0,0.1195795923330052,-0.0915139732771878,-0.3026075388873819,0.1195795923330052,0.0,-110.9093637407622,32.199531737475226
ssp585,Tucson,exceeded_quantity_composite_all,exceeded_quantity,composite,all,national,national,National,annual_all_days_primary,All calendar-year days; non-heatwave days contribute zero,"1,2,3,4,5,6,7,8,9,10,11,12",2025-2050,132860.0,15363.0,0.3733826860004602,0.0,0.8525283734049436,0.3816679649734247,0.0,0.8956942229027735,0.3816679649734247,-0.1323582929559233,0.8956942229027735,0.0,-110.9093637407622,32.199531737475226
ssp585,Tucson,exceeded_quantity_day_all,exceeded_quantity,day,all,national,national,National,annual_all_days_primary,All calendar-year days; non-heatwave days contribute zero,"1,2,3,4,5,6,7,8,9,10,11,12",2025-2050,132860.0,22564.0,0.3425976571040623,0.0190072755682261,0.7351704495726943,0.3499844086759918,0.0193568761446664,0.764390072755326,0.3499844086759918,-0.0644212554033422,0.764390072755326,0.0,-110.9093637407622,32.199531737475226
ssp585,Tucson,exceeded_quantity_night_all,exceeded_quantity,night,all,national,national,National,annual_all_days_primary,All calendar-year days; non-heatwave days contribute zero,"1,2,3,4,5,6,7,8,9,10,11,12",2025-2050,132860.0,19322.0,0.06774460714647,0.0,0.3828096667070399,0.0681377957213598,0.0,0.3907882050286422,0.0681377957213598,-0.2545126135859227,0.3907882050286422,0.0,-110.9093637407622,32.199531737475226
ssp585,Virginia_Beach,cehwi_composite_all,cehwi,composite,all,national,national,National,annual_all_days_primary,All calendar-year days; non-heatwave days contribute zero,"1,2,3,4,5,6,7,8,9,10,11,12",2025-2050,18980.0,2469.0,0.3549886798387032,0.0110629021471572,0.6857688649374512,0.3634204067533361,0.0110725765801187,0.7181433554694928,0.3634204067533361,0.0086974580371798,0.7181433554694928,0.0,-76.01494818291374,36.78853645041103
ssp585,Virginia_Beach,cehwi_day_all,cehwi,day,all,national,national,National,annual_all_days_primary,All calendar-year days; non-heatwave days contribute zero,"1,2,3,4,5,6,7,8,9,10,11,12",2025-2050,18980.0,1879.0,0.0619265356112322,0.0,0.1552908900952394,0.0623261730336458,0.0,0.1577667599794111,0.0623261730336458,-0.033114413912121,0.1577667599794111,0.0,-76.01494818291374,36.78853645041103
ssp585,Virginia_Beach,cehwi_night_all,cehwi,night,all,national,national,National,annual_all_days_primary,All calendar-year days; non-heatwave days contribute zero,"1,2,3,4,5,6,7,8,9,10,11,12",2025-2050,18980.0,2501.0,0.0,0.0,0.0486743249892716,0.0,0.0,0.0488587049630294,-0.0407707251266703,-0.1304001552163713,0.0488587049630294,0.0,-76.01494818291374,36.78853645041103
ssp585,Virginia_Beach,exceeded_quantity_composite_all,exceeded_quantity,composite,all,national,national,National,annual_all_days_primary,All calendar-year days; non-heatwave days contribute zero,"1,2,3,4,5,6,7,8,9,10,11,12",2025-2050,18980.0,2469.0,0.3594847395578486,0.0,0.8302448826880239,0.3664563849828975,0.0,0.8674022940300302,0.3664563849828975,-0.1344895240642346,0.8674022940300302,0.0,-76.01494818291374,36.78853645041103
ssp585,Virginia_Beach,exceeded_quantity_day_all,exceeded_quantity,day,all,national,national,National,annual_all_days_primary,All calendar-year days; non-heatwave days contribute zero,"1,2,3,4,5,6,7,8,9,10,11,12",2025-2050,18980.0,1879.0,0.1234414569460515,0.0001311453372033,0.2899447157903301,0.1247621290683298,0.0001315535653476,0.2968769824218021,0.1247621290683298,-0.0473527242851421,0.2968769824218021,0.0,-76.01494818291374,36.78853645041103
ssp585,Virginia_Beach,exceeded_quantity_night_all,exceeded_quantity,night,all,national,national,National,annual_all_days_primary,All calendar-year days; non-heatwave days contribute zero,"1,2,3,4,5,6,7,8,9,10,11,12",2025-2050,18980.0,2501.0,0.0277464780324814,0.0,0.2010301464812163,0.0278055103515287,0.0,0.2035287877630765,0.0278055103515287,-0.1479177670600191,0.2035287877630765,0.0,-76.01494818291374,36.78853645041103
ssp585,Visalia,cehwi_composite_all,cehwi,composite,all,national,national,National,annual_all_days_primary,All calendar-year days; non-heatwave days contribute zero,"1,2,3,4,5,6,7,8,9,10,11,12",2025-2050,56940.0,8225.0,0.5048627853983049,0.0160977489603391,0.9693528188833316,0.5192027989203575,0.0161145751170431,1.023943477489623,0.5192027989203575,0.0144621203510923,1.023943477489623,0.0,-119.32572241459629,36.32192880286373
ssp585,Visalia,cehwi_day_all,cehwi,day,all,national,national,National,annual_all_days_primary,All calendar-year days; non-heatwave days contribute zero,"1,2,3,4,5,6,7,8,9,10,11,12",2025-2050,56940.0,9961.0,0.1581974568803331,0.0001216664282446,0.3886384938709183,0.1597140896224693,0.0001221196999282,0.397377451523729,0.1597140896224693,-0.0779492722787927,0.397377451523729,0.0,-119.32572241459629,36.32192880286373
ssp585,Visalia,cehwi_night_all,cehwi,night,all,national,national,National,annual_all_days_primary,All calendar-year days; non-heatwave days contribute zero,"1,2,3,4,5,6,7,8,9,10,11,12",2025-2050,56940.0,5010.0,0.0,0.0,0.0593725268952296,0.0,0.0,0.0598392196436844,-0.0462194405972948,-0.1522781008382748,0.0598392196436844,0.0,-119.32572241459629,36.32192880286373
ssp585,Visalia,exceeded_quantity_composite_all,exceeded_quantity,composite,all,national,national,National,annual_all_days_primary,All calendar-year days; non-heatwave days contribute zero,"1,2,3,4,5,6,7,8,9,10,11,12",2025-2050,56940.0,8225.0,0.4941917756351332,0.0001094020006651,1.1244369525976612,0.5056601069094396,0.0001102757362045,1.183829414959573,0.5056601069094396,-0.1725092011406927,1.183829414959573,0.0,-119.32572241459629,36.32192880286373
ssp585,Visalia,exceeded_quantity_day_all,exceeded_quantity,day,all,national,national,National,annual_all_days_primary,All calendar-year days; non-heatwave days contribute zero,"1,2,3,4,5,6,7,8,9,10,11,12",2025-2050,56940.0,9961.0,0.2445795795857266,0.0015365946005003,0.5701080726535072,0.2474371274961669,0.0015534348752962,0.5847073060347336,0.2474371274961669,-0.0898330510423989,0.5847073060347336,0.0,-119.32572241459629,36.32192880286373
ssp585,Visalia,exceeded_quantity_night_all,exceeded_quantity,night,all,national,national,National,annual_all_days_primary,All calendar-year days; non-heatwave days contribute zero,"1,2,3,4,5,6,7,8,9,10,11,12",2025-2050,56940.0,5010.0,0.0314324505281261,0.0,0.1988764728604089,0.0315509763665517,0.0,0.2023794747472029,0.0315509763665517,-0.1392775220140996,0.2023794747472029,0.0,-119.32572241459629,36.32192880286373
ssp585,Washington,cehwi_composite_all,cehwi,composite,all,national,national,National,annual_all_days_primary,All calendar-year days; non-heatwave days contribute zero,"1,2,3,4,5,6,7,8,9,10,11,12",2025-2050,66430.0,7002.0,0.3361453705626583,0.0107073357275785,0.6461921844878926,0.3448139726300856,0.0107173947158122,0.6791033532576092,0.3448139726300856,0.0105245920025624,0.6791033532576092,0.0,-77.01079484073769,38.89522924007893
ssp585,Washington,cehwi_day_all,cehwi,day,all,national,national,National,annual_all_days_primary,All calendar-year days; non-heatwave days contribute zero,"1,2,3,4,5,6,7,8,9,10,11,12",2025-2050,66430.0,8669.0,0.1167743506312524,0.0,0.2883920770325036,0.1178194155291257,0.0,0.2945699814539241,0.1178194155291257,-0.0589311503956746,0.2945699814539241,0.0,-77.01079484073769,38.89522924007893
ssp585,Washington,cehwi_night_all,cehwi,night,all,national,national,National,annual_all_days_primary,All calendar-year days; non-heatwave days contribute zero,"1,2,3,4,5,6,7,8,9,10,11,12",2025-2050,66430.0,5269.0,0.0,0.0,0.0338092057474177,0.0,0.0,0.0339640349078116,-0.0280184616679024,-0.0900009582436171,0.0339640349078116,0.0,-77.01079484073769,38.89522924007893
ssp585,Washington,exceeded_quantity_composite_all,exceeded_quantity,composite,all,national,national,National,annual_all_days_primary,All calendar-year days; non-heatwave days contribute zero,"1,2,3,4,5,6,7,8,9,10,11,12",2025-2050,66430.0,7002.0,0.3702012900065857,2.250247537799865e-05,0.8411304760513308,0.378888779158302,2.2547200446242964e-05,0.8860122752699506,0.378888779158302,-0.1282347169533458,0.8860122752699506,0.0,-77.01079484073769,38.89522924007893
ssp585,Washington,exceeded_quantity_day_all,exceeded_quantity,day,all,national,national,National,annual_all_days_primary,All calendar-year days; non-heatwave days contribute zero,"1,2,3,4,5,6,7,8,9,10,11,12",2025-2050,66430.0,8669.0,0.2216249575357226,0.0022068456678136,0.504095512025515,0.2247835589920738,0.0022260879753871,0.5192949602225087,0.2247835589920738,-0.0697278422383605,0.5192949602225087,0.0,-77.01079484073769,38.89522924007893
ssp585,Washington,exceeded_quantity_night_all,exceeded_quantity,night,all,national,national,National,annual_all_days_primary,All calendar-year days; non-heatwave days contribute zero,"1,2,3,4,5,6,7,8,9,10,11,12",2025-2050,66430.0,5269.0,0.0215562142579594,0.0,0.1478770073599357,0.0216151270185989,0.0,0.1500441432909326,0.0216151270185989,-0.1068138892537349,0.1500441432909326,0.0,-77.01079484073769,38.89522924007893
