term,estimate,std.error,statistic,p.value,conf.low,conf.high,city,lag,pct,pct_low,pct_high,n_obs
post1,-0.22572134871249508,0.1490370292199586,-1.5145319917734053,0.12989096617462367,-0.5178285583464575,0.06638586092146734,Abilene,1,-20.20595821853285,-40.41870827035734,6.86389836450616,21916
post2,-0.0014487215727106094,0.315233898247893,-0.004595703637085904,0.9963331719294836,-0.6192958088447448,0.6163983656993236,Abilene,2,-0.14476726821909258,-46.16766132797009,85.22449051798071,21916
post3,-0.057835326341355325,0.05931030806556903,-0.9751311066773911,0.3294952302954055,-0.17408139406184608,0.058410741379135434,Abilene,3,-5.619464547850184,-15.977149473582053,6.015035391280965,21916
post4,0.8475121163884249,0.08791895196200865,9.639697670129758,5.4347802368873725e-22,0.6751941369843809,1.0198300957924689,Abilene,4,133.3833317563248,96.44143044228069,177.27236265308463,21916
post5,0.29553013826913316,0.2381305350125256,1.2410425998227752,0.21459001223543028,-0.17119713397467123,0.7622574105129376,Abilene,5,34.383859014319285,-15.734455891938993,114.31086400417465,21916
post6,0.378615077670131,0.04439424133564636,8.528472754102951,1.482924143273725e-17,0.2916039635312848,0.46562619180897713,Abilene,6,46.026084054467155,33.857278901080925,59.301140732438085,21916
post7,-0.01245347747915377,0.04327262775344866,-0.2877911078132129,0.7735066444823104,-0.09726626939232152,0.07235931443401397,Abilene,7,-1.2376253828561778,-9.26856160832502,7.5041552621525565,21916
post8,-0.22120337885123803,0.4875280352310335,-0.45372442786067163,0.650027182643047,-1.1767407693576382,0.734334011655162,Abilene,8,-19.844635534769818,-69.17181352965909,108.40935481998315,21916
post9,0.1465214011451705,0.2659399736477945,0.5509566656542596,0.5816633810575451,-0.3747113692540376,0.6677541715443787,Abilene,9,15.779970879296323,-31.251231976079673,94.98533635026874,21916
post10,-0.11584286243259305,0.33382127814214735,-0.34702060658717204,0.7285758378039078,-0.7701205448643297,0.5384348199991437,Abilene,10,-10.93848385976235,-53.70427421723731,71.3323103393515,21916
post11,0.41478538762681794,0.21516855917852798,1.9277230335620987,0.05388958551217604,-0.0069372389684720925,0.836508014222108,Abilene,11,51.404577286581635,-0.691323187261772,130.82923626657478,21916
post12,0.4411721428856723,0.24612542628045048,1.7924687812748512,0.07305790562661184,-0.04122482830357865,0.9235691140749233,Abilene,12,55.45282802948539,-4.038664255042135,151.82623350086598,21916
post1,0.6329667877185694,0.09929595341093914,6.374547662572092,1.8350374248985487e-10,0.43835029522256164,0.8275832802145772,Amarillo,1,88.31893226529172,55.01478217000238,128.77831232021913,27395
post2,0.31679745451723507,0.16028116175446916,1.9765108453763858,0.048096948636086226,0.0026521500782368257,0.6309427589562333,Amarillo,2,37.27245046182799,0.26556701394779836,87.93815481214698,27395
post3,0.1934113850272035,0.32193230589433,0.6007827778883684,0.5479846763404894,-0.4375643399856149,0.824387110040022,Amarillo,3,21.338185798691246,-35.439301325266506,128.04826520069406,27395
post4,0.5287535024777948,0.21971797463398357,2.406509997002371,0.01610576321370345,0.098114185439102,0.9593928195164877,Amarillo,4,69.68159130204282,10.308873458910007,161.0111183622815,27395
post5,0.3395487443241745,0.17244337639276697,1.9690448623019228,0.04894793961327428,0.001565937221866709,0.6775315514264822,Amarillo,5,40.431374301352285,0.15671639417966787,96.90113252667034,27395
post6,0.2582954557559765,0.04779000020739121,5.4048013106312665,6.488027209883189e-8,0.16462877652832805,0.35196213498362494,Amarillo,6,29.4721294978022,17.89553815575764,42.18546841483675,27395
post7,0.3636559714138734,0.0602487261326089,6.035911375345229,1.5806799266606399e-9,0.24557063807954282,0.481741304748204,Amarillo,7,43.85792166423481,27.835058063152964,61.889093172933386,27395
post8,0.8942842224763594,0.11724525061025186,7.627466509915616,2.3941197421528433e-14,0.664487753921893,1.1240806910308259,Amarillo,8,144.55846682927637,94.3494718763116,207.738647913332,27395
post9,0.8022447681371406,0.07274572879125049,11.02806695963201,2.798146810085641e-28,0.6596657596771712,0.94482377659711,Amarillo,9,123.05423632872046,93.41457568497387,157.2360028606362,27395
post10,0.4593000170100136,0.1822687447340905,2.5199055256570753,0.011738633599280502,0.10205984182387168,0.8165401921961555,Amarillo,10,58.296554813883695,10.744974155744092,126.26579180654574,27395
post11,0.5874673658154088,0.2502094331963879,2.347902548319628,0.018879460131303278,0.09706588815830808,1.0778688434725097,Amarillo,11,79.94253533908726,10.193297556351899,193.8410660385235,27395
post12,0.546645371295056,0.17652113050502075,3.096770169843819,0.0019564149286650104,0.20067031299492072,0.8926204295951912,Amarillo,12,72.74483392550688,22.222175476236327,144.15191049968587,27395
post1,0.43601818269662024,0.042149333414832076,10.344604466346988,4.427407228572167e-25,0.35340700723117874,0.5186293581620618,Arlington,1,54.653691470526034,42.39105674082164,67.97237714862577,21916
post2,0.5879021044006635,0.05541609497647711,10.608869222023218,2.710089717025004e-26,0.4792885540829174,0.6965156547184096,Arlington,2,80.02078030914916,61.492506155308305,100.67483076860842,21916
post3,0.2901427426397119,0.13624583718901087,2.1295530830582603,0.03320852797630192,0.023105808705742747,0.5571796765736811,Arlington,3,33.661826682870746,2.3374815783580027,74.57419937115115,21916
post4,0.09369467723878923,0.02685158469071471,3.489353731557933,4.841899596410767e-4,0.041066538317161325,0.14632281616041715,Arlington,4,9.822438182194638,4.192143093768541,15.756980998342641,21916
post5,-0.01451890740139696,0.047646540414646485,-0.30472112508159915,0.7605785588476512,-0.10790441060203618,0.07886659579924227,Arlington,5,-1.441401631359196,-10.228659578693478,8.205996109706648,21916
post6,0.2561914158893892,0.12090111873882657,2.1190160898578605,0.03408910720132178,0.01922957747068854,0.49315325430808987,Arlington,6,29.200001360344107,1.9415656622924882,63.7471451714952,21916
post7,0.25337003744202635,0.1508848495271453,1.6792278233106712,0.09310765140474035,-0.04235883344392377,0.5490989083279765,Arlington,7,28.83599300523485,-4.147423224780889,73.169190146761,21916
post8,0.27690053485241334,0.042792871975672775,6.470716314853275,9.753940743636293e-11,0.19302804698506132,0.36077302271976536,Arlington,8,31.903516648242068,21.29168117017619,43.44378391261934,21916
post9,0.1777049947400119,0.05431115490698476,3.2719796705548956,0.0010679725506874814,0.07125708716354597,0.28415290231647783,Arlington,9,19.447289346684805,7.385726530212922,32.86360667547792,21916
post10,-0.0165507306497502,0.10106808399922378,-0.16375823103441156,0.8699214745033275,-0.21464053527469767,0.18153907397519725,Arlington,10,-1.6414519805521333,-19.316858451060938,19.906138788930726,21916
post11,-0.0683054008691516,0.01196557904614549,-5.70849104800783,1.1398217186403222e-8,-0.09175750485376388,-0.04485329688453931,Arlington,11,-6.60248068187731,-8.76736425634519,-4.3862260070044234,21916
post12,-0.3175211924921244,0.04630510807656395,-6.857152605434237,7.024658009636366e-12,-0.4082775366224245,-0.2267648483618243,Arlington,12,-27.204874649036594,-33.52056515614559,-20.289179844729887,21916
post1,-2.800239152783925,0.2769708232230936,-10.11023154062837,4.976652024158337e-24,-3.343091991069598,-2.2573863144982518,Atlanta,1,-93.9204478531701,-96.46724438137649,-89.5376419157957,65748
post2,-2.5416586914647032,0.12896445379338156,-19.708211190788923,1.833339015711202e-86,-2.794424376185611,-2.2888930067437956,Atlanta,2,-92.12643068025871,-93.88499363634033,-89.86213747851767,65748
post3,-1.9598711675814475,0.08826118406835139,-22.205357748924833,3.0485800026646943e-109,-2.1328599095882765,-1.7868824255746185,Atlanta,3,-85.91234307788946,-88.15020845366523,-83.25185073686173,65748
post4,-2.480142565333684,0.14790548583305435,-16.76842850935969,4.153490011661931e-63,-2.77003199068237,-2.1902531399849985,Atlanta,4,-91.62687124377096,-93.73399998260733,-88.81115784012354,65748
post5,-1.9917897974210692,0.1875020288268719,-10.622763976917648,2.3354181582939263e-26,-2.359287020949929,-1.6242925738922094,Atlanta,5,-86.35490128616323,-90.55124331582043,-80.29489750518258,65748
post6,-1.926341108906283,0.16437540471002543,-11.719156599520106,1.0167921803869899e-31,-2.248510982082128,-1.6041712357304376,Atlanta,6,-85.43197472950217,-89.44437172019882,-79.89438859949503,65748
post7,-2.365707768695021,0.21286186946575267,-11.113816554522177,1.0746602822801823e-28,-2.782909366529762,-1.9485061708602796,Atlanta,7,-90.61171704794732,-93.81417230742113,-85.75132364363395,65748
post8,-2.267267695880543,0.13628249881061147,-16.636528649443907,3.7895977372449057e-62,-2.534376485272464,-2.000158906488622,Atlanta,8,-89.64051536323953,-92.06888444754607,-86.46862207094296,65748
post9,-2.095417438951126,0.16446309068981943,-12.740958656207695,3.500666389604985e-37,-2.4177591734893165,-1.7730757044129353,Atlanta,9,-87.69811199381301,-91.08789012047764,-83.01901002539279,65748
post10,-1.903235407499037,0.0757700244368735,-25.118579829477092,3.1168527116340983e-139,-2.051741926503029,-1.7547288884950452,Atlanta,10,-85.09145142213868,-87.14891479553063,-82.70458742105676,65748
post11,-2.235369242520743,0.10837103323355209,-20.626999446459685,1.5710069199200492e-94,-2.447772564625898,-2.022965920415588,Atlanta,11,-89.30473688978542,-91.35139858830217,-86.77373975843096,65748
post12,-1.7360441114287752,0.14752706274947833,-11.767631504850211,5.731102274069457e-32,-2.025191841162733,-1.4468963816948173,Atlanta,12,-82.37838850592868,-86.80314762357891,-76.47005643536663,65748
post1,0.222838536364031,0.03793177880276578,5.8747188610037675,4.235615513260406e-9,0.14849361604107025,0.29718345668699175,Austin,1,24.961878945269,16.008539181329095,34.606222091324156,120538
post2,0.29666648158326675,0.011712423491510218,25.329214043387882,1.5229567044476873e-141,0.27371055336822586,0.31962240979830764,Austin,2,34.536652010245874,31.483417283276417,37.660787254486536,120538
post3,-0.010225268014673593,0.06390034429222202,-0.16001898155528743,0.8728661217716788,-0.13546764142713835,0.11501710539779116,Austin,3,-1.0173167692819507,-12.66925785468983,12.189262782748745,120538
post4,0.10510738660673365,0.03129505812941409,3.3585937489581994,7.834014332229083e-4,0.04377019977899461,0.1664445734344727,Austin,4,11.08298922037363,4.474224530201831,18.10980698465494,120538
post5,0.17270643649203138,0.030554673548847066,5.65237380841034,1.5824697207195502e-8,0.1128203767769125,0.23259249620715025,Austin,5,18.85171486026691,11.943083911322017,26.186715888729452,120538
post6,0.09332190123358057,0.03269806039140996,2.8540500603545578,0.004316572879938435,0.029234880502101393,0.15740892196505973,Austin,6,9.781506642028814,2.966641463906572,17.047414864147626,120538
post7,0.10904350710349439,0.037038087179975504,2.9440912154461456,0.00323904521090366,0.03645019017448772,0.18163682403250106,Austin,7,11.52108688806801,3.712264383324393,19.91786019374309,120538
post8,-0.02041456013348039,0.03198212093353847,-0.6383116421798154,0.5232708349371369,-0.08309836531242032,0.042269245045459536,Austin,8,-2.0207593769203003,-7.973937895561722,4.317531072671654,120538
post9,0.12423367259738127,0.018940512595235805,6.55915049673103,5.4115167223341245e-11,0.08711095006199183,0.16135639513277072,Austin,9,13.228042299610077,9.101772148719078,17.510369543092775,120538
post10,0.049570736594701945,0.0397397681368558,1.247383639078876,0.21225686267424718,-0.028317777707507805,0.12745925089691168,Austin,10,5.081992100876764,-2.792058745277526,13.593857881979176,120538
post11,0.15539788403100183,0.04032077161535327,3.8540404314045844,1.1618439617193826e-4,0.07637062383604454,0.23442514422595911,Austin,11,16.812264600074034,7.936253751886602,26.41818375838534,120538
post12,0.13748848493551427,0.04943213045940268,2.781358676183904,0.005413189355973321,0.04060328955599965,0.2343736803150289,Austin,12,14.738849364350749,4.143887390617906,26.411677951644986,120538
post1,0.3464936754414474,0.04136566193750023,8.376359985849325,5.4589768261895096e-17,0.2654184678472876,0.42756888303560714,Bakersfield,1,41.410055024035096,30.397653387419044,53.35248098743743,76706
post2,0.301296186982901,0.06537421243079823,4.608792607663727,4.050140782185365e-6,0.1731650851008658,0.4294272888649362,Bakersfield,2,35.16096114305931,18.906238536593523,53.63773711076938,76706
post3,0.26646475674001485,0.02425636857100351,10.98535240178332,4.49480950727511e-28,0.2189231479451187,0.314006365534911,Bakersfield,3,30.534158403183987,24.47356125219782,36.889845029051685,76706
post4,0.24314179374059205,0.03847066820162012,6.320186394120198,2.612479949839908e-10,0.16774066960422634,0.31854291787695777,Bakersfield,4,27.52494336867144,18.262987900253492,37.512263726156036,76706
post5,0.29026045173240866,0.09338009857721619,3.1083759404300877,0.00188118606414182,0.10723882164826504,0.4732820818165523,Bakersfield,5,33.67756082122519,11.32000790134542,60.52541321187226,76706
post6,0.11682474983109728,0.030801045344471784,3.7928826286431594,1.4890855027713119e-4,0.0564558102697475,0.17719368939244706,Bakersfield,6,12.392244483193583,5.807985750364875,19.386230919970004,76706
post7,0.20857611642307516,0.09913035121652644,2.1040590884974346,0.03537329300122828,0.014284198263877057,0.40286803458227327,Bakersfield,7,23.19226960414589,1.4386704917486393,49.61094439279998,76706
post8,0.14703883175111196,0.0667624049169488,2.20241963922698,0.027635679872560895,0.016186922592612507,0.2778907409096114,Bakersfield,8,15.839894481600236,1.631864056730148,32.03419299697148,76706
post9,0.2536953883042825,0.06941678790147736,3.6546690789604117,2.5751391189016447e-4,0.11764098409493115,0.38974979251363384,Bakersfield,9,28.87791672623832,12.484020334331714,47.66112884592335,76706
post10,0.25293288015774873,0.020763736656827923,12.181472166503063,3.901747275898732e-34,0.2122367041258919,0.29362905618960555,Bakersfield,10,28.77968372131905,23.64405210158147,34.128626953587585,76706
post11,0.26250759959467046,0.07887469461424017,3.328159948872587,8.74216584368598e-4,0.1079160388591644,0.4170991603301765,Bakersfield,11,30.018634902019436,11.395421259343452,51.75529865296604,76706
post12,0.12191193326727102,0.06892660364930137,1.7687210280599213,0.0769404413048904,-0.013181727462026685,0.25700559399656875,Bakersfield,12,12.96546124087039,-1.3095228976200857,29.305236006958758,76706
post1,0.36600361467529413,0.04931392499399564,7.421912060738584,1.1544145669231743e-13,0.2693500977507531,0.4626571315998352,Baltimore,1,44.19604548639271,30.911337847712495,58.82886750497875,49311
post2,0.3080499721651398,0.05267977580746923,5.847594592865803,4.9873223686616144e-9,0.20479950886885567,0.4113004354614239,Baltimore,2,36.07689878106866,22.72789817439711,50.87785790611798,49311
post3,0.33396426093086595,0.01717984481351993,19.439306033081735,3.5898873418966844e-84,0.3002923838363797,0.3676361380253522,Baltimore,3,39.64932333144269,35.02535421769295,44.431641153024295,49311
post4,0.3539418522218569,0.03455029946928336,10.244248462637083,1.2559714480158741e-24,0.2862245096069882,0.42165919483672565,Baltimore,4,42.46723425400156,33.13913318453632,52.44888824574363,49311
post5,0.3462133547250256,0.060613651163308205,5.711804982548255,1.117841457231519e-8,0.22741278147346722,0.46501392797658403,Baltimore,5,41.370420411562556,25.534794538114692,59.20363625778624,49311
post6,0.3166015006783935,0.08751627300684886,3.617630068108783,2.9731292967532884e-4,0.14507275752379487,0.4881302438329921,Baltimore,6,37.24555403350804,15.612368390447596,62.926703813818904,49311
post7,0.37497350690040615,0.07626747311380422,4.9165586794894995,8.807880505146295e-7,0.22549200640547304,0.5244550073953392,Baltimore,7,45.495286789635905,25.293901858988143,68.95378118100976,49311
post8,0.2342978267069512,0.028743259297005323,8.151400795781083,3.597327151593357e-16,0.17796207368652472,0.2906335797273777,Baltimore,8,26.402089533431862,19.478000677443006,33.72744896822009,49311
post9,0.17626627913475357,0.03728286408445273,4.72780950346189,2.26954958351177e-6,0.10319320828872434,0.24933934998078278,Baltimore,9,19.27556223035851,10.870559949523638,28.317740542170444,49311
post10,0.14755617325229614,0.06706623601850484,2.2001558759251467,0.027795837653128368,0.01610876607736375,0.2790035804272285,Baltimore,10,15.899838771005737,1.623921174795262,32.181207651301634,49311
post11,0.23754140984162692,0.027089496595421793,8.768764270125718,1.806377774808241e-18,0.1844469721552798,0.290635847527974,Baltimore,11,26.812750866275415,20.255321078915212,33.72775223575248,49311
post12,0.08775048513582798,0.05767857161781228,1.5213706351342602,0.1281668536034803,-0.025297437914798215,0.20079840818645417,Baltimore,12,9.17156887497419,-2.4980138979961097,22.237832551990234,49311
post1,0.8071651303614107,0.08443132255902484,9.560019977149262,1.1773397637374287e-21,0.6416827789786379,0.9726474817441835,Boston,1,124.15444846856767,89.96749241440638,164.49376222032686,43832
post2,0.7775333327542073,0.04789147888389341,16.23531682200156,2.8377899154925158e-59,0.6836677589754158,0.8713989065329989,Boston,2,117.60979303864735,98.11307329976529,139.02522553204486,43832
post3,0.54114455469055045,0.11538362378078172,4.689959779029608,2.7325875718851497e-6,0.314996807674499,0.7672923017066019,Boston,3,71.7972050306096,37.025493665023745,115.39261685479292,43832
post4,0.23098962638671788,0.19495484482658104,1.1848365532654037,0.23608207700074574,-0.15111484808497577,0.6130941008584115,Boston,4,25.98461702244792,-14.025104753184237,84.61346978937698,43832
post5,0.2816333592056257,0.19523129990518923,1.4425625365522647,0.14914374318352577,-0.10101295726348314,0.6642796756747346,Boston,5,32.52927245220574,-9.607867953673344,94.30903618590709,43832
post6,0.4197836976864211,0.11702918678235773,3.5870000401447197,3.3450427219738107e-4,0.19041070645298908,0.6491566889198531,Boston,6,52.163238741418084,20.9746346272232,91.39261131578964,43832
post7,0.6407743956396319,0.10188811138488815,6.289000619700076,3.1951619529224395e-10,0.4410773668724457,0.8404714244068181,Boston,7,89.79500746243332,55.438095528354836,131.74592261453694,43832
post8,0.46189518303648053,0.060176551449859804,7.675667214352421,1.645598355865653e-14,0.3439513094809338,0.5798390565920273,Boston,8,58.70789417114579,41.0509955373781,78.5751002768698,43832
post9,0.5219131927627313,0.05939683696703434,8.786885285699586,1.5376365177578461e-18,0.4054975315117467,0.6383288540137159,Boston,9,68.52487731575239,50.00486358938399,89.33142295993753,43832
post10,0.21791754481945366,0.0570108627684295,3.8223863705519694,1.321663869968809e-4,0.10617830706577638,0.3296567825731309,Boston,10,24.34845316502454,11.202013987835135,39.04908058792722,43832
post11,0.25663205700021413,0.0513940966341128,4.993415076973545,5.932087624842509e-7,0.15590147857938186,0.3573626354210464,Boston,11,29.2569447373372,16.871105434428713,42.95541828518778,43832
post12,0.46189518303632304,0.22158001530984617,2.0845525368812363,0.03710993662991539,0.027606333335190858,0.8961840327374553,Boston,12,58.70789417112079,2.7990918998789027,145.02352313348936,43832
post1,-0.45892004734628206,0.15777500185741944,-2.90869936265953,0.003629356884411334,-0.7681533686475642,-0.14968672604499988,Cape Coral,1,-36.80342297799597,-53.61311273058329,-13.902234394347058,21916
post2,-0.9685039628644176,0.3050537392937264,-3.1748634358875254,0.0014990703402848868,-1.5663983052293924,-0.3706096204994429,Cape Coral,2,-62.03494151644888,-79.12041513737287,-30.96866268450785,21916
post3,-0.3183011584346253,0.08952241636520768,-3.5555469943540428,3.7719351303286305e-4,-0.4937618703194314,-0.14284044654981917,Cape Coral,3,-27.261630231002677,-38.96738974526025,-13.310762646916308,21916
post4,-0.5451673039753727,0.22667647926344126,-2.4050457539610206,0.016170441088345203,-0.9894450394740579,-0.10088956847668756,Cape Coral,4,-42.02552183809806,-62.82170413521757,-9.596713890035247,21916
post5,-0.6571265651609169,0.24904668592217122,-2.6385677959443856,0.008325705112955707,-1.145249100037431,-0.16900403028440297,Cape Coral,5,-48.166139110742876,-68.18553419272048,-15.549450021816845,21916
post6,-0.3168007616023784,0.21860556654742508,-1.4491889049570497,0.1472848351346571,-0.7452597988553056,0.1116582756505487,Cape Coral,6,-27.15241189648617,-52.53890194679721,11.81307028654166,21916
post7,-0.5068443639044364,0.21235648551209776,-2.3867618767667067,0.016997496793711188,-0.9230554273916498,-0.09063330041722312,Cape Coral,7,-39.76064826372878,-60.269674658838454,-8.664742449347607,21916
post8,-0.8845134426177207,0.30257392897410706,-2.9232969463585654,0.0034634604111774404,-1.4775474460677507,-0.2914794391676906,Cape Coral,8,-58.70849687326643,-77.18033327256644,-25.28426243774492,21916
post9,-0.36038376726612636,0.1945608453210494,-1.852293387559294,0.06398370473038731,-0.7417160168970514,0.020948482364798626,Cape Coral,9,-30.259136789588993,-52.37041179394581,2.1169442047585196,21916
post10,-0.49655089265759605,0.15479549900739564,-3.207786375196041,0.0013376081490629093,-0.7999444956809971,-0.19315728963419498,Cape Coral,10,-39.13737390362262,-55.06460954924734,-17.564769813068526,21916
post11,-0.4185893523018328,0.15150041297982056,-2.7629584901368407,0.005728005058609833,-0.7155247053852256,-0.12165399921844006,Cape Coral,11,-34.202566455589675,-51.106450260977,-11.45453164805128,21916
post12,-0.6653161638164576,0.22877937671946671,-2.9081124940395306,0.0036361750960276907,-1.1137155025921337,-0.2169168250407817,Cape Coral,12,-48.5889041274022,-67.1663244139584,-19.500307789326833,21916
post1,0.04335229224882917,0.08212272837216107,0.5278963949220815,0.5975712470241462,-0.11760529767277217,0.2043098821704305,Chandler,1,4.430573086831213,-11.095310775116218,22.66782202745223,16437
post2,-0.10049494429685214,0.11195420661018593,-0.8976433073816166,0.36937574281394026,-0.31992115717057257,0.11893126857686827,Chandler,2,-9.561031527301179,-27.379370902464007,12.629250394132585,16437
post3,-0.03135089521142388,0.07125981092288798,-0.4399519842306271,0.6599718840585274,-0.17101755816541825,0.10831576774257047,Chandler,3,-3.086455158261192,-15.71932247990695,11.439958127443251,16437
post4,-0.07970652085168836,0.004066792444015182,-19.599357958134046,1.565870710690592e-85,-0.08767728757455774,-0.07173575412881898,Chandler,4,-7.661269845633456,-8.394354817270766,-6.922318275113848,16437
post5,0.039271380690863,0.05499057757633879,0.7141474489215148,0.4751360081845723,-0.0685081708478169,0.1470509322295429,Chandler,5,4.005269557405122,-6.621416974956085,15.841296208225607,16437
post6,-0.027294464327922284,0.12170308008999099,-0.22427094127560224,0.8225464858263167,-0.26582811811189827,0.21123918945605372,Chandler,6,-2.6925336443909154,-23.342912417237972,23.520776840434543,16437
post7,0.14020461494400938,0.09402676917625481,1.491113819737796,0.13593161461288003,-0.04408446622411091,0.32449369611212964,Chandler,7,15.050918614723319,-4.312686940077059,38.33300832475428,16437
post8,-0.0020466109734667334,0.06831896106960789,-0.029956705158052835,0.9761015819387081,-0.1359493141310922,0.13185609218415875,Chandler,8,-0.20445180932423535,-12.711312560282295,14.09441166766725,16437
post9,-0.12614534701929825,0.12742595582604832,-0.9899501730361885,0.32219847408068947,-0.37589563113394475,0.12360493709534828,Chandler,9,-11.85132839947941,-31.332600331110672,13.156874184895218,16437
post10,-0.08204224731336651,0.09397681657251072,-0.8730051762294403,0.3826602563610374,-0.2662334231772144,0.10214892855048135,Chandler,10,-7.876696174663833,-23.373975627664144,10.754840502453833,16437
post11,-0.16981695842666472,0.10300359258682353,-1.6486508301496674,0.099219188862739,-0.37170029017507566,0.03206637332174625,Chandler,11,-15.618074353419175,-31.04391202723865,3.2586039196092598,16437
post12,-0.20088141180353183,0.06798987791105571,-2.9545782103966225,0.0031309678265229535,-0.33413912382247635,-0.06762369978458732,Chandler,12,-18.199056793456958,-28.40458309826277,-6.538789785052335,16437
post1,-0.7118307864106539,0.13330062382554697,-5.340040923906254,9.292560245653098e-8,-0.9730952082254478,-0.45056636459586,Charleston,1,-50.92550746158943,-62.208848883905276,-36.273287614230654,60269
post2,-0.6353254332693914,0.11103822332080777,-5.721682266419476,1.0547442253179394e-8,-0.8529563518854901,-0.41769451465329266,Charleston,2,-47.023694226211575,-57.38467910237258,-34.14366208388265,60269
post3,-0.5118949494681405,0.08012763177726409,-6.388494681723374,1.6752664979090917e-10,-0.6689422219180653,-0.35484767701821573,Charleston,3,-40.06412525062929,-48.7749861720623,-29.87197438269821,60269
post4,-0.559255900899618,0.046766782111921056,-11.958400292780913,5.868149499534431e-33,-0.6509171095118153,-0.4675946922874207,Charleston,4,-42.83657418269067,-47.843277690985055,-37.34925995136328,60269
post5,-0.39877470684121225,0.050822375092350096,-7.846439803661139,4.280140511015497e-15,-0.49838473163100394,-0.29916468205142055,Charleston,5,-32.88581120019101,-39.248883882459204,-25.856270203472587,60269
post6,-0.3943932329824442,0.07726227653382892,-5.1046027981036906,3.314900392003548e-7,-0.545824512352323,-0.24296195361256542,Charleston,6,-32.59110698847297,-42.0636106332868,-21.569864696294218,60269
post7,-0.3446317234236329,0.0374486621366038,-9.20277798353646,3.488130745018399e-20,-0.41802975248058516,-0.27123369436668066,Charleston,7,-29.151877753208865,-34.16573591932005,-23.75617019512952,60269
post8,-0.3946188690026424,0.15005960984147906,-2.6297474011795208,0.0085448332539721,-0.6887302998260736,-0.10050743817921126,Charleston,8,-32.60631514699936,-49.77866752355905,-9.562161454075358,60269
post9,-0.4158962674499541,0.0399616731195383,-10.407378745276098,2.2945259712409375e-25,-0.4942197075262116,-0.33757282737369665,Charleston,9,-34.02512956495903,-38.9953263493654,-28.64999895175795,60269
post10,-0.221107941890875,0.13898125165557554,-1.5909192013813955,0.11162776068100454,-0.4935061896621007,0.051290305880350745,Charleston,10,-19.836985385380768,-38.951782892251515,5.262843315501664,60269
post11,-0.187979703017712,0.04402290191009974,-4.270043428795085,1.9543490878508362e-5,-0.27426300525644703,-0.10169640077897697,Charleston,11,-17.13684742186008,-23.98678697771063,-9.669624764122398,60269
post12,-0.3303230186656189,0.11496904540551245,-2.873147441561525,0.0040640439918023,-0.5556582069973734,-0.10498783033386438,Charleston,12,-28.130845485053534,-42.6305472855646,-9.96645206982112,60269
post1,-0.3745205792862431,0.14429093054862693,-2.595593346457956,0.009442774943895307,-0.6573256064573221,-0.09171555211516413,Charlotte,1,-31.238114149507425,-48.176455162917705,-8.763536717138765,115059
post2,-0.3641658731550268,0.06542158849993299,-5.566448041159989,2.5998425515271068e-8,-0.4923898304262952,-0.2359419158837584,Charlotte,2,-30.522405949290565,-38.88359309618134,-21.017345102243436,115059
post3,-0.2496761373256029,0.04501521842447895,-5.546482857669104,2.9147318963945505e-8,-0.3379043441937855,-0.16144793045742029,Charlotte,3,-22.09469515767063,-28.673648756848113,-14.908916315006627,115059
post4,-0.23817502418986256,0.05697723241540063,-4.18017889063852,2.9127986032706122e-5,-0.3498483476628159,-0.12650170071690922,Charlotte,4,-21.193525137169942,-29.5205034581725,-11.88273490829862,115059
post5,-0.26120795232363686,0.0604206924130165,-4.3231539045945215,1.538143524763376e-5,-0.37963033337412166,-0.14278557127315206,Charlotte,5,-22.987924543808326,-31.58857433161758,-13.306005420506628,115059
post6,-0.46434125538607096,0.10130031755612841,-4.58380848736026,4.565824514590285e-6,-0.6628862294185531,-0.2657962813535888,Charlotte,6,-37.1450977875188,-48.4638266335993,-23.340471865218472,115059
post7,-0.4808025324405906,0.07078300899057521,-6.792626356200959,1.1011029995422427e-11,-0.6195346807794928,-0.3420703841016884,Charlotte,7,-38.17130027264821,-46.18051882715171,-28.970179075163372,115059
post8,-0.44413854806839326,0.12652271231658457,-3.5103464029214906,4.475232732221699e-4,-0.6921185074352213,-0.19615858870156525,Charlotte,8,-35.86234468113149,-49.94853988048062,-17.811811683836975,115059
post9,-0.22526108130210218,0.08626376229400283,-2.6113060143884153,0.0090197143127136465,-0.394334948569272,-0.05618721403493235,Charlotte,9,-20.169223168232598,-32.58717798620252,-5.463786573730878,115059
post10,-0.2885101116096658,0.03780446246108527,-7.63164168533408,2.3178291208347682e-14,-0.3626054964882893,-0.21441472673104223,Charlotte,10,-25.06207723210493,-30.413910107496367,-19.298637451218926,115059
post11,-0.4006606577118746,0.0745965488485633,-5.371034771665461,7.828611063110946e-8,-0.5468672068260415,-0.2544541085977077,Charlotte,11,-33.01226598175781,-42.12398910268813,-22.46603663026152,115059
post12,-0.2914613657464793,0.10329854586621941,-2.821543742967564,0.004779311909308445,-0.4939227952996282,-0.08899993619333041,Charlotte,12,-25.282912056545868,-38.97721062662309,-8.515436805229692,115059
post1,-3.334466429313682,0.4048327494932514,-8.236651885223203,1.7709681475610227e-16,-4.12792403808278,-2.5410088205445835,Chicago,1,-96.43664058188236,-98.38836990539319,-92.12131221352907,87664
post2,-3.234313661313402,0.1949660258023775,-16.58911417003383,8.354346377634934e-62,-3.616440050094969,-2.852187272531835,Chicago,2,-96.06127713558851,-97.31218086074695,-94.22820621518859,87664
post3,-3.4280573821494085,0.17102786808046933,-20.043852622524028,2.283870683485928e-89,-3.763265843939796,-3.092848920359021,Chicago,3,-96.75500826278935,-97.67921766534428,-95.46274925600574,87664
post4,-3.6367878100925277,0.3811358371183197,-9.541972850386998,1.4014055952552265e-21,-4.3838003240619585,-2.889775296123097,Chicago,4,-97.36631929368487,-98.7522151466633,-94.44112977949021,87664
post5,-3.819109367036957,0.3630350927967898,-10.519945434516758,6.991406159876537e-26,-4.5306450740428215,-3.107573660031093,Chicago,5,-97.80526607840098,-98.92262760190074,-95.52906961871722,87664
post6,-3.3887292794510637,0.22579914119079894,-15.007715536825748,6.536027035172292e-51,-3.831287463925104,-2.9461710949770232,Chicago,6,-96.62484615652646,-97.831831673229,-94.74595061349336,87664
post7,-3.4300971726105445,0.27025304778329806,-12.692168324262385,6.535111519622512e-37,-3.9597834129779907,-2.900410932243098,Chicago,7,-96.76162061977732,-98.09327564380766,-94.49993861137128,87664
post8,-4.552097130374142,0.5525113110738409,-8.238921157155772,1.7377040008197163e-16,-5.6349994011298765,-3.4691948596184083,Chicago,8,-98.94549332006167,-99.64293206284091,-96.88579056724677,87664
post9,-4.191810648228357,0.36960477111355006,-11.341332622950768,8.18878816751739e-30,-4.916222688125084,-3.4673986083316284,Chicago,9,-98.48811149076566,-99.26732459216512,-96.88019163750893,87664
post10,-3.721807020529941,0.2802446118394727,-13.280565846032516,3.0011766740218956e-40,-4.271076366596715,-3.1725376744631673,Chicago,10,-97.58097838896806,-98.6033258274513,-95.8102858421437,87664
post11,-3.855338335196019,0.4659295986149763,-8.274508309101652,1.289867765040104e-16,-4.768543567812576,-2.9421331025794624,Chicago,11,-97.88335592533679,-99.15072597427833,-94.72469190965795,87664
post12,-3.1621912328212636,0.33618002877451075,-9.40624356642634,5.141852604509938e-21,-3.8210919815409436,-2.5032904841015835,Chicago,12,-95.76671218165399,-97.80961307906912,-91.81846568671955,87664
post1,-2.39403873667699,0.8536655561738321,-2.804422316635546,0.005040683281399434,-4.067192481620055,-0.7208849917339253,Cincinnati,1,-90.87396379885763,-98.287459904402,-51.36783252045338,60269
post2,-3.08718591706617,1.0658729885978036,-2.896391924827254,0.0037748063863224128,-5.176258586811937,-0.9981132473204037,Cincinnati,2,-95.43698189864962,-99.43508974481,-63.14258060999733,60269
post3,-1.9885736029076575,0.7432709562000165,-2.6754356353089173,0.007463220234672636,-3.4453579078143375,-0.5317892980009775,Cincinnati,3,-86.31094534700934,-96.81066548778172,-41.244727834387575,60269
post4,-1.9885736284998463,0.7600689180100835,-2.6163069971418893,0.008888659949599954,-3.478281333567937,-0.49886592343175584,Cincinnati,4,-86.3109456973422,-96.9139595778285,-39.27810978922422,60269
post5,-2.6817208076840866,1.0658362357334592,-2.5160720922934754,0.011867090599068241,-4.77072144313941,-0.592720172228764,Cincinnati,5,-93.15547283925505,-99.15257357457283,-44.71785319821632,60269
post6,-2.1708951853835674,0.7113614617498519,-3.0517469698786637,0.0022751379890607703,-3.5651380304030442,-0.7766523403640906,Cincinnati,6,-88.59245474880917,-97.17069200905742,-54.00568298871802,60269
post7,-3.0871859054397253,1.087780752500078,-2.838058954752009,0.004538879835918953,-5.219197003415756,-0.9551748074636945,Cincinnati,7,-95.43698184559794,-99.45883270629416,-61.525511760287486,60269
post8,-2.681720771892745,0.7304342599262889,-3.6714060648844273,2.4121973610296345e-4,-4.113345614422439,-1.250095929363051,Cincinnati,8,-93.15547259428023,-98.36470278358985,-71.35226860442539,60269
post9,-1.700891556106043,0.5610091893551727,-3.0318425943451257,0.002430659177900726,-2.8004493622381927,-0.6013337499738931,Cincinnati,9,-81.74792759751448,-93.92172569819684,-45.19198534907424,60269
post10,-3.0871859171993004,0.8123211650722477,-3.800449932785792,1.444335993299565e-4,-4.679306144620521,-1.4950656897780792,Cincinnati,10,-95.43698189925709,-99.07145455850944,-77.57661256267218,60269
post11,-2.394038735405206,0.8791623927187101,-2.723090472514313,0.006467434392761783,-4.117165361695937,-0.6709121091144756,Cincinnati,11,-90.8739637872513,-98.37093729097194,-48.875794347971926,60269
post12,-1.3824368222727923,0.9597089287000851,-1.4404751075362896,0.1497330276532562,-3.263431758166477,0.49855811362089253,Cincinnati,12,-74.9033752818401,-96.17431158898103,64.63457150092297,60269
post1,0.19659506908027383,1e-6,196595.06908027382,0,0.1965931091162893,0.19659702904425835,Clearwater,1,21.725103831420654,21.724865254834945,21.725342408473992,5479
post2,-0.007806300458251769,1e-6,-7806.30045825177,0,-0.007808260422236309,-0.0078043404942672295,Clearwater,2,-0.7775910424157262,-0.7777855145731594,-0.7773965698771312,5479
post3,0.2750564856221624,1e-6,275056.4856221624,0,0.27505452565817784,0.27505844558614695,Clearwater,3,31.66050420222051,31.660246152626968,31.66076225231982,5479
post4,0.1680843660054201,1e-6,168084.3660054201,0,0.16808240604143557,0.16808632596940462,Clearwater,4,18.30364144942831,18.30340957877905,18.303873320532027,5479
post5,0.1071236662157242,1e-6,107123.6662157242,0,0.10712170625173965,0.10712562617970874,Clearwater,5,11.307189535751473,11.306971377882547,11.307407694047967,5479
post6,0.11331563646745932,1e-6,113315.63646745932,0,0.11331367650347478,0.11331759643144386,Clearwater,6,11.9985385395063,11.99831902661954,11.998758052823266,5479
post7,0.1847746005359533,1e-6,184774.6005359533,0,0.18477264057196877,0.18477656049993782,Clearwater,7,20.29472658985705,20.29449081675645,20.294962363419742,5479
post8,-0.02455415775948627,1e-6,-24554.157759486272,0,-0.02455611772347081,-0.02455219779550173,Clearwater,8,-2.425515666712419,-2.4257069090001138,-2.4253244240499017,5479
post9,0.40722829077645484,1e-6,407228.29077645484,0,0.4072263308124703,0.4072302507404394,Clearwater,9,50.264710698323256,50.264416185190754,50.26500521203299,5479
post10,-0.021051527208278124,1e-6,-21051.527208278127,0,-0.021053487172262665,-0.021049567244293584,Clearwater,10,-2.083149055016076,-2.083340968329339,-2.082957141326669,5479
post11,-0.1041854274080797,1e-6,-104185.4274080797,0,-0.10418738737206425,-0.10418346744409517,Clearwater,11,-9.89417989571889,-9.894356499708024,-9.894003291383624,5479
post12,0.21960164964302822,1e-6,219601.64964302824,0,0.2195996896790437,0.21960360960701275,Clearwater,12,24.5580454329412,24.5578013038974,24.558289562463465,5479
post1,-13.952085730578569,1.1966335292317171e-4,-116594.47432946596,0,-13.952320266440568,-13.95185119471657,Cleveland,1,-99.99991276592584,-99.99991278638295,-99.99991274546392,54790
post2,-13.95208573057859,1.1966335292473021e-4,-116594.47432794761,0,-13.952320266440593,-13.951851194716587,Cleveland,2,-99.99991276592584,-99.99991278638295,-99.99991274546392,54790
post3,-13.952085730578567,1.1966335292326626e-4,-116594.47432937381,0,-13.952320266440566,-13.951851194716568,Cleveland,3,-99.99991276592584,-99.99991278638295,-99.99991274546392,54790
post4,-13.95208573057856,1.19663352935781e-4,-116594.47431717996,0,-13.952320266440584,-13.951851194716536,Cleveland,4,-99.99991276592584,-99.99991278638295,-99.99991274546392,54790
post5,-3.0884329230343432,0.7937511232565129,-3.890933609471276,9.985925535046115e-5,-4.644156537305322,-1.532709308763365,Cleveland,5,-95.44266846312807,-99.03823616413372,-78.4050200658042,54790
post6,-1.9898206343669804,0.7937511232582928,-2.5068570941971156,0.012180994812893507,-3.5455442486414475,-0.4340970200925136,Cleveland,6,-86.3280053893944,-97.11470849241338,-35.21506019723498,54790
post7,-2.395285742472563,0.2742305993415119,-8.73456772593639,2.4458967751398094e-18,-2.93276784064076,-1.8578036443043662,Cleveland,7,-90.8853369262394,-94.67505519998532,-84.39850814078936,54790
post8,-13.952085730578576,1.1966335292485782e-4,-116594.47432782315,0,-13.952320266440578,-13.951851194716573,Cleveland,8,-99.99991276592584,-99.99991278638295,-99.99991274546392,54790
post9,-14.001118437792611,1.1958913207434489e-4,-117076.84632319721,0,-14.00135282818442,-14.000884047400803,Cleveland,9,-99.99991694007741,-99.99991695954358,-99.9999169206067,54790
post10,-14.001118437792625,1.1958913206282008e-4,-117076.84633448003,0,-14.00135282818441,-14.00088404740084,Cleveland,10,-99.99991694007741,-99.99991695954358,-99.9999169206067,54790
post11,-14.00111843779258,1.19589132071666e-4,-117076.84632581957,0,-14.001352828184384,-14.000884047400778,Cleveland,11,-99.99991694007741,-99.99991695954358,-99.9999169206067,54790
post12,-3.08760410745176,0.7936875708257446,-3.8902009064340617,1.0016126166753595e-4,-4.643203161247302,-1.5320050536562178,Cleveland,12,-95.43888971000689,-99.03731880429416,-78.38980633435156,54790
post1,-0.4388841574411789,0.07542331377555685,-5.818945568305331,5.9220013551279305e-9,-0.58671113603593406,-0.2910571788464238,Columbia,1,-35.52445345732502,-44.38466069695739,-25.252706284411353,60269
post2,-0.334901149028529,0.08857433449771135,-3.781017954328321,1.56188408305948e-4,-0.5085036545986469,-0.16129864345841116,Columbia,2,-28.45911982875905,-39.86051997847233,-14.89621237423786,60269
post3,-0.2667699382855429,0.11553333466048774,-2.3090300221099556,0.020941915339180217,-0.4932111132339119,-0.04032876333717389,Columbia,3,-23.415075621061465,-38.9337663444015,-3.952638127208097,60269
post4,-0.20992629171401528,0.11142564066454447,-1.8840034525447753,0.05956450846219377,-0.42831653437082406,0.008463950942793536,Columbia,4,-18.93560050524259,-34.839487326699334,0.8499871447182894,60269
post5,0.11787005168932028,0.092119262615046,1.2795375076099271,0.20070784025468003,-0.06268038531855687,0.29842048869719745,Columbia,5,12.509789729630928,-6.07563782283187,34.77283732976877,60269
post6,0.058328657998319884,0.0823255701787571,0.7085120439696723,0.4786273355511281,-0.1030264945587687,0.21968381055540845,Columbia,6,6.006333675896758,-9.789692765797275,24.568279656019065,60269
post7,-0.08023545327895411,0.094134710647207,-0.8523471600147178,0.3940214383014432,-0.26473609584257896,0.10426518928467075,Columbia,7,-7.710097879800937,-23.259155446581293,10.989474808646493,60269
post8,-0.38499895415533963,0.0727754258530344,-5.2902329274283035,1.22160683449459e-7,-0.5276361677868522,-0.2423617405238271,Columbia,8,-31.954865214937566,-41.00020211621814,-21.52277577225281,60269
post9,0.0532622753669025,0.12651499625573895,0.42099574709102067,0.6737581874162394,-0.19470256079856557,0.3012271115323706,Columbia,9,5.47062323108205,-17.692056225864437,35.151625161221524,60269
post10,-0.15296842135073266,0.1235299515134768,-1.2383103812199279,0.21560099598666674,-0.3950826773291263,0.08914583462766096,Columbia,10,-14.184317918322254,-32.637565651504296,9.324007696109081,60269
post11,0.07823218067836954,0.059120941436006554,1.3232566799202494,0.18575003263119386,-0.03764273526830503,0.1941070966250441,Columbia,11,8.1373703605137635,-3.6943054281536547,21.422631553351714,60269
post12,-0.15843269087830616,0.17816381610868268,-0.8892529040894577,0.3738671761721228,-0.5076273537995413,0.1907619720429289,Columbia,12,-14.651959112567258,-39.807796606679126,21.017136317876982,60269
post1,-0.09822616664841444,0.14453496507014224,-0.6796014140989737,0.4967568740444977,-0.3815094926926479,0.18505715939581902,Columbus,1,-9.355612680351877,-31.717009586708123,20.32872173323843,109580
post2,-0.23435834097313593,0.12082096506207936,-1.9397158502476752,0.05241423221572274,-0.47116308107218363,0.0024463991259117412,Columbus,2,-20.892171066500108,-37.57242374511779,0.24493940019760796,109580
post3,0.02157503316410084,0.20377043364714162,0.10587911493313684,0.9156782647800296,-0.3778076778984054,0.42095774422660714,Columbus,3,2.180945705774384,-31.463770169077133,52.34199037624276,109580
post4,0.36034876677369454,0.15801255073977033,2.2805072450678314,0.022577621584404458,0.05064985821843687,0.6700476753289522,Columbus,4,43.3829399419883,5.195449557004972,95.43304917640158,109580
post5,0.15712052516045796,0.14344542865197304,1.095333093825272,0.27337073407181456,-0.12402734874431912,0.43826839906523507,Columbus,5,17.013663630821753,-11.664431811629338,55.00208757484022,109580
post6,0.005314512292339214,0.17628713104609742,0.03014691010513705,0.9759498888615915,-0.3402019154959045,0.3508309400805829,Columbus,6,0.5328659363282862,-28.83733801866667,42.02471987378558,109580
post7,0.26388850058594854,0.13987804134698203,1.8865613075846956,0.05921935510612311,-0.010267422682140759,0.5380444238540378,Columbus,7,30.198301786379233,-1.0214892634328732,71.26543592046997,109580
post8,0.21192876165538166,0.12102843251020824,1.7510659045964787,0.07993455841673558,-0.025282607169963056,0.4491401304807264,Columbus,8,23.6059827086057,-2.4965678601964303,56.696422126489,109580
post9,-0.1935363464529988,0.15241274912356897,-1.2698173057431619,0.2041497147965485,-0.4922598455199326,0.10518715261393499,Columbus,9,-17.596011527613996,-38.87564836941664,11.091850220290311,109580
post10,-0.15431563329916895,0.16910741089714762,-0.9125302816742009,0.36148963626238756,-0.4857600681763945,0.17712880157805658,Columbus,10,-14.299851988671552,-38.47705972810667,19.378484459705447,109580
post11,0.19850574132322787,0.17478571712282875,1.1357091677218119,0.2560783024700329,-0.14406796924952223,0.541079451895978,Columbus,11,21.95790293915603,-13.417110368112406,71.78602091652483,109580
post12,0.15712052516046257,0.15569646661632452,1.009146376761698,0.31290443911092153,-0.14803894192767628,0.4622799922486014,Columbus,12,17.013663630822286,-13.760246913413987,58.76897818295062,109580
post1,-10.19698050150264,1.0000000000000002e-6,-10196980.501502639,0,-10.196982461466625,-10.196978541538655,Corpus Christi,1,-99.9962717275976,-99.99627173490488,-99.99627172029031,21916
post2,-10.196980501506987,1e-6,-10196980.501506988,0,-10.196982461470972,-10.196978541543002,Corpus Christi,2,-99.99627172759762,-99.99627173490488,-99.99627172029034,21916
post3,-10.196980501504012,1.0000000000000002e-6,-10196980.50150401,0,-10.196982461467996,-10.196978541540027,Corpus Christi,3,-99.9962717275976,-99.99627173490488,-99.99627172029032,21916
post4,-10.196980501504243,1.0000000000000002e-6,-10196980.50150424,0,-10.196982461468227,-10.196978541540258,Corpus Christi,4,-99.9962717275976,-99.99627173490488,-99.99627172029032,21916
post5,-10.196980501504418,1.0000000000000002e-6,-10196980.501504418,0,-10.196982461468403,-10.196978541540433,Corpus Christi,5,-99.9962717275976,-99.99627173490488,-99.99627172029032,21916
post6,-10.196980501506463,1.0000000000000002e-6,-10196980.50150646,0,-10.196982461470448,-10.196978541542478,Corpus Christi,6,-99.9962717275976,-99.99627173490488,-99.99627172029034,21916
post7,-10.19698050150642,1.0000000000000002e-6,-10196980.501506418,0,-10.196982461470405,-10.196978541542435,Corpus Christi,7,-99.9962717275976,-99.99627173490488,-99.99627172029034,21916
post8,-10.196980501506435,1e-6,-10196980.501506435,0,-10.19698246147042,-10.19697854154245,Corpus Christi,8,-99.9962717275976,-99.99627173490488,-99.99627172029034,21916
post9,-10.196980501506431,1.0000000000000002e-6,-10196980.50150643,0,-10.196982461470416,-10.196978541542446,Corpus Christi,9,-99.9962717275976,-99.99627173490488,-99.99627172029034,21916
post10,-10.196980501505223,1.0000000000000004e-6,-10196980.501505218,0,-10.196982461469208,-10.196978541541238,Corpus Christi,10,-99.9962717275976,-99.99627173490488,-99.99627172029032,21916
post11,-10.19698050150769,1e-6,-10196980.50150769,0,-10.196982461471675,-10.196978541543706,Corpus Christi,11,-99.99627172759762,-99.99627173490488,-99.99627172029034,21916
post12,-10.196980501507547,1e-6,-10196980.501507547,0,-10.196982461471531,-10.196978541543562,Corpus Christi,12,-99.99627172759762,-99.99627173490488,-99.99627172029034,21916
post1,0.424765554874961,0.06227270246128528,6.821055423747447,9.037406390804402e-12,0.30271330083086306,0.5468178089190588,Dallas,1,52.923185667949646,35.35263539283897,72.77462420263625,147933
post2,0.48428721020713833,0.03293343590989107,14.705031431648765,5.984312975001021e-49,0.4197388619365937,0.548835558477683,Dallas,2,62.30177259748109,52.15641654145331,73.12359207084715,147933
post3,0.3180291693650457,0.027175097372262116,11.702963378878678,1.2307894489967663e-31,0.2647669572390429,0.3712913814910485,Dallas,3,37.441635149513615,30.312725601627697,44.96054000374667,147933
post4,0.2653348210408115,0.0329429725107793,8.05436792183799,7.989057156130229e-16,0.20076778137599105,0.329901860705632,Dallas,4,30.386746496310877,22.23408885439031,39.08316265313756,147933
post5,0.03590101881822354,0.04470206136658483,0.8031177471618759,0.4219066809051345,-0.05171341149498207,0.12351544913142914,Dallas,5,3.655324214817579,-5.039902742706682,13.146748459692992,147933
post6,0.2120720709393415,0.04311943796500105,4.918247568798902,8.73224306428047e-7,0.12755952549433036,0.29658461638435263,Dallas,6,23.623697862823544,13.605249031459454,34.52563859128182,147933
post7,0.1829947335307613,0.048087184043868116,3.8054782613975093,1.4153044515588287e-4,0.08874558468683065,0.27724388237469194,Dallas,7,20.08080840453419,9.280259524183032,31.948813169642285,147933
post8,0.260847992068596,0.041934700158852506,6.220337598229623,4.960863066593516e-10,0.178657490054759,0.343038494082433,Dallas,8,29.803033952970704,19.56111653147108,40.92230076289969,147933
post9,0.24152920084844617,0.02682020941145976,9.005492729122592,2.1469951771860732e-19,0.18896255634416287,0.2940958453527295,Dallas,9,27.31946327382253,20.79957198600826,34.1912513581738,147933
post10,0.028893130875820634,0.02556690644031709,1.1300988229948048,0.2584345856506811,-0.021217084943306007,0.07900334669494727,Dallas,10,2.931458664863529,-2.0993586052343582,8.22079438841119,147933
post11,0.041524877781744324,0.027991665087931394,1.4834729427956672,0.13794880001481205,-0.013337777657908403,0.09638753322139705,Dallas,11,4.2399094106057245,-1.32492236432743,10.118572736780651,147933
post12,-0.10706250536025258,0.0393324955942351,-2.7219860764681445,0.006489087642469765,-0.1841527801470337,-0.029972230573471453,Dallas,12,-10.153048792538355,-16.819128973882545,-2.952751736136938,147933
post1,-1.3589763697341533,0.5521718692196749,-2.4611474171160665,0.013849344771770538,-2.4412133466808763,-0.27673939278743,Detroit,1,-74.30763627941963,-91.2944840734238,-24.17479226757274,71227
post2,-1.8698019935010883,0.8409978078761451,-2.223313754197629,0.02619465070511104,-3.5181274080154683,-0.22147657898670858,Detroit,2,-84.58458176766634,-97.03450852379564,-19.866531000142174,71227
post3,-1.0225041331134495,0.7319891667533531,-1.3968842430396058,0.16244838366516098,-2.4571765370235052,0.41216827079660634,Detroit,3,-64.03069079120579,-91.43234857497083,51.00885187488156,71227
post4,-2.9684142821714103,0.8409978078781637,-3.529633792578741,0.00041613523660047797,-4.616739696689747,-1.3200888676530742,Detroit,4,-94.86152725590014,-99.01150284127131,-73.28884366666747,71227
post5,-2.9684142821714126,0.8409978078781637,-3.5296337925787435,4.161352366004738e-4,-4.6167396966897485,-1.3200888676530764,Detroit,5,-94.86152725590016,-99.01150284127131,-73.28884366666753,71227
post6,-1.582119921047212,0.8409978078774789,-1.8812414327692324,0.0599390839375925,-3.230445335564206,0.066205493469782,Detroit,6,-79.44610902351205,-96.0460113650629,6.844625333646981,71227
post7,-1.8698019935009775,0.6589132748267079,-2.8377057572451085,0.004543904949017546,-3.1612482810966673,-0.5783557059052877,Detroit,7,-84.58458176766463,-95.7627185129825,-43.918023854232345,71227
post8,-1.1766548129408512,0.25863519864939605,-4.549476711156843,5.377948527220775e-6,-1.6835704874280297,-0.6697391384536726,Detroit,8,-69.16916353532368,-81.4290283328404,-48.81579197105095,71227
post9,-1.176654812940817,0.6254485461916678,-1.8812975425483407,0.05993145513180168,-2.402511437659422,0.04920181177778793,Detroit,9,-69.16916353532261,-90.95095933406753,5.043231896420264,71227
post10,-1.358976369734157,0.5028425095378359,-2.702588472448752,0.006880187142327149,-2.344529578324054,-0.3734231611442602,Detroit,10,-74.30763627941973,-90.41076986610494,-31.1626121874641,71227
post11,-2.2752671016087467,0.8409978078772975,-2.705437612675336,0.006821446017909444,-3.9235925161253853,-0.6269416870921083,Detroit,11,-89.72305451177236,-98.02300568253389,-46.577687333280416,71227
post12,-11.932614134619346,0.001464186924190465,-8149.6521635834,0,-11.935483888257394,-11.929744380981298,Detroit,12,-99.99934274858973,-99.99934463203554,-99.9993408597311,71227
post1,0.23397306608273352,0.03184917261390281,7.346283965336026,2.0379318255218633e-13,0.1715498348220846,0.2963962973433824,Fort Worth,1,26.361045776991276,18.714330233343233,34.500307237299424,131496
post2,0.46952483527145566,0.02059696831376279,22.795822575389483,5.044196608171507e-115,0.4291555191857679,0.5098941513571434,Fort Worth,2,59.92341130068222,53.595988705478945,66.51149354615184,131496
post3,0.27247783054616126,0.036105867708761,7.546635708745068,4.4664564054167204e-14,0.201711630206422,0.3432440308859005,Fort Worth,3,31.321434534496362,22.3495138194846,40.95126845899764,131496
post4,0.24351623127158556,0.04791791454347737,5.0819455227049986,3.735885681047322e-7,0.14959884455210187,0.33743361799106925,Fort Worth,4,27.57270243444183,16.13682600642492,40.13465811030763,131496
post5,0.10643589328808756,0.041894004723361924,2.540599639278082,0.011066255691872676,0.0243251528621473,0.1885466337140278,Fort Worth,5,11.230661784012064,2.462342297125386,20.749339157517866,131496
post6,0.2091250720483346,0.039491862384126684,5.295396555731697,1.1875840695729242e-7,0.1317224440930342,0.28652770000363503,Fort Worth,6,23.25991525906619,14.079164186260984,33.17950581112281,131496
post7,0.11114150875753188,0.05712790479854479,1.9454854707075302,0.0517165767277829,-8.271271598488117e-4,0.22311014467491258,Fort Worth,7,11.755303920769222,-0.08267851844717677,24.995824239837305,131496
post8,0.2907167641092615,0.04218671500074819,6.8911922652452455,5.5326700301154094e-12,0.20803232208173944,0.37340120613678357,Fort Worth,8,33.738573466089235,23.12529655647142,45.26670418650427,131496
post9,0.11246484192206364,0.06905874035915412,1.6285388545630461,0.10341067750040399,-0.022887801999581084,0.24781748584370838,Fort Worth,9,11.90329131747847,-2.2627863178847796,28.122606895799997,131496
post10,-0.12232891766982686,0.06024907253086568,-2.0303867351179155,0.042317243938112446,-0.24041492993226504,-0.00424290540738867,Fort Worth,10,-11.514272456074137,-21.369846667230153,-0.42339170010534666,131496
post11,-0.09665491611825872,0.04711421418211038,-2.0515022439864725,0.04021806132892884,-0.18899707907510127,-0.004312753161416161,Fort Worth,11,-9.2130756873823,-17.221107539951685,-0.4303466596517813,131496
post12,-0.08838473594546412,0.06277390112625238,-1.4079853945623455,0.15913539485752262,-0.2114193213219971,0.03464984943106886,Fort Worth,12,-8.459138163582802,-19.056541746947964,3.5257149448276737,131496
post1,0.25272409514055594,0.08102201185091033,3.1192029100140943,0.0018134103243447701,0.09392386995779428,0.4115243203233176,Fresno,1,28.752799259473292,9.847611570077785,50.911640956113736,65748
post2,0.2747805783226192,0.046133615630589216,5.956189961846911,2.581862101955507e-9,0.1843603532100503,0.3652008034351881,Fresno,2,31.624183118906004,20.2449051409604,44.08032973546512,65748
post3,0.26209939146113104,0.0446866977526023,5.865266503069537,4.484118836123754e-9,0.17451507327800359,0.3496837096442585,Fresno,3,29.965571069021713,19.066868952992056,41.86187821874756,65748
post4,0.43860509956028165,0.0405413520435836,10.818709230238877,2.8070271101168783e-27,0.3591455096702985,0.5180646894502648,Fresno,4,55.05428564152424,43.21051715627136,67.8775551768236,65748
post5,0.4426285878949413,0.04520979707414178,9.790545778585399,1.2362675035091814e-22,0.3540190138812591,0.5312381619086235,Fresno,5,55.679401480880706,42.478227686337334,70.10371646958178,65748
post6,0.3489710120184718,0.03837009253785323,9.094870221493514,9.46994996854403e-20,0.27376701256081043,0.4241750114761332,Fresno,6,41.76080961490647,31.49084094041936,52.832904550208504,65748
post7,0.3192435301414908,0.08502488214656022,3.7547071172789175,1.7354428909245782e-4,0.1525978233444702,0.48588923693851144,Fresno,7,37.608640261995554,16.485640667083178,62.56199275990526,65748
post8,0.3322394604133702,0.04399440073567801,7.55185784685402,4.290926920963629e-14,0.24601201945001888,0.41846690137672155,Fresno,8,39.408663710873995,27.89149453036215,51.96300261420148,65748
post9,0.22575502142835716,0.0795007773060194,2.8396580395606286,0.004516191808338449,0.06993636116561991,0.3815736816910944,Fresno,9,25.326860371554805,7.243993025542839,46.45875715248893,65748
post10,0.23715948128742573,0.06468636510362764,3.666297849747716,2.460872834548761e-4,0.110376535393507,0.36394242718134445,Fresno,10,26.76432670355664,11.669846780366754,43.89913649842359,65748
post11,0.3337433357570544,0.06910121296566211,4.829775360425274,1.3668716933570478e-6,0.19830744705632447,0.4691792244577843,Fresno,11,39.618474688159445,21.93372178377111,59.86814959044986,65748
post12,0.1825617140411703,0.03942535721953087,4.630565882374081,3.6466772543141366e-6,0.10528943381326361,0.259833994269077,Fresno,12,20.02882233047312,11.103213409076872,29.671480670812667,65748
post1,-0.2014060331275572,1e-6,-201406.0331275572,0,-0.20140799309154173,-0.20140407316357267,Gilbert,1,-18.241960057620854,-18.242120300277552,-18.241799814650093,5479
post2,0.24070246733278272,1e-6,240702.46733278272,0,0.2407005073687982,0.24070442729676725,Gilbert,2,27.214247505031807,27.21399816993273,27.214496840619585,5479
post3,0.15812197973417033,1e-6,158121.97973417034,0,0.1581200197701858,0.15812393969815486,Gilbert,3,17.1309061962047,17.130676624072038,17.13113576878729,5479
post4,-0.037428874028697774,1e-6,-37428.87402869778,0,-0.037430833992682315,-0.03742691406471323,Gilbert,4,-3.673707170425322,-3.6738959663050186,-3.6735183741755995,5479
post5,0.1106081399239419,1e-6,110608.13992394191,0,0.11060617995995736,0.11061009988792644,Gilbert,5,11.69571301804735,11.695494098687153,11.695931937836646,5479
post6,-0.04094175819622724,1e-6,-40941.75819622724,0,-0.04094371816021178,-0.0409397982322427,Gilbert,6,-4.01149662444058,-4.011684758265755,-4.011308490246668,5479
post7,0.1261123264711492,1e-6,126112.32647114921,0,0.12611036650716467,0.12611428643513373,Gilbert,7,13.440958535229663,13.440736195254456,13.441180875640658,5479
post8,0.02986764424721313,1e-6,29867.64424721313,0,0.02986568428322859,0.02986960421119767,Gilbert,8,3.0318156393339235,3.031613700883895,3.0320175781797243,5479
post9,-0.04970733651598746,1e-6,-49707.33651598746,0,-0.049709296479972,-0.04970537655200292,Gilbert,9,-4.849214464053109,-4.849400955983107,-4.849027971757602,5479
post10,-0.00803464018716673,1e-6,-8034.640187166729,0,-0.00803660015115127,-0.008032680223182188,Gilbert,10,-0.8002448738960943,-0.8004393016528777,-0.8000504457582269,5479
post11,-0.39329698588848094,1e-6,-393296.98588848097,0,-0.3932989458524655,-0.3932950259244964,Gilbert,11,-32.51716966601893,-32.517301929806344,-32.51703740197228,5479
post12,0.13477038920303172,1e-6,134770.38920303172,0,0.1347684292390472,0.13477234916701625,Gilbert,12,14.427401651642047,14.427177378275747,14.427625925447906,5479
post1,0.13486042491794334,0.1358195157691152,0.9929384901297819,0.3207399309327065,-0.13134093438719233,0.40106178422307903,Henderson,1,14.437704668368024,-12.308124833684097,49.340953479747625,21916
post2,0.15359662854085634,0.060529895865394395,2.5375333353029808,0.011163673562078156,0.03496021265672343,0.27223304442498925,Henderson,2,16.602045253361442,3.5578505062464405,31.289292803995195,21916
post3,0.07815750682484846,0.1502342583946452,0.5202375786988558,0.6028979965280806,-0.2162962288727403,0.3726112425224372,Henderson,3,8.129295627848766,-19.450334483795306,45.1519940901874,21916
post4,-0.06151161816085955,0.07437582592032767,-0.8270377827703262,0.40821564669307203,-0.20728555828512235,0.08426232196340326,Henderson,4,-5.965797936889472,-18.72124813643574,8.791424018037809,21916
post5,0.14098519011195368,0.08103635956808805,1.7397769453537169,0.08189819220180604,-0.01784315607973669,0.29981353630364405,Henderson,5,15.14075956408858,-1.7684909573834506,34.96071313781501,21916
post6,0.11395651772396566,0.16522003187173706,0.6897257943421287,0.4903666415390157,-0.2098687942691988,0.4377818297171301,Henderson,6,12.070339309038513,-18.93093937540582,54.926686655509684,21916
post7,0.27687472746382763,0.14204117237613878,1.9492568445621987,0.05126475950616812,-0.0015208547152499308,0.5552703096429052,Henderson,7,31.90011260685701,-0.15196988017839308,74.2411911864831,21916
post8,-0.14471979336648025,0.1716019173717545,-0.8433460160760474,0.3990349542411534,-0.4810533710931373,0.19161378436017676,Henderson,8,-13.473528794247425,-38.18680735540736,21.120264121721743,21916
post9,-0.10872028704166886,0.10662256936035434,-1.0196742368327743,0.30788298412518866,-0.3176966829270872,0.10025610884374947,Henderson,9,-10.301872030079206,-27.21764837638133,10.545399836975754,21916
post10,0.09195040842051552,0.092538221936874,0.9936478840412618,0.320394323366728,-0.08942117376913183,0.2733219906101629,Henderson,10,9.631045296573504,-8.553965425432109,31.432337648481834,21916
post11,0.009965068571672316,0.10349566035235433,0.09628489289063828,0.9232943090643629,-0.19288269827513213,0.21281283541847676,Henderson,11,1.0014885205376078,-17.542130703067095,23.715307833496666,21916
post12,0.026914626885442692,0.016537530527345513,1.627487661530735,0.10363356700610747,-0.005498337341386193,0.05932759111227158,Henderson,12,2.728009691828537,-0.5483249150613267,6.112279820640354,21916
post1,0.28561079470385736,0.01846705328690413,15.465964724669833,5.888442905500858e-54,0.24941603536094326,0.32180555404677147,Houston,1,33.05744878234238,28.327581014190596,37.96164890311389,295866
post2,0.22422501252997412,0.03736081063875618,6.001609940908901,1.953705859080024e-9,0.15099916924479112,0.2974508558151571,Houston,2,25.135255775725906,16.299569191668994,34.6422204905128,295866
post3,0.34147981403534955,0.030882295966309536,11.057461997251778,2.0172494151023854e-28,0.2809516261814763,0.4020080018892228,Houston,3,40.70281907980713,32.43895366065806,49.48232940385924,295866
post4,0.31051152419325756,0.03025832142125145,10.262020813063831,1.0449668734692944e-24,0.2512063039749679,0.3698167444115472,Houston,4,36.41227174690322,28.557527626479363,44.746933351246,295866
post5,0.19735420564814263,0.020685163432249097,9.540857933974966,1.4165552214169982e-21,0.15681203030660948,0.23789638098967578,Houston,5,21.81754489222214,16.977571085230213,26.857773724472732,295866
post6,0.2118117875538587,0.03370018556246477,6.285181639764454,3.2747058399679114e-10,0.14576063757911106,0.27786293752860636,Houston,6,23.591524855449197,15.691923191754853,32.030522051030474,295866
post7,0.07974709649846617,0.03169181152009794,2.5163312752851983,0.011858366339951486,0.01763228731424265,0.1418619056826897,Houston,7,8.301313522307542,1.7788653773011864,15.241749524091318,295866
post8,0.12072467534313391,0.05343935397761115,2.2590968332759505,0.023877362093042982,0.015985466189928813,0.22546388449633903,Houston,8,12.831421687364376,1.6113917292091884,25.29037840480839,295866
post9,0.10198205051274152,0.026917545137923143,3.7886831800669203,1.5144790362719225e-4,0.04922463149018093,0.1547394695353021,Houston,9,10.736359494080695,5.04562898011125,16.73537902585167,295866
post10,0.15034406117107546,0.024354656950884554,6.17311348192137,6.695811508341482e-10,0.10260981069151365,0.19807831165063727,Houston,10,16.223405355417817,10.805897195129454,21.905785651663944,295866
post11,0.03986187667714485,0.08176361506897782,0.4875258590696654,0.6258857220616152,-0.12039186410384808,0.2001156174581378,Houston,11,4.0667023877657416,-11.342704747722344,22.154398180623303,295866
post12,-0.0535822498327003,0.052879351284038624,-1.0132924956829765,0.3109204708992349,-0.15722387387525785,0.05005937420985724,Houston,12,-5.217202089503948,-14.54872656750842,5.133351661977503,295866
post1,0.3866741011550568,0.3902595873049515,0.9908125610067511,0.32177711462981323,-0.37822063458411287,1.1515688368942265,Indianapolis,1,47.2076665005176,-31.492066820351205,216.31514878287126,115059
post2,-0.007980095261922587,0.19950009083147843,-0.040000459291337005,0.968092760125927,-0.39899308820408963,0.3830328976802445,Indianapolis,2,-0.7948338830988,-32.9004660879741,46.67262811669235,115059
post3,0.12285950570931735,0.1615782951847037,0.7603713454760365,0.4470326463682061,-0.19382813353608347,0.4395471449547182,Indianapolis,3,13.072554930346513,-17.620052439460554,55.20042264023635,115059
post4,0.15990077737749822,0.10697663853986782,1.4947261342288929,0.13498593081092106,-0.049769581347802155,0.36957113610279857,Indianapolis,4,17.339443794214795,-4.855136924372649,44.71138666720822,115059
post5,0.12285950581816045,0.11750707028388511,1.0455499019875518,0.29576888960739894,-0.10745011986707116,0.3531691315033921,Indianapolis,5,13.07255494265367,-10.187868025563917,42.35718939283883,115059
post6,-0.36619231851230605,0.12361666790667425,-2.9623215437967225,0.0030532874459524356,-0.6084765354982359,-0.12390810152637621,Indianapolis,6,-30.663055939298555,-45.582072430064336,-11.653897412791082,115059
post7,-0.029720081881369757,0.2689964509752077,-0.110485033440493,0.9120247187841691,-0.556943437761871,0.4975032739991315,Indianapolis,7,-2.9282783140741175,-42.70423290947727,64.46099999293831,115059
post8,-0.27789971132347285,0.16765770454752993,-1.657542145608286,0.09740991539628241,-0.6065027739672887,0.05070335132034298,Indianapolis,8,-24.262722638119214,-45.47455834935852,5.2010769384198685,115059
post9,-0.4630421445210736,0.12551071887507853,-3.6892637431384796,2.2490397346806078e-4,-0.7090386331899591,-0.21704565585218819,Indianapolis,9,-37.06338923839581,-50.7882924857213,-19.510677961979084,115059
post10,0.1868082302945058,0.1557913693293214,1.1990922931014174,0.2304920605034121,-0.11853724269314206,0.4921537032821537,Indianapolis,10,20.53961044279633,-11.17812646169959,63.583553317368136,115059
post11,0.013297303181075937,0.13914381166228204,0.09556517837350909,0.9238659222130742,-0.2594195563486212,0.286014162710773,Indianapolis,11,1.3386105490883482,-22.850073228407574,33.111130726324504,115059
post12,0.11338076178270426,0.16700588713300007,0.6789027843815478,0.4971994613737645,-0.21394476220413702,0.4407062857695455,Indianapolis,12,12.005832717150877,-19.26070176003173,55.3804260891148,115059
post1,-0.11821658007987176,0.1533235124332781,-0.7710270799549818,0.4406908805880076,-0.418725142432276,0.18229198227253243,Jacksonville,1,-11.14964004059421,-34.21150049108286,19.99645110990795,126017
post2,-0.35960985213990504,0.14301220547861263,-2.5145395872779854,0.011918792077390281,-0.6399086242276275,-0.07931108005218257,Jacksonville,2,-30.205142389788332,-47.265939200304885,-7.6247481237423305,126017
post3,-0.22164972934785263,0.11257216998150847,-1.9689567091427804,0.04895806253517604,-0.4422871281731302,-0.0010123305225750723,Jacksonville,3,-19.880404938065876,-35.74348895806413,-0.10118182888960714,126017
post4,-0.073489845989528,0.10048649802834725,-0.7313405027688049,0.4645711968509548,-0.2704397630576437,0.12346007107858771,Jacksonville,4,-7.085441970242745,-23.695613795896755,13.14048278656994,126017
post5,-0.3064081088528575,0.13143845392498482,-2.3311907566086574,0.019743303333430592,-0.564022744729455,-0.04879347297626002,Jacksonville,5,-26.391384512712722,-43.1084148805154,-4.762219885843233,126017
post6,-0.37304320553242004,0.15116078094027988,-2.4678570936981385,0.013592457203720291,-0.6693128920503172,-0.0767735190145229,Jacksonville,6,-31.13645206613257,-48.79397023608239,-7.390042619909487,126017
post7,-0.05750434034502588,0.11525736043252235,-0.49892119799751883,0.6178348997696834,-0.2834046157459215,0.16839593505586975,Jacksonville,7,-5.5882207419435614,-24.678503643880013,18.34050694543501,126017
post8,-0.10450548874369484,0.14564723993892129,-0.7175246766606791,0.47305041574476686,-0.38996883347164424,0.18095785598425454,Jacksonville,8,-9.923014670153806,-32.292202366072395,19.83646743292624,126017
post9,-0.3501680572129011,0.16430634748388576,-2.1311900761913267,0.03307348623960903,-0.6722025807126404,-0.028133533713161796,Jacksonville,9,-29.5430328246834,-48.94172613264705,-2.774147115894199,126017
post10,0.008770830722212054,0.09857633081227996,0.08897501712570788,0.9291017648025719,-0.18443522739796264,0.20197688884238674,Jacksonville,10,0.8809407157972293,-16.84261986460883,22.381972389398964,126017
post11,0.026977835408947024,0.13107654513572006,0.2058174128789668,0.8369335388831547,-0.22992747227500307,0.28388314309289714,Jacksonville,11,2.7345031828635236,-20.54087696922613,32.82777032590924,126017
post12,-0.1750017529627834,0.1128072204964572,-1.5513346769170637,0.1208215007428301,-0.39609984233190804,0.046096336406341254,Jacksonville,12,-16.054445076641855,-32.70604952662066,4.717528720181008,126017
post1,-0.025477606667260733,0.044994640330889124,-0.5662364779426892,0.5712330356141168,-0.11366548121313677,0.0627102678786153,Kansas City,1,-2.5155791267945316,-10.744351713996348,6.471831144320683,197244
post2,0.2514781916113369,0.051501531054783146,4.882926516181331,1.0452283100393686e-6,0.1505370455952908,0.352419337627383,Kansas City,2,28.592485580905613,16.245836826773363,42.25049084998196,197244
post3,0.2476587379263788,0.04417349498060291,5.606500867434841,2.0645794131239764e-8,0.16108027869313624,0.33423719715962136,Kansas City,3,28.102269313109616,17.477927477334365,39.687443893105545,197244
post4,0.1824644448678462,0.048479756784609376,3.7637244278785706,1.6740135229590804e-4,0.0874458675907505,0.27748302214494186,Kansas City,4,20.017147793945433,9.138318364272813,31.980371151742325,197244
post5,0.03289495942095663,0.039825312452388614,0.8259812012845534,0.40881475573681864,-0.045161218658779576,0.11095113750069284,Kansas City,5,3.344198019584521,-4.415663037550233,11.734030948048924,197244
post6,0.3005868869962456,0.039561325643071917,7.5979983509193945,3.007461633611853e-14,0.22304811355516374,0.3781256604373274,Kansas City,6,35.06512546726395,24.988070849374,45.95463385839689,197244
post7,0.2853864816149238,0.037098853760144365,7.692595665085402,1.441796009984849e-14,0.2126740643773225,0.3580988988525251,Kansas City,7,33.02760560223348,23.698140922584486,43.06070988842507,197244
post8,0.2944573614457432,0.039807974597932325,7.396944065097893,1.3935421394044912e-13,0.21643516493631051,0.37247955795517584,Kansas City,8,34.23977242512626,24.16425807682936,45.13288107113096,197244
post9,0.2683606967615375,0.037357037042084304,7.183671886483333,6.786362051972998e-13,0.19514224958992357,0.3415791439331515,Kansas City,9,30.781878094910997,21.548387627564768,40.71679577058691,197244
post10,0.3979774493967914,0.06637863398322176,5.99556552334877,2.02778510986884e-9,0.2678777174467103,0.5280771813468725,Kansas City,10,48.88104559548776,30.71872840426164,69.56687085462094,197244
post11,0.29670825196493206,0.053156479832458525,5.581788954048748,2.380571413770015e-8,0.19252346594838365,0.40089303798148046,Kansas City,11,34.54227177491735,21.23049512590798,49.31575488127535,197244
post12,0.39843722009120314,0.05296176741928877,7.523110339895711,5.348824547280981e-14,0.2946340633918103,0.502240376790596,Kansas City,12,48.949512475532345,34.26349494999981,65.24191683644828,197244
post1,0.15669200281378085,0.07311172494602444,2.1431856918908765,0.03209819072724872,0.01339565507197435,0.29998835055558737,Las Vegas,1,16.963531403246446,1.348577883201929,34.98430825624534,82185
post2,0.14843553243603827,0.043291137339657525,3.4287741454198657,6.063138531335155e-4,0.06358646240053241,0.23328460247154414,Las Vegas,2,16.001801182844467,6.565162061556062,26.274080734670523,82185
post3,0.1675183145479827,0.07892167202198339,2.122589527770281,0.0337882632658375,0.012834679785212855,0.3222019493107525,Las Vegas,3,18.23669445027649,1.2917397795373153,38.01634708768453,82185
post4,0.27770597523205554,0.04917982418506917,5.646745994597641,1.6351313823839136e-8,0.18131529106330807,0.374096659400803,Las Vegas,4,32.009799863418166,19.879308846192465,45.3677655277307,82185
post5,0.014081781044249436,0.08092610468246093,0.1740078939855531,0.8618592583741268,-0.14453046954249218,0.17269403163099104,Las Vegas,5,1.4181396360744447,-13.457145721038465,18.850240530404115,82185
post6,0.3068674650750903,0.05278350881715255,5.81369961853257,6.110702435975758e-9,0.20341368881581892,0.41032124133436165,Las Vegas,6,35.916081985707926,22.5579371869131,50.73019150258893,82185
post7,0.1149936180770554,0.04322986966401917,2.6600500758105734,0.00781290345474045,0.030264630479217194,0.19972260567489358,Las Vegas,7,12.18662778849524,3.0727259714831368,22.106399495405448,82185
post8,0.0240246073935877,0.0929554748017958,0.25845285008563657,0.7960574331675985,-0.15816477538375256,0.20621399017092795,Las Vegas,8,2.4315523315740606,-14.629089986623923,22.901617323887645,82185
post9,0.11262805651021907,0.0802213303259704,1.4039664519719077,0.16032883974337248,-0.044602861720573705,0.26985897474101184,Las Vegas,9,11.92155705766118,-4.362277957245397,30.977972568307255,82185
post10,0.26021893744600616,0.037920856321608465,6.862158787741443,6.7827606923157034e-12,0.18589542479273555,0.33454245009927674,Las Vegas,10,29.721406431213083,20.42963142556524,39.73009040464221,82185
post11,0.22780543874324896,0.0762295273884828,2.9884146806040293,0.002804287842447314,0.07839831050331306,0.37721256698318484,Las Vegas,11,25.584096366527852,8.155336695252323,45.821424463187576,82185
post12,0.13867263395957166,0.026626429077966213,5.20808229873849,1.908023003107792e-7,0.08648579192984786,0.19085947598929548,Las Vegas,12,14.874797736527468,9.033587603910998,21.028936541520803,82185
post1,1.018628976598316,0.11373771219262822,8.95594747741319,3.368303309801875e-19,0.7957071570167826,1.2415507961798495,Los Angeles,1,176.9395254249006,121.60075081126669,246.0976574392987,208202
post2,0.964388184138061,0.2605301881480905,3.7016370002768504,2.1421294000110173e-4,0.45375839848235977,1.4750179697937624,Los Angeles,2,162.3182260905437,57.42176181611156,337.11143202468634,208202
post3,0.5859517484178949,0.05254245102333423,11.1519683038325,7.003966397673843e-29,0.4829704367527001,0.6889330600830896,Los Angeles,3,79.67001787024958,62.088198576876444,99.15894929380175,208202
post4,0.6629127895539823,0.14841880683901867,4.466501272126554,7.950918967958703e-6,0.37201727352109865,0.9538083055868658,Los Angeles,4,94.0436192998616,45.06580390489847,159.55756062037847,208202
post5,0.8328118263493357,0.11206244103494069,7.431676649714134,1.0722967279413762e-13,0.6131734779012086,1.0524501747974628,Los Angeles,5,129.97762287389995,84.62812444228317,186.46614475718005,208202
post6,0.9366086200310426,0.07342895214120114,12.755304177975727,2.9123574909721004e-37,0.7926905184117732,1.080526721650312,Los Angeles,6,155.13142537574888,120.93326871378194,194.62309860896406,208202
post7,0.9080352475870176,0.10224217761488816,8.881219754603432,6.613116159507799e-19,0.7076442617608896,1.1084262334131456,Los Angeles,7,147.94462466094677,102.92053470515027,202.95867782718514,208202
post8,1.1512655574675774,0.22122828743260883,5.203970843096994,1.9507462626227283e-7,0.7176660817381891,1.5848650331969658,Los Angeles,8,216.2192314515198,104.96439225333933,387.86328805929804,208202
post9,1.0927693507860619,0.1655597002130293,6.600454998287455,4.098978006797436e-11,0.7682783010772762,1.4172604004948475,Los Angeles,9,198.25222966452935,115.6050985756667,312.5801898355598,208202
post10,0.801063128034691,0.1636082801699244,4.896226078549954,9.769466660808529e-7,0.48039679132910057,1.1217294647402816,Los Angeles,10,122.7908221590762,61.671577373978415,207.0159346778673,208202
post11,0.7848026071627117,0.14609748670747771,5.371773497610367,7.796600352188247e-8,0.4984567949842361,1.071148419341187,Los Angeles,11,119.19742180162811,64.61789179558876,191.87295014167097,208202
post12,0.922423985039448,0.10113639164979127,9.12059417972474,7.471356784383295e-20,0.7242002998795197,1.1206476701993764,Los Angeles,12,151.538025018435,106.30805942998353,206.68398609821526,208202
post1,-1.9958091206223267,0.5287589882107131,-3.7745157342403166,1.6031878995323665e-4,-3.0321576940171635,-0.9594605472274902,Louisville,1,-86.4096352775211,-95.17884998479082,-61.69005056732608,76706
post2,-1.3371585683593004,0.36053236424219326,-3.7088447556431943,2.08207029437391e-4,-2.0437890175350755,-0.6305281191835254,Louisville,2,-73.740925681400455,-87.04630379763168,-46.76893966807205,76706
post3,-1.6556122994770182,0.4363000194490773,-3.794664739111369,1.478430924039697e-4,-2.5107446240513345,-0.8004799749027017,Louisville,3,-80.90249140463928,-91.87922525200516,-55.088665075960755,76706
post4,-1.4837620425523042,0.47305486209722414,-3.136553836428713,0.0017094604874509634,-2.410932534974425,-0.5565915501301831,Louisville,4,-77.32170854305326,-91.02684222906612,-42.68406768995246,76706
post5,-1.8878682270914549,0.6460820113292365,-2.9220256778352205,0.0034776286832106135,-3.154165700355957,-0.6215707538269524,Louisville,5,-84.86057968606787,-95.73260109610933,-46.28998774102566,76706
post6,-1.8878682270914555,0.4402563462614469,-4.288111331325005,1.8019877432959113e-5,-2.7507548097290866,-1.0249816444538244,Louisville,6,-84.86057968606787,-93.61203739584148,-64.11969486285157,76706
post7,-2.1755502995429397,0.5880919974206937,-3.6993366838601136,2.1616368622206952e-4,-3.3281894340837215,-1.0229111650021578,Louisville,7,-88.64543476454753,-96.41420304532835,-64.0453284678659,76706
post8,-2.29333333520152,0.585795932179693,-3.9149014344777657,9.044114679052404e-5,-3.441472264563786,-1.145194405839254,Louisville,8,-89.90705312406443,-96.79824876380326,-68.18379407843608,76706
post9,-0.9387876723948609,0.7291299902413133,-1.2875449987788312,0.19790439585894845,-2.367856193315876,0.49028084852615383,Louisville,9,-60.8898308556969,-90.6318654148154,63.27747179411985,76706
post10,-1.5395615328255479,0.4799316630256114,-3.2078765612582423,0.001337188781631903,-2.4802103073961597,-0.5989127582549362,Louisville,10,-78.55248788864566,-91.62743843757062,-45.059134849380676,76706
post11,-1.9748796040803458,0.3556091842537049,-5.553511246411996,2.7998764241310312e-8,-2.671860797789275,-1.2778984103714164,Louisville,11,-86.12219804555195,-93.08765192574604,-72.13777648087137,76706
post12,-1.1146783388573456,0.4151107194621734,-2.6852554911170383,0.007247438147355585,-1.9282803985997155,-0.3010762791149758,Louisville,12,-67.19792265312645,-85.46019897442369,-25.997867757779304,76706
post1,0.6691882519779709,0.1774037062645253,3.772121034383292,1.618656996195659e-4,0.32148337697557866,1.0168931269803632,Lubbock,1,95.26516160396956,37.91720798244058,176.45921704765667,32874
post2,0.6739829254948667,0.07602197309611244,8.865633159017973,7.607054260763257e-19,0.5249825961928134,0.82298325479692,Lubbock,2,96.20364235961154,69.04294282152495,127.72834306263934,32874
post3,0.5365445702251738,0.09234228871056535,5.810388476583047,6.232804170048558e-9,0.3555570101024661,0.7175321303478814,Lubbock,3,71.00875537464792,42.69752725985268,104.93693882678681,32874
post4,0.8606881844908739,0.07090428283896046,12.138733374480212,6.5837286326867975e-34,0.72171834377687,0.9996580252048778,Lubbock,4,136.47875439669997,105.7966467972375,171.73524035166835,32874
post5,0.8542241864552307,0.10210346500981787,8.366260502257115,5.947562816496521e-17,0.6541050723392421,1.0543433005712193,Lubbock,5,134.95508599290991,92.34204247757474,187.0089748598357,32874
post6,0.5378172517793733,0.1772463230571521,3.034292855857761,0.0024110026238203636,0.19042084219520394,0.8852136613635427,Lubbock,6,71.2265336149996,20.975860801148393,142.35021449444628,32874
post7,0.8634198630251763,0.09773706211295767,8.83410903048524,1.008992035418932e-18,0.671858741329025,1.0549809847213274,Lubbock,7,137.1256214480763,95.7873120269267,187.19205430126763,32874
post8,0.8646358158697136,0.10491939294048795,8.240953284586288,1.7084392957899688e-16,0.6589975844265512,1.070274047312876,Lubbock,8,137.41413039307724,93.28538401853561,191.61785613802934,32874
post9,0.7066575921085698,0.09324175846281489,7.578767322265668,3.488534971818287e-14,0.5239071036662699,0.8894080805508697,Lubbock,9,102.72041791254205,68.86123612946491,143.36886772004897,32874
post10,0.7725108506551874,0.05904856524682816,13.082635410801679,4.138391360714075e-39,0.6567777894326408,0.8882439118777341,Lubbock,10,116.51959179836871,92.85680594441142,143.08571016179226,32874
post11,0.8807244352956158,0.06349017636487625,13.871822157716453,9.386169108798957e-44,0.7562859762483622,1.0051628943428694,Lubbock,11,141.26468800394375,113.03493412471633,173.23523213128706,32874
post12,1.4325340470850043,0.2602207543822217,5.505072224104178,3.6901695380889257e-8,0.9225107404660065,1.9425573537040022,Lubbock,12,318.9301640307819,151.55984825371948,597.656973293483,32874
post1,-0.20584930380965955,0.13522162018972833,-1.5223105855471493,0.12793127693991588,-0.4708788093126812,0.05918020169336213,Mesa,1,-18.60442729316395,-37.554674825535564,6.0966411458943215,27395
post2,-0.23170072634201866,0.16341521874404316,-1.4178650441666079,0.156230169660746,-0.551988669606078,0.08858721692204063,Mesa,2,-20.681653329286988,-42.41964120650225,9.262954424067704,27395
post3,-0.14407907341665216,0.10871984577514007,-1.3252325036833095,0.18509404785209724,-0.3571660555406758,0.0690079087073715,Mesa,3,-13.418071793651553,-30.034369371846616,7.144468285729966,27395
post4,-0.32256907032118887,0.0849700075678608,-3.796269760992677,1.4688965649056477e-4,-0.4891072249202918,-0.1560309157220859,Mesa,4,-27.57140965807845,-38.68264240188927,-14.446725945027927,27395
post5,0.16074536724397603,0.16778156537830644,0.9580633419501988,0.3380308190383692,-0.16810045816725694,0.489591192655209,Mesa,5,17.438589362158872,-15.473108374681088,63.16490534762098,27395
post6,-0.15992320420406528,0.15954419238400566,-1.002375591454607,0.31616222623676227,-0.4726240752192459,0.15277766681111535,Mesa,6,-14.779076746040065,-37.66356347512389,16.506591732414755,27395
post7,-0.12601745763381214,0.058444655002382176,-2.156184472791836,0.031069263491601152,-0.24056687652734987,-0.011468038740274397,Mesa,7,-11.840054399139877,-21.38179334364868,-1.1402531436561891,27395
post8,-0.2614434192730384,0.12385591549788444,-2.1108674399770924,0.03478370742001709,-0.5041965529211281,-0.01869028562494862,Mesa,8,-23.00605620749553,-39.60093449394868,-1.8516705340513973,27395
post9,-0.2357557745869802,0.10145905603481624,-2.323654327180802,0.020144028192213864,-0.4346118703206512,-0.03689967885330919,Mesa,9,-21.00264180003436,-35.24840615344914,-3.6227182706469074,27395
post10,-0.3827875340071781,0.12002903070730596,-3.189124595537357,0.001427043557886858,-0.6180401112927499,-0.14753495672160624,Mesa,10,-31.804222326922382,-46.1000217335326,-13.716772399347455,27395
post11,-0.12933863319754255,0.08526422501856482,-1.5169156017002592,0.1292879940100986,-0.29645344340364854,0.03777617700856348,Mesa,11,-12.13236338275686,-25.654976102892036,3.8498766963235065,27395
post12,-0.45206134009959553,0.16730640714617878,-2.7019965810671014,0.006892447111675567,-0.7799758724889005,-0.12414680771029046,Mesa,12,-36.36848631059109,-54.15829283652221,-11.674983656994797,27395
post1,-0.08100767928175737,1.0000000000000002e-6,-81007.67928175736,0,-0.08100963924574191,-0.08100571931777283,Miami,1,-7.781339031339196,-7.781519776416268,-7.781158285907863,32874
post2,-9.125496234255595,1e-6,-9125496.234255595,0,-9.12549819421958,-9.12549427429161,Miami,2,-99.98911452610002,-99.98911454743514,-99.98911450476487,32874
post3,0.086046405381415475,1e-6,86046.40538141548,0,0.08604444541743093,0.08604836534540002,Miami,3,8.985690235690758,8.985476627872412,8.98590384392779,32874
post4,-9.125496234254829,1.0000000000000004e-6,-9125496.234254826,0,-9.125498194218814,-9.125494274290844,Miami,4,-99.98911452610001,-99.98911454743512,-99.98911450476486,32874
post5,0.2867171008435031,9.999999999999997e-7,286717.1008435032,0,0.28671514087951855,0.28671906080748766,Miami,5,33.204732510280245,33.2044714340578,33.204993587014386,32874
post6,0.2867171008435342,1.0000000000000004e-6,286717.1008435341,0,0.28671514087954963,0.28671906080751874,Miami,6,33.204732510284394,33.20447143406196,33.204993587018535,32874
post7,0.28671710084353463,1.0000000000000002e-6,286717.1008435346,0,0.2867151408795501,0.2867190608075192,Miami,7,33.204732510284465,33.204471434062,33.204993587018606,32874
post8,-9.125496234260401,1e-6,-9125496.234260403,0,-9.125498194224386,-9.125494274296416,Miami,8,-99.98911452610008,-99.9891145474352,-99.98911450476491,32874
post9,-9.125496234256682,1e-6,-9125496.234256683,0,-9.125498194220667,-9.125494274292697,Miami,9,-99.98911452610002,-99.98911454743514,-99.98911450476487,32874
post10,-9.125496234254813,1.0000000000000002e-6,-9125496.234254811,0,-9.125498194218798,-9.125494274290828,Miami,10,-99.98911452610001,-99.98911454743512,-99.98911450476486,32874
post11,-9.125496234254816,1.0000000000000002e-6,-9125496.234254815,0,-9.125498194218801,-9.125494274290832,Miami,11,-99.98911452610001,-99.98911454743512,-99.98911450476486,32874
post12,-9.125496234254815,1.0000000000000002e-6,-9125496.234254813,0,-9.1254981942188,-9.12549427429083,Miami,12,-99.98911452610001,-99.98911454743512,-99.98911450476486,32874
post1,-3.2287819154849604,0.4935773311449651,-6.541592799643097,6.086704580803627e-11,-4.196175708114492,-2.261388122855429,Milwaukee,1,-96.03942874766328,-98.49469659201309,-89.57942660489056,65748
post2,-3.18052582561595,0.3608613223982274,-8.813706618594304,1.2107465138613803e-18,-3.887801020929973,-2.4732506303019273,Milwaukee,2,-95.84362059334907,-97.95096456059655,-91.56896487009443,65748
post3,-2.620912220273623,0.4649614795993457,-5.636837319366856,1.7320158892703977e-8,-3.5322199744867957,-1.7096044660604506,Milwaukee,3,-92.72635191379229,-97.07600681404142,-81.90626546735646,65748
post4,-2.9071212088360943,0.3342146322268971,-8.698366045393428,3.366969503347198e-18,-3.5621698511071123,-2.2520725665650763,Milwaukee,4,-94.53672199321153,-97.16228164009004,-89.48189961303777,65748
post5,-3.4049790919965144,0.6777479516856081,-5.02396072688687,5.061659203037463e-7,-4.7333406678960985,-2.0766175160969302,Milwaukee,5,-96.67924856224411,-99.12029660715285,-87.46464978875673,65748
post6,-2.7548906674674396,0.47150990840950735,-5.842699418046611,5.136164441464928e-9,-3.6790331063038533,-1.830748228631026,Milwaukee,6,-93.63840254158218,-97.47526254353352,-83.9706413356785,65748
post7,-3.265677573351418,0.5592062982592955,-5.839844049533886,5.224970858633231e-9,-4.361701777867601,-2.1696533688352355,Milwaukee,7,-96.18289373754043,-98.72433398348302,-88.57827987086301,65748
post8,-3.17157738247979,0.7796634802387584,-4.067879877493492,4.74428259586668e-5,-4.699689723808913,-1.643465041150668,Milwaukee,8,-95.806260560811893,-99.09019004125157,-80.66909433702412,65748
post9,-3.5307346016422145,0.5335478506835486,-6.617465700815504,3.6540896215132963e-11,-4.576469173010724,-2.4850000302737048,Milwaukee,9,-97.07166036671698,-98.9708831441122,-91.66744480104903,65748
post10,-2.8376313238895516,0.537870126820081,-5.275681214470472,1.3226383716926886e-7,-3.891837400816901,-1.7834252469622018,Milwaukee,10,-94.14357785245096,-97.9592185766531,-83.19384919034853,65748
post11,-2.4321671758706804,0.48764247701453733,-4.987603193964938,6.113296766536373e-7,-3.3879288681510746,-1.4764054835902862,Milwaukee,11,-91.21537521270469,-96.62214356380235,-77.1542591844339,65748
post12,-2.837631594706745,0.5185678610026164,-5.472054494893635,4.448479858288802e-8,-3.8540059258118458,-1.8212572636016444,Milwaukee,12,-94.14357943847055,-97.88053380921926,-83.81778301409429,65748
post1,0.01113057357628058,0.1511084396405407,0.07365950970546832,0.9412813177988896,-0.28503652587922373,0.30729767303178485,Minneapolis,1,1.1192748878480208,-24.801321316080514,35.97456674502331,38353
post2,-0.07716203348915376,0.13558713468163158,-0.5690955389708309,0.5692913056165485,-0.3429079342321333,0.18858386725382578,Minneapolis,2,-7.426015940316266,-29.029645204536003,20.75383516654361,38353
post3,0.3831796847673874,0.1571130615473188,2.4388786075050963,0.014732916463709205,0.07524374263381778,0.6911156269009571,Minneapolis,3,46.694159344751675,7.8146909227923,99.59410170988288,38353
post4,-0.2749877600592491,0.11799557625491187,-2.330492114934707,0.019780156289052973,-0.5062548398539259,-0.043720680264572265,Minneapolis,4,-24.041857960034886,-39.72512524728563,-4.277870906671788,38353
post5,-0.5059744969574178,0.23156712517052777,-2.1850014184216104,0.028888742590319334,-0.9598377222951308,-0.05211127161970486,Minneapolis,5,-39.70822524552374,-61.70449740043076,-5.077676064097703,38353
post6,-0.32628105038134364,0.14727358997146947,-2.2154756358186987,0.02672743485614381,-0.614931982599343,-0.03763011816334427,Minneapolis,6,-27.839764768668886,-45.93223304516657,-3.6930903214313804,38353
post7,-0.17401185946387251,0.08801402132401737,-1.977092477382214,0.048031177949958724,-0.34651617139348684,-0.0015075475342581912,Minneapolis,7,-15.971306775317618,-29.285261636378756,-0.1506411755292758,38353
post8,0.1051595234205144,0.20486072575594513,0.5133220290637511,0.6077260769012887,-0.296360120907875,0.5066791677489039,Minneapolis,8,11.088780884474957,-25.648037715964854,65.97702144370558,38353
post9,-0.08747140316125562,0.09373417492556921,-0.933185822894514,0.35072403329234747,-0.2711870101359486,0.09624420381343737,Minneapolis,9,-8.375492701115927,-23.752610727502155,10.102790637991399,38353
post10,-0.3873169613457587,0.23476104784427446,-1.6498348635872513,0.09897671599461291,-0.847440160093421,0.07280623740190362,Minneapolis,10,-32.11241165920359,-57.14895526780405,7.552212076329878,38353
post11,-0.40851914066431155,0.18568711999126086,-2.2000402649550383,0.027804038387752646,-0.7724592082401502,-0.044579073088472865,Minneapolis,11,-33.536624916176635,-53.81241783053905,-4.360002839599897,38353
post12,-0.22619760212647527,0.3427480180319924,-0.659953056549438,0.5092839547175603,-0.8979713732416652,0.4455761689887147,Minneapolis,12,-20.243951355447855,-59.260472501907934,56.13895609589663,38353
post1,-0.07176053433221766,0.16927119369678068,-0.42393825414124464,0.671610844717117,-0.4035259775980111,0.26000490893357575,Miramar,1,-6.924624730421536,-33.203932544028525,29.6936453225046,16437
post2,-0.23123324501054082,0.10483752415377236,-2.205634355418154,0.027409611573388476,-0.4367110165802826,-0.025755473440799037,Miramar,2,-20.644564814556055,-35.38418665804935,-2.5426630452580423,16437
post3,0.15878085211457862,0.21710966747151061,0.7313393915792075,0.46457187540628103,-0.26674627682504937,0.5843079810542067,Miramar,3,17.20810594478783,-23.41326348846011,79.37492475729977,16437
post4,0.3371885088106593,0.22751601173432565,1.4820429834380189,0.1383288582389902,-0.10873468009481119,0.7831116977161299,Miramar,4,40.10031402830803,-10.30316305071095,118.82709199575739,16437
post5,0.03506352598767041,0.17676771456880686,0.19835933316896467,0.8427639326448506,-0.31139482819664716,0.381521880171988,Miramar,5,3.5685499654168007,-26.75753631253226,46.451170562882126,16437
post6,-0.2526185464377111,0.21606774044997595,-1.1691636424373928,0.24233770646758948,-0.676103535940612,0.1708664430651899,Miramar,6,-22.32358752388678,-49.140514189279486,18.633229553560838,16437
post7,0.21440669008608373,0.34665164879509114,0.6185076310218891,0.5362407691266944,-0.46501805673372243,0.8938314369058898,Miramar,7,23.91264927935708,-37.18762367762955,144.44775934962598,16437
post8,0.196521179467886,0.4310554037500973,0.45590700814371043,0.648456849775852,-0.6483318872236763,1.0413742461594484,Miramar,8,21.716109942962248,-47.70826652825616,183.31077277544358,16437
post9,0.19652117931389224,0.31321169703831087,0.6274388254722636,0.5303716243162133,-0.4173624664178677,0.8104048250456521,Miramar,9,21.716109924218728,-34.12179097215498,124.88181803519672,16437
post10,0.3506718591414054,0.09084907765299875,3.859938572858262,1.1341553162941235e-4,0.17261093891284524,0.5287327793699657,Miramar,10,42.00212824495804,18.84036535114959,69.67807500856402,16437
post11,0.5448278736345856,0.10523818742864528,5.177092906545883,2.2537000241243558e-7,0.33856481647616504,0.7510909307930063,Miramar,11,72.43115573502533,40.29326791594414,111.9310777330428,16437
post12,0.014199622519814718,0.03036914057061902,0.46756747978414337,0.6400939253449061,-0.04532279924003274,0.07372204427966217,Miramar,12,1.4300916035031364,-4.431106362571002,7.650754247779412,16437
post1,-0.2095942671474077,0.12605031647855386,-1.6627825538468042,0.09635597010128777,-0.45664834768524887,0.0374598133904335,Nashville,1,-18.90868066435609,-36.6596961451078,3.8170275699977108,126017
post2,-0.10061006216138245,0.11126711845164443,-0.9042209734685146,0.3658782410517086,-0.3186896069901576,0.1174694826673927,Nashville,2,-9.57144206899092,-27.28987985855249,12.464730818406156,126017
post3,-0.059077315606409685,0.08519423377384437,-0.6934426543847515,0.48803180189309275,-0.2260549454936305,0.10790031428081112,Nashville,3,-5.73661139708862,-20.232572814506344,11.393669627085545,126017
post4,0.15255471703451734,0.06759810702061987,2.2567897794531824,0.024021213685034546,0.020064861851018245,0.28504457221801643,Nashville,4,16.480619509174097,2.0267514320151614,32.98212998854284,126017
post5,0.038505945865922084,0.08611832271993507,0.44712837697904384,0.6547823711968277,-0.1302828650741481,0.20729475680599224,Nashville,5,3.925690762184475,-12.215291648255588,23.03451709516984,126017
post6,-0.034775188428745364,0.1340198510425621,-0.25947789195573306,0.7952665376939813,-0.2974492696855898,0.22789889282809908,Nashville,6,-3.417748006879806,-25.728973980989302,25.59583326174739,126017
post7,-0.036640798176365674,0.09348829997683203,-0.3919292380484604,0.6951104989298593,-0.21987449910683318,0.14659290275410183,Nashville,7,-3.597764824867733,-19.738047889130385,15.788249629464657,126017
post8,0.11954624138833421,0.13530860534925362,0.8835080450335425,0.37696183775638104,-0.14565375189454655,0.38474623467121494,Nashville,8,12.698535622983155,-13.554303204087581,46.92414315949349,126017
post9,0.05651666277970508,0.10479552470009773,0.5393041634310589,0.5896769965107524,-0.14887879137346408,0.26191211693287425,Nashville,9,5.814424627780279,-13.832644916281856,29.941234106927816,126017
post10,0.18860609408744097,0.08773268527339198,2.1497813899085383,0.03157251092283741,0.016653190684605135,0.3605589974902768,Nashville,10,20.756519171774613,1.6792628014719257,43.413086608964655,126017
post11,0.1792965131805871,0.06259440775546958,2.8644174393505613,0.00417777045992537,0.0566137283462521,0.30197929801492207,Nashville,11,19.63754326650935,5.824696063348922,35.25332262969829,126017
post12,0.45881527499342684,0.12137968544370166,3.780000527404848,0.00015682802656909731,0.22091546306897097,0.6967150869178826,Nashville,12,58.21984041753223,24.721799012611267,100.7148557824931,126017
post1,0.4376687596621625,0.07274922201899198,6.016129760781556,1.786363961126984e-9,0.29508290460163,0.580254614722695,New York,1,54.90917007685252,34.32377146578798,78.64932403279916,164370
post2,0.4922508344678676,0.06424190759988148,7.662456686899126,1.8240965988873934e-14,0.3663390092739499,0.6181626596617853,New York,2,63.599443153551974,44.244416172376354,85.55156941512092,164370
post3,0.5961841172516763,0.06357119773874105,9.378211178304646,6.7101447408633775e-21,0.47158685922966975,0.7207813752736829,New York,3,81.5179057737611,60.25351743267397,105.60391212838437,164370
post4,0.5180297831044305,0.05346925202783971,9.688367864856406,3.3788485651703656e-22,0.4132319748495694,0.6228275913592916,New York,4,67.87169528709904,51.1695660636676,86.4191769042703,164370
post5,0.39282598891766946,0.08373082544718284,4.691533695263317,2.7116460092510715e-6,0.22871658664538125,0.5569353911899577,New York,5,48.116062853922024,25.698574197671388,74.53155865433357,164370
post6,0.4099555615749822,0.07739142989982457,5.297170011015799,1.1761118397629177e-7,0.2582711462592698,0.5616399768906946,New York,6,50.67508259914844,29.46898213375213,75.35459182652839,164370
post7,0.3234381337185264,0.05499105526192582,5.881649882475804,4.061968758475337e-9,0.2156576459333,0.43121862150375284,New York,7,38.18706624241042,24.067755527824364,53.913200053029,164370
post8,0.548062070203427,0.06436070778615866,8.515476119752876,1.659072317645937e-17,0.4219174009230494,0.6742067394838046,New York,8,72.9897347775804,52.48825655889229,96.24756039400411,164370
post9,0.4693005926863062,0.06971548594761771,6.731654901450815,1.677441202740042e-11,0.3326607510642673,0.6059404343083451,New York,9,59.88755368205902,39.46740765081693,83.29751913391618,164370
post10,0.5367557908814603,0.057010788946499406,9.414986194721278,4.731445712505889e-21,0.4250166978161073,0.6484948839468133,New York,10,71.04487977116396,52.961596069616476,91.26598863819824,164370
post11,0.22415456883667476,0.05276557347728744,4.24812153199018,2.155704483987914e-5,0.12073594519758948,0.32757319247576,New York,11,25.126441096620034,12.832693288230157,38.75966092124739,164370
post12,-0.09796552752546436,0.0659704219010658,-1.4849916781247938,0.1375460285829437,-0.22726517849646571,0.03133412344553699,New York,12,-9.331984127611669,-20.32905159475976,3.183020496025102,164370
post1,0.34389051767557444,0.17898644435354172,1.921321577830258,0.054691178444173275,-0.006916466978249769,0.6946975023293986,Newark,1,41.04242105334348,-0.68926032697324,100.31030482790419,27395
post2,1.442502806343932,0.17898644435342714,8.059285224391417,7.674184771109665e-16,1.0916958216903323,1.7933097909975317,Newark,2,323.1272631601353,197.932219019221,500.93091448372667,27395
post3,-11.544311420703847,0.009321567926047734,-1238.4516759723422,0,-11.562581358118345,-11.52604148328935,Newark,3,-99.99903089852938,-99.99904844319461,-99.99901303037818,27395
post4,-11.544311420703917,0.009321567926086089,-1238.451675967254,0,-11.56258135811849,-11.526041483289344,Newark,4,-99.99903089852938,-99.99904844319461,-99.99901303037818,27395
post5,2.135649986903685,0.1789864443534861,11.93190911534016,8.070119061582733e-33,1.7848430022499697,2.4864569715574003,Newark,5,746.254526320108,495.8644380382585,1101.8618289673611,27395
post6,1.0370376982354312,0.17898644435347738,5.793945468783114,6.875179000684662e-9,0.6862307135817332,1.3878446828891293,Newark,6,182.084842106662,98.62147934606098,300.62060965572243,27395
post7,-11.544311420703844,0.009321567926045644,-1238.4516759726196,0,-11.562581358118337,-11.526041483289351,Newark,7,-99.99903089852938,-99.99904844319461,-99.99901303037818,27395
post8,0.3438905176755745,0.17898644435354186,1.9213215778302568,0.05469117844417342,-0.006916466978249991,0.694697502329399,Newark,8,41.04242105334348,-0.6892603269732622,100.31030482790425,27395
post9,0.3438905176755745,0.1789864443535417,1.9213215778302586,0.05469117844417319,-0.006916466978249658,0.6946975023293986,Newark,9,41.04242105334348,-0.6892603269732289,100.31030482790419,27395
post10,1.4425028063437482,0.17898644435359795,8.0592852243827,7.674184771656833e-16,1.0916958216898138,1.7933097909976825,Newark,10,323.1272631600575,197.93221901906654,500.9309144838173,27395
post11,-11.54431142070388,0.009321567926066282,-1238.4516759698815,0,-11.562581358118413,-11.526041483289346,Newark,11,-99.99903089852938,-99.99904844319461,-99.99901303037818,27395
post12,-11.544311420703863,0.009321567926059631,-1238.4516759707633,0,-11.562581358118385,-11.526041483289342,Newark,12,-99.99903089852938,-99.99904844319461,-99.99901303037818,27395
post1,0.4820001440620398,0.03923645384098896,12.28449813572375,1.0972381681626955e-34,0.40509810765263315,0.5589021804714464,Oklahoma City,1,61.93100185830147,49.94496003213473,74.87516324132312,115059
post2,0.5440953692637056,0.031819619560449125,17.0993675216658,1.500235428563893e-65,0.4817300609234591,0.6064606776039521,Oklahoma City,2,72.30489540853956,61.88727293057492,83.39290324866877,115059
post3,0.39742564840209027,0.07477953056260077,5.3146314962406755,1.068733827716508e-7,0.25086046171858056,0.5439908350856,Oklahoma City,3,48.79891554824085,28.51307468834472,72.28688459930343,115059
post4,0.38572861466611835,0.06558373677089134,5.881467474377276,4.066448652919072e-9,0.2571868526236161,0.5142703767086205,Oklahoma City,4,47.06854941779783,29.328675820777473,67.24178215377954,115059
post5,0.3532589821208258,0.0462477434454686,7.638404726435112,2.1992960364985923e-14,0.262615070601459,0.4439028936401926,Oklahoma City,5,42.369980848853395,30.03260888649928,55.877911090710654,115059
post6,0.3224975925479383,0.07342549325656507,4.392174682723066,1.1222247444350109e-5,0.1785862702179822,0.4664089148778944,Oklahoma City,6,38.057156719570685,19.55260171148252,59.425878221280804,115059
post7,0.37723807123434927,0.03892893926440912,9.690427696272733,3.3113904707485445e-22,0.3009387523197602,0.45353739014893835,Oklahoma City,7,45.82514357684864,35.11265856346575,57.386974139213166,115059
post8,0.38816555371848155,0.04163886847666673,9.322192651224391,1.1396045580808635e-20,0.3065548711472146,0.4697762362897485,Oklahoma City,8,47.427383560132675,35.87360208360417,59.96362126333305,115059
post9,0.364708990569766,0.04745265671722291,7.685744398740801,1.5210992700868312e-14,0.27170349243326647,0.4577144887062656,Oklahoma City,9,44.00948659785817,31.219786702670426,58.04577001157889,115059
post10,0.30206143827173826,0.05304304495389047,5.694647404467744,1.2362713899557089e-8,0.1980989805317739,0.40602389601170263,Oklahoma City,10,35.2644328286454,21.90830533389687,50.0838416081874,115059
post11,0.17617545187484693,0.07157086672029916,2.461552583446352,0.013833711765825705,0.03589913076074425,0.3164517729889496,Oklahoma City,11,19.26472924983973,3.6551285077921936,37.225006112150936,115059
post12,0.17895055619877437,0.06671243225702231,2.6824169070816275,0.007309230708404011,0.04819659165394252,0.3097045207436062,Oklahoma City,12,19.59616098178727,4.937693379451713,36.302230980639735,115059
post1,-0.5520543988914834,0.13155735614721512,-4.196302016541928,2.7130841016115923e-5,-0.809902078841334,-0.2942067189416328,Orlando,1,-42.42342579795852,-55.50983706269301,-25.487755540149738,65748
post2,-0.43161920893095695,0.1154047700783859,-3.7400465218013954,1.8398619922907394e-4,-0.6578084019287189,-0.205430015933195,Orlando,2,-35.054336310802036,-48.20146929683561,-18.57029196056461,65748
post3,-0.487035669857864,0.13401257989291349,-3.6342533682065037,2.787867945421974e-4,-0.749695499923271,-0.224375839792457,Orlando,3,-38.5554884616196,-52.7489589706225,-20.09852236180666,65748
post4,-0.2843207975739333,0.10182576821300486,-2.7922283579454574,0.005234639903773148,-0.4838956359695462,-0.08474595917832037,Orlando,4,-24.747480227728957,-38.36224738014244,-8.12543463416866,65748
post5,-0.28432079754508105,0.10749317294590141,-2.6450126064115023,0.008168787365165516,-0.49500354510298306,-0.07363804998717902,Orlando,5,-24.74748022555775,-39.04312536915021,-7.099211258825722,65748
post6,-0.4468397271209008,0.07055806467750507,-6.332936272603857,2.40538932874378e-10,-0.5851309927076584,-0.30854846153414317,Orlando,6,-36.035358196716196,-44.29671102136113,-26.548764425895875,65748
post7,-0.12305265003527675,0.11676045572512726,-1.0538897717645288,0.2919333862617287,-0.3518989380750097,0.1057936380044562,Orlando,7,-11.578289272662733,-29.664879958912348,11.159246239739652,65748
post8,-0.04137461901979871,0.11199744663726637,-0.36942466334791957,0.7118112174117575,-0.2608855807892873,0.1781363427496899,Orlando,8,-4.0530372957519045,-22.963094040771427,19.498823811051214,65748
post9,-0.2122835018846457,0.0675694889840945,-3.1417064872965983,0.001679663242186694,-0.3447172667472468,-0.07984973702204459,Orlando,9,-19.126461294335538,-29.157938077843816,-7.674493298013019,65748
post10,-0.35787549482637504,0.11453662051586089,-3.124550848580493,0.0017807674073069262,-0.5823631459483938,-0.13338784370435627,Orlando,10,-30.083988136031525,-44.14231928571457,-12.487438567917009,65748
post11,-0.13705501014677576,0.08810481461247127,-1.5555904719805809,0.11980550584504829,-0.3097372736517977,0.03562725335824618,Orlando,11,-12.807773975869674,-26.636032261994767,3.6269508513054882,65748
post12,-0.2548380457733359,0.15469075500576465,-1.6474032062474528,0.09947519678117689,-0.5580263543259436,0.048350262779271846,Orlando,12,-22.4957990873505,-42.76624586122426,4.9538205119883605,65748
post1,0.11494154827093021,0.021585621425007282,5.324912635490245,1.0100157181394032e-7,0.07263450769399979,0.15724858884786064,Overland Park,1,12.180786404617638,7.533743752190936,17.028649791633832,32874
post2,0.37689537599706335,0.04122367192034462,9.142692982937765,6.091613774078696e-20,0.2960984637226928,0.45769228827143393,Overland Park,2,45.77517855654456,34.460254488634725,58.04226136570823,32874
post3,0.27668524174261133,0.07781996745301262,3.5554530642752167,3.773283038891658e-4,0.12416090825662743,0.42920957522859526,Overland Park,3,31.87512178666776,13.219803635501414,53.604291721234574,32874
post4,0.5287408029521725,0.06181378259814089,8.553768766904016,1.1913344522603437e-17,0.4075880153116277,0.6498935905927173,Overland Park,4,69.67943644000931,50.3187743249556,91.53370082940684,32874
post5,0.2926069318480753,0.051349760131180304,5.6983115617399,1.209997751309036e-8,0.19196325137619116,0.3932506123199594,Overland Park,5,33.9916008598649,21.16259905590394,48.17896975539091,32874
post6,0.46356472999164705,0.01356302468331651,34.17856568246645,5.034747988815829e-256,0.4369816900909189,0.4901477698923752,Overland Park,6,58.973085765930634,54.80277325498102,63.255744496998226,32874
post7,0.5244274482947335,0.06649766033469276,7.886404508898675,3.1101734070610324e-15,0.39409442898255803,0.654760467606909,Overland Park,7,68.94912503091643,48.30405840763954,92.46814386059894,32874
post8,0.6252565516061706,0.08790402191825417,7.112945892141593,1.1359182114971227e-12,0.4529678345501729,0.7975452686621682,Overland Park,8,86.87253204213665,57.29735902973563,122.0084523176122,32874
post9,0.3630714213904563,0.03289956351447555,11.03575192511924,2.5689362242495993e-28,0.29858946179499624,0.42755338098591633,Overland Park,9,43.773854086003475,34.795612237710706,53.3501037280832,32874
post10,0.38733119665433524,0.06330476070504365,6.118516085370426,9.445074978781267e-10,0.2632561456225233,0.5114062476861472,Overland Park,10,47.304427782854354,30.115996269908663,66.76346541914222,32874
post11,0.4484239661819076,0.06450735620965889,6.95151673437771,3.6137953260877994e-12,0.32199187127308,0.5748560610907352,Overland Park,11,56.584241917734325,37.98735592963103,77.6874747093149,32874
post12,0.3788548918556067,0.10539343043881706,3.5946727445743343,3.247995823819663e-4,0.17228756398839787,0.5854222197228156,Overland Park,12,46.0611073802502,18.80194156996138,79.57490262549014,32874
post1,-0.1543428212438053,1e-6,-154342.82124380532,0,-0.15434478120778983,-0.15434086127982077,Palm Bay,1,-14.302181967877193,-14.302349932349479,-14.30201400307569,5479
post2,-0.5730531559634121,1e-6,-573053.1559634121,0,-0.5730551159273967,-0.5730511959994276,Palm Bay,2,-43.61985655000088,-43.619967052943196,-43.61974604684199,5479
post3,0.30241558125175205,1e-6,302415.58125175204,0,0.3024136212877675,0.3024175412157366,Palm Bay,3,35.31234426122523,35.31207905416369,35.31260946880654,5479
post4,0.3824582889252951,1e-6,382458.2889252951,0,0.38245632896131054,0.38246024888927965,Palm Bay,4,46.588372949661625,46.58808564201165,46.588660257874714,5479
post5,0.01473350880000157,1e-6,14733.50880000157,0,0.014731548836017029,0.01473546876398611,Palm Bay,5,1.484258195922017,1.484059290625872,1.4844571016079833,5479
post6,0.6367847676762046,1e-6,636784.7676762047,0,0.6367828077122201,0.6367867276401892,Palm Bay,6,89.03930448259754,89.0389339727322,89.0396749931891,5479
post7,0.18658376572665616,1e-6,186583.7657266562,0,0.18658180576267164,0.1865857256906407,Palm Bay,7,20.51255660765683,20.512320407617658,20.51279280815894,5479
post8,0.3872544611887521,1e-6,387254.46118875215,0,0.38725250122476756,0.3872564211527367,Palm Bay,8,47.293124742683545,47.29283605374679,47.293413432186114,5479
post9,-0.4012028991730793,1e-6,-401202.8991730793,0,-0.40120485913706383,-0.4012009392090947,Palm Bay,9,-33.048579662253296,-33.04871088449728,-33.04844843975212,5479
post10,-0.40120289916880447,1e-6,-401202.89916880446,0,-0.401204859132789,-0.4012009392048199,Palm Bay,10,-33.04857966196709,-33.048710884211076,-33.048448439465915,5479
post11,0.13333925120785065,1e-6,133339.25120785064,0,0.13333729124386612,0.13334121117183517,Palm Bay,11,14.263757376149467,14.263533423519736,14.263981329218133,5479
post12,-0.011241977603256273,1e-6,-11241.977603256273,0,-0.011243937567240814,-0.011240017639271732,Palm Bay,12,-1.1179022706398145,-1.1180960758001568,-1.1177084650996316,5479
post1,0.4258908653263229,0.05764344026747212,7.3883665400632035,1.486435161017868e-13,0.3129117984570917,0.5388699321955541,Philadelphia,1,53.095368588487425,36.740091883777716,71.40687533811312,71227
post2,0.306345714676494,0.055234030931743595,5.546321887226844,2.9174152443865205e-8,0.1980890033293053,0.41460242602368275,Philadelphia,2,35.84518621231354,21.907089036119576,51.37687859637492,71227
post3,0.36041293594688545,0.06122405971627653,5.886785972983575,3.937781159222243e-9,0.2404159839156539,0.480409887978117,Philadelphia,3,43.39214100190312,27.177807952612064,61.67369474374842,71227
post4,0.44777507881800965,0.07853216849117067,5.701804590667234,1.1854567899941681e-8,0.2938548569474839,0.6016953006885354,Philadelphia,4,56.48266933991346,34.15891671880416,82.52104595528937,71227
post5,0.2639986140979203,0.061709171347869164,4.278109855173679,1.8848699930999332e-5,0.14305086074028575,0.3849463674555549,Philadelphia,5,30.212639167996947,15.378848271008083,46.95355043993305,71227
post6,0.19181721858626324,0.04885916370452645,3.9259210359446404,8.639849790416952e-5,0.09605501741064482,0.28757941976188167,Philadelphia,6,21.1449066353971,10.081962657340648,33.31964701049437,71227
post7,0.17368983399383345,0.04112528304601182,4.2234319408697,2.4061005251082937e-5,0.09308576036963462,0.2542939076180323,Philadelphia,7,18.968650827590693,9.755585802810218,28.95507573679046,71227
post8,0.37961278755655686,0.04430336137697612,8.56848726051375,1.0485328856754807e-17,0.2927797948636208,0.4664457802494929,Philadelphia,8,46.17184842538986,34.01476505410586,59.431755623859495,71227
post9,0.35448583747886986,0.042624319488623164,8.31651605777508,9.058672433604697e-17,0.27094370641563975,0.43802796854209997,Philadelphia,9,42.544755412315084,31.120125608844894,54.96482482156868,71227
post10,0.3721407727175015,0.035303677940771834,10.541133230986118,5.582214144974562e-26,0.3029468354317876,0.44133471000321545,Philadelphia,10,45.083720521427374,35.384248607775604,55.478101601922326,71227
post11,0.26120921201034264,0.03626621939767095,7.20254871747447,5.909731639484517e-13,0.1901287281354797,0.33228969588520557,Philadelphia,11,29.849929866693437,20.94052721229143,39.41566714678242,71227
post12,0.272320437435452,0.04776862551867805,5.7008221291393815,1.1923099478785245e-8,0.17869565182786207,0.3659452230430419,Philadelphia,12,31.30076707191296,19.565679282732894,44.18762588975183,71227
post1,-0.021505647450497472,0.03634442482061977,-0.5917179197810936,0.5540394947887646,-0.09273941113773582,0.049728116236740866,Phoenix,1,-2.1276049841519207,-8.856902188562133,5.098531168600462,180807
post2,-0.1267752779651512,0.027537960088955142,-4.6036553744588335,4.151392164300784e-6,-0.1807486879472047,-0.0728018679830977,Phoenix,2,-11.906838489958915,-16.535491128855504,-7.021496803929239,180807
post3,-0.018488066103794505,0.05777539071330805,-0.31999898011137023,0.7489691036913342,-0.13172575109460816,0.09474961888701913,Phoenix,3,-1.8318210189526285,-12.341863640308137,9.938355578437319,180807
post4,-0.03327382843865949,0.047272168691502414,-0.7038777648599979,0.4815088996375444,-0.12592557654510614,0.05937791966778716,Phoenix,4,-3.2726343713398998,-11.831953795217354,6.11762043279771,180807
post5,-0.006088140392965504,0.04050765285161735,-0.15029605431020232,0.8805310458367559,-0.0854816810803867,0.0733054002944557,Phoenix,5,-0.606964521901665,-8.193003905007036,7.605911550887812,180807
post6,-0.009047856647343422,0.04867988651372569,-0.1858643742892109,0.8525511205474676,-0.10445868098574285,0.086362967691056,Phoenix,6,-0.9007047962174997,-9.918798269748086,9.020196458906238,180807
post7,-0.029263718485180563,0.041496364078525534,-0.7052116284164908,0.48067854578774855,-0.11059509756845223,0.0520676605980911,Phoenix,7,-2.883968223508915,-10.469881482473431,5.344701695732645,180807
post8,-0.03812325047980063,0.040526933633668,-0.9406892419842369,0.34686413364033347,-0.11755458080563487,0.041308079846033616,Phoenix,8,-3.740570662884346,-11.090801693462637,4.217312862957789,180807
post9,-0.19549042325680466,0.04518697456585466,-4.326256075672881,1.5166509653975764e-5,-0.2840552659762072,-0.1069255805374021,Phoenix,9,-17.756878026094448,-24.72749565277027,-10.140745672378559,180807
post10,-0.12652246690917,0.05433242610577814,-2.328673243172452,0.01987638263680383,-0.23301206526917895,-0.020032868549161045,Phoenix,10,-11.884564749367533,-20.785598396412464,-1.9833543872057047,180807
post11,-0.2510342928351145,0.040442466761213144,-6.2071953799779624,5.393852383325811e-10,-0.3303000711330505,-0.17176851453717853,Phoenix,11,-22.200430857647458,-28.129196246366728,-15.782589833222671,180807
post12,-0.1766058462692998,0.06625692938796733,-2.6654698293545205,0.007688082987784175,-0.3064670415959292,-0.04674465094267036,Phoenix,12,-16.18899363633347,-26.395722342515736,-4.566894598464877,180807
post1,-0.3830877644252203,0.08099837026250571,-4.729573733195868,2.2499173271022916e-6,-0.5418416529461716,-0.224333875904269,Raleigh,1,-31.824693700543584,-41.83239800188424,-20.095169314780037,65748
post2,-0.18744728455231738,0.04653277626453227,-4.028284998228044,5.618520937280258e-5,-0.2786498501314609,-0.09624471897317388,Raleigh,2,-17.09271780265704,-24.31951480541227,-9.175827511192747,65748
post3,-0.13311003696444212,0.067648545096508,-1.9676703582397255,0.04910597852756383,-0.26569874896013146,-5.213249687527899e-4,Raleigh,3,-12.463123611250982,-23.332994713331846,-0.052118910250242845,65748
post4,0.036853784016984956,0.06127700337859682,0.6014292799092303,0.5475541016821168,-0.08324693568560398,0.1569545037195739,Raleigh,4,3.7541304624985283,-7.987609226348702,16.994238466324152,65748
post5,0.10190345078281417,0.03763026105520688,2.7080187042368085,0.0067686207615834226,0.028149494385768498,0.17565740717985984,Raleigh,5,10.727655988182416,2.85494352947544,19.202960790345557,65748
post6,-0.28961442984439656,0.07167137934178022,-4.040865858926874,5.325421453099626e-5,-0.4300877520765938,-0.14914110761219931,Raleigh,6,-25.144786869404545,-34.9547986296063,-13.855245048448761,65748
post7,0.017528067596755178,0.029367329345000387,0.5968560297342539,0.5506035060382406,-0.040030840241571816,0.07508697543508218,Raleigh,7,1.768258565434433,-3.924019136917134,7.7977904404690435,65748
post8,0.07441690986965371,0.06919208838397048,1.0755118339063408,0.2821456369014477,-0.061197091378040636,0.21003091111734806,Raleigh,8,7.725583047611062,-5.936217010086608,23.371619491341832,65748
post9,-0.027513070691404202,0.06086363660200171,-0.4520444756089277,0.6512369423638003,-0.14680360639946133,0.09177746501665292,Raleigh,9,-2.713803350819255,-13.653646052122548,9.61208696983693,65748
post10,-0.027513070691384228,0.06556179834414222,-0.41965094592074215,0.6747404652353146,-0.1560118342075807,0.10098569282481223,Raleigh,10,-2.713803350817312,-14.445093443412826,10.626081418292799,65748
post11,0.13249128438732916,0.07329546645435499,1.8076327335994045,0.07066368012001575,-0.011165190093270272,0.2761477588679286,Raleigh,11,14.166906570044802,-1.110309069045201,31.804260212257994,65748
post12,0.19288699467710357,0.07274293130546927,2.6516252674382,0.008010539204848241,0.05031346918851262,0.3354605201656945,Raleigh,12,21.27457390514904,5.160068912939941,39.85843132198343,65748
post1,-0.01968238579824735,0.056731548995850874,-0.34693898098369996,0.7286371607525666,-0.1308741786172845,0.0915094070207898,Richmond,1,-1.948995222820482,-12.267184591172253,9.582708511222716,38353
post2,0.10415587762065268,0.0868435928260176,1.1993501677126428,0.230391815589323,-0.06605443660640278,0.27436619184770816,Richmond,2,10.977343027551335,-6.392009410876831,31.569651137088496,38353
post3,0.17276988947049404,0.05970858319122255,2.893551985937795,0.0038091122958789627,0.05574321684778423,0.28979656209320387,Richmond,3,18.859256594840424,5.732614533434077,33.61556356681983,38353
post4,0.16991380644323972,0.018638165495233925,9.116444774926448,7.762913809045756e-20,0.1333836733346841,0.20644393955179535,Richmond,4,18.520269008226855,14.268833328013542,22.929881724265023,38353
post5,-0.06504132803285219,0.02167550628526966,-3.000683221736476,0.002693746395410295,-0.10752453969865228,-0.022558116367052093,Richmond,5,-6.2971262977260185,-10.194551580601786,-2.2305584505298626,38353
post6,-0.0663305193562406,0.025646676058170347,-2.5863203171355793,0.009700673382129368,-0.11659708075342015,-0.01606395795906105,Richmond,6,-6.41784939517438,-11.005630362171814,-1.5935620706759024,38353
post7,0.07270042883434398,0.034444811944668204,2.1106350921912194,0.03480368895363046,0.0051898379685392515,0.1402110197001487,Richmond,7,7.540832732858838,0.5203328505412497,15.05165549016041,38353
post8,0.17842650837851984,0.09233121167546965,1.932461462822152,0.053302574174836706,-0.0025393411543447875,0.35939235791138446,Richmond,8,19.533503293560383,-0.25361197549166326,43.24587278409413,38353
post9,-0.003895048415410928,0.08596224962453226,-0.04531115032963659,0.9638592998900132,-0.17237796170953593,0.16458786487871405,Richmond,9,-0.3887472553639748,-15.833900258627065,17.89071495347281,38353
post10,0.23683727053501377,0.09457373578553645,2.5042604965091617,0.012270765183941693,0.0514761545119555,0.42219838655807207,Richmond,10,26.723488454085363,5.282408088877544,52.53110958875595,38353
post11,0.18030444320274158,0.029731659403699887,6.064392194009327,1.3245358640584926e-9,0.1220314615708782,0.23857742483460498,Richmond,11,19.758190329829063,12.978964617820509,26.944198856760913,38353
post12,0.1708793027431901,0.0519833623574639,3.287192189842157,0.0010119174704899488,0.06899378472726574,0.27276482075911446,Richmond,12,18.634755148502325,7.142954990078354,31.359127909514896,38353
post1,-0.18910793949549742,0.07357719286219268,-2.570197803682039,0.010164046150294561,-0.33331658758895255,-0.04489929140204227,Riverside,1,-17.23028393411088,-28.345669047557763,-4.39062361527216,32874
post2,-0.04934599712033942,0.10635966314990096,-0.4639540560672166,0.6426806627586071,-0.2578071063019572,0.15911511206127837,Riverside,2,-4.814826524227578,-22.725572476738286,17.24729046857729,32874
post3,-0.3814798321429049,0.04564326124461585,-8.357856597898223,6.386801449868628e-17,-0.47093898031930476,-0.292020683966505,Riverside,3,-31.714984245638156,-37.558432110569306,-25.32469100022854,32874
post4,-0.26706948096522604,0.35599739298151456,-0.7502006650343471,0.4531338583420608,-0.9648115497991465,0.4306725878686945,Riverside,4,-23.438012639053852,-61.89449971347059,53.82918120956537,32874
post5,0.2491469914356992,0.12522662208147817,1.9895688895416566,0.046638446057618264,0.003707322250393802,0.49458666062100465,Riverside,5,28.293059902133443,0.37142028697914053,63.982029665346744,32874
post6,-0.21442574747972715,0.19140209275399267,-1.1202894618050314,0.2625904313203653,-0.5895669558431476,0.16071546088369326,Riverside,6,-19.299526835753255,-44.54326150906181,17.435077253911757,32874
post7,-0.3516268689932866,0.21899251097527114,-1.6056570493088353,0.10834928322653001,-0.7808443033888104,0.07759056540223724,Riverside,7,-29.645741343995248,-54.19808591025927,8.068010025474415,32874
post8,-0.3226393321200508,0.16441050685967065,-1.9624009333870205,0.04971582418991822,-0.6448780042449807,-4.006599951209e-4,Riverside,8,-27.57649844234925,-47.52734473860267,-0.04005797416235524,32874
post9,0.21635716861267582,0.028672741809126982,7.545743970107733,4.497127757430537e-14,0.16015962732877112,0.27255470989658054,Riverside,9,24.154574098834768,17.369821034927323,31.331530829172817,32874
post10,-0.24040123388301088,0.11350908723280259,-2.1179029780228746,0.03418328535645069,-0.46287495677731916,-0.017927510988702572,Riverside,10,-21.368769737402417,-37.052866128800055,-1.776776917900691,32874
post11,0.1995500502962333,0.2562475783766437,0.7787392628660321,0.4361333225266087,-0.30268597444759293,0.7017860750400595,Riverside,11,22.085331197180057,-26.116892821907545,101.73526348313446,32874
post12,0.3561191109879283,0.2666914926729008,1.3353223510009415,0.18177086638470247,-0.16658660963418487,0.8788248316100415,Riverside,12,42.77776021367339,-15.345050558176364,140.8068157390193,32874
post1,0.5468835417713095,0.23834646036581017,2.2944898822158373,0.02176237557187477,0.07973306361171822,1.0140340199309008,Sacramento,1,72.7859815447528,8.29979375290364,175.66991943217073,65748
post2,-0.39757806707005544,0.23399721252163888,-1.6990718085297252,0.08930565441315981,-0.8562041760952326,0.061048041955121646,Sacramento,2,-32.80545162151953,-57.52286165550251,6.294997915575018,65748
post3,-0.04090312313123636,0.34851149363580947,-0.11736520567663015,0.9065706553227569,-0.723973098855683,0.6421668525932103,Sacramento,3,-4.007788030733872,-51.517782213670635,90.05947292598388,65748
post4,0.8551849014255875,0.18689566061700424,4.575734388922354,4.7455231971009035e-6,0.4888761377494382,1.2214936651017367,Sacramento,4,135.18091932474627,63.04827518505694,239.2250838081965,65748
post5,0.25920146931924554,0.146212518764009,1.7727720684273538,0.07626648353937074,-0.027369801547098893,0.54577274018559,Sacramento,5,29.589486158527922,-2.699864242174377,72.59415716160129,65748
post6,-0.040903123131263666,0.13250115396777823,-0.3087001275567044,0.7575496467872708,-0.3006006128181054,0.2187943665555781,Sacramento,6,-4.007788030736492,-25.962659064444594,24.457532406149383,65748
post7,0.42910050611484274,0.2433266812171026,1.7634749463910526,0.07782041917123589,-0.047811025548337105,0.9060120377780225,Sacramento,7,53.58753915087857,-4.668607796780488,147.44348778770916,65748
post8,0.6009507630409616,0.13252393678007263,4.5346582484812314,5.769682978413702e-6,0.3412086198625563,0.8606929062193669,Sacramento,8,82.38520274156976,40.66466646879383,136.47987098780868,65748
post9,0.6769366700184689,0.13295600912736502,5.091433433219241,3.553666348659152e-7,0.4163476806006548,0.9375256594362831,Sacramento,9,96.78403453687523,51.64130046121074,155.36549825695766,65748
post10,0.42910050611473516,0.1578079092728861,2.7191318108949907,0.006545351939824224,0.11980268746431405,0.7383983247651562,Sacramento,10,53.58753915086205,12.727440426315638,109.25811934705139,65748
post11,0.48972512793097517,0.23594841373519188,2.0755601624031277,0.03793464914890074,0.027274734800643408,0.952175521061307,Sacramento,11,63.18676034775914,2.7650095227975457,159.13410485199591,65748
post12,-0.0409031231312715,0.1814854533110782,-0.22537962346304863,0.8216839620067444,-0.3966080753389102,0.3148018290763672,Sacramento,12,-4.007788030737247,-32.74024184385471,36.998779230816716,65748
post1,0.24720661606612435,0.03358920431159998,7.359704438748849,1.8431787257943428e-13,0.1813729853460309,0.3130402467862178,San Antonio,1,28.044364567791913,19.886225396450442,36.757657048188584,98622
post2,0.1843442911031339,0.02841058283249066,6.4885782945753485,8.665012447162998e-11,0.12866057197166028,0.24002801023460754,San Antonio,2,20.24297376994888,13.730402578003819,27.128475880704862,98622
post3,0.043116563817124746,0.046769233932447724,0.9219001508427784,0.35658066047076775,-0.04854945027500137,0.13478257790925086,San Antonio,3,4.405958732880966,-4.738976869681444,14.428796382124176,98622
post4,0.054182445943164306,0.04582429705221546,1.182395572406162,0.2370487791993406,-0.035631525896042945,0.14399641778237154,San Antonio,4,5.567718860658988,-3.500419605491789,15.487997148611111,98622
post5,-0.019492206238739436,0.023629969350542547,-0.8248934202824894,0.40943210218885795,-0.06580609512158815,0.02682168264410928,San Antonio,5,-1.9303461526428922,-6.368759776698574,2.7184621586050284,98622
post6,0.031405606910010056,0.060710556885772295,0.5173005902268384,0.6049463421021724,-0.0875848980674738,0.1503961118874939,San Antonio,6,3.1903966394379646,-8.385891025889492,16.229455024374605,98622
post7,0.06802028843849851,0.09262106337315702,0.7343933006302734,0.4627090686614347,-0.11351365998269115,0.2495542368596882,San Antonio,7,7.038702473980019,-10.730799782939949,28.345317303779737,98622
post8,0.0020972665395131702,0.0600587215354134,0.03492026613114841,0.9721433204317079,-0.1156156646274172,0.11981019770644354,San Antonio,8,0.209946734126909,-10.918246979969371,12.728287039867014,98622
post9,0.03594949716661697,0.03594881886846441,1.0000188684405749,0.3173013767285871,-0.0345088931023272,0.10640788743556114,San Antonio,9,3.660349375542471,-3.392025179776781,11.22754671812196,98622
post10,-0.04884487351726417,0.03541158148771287,-1.379347418702901,0.1677876628621215,-0.11825029786878669,0.02056055083425834,San Antonio,10,-4.767115033457436,-11.152635827770386,2.077337505139587,98622
post11,-0.009543502286055036,0.05906790792066757,-0.16156831386127035,0.871645811290495,-0.12531447445269164,0.10622746988058157,San Antonio,11,-0.9498107591011884,-11.778057651351649,11.207481126243657,98622
post12,-0.02772526626496289,0.05503971417236922,-0.5037320175416427,0.6144497058436003,-0.13560112376218533,0.08015059123225954,San Antonio,12,-2.7344448610205796,-12.680914188098157,8.345021349322712,98622
post1,0.2760126843748926,0.36078395896266785,0.7650359100456932,0.44425016155454455,-0.431110881391713,0.9831362501414982,San Bernardino,1,31.786458020967913,-35.02131424909373,167.28257607872754,38353
post2,0.15262779402621998,0.47665533617944306,0.3202057806581678,0.748812341388171,-0.78159949792432,1.08685508597676,San Bernardino,2,16.48913187346468,-54.2326622079369,196.49349294218038,38353
post3,-1.6219671024740792,0.9319393706217345,-1.7404212694566163,0.08178507345818095,-3.448534704667604,0.20460049971944527,San Bernardino,3,-80.24902053041728,-96.82078127920956,22.70347662990848,38353
post4,0.6806179905199043,0.136160991838005,4.998626855844711,5.774001512585205e-7,0.41374735041816235,0.9474886306216463,San Bernardino,4,97.50979469581486,51.24749524440462,157.92241344390865,38353
post5,-0.523354813805941,0.25068353595201215,-2.087711152702608,0.036823898196819985,-1.0146855157890364,-0.032024111822845425,San Bernardino,5,-40.747061591250166,-63.74835824025757,-3.151677009840126,38353
post6,0.7240929203085473,0.44743305643323594,1.6183268310140901,0.10559218131441878,-0.1528597557932725,1.6010455964103671,San Bernardino,6,106.28590734843554,-14.174992202707148,395.82140057678635,38353
post7,0.21326729654279616,0.437832617253808,0.4870977815231314,0.6261890384961887,-0.6448688645315775,1.0714034576171698,San Bernardino,7,23.771544409090993,-47.52686515138045,191.94739840885643,38353
post8,-0.12922350228277596,0.5052580627749155,-0.2557574273492455,0.7981381488030428,-1.119511108220088,0.8610641036545359,San Bernardino,8,-12.122246519004031,-67.35606508681519,136.56766800339386,38353
post9,0.969388786385527,0.43033429840256443,2.2526412372520066,0.024281778812311503,0.1259490602041884,1.8128285125668655,San Bernardino,9,163.63326044303884,13.422438965260831,512.7755375910623,38353
post10,0.27624160582534835,0.2723908711070094,1.0141367979869862,0.31051748137540774,-0.25763469126188193,0.8101179029125787,San Bernardino,10,31.816630221488683,-22.71224805458769,124.81730372001168,38353
post11,-0.41690557473469975,0.30474716175963745,-1.3680375965684128,0.17130030811075858,-1.0141990361743911,0.18038788670499156,San Bernardino,11,-34.09168488926244,-63.73071826514779,19.768183789592154,38353
post12,-0.12922350228277507,0.39666242986560546,-0.32577701479456406,0.7445930703837194,-0.9066675788395067,0.6482205742739566,San Bernardino,12,-12.122246519003955,-59.61321582178844,91.21352972274919,38353
post1,0.768132707901085,0.11907278031704745,6.450951307728159,1.1115021088057905e-10,0.5347543469406222,1.0015110688615478,San Jose,1,115.573710229582,70.70288538838996,172.23924444166713,82185
post2,0.29614691745121996,0.18033005332819124,1.642249375439645,0.10053833387057412,-0.05729349240222209,0.649587327304662,San Jose,2,34.46676974714642,-5.568312113737662,91.47505007016304,82185
post3,0.571852798856293,0.12819447401522863,4.460822537392375,8.164567925531402e-6,0.3205962467693892,0.8231093509431968,San Jose,3,77.15463315894031,37.79491171566283,127.75706053964106,82185
post4,0.17836388179486387,0.16788868597819717,1.0623936970834775,0.28805699395984796,-0.15069189613415726,0.507419659723885,San Jose,4,19.5260175530223,-13.988733812480215,66.09997161230442,82185
post5,0.6638716975766373,0.1979966218418394,3.3529445674428784,7.995671850445956e-4,0.2758054497060356,1.051937945447239,San Jose,5,94.22977852367535,31.759150127648937,186.31944596491104,82185
post6,0.37251989623578396,0.1545113022255108,2.4109556444750395,0.01591078330881943,0.06968330866939937,0.6753564838021686,San Jose,6,45.13873560009309,7.216858098828327,96.47332467228797,82185
post7,0.16034537629215992,0.1325782584023875,1.2094394527758587,0.2264940591923149,-0.09950323530956431,0.4201939878938842,San Jose,7,17.391624382429605,-9.471297901998742,52.22568263739309,82185
post8,0.19606345889434323,0.08994640157123952,2.1797810192446296,0.02927369755506074,0.019771751275736882,0.3723551665129496,San Jose,8,21.660410723621524,1.9968506945341025,45.1148289055308,82185
post9,0.4570772842639266,0.13356585771754917,3.4221116988632296,6.213678110291409e-4,0.195293013573329,0.7188615549545241,San Jose,9,57.94509462364328,21.566714128113396,105.20956821602935,82185
post10,0.5597314383242478,0.04912096130691152,11.394960998971557,4.4302834635316885e-30,0.46345612327671565,0.6560067533717798,San Jose,10,75.0202399884031,58.95582115886617,92.70816370407348,82185
post11,0.3273994609551984,0.08201055661339873,3.992162405366585,6.54735057779102e-5,0.16666172364085377,0.48813719826954305,San Jose,11,38.735556088308186,18.13545733850632,62.927836881182955,82185
post12,0.3577048104506828,0.08025302964974954,4.457212544022619,8.30322678668558e-6,0.20041176268694866,0.514997858214417,San Jose,12,43.00434242950912,22.190578979943876,67.36349172265538,82185
post1,-0.16186850427543029,0.07483312937369457,-2.1630594047070613,0.03053661089491147,-0.30853874269829806,-0.015198265852562537,Scottsdale,1,-14.944695872450698,-26.548050561925752,-1.5083355094737683,10958
post2,-0.26894967027417244,0.011845882351381466,-22.70406393516204,4.084401009931783e-114,-0.29216717304797873,-0.2457321675003661,Scottsdale,2,-23.581828426341655,-25.335629316461173,-21.78683228426963,10958
post3,-0.00784709778171726,0.033909394981000415,-0.23141367712735728,0.8169934407012551,-0.07430829068202133,0.05861409511858681,Scottsdale,3,-0.7816389685561531,-7.1614562861176845,6.036596137320727,10958
post4,-0.19909728531998352,0.0032105561149394115,-62.01333295298619,0,-0.2053898596756096,-0.19280471096435745,Scottsdale,4,-18.052983296252776,-18.56702198257888,-17.535699784826665,10958
post5,0.0034980686999559448,0.08111408915978296,0.043125291009127376,0.9656016587400224,-0.15548262469198945,0.16247876209190135,Scottsdale,5,0.350419408252467,-14.399804990274356,17.64233334127363,10958
post6,-0.11946364243486529,0.023003206145837347,-5.193347469804047,2.0654617186304908e-7,-0.1645490980096569,-0.07437818686007368,Scottsdale,6,-11.260372919973882,-15.172389274661624,-7.167945118724283,10958
post7,-0.015710561853737575,0.007075718599280711,-2.2203485954535624,0.026395113577416224,-0.029578715473067965,-0.0018424082344071866,Scottsdale,7,-1.5587794731176663,-2.9145546634229635,-0.1840712042208814,10958
post8,-0.09254333450752425,0.027540258513622826,-3.3602928767624882,7.785988663479343e-4,-0.14652124931914756,-0.038565419695900924,Scottsdale,8,-8.839029404915898,-13.629262105398087,-3.7831242106688534,10958
post9,-0.2434925470704213,0.036864779447572604,-6.605018413760083,3.9746793768451256e-11,-0.315746187085676,-0.17123890705516664,Scottsdale,9,-21.61146817474232,-27.0755481643259,-15.737975849775754,10958
post10,-0.1222112086759154,0.06108406086781733,-2.0007053712485483,0.045424150252752114,-0.2419337680062898,-0.0024886493455409803,Scottsdale,10,-11.50385627708247,-21.48918248904248,-0.24855552250176993,10958
post11,-0.33241429965103547,0.029598055211170576,-11.230950725626705,2.873696192115084e-29,-0.39042542187735785,-0.2744031774247131,Scottsdale,11,-28.28098703252714,-32.32310990489956,-23.997441167868917,10958
post12,-0.011448704820929512,0.07148885031531134,-0.16014671896992938,0.8727654996535186,-0.1515642767351146,0.12866686709325556,Scottsdale,12,-1.1383417788069838,-14.063735652734078,13.73111852697062,10958
post1,0.041839302703733955,0.057022021082132265,0.7337393854116514,0.4631075894440903,-0.06992180494292893,0.15360041035039684,St. Louis,1,4.272690189267192,-6.7533268655471606,16.60248622092244,38353
post2,0.2364754991018391,0.02432249344556475,9.722502326132226,2.4176575999966062e-22,0.1888042879343207,0.2841467102693575,St. Louis,2,26.677651807744972,20.780454742708176,32.86278398031188,38353
post3,0.23966824388174493,0.0209476749901328,11.441281383000181,2.600165338999381e-30,0.1986115553412342,0.28072493242225566,St. Louis,3,27.08274755884128,21.970808477675053,32.40893397915128,38353
post4,0.20567183380732867,0.14352626820126857,1.432990883027159,0.15186044278102462,-0.07563448270259404,0.4869781503172514,St. Louis,4,22.83500348914773,-7.284496416539598,62.73910510119447,38353
post5,0.43638162550499654,0.06944948507236422,6.283439323564464,3.311634971372409e-10,0.30026313601831056,0.5725001149916825,St. Louis,5,54.70990945787264,35.021405078450194,77.2693453349588,38353
post6,0.39565610061297596,0.02565742016509802,15.4207281194697,1.1875783185940716e-53,0.34536848115317215,0.44594372007277977,St. Louis,6,48.535841585831065,41.25103072121388,56.19635568646915,38353
post7,0.7184294928760686,0.280088172148135,2.565011893812141,0.010317226835092817,0.16946676297006957,1.2673922227820675,St. Louis,7,105.12092409472764,18.46729713677524,255.15787494415613,38353
post8,1.0939558490084393,0.15176720820964035,7.208117365493916,5.673072512401908e-13,0.7964975868833527,1.391414111133526,St. Louis,8,198.60631542436923,121.77597990719443,302.0531513314953,38353
post9,1.1233121645191657,0.11561300972003499,9.716139794642013,2.573534054220222e-22,0.896714829323618,1.3499094997147134,St. Louis,9,207.50223346077158,145.15361530628442,285.7076448382237,38353
post10,1.064766441628308,0.22363479071732778,4.761184242456097,1.9246024126982732e-6,0.6264503061321933,1.5030825771244227,St. Louis,10,190.0161547943494,87.09574517738903,349.55255375772623,38353
post11,0.7161911828357989,0.32692735901428327,2.190673747817199,0.028475410145915387,0.07542533360700765,1.35695703206459,St. Louis,11,104.66231331888025,7.834270875158644,288.4355330925206,38353
post12,0.3876025528433052,0.06436818667729667,6.021647848905718,1.726502111538099e-9,0.26144322520565283,0.5137618804809576,St. Louis,12,47.34440517480696,29.880320019402042,67.15676195650349,38353
post1,-0.5030136310087345,0.0030233684651211957,-166.3752323978052,0,-0.5089393243123662,-0.49708793770510284,St. Petersburg,1,-39.52944484087122,-39.886715221865096,-39.170051100197256,43832
post2,-0.26004673779034343,0.1508272878285632,-1.7241358744441773,0.08468331713839367,-0.5556627898201837,0.03556931423949683,St. Petersburg,2,-22.89844506016574,-42.63081019899867,3.620946971025929,43832
post3,-0.08007535834164271,0.047888782505390394,-1.672110965289823,0.0945024427656178,-0.17393564731567968,0.013784930632394249,St. Petersburg,3,-7.695321550930368,-15.964902524059355,1.3880380876034604,43832
post4,-0.2886201102333744,0.10088670644755317,-2.8608339036562374,0.00422528353061235,-0.4863544213894434,-0.0908857990773054,St. Petersburg,4,-25.07031984712652,-38.5136152208201,-8.687801568176601,43832
post5,-0.13181952670762967,0.06584441321306617,-2.0019849866544397,0.04528634624563775,-0.2608722051884126,-0.002766848226846752,St. Petersburg,5,-12.3500834503667,-22.96206361897346,-0.2763024030095318,43832
post6,0.03971354094814523,0.12163135976585016,0.3265074157240114,0.7440404795322058,-0.19867954358355522,0.27810662547984566,St. Petersburg,6,4.0512667224611,-18.018743455992603,32.062700219006835,43832
post7,0.06064649931198587,0.03639142131066907,1.666505377579353,0.09561279801275095,-0.010679375803148893,0.13197237442712062,St. Petersburg,7,6.252324509329421,-1.0622553724041084,14.107679593162503,43832
post8,-0.3202556705836332,0.03482169060184022,-9.197016717123685,3.6802522215255134e-20,-0.38850493004403686,-0.2520064111232295,St. Petersburg,8,-27.403659414319037,-32.19301210427206,-22.276024492687576,43832
post9,0.12561977146898146,0.1566235096240147,0.8020492694266665,0.4225244586296236,-0.1813566665263498,0.4325962094643127,St. Petersburg,9,13.385096382373241,-16.586220339668657,54.12537513575846,43832
post10,-0.010630664786225645,0.019946306266419144,-0.5329640808796281,0.5940584448664403,-0.04972470669301275,0.02846337712056146,St. Petersburg,10,-1.0574358968713837,-4.850867235687462,2.8872329877240865,43832
post11,-0.09332238063125282,0.0454903789794769,-2.0514751190214406,0.04022070022391846,-0.18248188507410545,-0.00416287618840018,St. Petersburg,11,-8.910020349492786,-16.680026285688243,-0.41542234302711645,43832
post12,-0.11071412334313858,0.04121266602256721,-2.686410126501251,0.0072224375444066,-0.1914894644542479,-0.029938782232029282,St. Petersburg,12,-10.48053724002026,-17.42716754408018,-2.9495056123525543,43832
post1,-0.1642654429674887,0.11470819571834226,-1.4320288270493828,0.15213557150723842,-0.38908937530701115,0.0605584893720337,Tallahassee,1,-15.148324082219078,-32.23262999877118,6.242973660119455,27395
post2,-0.08562823800439306,0.045463113425724115,-1.8834662114439036,0.05963721470055711,-0.1747343029438717,0.0034778269350855817,Tallahassee,2,-8.206457870047036,-16.03199083383007,0.34838815921625077,27395
post3,-0.02621887965166609,0.08478030693238071,-0.3092567201081002,0.7571262506357667,-0.1923852278373837,0.13994746853405154,Tallahassee,3,-2.5878149178603205,-17.501100145833693,15.02133748754253,27395
post4,-0.12330964015243892,0.05250790301452515,-2.348401537161521,0.018854183421241785,-0.2262232389646303,-0.020396041340247528,Tallahassee,4,-11.60100985885414,-20.245996022149328,-2.018944902821207,27395
post5,-0.33609040443097277,0.11270255739402184,-2.9821009585076217,0.0028627757671796338,-0.5569833578888139,-0.11519745097313164,Tallahassee,5,-28.544149635897853,-42.706520118119684,-10.880983983104775,27395
post6,-0.03633661264683279,0.0780272835783656,-0.46569111444637995,0.6414366134548246,-0.1892672782719229,0.11659405297825731,Tallahassee,6,-3.568436199467251,-17.243471308735934,12.366318936693666,27395
post7,-0.16009081373419085,0.11795946627713923,-1.3571680068309766,0.17472783379090617,-0.39128711927295073,0.07110549180456904,Tallahassee,7,-14.79335938795664,-32.38140178624824,7.369448586312122,27395
post8,-0.043284707423320495,0.08211226164010257,-0.5271406067590373,0.5980959497549132,-0.20422178292705134,0.11765236808041035,Tallahassee,8,-4.236129559694635,-18.47184643904264,12.485300858074556,27395
post9,-0.2044823130160819,0.11681497883234365,-1.7504802471398897,0.08003547967270278,-0.4334354643822842,0.024470838350120372,Tallahassee,9,-18.49308420948913,-35.172187170487405,2.4772706608583883,27395
post10,-0.2616407268559995,0.05533865466490819,-4.727992186299268,2.267509088815411e-6,-0.37010249695211894,-0.15317895675988,Tallahassee,10,-23.021246197848455,-30.933646389808555,-14.20238325629718,27395
post11,0.10789237202588736,0.10968182213374948,0.9836850804166983,0.32527037776547957,-0.10708004911498972,0.3228647931667644,Tallahassee,11,11.39278491367779,-10.154625031587594,38.107860701648555,27395
post12,-0.22695516886826583,0.1361207105471808,-1.6673081411046624,0.09545314866965693,-0.4937468590907416,0.03983652135420995,Tallahassee,12,-20.304349004843804,-38.966473563913695,4.064063776371496,27395
post1,-0.3787653421246504,0.10298738613142959,-3.677783817537429,2.3526922621384288e-4,-0.5806169098041722,-0.17691377444512862,Tampa,1,-31.52937344661805,-44.04469337057597,-16.214797433575413,54790
post2,-0.2692724444354135,0.15945791852473667,-1.6886740208742992,0.09128191684488238,-0.5818042217936197,0.04325933292279266,Tampa,2,-23.606490257259914,-44.111090352244055,4.420865742340552,54790
post3,-0.21690445893158794,0.09048596527572669,-2.397106095631978,0.01652513808228603,-0.39425369197835414,-0.039555225884821715,Tampa,3,-19.499312315187833,-32.581700027544414,-3.8783131527302617,54790
post4,-0.34752464135156774,0.12170792012450503,-2.8553987365494065,0.004298282736815588,-0.5860677814288752,-0.10898150127426029,Tampa,4,-29.356539378840186,-44.34886879998727,-10.325299397827603,54790
post5,-0.10139157181161498,0.13166955305035566,-0.7700456898554127,0.4412727904191128,-0.35945915365079806,0.15667601002756806,Tampa,5,-9.642085251910537,-30.194623617637404,16.961660845451764,54790
post6,0.010026077923099081,0.18232184260389328,0.054991095855044775,0.9561455575384734,-0.3473181671755121,0.36737032302171024,Tampa,6,1.0076507438200766,-29.341951822589717,44.393254157950835,54790
post7,-0.17055785896245948,0.22426401749635036,-0.760522623586885,0.4469422513845522,-0.6101072562835667,0.26899153835864764,Tampa,7,-15.68056981302355,-45.67074055951718,30.864406772285857,54790
post8,0.23490724913250488,0.17102972228648405,1.3734878709504217,0.16960072931713951,-0.10030484683489121,0.5701193450999009,Tampa,8,26.47914527879516,-9.54383767473006,76.84780980350783,54790
post9,0.018850916400005042,0.14292551639140696,0.13189328872796297,0.8950686970730851,-0.26127794819894173,0.2989797809989518,Tampa,9,1.90297166737452,-22.993314882785974,34.8482358231059,54790
post10,-0.056968324627052085,0.12350013017384666,-0.4612814945770489,0.6445966598903643,-0.2990241318537999,0.1850874825996957,Tampa,10,-5.537600979017066,-25.84584855523214,20.332370540921275,54790
post11,0.046215911608098244,0.07146630614744968,0.6466811298844145,0.5178383383388707,-0.09385547454901658,0.18628729776521305,Tampa,11,4.730051088472664,-8.958566922522593,20.47683379126799,54790
post12,0.05597208655296756,0.06233853843299209,0.8978729363880121,0.3692532945243384,-0.0662092036245629,0.178153376730498,Tampa,12,5.7568162951699975,-6.406495719425964,19.500859369059388,54790
post1,-0.31856021880647156,0.045447653680316044,-7.009387570308037,2.39363546959302e-12,-0.4076359832017402,-0.2294844544112029,Tucson,1,-27.280471419514495,-33.47790136322855,-20.505667359614456,76706
post2,-0.30120422517758794,0.024114651942321895,-12.49050684612893,8.411605231260279e-36,-0.3484680744842577,-0.25394037587091817,Tucson,2,-26.00733543353576,-29.423155331408612,-22.426194662655718,76706
post3,-0.24223637511767968,0.02919183781337866,-8.298085809680074,1.0580224861638319e-16,-0.29945132587443635,-0.18502142436092303,Tucson,3,-21.51293682644535,-25.877519999927166,-16.891352183527786,76706
post4,-0.32905066835285474,0.06300631341726799,-5.2225031192298355,1.7652058286479215e-7,-0.45254077344934274,-0.20556056325636674,Tucson,4,-28.039344545547895,-36.39898606846393,-18.58092169711889,76706
post5,-0.36698871833685415,0.06020612614361665,-6.095537810578169,1.0907012729006255e-9,-0.4849905572270181,-0.24898687944669018,Tucson,5,-30.71825388664795,-38.42969893194106,-22.04097980275973,76706
post6,-0.32410646203473736,0.0417762033011373,-7.758159823631316,8.617051780155675e-15,-0.40598631591578976,-0.24222660815368496,Tucson,6,-27.682675221401233,-33.36807146682875,-21.51217024238169,76706
post7,-0.3088292667749766,0.0768195863089361,-4.0201891420372275,5.815143498550431e-5,-0.4593928892477575,-0.15826564430219564,Tucson,7,-26.569387022188696,-36.833297904026765,-14.637700823693256,76706
post8,-0.43514626054136807,0.06285085356334981,-6.92347415938858,4.406995650668018e-12,-0.5583316699231345,-0.31196085115960154,Tucson,8,-35.282999527972805,-42.783717551723086,-26.798981498272777,76706
post9,-0.4341864201005475,0.1152038228089985,-3.768854275091238,1.639985934792356e-4,-0.6599817636875185,-0.20839107651357647,Tucson,9,-35.22085171248921,-48.313923995991516,-18.811053628256335,76706
post10,-0.3088926799176498,0.10300864039660601,-2.998706503923795,0.0027112834911216343,-0.5107859051914352,-0.10699945464386434,Tucson,10,-26.574043340488597,-39.99761683819909,-10.1473836993072,76706
post11,-0.32373533856326525,0.06381560229803296,-5.072981009430103,3.9163159673583863e-7,-0.4488116207191413,-0.19865905640738918,Tucson,11,-27.65583158393796,-36.161365387185576,-18.017063874342586,76706
post12,-0.43706402387042487,0.08689049570358329,-5.030055592747651,4.903376435775955e-7,-0.6073662660482804,-0.26676178169256937,Tucson,12,-35.40699248566901,-45.521620314695035,-23.414450946457798,76706
post1,0.255276892374621,0.04344269806595073,5.876174909465405,4.198547084588767e-9,0.1701307687741097,0.34042301597513225,Virginia Beach,1,29.08189893294677,18.54598623177972,40.554203155878014,54790
post2,0.3189311076765565,0.05468736342196994,5.83189767653765,5.480052253637581e-9,0.21174584496004234,0.4261163703930707,Virginia Beach,2,37.565654946547376,23.583375178434874,53.12989626273617,54790
post3,0.3113711578910668,0.06838462386911824,4.553233464981865,5.282759043570194e-6,0.17733975801127694,0.44540255777085663,Virginia Beach,3,36.529586749231854,19.40367077550458,56.11185097451838,54790
post4,0.3045914709056358,0.03568792310963937,8.534861218173974,1.4032376263959917e-17,0.23464442692770798,0.37453851488356366,Virginia Beach,4,35.6070895414597,26.44590811889529,45.432011264566064,54790
post5,-0.06086830258876985,0.03597087900436142,-1.6921549951945756,0.09061642492831187,-0.1313699299295662,0.00963332475202651,Virginia Beach,5,-5.9052848079611415,-12.310667470303581,0.9679874581383308,54790
post6,0.06568410322263844,0.09155122150859678,0.7174574204503719,0.4730919003045953,-0.11375299367485996,0.24512120012013683,Virginia Beach,6,6.788932108252266,-10.752162353731409,27.77761704457049,54790
post7,0.36209852567363937,0.017416930777232973,20.790030706613738,5.327676576841026e-96,0.32796196862903554,0.3962350827182432,Virginia Beach,7,43.63404513996305,38.81361785635538,48.62186608101864,54790
post8,0.1597884758080672,0.03496066995384928,4.570520988842607,4.865131896559094e-6,0.09126682182313105,0.22831012979300336,Virginia Beach,8,17.326267130414386,9.556128592296332,25.647493532601008,54790
post9,0.42007157407166945,0.11326265960187107,3.708826682582421,2.0822188917238085e-4,0.19808084045878246,0.6420623076845564,Virginia Beach,9,52.20704925025754,21.90609392839744,90.03960421435247,54790
post10,0.28458596677243475,0.041197282664905195,6.907881985499629,4.919429471032219e-12,0.2038407764883043,0.3653311570565652,Virginia Beach,10,32.9211576417588,22.610291350163948,44.0991123523798,54790
post11,0.32751101148944867,0.054853627691338364,5.970635403229021,2.363313494997136e-9,0.2199998767930565,0.43502214618584084,Virginia Beach,11,38.75103297692088,24.607657706208496,54.49972743692282,54790
post12,0.14307878521113668,0.1852821438680334,0.772221123008184,0.4399834729333213,-0.22006754374857754,0.5062251141708509,Virginia Beach,12,15.382070209278709,-19.753540533487225,65.90167608995267,54790
post1,0.3464281836904089,0.04950322203349063,6.998093648450566,2.5946864606798065e-12,0.24940365138607762,0.4434527159947402,Visalia,1,41.40079413517637,28.325991818493044,55.80775413244976,10958
post2,0.45580438353542263,0.004090935311793626,111.4181351686004,0,0.44778629766122396,0.4638224694096213,Visalia,2,57.74417410070212,56.48442490429424,59.01406467724301,10958
post3,0.5652075435805873,0.07820592146866072,7.227170692018272,4.931601081791234e-13,0.4119267541242445,0.7184883330369302,Visalia,3,75.98129827106435,50.972385123321075,105.13299379798559,10958
post4,0.4720486592090771,0.13032245858120375,3.6221589459574552,2.9215450961628253e-4,0.21662133401320494,0.7274759844049493,Visalia,4,60.327539594125156,24.187375773972185,106.98496761128227,10958
post5,0.26267627826288664,0.12676124695916752,2.072212798186659,0.038245600395327435,0.014228799587530927,0.5111237569382423,Visalia,5,30.04056812197917,1.4330510793285178,66.71636293639378,10958
post6,0.04295707351736486,0.08505998261361114,0.5050209534194161,0.6135441191334295,-0.12375742893091612,0.20967157596564584,Visalia,6,4.389308323050667,-11.640585073338293,23.327295695761997,10958
post7,0.3040833021202707,0.16150094520149405,1.8828577240887727,0.05971965177926616,-0.012452733943834449,0.6206193381843759,Visalia,7,35.53819575779826,-1.2375519495151255,86.00797035618896,10958
post8,-0.05988207508102303,0.04048323753079026,-1.4791819709448544,0.13909168675770767,-0.13922776261895214,0.019463612456906088,Visalia,8,-5.812440236095185,-12.997015438641702,1.965426347215904,10958
post9,0.22845816970518226,0.014897114071956888,15.335733391156879,4.412608157753239e-53,0.19926036265056193,0.25765597675980256,Visalia,9,25.66609575341068,22.049969707155228,29.389361257494606,10958
post10,0.19584854531368817,0.015734803867115624,12.446837403737497,1.4549708390230342e-35,0.16500889643034,0.22668819419703634,Visalia,10,21.63426705854392,17.940361114678716,25.443866569845742,10958
post11,0.4265876941135284,0.030889312282389694,13.810203678659766,2.2120526398262767e-43,0.3660457545328339,0.48712963369422296,Visalia,11,53.20208702642928,44.20212201523843,62.763759237699325,10958
post12,0.2173586277322475,0.11482932848781428,1.8928842534798387,0.05837326375163475,-0.007702720472787666,0.44241997593728266,Visalia,12,24.27897210866652,-0.767313054450447,55.64692828343707,10958
post1,0.1825614521792673,0.05284586680422023,3.4546022843301736,5.511051274332229e-4,0.07898545651119487,0.28613744784733974,Washington,1,20.028790899501402,8.218858315832156,33.12754236188924,38353
post2,0.2708512001012557,0.1812859436425923,1.4940551631252919,0.13516120175639007,-0.08446272034158309,0.6261651205440945,Washington,2,31.10799673029081,-8.099408503517214,87.04239577487176,38353
post3,0.007715429873457,0.1217239638035273,0.06338464204066137,0.9494602165346124,-0.23085915523691364,0.24629001498382763,Washington,3,0.7745270497568901,-20.614873204453854,27.92705273693603,38353
post4,-0.01489183980890432,0.21879644042097232,-0.06806253237142194,0.9457358559989011,-0.44372498297957363,0.41394130336176505,Washington,4,-1.4781504738862972,-35.83581410032999,51.27683298629855,38353
post5,-0.1550558663591279,0.03729645170058065,-4.157389223080273,3.219052816673818e-5,-0.22815556844340362,-0.0819561642748522,Washington,5,-14.363266597782188,-20.39995823431875,-7.868765579412596,38353
post6,0.04603659207846139,0.11135784710578821,0.41341129767646595,0.6793052986821052,-0.17222077764480134,0.26429396180172415,Washington,6,4.71127262869524,-15.82066964916361,30.251102851782186,38353
post7,0.04031450739897354,0.07069344215730286,0.5702722369815871,0.5684930680614704,-0.09824209317250557,0.17887110797045266,Washington,7,4.1138168363048955,-9.357056318874147,19.58665965611994,38353
post8,0.03397748824685873,0.02612909093815783,1.3003700866316565,0.1934741572319687,-0.017234588940702497,0.08518956543441995,Washington,8,3.4561316676998466,-1.7086922950575012,8.892346938489727,38353
post9,0.008666703531504779,0.03284938653730156,0.26383151848706377,0.7919097465451427,-0.05571691099584117,0.07305031805885073,Washington,9,0.870436813724984,-5.419315448619377,7.57846669490152,38353
post10,0.2604630595326226,0.0515988205247855,5.0478490958433655,4.4681183865598473e-7,0.1593312296592969,0.3615948894059483,Washington,10,29.753078157356548,17.272632409688637,43.561724038848816,38353
post11,-0.08447662818772045,0.05750229397790532,-1.469100140947068,0.14180562955060735,-0.1971790534128493,0.028225797037408393,Washington,11,-8.100686633915632,-17.89563905098852,2.862791933824238,38353
post12,-0.12331646150400229,0.022689314347505398,-5.435001675912717,5.479591742971191e-8,-0.16778670045902078,-0.0788462225489838,Washington,12,-11.6016128573871,-15.44658324986682,-7.581796812451569,38353
