city,lag,estimate,std.error,p.value,n_obs,pct,sig05,sig01,sig001,stars,direction,inside_plot_range,plot_ymin_pct,plot_ymax_pct
Abilene,1,-0.225721348712495,0.1490370292199586,0.1298909661746236,21916,-20.20595821853285,False,False,False,,non_significant,True,-99.58977602962183,143.3024128495964
Abilene,2,-0.0014487215727106,0.315233898247893,0.9963331719294836,21916,-0.1447672682190925,False,False,False,,non_significant,True,-99.58977602962183,143.3024128495964
Abilene,3,-0.0578353263413553,0.059310308065569,0.3294952302954055,21916,-5.619464547850184,False,False,False,,non_significant,True,-99.58977602962183,143.3024128495964
Abilene,4,0.8475121163884249,0.0879189519620086,5.4347802368873725e-22,21916,133.3833317563248,True,True,True,***,PA_up,True,-99.58977602962183,143.3024128495964
Abilene,5,0.2955301382691331,0.2381305350125256,0.2145900122354302,21916,34.383859014319285,False,False,False,,non_significant,True,-99.58977602962183,143.3024128495964
Abilene,6,0.378615077670131,0.0443942413356463,1.482924143273725e-17,21916,46.02608405446716,True,True,True,***,PA_up,True,-99.58977602962183,143.3024128495964
Abilene,7,-0.0124534774791537,0.0432726277534486,0.7735066444823104,21916,-1.2376253828561778,False,False,False,,non_significant,True,-99.58977602962183,143.3024128495964
Abilene,8,-0.221203378851238,0.4875280352310335,0.650027182643047,21916,-19.844635534769814,False,False,False,,non_significant,True,-99.58977602962183,143.3024128495964
Abilene,9,0.1465214011451705,0.2659399736477945,0.5816633810575451,21916,15.779970879296323,False,False,False,,non_significant,True,-99.58977602962183,143.3024128495964
Abilene,10,-0.115842862432593,0.3338212781421473,0.7285758378039078,21916,-10.93848385976235,False,False,False,,non_significant,True,-99.58977602962183,143.3024128495964
Abilene,11,0.4147853876268179,0.2151685591785279,0.053889585512176,21916,51.40457728658164,False,False,False,,non_significant,True,-99.58977602962183,143.3024128495964
Abilene,12,0.4411721428856723,0.2461254262804504,0.0730579056266118,21916,55.45282802948539,False,False,False,,non_significant,True,-99.58977602962183,143.3024128495964
Amarillo,1,0.6329667877185694,0.0992959534109391,1.8350374248985487e-10,27395,88.31893226529172,True,True,True,***,PA_up,True,-99.58977602962183,143.3024128495964
Amarillo,2,0.316797454517235,0.1602811617544691,0.0480969486360862,27395,37.27245046182799,True,False,False,*,PA_up,True,-99.58977602962183,143.3024128495964
Amarillo,3,0.1934113850272035,0.32193230589433,0.5479846763404894,27395,21.33818579869125,False,False,False,,non_significant,True,-99.58977602962183,143.3024128495964
Amarillo,4,0.5287535024777948,0.2197179746339835,0.0161057632137034,27395,69.68159130204282,True,False,False,*,PA_up,True,-99.58977602962183,143.3024128495964
Amarillo,5,0.3395487443241745,0.1724433763927669,0.0489479396132742,27395,40.431374301352285,True,False,False,*,PA_up,True,-99.58977602962183,143.3024128495964
Amarillo,6,0.2582954557559765,0.0477900002073912,6.48802720988319e-08,27395,29.4721294978022,True,True,True,***,PA_up,True,-99.58977602962183,143.3024128495964
Amarillo,7,0.3636559714138734,0.0602487261326089,1.5806799266606399e-09,27395,43.85792166423481,True,True,True,***,PA_up,True,-99.58977602962183,143.3024128495964
Amarillo,8,0.8942842224763594,0.1172452506102518,2.3941197421528436e-14,27395,144.55846682927637,True,True,True,***,PA_up,False,-99.58977602962183,143.3024128495964
Amarillo,9,0.8022447681371406,0.0727457287912504,2.798146810085641e-28,27395,123.05423632872046,True,True,True,***,PA_up,True,-99.58977602962183,143.3024128495964
Amarillo,10,0.4593000170100136,0.1822687447340905,0.0117386335992805,27395,58.296554813883695,True,False,False,*,PA_up,True,-99.58977602962183,143.3024128495964
Amarillo,11,0.5874673658154088,0.2502094331963879,0.0188794601313032,27395,79.94253533908726,True,False,False,*,PA_up,True,-99.58977602962183,143.3024128495964
Amarillo,12,0.546645371295056,0.1765211305050207,0.001956414928665,27395,72.74483392550688,True,True,False,**,PA_up,True,-99.58977602962183,143.3024128495964
Arlington,1,0.4360181826966202,0.042149333414832,4.427407228572167e-25,21916,54.653691470526034,True,True,True,***,PA_up,True,-99.58977602962183,143.3024128495964
Arlington,2,0.5879021044006635,0.0554160949764771,2.710089717025004e-26,21916,80.02078030914916,True,True,True,***,PA_up,True,-99.58977602962183,143.3024128495964
Arlington,3,0.2901427426397119,0.1362458371890108,0.0332085279763019,21916,33.661826682870746,True,False,False,*,PA_up,True,-99.58977602962183,143.3024128495964
Arlington,4,0.0936946772387892,0.0268515846907147,0.0004841899596410767,21916,9.822438182194638,True,True,True,***,PA_up,True,-99.58977602962183,143.3024128495964
Arlington,5,-0.0145189074013969,0.0476465404146464,0.7605785588476512,21916,-1.441401631359196,False,False,False,,non_significant,True,-99.58977602962183,143.3024128495964
Arlington,6,0.2561914158893892,0.1209011187388265,0.0340891072013217,21916,29.200001360344107,True,False,False,*,PA_up,True,-99.58977602962183,143.3024128495964
Arlington,7,0.2533700374420263,0.1508848495271453,0.0931076514047403,21916,28.83599300523485,False,False,False,,non_significant,True,-99.58977602962183,143.3024128495964
Arlington,8,0.2769005348524133,0.0427928719756727,9.753940743636292e-11,21916,31.903516648242068,True,True,True,***,PA_up,True,-99.58977602962183,143.3024128495964
Arlington,9,0.1777049947400119,0.0543111549069847,0.0010679725506874,21916,19.447289346684805,True,True,False,**,PA_up,True,-99.58977602962183,143.3024128495964
Arlington,10,-0.0165507306497502,0.1010680839992237,0.8699214745033275,21916,-1.6414519805521333,False,False,False,,non_significant,True,-99.58977602962183,143.3024128495964
Arlington,11,-0.0683054008691516,0.0119655790461454,1.1398217186403222e-08,21916,-6.60248068187731,True,True,True,***,PA_down,True,-99.58977602962183,143.3024128495964
Arlington,12,-0.3175211924921244,0.0463051080765639,7.024658009636366e-12,21916,-27.204874649036597,True,True,True,***,PA_down,True,-99.58977602962183,143.3024128495964
Atlanta,1,-2.800239152783925,0.2769708232230936,4.9766520241583375e-24,65748,-93.9204478531701,True,True,True,***,PA_down,True,-99.58977602962183,143.3024128495964
Atlanta,2,-2.5416586914647032,0.1289644537933815,1.833339015711202e-86,65748,-92.12643068025872,True,True,True,***,PA_down,True,-99.58977602962183,143.3024128495964
Atlanta,3,-1.9598711675814475,0.0882611840683513,3.0485800026646947e-109,65748,-85.91234307788946,True,True,True,***,PA_down,True,-99.58977602962183,143.3024128495964
Atlanta,4,-2.480142565333684,0.1479054858330543,4.153490011661931e-63,65748,-91.62687124377096,True,True,True,***,PA_down,True,-99.58977602962183,143.3024128495964
Atlanta,5,-1.9917897974210688,0.1875020288268719,2.3354181582939263e-26,65748,-86.35490128616323,True,True,True,***,PA_down,True,-99.58977602962183,143.3024128495964
Atlanta,6,-1.926341108906283,0.1643754047100254,1.0167921803869899e-31,65748,-85.43197472950217,True,True,True,***,PA_down,True,-99.58977602962183,143.3024128495964
Atlanta,7,-2.365707768695021,0.2128618694657526,1.0746602822801823e-28,65748,-90.61171704794732,True,True,True,***,PA_down,True,-99.58977602962183,143.3024128495964
Atlanta,8,-2.267267695880543,0.1362824988106114,3.7895977372449057e-62,65748,-89.64051536323953,True,True,True,***,PA_down,True,-99.58977602962183,143.3024128495964
Atlanta,9,-2.095417438951126,0.1644630906898194,3.5006663896049852e-37,65748,-87.69811199381301,True,True,True,***,PA_down,True,-99.58977602962183,143.3024128495964
Atlanta,10,-1.903235407499037,0.0757700244368735,3.1168527116340983e-139,65748,-85.09145142213868,True,True,True,***,PA_down,True,-99.58977602962183,143.3024128495964
Atlanta,11,-2.235369242520743,0.108371033233552,1.5710069199200492e-94,65748,-89.30473688978542,True,True,True,***,PA_down,True,-99.58977602962183,143.3024128495964
Atlanta,12,-1.7360441114287752,0.1475270627494783,5.731102274069457e-32,65748,-82.37838850592868,True,True,True,***,PA_down,True,-99.58977602962183,143.3024128495964
Austin,1,0.222838536364031,0.0379317788027657,4.235615513260406e-09,120538,24.961878945269,True,True,True,***,PA_up,True,-99.58977602962183,143.3024128495964
Austin,2,0.2966664815832667,0.0117124234915102,1.5229567044476873e-141,120538,34.536652010245874,True,True,True,***,PA_up,True,-99.58977602962183,143.3024128495964
Austin,3,-0.0102252680146735,0.063900344292222,0.8728661217716788,120538,-1.0173167692819507,False,False,False,,non_significant,True,-99.58977602962183,143.3024128495964
Austin,4,0.1051073866067336,0.031295058129414,0.0007834014332229083,120538,11.08298922037363,True,True,True,***,PA_up,True,-99.58977602962183,143.3024128495964
Austin,5,0.1727064364920313,0.030554673548847,1.5824697207195502e-08,120538,18.85171486026691,True,True,True,***,PA_up,True,-99.58977602962183,143.3024128495964
Austin,6,0.0933219012335805,0.0326980603914099,0.0043165728799384,120538,9.781506642028814,True,True,False,**,PA_up,True,-99.58977602962183,143.3024128495964
Austin,7,0.1090435071034943,0.0370380871799755,0.0032390452109036,120538,11.52108688806801,True,True,False,**,PA_up,True,-99.58977602962183,143.3024128495964
Austin,8,-0.0204145601334803,0.0319821209335384,0.5232708349371369,120538,-2.0207593769203003,False,False,False,,non_significant,True,-99.58977602962183,143.3024128495964
Austin,9,0.1242336725973812,0.0189405125952358,5.4115167223341245e-11,120538,13.228042299610076,True,True,True,***,PA_up,True,-99.58977602962183,143.3024128495964
Austin,10,0.0495707365947019,0.0397397681368558,0.2122568626742471,120538,5.081992100876764,False,False,False,,non_significant,True,-99.58977602962183,143.3024128495964
Austin,11,0.1553978840310018,0.0403207716153532,0.00011618439617193826,120538,16.812264600074034,True,True,True,***,PA_up,True,-99.58977602962183,143.3024128495964
Austin,12,0.1374884849355142,0.0494321304594026,0.0054131893559733,120538,14.738849364350749,True,True,False,**,PA_up,True,-99.58977602962183,143.3024128495964
Bakersfield,1,0.3464936754414474,0.0413656619375002,5.4589768261895096e-17,76706,41.410055024035096,True,True,True,***,PA_up,True,-99.58977602962183,143.3024128495964
Bakersfield,2,0.301296186982901,0.0653742124307982,4.050140782185365e-06,76706,35.16096114305931,True,True,True,***,PA_up,True,-99.58977602962183,143.3024128495964
Bakersfield,3,0.2664647567400148,0.0242563685710035,4.49480950727511e-28,76706,30.534158403183987,True,True,True,***,PA_up,True,-99.58977602962183,143.3024128495964
Bakersfield,4,0.243141793740592,0.0384706682016201,2.6124799498399076e-10,76706,27.52494336867144,True,True,True,***,PA_up,True,-99.58977602962183,143.3024128495964
Bakersfield,5,0.2902604517324086,0.0933800985772161,0.0018811860641418,76706,33.67756082122519,True,True,False,**,PA_up,True,-99.58977602962183,143.3024128495964
Bakersfield,6,0.1168247498310972,0.0308010453444717,0.0001489085502771312,76706,12.392244483193585,True,True,True,***,PA_up,True,-99.58977602962183,143.3024128495964
Bakersfield,7,0.2085761164230751,0.0991303512165264,0.0353732930012282,76706,23.19226960414589,True,False,False,*,PA_up,True,-99.58977602962183,143.3024128495964
Bakersfield,8,0.1470388317511119,0.0667624049169488,0.0276356798725608,76706,15.839894481600236,True,False,False,*,PA_up,True,-99.58977602962183,143.3024128495964
Bakersfield,9,0.2536953883042825,0.0694167879014773,0.00025751391189016447,76706,28.87791672623832,True,True,True,***,PA_up,True,-99.58977602962183,143.3024128495964
Bakersfield,10,0.2529328801577487,0.0207637366568279,3.901747275898732e-34,76706,28.77968372131905,True,True,True,***,PA_up,True,-99.58977602962183,143.3024128495964
Bakersfield,11,0.2625075995946704,0.0788746946142401,0.000874216584368598,76706,30.01863490201944,True,True,True,***,PA_up,True,-99.58977602962183,143.3024128495964
Bakersfield,12,0.121911933267271,0.0689266036493013,0.0769404413048904,76706,12.96546124087039,False,False,False,,non_significant,True,-99.58977602962183,143.3024128495964
Baltimore,1,0.3660036146752941,0.0493139249939956,1.1544145669231746e-13,49311,44.19604548639271,True,True,True,***,PA_up,True,-99.58977602962183,143.3024128495964
Baltimore,2,0.3080499721651398,0.0526797758074692,4.987322368661614e-09,49311,36.07689878106866,True,True,True,***,PA_up,True,-99.58977602962183,143.3024128495964
Baltimore,3,0.3339642609308659,0.0171798448135199,3.5898873418966844e-84,49311,39.64932333144269,True,True,True,***,PA_up,True,-99.58977602962183,143.3024128495964
Baltimore,4,0.3539418522218569,0.0345502994692833,1.255971448015874e-24,49311,42.46723425400156,True,True,True,***,PA_up,True,-99.58977602962183,143.3024128495964
Baltimore,5,0.3462133547250256,0.0606136511633082,1.117841457231519e-08,49311,41.37042041156256,True,True,True,***,PA_up,True,-99.58977602962183,143.3024128495964
Baltimore,6,0.3166015006783935,0.0875162730068488,0.00029731292967532884,49311,37.24555403350804,True,True,True,***,PA_up,True,-99.58977602962183,143.3024128495964
Baltimore,7,0.3749735069004061,0.0762674731138042,8.807880505146295e-07,49311,45.49528678963591,True,True,True,***,PA_up,True,-99.58977602962183,143.3024128495964
Baltimore,8,0.2342978267069512,0.0287432592970053,3.5973271515933574e-16,49311,26.402089533431862,True,True,True,***,PA_up,True,-99.58977602962183,143.3024128495964
Baltimore,9,0.1762662791347535,0.0372828640844527,2.26954958351177e-06,49311,19.27556223035851,True,True,True,***,PA_up,True,-99.58977602962183,143.3024128495964
Baltimore,10,0.1475561732522961,0.0670662360185048,0.0277958376531283,49311,15.899838771005737,True,False,False,*,PA_up,True,-99.58977602962183,143.3024128495964
Baltimore,11,0.2375414098416269,0.0270894965954217,1.806377774808241e-18,49311,26.81275086627541,True,True,True,***,PA_up,True,-99.58977602962183,143.3024128495964
Baltimore,12,0.0877504851358279,0.0576785716178122,0.1281668536034803,49311,9.17156887497419,False,False,False,,non_significant,True,-99.58977602962183,143.3024128495964
Boston,1,0.8071651303614107,0.0844313225590248,1.177339763737429e-21,43832,124.15444846856768,True,True,True,***,PA_up,True,-99.58977602962183,143.3024128495964
Boston,2,0.7775333327542073,0.0478914788838934,2.837789915492516e-59,43832,117.60979303864735,True,True,True,***,PA_up,True,-99.58977602962183,143.3024128495964
Boston,3,0.5411445546905505,0.1153836237807817,2.7325875718851497e-06,43832,71.7972050306096,True,True,True,***,PA_up,True,-99.58977602962183,143.3024128495964
Boston,4,0.2309896263867178,0.194954844826581,0.2360820770007457,43832,25.98461702244792,False,False,False,,non_significant,True,-99.58977602962183,143.3024128495964
Boston,5,0.2816333592056257,0.1952312999051892,0.1491437431835257,43832,32.52927245220574,False,False,False,,non_significant,True,-99.58977602962183,143.3024128495964
Boston,6,0.4197836976864211,0.1170291867823577,0.00033450427219738107,43832,52.16323874141808,True,True,True,***,PA_up,True,-99.58977602962183,143.3024128495964
Boston,7,0.6407743956396319,0.1018881113848881,3.1951619529224395e-10,43832,89.79500746243332,True,True,True,***,PA_up,True,-99.58977602962183,143.3024128495964
Boston,8,0.4618951830364805,0.0601765514498598,1.6455983558656533e-14,43832,58.70789417114579,True,True,True,***,PA_up,True,-99.58977602962183,143.3024128495964
Boston,9,0.5219131927627313,0.0593968369670343,1.5376365177578461e-18,43832,68.52487731575239,True,True,True,***,PA_up,True,-99.58977602962183,143.3024128495964
Boston,10,0.2179175448194536,0.0570108627684295,0.0001321663869968809,43832,24.34845316502454,True,True,True,***,PA_up,True,-99.58977602962183,143.3024128495964
Boston,11,0.2566320570002141,0.0513940966341128,5.932087624842509e-07,43832,29.2569447373372,True,True,True,***,PA_up,True,-99.58977602962183,143.3024128495964
Boston,12,0.461895183036323,0.2215800153098461,0.0371099366299153,43832,58.70789417112079,True,False,False,*,PA_up,True,-99.58977602962183,143.3024128495964
Cape Coral,1,-0.458920047346282,0.1577750018574194,0.0036293568844113,21916,-36.80342297799597,True,True,False,**,PA_down,True,-99.58977602962183,143.3024128495964
Cape Coral,2,-0.9685039628644176,0.3050537392937264,0.0014990703402848,21916,-62.03494151644888,True,True,False,**,PA_down,True,-99.58977602962183,143.3024128495964
Cape Coral,3,-0.3183011584346253,0.0895224163652076,0.0003771935130328631,21916,-27.26163023100268,True,True,True,***,PA_down,True,-99.58977602962183,143.3024128495964
Cape Coral,4,-0.5451673039753727,0.2266764792634412,0.0161704410883452,21916,-42.02552183809806,True,False,False,*,PA_down,True,-99.58977602962183,143.3024128495964
Cape Coral,5,-0.6571265651609169,0.2490466859221712,0.0083257051129557,21916,-48.16613911074288,True,True,False,**,PA_down,True,-99.58977602962183,143.3024128495964
Cape Coral,6,-0.3168007616023784,0.218605566547425,0.1472848351346571,21916,-27.15241189648617,False,False,False,,non_significant,True,-99.58977602962183,143.3024128495964
Cape Coral,7,-0.5068443639044364,0.2123564855120977,0.0169974967937111,21916,-39.76064826372878,True,False,False,*,PA_down,True,-99.58977602962183,143.3024128495964
Cape Coral,8,-0.8845134426177207,0.302573928974107,0.0034634604111774,21916,-58.70849687326643,True,True,False,**,PA_down,True,-99.58977602962183,143.3024128495964
Cape Coral,9,-0.3603837672661263,0.1945608453210494,0.0639837047303873,21916,-30.259136789588997,False,False,False,,non_significant,True,-99.58977602962183,143.3024128495964
Cape Coral,10,-0.496550892657596,0.1547954990073956,0.0013376081490629,21916,-39.13737390362262,True,True,False,**,PA_down,True,-99.58977602962183,143.3024128495964
Cape Coral,11,-0.4185893523018328,0.1515004129798205,0.0057280050586098,21916,-34.202566455589675,True,True,False,**,PA_down,True,-99.58977602962183,143.3024128495964
Cape Coral,12,-0.6653161638164576,0.2287793767194667,0.0036361750960276,21916,-48.5889041274022,True,True,False,**,PA_down,True,-99.58977602962183,143.3024128495964
Chandler,1,0.0433522922488291,0.082122728372161,0.5975712470241462,16437,4.430573086831213,False,False,False,,non_significant,True,-99.58977602962183,143.3024128495964
Chandler,2,-0.1004949442968521,0.1119542066101859,0.3693757428139402,16437,-9.56103152730118,False,False,False,,non_significant,True,-99.58977602962183,143.3024128495964
Chandler,3,-0.0313508952114238,0.0712598109228879,0.6599718840585274,16437,-3.086455158261192,False,False,False,,non_significant,True,-99.58977602962183,143.3024128495964
Chandler,4,-0.0797065208516883,0.0040667924440151,1.565870710690592e-85,16437,-7.661269845633456,True,True,True,***,PA_down,True,-99.58977602962183,143.3024128495964
Chandler,5,0.039271380690863,0.0549905775763387,0.4751360081845723,16437,4.005269557405122,False,False,False,,non_significant,True,-99.58977602962183,143.3024128495964
Chandler,6,-0.0272944643279222,0.1217030800899909,0.8225464858263167,16437,-2.692533644390916,False,False,False,,non_significant,True,-99.58977602962183,143.3024128495964
Chandler,7,0.1402046149440093,0.0940267691762548,0.13593161461288,16437,15.05091861472332,False,False,False,,non_significant,True,-99.58977602962183,143.3024128495964
Chandler,8,-0.0020466109734667,0.0683189610696078,0.976101581938708,16437,-0.2044518093242353,False,False,False,,non_significant,True,-99.58977602962183,143.3024128495964
Chandler,9,-0.1261453470192982,0.1274259558260483,0.3221984740806894,16437,-11.85132839947941,False,False,False,,non_significant,True,-99.58977602962183,143.3024128495964
Chandler,10,-0.0820422473133665,0.0939768165725107,0.3826602563610374,16437,-7.876696174663833,False,False,False,,non_significant,True,-99.58977602962183,143.3024128495964
Chandler,11,-0.1698169584266647,0.1030035925868235,0.099219188862739,16437,-15.618074353419177,False,False,False,,non_significant,True,-99.58977602962183,143.3024128495964
Chandler,12,-0.2008814118035318,0.0679898779110557,0.0031309678265229,16437,-18.19905679345696,True,True,False,**,PA_down,True,-99.58977602962183,143.3024128495964
Charleston,1,-0.7118307864106539,0.1333006238255469,9.292560245653099e-08,60269,-50.92550746158943,True,True,True,***,PA_down,True,-99.58977602962183,143.3024128495964
Charleston,2,-0.6353254332693914,0.1110382233208077,1.0547442253179394e-08,60269,-47.023694226211575,True,True,True,***,PA_down,True,-99.58977602962183,143.3024128495964
Charleston,3,-0.5118949494681405,0.080127631777264,1.6752664979090914e-10,60269,-40.06412525062929,True,True,True,***,PA_down,True,-99.58977602962183,143.3024128495964
Charleston,4,-0.559255900899618,0.046766782111921,5.868149499534431e-33,60269,-42.83657418269067,True,True,True,***,PA_down,True,-99.58977602962183,143.3024128495964
Charleston,5,-0.3987747068412122,0.05082237509235,4.280140511015497e-15,60269,-32.88581120019101,True,True,True,***,PA_down,True,-99.58977602962183,143.3024128495964
Charleston,6,-0.3943932329824442,0.0772622765338289,3.314900392003548e-07,60269,-32.59110698847297,True,True,True,***,PA_down,True,-99.58977602962183,143.3024128495964
Charleston,7,-0.3446317234236329,0.0374486621366038,3.488130745018399e-20,60269,-29.151877753208865,True,True,True,***,PA_down,True,-99.58977602962183,143.3024128495964
Charleston,8,-0.3946188690026424,0.150059609841479,0.0085448332539721,60269,-32.60631514699936,True,True,False,**,PA_down,True,-99.58977602962183,143.3024128495964
Charleston,9,-0.4158962674499541,0.0399616731195383,2.294525971240937e-25,60269,-34.02512956495903,True,True,True,***,PA_down,True,-99.58977602962183,143.3024128495964
Charleston,10,-0.221107941890875,0.1389812516555755,0.1116277606810045,60269,-19.836985385380768,False,False,False,,non_significant,True,-99.58977602962183,143.3024128495964
Charleston,11,-0.187979703017712,0.0440229019100997,1.954349087850836e-05,60269,-17.13684742186008,True,True,True,***,PA_down,True,-99.58977602962183,143.3024128495964
Charleston,12,-0.3303230186656189,0.1149690454055124,0.0040640439918023,60269,-28.13084548505353,True,True,False,**,PA_down,True,-99.58977602962183,143.3024128495964
Charlotte,1,-0.3745205792862431,0.1442909305486269,0.0094427749438953,115059,-31.238114149507425,True,True,False,**,PA_down,True,-99.58977602962183,143.3024128495964
Charlotte,2,-0.3641658731550268,0.0654215884999329,2.5998425515271068e-08,115059,-30.522405949290565,True,True,True,***,PA_down,True,-99.58977602962183,143.3024128495964
Charlotte,3,-0.2496761373256029,0.0450152184244789,2.9147318963945505e-08,115059,-22.09469515767063,True,True,True,***,PA_down,True,-99.58977602962183,143.3024128495964
Charlotte,4,-0.2381750241898625,0.0569772324154006,2.912798603270612e-05,115059,-21.193525137169942,True,True,True,***,PA_down,True,-99.58977602962183,143.3024128495964
Charlotte,5,-0.2612079523236368,0.0604206924130165,1.538143524763376e-05,115059,-22.98792454380833,True,True,True,***,PA_down,True,-99.58977602962183,143.3024128495964
Charlotte,6,-0.4643412553860709,0.1013003175561284,4.565824514590285e-06,115059,-37.1450977875188,True,True,True,***,PA_down,True,-99.58977602962183,143.3024128495964
Charlotte,7,-0.4808025324405906,0.0707830089905752,1.1011029995422427e-11,115059,-38.17130027264821,True,True,True,***,PA_down,True,-99.58977602962183,143.3024128495964
Charlotte,8,-0.4441385480683932,0.1265227123165845,0.0004475232732221699,115059,-35.86234468113149,True,True,True,***,PA_down,True,-99.58977602962183,143.3024128495964
Charlotte,9,-0.2252610813021021,0.0862637622940028,0.0090197143127136,115059,-20.1692231682326,True,True,False,**,PA_down,True,-99.58977602962183,143.3024128495964
Charlotte,10,-0.2885101116096658,0.0378044624610852,2.317829120834768e-14,115059,-25.06207723210493,True,True,True,***,PA_down,True,-99.58977602962183,143.3024128495964
Charlotte,11,-0.4006606577118746,0.0745965488485633,7.828611063110947e-08,115059,-33.01226598175781,True,True,True,***,PA_down,True,-99.58977602962183,143.3024128495964
Charlotte,12,-0.2914613657464793,0.1032985458662194,0.0047793119093084,115059,-25.282912056545868,True,True,False,**,PA_down,True,-99.58977602962183,143.3024128495964
Chicago,1,-3.334466429313682,0.4048327494932514,1.7709681475610227e-16,87664,-96.43664058188236,True,True,True,***,PA_down,True,-99.58977602962183,143.3024128495964
Chicago,2,-3.234313661313402,0.1949660258023775,8.354346377634934e-62,87664,-96.06127713558853,True,True,True,***,PA_down,True,-99.58977602962183,143.3024128495964
Chicago,3,-3.4280573821494085,0.1710278680804693,2.283870683485928e-89,87664,-96.75500826278936,True,True,True,***,PA_down,True,-99.58977602962183,143.3024128495964
Chicago,4,-3.636787810092528,0.3811358371183197,1.4014055952552265e-21,87664,-97.36631929368488,True,True,True,***,PA_down,True,-99.58977602962183,143.3024128495964
Chicago,5,-3.819109367036957,0.3630350927967898,6.991406159876537e-26,87664,-97.80526607840098,True,True,True,***,PA_down,True,-99.58977602962183,143.3024128495964
Chicago,6,-3.388729279451064,0.2257991411907989,6.536027035172292e-51,87664,-96.62484615652646,True,True,True,***,PA_down,True,-99.58977602962183,143.3024128495964
Chicago,7,-3.4300971726105445,0.270253047783298,6.535111519622512e-37,87664,-96.76162061977732,True,True,True,***,PA_down,True,-99.58977602962183,143.3024128495964
Chicago,8,-4.552097130374142,0.5525113110738409,1.7377040008197163e-16,87664,-98.94549332006169,True,True,True,***,PA_down,True,-99.58977602962183,143.3024128495964
Chicago,9,-4.191810648228357,0.36960477111355,8.18878816751739e-30,87664,-98.48811149076566,True,True,True,***,PA_down,True,-99.58977602962183,143.3024128495964
Chicago,10,-3.721807020529941,0.2802446118394727,3.0011766740218956e-40,87664,-97.58097838896806,True,True,True,***,PA_down,True,-99.58977602962183,143.3024128495964
Chicago,11,-3.855338335196019,0.4659295986149763,1.2898677650401042e-16,87664,-97.8833559253368,True,True,True,***,PA_down,True,-99.58977602962183,143.3024128495964
Chicago,12,-3.162191232821264,0.3361800287745107,5.1418526045099376e-21,87664,-95.766712181654,True,True,True,***,PA_down,True,-99.58977602962183,143.3024128495964
Cincinnati,1,-2.39403873667699,0.8536655561738321,0.0050406832813994,60269,-90.87396379885764,True,True,False,**,PA_down,True,-99.58977602962183,143.3024128495964
Cincinnati,2,-3.08718591706617,1.0658729885978036,0.0037748063863224,60269,-95.43698189864962,True,True,False,**,PA_down,True,-99.58977602962183,143.3024128495964
Cincinnati,3,-1.9885736029076573,0.7432709562000165,0.0074632202346726,60269,-86.31094534700934,True,True,False,**,PA_down,True,-99.58977602962183,143.3024128495964
Cincinnati,4,-1.9885736284998463,0.7600689180100835,0.0088886599495999,60269,-86.3109456973422,True,True,False,**,PA_down,True,-99.58977602962183,143.3024128495964
Cincinnati,5,-2.6817208076840866,1.0658362357334592,0.0118670905990682,60269,-93.15547283925504,True,False,False,*,PA_down,True,-99.58977602962183,143.3024128495964
Cincinnati,6,-2.1708951853835674,0.7113614617498519,0.0022751379890607,60269,-88.59245474880917,True,True,False,**,PA_down,True,-99.58977602962183,143.3024128495964
Cincinnati,7,-3.0871859054397253,1.087780752500078,0.0045388798359189,60269,-95.43698184559794,True,True,False,**,PA_down,True,-99.58977602962183,143.3024128495964
Cincinnati,8,-2.681720771892745,0.7304342599262889,0.00024121973610296345,60269,-93.15547259428024,True,True,True,***,PA_down,True,-99.58977602962183,143.3024128495964
Cincinnati,9,-1.700891556106043,0.5610091893551727,0.0024306591779007,60269,-81.74792759751448,True,True,False,**,PA_down,True,-99.58977602962183,143.3024128495964
Cincinnati,10,-3.0871859171993004,0.8123211650722477,0.0001444335993299565,60269,-95.43698189925708,True,True,True,***,PA_down,True,-99.58977602962183,143.3024128495964
Cincinnati,11,-2.394038735405206,0.8791623927187101,0.0064674343927617,60269,-90.8739637872513,True,True,False,**,PA_down,True,-99.58977602962183,143.3024128495964
Cincinnati,12,-1.3824368222727923,0.9597089287000852,0.1497330276532562,60269,-74.9033752818401,False,False,False,,non_significant,True,-99.58977602962183,143.3024128495964
Clearwater,1,0.1965950690802738,1e-06,0.0,5479,21.72510383142065,True,True,True,***,PA_up,True,-99.58977602962183,143.3024128495964
Clearwater,2,-0.0078063004582517,1e-06,0.0,5479,-0.7775910424157262,True,True,True,***,PA_down,True,-99.58977602962183,143.3024128495964
Clearwater,3,0.2750564856221624,1e-06,0.0,5479,31.66050420222051,True,True,True,***,PA_up,True,-99.58977602962183,143.3024128495964
Clearwater,4,0.1680843660054201,1e-06,0.0,5479,18.30364144942831,True,True,True,***,PA_up,True,-99.58977602962183,143.3024128495964
Clearwater,5,0.1071236662157242,1e-06,0.0,5479,11.307189535751473,True,True,True,***,PA_up,True,-99.58977602962183,143.3024128495964
Clearwater,6,0.1133156364674593,1e-06,0.0,5479,11.9985385395063,True,True,True,***,PA_up,True,-99.58977602962183,143.3024128495964
Clearwater,7,0.1847746005359533,1e-06,0.0,5479,20.29472658985705,True,True,True,***,PA_up,True,-99.58977602962183,143.3024128495964
Clearwater,8,-0.0245541577594862,1e-06,0.0,5479,-2.425515666712419,True,True,True,***,PA_down,True,-99.58977602962183,143.3024128495964
Clearwater,9,0.4072282907764548,1e-06,0.0,5479,50.264710698323256,True,True,True,***,PA_up,True,-99.58977602962183,143.3024128495964
Clearwater,10,-0.0210515272082781,1e-06,0.0,5479,-2.083149055016076,True,True,True,***,PA_down,True,-99.58977602962183,143.3024128495964
Clearwater,11,-0.1041854274080797,1e-06,0.0,5479,-9.89417989571889,True,True,True,***,PA_down,True,-99.58977602962183,143.3024128495964
Clearwater,12,0.2196016496430282,1e-06,0.0,5479,24.5580454329412,True,True,True,***,PA_up,True,-99.58977602962183,143.3024128495964
Cleveland,1,-13.952085730578569,0.00011966335292317172,0.0,54790,-99.99991276592584,True,True,True,***,PA_down,False,-99.58977602962183,143.3024128495964
Cleveland,2,-13.95208573057859,0.0001196633529247302,0.0,54790,-99.99991276592584,True,True,True,***,PA_down,False,-99.58977602962183,143.3024128495964
Cleveland,3,-13.952085730578569,0.00011966335292326626,0.0,54790,-99.99991276592584,True,True,True,***,PA_down,False,-99.58977602962183,143.3024128495964
Cleveland,4,-13.95208573057856,0.000119663352935781,0.0,54790,-99.99991276592584,True,True,True,***,PA_down,False,-99.58977602962183,143.3024128495964
Cleveland,5,-3.0884329230343432,0.7937511232565129,9.985925535046116e-05,54790,-95.44266846312809,True,True,True,***,PA_down,True,-99.58977602962183,143.3024128495964
Cleveland,6,-1.9898206343669804,0.7937511232582928,0.0121809948128935,54790,-86.3280053893944,True,False,False,*,PA_down,True,-99.58977602962183,143.3024128495964
Cleveland,7,-2.395285742472563,0.2742305993415119,2.4458967751398094e-18,54790,-90.8853369262394,True,True,True,***,PA_down,True,-99.58977602962183,143.3024128495964
Cleveland,8,-13.952085730578576,0.00011966335292485782,0.0,54790,-99.99991276592584,True,True,True,***,PA_down,False,-99.58977602962183,143.3024128495964
Cleveland,9,-14.001118437792613,0.00011958913207434488,0.0,54790,-99.9999169400774,True,True,True,***,PA_down,False,-99.58977602962183,143.3024128495964
Cleveland,10,-14.001118437792623,0.00011958913206282008,0.0,54790,-99.9999169400774,True,True,True,***,PA_down,False,-99.58977602962183,143.3024128495964
Cleveland,11,-14.00111843779258,0.000119589132071666,0.0,54790,-99.9999169400774,True,True,True,***,PA_down,False,-99.58977602962183,143.3024128495964
Cleveland,12,-3.08760410745176,0.7936875708257446,0.00010016126166753597,54790,-95.43888971000688,True,True,True,***,PA_down,True,-99.58977602962183,143.3024128495964
Columbia,1,-0.4388841574411789,0.0754233137755568,5.92200135512793e-09,60269,-35.52445345732502,True,True,True,***,PA_down,True,-99.58977602962183,143.3024128495964
Columbia,2,-0.334901149028529,0.0885743344977113,0.000156188408305948,60269,-28.45911982875905,True,True,True,***,PA_down,True,-99.58977602962183,143.3024128495964
Columbia,3,-0.2667699382855429,0.1155333346604877,0.0209419153391802,60269,-23.415075621061465,True,False,False,*,PA_down,True,-99.58977602962183,143.3024128495964
Columbia,4,-0.2099262917140152,0.1114256406645444,0.0595645084621937,60269,-18.93560050524259,False,False,False,,non_significant,True,-99.58977602962183,143.3024128495964
Columbia,5,0.1178700516893202,0.092119262615046,0.20070784025468,60269,12.509789729630928,False,False,False,,non_significant,True,-99.58977602962183,143.3024128495964
Columbia,6,0.0583286579983198,0.0823255701787571,0.4786273355511281,60269,6.006333675896758,False,False,False,,non_significant,True,-99.58977602962183,143.3024128495964
Columbia,7,-0.0802354532789541,0.094134710647207,0.3940214383014432,60269,-7.710097879800937,False,False,False,,non_significant,True,-99.58977602962183,143.3024128495964
Columbia,8,-0.3849989541553396,0.0727754258530344,1.22160683449459e-07,60269,-31.954865214937566,True,True,True,***,PA_down,True,-99.58977602962183,143.3024128495964
Columbia,9,0.0532622753669025,0.1265149962557389,0.6737581874162394,60269,5.47062323108205,False,False,False,,non_significant,True,-99.58977602962183,143.3024128495964
Columbia,10,-0.1529684213507326,0.1235299515134768,0.2156009959866667,60269,-14.184317918322254,False,False,False,,non_significant,True,-99.58977602962183,143.3024128495964
Columbia,11,0.0782321806783695,0.0591209414360065,0.1857500326311938,60269,8.137370360513764,False,False,False,,non_significant,True,-99.58977602962183,143.3024128495964
Columbia,12,-0.1584326908783061,0.1781638161086826,0.3738671761721228,60269,-14.651959112567258,False,False,False,,non_significant,True,-99.58977602962183,143.3024128495964
Columbus,1,-0.0982261666484144,0.1445349650701422,0.4967568740444977,109580,-9.355612680351877,False,False,False,,non_significant,True,-99.58977602962183,143.3024128495964
Columbus,2,-0.2343583409731359,0.1208209650620793,0.0524142322157227,109580,-20.892171066500108,False,False,False,,non_significant,True,-99.58977602962183,143.3024128495964
Columbus,3,0.0215750331641008,0.2037704336471416,0.9156782647800296,109580,2.180945705774384,False,False,False,,non_significant,True,-99.58977602962183,143.3024128495964
Columbus,4,0.3603487667736945,0.1580125507397703,0.0225776215844044,109580,43.3829399419883,True,False,False,*,PA_up,True,-99.58977602962183,143.3024128495964
Columbus,5,0.1571205251604579,0.143445428651973,0.2733707340718145,109580,17.013663630821753,False,False,False,,non_significant,True,-99.58977602962183,143.3024128495964
Columbus,6,0.0053145122923392,0.1762871310460974,0.9759498888615916,109580,0.5328659363282862,False,False,False,,non_significant,True,-99.58977602962183,143.3024128495964
Columbus,7,0.2638885005859485,0.139878041346982,0.0592193551061231,109580,30.198301786379236,False,False,False,,non_significant,True,-99.58977602962183,143.3024128495964
Columbus,8,0.2119287616553816,0.1210284325102082,0.0799345584167355,109580,23.6059827086057,False,False,False,,non_significant,True,-99.58977602962183,143.3024128495964
Columbus,9,-0.1935363464529988,0.1524127491235689,0.2041497147965485,109580,-17.596011527613996,False,False,False,,non_significant,True,-99.58977602962183,143.3024128495964
Columbus,10,-0.1543156332991689,0.1691074108971476,0.3614896362623875,109580,-14.299851988671552,False,False,False,,non_significant,True,-99.58977602962183,143.3024128495964
Columbus,11,0.1985057413232278,0.1747857171228287,0.2560783024700329,109580,21.95790293915603,False,False,False,,non_significant,True,-99.58977602962183,143.3024128495964
Columbus,12,0.1571205251604625,0.1556964666163245,0.3129044391109215,109580,17.013663630822286,False,False,False,,non_significant,True,-99.58977602962183,143.3024128495964
Corpus Christi,1,-10.19698050150264,1.0000000000000002e-06,0.0,21916,-99.9962717275976,True,True,True,***,PA_down,False,-99.58977602962183,143.3024128495964
Corpus Christi,2,-10.196980501506989,1e-06,0.0,21916,-99.99627172759762,True,True,True,***,PA_down,False,-99.58977602962183,143.3024128495964
Corpus Christi,3,-10.196980501504012,1.0000000000000002e-06,0.0,21916,-99.9962717275976,True,True,True,***,PA_down,False,-99.58977602962183,143.3024128495964
Corpus Christi,4,-10.196980501504244,1.0000000000000002e-06,0.0,21916,-99.9962717275976,True,True,True,***,PA_down,False,-99.58977602962183,143.3024128495964
Corpus Christi,5,-10.196980501504418,1.0000000000000002e-06,0.0,21916,-99.9962717275976,True,True,True,***,PA_down,False,-99.58977602962183,143.3024128495964
Corpus Christi,6,-10.196980501506465,1.0000000000000002e-06,0.0,21916,-99.9962717275976,True,True,True,***,PA_down,False,-99.58977602962183,143.3024128495964
Corpus Christi,7,-10.19698050150642,1.0000000000000002e-06,0.0,21916,-99.9962717275976,True,True,True,***,PA_down,False,-99.58977602962183,143.3024128495964
Corpus Christi,8,-10.196980501506436,1e-06,0.0,21916,-99.9962717275976,True,True,True,***,PA_down,False,-99.58977602962183,143.3024128495964
Corpus Christi,9,-10.196980501506433,1.0000000000000002e-06,0.0,21916,-99.9962717275976,True,True,True,***,PA_down,False,-99.58977602962183,143.3024128495964
Corpus Christi,10,-10.196980501505225,1.0000000000000004e-06,0.0,21916,-99.9962717275976,True,True,True,***,PA_down,False,-99.58977602962183,143.3024128495964
Corpus Christi,11,-10.19698050150769,1e-06,0.0,21916,-99.99627172759762,True,True,True,***,PA_down,False,-99.58977602962183,143.3024128495964
Corpus Christi,12,-10.196980501507548,1e-06,0.0,21916,-99.99627172759762,True,True,True,***,PA_down,False,-99.58977602962183,143.3024128495964
Dallas,1,0.424765554874961,0.0622727024612852,9.037406390804402e-12,147933,52.923185667949646,True,True,True,***,PA_up,True,-99.58977602962183,143.3024128495964
Dallas,2,0.4842872102071383,0.032933435909891,5.984312975001021e-49,147933,62.30177259748109,True,True,True,***,PA_up,True,-99.58977602962183,143.3024128495964
Dallas,3,0.3180291693650457,0.0271750973722621,1.2307894489967663e-31,147933,37.441635149513615,True,True,True,***,PA_up,True,-99.58977602962183,143.3024128495964
Dallas,4,0.2653348210408115,0.0329429725107793,7.989057156130229e-16,147933,30.38674649631088,True,True,True,***,PA_up,True,-99.58977602962183,143.3024128495964
Dallas,5,0.0359010188182235,0.0447020613665848,0.4219066809051345,147933,3.655324214817579,False,False,False,,non_significant,True,-99.58977602962183,143.3024128495964
Dallas,6,0.2120720709393415,0.043119437965001,8.73224306428047e-07,147933,23.623697862823544,True,True,True,***,PA_up,True,-99.58977602962183,143.3024128495964
Dallas,7,0.1829947335307613,0.0480871840438681,0.00014153044515588287,147933,20.08080840453419,True,True,True,***,PA_up,True,-99.58977602962183,143.3024128495964
Dallas,8,0.260847992068596,0.0419347001588525,4.960863066593516e-10,147933,29.803033952970704,True,True,True,***,PA_up,True,-99.58977602962183,143.3024128495964
Dallas,9,0.2415292008484461,0.0268202094114597,2.1469951771860728e-19,147933,27.31946327382253,True,True,True,***,PA_up,True,-99.58977602962183,143.3024128495964
Dallas,10,0.0288931308758206,0.025566906440317,0.2584345856506811,147933,2.931458664863529,False,False,False,,non_significant,True,-99.58977602962183,143.3024128495964
Dallas,11,0.0415248777817443,0.0279916650879313,0.137948800014812,147933,4.2399094106057245,False,False,False,,non_significant,True,-99.58977602962183,143.3024128495964
Dallas,12,-0.1070625053602525,0.0393324955942351,0.0064890876424697,147933,-10.153048792538357,True,True,False,**,PA_down,True,-99.58977602962183,143.3024128495964
Detroit,1,-1.3589763697341533,0.5521718692196749,0.0138493447717705,71227,-74.30763627941963,True,False,False,*,PA_down,True,-99.58977602962183,143.3024128495964
Detroit,2,-1.8698019935010883,0.8409978078761451,0.026194650705111,71227,-84.58458176766634,True,False,False,*,PA_down,True,-99.58977602962183,143.3024128495964
Detroit,3,-1.0225041331134497,0.7319891667533531,0.1624483836651609,71227,-64.03069079120579,False,False,False,,non_significant,True,-99.58977602962183,143.3024128495964
Detroit,4,-2.9684142821714103,0.8409978078781637,0.0004161352366004,71227,-94.86152725590014,True,True,True,***,PA_down,True,-99.58977602962183,143.3024128495964
Detroit,5,-2.968414282171413,0.8409978078781637,0.0004161352366004738,71227,-94.86152725590016,True,True,True,***,PA_down,True,-99.58977602962183,143.3024128495964
Detroit,6,-1.582119921047212,0.8409978078774789,0.0599390839375925,71227,-79.44610902351205,False,False,False,,non_significant,True,-99.58977602962183,143.3024128495964
Detroit,7,-1.8698019935009773,0.6589132748267079,0.0045439049490175,71227,-84.58458176766463,True,True,False,**,PA_down,True,-99.58977602962183,143.3024128495964
Detroit,8,-1.1766548129408512,0.258635198649396,5.377948527220775e-06,71227,-69.16916353532368,True,True,True,***,PA_down,True,-99.58977602962183,143.3024128495964
Detroit,9,-1.176654812940817,0.6254485461916678,0.0599314551318016,71227,-69.16916353532261,False,False,False,,non_significant,True,-99.58977602962183,143.3024128495964
Detroit,10,-1.358976369734157,0.5028425095378359,0.0068801871423271,71227,-74.30763627941973,True,True,False,**,PA_down,True,-99.58977602962183,143.3024128495964
Detroit,11,-2.2752671016087467,0.8409978078772975,0.0068214460179094,71227,-89.72305451177236,True,True,False,**,PA_down,True,-99.58977602962183,143.3024128495964
Detroit,12,-11.932614134619346,0.0014641869241904,0.0,71227,-99.99934274858973,True,True,True,***,PA_down,False,-99.58977602962183,143.3024128495964
Fort Worth,1,0.2339730660827335,0.0318491726139028,2.0379318255218638e-13,131496,26.36104577699128,True,True,True,***,PA_up,True,-99.58977602962183,143.3024128495964
Fort Worth,2,0.4695248352714556,0.0205969683137627,5.044196608171506e-115,131496,59.92341130068222,True,True,True,***,PA_up,True,-99.58977602962183,143.3024128495964
Fort Worth,3,0.2724778305461612,0.036105867708761,4.46645640541672e-14,131496,31.32143453449636,True,True,True,***,PA_up,True,-99.58977602962183,143.3024128495964
Fort Worth,4,0.2435162312715855,0.0479179145434773,3.735885681047322e-07,131496,27.57270243444183,True,True,True,***,PA_up,True,-99.58977602962183,143.3024128495964
Fort Worth,5,0.1064358932880875,0.0418940047233619,0.0110662556918726,131496,11.230661784012064,True,False,False,*,PA_up,True,-99.58977602962183,143.3024128495964
Fort Worth,6,0.2091250720483346,0.0394918623841266,1.1875840695729243e-07,131496,23.25991525906619,True,True,True,***,PA_up,True,-99.58977602962183,143.3024128495964
Fort Worth,7,0.1111415087575318,0.0571279047985447,0.0517165767277829,131496,11.755303920769222,False,False,False,,non_significant,True,-99.58977602962183,143.3024128495964
Fort Worth,8,0.2907167641092615,0.0421867150007481,5.53267003011541e-12,131496,33.738573466089235,True,True,True,***,PA_up,True,-99.58977602962183,143.3024128495964
Fort Worth,9,0.1124648419220636,0.0690587403591541,0.1034106775004039,131496,11.90329131747847,False,False,False,,non_significant,True,-99.58977602962183,143.3024128495964
Fort Worth,10,-0.1223289176698268,0.0602490725308656,0.0423172439381124,131496,-11.514272456074137,True,False,False,*,PA_down,True,-99.58977602962183,143.3024128495964
Fort Worth,11,-0.0966549161182587,0.0471142141821103,0.0402180613289288,131496,-9.2130756873823,True,False,False,*,PA_down,True,-99.58977602962183,143.3024128495964
Fort Worth,12,-0.0883847359454641,0.0627739011262523,0.1591353948575226,131496,-8.459138163582802,False,False,False,,non_significant,True,-99.58977602962183,143.3024128495964
Fresno,1,0.2527240951405559,0.0810220118509103,0.0018134103243447,65748,28.75279925947329,True,True,False,**,PA_up,True,-99.58977602962183,143.3024128495964
Fresno,2,0.2747805783226192,0.0461336156305892,2.581862101955507e-09,65748,31.624183118906004,True,True,True,***,PA_up,True,-99.58977602962183,143.3024128495964
Fresno,3,0.262099391461131,0.0446866977526023,4.484118836123754e-09,65748,29.965571069021717,True,True,True,***,PA_up,True,-99.58977602962183,143.3024128495964
Fresno,4,0.4386050995602816,0.0405413520435836,2.8070271101168783e-27,65748,55.05428564152424,True,True,True,***,PA_up,True,-99.58977602962183,143.3024128495964
Fresno,5,0.4426285878949413,0.0452097970741417,1.2362675035091814e-22,65748,55.67940148088071,True,True,True,***,PA_up,True,-99.58977602962183,143.3024128495964
Fresno,6,0.3489710120184718,0.0383700925378532,9.46994996854403e-20,65748,41.76080961490647,True,True,True,***,PA_up,True,-99.58977602962183,143.3024128495964
Fresno,7,0.3192435301414908,0.0850248821465602,0.00017354428909245782,65748,37.60864026199555,True,True,True,***,PA_up,True,-99.58977602962183,143.3024128495964
Fresno,8,0.3322394604133702,0.043994400735678,4.290926920963629e-14,65748,39.408663710874,True,True,True,***,PA_up,True,-99.58977602962183,143.3024128495964
Fresno,9,0.2257550214283571,0.0795007773060194,0.0045161918083384,65748,25.326860371554805,True,True,False,**,PA_up,True,-99.58977602962183,143.3024128495964
Fresno,10,0.2371594812874257,0.0646863651036276,0.0002460872834548761,65748,26.76432670355664,True,True,True,***,PA_up,True,-99.58977602962183,143.3024128495964
Fresno,11,0.3337433357570544,0.0691012129656621,1.3668716933570478e-06,65748,39.618474688159445,True,True,True,***,PA_up,True,-99.58977602962183,143.3024128495964
Fresno,12,0.1825617140411703,0.0394253572195308,3.6466772543141366e-06,65748,20.02882233047312,True,True,True,***,PA_up,True,-99.58977602962183,143.3024128495964
Gilbert,1,-0.2014060331275572,1e-06,0.0,5479,-18.24196005762085,True,True,True,***,PA_down,True,-99.58977602962183,143.3024128495964
Gilbert,2,0.2407024673327827,1e-06,0.0,5479,27.214247505031807,True,True,True,***,PA_up,True,-99.58977602962183,143.3024128495964
Gilbert,3,0.1581219797341703,1e-06,0.0,5479,17.1309061962047,True,True,True,***,PA_up,True,-99.58977602962183,143.3024128495964
Gilbert,4,-0.0374288740286977,1e-06,0.0,5479,-3.673707170425322,True,True,True,***,PA_down,True,-99.58977602962183,143.3024128495964
Gilbert,5,0.1106081399239419,1e-06,0.0,5479,11.69571301804735,True,True,True,***,PA_up,True,-99.58977602962183,143.3024128495964
Gilbert,6,-0.0409417581962272,1e-06,0.0,5479,-4.01149662444058,True,True,True,***,PA_down,True,-99.58977602962183,143.3024128495964
Gilbert,7,0.1261123264711492,1e-06,0.0,5479,13.440958535229663,True,True,True,***,PA_up,True,-99.58977602962183,143.3024128495964
Gilbert,8,0.0298676442472131,1e-06,0.0,5479,3.0318156393339235,True,True,True,***,PA_up,True,-99.58977602962183,143.3024128495964
Gilbert,9,-0.0497073365159874,1e-06,0.0,5479,-4.849214464053109,True,True,True,***,PA_down,True,-99.58977602962183,143.3024128495964
Gilbert,10,-0.0080346401871667,1e-06,0.0,5479,-0.8002448738960943,True,True,True,***,PA_down,True,-99.58977602962183,143.3024128495964
Gilbert,11,-0.3932969858884809,1e-06,0.0,5479,-32.51716966601893,True,True,True,***,PA_down,True,-99.58977602962183,143.3024128495964
Gilbert,12,0.1347703892030317,1e-06,0.0,5479,14.427401651642048,True,True,True,***,PA_up,True,-99.58977602962183,143.3024128495964
Henderson,1,0.1348604249179433,0.1358195157691152,0.3207399309327065,21916,14.437704668368024,False,False,False,,non_significant,True,-99.58977602962183,143.3024128495964
Henderson,2,0.1535966285408563,0.0605298958653943,0.0111636735620781,21916,16.602045253361442,True,False,False,*,PA_up,True,-99.58977602962183,143.3024128495964
Henderson,3,0.0781575068248484,0.1502342583946452,0.6028979965280806,21916,8.129295627848766,False,False,False,,non_significant,True,-99.58977602962183,143.3024128495964
Henderson,4,-0.0615116181608595,0.0743758259203276,0.408215646693072,21916,-5.965797936889472,False,False,False,,non_significant,True,-99.58977602962183,143.3024128495964
Henderson,5,0.1409851901119536,0.081036359568088,0.081898192201806,21916,15.14075956408858,False,False,False,,non_significant,True,-99.58977602962183,143.3024128495964
Henderson,6,0.1139565177239656,0.165220031871737,0.4903666415390157,21916,12.070339309038513,False,False,False,,non_significant,True,-99.58977602962183,143.3024128495964
Henderson,7,0.2768747274638276,0.1420411723761387,0.0512647595061681,21916,31.90011260685701,False,False,False,,non_significant,True,-99.58977602962183,143.3024128495964
Henderson,8,-0.1447197933664802,0.1716019173717545,0.3990349542411534,21916,-13.473528794247423,False,False,False,,non_significant,True,-99.58977602962183,143.3024128495964
Henderson,9,-0.1087202870416688,0.1066225693603543,0.3078829841251886,21916,-10.301872030079206,False,False,False,,non_significant,True,-99.58977602962183,143.3024128495964
Henderson,10,0.0919504084205155,0.092538221936874,0.320394323366728,21916,9.631045296573504,False,False,False,,non_significant,True,-99.58977602962183,143.3024128495964
Henderson,11,0.0099650685716723,0.1034956603523543,0.9232943090643628,21916,1.0014885205376078,False,False,False,,non_significant,True,-99.58977602962183,143.3024128495964
Henderson,12,0.0269146268854426,0.0165375305273455,0.1036335670061074,21916,2.728009691828537,False,False,False,,non_significant,True,-99.58977602962183,143.3024128495964
Houston,1,0.2856107947038573,0.0184670532869041,5.888442905500858e-54,295866,33.05744878234238,True,True,True,***,PA_up,True,-99.58977602962183,143.3024128495964
Houston,2,0.2242250125299741,0.0373608106387561,1.9537058590800242e-09,295866,25.135255775725906,True,True,True,***,PA_up,True,-99.58977602962183,143.3024128495964
Houston,3,0.3414798140353495,0.0308822959663095,2.017249415102385e-28,295866,40.70281907980713,True,True,True,***,PA_up,True,-99.58977602962183,143.3024128495964
Houston,4,0.3105115241932575,0.0302583214212514,1.0449668734692944e-24,295866,36.41227174690322,True,True,True,***,PA_up,True,-99.58977602962183,143.3024128495964
Houston,5,0.1973542056481426,0.020685163432249,1.4165552214169982e-21,295866,21.81754489222214,True,True,True,***,PA_up,True,-99.58977602962183,143.3024128495964
Houston,6,0.2118117875538587,0.0337001855624647,3.2747058399679114e-10,295866,23.5915248554492,True,True,True,***,PA_up,True,-99.58977602962183,143.3024128495964
Houston,7,0.0797470964984661,0.0316918115200979,0.0118583663399514,295866,8.301313522307542,True,False,False,*,PA_up,True,-99.58977602962183,143.3024128495964
Houston,8,0.1207246753431339,0.0534393539776111,0.0238773620930429,295866,12.831421687364376,True,False,False,*,PA_up,True,-99.58977602962183,143.3024128495964
Houston,9,0.1019820505127415,0.0269175451379231,0.00015144790362719225,295866,10.736359494080697,True,True,True,***,PA_up,True,-99.58977602962183,143.3024128495964
Houston,10,0.1503440611710754,0.0243546569508845,6.695811508341481e-10,295866,16.223405355417817,True,True,True,***,PA_up,True,-99.58977602962183,143.3024128495964
Houston,11,0.0398618766771448,0.0817636150689778,0.6258857220616152,295866,4.0667023877657416,False,False,False,,non_significant,True,-99.58977602962183,143.3024128495964
Houston,12,-0.0535822498327003,0.0528793512840386,0.3109204708992349,295866,-5.217202089503948,False,False,False,,non_significant,True,-99.58977602962183,143.3024128495964
Indianapolis,1,0.3866741011550568,0.3902595873049515,0.3217771146298132,115059,47.2076665005176,False,False,False,,non_significant,True,-99.58977602962183,143.3024128495964
Indianapolis,2,-0.0079800952619225,0.1995000908314784,0.968092760125927,115059,-0.7948338830988,False,False,False,,non_significant,True,-99.58977602962183,143.3024128495964
Indianapolis,3,0.1228595057093173,0.1615782951847037,0.4470326463682061,115059,13.072554930346511,False,False,False,,non_significant,True,-99.58977602962183,143.3024128495964
Indianapolis,4,0.1599007773774982,0.1069766385398678,0.134985930810921,115059,17.339443794214795,False,False,False,,non_significant,True,-99.58977602962183,143.3024128495964
Indianapolis,5,0.1228595058181604,0.1175070702838851,0.2957688896073989,115059,13.07255494265367,False,False,False,,non_significant,True,-99.58977602962183,143.3024128495964
Indianapolis,6,-0.366192318512306,0.1236166679066742,0.0030532874459524,115059,-30.663055939298555,True,True,False,**,PA_down,True,-99.58977602962183,143.3024128495964
Indianapolis,7,-0.0297200818813697,0.2689964509752077,0.9120247187841692,115059,-2.928278314074117,False,False,False,,non_significant,True,-99.58977602962183,143.3024128495964
Indianapolis,8,-0.2778997113234728,0.1676577045475299,0.0974099153962824,115059,-24.26272263811921,False,False,False,,non_significant,True,-99.58977602962183,143.3024128495964
Indianapolis,9,-0.4630421445210736,0.1255107188750785,0.0002249039734680608,115059,-37.06338923839581,True,True,True,***,PA_down,True,-99.58977602962183,143.3024128495964
Indianapolis,10,0.1868082302945058,0.1557913693293214,0.2304920605034121,115059,20.53961044279633,False,False,False,,non_significant,True,-99.58977602962183,143.3024128495964
Indianapolis,11,0.0132973031810759,0.139143811662282,0.9238659222130742,115059,1.3386105490883482,False,False,False,,non_significant,True,-99.58977602962183,143.3024128495964
Indianapolis,12,0.1133807617827042,0.167005887133,0.4971994613737645,115059,12.005832717150875,False,False,False,,non_significant,True,-99.58977602962183,143.3024128495964
Jacksonville,1,-0.1182165800798717,0.1533235124332781,0.4406908805880076,126017,-11.14964004059421,False,False,False,,non_significant,True,-99.58977602962183,143.3024128495964
Jacksonville,2,-0.359609852139905,0.1430122054786126,0.0119187920773902,126017,-30.205142389788328,True,False,False,*,PA_down,True,-99.58977602962183,143.3024128495964
Jacksonville,3,-0.2216497293478526,0.1125721699815084,0.048958062535176,126017,-19.88040493806588,True,False,False,*,PA_down,True,-99.58977602962183,143.3024128495964
Jacksonville,4,-0.073489845989528,0.1004864980283472,0.4645711968509548,126017,-7.085441970242745,False,False,False,,non_significant,True,-99.58977602962183,143.3024128495964
Jacksonville,5,-0.3064081088528575,0.1314384539249848,0.0197433033334305,126017,-26.39138451271272,True,False,False,*,PA_down,True,-99.58977602962183,143.3024128495964
Jacksonville,6,-0.37304320553242,0.1511607809402798,0.0135924572037202,126017,-31.13645206613257,True,False,False,*,PA_down,True,-99.58977602962183,143.3024128495964
Jacksonville,7,-0.0575043403450258,0.1152573604325223,0.6178348997696834,126017,-5.588220741943561,False,False,False,,non_significant,True,-99.58977602962183,143.3024128495964
Jacksonville,8,-0.1045054887436948,0.1456472399389212,0.4730504157447668,126017,-9.923014670153806,False,False,False,,non_significant,True,-99.58977602962183,143.3024128495964
Jacksonville,9,-0.3501680572129011,0.1643063474838857,0.033073486239609,126017,-29.5430328246834,True,False,False,*,PA_down,True,-99.58977602962183,143.3024128495964
Jacksonville,10,0.008770830722212,0.0985763308122799,0.929101764802572,126017,0.8809407157972293,False,False,False,,non_significant,True,-99.58977602962183,143.3024128495964
Jacksonville,11,0.026977835408947,0.13107654513572,0.8369335388831547,126017,2.734503182863524,False,False,False,,non_significant,True,-99.58977602962183,143.3024128495964
Jacksonville,12,-0.1750017529627834,0.1128072204964572,0.1208215007428301,126017,-16.054445076641855,False,False,False,,non_significant,True,-99.58977602962183,143.3024128495964
Kansas City,1,-0.0254776066672607,0.0449946403308891,0.5712330356141168,197244,-2.515579126794532,False,False,False,,non_significant,True,-99.58977602962183,143.3024128495964
Kansas City,2,0.2514781916113369,0.0515015310547831,1.0452283100393686e-06,197244,28.592485580905613,True,True,True,***,PA_up,True,-99.58977602962183,143.3024128495964
Kansas City,3,0.2476587379263788,0.0441734949806029,2.0645794131239764e-08,197244,28.102269313109616,True,True,True,***,PA_up,True,-99.58977602962183,143.3024128495964
Kansas City,4,0.1824644448678462,0.0484797567846093,0.00016740135229590804,197244,20.017147793945437,True,True,True,***,PA_up,True,-99.58977602962183,143.3024128495964
Kansas City,5,0.0328949594209566,0.0398253124523886,0.4088147557368186,197244,3.344198019584521,False,False,False,,non_significant,True,-99.58977602962183,143.3024128495964
Kansas City,6,0.3005868869962456,0.0395613256430719,3.007461633611853e-14,197244,35.06512546726395,True,True,True,***,PA_up,True,-99.58977602962183,143.3024128495964
Kansas City,7,0.2853864816149238,0.0370988537601443,1.4417960099848493e-14,197244,33.02760560223348,True,True,True,***,PA_up,True,-99.58977602962183,143.3024128495964
Kansas City,8,0.2944573614457432,0.0398079745979323,1.3935421394044912e-13,197244,34.23977242512626,True,True,True,***,PA_up,True,-99.58977602962183,143.3024128495964
Kansas City,9,0.2683606967615375,0.0373570370420843,6.786362051972998e-13,197244,30.781878094911,True,True,True,***,PA_up,True,-99.58977602962183,143.3024128495964
Kansas City,10,0.3979774493967914,0.0663786339832217,2.02778510986884e-09,197244,48.88104559548776,True,True,True,***,PA_up,True,-99.58977602962183,143.3024128495964
Kansas City,11,0.296708251964932,0.0531564798324585,2.380571413770015e-08,197244,34.54227177491735,True,True,True,***,PA_up,True,-99.58977602962183,143.3024128495964
Kansas City,12,0.3984372200912031,0.0529617674192887,5.348824547280981e-14,197244,48.949512475532345,True,True,True,***,PA_up,True,-99.58977602962183,143.3024128495964
Las Vegas,1,0.1566920028137808,0.0731117249460244,0.0320981907272487,82185,16.963531403246446,True,False,False,*,PA_up,True,-99.58977602962183,143.3024128495964
Las Vegas,2,0.1484355324360382,0.0432911373396575,0.0006063138531335155,82185,16.001801182844467,True,True,True,***,PA_up,True,-99.58977602962183,143.3024128495964
Las Vegas,3,0.1675183145479827,0.0789216720219833,0.0337882632658375,82185,18.23669445027649,True,False,False,*,PA_up,True,-99.58977602962183,143.3024128495964
Las Vegas,4,0.2777059752320555,0.0491798241850691,1.6351313823839136e-08,82185,32.009799863418166,True,True,True,***,PA_up,True,-99.58977602962183,143.3024128495964
Las Vegas,5,0.0140817810442494,0.0809261046824609,0.8618592583741268,82185,1.4181396360744447,False,False,False,,non_significant,True,-99.58977602962183,143.3024128495964
Las Vegas,6,0.3068674650750903,0.0527835088171525,6.110702435975758e-09,82185,35.916081985707926,True,True,True,***,PA_up,True,-99.58977602962183,143.3024128495964
Las Vegas,7,0.1149936180770554,0.0432298696640191,0.0078129034547404,82185,12.18662778849524,True,True,False,**,PA_up,True,-99.58977602962183,143.3024128495964
Las Vegas,8,0.0240246073935877,0.0929554748017958,0.7960574331675985,82185,2.4315523315740606,False,False,False,,non_significant,True,-99.58977602962183,143.3024128495964
Las Vegas,9,0.112628056510219,0.0802213303259704,0.1603288397433724,82185,11.92155705766118,False,False,False,,non_significant,True,-99.58977602962183,143.3024128495964
Las Vegas,10,0.2602189374460061,0.0379208563216084,6.782760692315704e-12,82185,29.721406431213083,True,True,True,***,PA_up,True,-99.58977602962183,143.3024128495964
Las Vegas,11,0.2278054387432489,0.0762295273884828,0.0028042878424473,82185,25.58409636652785,True,True,False,**,PA_up,True,-99.58977602962183,143.3024128495964
Las Vegas,12,0.1386726339595716,0.0266264290779662,1.908023003107792e-07,82185,14.874797736527468,True,True,True,***,PA_up,True,-99.58977602962183,143.3024128495964
Los Angeles,1,1.018628976598316,0.1137377121926282,3.3683033098018754e-19,208202,176.9395254249006,True,True,True,***,PA_up,False,-99.58977602962183,143.3024128495964
Los Angeles,2,0.964388184138061,0.2605301881480905,0.00021421294000110173,208202,162.3182260905437,True,True,True,***,PA_up,False,-99.58977602962183,143.3024128495964
Los Angeles,3,0.5859517484178949,0.0525424510233342,7.003966397673843e-29,208202,79.67001787024958,True,True,True,***,PA_up,True,-99.58977602962183,143.3024128495964
Los Angeles,4,0.6629127895539823,0.1484188068390186,7.950918967958703e-06,208202,94.0436192998616,True,True,True,***,PA_up,True,-99.58977602962183,143.3024128495964
Los Angeles,5,0.8328118263493357,0.1120624410349406,1.0722967279413762e-13,208202,129.97762287389995,True,True,True,***,PA_up,True,-99.58977602962183,143.3024128495964
Los Angeles,6,0.9366086200310426,0.0734289521412011,2.9123574909721004e-37,208202,155.13142537574888,True,True,True,***,PA_up,False,-99.58977602962183,143.3024128495964
Los Angeles,7,0.9080352475870176,0.1022421776148881,6.613116159507799e-19,208202,147.94462466094677,True,True,True,***,PA_up,False,-99.58977602962183,143.3024128495964
Los Angeles,8,1.1512655574675774,0.2212282874326088,1.9507462626227286e-07,208202,216.2192314515198,True,True,True,***,PA_up,False,-99.58977602962183,143.3024128495964
Los Angeles,9,1.092769350786062,0.1655597002130293,4.0989780067974356e-11,208202,198.25222966452932,True,True,True,***,PA_up,False,-99.58977602962183,143.3024128495964
Los Angeles,10,0.801063128034691,0.1636082801699244,9.769466660808529e-07,208202,122.7908221590762,True,True,True,***,PA_up,True,-99.58977602962183,143.3024128495964
Los Angeles,11,0.7848026071627117,0.1460974867074777,7.796600352188247e-08,208202,119.19742180162812,True,True,True,***,PA_up,True,-99.58977602962183,143.3024128495964
Los Angeles,12,0.922423985039448,0.1011363916497912,7.471356784383295e-20,208202,151.538025018435,True,True,True,***,PA_up,False,-99.58977602962183,143.3024128495964
Louisville,1,-1.9958091206223267,0.5287589882107131,0.00016031878995323665,76706,-86.4096352775211,True,True,True,***,PA_down,True,-99.58977602962183,143.3024128495964
Louisville,2,-1.3371585683593004,0.3605323642421932,0.000208207029437391,76706,-73.74092568140046,True,True,True,***,PA_down,True,-99.58977602962183,143.3024128495964
Louisville,3,-1.6556122994770182,0.4363000194490773,0.0001478430924039697,76706,-80.90249140463928,True,True,True,***,PA_down,True,-99.58977602962183,143.3024128495964
Louisville,4,-1.4837620425523042,0.4730548620972241,0.0017094604874509,76706,-77.32170854305326,True,True,False,**,PA_down,True,-99.58977602962183,143.3024128495964
Louisville,5,-1.8878682270914549,0.6460820113292365,0.0034776286832106,76706,-84.86057968606787,True,True,False,**,PA_down,True,-99.58977602962183,143.3024128495964
Louisville,6,-1.8878682270914555,0.4402563462614469,1.8019877432959116e-05,76706,-84.86057968606787,True,True,True,***,PA_down,True,-99.58977602962183,143.3024128495964
Louisville,7,-2.17555029954294,0.5880919974206937,0.00021616368622206952,76706,-88.64543476454753,True,True,True,***,PA_down,True,-99.58977602962183,143.3024128495964
Louisville,8,-2.29333333520152,0.585795932179693,9.044114679052404e-05,76706,-89.90705312406443,True,True,True,***,PA_down,True,-99.58977602962183,143.3024128495964
Louisville,9,-0.9387876723948608,0.7291299902413133,0.1979043958589484,76706,-60.8898308556969,False,False,False,,non_significant,True,-99.58977602962183,143.3024128495964
Louisville,10,-1.539561532825548,0.4799316630256114,0.0013371887816319,76706,-78.55248788864566,True,True,False,**,PA_down,True,-99.58977602962183,143.3024128495964
Louisville,11,-1.9748796040803456,0.3556091842537049,2.7998764241310312e-08,76706,-86.12219804555195,True,True,True,***,PA_down,True,-99.58977602962183,143.3024128495964
Louisville,12,-1.1146783388573456,0.4151107194621734,0.0072474381473555,76706,-67.19792265312645,True,True,False,**,PA_down,True,-99.58977602962183,143.3024128495964
Lubbock,1,0.6691882519779709,0.1774037062645253,0.0001618656996195659,32874,95.26516160396956,True,True,True,***,PA_up,True,-99.58977602962183,143.3024128495964
Lubbock,2,0.6739829254948667,0.0760219730961124,7.607054260763257e-19,32874,96.20364235961154,True,True,True,***,PA_up,True,-99.58977602962183,143.3024128495964
Lubbock,3,0.5365445702251738,0.0923422887105653,6.232804170048558e-09,32874,71.00875537464792,True,True,True,***,PA_up,True,-99.58977602962183,143.3024128495964
Lubbock,4,0.8606881844908739,0.0709042828389604,6.5837286326867975e-34,32874,136.47875439669997,True,True,True,***,PA_up,True,-99.58977602962183,143.3024128495964
Lubbock,5,0.8542241864552307,0.1021034650098178,5.94756281649652e-17,32874,134.95508599290991,True,True,True,***,PA_up,True,-99.58977602962183,143.3024128495964
Lubbock,6,0.5378172517793733,0.1772463230571521,0.0024110026238203,32874,71.2265336149996,True,True,False,**,PA_up,True,-99.58977602962183,143.3024128495964
Lubbock,7,0.8634198630251763,0.0977370621129576,1.008992035418932e-18,32874,137.1256214480763,True,True,True,***,PA_up,True,-99.58977602962183,143.3024128495964
Lubbock,8,0.8646358158697136,0.1049193929404879,1.7084392957899688e-16,32874,137.41413039307724,True,True,True,***,PA_up,True,-99.58977602962183,143.3024128495964
Lubbock,9,0.7066575921085698,0.0932417584628148,3.4885349718182876e-14,32874,102.72041791254205,True,True,True,***,PA_up,True,-99.58977602962183,143.3024128495964
Lubbock,10,0.7725108506551874,0.0590485652468281,4.138391360714075e-39,32874,116.51959179836872,True,True,True,***,PA_up,True,-99.58977602962183,143.3024128495964
Lubbock,11,0.8807244352956158,0.0634901763648762,9.386169108798957e-44,32874,141.26468800394375,True,True,True,***,PA_up,True,-99.58977602962183,143.3024128495964
Lubbock,12,1.4325340470850043,0.2602207543822217,3.6901695380889257e-08,32874,318.9301640307819,True,True,True,***,PA_up,False,-99.58977602962183,143.3024128495964
Mesa,1,-0.2058493038096595,0.1352216201897283,0.1279312769399158,27395,-18.60442729316395,False,False,False,,non_significant,True,-99.58977602962183,143.3024128495964
Mesa,2,-0.2317007263420186,0.1634152187440431,0.156230169660746,27395,-20.681653329286988,False,False,False,,non_significant,True,-99.58977602962183,143.3024128495964
Mesa,3,-0.1440790734166521,0.10871984577514,0.1850940478520972,27395,-13.418071793651553,False,False,False,,non_significant,True,-99.58977602962183,143.3024128495964
Mesa,4,-0.3225690703211888,0.0849700075678608,0.00014688965649056477,27395,-27.57140965807845,True,True,True,***,PA_down,True,-99.58977602962183,143.3024128495964
Mesa,5,0.160745367243976,0.1677815653783064,0.3380308190383692,27395,17.438589362158872,False,False,False,,non_significant,True,-99.58977602962183,143.3024128495964
Mesa,6,-0.1599232042040652,0.1595441923840056,0.3161622262367622,27395,-14.779076746040063,False,False,False,,non_significant,True,-99.58977602962183,143.3024128495964
Mesa,7,-0.1260174576338121,0.0584446550023821,0.0310692634916011,27395,-11.840054399139875,True,False,False,*,PA_down,True,-99.58977602962183,143.3024128495964
Mesa,8,-0.2614434192730384,0.1238559154978844,0.034783707420017,27395,-23.00605620749553,True,False,False,*,PA_down,True,-99.58977602962183,143.3024128495964
Mesa,9,-0.2357557745869802,0.1014590560348162,0.0201440281922138,27395,-21.00264180003436,True,False,False,*,PA_down,True,-99.58977602962183,143.3024128495964
Mesa,10,-0.3827875340071781,0.1200290307073059,0.0014270435578868,27395,-31.804222326922385,True,True,False,**,PA_down,True,-99.58977602962183,143.3024128495964
Mesa,11,-0.1293386331975425,0.0852642250185648,0.1292879940100986,27395,-12.13236338275686,False,False,False,,non_significant,True,-99.58977602962183,143.3024128495964
Mesa,12,-0.4520613400995955,0.1673064071461787,0.0068924471116755,27395,-36.36848631059109,True,True,False,**,PA_down,True,-99.58977602962183,143.3024128495964
Miami,1,-0.0810076792817573,1.0000000000000002e-06,0.0,32874,-7.781339031339196,True,True,True,***,PA_down,True,-99.58977602962183,143.3024128495964
Miami,2,-9.125496234255596,1e-06,0.0,32874,-99.98911452610002,True,True,True,***,PA_down,False,-99.58977602962183,143.3024128495964
Miami,3,0.0860464053814154,1e-06,0.0,32874,8.985690235690758,True,True,True,***,PA_up,True,-99.58977602962183,143.3024128495964
Miami,4,-9.125496234254827,1.0000000000000004e-06,0.0,32874,-99.9891145261,True,True,True,***,PA_down,False,-99.58977602962183,143.3024128495964
Miami,5,0.2867171008435031,9.999999999999995e-07,0.0,32874,33.204732510280245,True,True,True,***,PA_up,True,-99.58977602962183,143.3024128495964
Miami,6,0.2867171008435342,1.0000000000000004e-06,0.0,32874,33.204732510284394,True,True,True,***,PA_up,True,-99.58977602962183,143.3024128495964
Miami,7,0.2867171008435346,1.0000000000000002e-06,0.0,32874,33.204732510284465,True,True,True,***,PA_up,True,-99.58977602962183,143.3024128495964
Miami,8,-9.1254962342604,1e-06,0.0,32874,-99.98911452610008,True,True,True,***,PA_down,False,-99.58977602962183,143.3024128495964
Miami,9,-9.125496234256682,1e-06,0.0,32874,-99.98911452610002,True,True,True,***,PA_down,False,-99.58977602962183,143.3024128495964
Miami,10,-9.125496234254811,1.0000000000000002e-06,0.0,32874,-99.9891145261,True,True,True,***,PA_down,False,-99.58977602962183,143.3024128495964
Miami,11,-9.125496234254816,1.0000000000000002e-06,0.0,32874,-99.9891145261,True,True,True,***,PA_down,False,-99.58977602962183,143.3024128495964
Miami,12,-9.125496234254816,1.0000000000000002e-06,0.0,32874,-99.9891145261,True,True,True,***,PA_down,False,-99.58977602962183,143.3024128495964
Milwaukee,1,-3.2287819154849604,0.4935773311449651,6.086704580803627e-11,65748,-96.03942874766328,True,True,True,***,PA_down,True,-99.58977602962183,143.3024128495964
Milwaukee,2,-3.18052582561595,0.3608613223982274,1.2107465138613805e-18,65748,-95.84362059334909,True,True,True,***,PA_down,True,-99.58977602962183,143.3024128495964
Milwaukee,3,-2.620912220273623,0.4649614795993457,1.7320158892703977e-08,65748,-92.72635191379229,True,True,True,***,PA_down,True,-99.58977602962183,143.3024128495964
Milwaukee,4,-2.9071212088360943,0.3342146322268971,3.3669695033471982e-18,65748,-94.53672199321151,True,True,True,***,PA_down,True,-99.58977602962183,143.3024128495964
Milwaukee,5,-3.4049790919965144,0.6777479516856081,5.061659203037463e-07,65748,-96.67924856224413,True,True,True,***,PA_down,True,-99.58977602962183,143.3024128495964
Milwaukee,6,-2.75489066746744,0.4715099084095073,5.136164441464928e-09,65748,-93.63840254158218,True,True,True,***,PA_down,True,-99.58977602962183,143.3024128495964
Milwaukee,7,-3.265677573351418,0.5592062982592955,5.224970858633231e-09,65748,-96.18289373754044,True,True,True,***,PA_down,True,-99.58977602962183,143.3024128495964
Milwaukee,8,-3.17157738247979,0.7796634802387584,4.74428259586668e-05,65748,-95.80626056081188,True,True,True,***,PA_down,True,-99.58977602962183,143.3024128495964
Milwaukee,9,-3.5307346016422145,0.5335478506835486,3.654089621513296e-11,65748,-97.07166036671698,True,True,True,***,PA_down,True,-99.58977602962183,143.3024128495964
Milwaukee,10,-2.837631323889552,0.537870126820081,1.3226383716926888e-07,65748,-94.14357785245096,True,True,True,***,PA_down,True,-99.58977602962183,143.3024128495964
Milwaukee,11,-2.4321671758706804,0.4876424770145373,6.113296766536373e-07,65748,-91.21537521270469,True,True,True,***,PA_down,True,-99.58977602962183,143.3024128495964
Milwaukee,12,-2.837631594706745,0.5185678610026164,4.4484798582888025e-08,65748,-94.14357943847055,True,True,True,***,PA_down,True,-99.58977602962183,143.3024128495964
Minneapolis,1,0.0111305735762805,0.1511084396405407,0.9412813177988896,38353,1.1192748878480208,False,False,False,,non_significant,True,-99.58977602962183,143.3024128495964
Minneapolis,2,-0.0771620334891537,0.1355871346816315,0.5692913056165485,38353,-7.426015940316266,False,False,False,,non_significant,True,-99.58977602962183,143.3024128495964
Minneapolis,3,0.3831796847673874,0.1571130615473188,0.0147329164637092,38353,46.69415934475168,True,False,False,*,PA_up,True,-99.58977602962183,143.3024128495964
Minneapolis,4,-0.2749877600592491,0.1179955762549118,0.0197801562890529,38353,-24.04185796003489,True,False,False,*,PA_down,True,-99.58977602962183,143.3024128495964
Minneapolis,5,-0.5059744969574178,0.2315671251705277,0.0288887425903193,38353,-39.70822524552374,True,False,False,*,PA_down,True,-99.58977602962183,143.3024128495964
Minneapolis,6,-0.3262810503813436,0.1472735899714694,0.0267274348561438,38353,-27.83976476866889,True,False,False,*,PA_down,True,-99.58977602962183,143.3024128495964
Minneapolis,7,-0.1740118594638725,0.0880140213240173,0.0480311779499587,38353,-15.971306775317618,True,False,False,*,PA_down,True,-99.58977602962183,143.3024128495964
Minneapolis,8,0.1051595234205144,0.2048607257559451,0.6077260769012887,38353,11.088780884474955,False,False,False,,non_significant,True,-99.58977602962183,143.3024128495964
Minneapolis,9,-0.0874714031612556,0.0937341749255692,0.3507240332923474,38353,-8.375492701115927,False,False,False,,non_significant,True,-99.58977602962183,143.3024128495964
Minneapolis,10,-0.3873169613457587,0.2347610478442744,0.0989767159946129,38353,-32.11241165920359,False,False,False,,non_significant,True,-99.58977602962183,143.3024128495964
Minneapolis,11,-0.4085191406643115,0.1856871199912608,0.0278040383877526,38353,-33.536624916176635,True,False,False,*,PA_down,True,-99.58977602962183,143.3024128495964
Minneapolis,12,-0.2261976021264752,0.3427480180319924,0.5092839547175603,38353,-20.24395135544785,False,False,False,,non_significant,True,-99.58977602962183,143.3024128495964
Miramar,1,-0.0717605343322176,0.1692711936967806,0.671610844717117,16437,-6.924624730421536,False,False,False,,non_significant,True,-99.58977602962183,143.3024128495964
Miramar,2,-0.2312332450105408,0.1048375241537723,0.0274096115733884,16437,-20.644564814556052,True,False,False,*,PA_down,True,-99.58977602962183,143.3024128495964
Miramar,3,0.1587808521145786,0.2171096674715106,0.464571875406281,16437,17.20810594478783,False,False,False,,non_significant,True,-99.58977602962183,143.3024128495964
Miramar,4,0.3371885088106593,0.2275160117343256,0.1383288582389902,16437,40.10031402830803,False,False,False,,non_significant,True,-99.58977602962183,143.3024128495964
Miramar,5,0.0350635259876704,0.1767677145688068,0.8427639326448506,16437,3.5685499654168007,False,False,False,,non_significant,True,-99.58977602962183,143.3024128495964
Miramar,6,-0.2526185464377111,0.2160677404499759,0.2423377064675894,16437,-22.32358752388678,False,False,False,,non_significant,True,-99.58977602962183,143.3024128495964
Miramar,7,0.2144066900860837,0.3466516487950911,0.5362407691266944,16437,23.91264927935708,False,False,False,,non_significant,True,-99.58977602962183,143.3024128495964
Miramar,8,0.196521179467886,0.4310554037500973,0.648456849775852,16437,21.716109942962248,False,False,False,,non_significant,True,-99.58977602962183,143.3024128495964
Miramar,9,0.1965211793138922,0.3132116970383108,0.5303716243162133,16437,21.716109924218728,False,False,False,,non_significant,True,-99.58977602962183,143.3024128495964
Miramar,10,0.3506718591414054,0.0908490776529987,0.00011341553162941236,16437,42.00212824495804,True,True,True,***,PA_up,True,-99.58977602962183,143.3024128495964
Miramar,11,0.5448278736345856,0.1052381874286452,2.253700024124356e-07,16437,72.43115573502533,True,True,True,***,PA_up,True,-99.58977602962183,143.3024128495964
Miramar,12,0.0141996225198147,0.030369140570619,0.6400939253449061,16437,1.4300916035031364,False,False,False,,non_significant,True,-99.58977602962183,143.3024128495964
Nashville,1,-0.2095942671474077,0.1260503164785538,0.0963559701012877,126017,-18.90868066435609,False,False,False,,non_significant,True,-99.58977602962183,143.3024128495964
Nashville,2,-0.1006100621613824,0.1112671184516444,0.3658782410517086,126017,-9.57144206899092,False,False,False,,non_significant,True,-99.58977602962183,143.3024128495964
Nashville,3,-0.0590773156064096,0.0851942337738443,0.4880318018930927,126017,-5.73661139708862,False,False,False,,non_significant,True,-99.58977602962183,143.3024128495964
Nashville,4,0.1525547170345173,0.0675981070206198,0.0240212136850345,126017,16.480619509174097,True,False,False,*,PA_up,True,-99.58977602962183,143.3024128495964
Nashville,5,0.038505945865922,0.086118322719935,0.6547823711968277,126017,3.925690762184475,False,False,False,,non_significant,True,-99.58977602962183,143.3024128495964
Nashville,6,-0.0347751884287453,0.1340198510425621,0.7952665376939813,126017,-3.417748006879806,False,False,False,,non_significant,True,-99.58977602962183,143.3024128495964
Nashville,7,-0.0366407981763656,0.093488299976832,0.6951104989298593,126017,-3.597764824867733,False,False,False,,non_significant,True,-99.58977602962183,143.3024128495964
Nashville,8,0.1195462413883342,0.1353086053492536,0.376961837756381,126017,12.698535622983156,False,False,False,,non_significant,True,-99.58977602962183,143.3024128495964
Nashville,9,0.056516662779705,0.1047955247000977,0.5896769965107524,126017,5.814424627780279,False,False,False,,non_significant,True,-99.58977602962183,143.3024128495964
Nashville,10,0.1886060940874409,0.0877326852733919,0.0315725109228374,126017,20.756519171774613,True,False,False,*,PA_up,True,-99.58977602962183,143.3024128495964
Nashville,11,0.1792965131805871,0.0625944077554695,0.0041777704599253,126017,19.63754326650935,True,True,False,**,PA_up,True,-99.58977602962183,143.3024128495964
Nashville,12,0.4588152749934268,0.1213796854437016,0.000156828026569,126017,58.21984041753223,True,True,True,***,PA_up,True,-99.58977602962183,143.3024128495964
New York,1,0.4376687596621625,0.0727492220189919,1.786363961126984e-09,164370,54.90917007685252,True,True,True,***,PA_up,True,-99.58977602962183,143.3024128495964
New York,2,0.4922508344678676,0.0642419075998814,1.824096598887393e-14,164370,63.59944315355197,True,True,True,***,PA_up,True,-99.58977602962183,143.3024128495964
New York,3,0.5961841172516763,0.063571197738741,6.710144740863378e-21,164370,81.5179057737611,True,True,True,***,PA_up,True,-99.58977602962183,143.3024128495964
New York,4,0.5180297831044305,0.0534692520278397,3.3788485651703656e-22,164370,67.87169528709904,True,True,True,***,PA_up,True,-99.58977602962183,143.3024128495964
New York,5,0.3928259889176694,0.0837308254471828,2.7116460092510715e-06,164370,48.11606285392202,True,True,True,***,PA_up,True,-99.58977602962183,143.3024128495964
New York,6,0.4099555615749822,0.0773914298998245,1.1761118397629177e-07,164370,50.67508259914844,True,True,True,***,PA_up,True,-99.58977602962183,143.3024128495964
New York,7,0.3234381337185264,0.0549910552619258,4.0619687584753374e-09,164370,38.18706624241042,True,True,True,***,PA_up,True,-99.58977602962183,143.3024128495964
New York,8,0.548062070203427,0.0643607077861586,1.659072317645937e-17,164370,72.9897347775804,True,True,True,***,PA_up,True,-99.58977602962183,143.3024128495964
New York,9,0.4693005926863062,0.0697154859476177,1.677441202740042e-11,164370,59.88755368205902,True,True,True,***,PA_up,True,-99.58977602962183,143.3024128495964
New York,10,0.5367557908814603,0.0570107889464994,4.731445712505889e-21,164370,71.04487977116396,True,True,True,***,PA_up,True,-99.58977602962183,143.3024128495964
New York,11,0.2241545688366747,0.0527655734772874,2.155704483987914e-05,164370,25.126441096620034,True,True,True,***,PA_up,True,-99.58977602962183,143.3024128495964
New York,12,-0.0979655275254643,0.0659704219010658,0.1375460285829437,164370,-9.331984127611667,False,False,False,,non_significant,True,-99.58977602962183,143.3024128495964
Newark,1,0.3438905176755744,0.1789864443535417,0.0546911784441732,27395,41.04242105334348,False,False,False,,non_significant,True,-99.58977602962183,143.3024128495964
Newark,2,1.442502806343932,0.1789864443534271,7.674184771109666e-16,27395,323.1272631601353,True,True,True,***,PA_up,False,-99.58977602962183,143.3024128495964
Newark,3,-11.544311420703847,0.0093215679260477,0.0,27395,-99.99903089852938,True,True,True,***,PA_down,False,-99.58977602962183,143.3024128495964
Newark,4,-11.544311420703917,0.009321567926086,0.0,27395,-99.99903089852938,True,True,True,***,PA_down,False,-99.58977602962183,143.3024128495964
Newark,5,2.135649986903685,0.1789864443534861,8.070119061582733e-33,27395,746.254526320108,True,True,True,***,PA_up,False,-99.58977602962183,143.3024128495964
Newark,6,1.0370376982354312,0.1789864443534773,6.875179000684662e-09,27395,182.084842106662,True,True,True,***,PA_up,False,-99.58977602962183,143.3024128495964
Newark,7,-11.544311420703844,0.0093215679260456,0.0,27395,-99.99903089852938,True,True,True,***,PA_down,False,-99.58977602962183,143.3024128495964
Newark,8,0.3438905176755745,0.1789864443535418,0.0546911784441734,27395,41.04242105334348,False,False,False,,non_significant,True,-99.58977602962183,143.3024128495964
Newark,9,0.3438905176755745,0.1789864443535417,0.0546911784441731,27395,41.04242105334348,False,False,False,,non_significant,True,-99.58977602962183,143.3024128495964
Newark,10,1.4425028063437482,0.1789864443535979,7.674184771656833e-16,27395,323.1272631600575,True,True,True,***,PA_up,False,-99.58977602962183,143.3024128495964
Newark,11,-11.54431142070388,0.0093215679260662,0.0,27395,-99.99903089852938,True,True,True,***,PA_down,False,-99.58977602962183,143.3024128495964
Newark,12,-11.544311420703863,0.0093215679260596,0.0,27395,-99.99903089852938,True,True,True,***,PA_down,False,-99.58977602962183,143.3024128495964
Oklahoma City,1,0.4820001440620398,0.0392364538409889,1.0972381681626955e-34,115059,61.93100185830147,True,True,True,***,PA_up,True,-99.58977602962183,143.3024128495964
Oklahoma City,2,0.5440953692637056,0.0318196195604491,1.500235428563893e-65,115059,72.30489540853956,True,True,True,***,PA_up,True,-99.58977602962183,143.3024128495964
Oklahoma City,3,0.3974256484020902,0.0747795305626007,1.068733827716508e-07,115059,48.79891554824085,True,True,True,***,PA_up,True,-99.58977602962183,143.3024128495964
Oklahoma City,4,0.3857286146661183,0.0655837367708913,4.066448652919072e-09,115059,47.06854941779783,True,True,True,***,PA_up,True,-99.58977602962183,143.3024128495964
Oklahoma City,5,0.3532589821208258,0.0462477434454686,2.1992960364985923e-14,115059,42.3699808488534,True,True,True,***,PA_up,True,-99.58977602962183,143.3024128495964
Oklahoma City,6,0.3224975925479383,0.073425493256565,1.1222247444350109e-05,115059,38.057156719570685,True,True,True,***,PA_up,True,-99.58977602962183,143.3024128495964
Oklahoma City,7,0.3772380712343492,0.0389289392644091,3.3113904707485445e-22,115059,45.82514357684864,True,True,True,***,PA_up,True,-99.58977602962183,143.3024128495964
Oklahoma City,8,0.3881655537184815,0.0416388684766667,1.1396045580808635e-20,115059,47.42738356013268,True,True,True,***,PA_up,True,-99.58977602962183,143.3024128495964
Oklahoma City,9,0.364708990569766,0.0474526567172229,1.5210992700868312e-14,115059,44.00948659785817,True,True,True,***,PA_up,True,-99.58977602962183,143.3024128495964
Oklahoma City,10,0.3020614382717382,0.0530430449538904,1.2362713899557089e-08,115059,35.2644328286454,True,True,True,***,PA_up,True,-99.58977602962183,143.3024128495964
Oklahoma City,11,0.1761754518748469,0.0715708667202991,0.0138337117658257,115059,19.26472924983973,True,False,False,*,PA_up,True,-99.58977602962183,143.3024128495964
Oklahoma City,12,0.1789505561987743,0.0667124322570223,0.007309230708404,115059,19.59616098178727,True,True,False,**,PA_up,True,-99.58977602962183,143.3024128495964
Orlando,1,-0.5520543988914834,0.1315573561472151,2.7130841016115923e-05,65748,-42.42342579795852,True,True,True,***,PA_down,True,-99.58977602962183,143.3024128495964
Orlando,2,-0.4316192089309569,0.1154047700783859,0.00018398619922907396,65748,-35.05433631080204,True,True,True,***,PA_down,True,-99.58977602962183,143.3024128495964
Orlando,3,-0.487035669857864,0.1340125798929134,0.0002787867945421974,65748,-38.5554884616196,True,True,True,***,PA_down,True,-99.58977602962183,143.3024128495964
Orlando,4,-0.2843207975739333,0.1018257682130048,0.0052346399037731,65748,-24.74748022772896,True,True,False,**,PA_down,True,-99.58977602962183,143.3024128495964
Orlando,5,-0.284320797545081,0.1074931729459014,0.0081687873651655,65748,-24.74748022555775,True,True,False,**,PA_down,True,-99.58977602962183,143.3024128495964
Orlando,6,-0.4468397271209008,0.070558064677505,2.40538932874378e-10,65748,-36.0353581967162,True,True,True,***,PA_down,True,-99.58977602962183,143.3024128495964
Orlando,7,-0.1230526500352767,0.1167604557251272,0.2919333862617287,65748,-11.578289272662731,False,False,False,,non_significant,True,-99.58977602962183,143.3024128495964
Orlando,8,-0.0413746190197987,0.1119974466372663,0.7118112174117575,65748,-4.0530372957519045,False,False,False,,non_significant,True,-99.58977602962183,143.3024128495964
Orlando,9,-0.2122835018846457,0.0675694889840945,0.0016796632421866,65748,-19.126461294335535,True,True,False,**,PA_down,True,-99.58977602962183,143.3024128495964
Orlando,10,-0.357875494826375,0.1145366205158608,0.0017807674073069,65748,-30.083988136031525,True,True,False,**,PA_down,True,-99.58977602962183,143.3024128495964
Orlando,11,-0.1370550101467757,0.0881048146124712,0.1198055058450482,65748,-12.807773975869674,False,False,False,,non_significant,True,-99.58977602962183,143.3024128495964
Orlando,12,-0.2548380457733359,0.1546907550057646,0.0994751967811768,65748,-22.4957990873505,False,False,False,,non_significant,True,-99.58977602962183,143.3024128495964
Overland Park,1,0.1149415482709302,0.0215856214250072,1.0100157181394032e-07,32874,12.180786404617638,True,True,True,***,PA_up,True,-99.58977602962183,143.3024128495964
Overland Park,2,0.3768953759970633,0.0412236719203446,6.091613774078696e-20,32874,45.77517855654456,True,True,True,***,PA_up,True,-99.58977602962183,143.3024128495964
Overland Park,3,0.2766852417426113,0.0778199674530126,0.0003773283038891658,32874,31.87512178666776,True,True,True,***,PA_up,True,-99.58977602962183,143.3024128495964
Overland Park,4,0.5287408029521725,0.0618137825981408,1.1913344522603437e-17,32874,69.67943644000931,True,True,True,***,PA_up,True,-99.58977602962183,143.3024128495964
Overland Park,5,0.2926069318480753,0.0513497601311803,1.2099977513090362e-08,32874,33.9916008598649,True,True,True,***,PA_up,True,-99.58977602962183,143.3024128495964
Overland Park,6,0.463564729991647,0.0135630246833165,5.0347479888158294e-256,32874,58.97308576593064,True,True,True,***,PA_up,True,-99.58977602962183,143.3024128495964
Overland Park,7,0.5244274482947335,0.0664976603346927,3.1101734070610324e-15,32874,68.94912503091643,True,True,True,***,PA_up,True,-99.58977602962183,143.3024128495964
Overland Park,8,0.6252565516061706,0.0879040219182541,1.135918211497123e-12,32874,86.87253204213665,True,True,True,***,PA_up,True,-99.58977602962183,143.3024128495964
Overland Park,9,0.3630714213904563,0.0328995635144755,2.5689362242495993e-28,32874,43.77385408600348,True,True,True,***,PA_up,True,-99.58977602962183,143.3024128495964
Overland Park,10,0.3873311966543352,0.0633047607050436,9.445074978781267e-10,32874,47.304427782854354,True,True,True,***,PA_up,True,-99.58977602962183,143.3024128495964
Overland Park,11,0.4484239661819076,0.0645073562096588,3.6137953260878e-12,32874,56.584241917734325,True,True,True,***,PA_up,True,-99.58977602962183,143.3024128495964
Overland Park,12,0.3788548918556067,0.105393430438817,0.0003247995823819663,32874,46.0611073802502,True,True,True,***,PA_up,True,-99.58977602962183,143.3024128495964
Palm Bay,1,-0.1543428212438053,1e-06,0.0,5479,-14.302181967877193,True,True,True,***,PA_down,True,-99.58977602962183,143.3024128495964
Palm Bay,2,-0.5730531559634121,1e-06,0.0,5479,-43.61985655000088,True,True,True,***,PA_down,True,-99.58977602962183,143.3024128495964
Palm Bay,3,0.302415581251752,1e-06,0.0,5479,35.31234426122523,True,True,True,***,PA_up,True,-99.58977602962183,143.3024128495964
Palm Bay,4,0.3824582889252951,1e-06,0.0,5479,46.588372949661625,True,True,True,***,PA_up,True,-99.58977602962183,143.3024128495964
Palm Bay,5,0.0147335088000015,1e-06,0.0,5479,1.484258195922017,True,True,True,***,PA_up,True,-99.58977602962183,143.3024128495964
Palm Bay,6,0.6367847676762046,1e-06,0.0,5479,89.03930448259754,True,True,True,***,PA_up,True,-99.58977602962183,143.3024128495964
Palm Bay,7,0.1865837657266561,1e-06,0.0,5479,20.51255660765683,True,True,True,***,PA_up,True,-99.58977602962183,143.3024128495964
Palm Bay,8,0.3872544611887521,1e-06,0.0,5479,47.293124742683545,True,True,True,***,PA_up,True,-99.58977602962183,143.3024128495964
Palm Bay,9,-0.4012028991730793,1e-06,0.0,5479,-33.048579662253296,True,True,True,***,PA_down,True,-99.58977602962183,143.3024128495964
Palm Bay,10,-0.4012028991688044,1e-06,0.0,5479,-33.04857966196709,True,True,True,***,PA_down,True,-99.58977602962183,143.3024128495964
Palm Bay,11,0.1333392512078506,1e-06,0.0,5479,14.263757376149467,True,True,True,***,PA_up,True,-99.58977602962183,143.3024128495964
Palm Bay,12,-0.0112419776032562,1e-06,0.0,5479,-1.1179022706398145,True,True,True,***,PA_down,True,-99.58977602962183,143.3024128495964
Philadelphia,1,0.4258908653263229,0.0576434402674721,1.486435161017868e-13,71227,53.09536858848743,True,True,True,***,PA_up,True,-99.58977602962183,143.3024128495964
Philadelphia,2,0.306345714676494,0.0552340309317435,2.9174152443865205e-08,71227,35.84518621231354,True,True,True,***,PA_up,True,-99.58977602962183,143.3024128495964
Philadelphia,3,0.3604129359468854,0.0612240597162765,3.937781159222243e-09,71227,43.39214100190312,True,True,True,***,PA_up,True,-99.58977602962183,143.3024128495964
Philadelphia,4,0.4477750788180096,0.0785321684911706,1.1854567899941681e-08,71227,56.48266933991346,True,True,True,***,PA_up,True,-99.58977602962183,143.3024128495964
Philadelphia,5,0.2639986140979203,0.0617091713478691,1.884869993099933e-05,71227,30.212639167996947,True,True,True,***,PA_up,True,-99.58977602962183,143.3024128495964
Philadelphia,6,0.1918172185862632,0.0488591637045264,8.639849790416952e-05,71227,21.1449066353971,True,True,True,***,PA_up,True,-99.58977602962183,143.3024128495964
Philadelphia,7,0.1736898339938334,0.0411252830460118,2.4061005251082937e-05,71227,18.968650827590693,True,True,True,***,PA_up,True,-99.58977602962183,143.3024128495964
Philadelphia,8,0.3796127875565568,0.0443033613769761,1.0485328856754809e-17,71227,46.17184842538986,True,True,True,***,PA_up,True,-99.58977602962183,143.3024128495964
Philadelphia,9,0.3544858374788698,0.0426243194886231,9.058672433604696e-17,71227,42.54475541231509,True,True,True,***,PA_up,True,-99.58977602962183,143.3024128495964
Philadelphia,10,0.3721407727175015,0.0353036779407718,5.582214144974562e-26,71227,45.083720521427374,True,True,True,***,PA_up,True,-99.58977602962183,143.3024128495964
Philadelphia,11,0.2612092120103426,0.0362662193976709,5.909731639484517e-13,71227,29.84992986669344,True,True,True,***,PA_up,True,-99.58977602962183,143.3024128495964
Philadelphia,12,0.272320437435452,0.047768625518678,1.1923099478785245e-08,71227,31.30076707191296,True,True,True,***,PA_up,True,-99.58977602962183,143.3024128495964
Phoenix,1,-0.0215056474504974,0.0363444248206197,0.5540394947887646,180807,-2.1276049841519207,False,False,False,,non_significant,True,-99.58977602962183,143.3024128495964
Phoenix,2,-0.1267752779651512,0.0275379600889551,4.151392164300784e-06,180807,-11.906838489958917,True,True,True,***,PA_down,True,-99.58977602962183,143.3024128495964
Phoenix,3,-0.0184880661037945,0.057775390713308,0.7489691036913342,180807,-1.8318210189526285,False,False,False,,non_significant,True,-99.58977602962183,143.3024128495964
Phoenix,4,-0.0332738284386594,0.0472721686915024,0.4815088996375444,180807,-3.2726343713399,False,False,False,,non_significant,True,-99.58977602962183,143.3024128495964
Phoenix,5,-0.0060881403929655,0.0405076528516173,0.8805310458367559,180807,-0.606964521901665,False,False,False,,non_significant,True,-99.58977602962183,143.3024128495964
Phoenix,6,-0.0090478566473434,0.0486798865137256,0.8525511205474676,180807,-0.9007047962174997,False,False,False,,non_significant,True,-99.58977602962183,143.3024128495964
Phoenix,7,-0.0292637184851805,0.0414963640785255,0.4806785457877485,180807,-2.883968223508915,False,False,False,,non_significant,True,-99.58977602962183,143.3024128495964
Phoenix,8,-0.0381232504798006,0.040526933633668,0.3468641336403334,180807,-3.740570662884346,False,False,False,,non_significant,True,-99.58977602962183,143.3024128495964
Phoenix,9,-0.1954904232568046,0.0451869745658546,1.5166509653975764e-05,180807,-17.756878026094448,True,True,True,***,PA_down,True,-99.58977602962183,143.3024128495964
Phoenix,10,-0.12652246690917,0.0543324261057781,0.0198763826368038,180807,-11.884564749367533,True,False,False,*,PA_down,True,-99.58977602962183,143.3024128495964
Phoenix,11,-0.2510342928351145,0.0404424667612131,5.39385238332581e-10,180807,-22.200430857647454,True,True,True,***,PA_down,True,-99.58977602962183,143.3024128495964
Phoenix,12,-0.1766058462692998,0.0662569293879673,0.0076880829877841,180807,-16.18899363633347,True,True,False,**,PA_down,True,-99.58977602962183,143.3024128495964
Raleigh,1,-0.3830877644252203,0.0809983702625057,2.249917327102292e-06,65748,-31.824693700543584,True,True,True,***,PA_down,True,-99.58977602962183,143.3024128495964
Raleigh,2,-0.1874472845523173,0.0465327762645322,5.618520937280258e-05,65748,-17.09271780265704,True,True,True,***,PA_down,True,-99.58977602962183,143.3024128495964
Raleigh,3,-0.1331100369644421,0.067648545096508,0.0491059785275638,65748,-12.463123611250982,True,False,False,*,PA_down,True,-99.58977602962183,143.3024128495964
Raleigh,4,0.0368537840169849,0.0612770033785968,0.5475541016821168,65748,3.754130462498528,False,False,False,,non_significant,True,-99.58977602962183,143.3024128495964
Raleigh,5,0.1019034507828141,0.0376302610552068,0.0067686207615834,65748,10.727655988182416,True,True,False,**,PA_up,True,-99.58977602962183,143.3024128495964
Raleigh,6,-0.2896144298443965,0.0716713793417802,5.325421453099626e-05,65748,-25.144786869404545,True,True,True,***,PA_down,True,-99.58977602962183,143.3024128495964
Raleigh,7,0.0175280675967551,0.0293673293450003,0.5506035060382406,65748,1.768258565434433,False,False,False,,non_significant,True,-99.58977602962183,143.3024128495964
Raleigh,8,0.0744169098696537,0.0691920883839704,0.2821456369014477,65748,7.725583047611062,False,False,False,,non_significant,True,-99.58977602962183,143.3024128495964
Raleigh,9,-0.0275130706914042,0.0608636366020017,0.6512369423638003,65748,-2.713803350819255,False,False,False,,non_significant,True,-99.58977602962183,143.3024128495964
Raleigh,10,-0.0275130706913842,0.0655617983441422,0.6747404652353146,65748,-2.713803350817312,False,False,False,,non_significant,True,-99.58977602962183,143.3024128495964
Raleigh,11,0.1324912843873291,0.0732954664543549,0.0706636801200157,65748,14.166906570044802,False,False,False,,non_significant,True,-99.58977602962183,143.3024128495964
Raleigh,12,0.1928869946771035,0.0727429313054692,0.0080105392048482,65748,21.27457390514904,True,True,False,**,PA_up,True,-99.58977602962183,143.3024128495964
Richmond,1,-0.0196823857982473,0.0567315489958508,0.7286371607525666,38353,-1.948995222820482,False,False,False,,non_significant,True,-99.58977602962183,143.3024128495964
Richmond,2,0.1041558776206526,0.0868435928260176,0.230391815589323,38353,10.977343027551337,False,False,False,,non_significant,True,-99.58977602962183,143.3024128495964
Richmond,3,0.172769889470494,0.0597085831912225,0.0038091122958789,38353,18.859256594840424,True,True,False,**,PA_up,True,-99.58977602962183,143.3024128495964
Richmond,4,0.1699138064432397,0.0186381654952339,7.762913809045756e-20,38353,18.52026900822685,True,True,True,***,PA_up,True,-99.58977602962183,143.3024128495964
Richmond,5,-0.0650413280328521,0.0216755062852696,0.0026937463954102,38353,-6.2971262977260185,True,True,False,**,PA_down,True,-99.58977602962183,143.3024128495964
Richmond,6,-0.0663305193562406,0.0256466760581703,0.0097006733821293,38353,-6.41784939517438,True,True,False,**,PA_down,True,-99.58977602962183,143.3024128495964
Richmond,7,0.0727004288343439,0.0344448119446682,0.0348036889536304,38353,7.540832732858838,True,False,False,*,PA_up,True,-99.58977602962183,143.3024128495964
Richmond,8,0.1784265083785198,0.0923312116754696,0.0533025741748367,38353,19.533503293560383,False,False,False,,non_significant,True,-99.58977602962183,143.3024128495964
Richmond,9,-0.0038950484154109,0.0859622496245322,0.9638592998900132,38353,-0.3887472553639748,False,False,False,,non_significant,True,-99.58977602962183,143.3024128495964
Richmond,10,0.2368372705350137,0.0945737357855364,0.0122707651839416,38353,26.723488454085363,True,False,False,*,PA_up,True,-99.58977602962183,143.3024128495964
Richmond,11,0.1803044432027415,0.0297316594036998,1.3245358640584924e-09,38353,19.758190329829063,True,True,True,***,PA_up,True,-99.58977602962183,143.3024128495964
Richmond,12,0.1708793027431901,0.0519833623574639,0.0010119174704899,38353,18.634755148502325,True,True,False,**,PA_up,True,-99.58977602962183,143.3024128495964
Riverside,1,-0.1891079394954974,0.0735771928621926,0.0101640461502945,32874,-17.23028393411088,True,False,False,*,PA_down,True,-99.58977602962183,143.3024128495964
Riverside,2,-0.0493459971203394,0.1063596631499009,0.6426806627586071,32874,-4.814826524227578,False,False,False,,non_significant,True,-99.58977602962183,143.3024128495964
Riverside,3,-0.3814798321429049,0.0456432612446158,6.386801449868628e-17,32874,-31.71498424563816,True,True,True,***,PA_down,True,-99.58977602962183,143.3024128495964
Riverside,4,-0.267069480965226,0.3559973929815145,0.4531338583420608,32874,-23.43801263905385,False,False,False,,non_significant,True,-99.58977602962183,143.3024128495964
Riverside,5,0.2491469914356992,0.1252266220814781,0.0466384460576182,32874,28.293059902133443,True,False,False,*,PA_up,True,-99.58977602962183,143.3024128495964
Riverside,6,-0.2144257474797271,0.1914020927539926,0.2625904313203653,32874,-19.29952683575325,False,False,False,,non_significant,True,-99.58977602962183,143.3024128495964
Riverside,7,-0.3516268689932866,0.2189925109752711,0.10834928322653,32874,-29.645741343995248,False,False,False,,non_significant,True,-99.58977602962183,143.3024128495964
Riverside,8,-0.3226393321200508,0.1644105068596706,0.0497158241899182,32874,-27.57649844234925,True,False,False,*,PA_down,True,-99.58977602962183,143.3024128495964
Riverside,9,0.2163571686126758,0.0286727418091269,4.4971277574305374e-14,32874,24.154574098834768,True,True,True,***,PA_up,True,-99.58977602962183,143.3024128495964
Riverside,10,-0.2404012338830108,0.1135090872328025,0.0341832853564506,32874,-21.368769737402417,True,False,False,*,PA_down,True,-99.58977602962183,143.3024128495964
Riverside,11,0.1995500502962333,0.2562475783766437,0.4361333225266087,32874,22.085331197180057,False,False,False,,non_significant,True,-99.58977602962183,143.3024128495964
Riverside,12,0.3561191109879283,0.2666914926729008,0.1817708663847024,32874,42.77776021367339,False,False,False,,non_significant,True,-99.58977602962183,143.3024128495964
Sacramento,1,0.5468835417713095,0.2383464603658101,0.0217623755718747,65748,72.7859815447528,True,False,False,*,PA_up,True,-99.58977602962183,143.3024128495964
Sacramento,2,-0.3975780670700554,0.2339972125216388,0.0893056544131598,65748,-32.80545162151953,False,False,False,,non_significant,True,-99.58977602962183,143.3024128495964
Sacramento,3,-0.0409031231312363,0.3485114936358094,0.9065706553227568,65748,-4.007788030733872,False,False,False,,non_significant,True,-99.58977602962183,143.3024128495964
Sacramento,4,0.8551849014255875,0.1868956606170042,4.745523197100904e-06,65748,135.18091932474627,True,True,True,***,PA_up,True,-99.58977602962183,143.3024128495964
Sacramento,5,0.2592014693192455,0.146212518764009,0.0762664835393707,65748,29.58948615852792,False,False,False,,non_significant,True,-99.58977602962183,143.3024128495964
Sacramento,6,-0.0409031231312636,0.1325011539677782,0.7575496467872708,65748,-4.007788030736492,False,False,False,,non_significant,True,-99.58977602962183,143.3024128495964
Sacramento,7,0.4291005061148427,0.2433266812171026,0.0778204191712358,65748,53.58753915087857,False,False,False,,non_significant,True,-99.58977602962183,143.3024128495964
Sacramento,8,0.6009507630409616,0.1325239367800726,5.769682978413702e-06,65748,82.38520274156976,True,True,True,***,PA_up,True,-99.58977602962183,143.3024128495964
Sacramento,9,0.6769366700184689,0.132956009127365,3.553666348659152e-07,65748,96.78403453687524,True,True,True,***,PA_up,True,-99.58977602962183,143.3024128495964
Sacramento,10,0.4291005061147351,0.1578079092728861,0.0065453519398242,65748,53.58753915086205,True,True,False,**,PA_up,True,-99.58977602962183,143.3024128495964
Sacramento,11,0.4897251279309751,0.2359484137351918,0.0379346491489007,65748,63.18676034775914,True,False,False,*,PA_up,True,-99.58977602962183,143.3024128495964
Sacramento,12,-0.0409031231312715,0.1814854533110782,0.8216839620067444,65748,-4.007788030737247,False,False,False,,non_significant,True,-99.58977602962183,143.3024128495964
San Antonio,1,0.2472066160661243,0.0335892043115999,1.8431787257943428e-13,98622,28.044364567791916,True,True,True,***,PA_up,True,-99.58977602962183,143.3024128495964
San Antonio,2,0.1843442911031339,0.0284105828324906,8.665012447162998e-11,98622,20.24297376994888,True,True,True,***,PA_up,True,-99.58977602962183,143.3024128495964
San Antonio,3,0.0431165638171247,0.0467692339324477,0.3565806604707677,98622,4.405958732880966,False,False,False,,non_significant,True,-99.58977602962183,143.3024128495964
San Antonio,4,0.0541824459431643,0.0458242970522154,0.2370487791993406,98622,5.567718860658988,False,False,False,,non_significant,True,-99.58977602962183,143.3024128495964
San Antonio,5,-0.0194922062387394,0.0236299693505425,0.4094321021888579,98622,-1.930346152642892,False,False,False,,non_significant,True,-99.58977602962183,143.3024128495964
San Antonio,6,0.03140560691001,0.0607105568857722,0.6049463421021724,98622,3.1903966394379646,False,False,False,,non_significant,True,-99.58977602962183,143.3024128495964
San Antonio,7,0.0680202884384985,0.092621063373157,0.4627090686614347,98622,7.038702473980019,False,False,False,,non_significant,True,-99.58977602962183,143.3024128495964
San Antonio,8,0.0020972665395131,0.0600587215354134,0.972143320431708,98622,0.209946734126909,False,False,False,,non_significant,True,-99.58977602962183,143.3024128495964
San Antonio,9,0.0359494971666169,0.0359488188684644,0.3173013767285871,98622,3.660349375542471,False,False,False,,non_significant,True,-99.58977602962183,143.3024128495964
San Antonio,10,-0.0488448735172641,0.0354115814877128,0.1677876628621215,98622,-4.767115033457436,False,False,False,,non_significant,True,-99.58977602962183,143.3024128495964
San Antonio,11,-0.009543502286055,0.0590679079206675,0.871645811290495,98622,-0.9498107591011884,False,False,False,,non_significant,True,-99.58977602962183,143.3024128495964
San Antonio,12,-0.0277252662649628,0.0550397141723692,0.6144497058436003,98622,-2.73444486102058,False,False,False,,non_significant,True,-99.58977602962183,143.3024128495964
San Bernardino,1,0.2760126843748926,0.3607839589626678,0.4442501615545445,38353,31.786458020967917,False,False,False,,non_significant,True,-99.58977602962183,143.3024128495964
San Bernardino,2,0.1526277940262199,0.476655336179443,0.748812341388171,38353,16.48913187346468,False,False,False,,non_significant,True,-99.58977602962183,143.3024128495964
San Bernardino,3,-1.6219671024740792,0.9319393706217344,0.0817850734581809,38353,-80.24902053041728,False,False,False,,non_significant,True,-99.58977602962183,143.3024128495964
San Bernardino,4,0.6806179905199043,0.136160991838005,5.774001512585205e-07,38353,97.50979469581486,True,True,True,***,PA_up,True,-99.58977602962183,143.3024128495964
San Bernardino,5,-0.523354813805941,0.2506835359520121,0.0368238981968199,38353,-40.747061591250166,True,False,False,*,PA_down,True,-99.58977602962183,143.3024128495964
San Bernardino,6,0.7240929203085473,0.4474330564332359,0.1055921813144187,38353,106.28590734843554,False,False,False,,non_significant,True,-99.58977602962183,143.3024128495964
San Bernardino,7,0.2132672965427961,0.437832617253808,0.6261890384961887,38353,23.771544409090996,False,False,False,,non_significant,True,-99.58977602962183,143.3024128495964
San Bernardino,8,-0.1292235022827759,0.5052580627749155,0.7981381488030428,38353,-12.122246519004031,False,False,False,,non_significant,True,-99.58977602962183,143.3024128495964
San Bernardino,9,0.969388786385527,0.4303342984025644,0.0242817788123115,38353,163.63326044303884,True,False,False,*,PA_up,False,-99.58977602962183,143.3024128495964
San Bernardino,10,0.2762416058253483,0.2723908711070094,0.3105174813754077,38353,31.816630221488683,False,False,False,,non_significant,True,-99.58977602962183,143.3024128495964
San Bernardino,11,-0.4169055747346997,0.3047471617596374,0.1713003081107585,38353,-34.09168488926244,False,False,False,,non_significant,True,-99.58977602962183,143.3024128495964
San Bernardino,12,-0.129223502282775,0.3966624298656054,0.7445930703837194,38353,-12.122246519003957,False,False,False,,non_significant,True,-99.58977602962183,143.3024128495964
San Jose,1,0.768132707901085,0.1190727803170474,1.1115021088057904e-10,82185,115.573710229582,True,True,True,***,PA_up,True,-99.58977602962183,143.3024128495964
San Jose,2,0.2961469174512199,0.1803300533281912,0.1005383338705741,82185,34.46676974714642,False,False,False,,non_significant,True,-99.58977602962183,143.3024128495964
San Jose,3,0.571852798856293,0.1281944740152286,8.164567925531402e-06,82185,77.15463315894031,True,True,True,***,PA_up,True,-99.58977602962183,143.3024128495964
San Jose,4,0.1783638817948638,0.1678886859781971,0.2880569939598479,82185,19.5260175530223,False,False,False,,non_significant,True,-99.58977602962183,143.3024128495964
San Jose,5,0.6638716975766373,0.1979966218418394,0.0007995671850445956,82185,94.22977852367536,True,True,True,***,PA_up,True,-99.58977602962183,143.3024128495964
San Jose,6,0.3725198962357839,0.1545113022255108,0.0159107833088194,82185,45.13873560009309,True,False,False,*,PA_up,True,-99.58977602962183,143.3024128495964
San Jose,7,0.1603453762921599,0.1325782584023875,0.2264940591923149,82185,17.391624382429605,False,False,False,,non_significant,True,-99.58977602962183,143.3024128495964
San Jose,8,0.1960634588943432,0.0899464015712395,0.0292736975550607,82185,21.660410723621524,True,False,False,*,PA_up,True,-99.58977602962183,143.3024128495964
San Jose,9,0.4570772842639266,0.1335658577175491,0.0006213678110291409,82185,57.94509462364328,True,True,True,***,PA_up,True,-99.58977602962183,143.3024128495964
San Jose,10,0.5597314383242478,0.0491209613069115,4.4302834635316885e-30,82185,75.0202399884031,True,True,True,***,PA_up,True,-99.58977602962183,143.3024128495964
San Jose,11,0.3273994609551984,0.0820105566133987,6.54735057779102e-05,82185,38.735556088308186,True,True,True,***,PA_up,True,-99.58977602962183,143.3024128495964
San Jose,12,0.3577048104506828,0.0802530296497495,8.30322678668558e-06,82185,43.00434242950912,True,True,True,***,PA_up,True,-99.58977602962183,143.3024128495964
Scottsdale,1,-0.1618685042754302,0.0748331293736945,0.0305366108949114,10958,-14.944695872450698,True,False,False,*,PA_down,True,-99.58977602962183,143.3024128495964
Scottsdale,2,-0.2689496702741724,0.0118458823513814,4.084401009931783e-114,10958,-23.58182842634165,True,True,True,***,PA_down,True,-99.58977602962183,143.3024128495964
Scottsdale,3,-0.0078470977817172,0.0339093949810004,0.8169934407012551,10958,-0.7816389685561531,False,False,False,,non_significant,True,-99.58977602962183,143.3024128495964
Scottsdale,4,-0.1990972853199835,0.0032105561149394,0.0,10958,-18.052983296252776,True,True,True,***,PA_down,True,-99.58977602962183,143.3024128495964
Scottsdale,5,0.0034980686999559,0.0811140891597829,0.9656016587400224,10958,0.350419408252467,False,False,False,,non_significant,True,-99.58977602962183,143.3024128495964
Scottsdale,6,-0.1194636424348652,0.0230032061458373,2.065461718630491e-07,10958,-11.260372919973882,True,True,True,***,PA_down,True,-99.58977602962183,143.3024128495964
Scottsdale,7,-0.0157105618537375,0.0070757185992807,0.0263951135774162,10958,-1.5587794731176663,True,False,False,*,PA_down,True,-99.58977602962183,143.3024128495964
Scottsdale,8,-0.0925433345075242,0.0275402585136228,0.0007785988663479343,10958,-8.839029404915898,True,True,True,***,PA_down,True,-99.58977602962183,143.3024128495964
Scottsdale,9,-0.2434925470704213,0.0368647794475726,3.9746793768451256e-11,10958,-21.61146817474232,True,True,True,***,PA_down,True,-99.58977602962183,143.3024128495964
Scottsdale,10,-0.1222112086759154,0.0610840608678173,0.0454241502527521,10958,-11.50385627708247,True,False,False,*,PA_down,True,-99.58977602962183,143.3024128495964
Scottsdale,11,-0.3324142996510354,0.0295980552111705,2.8736961921150837e-29,10958,-28.28098703252714,True,True,True,***,PA_down,True,-99.58977602962183,143.3024128495964
Scottsdale,12,-0.0114487048209295,0.0714888503153113,0.8727654996535186,10958,-1.1383417788069838,False,False,False,,non_significant,True,-99.58977602962183,143.3024128495964
St. Louis,1,0.0418393027037339,0.0570220210821322,0.4631075894440903,38353,4.272690189267192,False,False,False,,non_significant,True,-99.58977602962183,143.3024128495964
St. Louis,2,0.2364754991018391,0.0243224934455647,2.4176575999966062e-22,38353,26.67765180774497,True,True,True,***,PA_up,True,-99.58977602962183,143.3024128495964
St. Louis,3,0.2396682438817449,0.0209476749901328,2.6001653389993813e-30,38353,27.08274755884128,True,True,True,***,PA_up,True,-99.58977602962183,143.3024128495964
St. Louis,4,0.2056718338073286,0.1435262682012685,0.1518604427810246,38353,22.83500348914773,False,False,False,,non_significant,True,-99.58977602962183,143.3024128495964
St. Louis,5,0.4363816255049965,0.0694494850723642,3.3116349713724086e-10,38353,54.70990945787264,True,True,True,***,PA_up,True,-99.58977602962183,143.3024128495964
St. Louis,6,0.3956561006129759,0.025657420165098,1.1875783185940716e-53,38353,48.535841585831065,True,True,True,***,PA_up,True,-99.58977602962183,143.3024128495964
St. Louis,7,0.7184294928760686,0.280088172148135,0.0103172268350928,38353,105.12092409472764,True,False,False,*,PA_up,True,-99.58977602962183,143.3024128495964
St. Louis,8,1.0939558490084391,0.1517672082096403,5.673072512401908e-13,38353,198.60631542436923,True,True,True,***,PA_up,False,-99.58977602962183,143.3024128495964
St. Louis,9,1.1233121645191655,0.1156130097200349,2.573534054220222e-22,38353,207.5022334607716,True,True,True,***,PA_up,False,-99.58977602962183,143.3024128495964
St. Louis,10,1.064766441628308,0.2236347907173277,1.924602412698273e-06,38353,190.0161547943494,True,True,True,***,PA_up,False,-99.58977602962183,143.3024128495964
St. Louis,11,0.7161911828357989,0.3269273590142832,0.0284754101459153,38353,104.66231331888024,True,False,False,*,PA_up,True,-99.58977602962183,143.3024128495964
St. Louis,12,0.3876025528433052,0.0643681866772966,1.726502111538099e-09,38353,47.34440517480696,True,True,True,***,PA_up,True,-99.58977602962183,143.3024128495964
St. Petersburg,1,-0.5030136310087345,0.0030233684651211,0.0,43832,-39.52944484087122,True,True,True,***,PA_down,True,-99.58977602962183,143.3024128495964
St. Petersburg,2,-0.2600467377903434,0.1508272878285632,0.0846833171383936,43832,-22.89844506016574,False,False,False,,non_significant,True,-99.58977602962183,143.3024128495964
St. Petersburg,3,-0.0800753583416427,0.0478887825053903,0.0945024427656178,43832,-7.695321550930368,False,False,False,,non_significant,True,-99.58977602962183,143.3024128495964
St. Petersburg,4,-0.2886201102333744,0.1008867064475531,0.0042252835306123,43832,-25.07031984712652,True,True,False,**,PA_down,True,-99.58977602962183,143.3024128495964
St. Petersburg,5,-0.1318195267076296,0.0658444132130661,0.0452863462456377,43832,-12.3500834503667,True,False,False,*,PA_down,True,-99.58977602962183,143.3024128495964
St. Petersburg,6,0.0397135409481452,0.1216313597658501,0.7440404795322058,43832,4.0512667224611,False,False,False,,non_significant,True,-99.58977602962183,143.3024128495964
St. Petersburg,7,0.0606464993119858,0.036391421310669,0.0956127980127509,43832,6.252324509329421,False,False,False,,non_significant,True,-99.58977602962183,143.3024128495964
St. Petersburg,8,-0.3202556705836332,0.0348216906018402,3.6802522215255134e-20,43832,-27.40365941431904,True,True,True,***,PA_down,True,-99.58977602962183,143.3024128495964
St. Petersburg,9,0.1256197714689814,0.1566235096240147,0.4225244586296236,43832,13.38509638237324,False,False,False,,non_significant,True,-99.58977602962183,143.3024128495964
St. Petersburg,10,-0.0106306647862256,0.0199463062664191,0.5940584448664403,43832,-1.0574358968713835,False,False,False,,non_significant,True,-99.58977602962183,143.3024128495964
St. Petersburg,11,-0.0933223806312528,0.0454903789794769,0.0402207002239184,43832,-8.910020349492786,True,False,False,*,PA_down,True,-99.58977602962183,143.3024128495964
St. Petersburg,12,-0.1107141233431385,0.0412126660225672,0.0072224375444066,43832,-10.48053724002026,True,True,False,**,PA_down,True,-99.58977602962183,143.3024128495964
Tallahassee,1,-0.1642654429674887,0.1147081957183422,0.1521355715072384,27395,-15.148324082219078,False,False,False,,non_significant,True,-99.58977602962183,143.3024128495964
Tallahassee,2,-0.085628238004393,0.0454631134257241,0.0596372147005571,27395,-8.206457870047036,False,False,False,,non_significant,True,-99.58977602962183,143.3024128495964
Tallahassee,3,-0.026218879651666,0.0847803069323807,0.7571262506357667,27395,-2.5878149178603205,False,False,False,,non_significant,True,-99.58977602962183,143.3024128495964
Tallahassee,4,-0.1233096401524389,0.0525079030145251,0.0188541834212417,27395,-11.60100985885414,True,False,False,*,PA_down,True,-99.58977602962183,143.3024128495964
Tallahassee,5,-0.3360904044309727,0.1127025573940218,0.0028627757671796,27395,-28.544149635897853,True,True,False,**,PA_down,True,-99.58977602962183,143.3024128495964
Tallahassee,6,-0.0363366126468327,0.0780272835783656,0.6414366134548246,27395,-3.568436199467251,False,False,False,,non_significant,True,-99.58977602962183,143.3024128495964
Tallahassee,7,-0.1600908137341908,0.1179594662771392,0.1747278337909061,27395,-14.79335938795664,False,False,False,,non_significant,True,-99.58977602962183,143.3024128495964
Tallahassee,8,-0.0432847074233204,0.0821122616401025,0.5980959497549132,27395,-4.236129559694635,False,False,False,,non_significant,True,-99.58977602962183,143.3024128495964
Tallahassee,9,-0.2044823130160819,0.1168149788323436,0.0800354796727027,27395,-18.49308420948913,False,False,False,,non_significant,True,-99.58977602962183,143.3024128495964
Tallahassee,10,-0.2616407268559995,0.0553386546649081,2.267509088815411e-06,27395,-23.021246197848452,True,True,True,***,PA_down,True,-99.58977602962183,143.3024128495964
Tallahassee,11,0.1078923720258873,0.1096818221337494,0.3252703777654795,27395,11.39278491367779,False,False,False,,non_significant,True,-99.58977602962183,143.3024128495964
Tallahassee,12,-0.2269551688682658,0.1361207105471808,0.0954531486696569,27395,-20.304349004843804,False,False,False,,non_significant,True,-99.58977602962183,143.3024128495964
Tampa,1,-0.3787653421246504,0.1029873861314295,0.00023526922621384288,54790,-31.52937344661805,True,True,True,***,PA_down,True,-99.58977602962183,143.3024128495964
Tampa,2,-0.2692724444354135,0.1594579185247366,0.0912819168448823,54790,-23.606490257259917,False,False,False,,non_significant,True,-99.58977602962183,143.3024128495964
Tampa,3,-0.2169044589315879,0.0904859652757266,0.016525138082286,54790,-19.499312315187836,True,False,False,*,PA_down,True,-99.58977602962183,143.3024128495964
Tampa,4,-0.3475246413515677,0.121707920124505,0.0042982827368155,54790,-29.356539378840186,True,True,False,**,PA_down,True,-99.58977602962183,143.3024128495964
Tampa,5,-0.1013915718116149,0.1316695530503556,0.4412727904191128,54790,-9.642085251910537,False,False,False,,non_significant,True,-99.58977602962183,143.3024128495964
Tampa,6,0.010026077923099,0.1823218426038932,0.9561455575384734,54790,1.0076507438200766,False,False,False,,non_significant,True,-99.58977602962183,143.3024128495964
Tampa,7,-0.1705578589624594,0.2242640174963503,0.4469422513845522,54790,-15.68056981302355,False,False,False,,non_significant,True,-99.58977602962183,143.3024128495964
Tampa,8,0.2349072491325048,0.171029722286484,0.1696007293171395,54790,26.47914527879516,False,False,False,,non_significant,True,-99.58977602962183,143.3024128495964
Tampa,9,0.018850916400005,0.1429255163914069,0.8950686970730851,54790,1.90297166737452,False,False,False,,non_significant,True,-99.58977602962183,143.3024128495964
Tampa,10,-0.056968324627052,0.1235001301738466,0.6445966598903643,54790,-5.537600979017066,False,False,False,,non_significant,True,-99.58977602962183,143.3024128495964
Tampa,11,0.0462159116080982,0.0714663061474496,0.5178383383388707,54790,4.730051088472664,False,False,False,,non_significant,True,-99.58977602962183,143.3024128495964
Tampa,12,0.0559720865529675,0.062338538432992,0.3692532945243384,54790,5.7568162951699975,False,False,False,,non_significant,True,-99.58977602962183,143.3024128495964
Tucson,1,-0.3185602188064715,0.045447653680316,2.3936354695930197e-12,76706,-27.28047141951449,True,True,True,***,PA_down,True,-99.58977602962183,143.3024128495964
Tucson,2,-0.3012042251775879,0.0241146519423218,8.411605231260279e-36,76706,-26.00733543353576,True,True,True,***,PA_down,True,-99.58977602962183,143.3024128495964
Tucson,3,-0.2422363751176796,0.0291918378133786,1.058022486163832e-16,76706,-21.51293682644535,True,True,True,***,PA_down,True,-99.58977602962183,143.3024128495964
Tucson,4,-0.3290506683528547,0.0630063134172679,1.7652058286479217e-07,76706,-28.03934454554789,True,True,True,***,PA_down,True,-99.58977602962183,143.3024128495964
Tucson,5,-0.3669887183368541,0.0602061261436166,1.0907012729006255e-09,76706,-30.71825388664795,True,True,True,***,PA_down,True,-99.58977602962183,143.3024128495964
Tucson,6,-0.3241064620347373,0.0417762033011373,8.617051780155675e-15,76706,-27.682675221401237,True,True,True,***,PA_down,True,-99.58977602962183,143.3024128495964
Tucson,7,-0.3088292667749766,0.0768195863089361,5.815143498550431e-05,76706,-26.569387022188696,True,True,True,***,PA_down,True,-99.58977602962183,143.3024128495964
Tucson,8,-0.435146260541368,0.0628508535633498,4.406995650668018e-12,76706,-35.282999527972805,True,True,True,***,PA_down,True,-99.58977602962183,143.3024128495964
Tucson,9,-0.4341864201005475,0.1152038228089985,0.0001639985934792356,76706,-35.22085171248921,True,True,True,***,PA_down,True,-99.58977602962183,143.3024128495964
Tucson,10,-0.3088926799176498,0.103008640396606,0.0027112834911216,76706,-26.5740433404886,True,True,False,**,PA_down,True,-99.58977602962183,143.3024128495964
Tucson,11,-0.3237353385632652,0.0638156022980329,3.916315967358386e-07,76706,-27.65583158393796,True,True,True,***,PA_down,True,-99.58977602962183,143.3024128495964
Tucson,12,-0.4370640238704248,0.0868904957035832,4.903376435775955e-07,76706,-35.40699248566901,True,True,True,***,PA_down,True,-99.58977602962183,143.3024128495964
Virginia Beach,1,0.255276892374621,0.0434426980659507,4.198547084588767e-09,54790,29.08189893294677,True,True,True,***,PA_up,True,-99.58977602962183,143.3024128495964
Virginia Beach,2,0.3189311076765565,0.0546873634219699,5.480052253637581e-09,54790,37.565654946547376,True,True,True,***,PA_up,True,-99.58977602962183,143.3024128495964
Virginia Beach,3,0.3113711578910668,0.0683846238691182,5.282759043570194e-06,54790,36.529586749231854,True,True,True,***,PA_up,True,-99.58977602962183,143.3024128495964
Virginia Beach,4,0.3045914709056358,0.0356879231096393,1.4032376263959917e-17,54790,35.6070895414597,True,True,True,***,PA_up,True,-99.58977602962183,143.3024128495964
Virginia Beach,5,-0.0608683025887698,0.0359708790043614,0.0906164249283118,54790,-5.9052848079611415,False,False,False,,non_significant,True,-99.58977602962183,143.3024128495964
Virginia Beach,6,0.0656841032226384,0.0915512215085967,0.4730919003045953,54790,6.788932108252266,False,False,False,,non_significant,True,-99.58977602962183,143.3024128495964
Virginia Beach,7,0.3620985256736393,0.0174169307772329,5.3276765768410265e-96,54790,43.63404513996305,True,True,True,***,PA_up,True,-99.58977602962183,143.3024128495964
Virginia Beach,8,0.1597884758080672,0.0349606699538492,4.865131896559094e-06,54790,17.326267130414386,True,True,True,***,PA_up,True,-99.58977602962183,143.3024128495964
Virginia Beach,9,0.4200715740716694,0.113262659601871,0.00020822188917238085,54790,52.20704925025754,True,True,True,***,PA_up,True,-99.58977602962183,143.3024128495964
Virginia Beach,10,0.2845859667724347,0.0411972826649051,4.919429471032219e-12,54790,32.9211576417588,True,True,True,***,PA_up,True,-99.58977602962183,143.3024128495964
Virginia Beach,11,0.3275110114894486,0.0548536276913383,2.363313494997136e-09,54790,38.75103297692088,True,True,True,***,PA_up,True,-99.58977602962183,143.3024128495964
Virginia Beach,12,0.1430787852111366,0.1852821438680334,0.4399834729333213,54790,15.382070209278709,False,False,False,,non_significant,True,-99.58977602962183,143.3024128495964
Visalia,1,0.3464281836904089,0.0495032220334906,2.5946864606798065e-12,10958,41.40079413517637,True,True,True,***,PA_up,True,-99.58977602962183,143.3024128495964
Visalia,2,0.4558043835354226,0.0040909353117936,0.0,10958,57.74417410070212,True,True,True,***,PA_up,True,-99.58977602962183,143.3024128495964
Visalia,3,0.5652075435805873,0.0782059214686607,4.931601081791234e-13,10958,75.98129827106435,True,True,True,***,PA_up,True,-99.58977602962183,143.3024128495964
Visalia,4,0.4720486592090771,0.1303224585812037,0.00029215450961628253,10958,60.32753959412516,True,True,True,***,PA_up,True,-99.58977602962183,143.3024128495964
Visalia,5,0.2626762782628866,0.1267612469591675,0.0382456003953274,10958,30.04056812197917,True,False,False,*,PA_up,True,-99.58977602962183,143.3024128495964
Visalia,6,0.0429570735173648,0.0850599826136111,0.6135441191334295,10958,4.389308323050667,False,False,False,,non_significant,True,-99.58977602962183,143.3024128495964
Visalia,7,0.3040833021202707,0.161500945201494,0.0597196517792661,10958,35.53819575779826,False,False,False,,non_significant,True,-99.58977602962183,143.3024128495964
Visalia,8,-0.059882075081023,0.0404832375307902,0.1390916867577076,10958,-5.812440236095185,False,False,False,,non_significant,True,-99.58977602962183,143.3024128495964
Visalia,9,0.2284581697051822,0.0148971140719568,4.41260815775324e-53,10958,25.66609575341068,True,True,True,***,PA_up,True,-99.58977602962183,143.3024128495964
Visalia,10,0.1958485453136881,0.0157348038671156,1.4549708390230342e-35,10958,21.63426705854392,True,True,True,***,PA_up,True,-99.58977602962183,143.3024128495964
Visalia,11,0.4265876941135284,0.0308893122823896,2.2120526398262767e-43,10958,53.20208702642928,True,True,True,***,PA_up,True,-99.58977602962183,143.3024128495964
Visalia,12,0.2173586277322475,0.1148293284878142,0.0583732637516347,10958,24.27897210866652,False,False,False,,non_significant,True,-99.58977602962183,143.3024128495964
Washington,1,0.1825614521792673,0.0528458668042202,0.0005511051274332229,38353,20.0287908995014,True,True,True,***,PA_up,True,-99.58977602962183,143.3024128495964
Washington,2,0.2708512001012557,0.1812859436425923,0.13516120175639,38353,31.10799673029081,False,False,False,,non_significant,True,-99.58977602962183,143.3024128495964
Washington,3,0.007715429873457,0.1217239638035273,0.9494602165346124,38353,0.7745270497568901,False,False,False,,non_significant,True,-99.58977602962183,143.3024128495964
Washington,4,-0.0148918398089043,0.2187964404209723,0.9457358559989012,38353,-1.4781504738862972,False,False,False,,non_significant,True,-99.58977602962183,143.3024128495964
Washington,5,-0.1550558663591279,0.0372964517005806,3.219052816673818e-05,38353,-14.363266597782188,True,True,True,***,PA_down,True,-99.58977602962183,143.3024128495964
Washington,6,0.0460365920784613,0.1113578471057882,0.6793052986821052,38353,4.71127262869524,False,False,False,,non_significant,True,-99.58977602962183,143.3024128495964
Washington,7,0.0403145073989735,0.0706934421573028,0.5684930680614704,38353,4.113816836304896,False,False,False,,non_significant,True,-99.58977602962183,143.3024128495964
Washington,8,0.0339774882468587,0.0261290909381578,0.1934741572319687,38353,3.4561316676998466,False,False,False,,non_significant,True,-99.58977602962183,143.3024128495964
Washington,9,0.0086667035315047,0.0328493865373015,0.7919097465451427,38353,0.870436813724984,False,False,False,,non_significant,True,-99.58977602962183,143.3024128495964
Washington,10,0.2604630595326226,0.0515988205247855,4.4681183865598473e-07,38353,29.753078157356548,True,True,True,***,PA_up,True,-99.58977602962183,143.3024128495964
Washington,11,-0.0844766281877204,0.0575022939779053,0.1418056295506073,38353,-8.100686633915632,False,False,False,,non_significant,True,-99.58977602962183,143.3024128495964
Washington,12,-0.1233164615040022,0.0226893143475053,5.479591742971192e-08,38353,-11.6016128573871,True,True,True,***,PA_down,True,-99.58977602962183,143.3024128495964
