"cehwi","rr_n20","rr_low_n20","rr_high_n20","log_rr_n20","log_rr_low_n20","log_rr_high_n20","rr_n17","rr_low_n17","rr_high_n17","log_rr_n17","log_rr_low_n17","log_rr_high_n17","delta_log_rr"
0,1,1,1,0,0,0,1,1,1,0,0,0,0
0.106282565130261,0.99876125111003,0.991489815586653,1.00608601423571,-0.00123951677358491,-0.00854660279803316,0.00606756925086329,0.996653273393325,0.987978598306479,1.00540411408537,-0.00335233942270471,-0.0120942431020046,0.00538956425659506,-0.0021128226491198
0.212565130260521,0.997524340558485,0.983056009260044,1.01220561253232,-0.00247872895344057,-0.0170891825740748,0.0121317246671936,0.993319158045072,0.976107526629718,1.01083428087699,-0.00670325867704404,-0.0241825279102237,0.0107760105561357,-0.00422452972360348
0.318847695390782,0.99628956877915,0.974701784434599,1.01835548134748,-0.00371733194583746,-0.0256237168880081,0.018189052996333,0.989999008276757,0.964390583486311,1.01628743910571,-0.0100513375946524,-0.036258896839017,0.0161562216497122,-0.00633400564881497
0.425130260521042,0.995057234709239,0.966430217225958,1.02453222457105,-0.00495502115704642,-0.0341461844655406,0.0242361421514477,0.986694159850348,0.952831316401318,1.02176046098041,-0.0133951560071645,-0.0483173937216103,0.0215270817072813,-0.00844013485011805
0.531412825651303,0.993827635796335,0.958244259079311,1.0307323631884,-0.00619149199333807,-0.0426525657863163,0.0302695817996403,0.983405930173679,0.941433030058882,1.02725015229206,-0.0167332937462147,-0.0603520645259857,0.0268854770335562,-0.0105418017528766
0.637695390781563,0.992601068006226,0.950146739505504,1.03695233508865,-0.00742643986098288,-0.0511388436783026,0.0362859639563367,0.980135618523604,0.930198794567232,1.0327532526481,-0.0200643306434378,-0.072356958078562,0.0322282967916866,-0.0126378907824549
0.743977955911824,0.991377825831622,0.942140368914294,1.04318849502567,-0.00865956016625175,-0.0596010039205986,0.0422818835880951,0.976884506286426,0.919131453812721,1.03826643584425,-0.0233868465304681,-0.0843261267983355,0.0375524337373992,-0.0147272863642164
0.850260521042084,0.990158202301747,0.934227741534387,1.04943711473948,-0.00989054831541535,-0.0680350358568655,0.0482539392260348,0.973653857215205,0.90823363387901,1.0437863103805,-0.0266994212389405,-0.096253627444212,0.0428547849663312,-0.0168088729235251
0.956543086172345,0.988942488992806,0.926411338410322,1.05569438324611,-0.0111190997147441,-0.0764369330216358,0.0541987335921476,0.970444917703493,0.897507751508843,1.04930942012846,-0.0300006346004892,-0.108133521878345,0.0481322526773664,-0.018881534885745
1.06282565130261,0.987730976039308,0.918693530466524,1.0619564073039,-0.012344909770509,-0.0848026937818417,0.0601128742408238,0.9672589170751,0.88695602258728,1.05483224515704,-0.0332890664467489,-0.119959877848381,0.0533817449548832,-0.0209441566762399
1.16910821643287,0.986523952146249,0.91107658162923,1.06821921206435,-0.0135676738889803,-0.0931283219959881,0.0659929742180272,0.964097067889489,0.876580470626535,1.06035120272388,-0.0365632966093542,-0.131726769791646,0.0586001765729378,-0.0229956227203738
1.27539078156313,0.985321704602129,0.903562651997272,1.0744787419157,-0.0147870874764291,-0.101409827693503,0.0718356527406449,0.960960566262406,0.8663829352339,1.0658626484397,-0.0398219049199396,-0.143428279664421,0.0637844698245418,-0.0250348174435105
1.38167334669339,0.984124519292826,0.896153801053027,1.08073086152767,-0.0160028459391258,-0.109643227776923,0.0776375358986714,0.957850592201374,0.856365080545462,1.07136287761306,-0.0430634712101396,-0.155058497799623,0.0689315553793433,-0.0270606252710139
1.48795591182365,0.982932680716287,0.888851990905115,1.08697135710555,-0.0172146446833411,-0.117824546749703,0.0833952573830206,0.954768309955679,0.846528403609555,1.07684812678308,-0.0462865753115889,-0.166611523796382,0.0740383731732042,-0.0290719306282478
1.59423847695391,0.981746471998053,0.881659089554713,1.09319593786234,-0.0184221791153457,-0.125949817472606,0.0891054592419151,0.951714868380506,0.836874242705036,1.08231457544783,-0.0494897970559221,-0.178081467445207,0.0791018733333624,-0.0310676179405764
1.70052104208417,0.980566174907596,0.874576874177602,1.09940023771731,-0.0196251446414102,-0.134015081951802,0.0947647926689816,0.948691401314873,0.827403785580594,1.08775834799599,-0.0526717162747734,-0.189462449692639,0.0841190171430917,-0.0330465716333632
1.80680360721443,0.97939206987547,0.867607034414297,1.1055798172297,-0.0208232366678054,-0.142016392161991,0.10036991882638,0.945699027973056,0.818118077602361,1.09317551585001,-0.0558309127997777,-0.200748603649585,0.0890867780500294,-0.0350076761319723
1.91308617234469,0.978224436011268,0.860751175660829,1.11173016577631,-0.0220161506008018,-0.149949810908115,0.105917509706512,0.94273885334918,0.8090180297981,1.09856209982851,-0.0589659664625695,-0.211934075647759,0.0940021427226196,-0.0369498158617677
2.01936873747495,0.977063551122374,0.854010822352934,1.11784670398162,-0.0232035818466702,-0.157811412729443,0.111404249036103,0.939811968634688,0.800104426787166,1.10391407273636,-0.0620754570947832,-0.223013026349006,0.0988621121594393,-0.0388718752481131
2.12565130260521,0.975909691733509,0.847387421236562,1.12392478640949,-0.0243852258116811,-0.165597284850096,0.116826833226734,0.936919451648406,0.791377934586347,1.10922736219071,-0.0651579645280535,-0.233979631912626,0.103663702856519,-0.0407727387163724
2.23193386773547,0.97476313310706,0.840882344617748,1.12995970452516,-0.0255607779021053,-0.173303528180387,0.122181972376176,0.934062367278943,0.782839108282475,1.1144978536917,-0.068212068594015,-0.244828085226194,0.108403948038164,-0.0426512906919097
2.33821643286573,0.973624149264188,0.834496893585003,1.13594668993679,-0.0267299335242135,-0.180926258373691,0.127466391325264,0.931241767939171,0.774488399563454,1.11972139394636,-0.0712363491243021,-0.255552597205811,0.113079898957207,-0.0445064156000886
2.44449899799599,0.972493013006714,0.828232301197419,1.14188091792552,-0.0278923880842762,-0.188461606943919,0.132676830775367,0.928458694032563,0.766326164100017,1.12489379445505,-0.0742293859505494,-0.266147398172213,0.117688626271115,-0.0463369978662731
2.55078156312625,0.971369995939769,0.822089735631736,1.14775751127333,-0.0290478369885642,-0.195905722449086,0.137810048471958,0.925714174431159,0.758352668771114,1.13001083536953,-0.0771897589043915,-0.276606739309657,0.122227221500874,-0.0481419219158273
2.65706412825651,0.970255368495205,0.816070303281556,1.1535715443979,-0.0301959756433481,-0.203254771746944,0.142862820460247,0.923009226964981,0.750568098726343,1.13506826963227,-0.080116047817463,-0.28692489421513,0.126692798580204,-0.0499200721741148
2.76334669338677,0.969149399955765,0.81017505180189,1.15931804780418,-0.0313364994548987,-0.210504941329108,0.147831942419311,0.9203448589227,0.742972564279269,1.14006182740694,-0.0830068325213983,-0.297096160546052,0.131082495503255,-0.0516703330664996
2.86962925851703,0.968052358480006,0.804404973092018,1.16499201286204,-0.0324691038294864,-0.21765243874072,0.152714231081747,0.9177220675634,0.735566107625797,1.14498722081048,-0.0858606928478321,-0.307114861775372,0.135393476079708,-0.0533915890183457
2.9759118236473,0.966964511127967,0.798761006209549,1.17058839691988,-0.033593484173382,-0.224693494093245,0.157506525746481,0.915141840639294,0.728348709382018,1.1498401489573,-0.0886762086283988,-0.316975349063737,0.13962293180694,-0.0550827244550169
3.08219438877756,0.965886123887576,0.793244040208281,1.17610212876432,-0.0347093358928562,-0.231624361678754,0.162205689893041,0.912605156929268,0.721320294936079,1.15461630332708,-0.0914519596947332,-0.326672003259327,0.14376808386986,-0.056742623801877
3.18847695390782,0.964817461701803,0.78785491689215,1.181528114436,-0.0358163543941797,-0.238441321694718,0.166808612906359,0.910112986783135,0.714480740608653,1.15931137346781,-0.0941865258784697,-0.336199237036877,0.147826185279937,-0.05837017148429
3.29475951903808,0.963758788496536,0.782594433477221,1.18686124341229,-0.036914235083623,-0.24514068208926,0.171312211922014,0.90766629267653,0.707829879616505,1.16392105304669,-0.0968784870112429,-0.345551497188544,0.151794523166058,-0.0599642519276199
3.40104208416834,0.962710367209193,0.777463345153139,1.19209639516768,-0.0380026733674569,-0.251718780537655,0.175713433802741,0.905266029776363,0.701367507833436,1.16844104626198,-0.0995264229246872,-0.354723267080425,0.155670421231051,-0.0615237495572303
3.5073246492986,0.96167245981806,0.772462367534959,1.19722844612319,-0.039081364651952,-0.25817198656196,0.180009257258056,0.90291314651678,0.695093389342523,1.17286707463002,-0.102128913450437,-0.363709069289899,0.159451242389024,-0.0630475487984853
3.61360721442886,0.960645327372344,0.767592178995563,1.20225227699676,-0.0401500043433791,-0.264496703806749,0.184196695119991,0.900608585185621,0.689007261773106,1.1771948841624,-0.104684538420128,-0.372503468440411,0.163134391600156,-0.0645345340767487
3.71988977955912,0.959629230022951,0.762853422868129,1.20716278056687,-0.0412082878480086,-0.270689372485193,0.188272796789176,0.898353282521346,0.683108841415284,1.18142025294949,-0.107191877665393,-0.381101074251994,0.166717318921208,-0.0659835898173846
3.82617234468938,0.958624427053977,0.758246709507181,1.21195486986266,-0.0422559105721114,-0.276746472011151,0.192234650866928,0.896148170320461,0.677397828103866,1.18553899916782,-0.109649511017868,-0.3894965448276,0.170197522791864,-0.0673936004457566
3.93245490981964,0.957631176914907,0.753772618195732,1.21662348679439,-0.043292567921958,-0.282664523834433,0.196079387990517,0.893994176055466,0.671873909862699,1.18954698953025,-0.112056018309187,-0.397684590197363,0.173572553578989,-0.0687634503872289
4.0387374749499,0.956649737253536,0.749431698884806,1.22116361123915,-0.0443179553038192,-0.288440094498172,0.199804183890534,0.891892223503388,0.666536767299026,1.19344014819958,-0.114409979370984,-0.405659976145168,0.176840017403199,-0.0700920240671651
4.14502004008016,0.955680364949582,0.745224473750252,1.22557027059775,-0.0453317681239657,-0.294069798939112,0.20340626269118,0.889843233384975,0.661386077736098,1.19721446618805,-0.116709974034895,-0.413417528344384,0.179997580274594,-0.0713782059109292
4.25130260521042,0.954723316149013,0.741151438550209,1.2298385498402,-0.0463337017886678,-0.299550304053756,0.20688290047642,0.887848124014655,0.656421519070457,1.20086601126757,-0.118954582132553,-0.420952136832427,0.183042972567321,-0.0726208803438852
4.35758517034068,0.953778846299078,0.737213063764756,1.23396360205831,-0.0473234517041967,-0.304878332555694,0.210231429147301,0.885907811961378,0.651642773338342,1.20439093841788,-0.121142383495594,-0.428258760856907,0.18597399386572,-0.0738189317913968
4.46386773547094,0.95284721018404,0.733409795497278,1.23794065954615,-0.0483007132768227,-0.310050667152026,0.21344924059838,0.8840232127205,0.647049529973256,1.20778550084253,-0.123271957955651,-0.435332434129595,0.188788518218293,-0.0749712446788281
4.5701503006012,0.951928661961602,0.729742056114758,1.24176504543066,-0.0492651819128165,-0.315064155069742,0.216533791244109,0.882195241396867,0.642641488734032,1.21104606158625,-0.125341885344359,-0.442168270528275,0.191484499839557,-0.0760767034315428
4.67643286573146,0.951023455200043,0.726210244601602,1.24543218587725,-0.0502165530184488,-0.319915712966179,0.219482606929281,0.880424813399301,0.6384183622796,1.2141691057904,-0.127350745493354,-0.448761470290886,0.194059979304179,-0.0771341924749049
4.78271543086172,0.950131842916049,0.722814736598642,1.24893762289785,-0.0511545219999904,-0.324602332261272,0.222293288261291,0.878712845146709,0.634379878363057,1.21715125362777,-0.129297118234269,-0.455107326751118,0.196513090282581,-0.0781425962342782
4.88899799599199,0.949254077613241,0.719555884095666,1.25227702779172,-0.0520787842637118,-0.329121084933381,0.224963516405958,0.877060254786061,0.630525781613547,1.21998927396256,-0.131179583398739,-0.461201233670031,0.198842066872554,-0.0791007991350268
4.99528056112225,0.948390411321406,0.716434014742033,1.25544621525298,-0.0529890352158836,-0.333469129824967,0.2274910593932,0.875467962922501,0.62685583486975,1.22268009878687,-0.132996720818398,-0.467038693224213,0.201045251587417,-0.0800076856025143
5.10156312625251,0.947541095636422,0.713449430735738,1.2584411581827,-0.0538849702627768,-0.337643719509384,0.229873778983831,0.873936893361901,0.623369820023471,1.22522083849085,-0.134747110324882,-0.472615324717696,0.203121104067933,-0.0808621400621048
5.20784569138277,0.946706381760887,0.710602407246517,1.26125800324776,-0.0547662848106616,-0.341642207775677,0.232109638154354,0.872467973866168,0.620067538325745,1.22760879803105,-0.136429331749824,-0.477926874092286,0.205068210592638,-0.0816630469391623
5.31412825651303,0.945886520545449,0.707893190323256,1.26389308723399,-0.055632674265809,-0.345462057794447,0.234196709262829,0.87106213692167,0.616948810100963,1.22984149406881,-0.138041964924859,-0.48296922431931,0.206885294469591,-0.0824092906590505
5.42041082164329,0.945081762530832,0.705321994229947,1.26634295424678,-0.0564838340344896,-0.349100851034815,0.236133182965836,0.869720320521151,0.614013473806778,1.23191667315992,-0.139583589681623,-0.487738406765054,0.208571227401809,-0.0830997556471331
5.52669338677355,0.944292357990572,0.702888998147739,1.26860437381888,-0.0573194595229739,-0.352556297010212,0.237917377964264,0.86844346895955,0.611261384368631,1.23383233108615,-0.141052785851748,-0.492230613632537,0.21012504192904,-0.0837333263287744
5.63297595190381,0.943518556974454,0.700594342173045,1.27067435999258,-0.0581392461375328,-0.355826243939276,0.239547751664211,0.867232533644162,0.60869241070782,1.23558673343126,-0.142448133266871,-0.496442211593795,0.211545945060053,-0.084308887129338
5.73925851703407,0.942760609352664,0.698438122533289,1.27255019145185,-0.0589428892844368,-0.358908690417716,0.241022911848842,0.866088473919604,0.606306432370683,1.23717843751621,-0.143768211758625,-0.500369756739744,0.212833333222495,-0.084825322474188
5.84554108216433,0.942018764860638,0.696420385932409,1.2742294327893,-0.0597300843699566,-0.361801798207527,0.242341629467614,0.865012257908098,0.604103335153786,1.23860631582308,-0.145011601158645,-0.50401001098894,0.21398680867165,-0.0852815167886883
5.95182364729459,0.941293273144637,0.694541122927775,1.27570995700349,-0.0605005268003629,-0.364503906261703,0.243502852660977,0.864004863365589,0.602083005605647,1.23986958105298,-0.146176881298565,-0.507359960112454,0.215006197515323,-0.0856763544982026
6.05810621242485,0.940584383808035,0.692800260228479,1.27698996933369,-0.0612539119819264,-0.367013546115507,0.244505722151655,0.863067278554283,0.600245324269453,1.2409678129816,-0.147262632010021,-0.510416833549676,0.215891569529634,-0.0860087200280947
6.16438877755511,0.939892346458324,0.691197651792017,1.27806803255279,-0.0619899353209175,-0.369329458789705,0.24534958814787,0.862200503132177,0.598590157513203,1.24190098729611,-0.148267433124646,-0.513178126209238,0.216643259959945,-0.0862774978037289
6.27067134268537,0.939217410754845,0.68973306858206,1.27894309385296,-0.0627082922236074,-0.371450613366804,0.24603402891959,0.86140554906024,0.597117347773517,1.24266950661969,-0.149189864474076,-0.515641622470697,0.217261893522545,-0.0864815722504687
6.37695390781563,0.938559826457254,0.688406186834268,1.27961451347552,-0.0634086780962661,-0.373376227418625,0.246558871226093,0.860683441527904,0.59582670201696,1.24327423395541,-0.150028505889944,-0.517805422626042,0.217748410846153,-0.0866198277936783
6.48323647294589,0.937919843474713,0.687216574659782,1.2800820952538,-0.0640907883451648,-0.3751057894822,0.24692421279187,0.860035219897567,0.594717978197794,1.24371652880865,-0.150781937203886,-0.51966797202568,0.218104097617908,-0.0866911488587215
6.58951903807615,0.937297711915825,0.686163676797277,1.28034611925719,-0.0647543183765739,-0.376639083801333,0.247130447048185,0.859461938668866,0.593790869463625,1.24399828627829,-0.151448738247536,-0.521228093221312,0.21833061672624,-0.0866944198709619
6.69580160320641,0.936693682139315,0.685246797304054,1.28040737674604,-0.065398963596764,-0.377976217572945,0.247178290379417,0.85896466846349,0.593044985830276,1.24412197944078,-0.152027488852528,-0.52248502142789,0.218430043722835,-0.0866285252557638
6.80208416833668,0.936108004805461,0.684465079954912,1.28026720766907,-0.0660244194120061,-0.379117650960497,0.247068812136485,0.858544497031369,0.592479833014439,1.24409070538758,-0.152516768850497,-0.523438443658558,0.218404905957565,-0.0864923494384909
6.90836673346694,0.935540930928279,0.683817486094442,1.27992754095977,-0.0666303812285706,-0.380064230161157,0.246803467704016,0.858202530279103,0.592094788077322,1.24390823531666,-0.152915158073078,-0.524088541919692,0.218258225773537,-0.0862847768445072
7.0146492985972,0.934992711928479,0.683302769664417,1.2793909379128,-0.0672165444527281,-0.380817223838455,0.246384134932999,0.857939893321535,0.591889071494926,1.24357906912102,-0.153221236351905,-0.524436040887357,0.217993568183548,-0.0860046918991764
7.12093186372746,0.934463599687192,0.682919449103417,1.27866063894764,-0.0677826044907494,-0.381378363257493,0.245813154275995,0.857757731557435,0.59186171523123,1.24310849496172,-0.153433583518612,-0.524482260520758,0.217615093483535,-0.0856509790278625
7.22721442885772,0.933953846399642,0.682665774557288,1.27774061585313,-0.0683282569639323,-0.38174988829255,0.245093374364685,0.857657211091141,0.592011524727484,1.24250265579751,-0.153550780196698,-0.524229176842545,0.217127616449149,-0.0852225232327655
7.33349699398798,0.93346350049938,0.682538451100166,1.27663738996689,-0.0688534163905008,-0.38193641490168,0.244229582120679,0.857638829183579,0.592335401194926,1.24177005095349,-0.153572213123879,-0.523682248457919,0.216537822210162,-0.0847187967333778
7.43977955911824,0.932992022464302,0.682530357496263,1.27536321926427,-0.0693586285847435,-0.381948273064216,0.243231015894729,0.857701112544252,0.59282530835812,1.24092407676908,-0.15349959386144,-0.522855512999768,0.215856325276888,-0.0841409652766967
7.5460621242485,0.93253876947168,0.682633598433052,1.27393166489892,-0.0698445524874736,-0.381797022459427,0.24210791748448,0.85784225311763,0.593472249500417,1.2399793450383,-0.153335050572681,-0.521764823396396,0.215094722251033,-0.0834904980852079
7.65234468937876,0.932103100985832,0.682840144183393,1.2723566390585,-0.0703118470395043,-0.381494496317079,0.24087080223807,0.858060463737225,0.594267097655599,1.23895090664373,-0.153080711420901,-0.520426401333102,0.214264978491299,-0.0827688643813972
7.75862725450902,0.931684378637665,0.683141815078877,1.27065239198866,-0.0707611711816492,-0.38105280541722,0.239530463053922,0.85835397648365,0.595200566331327,1.23785424716004,-0.1527387045694,-0.518856843966183,0.213379434827383,-0.0819775333877505
7.86490981963928,0.931281966108705,0.683530267352364,1.26883349841801,-0.0711931838547213,-0.380484340912909,0.238097973203466,0.858721041088838,0.596263181898194,1.23670528182068,-0.152311158181475,-0.517073129018608,0.212450812655659,-0.0811179743267535
7.97119238476954,0.930895229019548,0.683996980654291,1.26691484307785,-0.071608543999534,-0.379801775617442,0.236584687618373,0.859159923384967,0.597445258025076,1.23552034941397,-0.151800200420426,-0.515092617741765,0.211492216900912,-0.0801916564208921
8.0774749498998,0.930523534822721,0.68453324758412,1.26491160497295,-0.0720079105569006,-0.379018063359998,0.235002242246196,0.859668903796778,0.598736872603356,1.23431620461554,-0.151207959449553,-0.512933055168165,0.210517136269059,-0.0792000488926521
8.18375751503006,0.93016625269992,0.685130165615901,1.26283924002095,-0.0723919424676345,-0.378146435975021,0.233362551039752,0.860246275876038,0.600127847667102,1.23311000820127,-0.150536563432154,-0.510612567019021,0.209539440154714,-0.0781446209645192
8.29004008016032,0.929822753463575,0.685778631833825,1.26071346164091,-0.0727612986725488,-0.377200397452992,0.231677800107894,0.860890344877012,0.601607732881253,1.23191931452242,-0.149788140531528,-0.508149652570651,0.208573371507595,-0.0770268418589792
8.39632264529058,0.929492409462748,0.686469340927812,1.25855021883595,-0.073116638112457,-0.376193714745452,0.229960438520538,0.861599426371883,0.60316579323261,1.23076205556317,-0.148964818910975,-0.505563172728277,0.207633534906327,-0.075848180798518
8.50260521042084,0.929174594493301,0.687192786928369,1.25636567128546,-0.0734586197281722,-0.375140404687944,0.2282231652316,0.862371844905135,0.604791001615251,1.22965652084585,-0.148068726733793,-0.502872332509158,0.206734879041571,-0.0746101070056211
8.6088877755511,0.928868683712342,0.68793926918107,1.25417616094017,-0.0737879024605079,-0.374054716484097,0.226478911563081,0.863205932686026,0.606472037048596,1.2286213324039,-0.147101992163283,-0.500096657104291,0.205892672777726,-0.0733140897027747
8.71517034068136,0.928574053556909,0.688698903070847,1.25199817960275,-0.0741051452502773,-0.372951109185988,0.224740818685433,0.864100028318322,0.608197289297305,1.22767541401312,-0.146066743362742,-0.497255960675302,0.205122473949818,-0.0719615981124642
8.82145290581163,0.928290081666871,0.689461636000935,1.24984833198162,-0.0744110070382937,-0.371844223614475,0.223022209537888,0.865052475566553,0.609954870671455,1.22683795386379,-0.144965108495469,-0.494370307057432,0.204440090066494,-0.0705541014571756
8.92773547094189,0.928016146812038,0.690217269106694,1.24774329372906,-0.0747061467653704,-0.370748848192679,0.221336554661939,0.866061622158142,0.611732635766213,1.22612835987689,-0.143799215724765,-0.491459961588214,0.203861530138684,-0.0690930689593948
9.03401803607215,0.927751628823446,0.690955485136407,1.24569976402262,-0.0749912233723207,-0.369679878220978,0.219697431476337,0.867125818620793,0.613518209845398,1.2255662069236,-0.142571193213928,-0.48854533337208,0.203402946944225,-0.0675799698416073
9.14030060120241,0.927495908528821,0.691665882855464,1.24373441232386,-0.0752668957999578,-0.368652268207106,0.21811847660719,0.868243417154625,0.615299026475947,1.22517117530627,-0.141283169126257,-0.485646907431082,0.203080569178568,-0.0660162733262992
9.24658316633267,0.92724836769218,0.692338018223546,1.24186381905464,-0.0755338229890952,-0.367680976984011,0.216613331005821,0.869412770538593,0.617062374874187,1.22496298000621,-0.139937271625051,-0.482785166387052,0.20291062313695,-0.0644034486359559
9.35286573146293,0.927008388957585,0.692961452454016,1.24010441007144,-0.0757926638805461,-0.366780905503794,0.215195577742701,0.870632231070791,0.618795457225309,1.22496129040474,-0.13853562887361,-0.479980501575027,0.202909243827807,-0.0627429649930635
9.45914829659319,0.926775355797007,0.693525806889755,1.2384723849926,-0.0760440774151238,-0.365966827389332,0.213878672559084,0.871900149542316,0.620485455982548,1.22518564044037,-0.137080369035232,-0.477253113802269,0.203092375731806,-0.0610362916201078
9.56543086172345,0.926548652462311,0.694020824421285,1.23698363964163,-0.0762887225336416,-0.365253312554787,0.212675867487504,0.873214874244415,0.622119610843697,1.22565532947532,-0.135573620273216,-0.474622904338512,0.20347566379208,-0.0592848977395744
9.67171342685371,0.926327663941342,0.69443643693505,1.23565368310776,-0.0765272581769127,-0.364654644467917,0.211600128114092,0.874574750008692,0.623685304745714,1.22638931450312,-0.134017510750862,-0.472109357142234,0.20407433564051,-0.0574902525739492
9.77799599198397,0.926111775918091,0.694762838019017,1.23449755018515,-0.0767603432857508,-0.364184731913458,0.210664045341957,0.875978117280229,0.625170157824562,1.22740609472461,-0.132414168631469,-0.469731413780429,0.204903076517491,-0.0556538253457179
9.88427855711423,0.92590037473696,0.694990559879642,1.23352971022586,-0.0769886368009685,-0.363857016416584,0.209879742814647,0.877423311223506,0.626562127873809,1.22872358993501,-0.130765722078335,-0.467507342964438,0.205975898807768,-0.0537770852773665
9.99056112224449,0.925692847371078,0.695110553152081,1.23276397371354,-0.0772127976633796,-0.363684376783952,0.209258781457193,0.878908660861064,0.627849615424252,1.23035901457805,-0.12907429925476,-0.465454607075421,0.207306008565901,-0.0518615015913806
10.0968436873748,0.925488581394696,0.69511426803067,1.23221339812029,-0.0774334848137975,-0.363679032499298,0.208812062871703,0.880432488244916,0.62902157118456,1.23232874970785,-0.127342028324043,-0.463589728458671,0.208905671810584,-0.0499085435102459
10.203126252505,0.925286964959634,0.694993734927184,1.23189019482875,-0.077651357193035,-0.363852447951236,0.208549733565166,0.88199310766074,0.630067603259309,1.23464821542474,-0.125571037449484,-0.46192815859271,0.210786083693743,-0.0479196802564486
10.3094088176353,0.925087386775771,0.694741642699058,1.23180563906736,-0.0778670737419059,-0.364215239652374,0.208481092168563,0.883588824864958,0.630978081325543,1.23733174658952,-0.12376345479438,-0.460484153453847,0.212957243865087,-0.045896381052474
10.4156913827655,0.92488923609558,0.694351412395979,1.23196998490101,-0.0780812934012233,-0.364777088711966,0.208614501909519,0.885217936354813,0.631744234829477,1.24039247474224,-0.121921408522031,-0.459270658470587,0.215427841426525,-0.0438401151208082
10.5219739478958,0.924691902702705,0.693817264465724,1.2323923873275,-0.0782946751118005,-0.365546660833164,0.208957310609563,0.88687872867165,0.632358242282093,1.24384221913781,-0.120047026795737,-0.458299206373907,0.218205152782433,-0.0417523516839367
10.6282565130261,0.924494776904553,0.693134277448359,1.23308083344281,-0.0785078778144507,-0.366531536010028,0.209515780381127,0.888569477737594,0.632813308898534,1.24769138964721,-0.118142437778796,-0.457579830988583,0.22129495543099,-0.0396345599643457
10.7345390781563,0.924297249528921,0.692298436374971,1.23404208445157,-0.0787215604499872,-0.36773814989529,0.210295028995316,0.890288448225897,0.633103730141804,1.25194890396072,-0.116209769634508,-0.457120999581139,0.224701460312123,-0.0374882091845207
10.8408216432866,0.924098711924632,0.691306669368758,1.23528163001888,-0.0789363819592235,-0.369171748502223,0.211298984583776,0.892033892965245,0.633224939184589,1.25662212107974,-0.114251150526171,-0.456929565799229,0.228427264746886,-0.0353147685669477
10.9471042084168,0.923898555966184,0.690156871310154,1.23680365609633,-0.0791530012829728,-0.370836357506004,0.212530354940058,0.89380405237835,0.633173536869591,1.2617167925205,-0.112268708617085,-0.457010744537199,0.232473327303029,-0.0331157073341123
11.0533867735471,0.923696174062406,0.688847913854584,1.23861102692929,-0.0793720773620483,-0.372734766942679,0.213990612218582,0.895597153955189,0.632947303393966,1.26723703201147,-0.110264572070549,-0.457368109286025,0.236838965144928,-0.0308924947085004
11.1596693386774,0.923490959169106,0.687379641556541,1.2407052814888,-0.0795942691372636,-0.374868531594246,0.215679993319719,0.897411411761297,0.632545191625359,1.27318530378837,-0.108240869049861,-0.458003611722781,0.241521873623059,-0.0286465999125974
11.2659519038076,0.92328230480572,0.685752854328599,1.24308664409712,-0.0798202355494316,-0.377237986827336,0.217597515728473,0.899245025981515,0.631967302630682,1.27956242892057,-0.106199727718321,-0.458917622517509,0.246518167080866,-0.0263794921688897
11.3722344689379,0.923069605075935,0.683969276920082,1.24575404856175,-0.0800506355393658,-0.379842279151881,0.219741008073149,0.901096182499664,0.631214844621083,1.28636760848502,-0.104143276239229,-0.46010899163278,0.251822439154323,-0.0240926406998628
11.4785170340681,0.922852254692301,0.682031516510338,1.24870517472304,-0.0802861280478794,-0.38267941031442,0.222107154218662,0.90296305251461,0.630290077050103,1.29359846187407,-0.102073642775882,-0.46157512580435,0.257427840252587,-0.0217875147280026
11.5847995991984,0.922629649004807,0.679943009853802,1.2519364959804,-0.080527372015786,-0.385746293362686,0.224691549331114,0.904843792193221,0.629196242018826,1.30125107811135,-0.0999929554915804,-0.463312080449629,0.263326169466469,-0.0194655834757944
11.6910821643287,0.922401184033422,0.677707961672221,1.25544333610436,-0.0807750263838985,-0.389038818831432,0.227488766063635,0.906736542360739,0.627937485425272,1.30932007777094,-0.0979033425496233,-0.46531466297008,0.269507977870834,-0.0171283161657248
11.7973647294589,0.922166256504594,0.675331276154865,1.25921993347852,-0.0810297500930304,-0.392551929013782,0.230492428827721,0.908639428229106,0.62651877044038,1.31779868295436,-0.0958069321133095,-0.467576544296139,0.27596268006952,-0.0147771820202791
11.9036472945892,0.921924263891684,0.672818483499116,1.26325951084449,-0.081292202083995,-0.396279698199102,0.233695294031112,0.9105505591638,0.624945785906024,1.32667879277161,-0.0937058523459382,-0.470090375558449,0.282678670866573,-0.0124136502619431
12.0099298597194,0.921674604459351,0.670175663407003,1.26755434864158,-0.0815630412976058,-0.400215416771838,0.237089334176626,0.912468028489758,0.623224852146577,1.33595106188122,-0.0916022314108083,-0.472847906936735,0.289643444115118,-0.0100391901132025
12.1162124248497,0.921416677311849,0.667409367359037,1.27209586012849,-0.0818429266746755,-0.404351677163966,0.240665823814614,0.914389913336955,0.621362826486291,1.34560497984797,-0.089498197471219,-0.475840106010402,0.296843711067964,-0.00765527079654348
12.22249498998,0.921149882445241,0.66452654132988,1.27687466663226,-0.082132517156018,-0.408680459820801,0.244415425508765,0.91631427452626,0.619367010495024,1.35562894935189,-0.0873958786904695,-0.479057273282759,0.30426551590182,-0.00526336153445148
12.3287775551102,0.920873620803519,0.661534450407717,1.28188067147393,-0.0824324716824462,-0.413193217557629,0.248328274192736,0.918239156496148,0.617245060670363,1.36601036160101,-0.0852974032318588,-0.482489152942995,0.311894346479278,-0.00286493154941253
12.4350601202405,0.920587294338606,0.658440606547803,1.28710313135305,-0.0827434491947738,-0.417880956934498,0.25239405854495,0.920162587270885,0.615004903929124,1.37673566764051,-0.0832048992586859,-0.486125037338916,0.319715238821544,-0.000461450063912072
12.5413426853707,0.920290306074238,0.655252700446506,1.29253072421844,-0.0830661086338137,-0.422734315541015,0.256602098273387,0.922082578470801,0.612654658946331,1.38779044459016,-0.08112049493425,-0.489953864034953,0.327712874166453,0.00194561369956366
12.647625250501,0.919982060173692,0.651978538279214,1.29815161289706,-0.0834011089403796,-0.427743634346925,0.260941416466165,0.92399712536526,0.610202564062041,1.39915945616456,-0.0790463184218502,-0.493964304705707,0.335871667862006,0.00435479051852933
12.7539078156313,0.91966196201137,0.64862598381492,1.3039535039841,-0.0837491090552844,-0.432899024525416,0.265400806414847,0.925904206968935,0.607656912187773,1.41082670712361,-0.0769844978847856,-0.498144845451868,0.344175849682297,0.00676461117049884
12.8601903807615,0.919329418248197,0.645202906210461,1.30992370170893,-0.0841107679193416,-0.438190428385275,0.269968892546592,0.927801786181996,0.605025992892754,1.42277549155659,-0.0749371614863551,-0.5024838584151,0.35260953544239,0.00917360643298649
12.9664729458918,0.918983836910823,0.641717133603541,1.31604915667578,-0.0844867444733645,-0.443607674249341,0.274634185302612,0.929687809974812,0.602318041639613,1.43498843511799,-0.0729064373898579,-0.506969664807601,0.361156790027885,0.0115803070835066
13.072755511022,0.918624627474613,0.638176412468847,1.32231650953421,-0.0848776976581662,-0.449140525286937,0.279385129970604,0.931560209617749,0.599541195970081,1.44744753150603,-0.0708944537585933,-0.511590589661008,0.369801682143821,0.0139832438995729
13.1790380761523,0.918251200950393,0.634588372576112,1.32871212976047,-0.0852842864145604,-0.454778722446358,0.284210149617237,0.933416900956648,0.596703458312136,1.46013417360781,-0.0689033387558601,-0.51633500874082,0.3785283312291,0.0163809476587002
13.2853206412826,0.917862969974933,0.63096049729218,1.33522214982831,-0.08570716968336,-0.460512021741038,0.289097682374318,0.935255784734536,0.593812664987195,1.47302917983111,-0.0669352205449575,-0.521191388171283,0.387320947081368,0.0187719491384025
13.3916032064128,0.917459348905148,0.627300098898463,1.34183249511922,-0.0861470064053786,-0.466330226222091,0.294036213411334,0.937074746960117,0.590876460935062,1.48611281620656,-0.0649922272891846,-0.526148317377506,0.396163862799137,0.021154779116194
13.4978857715431,0.917039753915975,0.623614298547903,1.34852890996962,-0.0866044555214293,-0.472223213023693,0.299014301980834,0.938871659323565,0.587902279640407,1.4993648148807,-0.0630764871518404,-0.531194535982522,0.405041561678841,0.0235279683695889
13.6041683366734,0.916603603101908,0.619910010458111,1.35529698028029,-0.0870801759723255,-0.478180955899872,0.304020603955221,0.940644379660106,0.584897327732549,1.51276438963444,-0.0611901282962241,-0.536318955303127,0.413938698710679,0.0258900476761013
13.7104509018036,0.916150316582167,0.616193929926391,1.36212215312454,-0.0875748266988804,-0.484193543685371,0.30904389028761,0.942390752461879,0.581868573735539,1.5262902490577,-0.0593352788856349,-0.541510675075312,0.422840117304043,0.0282395478132454
13.8167334669339,0.915679316609442,0.612472524754513,1.36898975378921,-0.0880890666419074,-0.490251195113037,0.314073061829222,0.94410860943849,0.578822740463741,1.53992060799435,-0.0575140670833714,-0.546758996012942,0.431730861846199,0.030574999558536
13.9230160320641,0.915190027682215,0.608752029683286,1.37588500067053,-0.0886235547422197,-0.496344270408907,0.319097160924467,0.945795770126683,0.575766300585468,1.5536331978442,-0.0557286210527332,-0.552053428766411,0.440596186660944,0.0328949336894865
14.0292985971944,0.914681876660588,0.605038443456472,1.38279301842665,-0.0891789499406307,-0.502463280066801,0.32410538018554,0.947450042549501,0.5727054749107,1.56740527627577,-0.0539810689570193,-0.557383699804901,0.449421561890862,0.0351978809836113
14.1355811623247,0.914154292885602,0.601337528158143,1.38969884976379,-0.0897559111779537,-0.508598891179265,0.329087068823358,0.949069223925249,0.569646232995922,1.58121363686525,-0.0522735389595287,-0.562739754699477,0.45819267678042,0.0374823722184249
14.2418637274549,0.913606708302,0.597654810495163,1.39658746620458,-0.0903550973950019,-0.514741931673284,0.33403173688328,0.950651101426563,0.566594295697576,1.59503461913763,-0.0506081592235604,-0.568111759236865,0.466895440789744,0.0397469381714415
14.3481462925852,0.913038557584386,0.593995584725628,1.40344377815677,-0.0909771675325887,-0.520883392768956,0.338929057703779,0.952193452989828,0.56355513934415,1.60884411944473,-0.0489870579124136,-0.573490098747043,0.475515982922216,0.0419901096201751
14.4544288577154,0.912449278266739,0.590364916963593,1.4102526445704,-0.0916227805315274,-0.527014429948599,0.343768868885545,0.95369404817513,0.560534001234199,1.62261760307499,-0.0474123631893874,-0.578865375982958,0.484040649604183,0.04421041734214
14.5607114228457,0.911838310875243,0.586767650619305,1.41699888244054,-0.0922925953326312,-0.533126362693565,0.348541172028302,0.955150649076888,0.557535886203043,1.63633011795003,-0.0458862032177809,-0.584228407848585,0.492456001413023,0.0464063921148503
14.666993987976,0.911205099064365,0.583208412761857,1.42366727638398,-0.0929872708767135,-0.539210673217078,0.353236131463651,0.956561011285255,0.554565574033791,1.64995631022584,-0.044410706160893,-0.589570221232705,0.500748808910919,0.0485765647158205
14.7732765531062,0.910549089756146,0.579691621217194,1.43024258849017,-0.0937074661045874,-0.545259004394184,0.357844072185009,0.957922884898317,0.551627627518617,1.66347044207996,-0.042988000182023,-0.594882048170383,0.508906047806337,0.0507194659225643
14.8795591182365,0.909869733282645,0.576221492238483,1.43670956862053,-0.0944538399570666,-0.551263157064678,0.362355477150545,0.959234015585052,0.548726401003557,1.67684641193246,-0.04162021344447,-0.600155320522405,0.516914893633465,0.0528336265125966
14.9858416833667,0.909166483531477,0.572802048607845,1.44305296530615,-0.095227051374964,-0.55721508686192,0.366760984111992,0.960492145698958,0.545866049274623,1.6900577773161,-0.0403094741115329,-0.605381664334663,0.524762716111597,0.0549175772634312
15.092124248497,0.908438798094387,0.569437128048314,1.44925753737146,-0.096027759299093,-0.563106900699687,0.371051382101501,0.961695015442179,0.543050536664784,1.70307778058091,-0.0390579103465109,-0.610552894014642,0.532437073321621,0.0569698489525822
15.1984068136273,0.907686138418802,0.566130391842642,1.4553080663909,-0.0968566226702671,-0.568930853030747,0.375217607690213,0.962840364079907,0.540283646280467,1.71587937758953,-0.0378676503127032,-0.615661006440527,0.539925705815121,0.058988972357564
15.3046893787575,0.90690796996229,0.562885333571308,1.46118937006719,-0.0977143004292993,-0.574679341974517,0.379250741115918,0.963925931204726,0.537568989262892,1.72843526953246,-0.0367408221734086,-0.620698175099739,0.547216530752922,0.0609734782558907
15.4109719438878,0.906103762349865,0.559705287895916,1.4668863166025,-0.0986014515170032,-0.580344905396889,0.383142002362883,0.964949458050547,0.534910014013984,1.74071793796648,-0.0356795540919265,-0.625656744337721,0.554297636153868,0.0629218974250766
15.517254509018,0.905272989534065,0.556593439326208,1.47238384011861,-0.0995187348741919,-0.585920217012981,0.386882747264597,0.965908688855634,0.532310015328923,1.7526996831542,-0.0346859742315559,-0.630529223784255,0.561157275321143,0.064832760642636
15.6235370741483,0.904415129957736,0.553552830919346,1.47766695716826,-0.100466809441679,-0.591398082572954,0.390464463689597,0.9668013722742,0.52977214338794,1.76435266575882,-0.0337622107555957,-0.635308283013229,0.567783861502038,0.066704598686083
15.7298196392786,0.90352966671943,0.550586372869027,1.48272078436696,-0.101446334160277,-0.59677143618211,0.393878767861556,0.967625262835932,0.527299412568779,1.77564895192478,-0.0329103918273453,-0.639986746482405,0.574165962827715,0.0685359423329318
15.8361022044088,0.902616087741371,0.547696850949587,1.48753055716314,-0.1024579679708,-0.602033336798936,0.397117400857336,0.96837812245272,0.52489471004865,1.78656056175178,-0.0321326456101035,-0.644557588792098,0.580292297571891,0.0703253223606966
15.9423847695391,0.90167388593987,0.544886934786604,1.4920816497542,-0.103502369814061,-0.607176964948658,0.400172225320536,0.969057721971791,0.522560804170525,1.79705952114754,-0.0314311002671695,-0.649013930295593,0.586151729761254,0.0720712695468916
16.0486673346693,0.900702559398139,0.542159185930793,1.49635959614621,-0.104580198630873,-0.612195619684857,0.40303522242311,0.969661842774341,0.520300352553537,1.80711791702233,-0.0308078839618424,-0.653349033089459,0.591733265165774,0.073772314669031
16.1549498997996,0.899701611541396,0.539516065716267,1.50035011234658,-0.105692113362051,-0.617082715827856,0.405698489103754,0.970188278418663,0.518115909931098,1.81670795576639,-0.0302651248574214,-0.657556297408412,0.597026047693569,0.0754269885046291
16.2612324649299,0.898670551314182,0.536959942887675,1.50403911967094,-0.106838772948406,-0.621831781505701,0.408154235608889,0.970634836326687,0.516009935703255,1.82580202492987,-0.0298049511172053,-0.661629258447088,0.602019356212677,0.0770338218312003
16.3675150300601,0.897608893359796,0.534493100983337,1.50741276913828,-0.108020836330752,-0.626436456021597,0.410394783360094,0.97099933951274,0.513984801191918,1.83437275800326,-0.0294294909044934,-0.665561583629693,0.606702601820706,0.0785913454262585
16.4737975951904,0.896516158201751,0.532117745463384,1.51045746692192,-0.109238962449903,-0.630890488070499,0.412412563170694,0.971279628353214,0.512042796588924,1.84239310217525,-0.0291408723825848,-0.669347070348092,0.611065325582923,0.0800980900673178
16.5800801603206,0.895391872427156,0.529836010573191,1.51315990081776,-0.110493810246671,-0.635187734327209,0.414200113833867,0.971473562395775,0.510186137587543,1.84983638892383,-0.0289412237147787,-0.672979644189333,0.615097196759775,0.0815525865318926
16.6863627254509,0.894235568871927,0.527649965932968,1.51550706768602,-0.111786038661871,-0.639322158428731,0.415750081104989,0.971579022206586,0.508416971688013,1.85667640727612,-0.0288326730643739,-0.676453357674824,0.618788011546077,0.0829533655974972
16.7926452905812,0.893046787384352,0.525561620791538,1.51748630970497,-0.113116305990612,-0.643287834280821,0.417055222299597,0.971593913148438,0.506737382291521,1.86288749371173,-0.0288173466448035,-0.679762393236742,0.622127699947135,0.0842989593458088
16.8989278557114,0.8918252837694,0.523572186300778,1.51908821282088,-0.11448503580088,-0.647080366485701,0.418110294883941,0.971516854033284,0.505148714037788,1.86844976824018,-0.0288966618506026,-0.682902409815313,0.625109086114108,0.0855883739502776
17.0052104208417,0.890571338364262,0.521680979182575,1.5203109570118,-0.115892069001505,-0.650699028919626,0.418914890916615,0.971348199031491,0.503650565247656,1.87335702343106,-0.0290702765872001,-0.685872574291574,0.627732021117173,0.0868217924143052
17.1114929859719,0.889285313279718,0.519887001216313,1.52115434039475,-0.117337157635082,-0.654143796374137,0.419469481103973,0.971088588647885,0.50224222725859,1.87760605504923,-0.0293375804055776,-0.688672751248379,0.629997590437223,0.0879995772295041
17.2177755511022,0.887967572826325,0.518189228170561,1.52161868199149,-0.118820053744203,-0.657414798081834,0.419774690593427,0.970738688414774,0.500922949376124,1.88119470740733,-0.0296979628567168,-0.691302983385161,0.631907057671727,0.0891220908874866
17.3240581162325,0.886618483408595,0.516586615120839,1.52170480634284,-0.120340509371464,-0.660512308216955,0.419831289474026,0.970299188304883,0.499691944849107,1.88412185653586,-0.0301508134915995,-0.693763480735677,0.633461853752478,0.090189695879865
17.4303406813627,0.885238413419822,0.51507810094623,1.5214140285802,-0.121898276559459,-0.663436737493675,0.419640184374757,0.969770802137238,0.498548395937507,1.88638739256076,-0.0306955218612069,-0.696054611168119,0.634663567445705,0.0912027546982519
17.536623246493,0.883827733137619,0.513662612089112,1.52074813988538,-0.12349310735078,-0.666188625763402,0.419202411061841,0.969154266976551,0.49749145816348,1.88799220124541,-0.0313314775165211,-0.698176892051532,0.635513937018489,0.0921616298342593
17.6429058116233,0.882386814620167,0.512339065651322,1.51970939328178,-0.125124753788023,-0.668768635524949,0.418519127948902,0.968450342526653,0.496520263824391,1.88893814467098,-0.0320580700085236,-0.700130982987575,0.636014842970528,0.0930666837794998
17.7491883767535,0.880916031603229,0.511106371890358,1.51830048971107,-0.126792967913782,-0.671177546272589,0.417591610445026,0.967659810518533,0.495633924835858,1.88922804104433,-0.0328746888881958,-0.70191767952013,0.636168301743738,0.0939182790255858
17.8554709418838,0.879415759397933,0.509963436170609,1.51652456435859,-0.128497501770649,-0.673416249617008,0.41642124607571,0.966783474093516,0.494831534963463,1.88886564363636,-0.0337807237065198,-0.70353790774715,0.63597646033411,0.0947167780641294
17.961753507014,0.877886374789375,0.508909160416933,1.51438517319954,-0.13023810740122,-0.675485745123077,0.415009530320637,0.965822157182113,0.494112171493378,1.88785561886611,-0.0347755640144768,-0.704992719769845,0.635441591740891,0.0954625433867434
18.0680360721443,0.876328255936048,0.507942444111091,1.51188627974542,-0.132014536848088,-0.677387136816385,0.413358063120209,0.964776703879082,0.493474896384701,1.88620352355707,-0.0358585993630486,-0.706283289923824,0.634566091197727,0.0961559374850396
18.1743186372746,0.874741782270136,0.507062184865371,1.50903224197697,-0.133826542153848,-0.679121630317747,0.411468546010052,0.963647977815225,0.492918756939509,1.88391578140195,-0.037029219303217,-0.707410911745491,0.633352473139057,0.0967973228506309
18.2806012024048,0.873127334398693,0.506267278602246,1.50582779945594,-0.135673875361093,-0.680690530571485,0.409342779849299,0.962436861526433,0.492442786020634,1.88099965868124,-0.0382868133859634,-0.70837699563479,0.631803368862863,0.0973870619751293
18.3868837675351,0.871485294005734,0.505556619363877,1.50227806061346,-0.137556288512417,-0.682095240139334,0.4069826631145,0.961144255820487,0.492046001841599,1.87746323928897,-0.0396307711622695,-0.709183067182604,0.629921524858065,0.0979255173501474
18.4931663326653,0.869816043755251,0.504929098770713,1.49838849021771,-0.139473533650415,-0.683337258037402,0.404390190736573,0.959771079142138,0.491727407348139,1.87331539912618,-0.0410604821831171,-0.709830766137712,0.627709801771478,0.0984130514672975
18.5994488977956,0.868119967195198,0.50438360514424,1.49416489702807,-0.141425362817679,-0.684418179098772,0.401567453463413,0.958318266936938,0.491485989206082,1.86856577992896,-0.0425753359994877,-0.710321845994345,0.625171173995369,0.0988500268181916
18.7057314629259,0.866397448662437,0.503919022305048,1.48961342164689,-0.143411528056806,-0.685339693849247,0.398516637735636,0.95678677101433,0.491320716406041,1.86322476260391,-0.0441747221623629,-0.710658174187172,0.622308729862446,0.0992368058944429
18.8120140280561,0.864648873188697,0.503534228053741,1.48474052458395,-0.145431781410387,-0.68610358888831,0.395240026067535,0.955177558910466,0.491230538491342,1.85730344014888,-0.0458580302227243,-0.710841732886025,0.619125672440576,0.099573751187663
18.9182965931864,0.862874626407546,0.503228092338815,1.47955297455188,-0.147485874921018,-0.686711747771814,0.391739997929777,0.953491613251223,0.491214383411739,1.85081359024125,-0.0476246497315539,-0.710874620387897,0.615625320924789,0.0998612251894643
19.0245791583166,0.861075094462395,0.502999475112332,1.47405783701432,-0.149573560631293,-0.687166152397192,0.388019031134607,0.951729931115894,0.491271155001864,1.84376764758034,-0.0494739702398329,-0.71075905310885,0.611811112629185,0.10009959039146
19.1308617234469,0.85925066391557,0.50284722387112,1.46826246301119,-0.151694590583804,-0.687468884896149,0.384079703728541,0.949893523401985,0.491399730079773,1.83617867607408,-0.0514053812985432,-0.710497368183421,0.607686605586335,0.100289209285261
19.2371442885772,0.857401721658453,0.502770170878135,1.46217447828874,-0.153848716821147,-0.687622130043931,0.379924696401636,0.94798341419158,0.491598955157519,1.82806034096303,-0.0534182724586664,-0.710092026684056,0.603255481766723,0.100430444362481
19.3434268537074,0.855528654822712,0.502767130055672,1.45580177276449,-0.156035691385916,-0.687628178198407,0.375556795426576,0.946000640119701,0.49186764275231,1.8194268809781,-0.055512033271184,-0.709545617477995,0.598521550935627,0.100523658114732
19.4497094188377,0.853631850692646,0.502836893539086,1.4491524903598,-0.158255266320703,-0.687489428786333,0.370978896144926,0.94394624974508,0.492204567283393,1.81029308063039,-0.0576860532870779,-0.708860861743991,0.593488755169835,0.100569213033626
19.5559919839679,0.851711696618647,0.502978227876789,1.44223501923569,-0.160507193668105,-0.687208394358388,0.366194007022178,0.941821302923766,0.49260846053649,1.80067424273423,-0.0599397220573295,-0.708040618176263,0.588161174061604,0.100567471610775
19.6622745490982,0.849768579931809,0.503189869859217,1.43505798246963,-0.162791225470713,-0.686787705238894,0.361205254297468,0.939626870185968,0.493078006674171,1.79058616126617,-0.0622724291329204,-0.707087888908248,0.582543030642408,0.100518796337793
19.7685571142285,0.847802887859681,0.503470521956505,1.42763022921391,-0.165107113771123,-0.686230114800567,0.356015887258321,0.937364032116521,0.493611836767152,1.78004509466458,-0.0646835640648325,-0.70600582619398,0.576638698064314,0.100423549706291
19.8748396793587,0.845815007443194,0.50381884734147,1.41996082637865,-0.167454610611929,-0.685538505399205,0.350629284175348,0.935033878739357,0.494208522817989,1.76906773967627,-0.0671725164040473,-0.704797739890397,0.570452707082302,0.100282094207881
19.981122244489,0.843805325454766,0.504233464471373,1.41205905088484,-0.169833468035723,-0.684715895008008,0.345048958936562,0.932637508906359,0.494866571245127,1.75767120585764,-0.0697386757015464,-0.703467105789544,0.563989754386451,0.100094792334177
20.0874048096192,0.841774228317592,0.504712941198696,1.40393438253592,-0.172243438085101,-0.683765444596127,0.339278568425925,0.930176029690948,0.495584415791636,1.74587299083955,-0.0723814315083116,-0.702017574855464,0.55725471183884,0.0998620065767897
20.1936873747495,0.839722102026144,0.50525578837787,1.39559649755829,-0.174684272802657,-0.682690466301151,0.333321920695838,0.927650555786753,0.496360409819335,1.73369095646587,-0.0751001733753243,-0.700452983426662,0.550252636676013,0.0995840994273324
20.2999699398798,0.837649332067883,0.505860452931538,1.38705526286462,-0.177155724230984,-0.681494432450552,0.327182983988585,0.925062208911705,0.497192817945319,1.72114330591702,-0.0778942908535665,-0.698777364451281,0.542988782744149,0.0992614333774173
20.40625250501,0.83555630334619,0.506525310336497,1.37832073109585,-0.179657544412676,-0.680180985492559,0.320865896667207,0.922412117217876,0.49807980697426,1.70824856193043,-0.0807631734940193,-0.696994959828546,0.535468612840507,0.0988943709186565
20.5125350701403,0.833443400104532,0.507248656486087,1.36940313650068,-0.182189485390328,-0.678753948902515,0.31437497812186,0.919701414707375,0.499019436076228,1.6950255462305,-0.0837062108476648,-0.69511023393659,0.527697812241261,0.0984832745426628
20.6188176352705,0.831311005851871,0.508028698882369,1.36031289171414,-0.184751299206533,-0.677217339136442,0.307714740723376,0.91693124065461,0.500009646156317,1.6814933602812,-0.0867227924654845,-0.693127888433406,0.519682303502437,0.0980285067410483
20.7251002004008,0.829159503289315,0.508863547108146,1.35106058549891,-0.187342737903885,-0.675575378709202,0.300889902901431,0.914102739035194,0.501048248359144,1.6676713674742,-0.0898123078984601,-0.691052878424148,0.511428262627228,0.0975304300054253
20.8313827655311,0.826989274238031,0.509751202525822,1.34165698151561,-0.189963553524979,-0.67383251048019,0.293905403430231,0.911217057961794,0.502132911648397,1.65357917686533,-0.092974146697573,-0.688890430094439,0.502942136699293,0.0969894068274063
20.9376653306613,0.82480069956842,0.510689547147262,1.33211301819026,-0.192613498112409,-0.67199341323477,0.286766417009953,0.90827534912716,0.503261149399307,1.63923662857096,-0.0962076984138052,-0.686646059915187,0.494230663087577,0.0964057996986034
21.0439478957916,0.822594159130554,0.511676331616564,1.32243980974828,-0.195292323708768,-0.670063018654453,0.279478371236918,0.905278767254626,0.504430304940344,1.62466378093397,-0.0995123525981381,-0.68432559552975,0.485300890333474,0.0957799711106295
21.1502304609219,0.820370031685894,0.512709162246003,1.31264864848543,-0.19799978235665,-0.668046529772867,0.272046965059567,0.902228469556292,0.50563753597995,1.6098808995663,-0.102887498801553,-0.681935198438503,0.476160200835396,0.0951122835550966
21.2565130260521,0.818128694840277,0.513785487044794,1.30275100834582,-0.200735626098649,-0.665949441017483,0.264478188820184,0.899125615199144,0.506879797855032,1.59490844837034,-0.106332526575033,-0.679481388598625,0.466816335448559,0.0944030995236169
21.3627955911824,0.815870524978198,0.514902580680948,1.29275854987539,-0.203499606977361,-0.663777559938429,0.256778345983708,0.895971364779319,0.508153825540713,1.57976708263549,-0.109846825469558,-0.676971071057689,0.457277420118573,0.0936527815078031
21.4690781563126,0.813595897198361,0.516057528318901,1.28268312661637,-0.206291477035377,-0.661537030724892,0.248954076654137,0.892766879804731,0.50945611436607,1.56447764429728,-0.11342978503611,-0.674411564737564,0.447551994665345,0.0928616919992674
21.5753607214429,0.811305185250534,0.517247208280254,1.27253679300241,-0.209110988315293,-0.659234359605939,0.241012382975352,0.889513322186251,0.510782899388936,1.54906115943466,-0.117080794825671,-0.671810633479428,0.437649043828086,0.0920301934896221
21.6816432865732,0.808998761473678,0.518468273482562,1.26233181380568,-0.211957892859703,-0.656876442225062,0.232960656505656,0.886211853737629,0.512130133395148,1.53353883806542,-0.120799244389223,-0.669176519450137,0.427578030671691,0.0911586484704797
21.7879258517034,0.806676996735383,0.519717131622464,1.25208067517528,-0.2148319427112,-0.654470593065291,0.224806707642892,0.882863635684337,0.513493463504993,1.51793207627888,-0.124584523277747,-0.666517978993484,0.41734893243799,0.0902474194334526
21.8942084168337,0.804340260372587,0.520989924085507,1.24179609728893,-0.217732889912378,-0.652024576982947,0.216558797158191,0.879469828181486,0.514868206393114,1.50226246071798,-0.128436021042225,-0.663844320985214,0.406972278900764,0.089296868870153
22.0004909819639,0.801988920133589,0.52228250358705,1.2314910486176,-0.220660486505832,-0.64954664288128,0.208225669869616,0.87603158984098,0.516249322159441,1.48655177538867,-0.132353127233639,-0.661165447716102,0.396459193248825,0.0883073592721933
22.1067735470942,0.799623342121359,0.523590410577901,1.22117876177222,-0.223614484534155,-0.647045559518416,0.199816590450106,0.872550077268047,0.517631386929342,1.4708220107302,-0.136335231402969,-0.658491898280495,0.385821435474557,0.087279253131186
22.2130561122245,0.797243890738137,0.52490884848662,1.21087275086292,-0.226594636039942,-0.644530653394793,0.191341381314909,0.869026444607271,0.519008564313193,1.45509537482512,-0.140381723101199,-0.655834894385553,0.375071448183155,0.0862129129387433
22.3193386773547,0.794850928631325,0.526232657919458,1.200586830251,-0.229600693065786,-0.642011848600832,0.18281046246926,0.865461843098249,0.520374575921173,1.43939430655905,-0.144491991879309,-0.653206388415833,0.364222404657215,0.0851087011864776
22.425621242485,0.792444816640665,0.527556290000923,1.19033513451154,-0.232632407654282,-0.639499708422895,0.174234893114331,0.861857420640991,0.521722671210663,1.42374149045559,-0.148665427288281,-0.650619113484992,0.353288258908431,0.0839669803660014
22.5319038076152,0.790025913746712,0.52887377911512,1.18013213934637,-0.235689531848023,-0.637005478400973,0.165626414704927,0.858214321371142,0.523045597043837,1.40815987280895,-0.152901418879096,-0.648086635077262,0.34228379731907,0.0827881129689268
22.6381863727455,0.787594577020578,0.530178715402842,1.16999268309159,-0.238771817689604,-0.634541130401447,0.156997495022239,0.854533685245134,0.524335567454483,1.39267267861248,-0.157199356202737,-0.645623403721549,0.331224691316074,0.0815724614868665
22.7444689378758,0.785151161574975,0.531464217484203,1.1599319883485,-0.241879017221618,-0.632119407108612,0.148361372665376,0.850816647635336,0.525584234268217,1.3773034286337,-0.161558628810185,-0.643244807946134,0.320127550325763,0.0803203884114325
22.850751503006,0.782696020516519,0.532722906013572,1.14996568312906,-0.24501088248666,-0.629753866145895,0.139732101172576,0.847064338935279,0.526782659391216,1.36207595581273,-0.165978626252422,-0.640967226527949,0.309009974023105,0.0790322562342376
22.9570340681363,0.780229504899319,0.53394687883429,1.1401098207456,-0.248167165527323,-0.627458922808599,0.131124591753953,0.843277884174996,0.527921289780384,1.34701441996114,-0.170458738080429,-0.638808078773905,0.297890602613047,0.0777084274468938
23.0633166332665,0.777751963679826,0.535127688685795,1.13038089748893,-0.251347618386201,-0.625249890122652,0.122554653350249,0.839458402646559,0.528989936332452,1.33214331951116,-0.174998353845188,-0.63678587125101,0.286789163560635,0.0763492645410134
23.1695991983968,0.775263743672956,0.536256324624296,1.12079586692967,-0.25455199310589,-0.62314301463828,0.114039028426501,0.835607007539813,0.52997775817833,1.31748749881442,-0.179596863097681,-0.634920239017819,0.275726512822458,0.0749551300082091
23.2758817635271,0.772765189509463,0.537323198546823,1.11137214944863,-0.257780041728981,-0.621155506026767,0.105595422568804,0.831724805588373,0.530873254136657,1.30307214921953,-0.184253655388888,-0.63323197900651,0.264724668228734,0.073526386340093
23.3821643286573,0.770256643594566,0.538318138450681,1.10212763535911,-0.26103151629807,-0.619305558180053,0.0972425255839121,0.827812896725888,0.531664263357287,1.28892280187956,-0.188968120269793,-0.63174307277264,0.253806832233054,0.0720633960282777
23.4884468937876,0.767738446067826,0.539230390305192,1.09308067973884,-0.264306168855751,-0.617612359130336,0.0890000214188333,0.823872373752577,0.532337977456237,1.27506530996749,-0.193739647291376,-0.630476695385179,0.242997400802428,0.0705665215643754
23.5947294589178,0.76521093476426,0.540048630643718,1.08425008685763,-0.267603751444617,-0.616096086731057,0.0808885838418223,0.819904322012071,0.532880966686782,1.26152581773334,-0.198567626004619,-0.629457206799175,0.232321954789937,0.0690361254399985
23.7010120240481,0.762674445176686,0.540760992178453,1.07565508189173,-0.270924016107263,-0.6147778867024,0.0729298544878734,0.815909819078518,0.533279222877531,1.24833071364872,-0.203451445960504,-0.628710121674124,0.221807229753116,0.0674725701467592
23.8072945891784,0.760129310419295,0.541355104868286,1.06731526748804,-0.274266714886282,-0.613679829384614,0.0651463996120494,0.811889934453978,0.533518221959931,1.23550656479206,-0.208390496710012,-0.628262053322338,0.211481059902313,0.0658762181762702
23.9135771543086,0.757575861192439,0.541818154893918,1.05925056271663,-0.277631599824269,-0.612824841413547,0.0575616417650095,0.807845729276049,0.53358300885951,1.22308002967423,-0.213384167804125,-0.628140627354891,0.20137229174664,0.0642474320201436
24.0198597194389,0.755014425748632,0.542136963871075,1.05148112207324,-0.281018422963817,-0.612236608596835,0.0501997626692002,0.803778256035735,0.533458307286194,1.21107774694236,-0.218431848793826,-0.628374360710847,0.191510663123195,0.0625865741699918
24.1261422845691,0.752445329859744,0.542298090315413,1.04402723251052,-0.284426936347521,-0.611939446595475,0.0430855739004323,0.799688558305486,0.533128656476147,1.19952619788188,-0.223532929230094,-0.628992502187808,0.18192664372762,0.0608940071174272
24.2324248496994,0.749868896785392,0.542287954816509,1.0369091870322,-0.287856892017975,-0.6119581366735,0.0362443526375511,0.795577670477396,0.532578576162036,1.18845154141099,-0.228686798663912,-0.630024831416918,0.172651234089094,0.0591700933540622
24.3387074148297,0.747285447242515,0.542092989547022,1.030147134216,-0.291308042017772,-0.61231772482857,0.0297016407930265,0.791446617511484,0.531792759945307,1.1778794213648,-0.233892846646263,-0.631501414509392,0.163715721216867,0.057415195371509
24.4449899799599,0.744695299376116,0.541699811608526,1.0237609041549,-0.294780138389506,-0.613043284096586,0.0234830073175742,0.787296414694028,0.530756295802193,1.1678347473076,-0.239150462728126,-0.633452316383034,0.155151390926783,0.0556296756613804
24.5512725450902,0.74209876873117,0.541095418308986,1.01776981271322,-0.298272933175772,-0.614159641733949,0.0176137753824046,0.78312806740586,0.529454910701502,1.15834145186463,-0.244459036460484,-0.635907272049051,0.146989199128084,0.0538138967152884
24.6575551102204,0.739496168225689,0.540267400829123,1.01219244763102,-0.301786178419164,-0.615691075267703,0.0121187184293763,0.778942570900583,0.527875234321815,1.14942222955531,-0.249817957394318,-0.638895321831722,0.139259407043086,0.0519682210248452
24.7638376753507,0.736887808124924,0.53920417096435,1.00704644178106,-0.305319626162275,-0.61766098394595,0.00702173162140057,0.774740910092609,0.526005074759399,1.14109826420529,-0.255226615080611,-0.64244441845941,0.131991188298187,0.0500930110816635
24.870120240481,0.734273996016702,0.537895193872797,1.00234824063856,-0.308873028447699,-0.620091544725573,0.00234548783017378,0.770524059354952,0.523833697102006,1.13338895403138,-0.260684399070344,-0.646581016976964,0.125212218836276,0.0481886293773555
24.9764028056112,0.731655036787883,0.536331218206987,0.998112872576592,-0.312446137318032,-0.623003364344347,-0.00188891029171654,0.766292982326682,0.521352094037267,1.12631164519912,-0.266190698914498,-0.651329661187484,0.118948263358488,0.0462554384035335
25.0826853707415,0.729031232601931,0.534504493868467,0.994353731738468,-0.316038704815866,-0.626415140940655,-0.00566226869107579,0.762048631729955,0.518553236515943,1.11988138580182,-0.271744904164055,-0.656712582492642,0.113222774164531,0.0442938006518102
25.1889679358718,0.726402882877579,0.532408967105834,0.991082383757011,-0.319650482983795,-0.630343349804683,-0.00895761616290655,0.757791949196511,0.515432292130886,1.11411071256906,-0.277346404369997,-0.662749328223507,0.108056519483512,0.0423040786137975
25.295250501002,0.723770284268582,0.530040442938408,0.988308404328868,-0.323281223864414,-0.634801967916275,-0.0117604798125523,0.753523865103548,0.511986799472671,1.10900948201282,-0.282994589083305,-0.669456436554938,0.103467258388327,0.0402866347811082
25.4015330661323,0.721133730644551,0.527396706011705,0.986039259528075,-0.326930679500316,-0.63980225079405,-0.0140591082065824,0.749245298418856,0.508216788351623,1.10458475609106,-0.288688847854962,-0.676847173711327,0.0994694780014031,0.0382418316453544
25.5078156312625,0.718493513072842,0.524477592950031,0.984280234783904,-0.330598601934097,-0.645352572839981,-0.0158446310282126,0.744957156555106,0.504124838371648,1.10084074987304,-0.294428570235948,-0.684931346400313,0.0960742059284172,0.0361700316981485
25.6140981963928,0.715849919801505,0.521285011921487,0.983034416798085,-0.334284743208348,-0.651458338970941,-0.0171111474457553,0.740660335233179,0.499716071704708,1.09777884532777,-0.300213145777245,-0.693715198442145,0.0932889068876548,0.0340715974311029
25.7203807615231,0.713203236243266,0.517822908221269,0.982302729585911,-0.337988855365666,-0.6581219711963,-0.0178557395350313,0.736355718354403,0.494998079728478,1.0953976715438,-0.306041964029836,-0.70320139575738,0.0911174676977086,0.03194689133583
25.8266633266533,0.710553744960535,0.514097177890461,0.982084022614527,-0.341710690448642,-0.665342969353249,-0.0180784115440361,0.732044177881588,0.489980787063239,1.09369324781538,-0.3119144145447,-0.713389098721222,0.0895602696318209,0.0297962759039421
25.9329458917836,0.707901725651434,0.510115534380268,0.982375206018943,-0.345450000499873,-0.673118040919099,-0.0177819600806476,0.727726573728731,0.484676260075436,1.09265918249954,-0.317829886872821,-0.724274115924405,0.0886143421787623,0.0276201136270515
26.0392284569138,0.705247455136823,0.505887335743281,0.983171425404813,-0.349206537561951,-0.681441291120172,-0.01697178400373,0.723403753659246,0.479098469755556,1.09228691770877,-0.32378777056518,-0.735849129096166,0.0882735879658057,0.0254187669967709
26.1455110220441,0.702591207348305,0.501423381564124,0.984466267016352,-0.352980053677471,-0.690304461788119,-0.0156556455668226,0.719076553192598,0.473263020783816,1.09256600799905,-0.329787455172759,-0.748103975729058,0.0885290653835408,0.0231925985047121
26.2517935871744,0.699933253317225,0.496735689723536,0.986251983166134,-0.356770300889026,-0.699697205768815,-0.0138433960092367,0.714745795519205,0.46718685946057,1.09348442035001,-0.335828330246538,-0.761025974018269,0.0893693135251925,0.0209419706424878
26.3580761523046,0.697273861164609,0.491837263130594,0.988519727783024,-0.360577031239211,-0.709607383199693,-0.0115466792787292,0.710412291423459,0.460887973029361,1.09502884288408,-0.341909785337501,-0.774600274129965,0.0907807034549639,0.0186672459017103
26.4643587174349,0.694613296092068,0.486741855865132,0.991259792627278,-0.36439999677062,-0.720021366528494,-0.00877862701274449,0.706076839214728,0.454385091904471,1.09718499078811,-0.348031209996627,-0.788810220422223,0.0927478004289682,0.0163687867739922
26.5706412825651,0.691951820373627,0.481463746922366,0.994461835972004,-0.368238949525846,-0.730924342536242,-0.00555355651544885,0.701740224666196,0.447697404653762,1.09993789956277,-0.3541919937749,-0.803637710817551,0.0952537232677508,0.0140469557509455
26.6769238476954,0.689289693348478,0.476017528151707,0.998115097150408,-0.372093641547483,-0.742300601580574,-0.00188668151439328,0.697403220961393,0.440844293536145,1.10327219777758,-0.360391526223301,-0.819063541763013,0.0982804893164112,0.0117021153241826
26.7832064128257,0.68662717141464,0.470417911235577,1.00220859211454,-0.375963824878127,-0.754133806516372,0.00220615676011838,0.693066588648264,0.433845096197481,1.10717235370547,-0.366629196892811,-0.835067729797226,0.101809336011604,0.00933462798531609
26.8894889779559,0.683964508023515,0.464679556836742,1.00673128686874,-0.37984925156037,-0.76640723603289,0.00670873291215006,0.688731075600632,0.426718896997675,1.11162289234308,-0.372904395334411,-0.851629803390368,0.105821012721545,0.00694485622595831
26.9957715430862,0.681301953675318,0.458816927485305,1.01167224719858,-0.383749673636806,-0.779103999278268,0.0116046520046553,0.68439741698689,0.419484349529038,1.116608581236,-0.379216511099085,-0.868729061210535,0.110296039012365,0.00453316253772151
27.1020541082164,0.678639755915378,0.452844164461605,1.01702076443105,-0.387664843150031,-0.79220722049439,0.0168775341943287,0.680066335245789,0.412159530286698,1.12211458512904,-0.385564933737813,-0.886344795145105,0.11521492766948,0.00209990941221821
27.2083366733467,0.675978159331288,0.446774987897166,1.02276645799628,-0.391594512142637,-0.805700193888603,0.0225111696033295,0.675738540069145,0.404761822207295,1.12812659070629,-0.391949052801576,-0.904456478185621,0.120558372582468,-0.000354540658939584
27.314619238477,0.673317405550894,0.440622618564774,1.02889935631196,-0.395538432657218,-0.8195665101059,0.0284896447914629,0.671414728391324,0.397307825900934,1.13463090357852,-0.398368257841358,-0.92304391864369,0.126307402960975,-0.00282982518413921
27.4209018036072,0.670657733241107,0.434399719337652,1.03540995800343,-0.39949635673637,-0.833790156454581,0.0347974429818415,0.667095584385339,0.389813295831892,1.14161452024543,-0.404821938408138,-0.942087383121758,0.132443506305482,-0.0053255816717685
27.5271843687375,0.667999378107524,0.428118354028671,1.04228927574116,-0.403468036422685,-0.848355593522818,0.0414195206774491,0.662781779465411,0.382293098407042,1.14906517805775,-0.411309484052899,-0.961567691262391,0.138948723156592,-0.00784144763021477
27.6334669338677,0.665342572894848,0.421789961228971,1.04952886506947,-0.407453223758757,-0.863247811057167,0.0483413635396531,0.658473972295825,0.37476118885131,1.15697138628481,-0.417830284326623,-0.981466285603748,0.145805716950503,-0.0103770605678658
27.739749498998,0.662687547388082,0.415425340806909,1.05712084055881,-0.411451670787181,-0.878452366013879,0.0555490244395159,0.654172808805929,0.367230603831066,1.16532244131238,-0.424383728780291,-1.00176527994218,0.152997822381599,-0.0129320579931093
27.8460320641283,0.660034528414495,0.409034650862237,1.06505788148024,-0.415463129550551,-0.893955405593387,0.0630291464922849,0.649878922211114,0.359713466979002,1.17410842880379,-0.430969206964884,-1.02244748950683,0.160509075577061,-0.0155060774143331
27.9523146292585,0.657383739846343,0.402627413122707,1.07333322900858,-0.419487352091461,-0.909743677874144,0.0707689736912228,0.645592933039619,0.352221004735345,1.18332021539678,-0.437586108431385,-1.04349644604035,0.168324229177583,-0.0180987563399244
28.0585971943888,0.654735402604325,0.396212524993467,1.08194067673786,-0.423524090452504,-0.925804532412044,0.0787563515070358,0.641315449164999,0.344763570216583,1.19294943221331,-0.444233822730775,-1.06489640059876,0.176428755137209,-0.0207097322782713
28.164879759519,0.652089734661762,0.389798276703141,1.09087455605937,-0.427573096676275,-0.942125912895512,0.0869797195429622,0.637047065844097,0.337350673129093,1.20298845215369,-0.450911739414036,-1.0866323165673,0.184808837739229,-0.023338642737761
28.2711623246493,0.649446951049489,0.383392372219861,1.10012971772323,-0.431634122805368,-0.95869634366537,0.0954280980546348,0.632788365760364,0.329991014043374,1.21343036264933,-0.457619248032149,-1.10868985506395,0.193451358999655,-0.0259851252267813
28.3774448897796,0.646807263861444,0.377001952826022,1.1097015106895,-0.435706920882376,-0.975504911637669,0.104091069872918,0.628539919072365,0.322692521623447,1.22426893526989,-0.464355738136096,-1.13105535458554,0.202343878313348,-0.0286488172537201
28.4837274549098,0.644170882260939,0.370633622436655,1.11958575917854,-0.439791242949894,-0.992541244916196,0.112958759016409,0.624302283467318,0.315462391658693,1.23549859332896,-0.471120599276858,-1.15371580645566,0.211474607901942,-0.0313293563269646
28.5900100200401,0.641538012487592,0.364293473920179,1.12977873865704,-0.443886841050515,-1.00979548915449,0.122021807053456,0.620076004219502,0.308307126968702,1.24711437840961,-0.477913221005418,-1.17665882736501,0.22083238535417,-0.0340263799549029
28.6962925851703,0.638908857864925,0.357987115831257,1.14027715134496,-0.447993467226834,-1.02725828252723,0.131271348073563,0.615861614253389,0.30123257744517,1.2591119165384,-0.484732992872757,-1.19987263005664,0.230406644311126,-0.0367395256459221
28.8025751503006,0.63628361880859,0.351719699094312,1.15107810170051,-0.452110873521446,-1.04492072999794,0.140698982955048,0.611659634211329,0.294243979659517,1.27148738457268,-0.491579304429856,-1.22334599300172,0.24018738414201,-0.0394684309084102
28.9088577154309,0.633662492835229,0.345495943284425,1.16217907223184,-0.456238811976942,-1.06277437742243,0.15029675346855,0.607470572525651,0.287345995602841,1.28423747722828,-0.498451545227697,-1.24706822973419,0.250165139278791,-0.0422127332507551
29.0151402805611,0.631045674571942,0.339320162241975,1.17357789989497,-0.460377034635919,-1.08081118590416,0.160057116632325,0.603294925495007,0.2805427502389,1.29735937506169,-0.505349104817262,-1.27102915836339,0.260330948728865,-0.0449720701813436
29.1214228456914,0.628433355766355,0.333196288830619,1.18527275326444,-0.464525293540969,-1.09902350671481,0.169972919632868,0.599133177364832,0.273837867643801,1.31085071362812,-0.512271372749533,-1.2952190716595,0.27067632616043,-0.0477460792085642
29.2277054108216,0.62582572529727,0.327127898707388,1.19726211060398,-0.468683340734686,-1.11740405700979,0.180037375540421,0.594985800411743,0.267234505580963,1.32470955396271,-0.51921773857549,-1.31962870800389,0.281193230852912,-0.0505343978408038
29.3339879759519,0.623222969185885,0.321118233020781,1.20954473891781,-0.472850928259666,-1.13594589650038,0.190244039981046,0.590853255031747,0.260735388419413,1.33893435447299,-0.526187591846117,-1.3442492234138,0.291874039721563,-0.0533366635864507
29.4402705410822,0.620625270607577,0.31517021998984,1.22211967402614,-0.477027808158501,-1.15464240518957,0.200586788872567,0.586735989832097,0.254342838350138,1.35352394428472,-0.533180322112393,-1.3690721647831,0.302711520558315,-0.0561525139538919
29.5465531062124,0.618032809904223,0.309286495345888,1.23498620167991,-0.481213732473787,-1.17348726223628,0.21105979728871,0.582634441726663,0.248058804891119,1.36847749804786,-0.540195318925302,-1.39408944442838,0.313698806577775,-0.0589815864515155
29.6528356713427,0.61544576459705,0.303469421640523,1.24814383970826,-0.485408453248115,-1.19247442597847,0.221657519482244,0.578549036034659,0.241884892698974,1.38379451218225,-0.547231971835824,-1.41929331598704,0.324829372315389,-0.0618235185877091
29.759118236473,0.612864309400002,0.297721106439761,1.26159232117572,-0.489611722524081,-1.21159811512033,0.232374670072167,0.574480186582593,0.235822387725256,1.39947478252348,-0.554289670394942,-1.44467635168236,0.336097010892474,-0.0646779478708606
29.8654008016032,0.610288616233616,0.292043419436116,1.27533157851487,-0.49382329234428,-1.23085279106909,0.243206206380527,0.570428295809299,0.229872281769993,1.41551838331461,-0.561367804153637,-1.47023142094543,0.347495812638157,-0.0675445118093568
29.9716833667335,0.607718854239379,0.286438008518685,1.28936172859173,-0.498042914751304,-1.25023314139275,0.254147311890148,0.566393754873897,0.224035295495002,1.43192564748044,-0.56846576266289,-1.4959516703657,0.359020145039921,-0.0704228479115862
30.0779659318637,0.60515518979457,0.280906314846853,1.3036830586559,-0.502270341787747,-1.26973406435975,0.265193380784258,0.56237694376657,0.218311899966,1.44869714811462,-0.575582935473683,-1.52183050492846,0.370664633981091,-0.0733125936859355
30.184248496994,0.602597786527557,0.275449586976531,1.31829601312436,-0.506505325496205,-1.28935065451441,0.276340003522005,0.558378231421994,0.212702336796217,1.4658336811065,-0.582718712136998,-1.54786157048831,0.382424146214312,-0.0762133866407932
30.2905310621243,0.600046805333554,0.270068894089515,1.33320118114625,-0.51074761791927,-1.30907818923788,0.287582953399339,0.554397975835312,0.207206636965811,1.4833362488336,-0.589872482203817,-1.57403873742154,0.394293773013903,-0.0791248642845467
30.3968136272545,0.597502404390806,0.26476513837693,1.34839928489582,-0.514996971099537,-1.32891211624136,0.298918174042281,0.550436524180497,0.201824638391383,1.50120604484553,-0.59704363522512,-1.60035608539654,0.406268814946301,-0.0820466641255838
30.5030961923848,0.594964739177213,0.259539066627142,1.36389116854129,-0.519253137079599,-1.34884804193774,0.31034176777854,0.546494212931002,0.196556002318728,1.51944443946711,-0.604231560751891,-1.62680788919985,0.418344767696067,-0.0849784236722916
30.609378757515,0.592433962487351,0.254391281067291,1.37967778783906,-0.523515867902052,-1.36888172063772,0.321849984833618,0.54257136798254,0.19140022860992,1.53805296625015,-0.61143564833511,-1.6533886055548,0.430517308884581,-0.087919780433058
30.7156613226453,0.589910224449906,0.249322249505826,1.39576020030417,-0.527784915609488,-1.38900904451751,0.333439213298532,0.538668304777894,0.186356669993217,1.55703330920676,-0.618655287525759,-1.68009286087093,0.442782285819408,-0.0908703719162707
30.8219438877756,0.587393672545488,0.244332314821384,1.41213955591059,-0.532060032244502,-1.40922603430686,0.345105969817861,0.534785328433624,0.181424545341262,1.5763872907599,-0.625889867874819,-1.70691543986345,0.455135704113811,-0.0938298356303174
30.9282264529058,0.584884451624826,0.239421703841049,1.42881708827695,-0.536340969849687,-1.42952883064824,0.356846890948863,0.530922733868543,0.176602952039826,1.59611686035056,-0.633138778933273,-1.73385127498468,0.467573717118134,-0.0967978090835859
31.0345090180361,0.582382703927323,0.234590535648694,1.44579410629599,-0.540627480467639,-1.44991368607998,0.368658725144701,0.527080805933863,0.171890877505958,1.61622408364435,-0.640401410252102,-1.76089543661142,0.48009261610722,-0.0997739297844632
31.1407915831663,0.579888569099967,0.229838829361643,1.46307198616861,-0.54491931614095,-1.47037695759921,0.380538325317307,0.523259819544872,0.167287209911044,1.63671113228398,-0.647677151382288,-1.78804312393546,0.492688821170884,-0.102757835241337
31.2470741482966,0.577402184216575,0.225166511411519,1.48065216380581,-0.549216228912215,-1.49091509976236,0.39248264193793,0.519460039814056,0.162790748160919,1.65758027413747,-0.654965391874812,-1.81528965650694,0.505358872757315,-0.105749162962596
31.3533567134269,0.574923683797374,0.220573422362781,1.49853612756437,-0.553517970824028,-1.51152465828408,0.404488716636026,0.515681722185519,0.158400211181907,1.6788338639955,-0.662265521280656,-1.84263046638359,0.518099423822282,-0.108747550456627
31.4596392785571,0.572453199828891,0.216059323300205,1.51672541128442,-0.557824293918983,-1.53220226409762,0.416553676259659,0.511925112570637,0.154114246558525,1.70047433467443,-0.669576929150801,-1.87006109084155,0.530907232539944,-0.111752635231818
31.5659218436874,0.569990861784157,0.211623901814363,1.53522158759949,-0.562134950239673,-1.55294462784242,0.42867472736307,0.508190447484792,0.149931438565597,1.72250418848481,-0.676899005036229,-1.89757716560642,0.54377915553396,-0.114764054796556
31.6722044088176,0.567536796643194,0.207266777612141,1.55402626149165,-0.566449691828693,-1.57374853474683,0.440849151089443,0.504477954185125,0.145850315634641,1.74492598902791,-0.684231138487922,-1.92517441856625,0.556712141590408,-0.117781446659229
31.7784869739479,0.565091128913794,0.202987507777355,1.57314106406646,-0.570768270728637,-1.59461083987648,0.453074298419203,0.500787850809174,0.141869357291741,1.76774235328598,-0.691572719056862,-1.95284866393043,0.569703225816703,-0.120804448328224
31.8847695390782,0.56265398065257,0.198785591704744,1.59256764652439,-0.575090438982099,-1.61552846372049,0.465347585756288,0.497120346514321,0.137987000601562,1.79095594397405,-0.69892313629403,-1.9805957968013,0.58274952421324,-0.12383269731193
31.9910521042084,0.560225471486259,0.194660475728889,1.61230767430731,-0.579415948631673,-1.63649838809029,0.477666490826947,0.493475641617934,0.134201646149809,1.81456946212413,-0.706281779750407,-2.00841178812777,0.595848228626954,-0.126865831118734
32.0973346693387,0.557805718633288,0.190611557468053,1.6323628214,-0.583744551719952,-1.65751765230736,0.49002854886746,0.489853927738124,0.130511663594235,1.83858563987431,-0.713648038976976,-2.03629268001217,0.608996602058218,-0.129903487257024
32.2036172344689,0.555394836925575,0.186638189901435,1.6527347647686,-0.588076000289531,-1.67858334965807,0.502431349079007,0.486255387935017,0.126915396812228,1.863007233438,-0.721021303524718,-2.06423458134412,0.622191974294682,-0.132945303235186
32.3098997995992,0.552992938830551,0.182739685197011,1.67342517891921,-0.592410046383005,-1.69969262409558,0.514872531329575,0.482680196852449,0.123411168671109,1.88783701622997,-0.728400962944614,-2.09223366373684,0.635431737847612,-0.13599091656161
32.4161823647295,0.55060013447342,0.178915318305848,1.69443573056114,-0.596746442042965,-1.72084266717026,0.527349783084325,0.479128520860015,0.119997285445497,1.91307777212821,-0.735786406787647,-2.12028615774348,0.648713344168184,-0.139039964744682
32.5224649298597,0.548216531659613,0.175164330337609,1.71576807336081,-0.601084939312008,-1.74203071517133,0.539860836547313,0.475600518195357,0.116672040904446,1.93873228885184,-0.743177024604798,-2.14838834933249,0.662034300122897,-0.14209208529279
32.62874749499,0.545842235897445,0.171485931730945,1.7374238427732,-0.605425290232727,-1.7632540464642,0.552403465998743,0.472096339106647,0.113433720089529,1.96480335143722,-0.750572205947048,-2.17653657660295,0.675392164708858,-0.145146915714321
32.7350300601203,0.543477350420969,0.167879305231416,1.75940465093921,-0.609767246847715,-1.78450997900866,0.564975485313227,0.468616125995145,0.110280602803656,1.99129373579573,-0.75797134036538,-2.204727226722,0.688784545991238,-0.148204093517665
32.8413126252505,0.541121976213001,0.164343608688724,1.78171208163785,-0.614110561199567,-1.80579586804473,0.577574745645594,0.465160013557796,0.107210966829067,2.01820620233811,-0.765373817410774,-2.23295673306802,0.702209098246476,-0.151263256211207
32.9475951903808,0.538776212028323,0.160877977684197,1.80434768528361,-0.618454985330877,-1.82710910393366,0.590199133271908,0.461728128929749,0.104223090891751,2.04554348965139,-0.772779026634213,-2.2612215725646,0.715663519296179,-0.154324041303336
33.053877755511,0.536440154417043,0.157481527998667,1.82731297395983,-0.622800271284239,-1.84844711014273,0.602846567574255,0.458320591826769,0.101315257388423,2.07330830821581,-0.780186357586678,-2.28951826319112,0.729145548017759,-0.157386086302439
33.1601603206413,0.53411389774811,0.154153357930213,1.8506094164801,-0.627146171102247,-1.86980734136331,0.61551499915882,0.454937514687434,0.0984857548911293,2.10150333414991,-0.787595199819151,-2.31784336165726,0.742652962018956,-0.160449028716904
33.2664428857716,0.531797534232972,0.150892550470571,1.87423843347009,-0.631492436827495,-1.89118728175252,0.628202408097526,0.451579002815074,0.095732880443606,2.1301312029735,-0.795004942882613,-2.34619346122964,0.756183575464418,-0.163512506055119
33.3727254509018,0.529491150795386,0.147698168905208,1.89820145265685,-0.635838826459205,-1.91258448691361,0.640906833995202,0.448245147946,0.093054935996717,2.1591945715187,-0.802414990992735,-2.37456525058703,0.769735268601557,-0.16657616453353
33.4790080160321,0.527194767700243,0.144569135798062,1.92250110340799,-0.640185220539138,-1.93399743742011,0.653626996341834,0.444935900926001,0.0904501231895014,2.18869747162279,-0.809825050053986,-2.40295670517933,0.783306605071362,-0.169639829514848
33.5852905811623,0.524908343931733,0.14150425565686,1.94714122377561,-0.644531614619071,-1.9554254870376,0.666362257799456,0.441651084992182,0.0879165671768682,2.2186453263395,-0.817235109115236,-2.43136701449813,0.796896796267656,-0.172703494496165
33.6915731462926,0.522631836296633,0.138502340702821,1.97212577725936,-0.648878008699004,-1.97686805311618,0.679112035718168,0.438390519777841,0.0854524282954575,2.24904372719039,-0.824645168176487,-2.45979545208929,0.810505115736319,-0.175767159477483
33.7978557114229,0.520365201789046,0.135562216437449,1.99745880783749,-0.653224402778938,-1.99832458214496,0.691875776587083,0.435154026247864,0.0830559063239175,2.27989838340006,-0.832055227237738,-2.48824132776443,0.824130873288953,-0.1788308244588
33.9041382765531,0.518108397589592,0.13268272221311,2.02314443942221,-0.657570796858871,-2.01979454798149,0.704652954263745,0.431941426688895,0.0807252403135176,2.31121512138497,-0.839465286298989,-2.51670398540178,0.837773412803805,-0.181894489440117
34.0104208416834,0.515861381064597,0.12986271172525,2.04918687542031,-0.661917190938805,-2.04127745020661,0.717443068328998,0.428752544699576,0.0784587083470425,2.34299988438812,-0.84687534536024,-2.54518280090261,0.851432110182132,-0.184958154421435
34.1167034068136,0.513624109765287,0.127101053433573,2.07559039839161,-0.666263585018738,-2.0627728125947,0.73024564255722,0.425587205180864,0.076254627234707,2.37525873224938,-0.85428540442149,-2.57367718029054,0.865106371447561,-0.188021819402752
34.2229859719439,0.511396541426985,0.124396630918797,2.10235936979836,-0.670609979098672,-2.08428018169012,0.74306022349278,0.422445234326415,0.074111352154939,2.40799784130246,-0.861695463482741,-2.60218655794258,0.878795630977096,-0.191085484384069
34.3292685370742,0.509178633968319,0.121748343181014,2.12949822983935,-0.674956373178605,-2.10579912548153,0.755886379124318,0.419326459613039,0.0720272762470925,2.44122350439016,-0.869105522543992,-2.63071039494144,0.892499349853454,-0.194149149365387
34.4355511022044,0.506970345490417,0.119155104885101,2.15701149736313,-0.679302767258538,-2.12732923216633,0.768723697649251,0.416230709791228,0.0700008301624346,2.47494213099035,-0.876515581605242,-2.65924817753975,0.906217014329266,-0.197212814346704
34.5418336673347,0.504771634276124,0.116615846558165,2.18490376985519,-0.683649161338472,-2.14887010899844,0.781571786321501,0.413157814875755,0.0680304815791116,2.50916024744592,-0.883925640666494,-2.68779941572752,0.919948134394531,-0.200276479328022
34.6481162324649,0.502582458789211,0.114129514743522,2.21317972349432,-0.687995555418405,-2.17042138121291,0.7944302703761,0.410107606136336,0.0661147346862224,2.54388449729232,-0.891335699727744,-2.71636364189493,0.933692242439438,-0.203340144309339
34.7543987975952,0.500402777673587,0.111695072115313,2.2418441132741,-0.692341949498338,-2.1919826910215,0.807298792024826,0.407079916088369,0.0642521296416027,2.5791216416773,-0.898745758788995,-2.74494040958333,0.947448892005335,-0.206403809290657
34.8606813627255,0.498232549752524,0.109311497557511,2.27090177318538,-0.696688343578272,-2.21355369667408,0.820177009517536,0.404074578483734,0.0624412420074648,2.61487855986734,-0.906155817850246,-2.77352929231773,0.961217656617239,-0.209467474271974
34.9669639278557,0.496071734027875,0.1069777862107,2.30035761645635,-0.701034737658205,-2.23513407158071,0.833064596264304,0.401091428301669,0.0606806821676045,2.65116224983639,-0.913565876911497,-2.80212988251482,0.97499812869183,-0.212531139253291
35.073246492986,0.4939202896793,0.104692949489743,2.33021663584695,-0.705381131738138,-2.25672350349016,0.845961240013886,0.398130301739705,0.0589690947295158,2.6879798289325,-0.920975935972747,-2.83074179046087,0.988789918515375,-0.215594804234609
35.1795290581162,0.491778176063494,0.102456015075155,2.36048390399465,-0.709727525818072,-2.27832169372053,0.858866642084385,0.395191036204672,0.0573051579144028,2.72533853461853,-0.928385995033998,-2.85936464335447,1.00259265328648,-0.218658469215926
35.2858116232465,0.489645352713424,0.100266026880765,2.39116457380887,-0.714073919898005,-2.29992835643835,0.871780516642342,0.392273470303772,0.0556875829377749,2.76324572528328,-0.935796054095249,-2.88799808440946,1.01640597621896,-0.221722134197244
35.3920941883768,0.487521779337557,0.0981220450000052,2.42226387891167,-0.718420313977939,-2.32154321798265,0.884702590026771,0.38937744383572,0.0541151133830252,2.80170888112004,-0.9432061131565,-2.91664177201362,1.03022954570062,-0.224785799178561
35.498376753507,0.485407415819106,0.0960231456329871,2.45378713412237,-0.722766708057872,-2.3431660162307,0.897632600114957,0.386502797781942,0.0525865245701456,2.84073560506938,-0.950616172217751,-2.9452953789393,1.0440630345038,-0.227849464159879
35.6046593186373,0.483302222215267,0.0939684209963124,2.48573973598409,-0.727113102137805,-2.36479650000266,0.910570295727046,0.383649374297846,0.0511006229214974,2.88033362382377,-0.958026231279001,-2.97395859160221,1.05790612904421,-0.230913129141196
35.7109418837675,0.481206158756468,0.0919569792174059,2.51812716333036,-0.731459496217739,-2.38643442850223,0.923515436066749,0.380817016704155,0.049656245326354,2.92051078889135,-0.965436290340252,-3.00263110936515,1.07175852868464,-0.233976794122513
35.8172244488978,0.479119185845615,0.0899879442150082,2.55095497789002,-0.735805890297672,-2.40807957079097,0.93646779019563,0.378005569478306,0.0482522585057455,2.96127507771691,-0.972846349401503,-3.03131264388339,1.08561994508038,-0.237040459103831
35.9235070140281,0.477041264057344,0.0880604555673143,2.58422882492895,-0.740152284377606,-2.42973170529391,0.949427136538702,0.375214878245905,0.0468875583789622,3.00263459485785,-0.980256408462754,-3.06000291848907,1.09949010156356,-0.240104124085148
36.0297895791583,0.47497235413728,0.0861736683691235,2.6179544339271,-0.744498678457539,-2.45139061933424,0.962393262419166,0.372444789772255,0.0455610694329267,3.04459757321347,-0.987666467524004,-3.08870166761177,1.11336873256376,-0.243167789066465
36.1360721442886,0.472912417001292,0.084326753079243,2.65213761928958,-0.748845072537472,-2.47305610869531,0.975365963620369,0.369695151953941,0.0442717440955028,3.08717237530588,-0.995076526585255,-3.11740863623294,1.12725558306243,-0.246231454047783
36.2423547094188,0.470861413734753,0.0825188953592847,2.68678428109065,-0.753191466617406,-2.49472797720794,0.988345043973127,0.366965813810476,0.0430185621136851,3.13036749461103,-1.00248658564651,-3.14612357937187,1.14115040807886,-0.2492951190291
36.3486372745491,0.468819305591811,0.0807492959048942,2.72190040584944,-0.757537860697339,-2.51640603636142,1.00133031496674,0.364256625476016,0.0418005299375016,3.17419155693854,-1.00989664470776,-3.17484626160113,1.15505297218562,-0.252358784010418
36.4549198396794,0.46678605399465,0.0790171702703611,2.75749206733648,-0.761884254777273,-2.53809010493672,1.01432159538217,0.361567438191122,0.0406166801103567,3.21865332185917,-1.01730670376901,-3.20357645658959,1.16896304905157,-0.255422448991735
36.5612024048096,0.464761620532766,0.0773217486874802,2.79356542741018,-0.766230648857206,-2.55978000866029,1.02731871094588,0.358898104294603,0.0394660706664534,3.2637616841787,-1.02471676283026,-3.23231394667112,1.18288042101061,-0.258486113973053
36.6674849699399,0.462745966962241,0.0756622758794557,2.83012673688239,-0.770577042937139,-2.58147557987735,1.04032149400307,0.356248477215397,0.0383477845358456,3.30952567545739,-1.03212682189151,-3.26105852243745,1.19680487865443,-0.26154977895437
36.7737675350701,0.460739055205017,0.0740380108705746,2.86718233641228,-0.774923437017073,-2.60317665724315,1.053329783209,0.353618411464531,0.0372609289576009,3.35595446557407,-1.03953688095276,-3.28980998235349,1.21073622044797,-0.264613443935687
36.8800501002004,0.458740847348181,0.0724482267923092,2.90473865742794,-0.779269831097006,-2.62488308543133,1.06634342323732,0.35100776262713,0.0362046349014786,3.40305736433409,-1.04694694001401,-3.31856813239387,1.22467425236585,-0.267677108917005
36.9863326653307,0.456751305643246,0.0708922106864549,2.94280222307513,-0.783616225176939,-2.64659471485811,1.07936226450423,0.348416387354485,0.0351780564984763,3.45084382312049,-1.05435699907526,-3.34733278569915,1.23861878754862,-0.270740773898322
37.0926152304609,0.454770392505438,0.0693692633058552,2.98137964919247,-0.787962619256873,-2.66831140142141,1.09238616290766,0.345844143356184,0.0341803704805315,3.49932343658766,-1.06176705813651,-3.3761037622507,1.25256964597768,-0.273804438879639
37.1988977955912,0.45279807051299,0.0678786989132154,3.02047764531282,-0.792309013336806,-2.69003300625391,1.1054149795803,0.343290889392298,0.0332107756296226,3.54850594439712,-1.06917711719776,-3.40488088856291,1.26652665416739,-0.276868103860957
37.3051803607215,0.450834302406427,0.0664198450784669,3.06010301569017,-0.796655407416739,-2.71175939548933,1.11844858065585,0.340756485265628,0.0322684922364659,3.59840123299485,-1.07658717625901,-3.43366399739174,1.28048964487372,-0.279931768842274
37.4114629258517,0.448879051087872,0.0649920424750974,3.10026266035188,-0.801001801496673,-2.7334904400409,1.13148683704756,0.338240791814002,0.0313527615689605,3.64901933742981,-1.08399723532026,-3.46245292745866,1.29445845681813,-0.282995433823592
37.517745490982,0.446932279620335,0.0635946446758323,3.14096357617576,-0.805348195576606,-2.75522601539153,1.14452962423832,0.33574367090264,0.0304628453505035,3.70037044321327,-1.09140729438152,-3.49124752318893,1.3084329344259,-0.286059098804909
37.6240280561122,0.444993951227024,0.0622270179480094,3.18221285799175,-0.80969458965654,-2.77696600139479,1.15757682208171,0.333264985416563,0.0295980252482578,3.75246488821882,-1.09881735344277,-3.52004763446352,1.32241292757799,-0.289122763786226
37.7303106212425,0.443064029290646,0.0608885410489664,3.22401769970796,-0.814040983736473,-2.79871028208612,1.17062831461317,0.330804599253068,0.0287576023714292,3.80531316462264,-1.10622741250402,-3.54885311638373,1.33639829137569,-0.292186428767544
37.8365931863728,0.441142477352714,0.0595786050217254,3.26638539546077,-0.818387377816406,-2.82045874550374,1.18368398987093,0.328362377314255,0.0279408967795811,3.85892592088397,-1.11363747156527,-3.57766382904775,1.35038888591722,-0.295250093748861
37.942875751503,0.439229259112862,0.0582966129912353,3.30932334078892,-0.82273377189634,-2.84221128351857,1.19674373972589,0.325938185499605,0.0271472470009912,3.91331396376569,-1.12104753062652,-3.60647963733865,1.36438457608561,-0.298313758730179
38.0491583166333,0.437324338428157,0.0570419799614075,3.35283903383121,-0.827080165976273,-2.86396779167266,1.20980745972011,0.323531890698622,0.0263760095610342,3.96848826039479,-1.12845758968777,-3.63530041072285,1.37838523134731,-0.301377423711496
38.1554408817635,0.435427679312415,0.0558141326131563,3.39694007654799,-0.831426560056207,-2.88572816902576,1.22287504891335,0.321143360783518,0.0256265585205536,4.02445994036287,-1.13586764874902,-3.66412602305876,1.39239072556072,-0.304441088692814
38.2617234468938,0.433539245935525,0.0546125091036412,3.44163417596595,-0.83577295413614,-2.9074923180094,1.23594640973712,0.318772464601963,0.0248982850241706,4.08124029786646,-1.14327770781027,-3.69295635241474,1.40640093679419,-0.307504753674131
38.3680060120241,0.431659002622768,0.0534365588668776,3.48692914544649,-0.840119348216074,-2.92926014428815,1.24902144785601,0.316419071969883,0.0241905968584607,4.13884079388742,-1.15068776687152,-3.72179128089607,1.42041574715302,-0.310568418655448
38.4742885771543,0.429786913854146,0.0522857424158786,3.53283290597733,-0.844465742296007,-2.95103155662762,1.26210007203561,0.314083053664307,0.0235029180199177,4.19727305841327,-1.15809782593277,-3.75063069448028,1.43443504261474,-0.313632083636766
38.5805711422846,0.427922944263709,0.0511595311464635,3.57935348748753,-0.84881213637594,-2.97280646676885,1.27518219401697,0.311764281416278,0.0228346882926103,4.25654889269773,-1.16550788499402,-3.77947448286049,1.44845871287244,-0.316695748618083
38.6868537074148,0.426067058638889,0.0500574071428596,3.62649903018576,-0.853158530455874,-2.99458478930874,1.28826772839699,0.309462627903805,0.0221853628354286,4.31668027156151,-1.17291794405527,-3.80832253929611,1.46248665118556,-0.3197594135994
38.7931362725451,0.424219221919832,0.04897886298521,3.67427778592186,-0.857504924535807,-3.01636644158607,1.30135659251446,0.307177966744873,0.0215544117788062,4.37767934573348,-1.18032800311652,-3.83717476047081,1.47651875423776,-0.322823078580718
38.8994188376754,0.422379399198739,0.0479234015590841,3.72269811957182,-0.86185131861574,-3.03815134357308,1.3144487063416,0.304910172490506,0.0209413198307974,4.4395584442325,-1.18773806217778,-3.86603104635707,1.49055492200152,-0.325886743562035
39.0057014028056,0.420547555719203,0.0468905358670814,3.771768510446,-0.866197712695673,-3.05993941777189,1.32754399238054,0.302659120617875,0.0203455858923813,4.50233007679012,-1.19514812123903,-3.89489130008708,1.50459505760903,-0.328950408543353
39.1119839679359,0.418723656875556,0.0458797888426026,3.82149755372093,-0.870544106775607,-3.08173058911598,1.34064237556477,0.300424687523462,0.0197667226818592,4.56600693631427,-1.20255818030028,-3.92375542782971,1.51863906722916,-0.33201407352467
39.2182665330661,0.416907668212213,0.0448906931658585,3.87189396189446,-0.87489050085554,-3.10352478487605,1.35374378316497,0.298206750516276,0.0192042563682055,4.63060190139431,-1.20996823936153,-3.95262333867304,1.53268685994998,-0.335077738505988
39.3245490981964,0.41509955542302,0.0439227910821726,3.92296656626462,-0.879236894935473,-3.12532193457023,1.36684814469929,0.29600518781111,0.018657726213229,4.69612803884779,-1.21737829842278,-3.98149494451239,1.54673834766683,-0.338141403487305
39.4308316633267,0.413299284350609,0.0429756342226286,3.97472431843212,-0.883583289015407,-3.14712196987847,1.37995539184765,0.293819878521858,0.0181266842223987,4.76259860630901,-1.22478835748403,-4.01037015994334,1.56079344497528,-0.341205068468622
39.5371142284569,0.411506820985751,0.0420487834271072,4.02717629182664,-0.887929683095341,-3.16892482456061,1.39306545836993,0.291650702654879,0.0176106948041828,4.83002705485995,-1.23219841654528,-4.03924890215963,1.57485206906907,-0.34426873344994
39.6433967935872,0.409722131466714,0.0411418085697442,4.08033168325714,-0.892276077175274,-3.19073043437833,1.40617828002778,0.289497541102403,0.0171093344377504,4.8984270317038,-1.23960847560653,-4.06813109085564,1.58891413964258,-0.347332398431257
39.7496793587174,0.407945182078623,0.0402542883868434,4.13419981448617,-0.896622471255207,-3.21253873702044,1.41929379451003,0.287360275635994,0.0166221913488807,4.96781238288144,-1.24701853466778,-4.09701664813314,1.60297957879757,-0.350396063412574
39.8559619238477,0.406175939252821,0.0393858103072654,4.18879013382844,-0.900968865335141,-3.2343496720315,1.43241194136122,0.285238788900059,0.0161488651939262,5.03819715603133,-1.25442859372903,-4.12590549841224,1.61704831095418,-0.353459728393892
39.962244488978,0.404414369566241,0.0385359702853114,4.24411221777386,-0.905315259415074,-3.25616318074359,1.44553266191344,0.283132964405402,0.0156889667516726,5.1095956031932,-1.26183865279028,-4.15479756834622,1.63112026276566,-0.356523393375209
40.0685270541082,0.402660439740767,0.0377043726361157,4.30017577263504,-0.909661653495007,-3.27797920621106,1.45865589922105,0.281042686522829,0.0152421176229402,5.18202218365596,-1.26924871185153,-4.18369278674003,1.64519536303696,-0.359587058356526
40.1748096192385,0.400914116642611,0.036890629873555,4.35699063621969,-0.914008047574941,-3.29979769314808,1.4717815979982,0.278967840476798,0.0148079499377695,5.25549156685026,-1.27665877091279,-4.21259108447236,1.65927354264679,-0.362650723337844
40.2810921843687,0.399175367281684,0.0360943625506802,4.41456677952787,-0.918354441654874,-3.32161858786888,1.48490970455913,0.276908312339118,0.0143861060700368,5.33001863528611,-1.28406882997404,-4.24149239442105,1.67335473447298,-0.365714388319162
40.387374749499,0.397444158810975,0.0353151991026708,4.47291430847454,-0.922700835734807,-3.34344183823057,1.49804016676095,0.274863989022691,0.0139762383593407,5.40561848753627,-1.29147888903529,-4.27039665139164,1.68743887332107,-0.368778053300479
40.4936573146293,0.395720458525926,0.0345527756923106,4.53204346563735,-0.927047229814741,-3.36526739357832,1.51117293394884,0.272834758275305,0.0135780088400094,5.48230644126557,-1.29888894809654,-4.29930379204903,1.70152589585595,-0.371841718281796
40.5999398797595,0.394004233863822,0.0338067360579783,4.59196463203024,-0.931393623894674,-3.38709520469295,1.5243079569036,0.27082050867347,0.0131910889770701,5.56009803630692,-1.30629900715779,-4.32821375485192,1.71561574053634,-0.374905383263114
40.7062224448898,0.392295452403169,0.0330767313641449,4.6526883289027,-0.935740017974608,-3.40892522374057,1.53744518779136,0.268821129616298,0.0128151594090325,5.63900903778441,-1.31370906621904,-4.35712647999005,1.72970834755198,-0.377969048244431
40.81250501002,0.390594081863082,0.0323624200543673,4.7142252195653,-0.940086412054541,-3.43075740422449,1.55058458011541,0.26683651131943,0.0124499096973322,5.71905543928416,-1.32111912528029,-4.38604190932405,1.74380365876347,-0.381032713225748
40.9187875751503,0.388900090102681,0.0316634677067642,4.77658611124148,-0.944432806134475,-3.45259170093894,1.56372608866999,0.264866544809013,0.0120950380822854,5.80025346607334,-1.32852918434154,-4.41495998632772,1.75790161764464,-0.384096378207066
41.0250701402806,0.387213445120476,0.0309795468919594,4.839781956946,-0.948779200214408,-3.4744280699248,1.57686966949598,0.262911121915707,0.0117502512454074,5.88261957836794,-1.33593924340279,-4.44388065603271,1.77200216922713,-0.387160043188383
41.1313527054108,0.385534115053768,0.0303103370334745,4.90382385739027,-0.953125594294341,-3.49626646842708,1.5900152798384,0.260970135268755,0.0114152640779489,5.9661704746501,-1.34334930246404,-4.47280386497548,1.78610526004739,-0.390223708169701
41.2376352705411,0.383862068178045,0.0296555242705529,4.96872306291482,-0.957471988374274,-3.5181068548542,1.60316287810565,0.259043478290081,0.0110897994555049,6.05092309503522,-1.35075936152529,-4.50172956114631,1.80021083809573,-0.393287373151018
41.3439178356714,0.382197272906385,0.0290148013233931,5.03449097544931,-0.961818382454208,-3.53994918873874,1.61631242383032,0.25713104518844,0.0107735880185561,6.13689462468982,-1.35816942058654,-4.53065769394051,1.81431885276742,-0.396351038132335
41.4502004008016,0.380539697788853,0.0283878673607703,5.10113915050018,-0.966164776534141,-3.56179343069997,1.62946387763169,0.255232730953611,0.0104663679588007,6.22410249730061,-1.36557947964779,-4.55958821411137,1.82842925481578,-0.399414703113653
41.5564829659319,0.378889311511915,0.0277744278700216,5.16867929916647,-0.970511170614075,-3.5836395424077,1.64261720117955,0.253348431350626,0.0101678848111404,6.31256439859533,-1.37298953870905,-4.58852107372521,1.84254199630712,-0.40247836809497
41.6627655310621,0.377246082897841,0.0271741945293726,5.23712329018387,-0.974857564694008,-3.60548748654762,1.65577235715961,0.251478042914052,0.00987789125118485,6.40229826991627,-1.3803995977703,-4.61745622611798,1.85665703057739,-0.405542033076288
41.7690480961924,0.375609980904117,0.0265868850825772,5.30648315199757,-0.979203958773942,-3.62733722678804,1.66892930924015,0.249621462942307,0.00959614689814067,6.49332231184691,-1.38780965683155,-4.64639362585376,1.87077431219067,-0.408605698057605
41.8753306613227,0.373980974622862,0.0260122232158455,5.37677107486408,-0.983550352853875,-3.64918872774781,1.68208802204006,0.24777858949202,0.0093224181229546,6.58565498789243,-1.3952197158928,-4.67533322868469,1.8848937968991,-0.411669363038923
41.9816132264529,0.372359033280238,0.0254499384370334,5.44799941298229,-0.987896746933808,-3.67104195496561,1.69524846109799,0.245949321372435,0.00905647786158224,6.67931502821485,-1.40262977495405,-4.70427499151259,1.8990154416045,-0.41473302802024
42.0878957915832,0.370744126235873,0.0248997659570643,5.5201806866544,-0.992243141013742,-3.69289687487034,1.70841059284285,0.244133558139855,0.00879810543325609,6.77432143342346,-1.4100398340153,-4.733218872352,1.9131392043214,-0.417796693001557
42.1941783567134,0.369136222982282,0.0243614465735561,5.59332758447665,-0.996589535093675,-3.71475345475264,1.72157438456529,0.242331200092126,0.00854708636362914,6.87069347842125,-1.41744989307655,-4.76216483029459,1.92726504414149,-0.420860357982875
42.3004609218437,0.36753529314429,0.0238347265566231,5.66745296556059,-1.00093592917361,-3.73661166273757,1.73473980439036,0.24054214826316,0.00830321221267247,6.96845071630816,-1.4248599521378,-4.79111282547503,1.94139292119942,-0.423924022964193
42.406743486974,0.365941306478457,0.0233193575368249,5.74256986178502,-1.00528232325354,-3.75847146775821,1.74790682125113,0.238766304417506,0.0080662804072082,7.06761298234172,-1.43227001119905,-4.82006281903799,1.95552279663989,-0.426987687945509
42.5130260521042,0.364354232872507,0.0228150963952312,5.81869148007901,-1.00962871733348,-3.78033283953034,1.76107540486339,0.237003571044952,0.00783609407796068,7.16820039795617,-1.4396800702603,-4.84901477310659,1.96965463258598,-0.430051352926827
42.6193086172345,0.362774042344762,0.0223217051555738,5.89583120473647,-1.01397511141341,-3.802195748528,1.77424552570119,0.235253851355172,0.0076124619010123,7.27023337484048,-1.44709012932155,-4.87796865075178,1.98378839210867,-0.433115017908144
42.7255911823647,0.361200705043571,0.0218389508784545,5.97400259976249,-1.01832150549334,-3.82406016596003,1.78741715497335,0.23351704927241,0.00739519794355171,7.3737326190763,-1.4545001883828,-4.90692441596304,1.99792403919744,-0.436178682889461
42.831873747495,0.35963419124675,0.0213666055575794,6.05321941125197,-1.02266789957328,-3.8459260637474,1.80059026460085,0.231793069430208,0.00718412151380505,7.4787191353366,-1.46191024744405,-4.93588203362013,2.01206153873202,-0.439242347870779
42.9381563126253,0.358074471361019,0.0209044460179883,6.1334955698009,-1.02701429365321,-3.86779341450138,1.81376482719497,0.230081817166166,0.00697905701504344,7.58521423114574,-1.4693203065053,-4.96484146946574,2.02620085645513,-0.442306012852096
43.0444388777555,0.356521515921442,0.020452253816249,6.21484519295071,-1.03136068773314,-3.8896621915026,1.82694081603631,0.228383198516746,0.00677983380356135,7.69323952120198,-1.47673036556656,-4.99380269007934,2.04034195894623,-0.445369677833414
43.1507214428858,0.354975295590873,0.020009815142587,6.29728258766595,-1.03570708181308,-3.91153236868069,1.84011820505454,0.226697120212111,0.00658628605052413,7.80281693176304,-1.48414042462781,-5.02276566285179,2.05448481359618,-0.448433342814731
43.257004008016,0.353435781159397,0.0195769207249172,6.380822252846,-1.04005347589301,-3.93340392059486,1.85329696880884,0.225023489671007,0.00639825260758401,7.91396870509584,-1.49155048368906,-5.051730355961,2.06862938858289,-0.451497007796049
43.3632865731463,0.351902943543786,0.0191533657347505,6.46547888187097,-1.04439986997294,-3.95527682241499,1.8664770824691,0.223362214995674,0.00621557687616691,8.0267174039911,-1.49896054275031,-5.08069673834838,2.08277565284777,-0.454560672777366
43.4695691382766,0.350376753786939,0.0187389496949429,6.55126736518234,-1.04874626405288,-3.9771510499035,1.87965852179775,0.221713204966804,0.00603810668033446,8.14108591634379,-1.50637060181156,-5.10966477969616,2.09692357607304,-0.457624337758683
43.5758517034068,0.348857183057346,0.0183334763892565,6.63820279289882,-1.05309265813281,-3.99902657939787,1.89284126313225,0.220076369038534,0.00586569414312767,8.2570974598003,-1.51378066087281,-5.13863445040546,2.11107312865984,-0.460688002740001
43.6821342685371,0.347344202648536,0.0179367537737036,6.72630045746767,-1.05743905221274,-4.02090338779367,1.90602528336818,0.218451617333468,0.00569819556630098,8.37477558647327,-1.52119071993406,-5.16760572157526,2.12522428170714,-0.463751667721318
43.7884168336673,0.345837783978536,0.0175485938896434,6.81557585635229,-1.06178544629268,-4.0427814525283,1.91921055994295,0.216838860637745,0.0055354713133576,8.49414418772512,-1.52860077899531,-5.19657856498193,2.13937700699131,-0.466815332702636
43.8946993987976,0.344337898589334,0.0171688127786011,6.9060446947561,-1.06613184037261,-4.06466075156525,1.93239707082003,0.215238010396145,0.00537738569579921,8.61522749902092,-1.53601083805656,-5.22555295305961,2.15353127694648,-0.469878997683953
44.0009819639279,0.342844518146338,0.0167972303987799,6.99772288838361,-1.07047823445254,-4.08654126337885,1.94558479447377,0.213648978707218,0.00522380686250484,8.73805010485206,-1.54342089711781,-5.25452885888119,2.16768706464556,-0.47294266266527
44.1072645290581,0.341357614437843,0.0164336705432375,7.09062656623874,-1.07482462853248,-4.10842296693967,1.95877370987472,0.212071678318463,0.00507460669215628,8.86263694373117,-1.55083095617906,-5.28350625614,2.18184434378187,-0.476006327646588
44.2135470941884,0.339877159374494,0.0160779607596968,7.18477207346125,-1.07917102261241,-4.13030584170027,1.97196379647545,0.210506022621536,0.00492966068862892,8.98901331325975,-1.55824101524031,-5.31248511913206,2.19600308865143,-0.479069992627905
44.3198296593186,0.338403124988763,0.0157299322719628,7.2801759742015,-1.08351741669234,-4.15218986758156,1.98515503419688,0.208951925647493,0.00478884787926916,9.11720487526923,-1.56565107430157,-5.341465422739,2.21016327413587,-0.482133657609223
44.4261122244489,0.336935483434414,0.0153894199029172,7.37685505453412,-1.08786381077228,-4.17407502495955,1.99834740341499,0.207409302062072,0.00465205071598146,9.24723766103656,-1.57306113336282,-5.37044714241149,2.22432487568585,-0.48519732259054
44.5323947895792,0.335474206985979,0.0150562619990613,7.47482632541117,-1.09221020485221,-4.19596129465255,2.01154088494813,0.205878067161004,0.00451915497904971,9.37913807657554,-1.58047119242407,-5.39943025415329,2.23848786930516,-0.488260987571858
44.6386773547094,0.334019268038233,0.0147303003565819,7.57410702565512,-1.09655659893214,-4.21784865790884,2.02473546004456,0.204358136865367,0.00439004968361999,9.51293290800464,-1.58788125148532,-5.4284147345058,2.25265223153516,-0.491324652553175
44.7449599198397,0.332570639105677,0.0144113801489092,7.6747146249924,-1.10090299301208,-4.23973709639472,2.03793111037056,0.202849427716962,0.00426462698877291,9.64864932699274,-1.59529131054657,-5.45740056053312,2.26681793943998,-0.494388317534493
44.85124248497,0.331128292822013,0.0140993498557422,7.77666682712786,-1.10524938709201,-4.26162659218292,2.0511278179989,0.201351856873737,0.0041427821091163,9.78631489628355,-1.60270136960782,-5.48638770980761,2.28098497059197,-0.49745198251581
44.9575250501002,0.329692201939629,0.0137940611935138,7.87998157286068,-1.10959578117194,-4.28351712774148,2.0643255653976,0.199865342105236,0.00402441322882995,9.92595757530018,-1.61011142866907,-5.51537616039595,2.29515330305781,-0.500515647497127
45.0638076152305,0.328262339329089,0.013495369047268,7.98467704324247,-1.11394217525188,-4.30540868592292,2.07752433541916,0.198389801788082,0.0039094214180966,10.0676057258307,-1.61752148773032,-5.54436589084558,2.30932291538494,-0.503579312478444
45.1700901803607,0.326838677978612,0.0132031314039248,8.0907716627778,-1.11828856933181,-4.32730124995376,2.09072411129014,0.196925154901498,0.00379771055185448,10.2112881177957,-1.62493154679157,-5.57335688017172,2.32349378658857,-0.506642977459762
45.276372745491,0.325421190993567,0.0129172092869054,8.19828410266801,-1.12263496341174,-4.34919480342445,2.10392487660097,0.195471321022856,0.00368918723080847,10.3570339350999,-1.63234160585282,-5.60234910784461,2.33766589613897,-0.509706642441079
45.3826553106213,0.324009851595966,0.0126374666920927,8.30723328409864,-1.12698135749168,-4.37108933027956,2.11712661529621,0.194028220323263,0.00358376070463892,10.5048727815675,-1.63975166491407,-5.63134255377739,2.35183922394924,-0.512770307422397
45.4889378757515,0.322604633123954,0.0123637705251024,8.41763838157126,-1.13132775157161,-4.39298481480829,2.13032931166507,0.192595773563174,0.00348134279734811,10.6548346869642,-1.64716172397532,-5.66033719831416,2.36601375036351,-0.515833972403714
45.5952204408818,0.321205509031309,0.0120959905398391,8.52951882628001,-1.13567414565154,-4.41488124163529,2.1435329503322,0.191173902088048,0.00338184783468654,10.8069501131052,-1.65457178303657,-5.68933302221856,2.38018945614541,-0.518897637385032
45.701503006012,0.319812452886937,0.0118339992783131,8.64289430953377,-1.14002053973148,-4.43677859571182,2.15673751624887,0.189762527824019,0.00328519257360215,10.9612499600526,-1.66198184209783,-5.71833000666266,2.39436632246701,-0.521961302366349
45.8077855711423,0.318425438374377,0.0115776720116947,8.75778478622423,-1.14436693381141,-4.45867686230711,2.16994299468429,0.18836157327362,0.00319129613365739,11.1177655724013,-1.66939190115908,-5.7473281332162,2.40854433089805,-0.525024967347666
45.9140681362726,0.317044439291299,0.0113268866825805,8.87421047834072,-1.14871332789134,-4.48057602700001,2.18314937121733,0.18697096151152,0.00310007993036058,11.276528745656,-1.67680196022033,-5.77632738383615,2.4227234633955,-0.528088632328984
46.0203507014028,0.315669429549014,0.0110815238484506,8.99219187853233,-1.15305972197128,-4.50247607567097,2.19635663172842,0.185590616180302,0.00301146761035885,11.4375717327007,-1.68421201928158,-5.80532774085667,2.43690370229351,-0.531152297310301
46.1266332665331,0.314300383171977,0.0108414666262916,9.11174975371775,-1.15740611605121,-4.52437699449416,2.20956476239174,0.184220461486272,0.00292538498844213,11.6009272503609,-1.69162207834283,-5.83432918697925,2.45108503029359,-0.534215962291618
46.2329158316633,0.312937274297299,0.0106066006383641,9.2329051487439,-1.16175251013114,-4.54627876992992,2.22277374966764,0.182860422195295,0.00284175998630822,11.7666284860606,-1.69903213740408,-5.86333170526332,2.46526743045516,-0.537279627272936
46.3391983967936,0.311580077174256,0.0103768139590923,9.35567939009354,-1.16609890421108,-4.56818138871742,2.23598358029527,0.181510423628666,0.0027605225730408,11.934709104576,-1.70644219646533,-5.89233527911701,2.47945088618635,-0.540343292254253
46.4454809619239,0.310228766163805,0.0101519970630528,9.4800940896427,-1.17044529829101,-4.59008483786749,2.24919424128547,0.180170391659007,0.00268160470725334,12.1052032548857,-1.71385225552658,-5.92133989228823,2.49363538123507,-0.543406957235571
46.5517635270541,0.308883315738099,0.00993204277404221,9.60617114846877,-1.17479169237094,-4.61198910465578,2.26240571991389,0.1788402527062,0.00260494028085294,12.2781455771205,-1.72126231458783,-5.95034552885611,2.50782089968045,-0.546470622216888
46.6580460921844,0.307543700480002,0.00971684621520233,9.73393276070944,-1.17913808645088,-4.633894176616,2.27561800371424,0.177519933733344,0.00253046506437983,12.4535712096124,-1.72867237364908,-5.97935217322254,2.52200742592438,-0.549534287198205
46.7643286573146,0.306209895082615,0.00950630476018095,9.86340141747374,-1.18348448053081,-4.65580004153345,2.28883108047183,0.176209362242744,0.0024581166538787,12.6315157960469,-1.73608243271033,-6.0083598101041,2.53619494468343,-0.552597952179523
46.8706112224449,0.30488187434879,0.00930031798530907,9.99459991080537,-1.18783087461074,-4.67770668743874,2.30204493821725,0.174908466271935,0.00238783441926001,12.8120154927163,-1.74349249177158,-6.03736842452415,2.55038344098099,-0.55566161716084
46.9768937875752,0.303559613190661,0.00909878762277361,10.1275513376994,-1.19217726869068,-4.69961410260164,2.31525956522029,0.173617174389724,0.00231955945410995,12.9951069758797,-1.75090255083283,-6.06637800180525,2.56457290013958,-0.558725282142158
47.0831763527054,0.302243086629166,0.00890161751476636,10.2622791041728,-1.19652366277061,-4.72152227552517,2.32847494998395,0.172335415692273,0.00225323452690903,13.180827449227,-1.75831260989409,-6.09538852756164,2.57876330777347,-0.561788947123475
47.1894589178357,0.300932269793575,0.00870871356858918,10.3988069293895,-1.20087005685054,-4.74343119493983,2.34169108123874,0.171063119799204,0.00218880403362043,13.3692146514526,-1.76572266895534,-6.12439998769215,2.59295464978148,-0.564852612104793
47.2957414829659,0.299627137921024,0.00851998371269698,10.5371588498408,-1.20521645093048,-4.76534084979802,2.35490794793707,0.169800216849732,0.00212621395161019,13.560306863936,-1.77313272801659,-6.15341236837314,2.60714691233997,-0.56791627708611
47.4020240480962,0.298327666356043,0.00833533785365915,10.6773592235824,-1.20956284501041,-4.78725122926864,2.36812553924782,0.168546637498835,0.00206541179486226,13.7541429185351,-1.78054278707784,-6.18242565605176,2.62134008189609,-0.570979942067427
47.5083066132265,0.297033830550092,0.00815468783402141,10.8194327345271,-1.21390923909034,-4.80916232273178,2.38134384455109,0.167302312913438,0.00200634657045262,13.9507622054905,-1.78795284613909,-6.21143983743935,2.63553414516117,-0.574043607048745
47.6145891783567,0.295745606061098,0.00797794739104989,10.9634043967963,-1.21825563317028,-4.83107411977362,2.39456285343307,0.166067174768642,0.00194896873624758,14.1502046814441,-1.79536290520034,-6.24045489950503,2.64972908910435,-0.577107272030062
47.720871743487,0.29446296855299,0.00780503211633945,11.1092995591292,-1.22260202725021,-4.85298661018151,2.40778255568109,0.164841155243967,0.00189323015979209,14.3525108775731,-1.80277296426159,-6.26947082946955,2.66392490094636,-0.580170937011379
47.8271543086172,0.293185893795245,0.00763585941626933,11.257143909351,-1.22694842133014,-4.87489978393907,2.42100294127878,0.163624187019628,0.00183908407835524,14.5577219078412,-1.81018302332284,-6.29848761479917,2.67812156815349,-0.583234601992697
47.9334368737475,0.291914357662423,0.00747034847328821,11.4069634789013,-1.23129481541008,-4.89681363122156,2.43422400040141,0.162416203272842,0.00178648506010057,14.7658794773688,-1.81759308238409,-6.32750524319989,2.6923190784317,-0.586298266974014
48.0397194388778,0.290648336133719,0.00730842020801287,11.5587846474236,-1.23564120949001,-4.91872814239133,2.44744572341131,0.161217137674155,0.00173538896635005,14.9770258909234,-1.82500314144534,-6.3565237026117,2.70651741972101,-0.589361931955332
48.146002004008,0.289387805292503,0.00714999724212296,11.7126341474149,-1.23998760356994,-4.94064330799336,2.46066810085348,0.160026924383803,0.00168575291491124,15.1912040615323,-1.83241320050659,-6.38554298120308,2.72071658018989,-0.592425596936649
48.2522845691383,0.28813274132587,0.00699500386203637,11.8685390689394,-1.24433399764988,-4.962559118751,2.47389112345124,0.158845498048095,0.00163753524443793,15.40845751922,-1.83982325956784,-6.41456306736562,2.73491654822993,-0.595489261917967
48.3585671342685,0.286883120524194,0.00684336598334916,12.0265268644043,-1.24868039172981,-4.98447556556174,2.48711478210212,0.157672793795825,0.00159069547979566,15.6288304198703,-1.84723331862909,-6.44358394970877,2.74911731245058,-0.598552926899284
48.4648496993988,0.285638919280672,0.00669501111602416,12.1866253533993,-1.25302678580974,-5.00639263949323,2.50033906787374,0.156508747234708,0.00154519429840384,15.8523675542167,-1.85464337769035,-6.4726056170548,2.76331886167411,-0.601616591880601
48.5711322645291,0.284400114090886,0.00654986833031343,12.3488627276021,-1.25737317988968,-5.02831033177925,2.5135639719999,0.155353294447849,0.00150099349752743,16.079114356962,-1.8620534367516,-6.50162805843385,2.77752118493065,-0.604680256861919
48.6774148296593,0.283166681552356,0.00640786822339909,12.5132675557488,-1.26171957396961,-5.05022863381594,2.52678948587671,0.154206371990228,0.00145805596249154,16.3091169160297,-1.86946349581285,-6.5306512630791,2.79172427145341,-0.607743921843236
48.7836973947896,0.281938598364096,0.00626894288673828,12.6798687886706,-1.26606596804954,-5.07214753715798,2.5400156010589,0.153067916885222,0.00141634563579324,16.5424219819472,-1.8768735548741,-6.55967522042215,2.80592811067396,-0.610807586824553
48.8899799599198,0.280715841326176,0.00613302587409731,12.8486957643989,-1.27041236212948,-5.09406703351508,2.55324230925613,0.15193786662114,0.00137582748708546,16.7790769773661,-1.88428361393535,-6.58869992008846,2.82013269221777,-0.613871251805871
48.9962625250501,0.279498387339284,0.00600005217026128,13.0197782133382,-1.27475875620941,-5.11598711474834,2.56646960232951,0.150816159147796,0.00133646748400862,17.0191300067174,-1.8916936729966,-6.61772535189291,2.83433800589972,-0.616934916787188
49.1025450901804,0.278286213404287,0.00586995816040503,13.1931462635081,-1.27910515028934,-5.13790777286685,2.57969747228816,0.149702732873101,0.00129823256384623,17.2626298660072,-1.89910373205785,-6.64675150583554,2.84854404171984,-0.619998581768506
49.2088276553106,0.277079296621801,0.00574268160011176,13.3688304458562,-1.28345154436928,-5.15982900002438,2.59292591128582,0.148597526659679,0.00126109060598141,17.5096260527529,-1.9065137911191,-6.67577837209735,2.86275078985914,-0.623062246749823
49.3151102204409,0.275877614191754,0.0056181615860263,13.5468616996411,-1.28779793844921,-5.18175078851608,2.60615491161765,0.147500479821512,0.001225010405132,17.7601687760619,-1.91392385018035,-6.70480594103621,2.87695824067551,-0.626125911731141
49.4213927855712,0.274681143412958,0.00549633852712935,13.7272713778887,-1.29214433252914,-5.20367313077534,2.61938446571705,0.146411532120607,0.00118996164534222,18.0143089668563,-1.9213339092416,-6.73383420318298,2.89116638469977,-0.629189576712458
49.5276753507014,0.273489861682677,0.00537715411662056,13.9100912529206,-1.29649072660908,-5.22559601937071,2.63261456615256,0.145330623763687,0.0011559148747099,18.2720982882439,-1.92874396830285,-6.76286314923755,2.90537521263185,-0.632253241693775
49.6339579158317,0.272303746496205,0.00526055130439714,14.095353521957,-1.30083712068901,-5.24751944700289,2.64584520562487,0.144257695398911,0.0011228414808285,18.5335891460386,-1.9361540273641,-6.79189277006518,2.91958471533698,-0.635316906675093
49.7402404809619,0.271122775446437,0.00514647427011619,14.2830908127944,-1.30518351476894,-5.26944340650181,2.65907637696392,0.143192688112611,0.00109071366692395,18.7988346994329,-1.94356408642535,-6.8209230566928,2.93379488384209,-0.63838057165641
49.8465230460922,0.269946926223446,0.00503486839682856,14.4733361895592,-1.30952990884888,-5.2913678908238,2.67230807312604,0.142135543426063,0.00105950442866677,19.0678888718228,-1.95097414548661,-6.84995400030546,2.94800570933224,-0.641444236637728
49.9528056112225,0.268776176614064,0.00492568024517187,14.6661231585393,-1.31387630292881,-5.31329289304881,2.68554028719119,0.141086203292267,0.0010291875316405,19.3408063617894,-1.95838420454786,-6.87898559224287,2.96221718314716,-0.644507901619045
50.0590881763527,0.267610504501459,0.00481885752811199,14.8614856740917,-1.31822269700874,-5.33521840637771,2.69877301236022,0.140044610092771,0.000999737489448016,19.617642654238,-1.96579426360911,-6.90801782399605,2.97642929677783,-0.647571566600362
50.165370741483,0.266449887864719,0.00471434908622052,15.0594581446318,-1.32256909108868,-5.35714442412969,2.71200624195234,0.139010706634495,0.000971129542437781,19.8984540316976,-1.97320432267036,-6.93705068720402,2.9906420418633,-0.65063523158168
50.2716533066132,0.265294304778437,0.00461210486347813,15.2600754387006,-1.32691548516861,-5.37907093973968,2.72523996940245,0.137984436146602,0.000943339637032705,20.1832975857832,-1.98061438173161,-6.9660841736506,3.00485541018739,-0.653698896562997
50.3779358717435,0.264143733412295,0.00451207588359188,15.4633728911144,-1.33126187924855,-5.40099794675584,2.73847418825875,0.136965742277373,0.000916344405644482,20.4722312288224,-1.98802444079286,-6.99511827526133,3.01906939367561,-0.656762561544315
50.4842184368738,0.262998152030653,0.00441421422681654,15.6693863091962,-1.33560827332848,-5.42292543883719,2.75170889218023,0.135954569091115,0.000890121147157116,20.7653137056501,-1.99543449985411,-7.02415298410038,3.03328398439215,-0.659826226525632
50.590501002004,0.261857538992135,0.0043184730072688,15.8781519790913,-1.33995466740841,-5.44485340975118,2.76494407493436,0.13495086106509,0.000864647807963475,21.0626046055719,-2.00284455891536,-7.05318829236762,3.0474991745369,-0.662889891506949
50.6967835671343,0.260721872749227,0.0042248063507246,16.0897066721662,-1.34430106148835,-5.46678185337144,2.77817973039475,0.133954563086467,0.000839902963539413,21.3641643745007,-2.01025461797661,-7.08222419239575,3.06171495644253,-0.665953556488267
50.8030661322645,0.259591131847862,0.00413316937288899,16.3040876514943,-1.34864745556828,-5.48871076367548,2.79141585253892,0.132965620449295,0.000815865800540237,21.6700543272669,-2.01766467703786,-7.11126067664747,3.07593132257175,-0.669017221469584
50.9093486973948,0.25846529492702,0.004043518158129,16.5213326784275,-1.35299384964821,-5.51064013474255,2.80465243544613,0.131983978851499,0.000792516099404853,21.9803366601063,-2.02507473609911,-7.14029773771274,3.09014826551451,-0.672080886450901
51.0156312625251,0.257344340718324,0.00395580973865954,16.7414800192565,-1.35734024372815,-5.53256996075146,2.81788947329517,0.131009584391897,0.000769834217453256,22.2950744633273,-2.03248479516036,-7.16933536830611,3.10436577798538,-0.675144551432219
51.1219138276553,0.256228248045636,0.0038700020741731,16.9645684519598,-1.36168663780808,-5.55450023597855,2.83112696036239,0.130042383567244,0.000747801072463476,22.6143317341606,-2.03989485422162,-7.19837356126412,3.11858385282089,-0.678208216413537
51.2281963927856,0.255116995824657,0.00378605403190374,17.1906372730428,-1.36603303188801,-5.57643095479559,2.84436489101957,0.12908232326929,0.000726398126714451,22.9381733897937,-2.04730491328287,-7.22741230954278,3.13280248297705,-0.681271881394854
51.3344789579158,0.254010563062533,0.00370392536711623,17.4197263044691,-1.37037942596795,-5.59836211166788,2.85760325973199,0.128129350781866,0.000705607371481668,23.2666652805924,-2.05471497234412,-7.25645160621506,3.14702166152682,-0.684335546376171
51.4407615230461,0.252908928857451,0.00362357670401168,17.6518759006838,-1.37472582004788,-5.62029370115225,2.8708420610565,0.127183413777992,0.000685411311972838,23.5998742035132,-2.06212503140537,-7.28549144446848,3.16124138165775,-0.687399211357489
51.5470440881764,0.251812072398252,0.00354496951704053,17.8871269557315,-1.37907221412781,-5.64222571789523,2.88408128963961,0.126244460316997,0.000665792952691145,23.9378679157079,-2.06953509046662,-7.31453181760279,3.17546163666956,-0.690462876338806
51.6533266533066,0.250719972964032,0.00346806611261463,18.1255209104688,-1.38341860820775,-5.66415815663118,2.89732094021569,0.125312438841673,0.000646735783213997,24.2807151483251,-2.07694514952787,-7.34357271902765,3.18968241997191,-0.693526541320124
51.7596092184369,0.249632609923754,0.00339282961120983,18.3670997598739,-1.38776500228768,-5.68609101218051,2.91056100760515,0.124387298175442,0.000628223764375611,24.6284856205081,-2.08435520858912,-7.37261414226035,3.20390372508211,-0.69659020630144
51.8658917835672,0.248549962735856,0.00331922392985098,18.6119060604535,-1.39211139636761,-5.70802427944793,2.92380148671271,0.123468987519545,0.000610241314841917,24.9812500535966,-2.09176526765037,-7.40165608092371,3.21812554562297,-0.699653871282758
51.9721743486974,0.247472010947866,0.00324721376497114,18.8599829377495,-1.39645779044755,-5.72995795342075,2.93704237252566,0.122557456450255,0.000592773298066794,25.3390801855308,-2.09917532671162,-7.43069852874387,3.23234787532063,-0.702717536264076
52.0784569138277,0.246398734196012,0.00317676457563724,19.1113740939453,-1.40080418452748,-5.75189202916721,2.95028366011225,0.121652654916105,0.000575805009618809,25.7020487854635,-2.10658538577287,-7.45974147954824,3.2465707080025,-0.705781201245393
52.1847394789579,0.245330112204837,0.00310784256713442,19.3661238155745,-1.40515057860741,-5.77382650183485,2.96352534462003,0.120754533235143,0.000559322164868003,26.070229668582,-2.11399544483412,-7.48878492726346,3.26079403759521,-0.70884486622671
52.2910220440882,0.244266124786822,0.00304041467490132,19.6242769813325,-1.40949697268735,-5.79576136664895,2.97676742127426,0.119863042092203,0.000543310887022526,26.4436977111441,-2.12140550389537,-7.51782886591343,3.27501785812268,-0.711908531208028
52.3973046092185,0.243206751841998,0.00297444854880928,19.8858790699923,-1.41384336676728,-5.81769661891094,2.99000988537638,0.118978132536195,0.000527757695505265,26.8225288657286,-2.12881556295662,-7.54687328961735,3.2892421637041,-0.714972196189345
52.5035871743487,0.24215197335757,0.00290991253777769,20.150976168427,-1.41818976084721,-5.83963225399692,3.00325273230249,0.11809975597742,0.000512649494660796,27.206800176707,-2.13622562201788,-7.57591819258787,3.30346694855212,-0.718035861170662
52.609869739479,0.241101769407535,0.00284677567471883,20.4196149797387,-1.42253615492715,-5.86156826735618,3.01649595750189,0.1172278641849,0.000497973562783359,27.5965897959364,-2.14363568107913,-7.60496356912918,3.31769220697092,-0.72109952615198
52.7161523046092,0.240056120152312,0.0027850076618049,20.6918428314968,-1.42688254900708,-5.88350465450976,3.0297395564956,0.116362409283732,0.000483717541456744,27.9919769986789,-2.15104574014038,-7.63400941363528,3.33191793335452,-0.724163191133298
52.8224348697395,0.239015005838362,0.00272457885605064,20.9677076840863,-1.43122894308701,-5.90544141104904,3.04298352487501,0.115503343752456,0.000469869425197267,28.3930421997493,-2.15845579920163,-7.66305572058816,3.34614412218491,-0.727226856114615
52.9287174348698,0.237978406797815,0.00266546025520468,21.2472581391679,-1.43557533716695,-5.92737853263436,3.05622785830046,0.114650620420448,0.000456417551391254,28.7998669698957,-2.16586585826288,-7.69210248455614,3.36037076803039,-0.730290521095932
53.035,0.236946303448102,0.00260762348394329,21.5305434482507,-1.43992173124688,-5.94931601499368,3.06947255249992,0.11380419246533,0.000443350590518705,29.2125340524149,-2.17327591732413,-7.72114970019214,3.37459786554388,-0.733354186077249
