"cehwi","rr_n63","rr_low_n63","rr_high_n63","log_rr_n63","log_rr_low_n63","log_rr_high_n63","rr_n60","rr_low_n60","rr_high_n60","log_rr_n60","log_rr_low_n60","log_rr_high_n60","delta_log_rr"
0,1,1,1,0,0,0,1,1,1,0,0,0,0
0.352144288577154,0.99537383889492,0.990888905264399,0.999879072106517,-0.00463689490535184,-0.00915285460485355,-0.000120935205850066,0.994872902499001,0.990245948715918,0.999521475861884,-0.00514028616441398,-0.00980193366149863,-0.000478638667329276,-0.000503391259062141
0.704288577154308,0.990779425036022,0.98188210329335,0.999757369833059,-0.0092633475938306,-0.018284035581259,-0.000242659606402135,0.989783431496683,0.980609737117809,0.999042946631126,-0.0102691158480556,-0.0195807200592466,-0.000957511636864467,-0.00100576825422496
1.05643286573146,0.98622681449514,0.972999334348196,0.999634116174186,-0.0138689158485634,-0.0273718809194944,-0.00036595077763237,0.984742559809522,0.971112241387125,0.998564190391707,-0.0153750325701521,-0.0293132237696676,-0.00143684137063679,-0.00150611672158878
1.40857715430862,0.981725876805417,0.964259574898725,0.999508557942595,-0.0184431574526771,-0.0363947520507229,-0.000491562854631329,0.979761034058035,0.961773470921044,0.998085009497289,-0.0204465798499316,-0.0389763332585947,-0.00191682644126847,-0.00200342239725449
1.76072144288577,0.977286299765206,0.955681054991388,0.999379977996294,-0.0229756301892988,-0.0453310460817611,-0.000620214296836441,0.974849380743354,0.95261259084584,0.997605242958091,-0.0254723012066212,-0.0485469733545839,-0.00239762905865859,-0.00249667101732238
2.11286573146293,0.972917595210491,0.94728127910935,0.999247708093782,-0.0274558918415554,-0.0541592086633389,-0.000752575019771959,0.970017913470908,0.943647948435882,0.997124779441397,-0.0304407401594488,-0.0580021183734919,-0.00287936194540558,-0.00298484831789337
2.46501002004008,0.968629105724767,0.939077050029378,0.999111142613707,-0.031873500192574,-0.0628577477308869,-0.000889252654261028,0.96527674128011,0.934897102884488,0.996643571128355,-0.0353404402276417,-0.067318806140361,-0.0033620743149225,-0.00346694003506767
2.81715430861723,0.964430012257095,0.931084495177633,0.998969753400062,-0.0362180130254815,-0.0714052483822111,-0.0010307776687519,0.960635778041308,0.926376857874373,0.996161648694999,-0.0401599449304276,-0.0764741531809849,-0.00384573667987044,-0.00394193190494614
3.16929859719439,0.96032934262106,0.92331909497731,0.998823106026699,-0.0404789881234049,-0.0797803891899525,-0.00117758705685725,0.956104752884063,0.918103296390764,0.995679137719183,-0.0448877977870341,-0.085445371390432,-0.00433022418363621,-0.00440880966362921
3.52144288577154,0.956335980849635,0.915795712664188,0.998670877817266,-0.0446459832694711,-0.0879619602898779,-0.00133000624906432,0.951693221623831,0.910091817207636,0.995196276858851,-0.0495125423166887,-0.0942097865307361,-0.00481529810264126,-0.00486655904721751
3.8735871743487,0.952458677383468,0.908528625019504,0.99851287801041,-0.0487085562468072,-0.0959288836406223,-0.00148822885299222,0.947410579157459,0.902357172454896,0.994713438202695,-0.054022722038619,-0.102744858966872,-0.00530058511036571,-0.00531416579181179
4.22573146292585,0.948706060072814,0.901531553430737,0.998349070527603,-0.0526562648385403,-0.103660235918856,-0.00165229375822505,0.943266072801575,0.894913505639031,0.994231150264251,-0.0584068804720526,-0.111028207121495,-0.00578555382260966,-0.00575061563351227
4.57787575150301,0.945086645976257,0.894817694636635,0.998179599885265,-0.0564786668277972,-0.111135274598972,-0.00182205905662208,0.939268816551767,0.887774389438418,0.99375012417809,-0.0626535611362169,-0.119037634217915,-0.00626948805451876,-0.00617489430841969
4.93002004008016,0.941608853942552,0.888399750439392,0.998004820897901,-0.0601653199977049,-0.118333467872089,-0.00199717212332116,0.935427806244651,0.880952862523101,0.99327128376603,-0.0667513075503398,-0.126751158991449,-0.006751456109231,-0.00658598755263484
5.28216432865731,0.938281017965223,0.882289955569206,0.997825332949514,-0.0637057821313905,-0.125234529190176,-0.00217703507260509,0.931751935609324,0.874461464552027,0.992795800277451,-0.0706886632336485,-0.134147051186767,-0.00723027528053042,-0.00698288110225798
5.63430861723447,0.935111401303144,0.876500102758449,0.997642019772941,-0.0670896110119809,-0.131818457383605,-0.00236076464035657,0.928250013199322,0.868312268372004,0.992325132777455,-0.0744541717053708,-0.141203872829584,-0.00770447058115755,-0.00736456069338995
5.98645290581162,0.932108211364056,0.871041563916526,0.997456095878751,-0.070306364422603,-0.138065583501795,-0.00254714534341082,0.924930780201169,0.862516908273679,0.99186107536815,-0.0780363764847343,-0.147900526473205,-0.00817222649626388,-0.00773001206213128
6.33859719438878,0.929279615351973,0.865925306082411,0.997269161026836,-0.0733456001463839,-0.143956625776527,-0.00273457451624073,0.921802929120724,0.857086602940065,0.991405812692381,-0.0814238210909663,-0.154216311884252,-0.00863133029768046,-0.0080782209445824
6.69074148296593,0.926633756683581,0.861161900557596,0.997083264447203,-0.0761968759664507,-0.1494727544176,-0.0029209975153018,0.918875123354006,0.852032171439494,0.990961985499159,-0.0846050490432948,-0.160130992960199,-0.00907910512639044,-0.00840817307684408
7.04288577154308,0.924178772183127,0.856761523272479,0.996900980907235,-0.0788497496659303,-0.154595668335401,-0.00310383099645937,0.916156017654848,0.847364040250649,0.990532768462672,-0.0875686038609469,-0.165624877079926,-0.00951233064196824,-0.00871885419501661
7.39503006012024,0.921922575631021,0.852733511122118,0.996725500255867,-0.0812940333214138,-0.159308193992147,-0.00327987265068059,0.913654026970306,0.843091781923245,0.99012195219696,-0.0903033054778407,-0.170679451552982,-0.00992715940269909,-0.00900927215642691
7.74717434869739,0.919866380255763,0.84907444819832,0.996560618824796,-0.0835268583396662,-0.163608407235741,-0.00344530944359136,0.911370352894416,0.839211548431759,0.989733663326052,-0.0928059298734351,-0.175292460755747,-0.0103193989911235,-0.00927907153376886
8.09931863727455,0.918003937026524,0.845767189287159,0.996410405925631,-0.085553599670926,-0.167511147215518,-0.00359605212633367,0.909298174642152,0.835705051836794,0.989371990261728,-0.0950822136842082,-0.179479536956767,-0.010684890411649,-0.00952861401328223
8.4514629258517,0.916328758334086,0.842794396644801,0.996279041119403,-0.0873800722212703,-0.171032245573492,-0.0037278988690488,0.907430434686085,0.83255385249667,0.989041118872093,-0.0971383717746464,-0.183257371536009,-0.0110193720132842,-0.00975829955337611
8.80360721442886,0.914834512337926,0.840139255694225,0.99617078870217,-0.0890120908967762,-0.174187620296497,-0.00383656149705506,0.905760262384717,0.829740108812934,0.988745324230424,-0.098980619009236,-0.186642749136523,-0.011318488881949,-0.00996852811245977
9.15575150300601,0.913515011267403,0.837785435814169,0.996089977381735,-0.0904554706035211,-0.176993254465888,-0.0039176867411547,0.904280960148786,0.827246530493361,0.988488950687927,-0.100615170252463,-0.189652526213555,-0.0115778142913713,-0.0101596996489421
9.50789579158316,0.912364200247065,0.835717053606625,0.996040980975703,-0.0917160262475822,-0.179465175809105,-0.00396687668605885,0.902985990240972,0.825056334833236,0.98827639295234,-0.102048240368814,-0.1923036103324,-0.0117928704052291,-0.0103322141212322
9.86004008016032,0.911376146620298,0.833918639504899,0.996028199011832,-0.0927995727350366,-0.181619435932625,-0.00397970953744788,0.901868962175623,0.823153206865088,0.988112077013438,-0.103286044222776,-0.194612939050359,-0.0119591493951926,-0.0104864714877393
10.2121843687375,0.910545029747568,0.832375108354316,0.996056036367057,-0.0937119249719615,-0.183472088376478,-0.00395176156744482,0.900923620687749,0.821521264000536,0.988000440013679,-0.104334796678834,-0.196597457481275,-0.0120721358763932,-0.0106228717068724
10.5643286573146,0.909865131257455,0.831071734448217,0.996128881254508,-0.0944588978644343,-0.185039164809929,-0.00387863091893972,0.900143834242986,0.820145025643322,0.98794590833505,-0.105200712601475,-0.198274093821183,-0.0121273313817662,-0.0107418147370406
10.9164729458918,0.909330825730421,0.829994131398481,0.996251080992985,-0.0950463063185319,-0.18633664882073,-0.00375596381633391,0.899523584062531,0.819009388154506,0.987952873297292,-0.105890006855185,-0.199659732246653,-0.0121202814637172,-0.0108437005366529
11.2686172344689,0.908936571797022,0.829128237140025,0.99642691509323,-0.0954799652403319,-0.187380446859371,-0.00357948362129324,0.899056953639247,0.818099605476133,0.98802566396136,-0.10640889430445,-0.200771182706663,-0.0120466059022383,-0.0109289290641185
11.6207615230461,0.908676903633837,0.828460304297725,0.99666056528503,-0.0957656895359111,-0.188186355999974,-0.00334502307184862,0.898738118723179,0.817401275653028,0.988168516620893,-0.106763589813758,-0.201625147230438,-0.0119020323970779,-0.0109979002778466
11.9729058116232,0.908546422841926,0.827976896071486,0.996956082199172,-0.0959092941113471,-0.188770028281488,-0.00304855994120647,0.898561337756643,0.816900333422616,0.988385540654811,-0.106960308247593,-0.202238182478422,-0.0116824340167645,-0.0110510141362461
12.3250501002004,0.908539790694053,0.827664887713636,0.997317348516044,-0.0959165938727169,-0.18914693150367,-0.00268625624176448,0.898520942740909,0.816583048962203,0.988680680513833,-0.107005264470443,-0.202626658379462,-0.0113838705614239,-0.0110886705977261
12.6771943887776,0.908651720738275,0.827511473577407,0.997748038503052,-0.0957934037260978,-0.189332306476701,-0.00225450097549465,0.89861133051819,0.81643603278645,0.989057673728229,-0.106904673346794,-0.202806712829276,-0.0110026338643116,-0.0111112696206958
13.0293386773547,0.908876971746783,0.827504179603451,0.998251573988977,-0.095545538577567,-0.189341120863371,-0.00174995629176323,0.898826954454298,0.816446246671774,0.989520004956769,-0.106664749741131,-0.202794202576146,-0.0105352969061169,-0.0111192111635642
13.3814829659319,0.909210341000069,0.827630880982279,0.998831076965532,-0.0951788133332016,-0.18918801990854,-0.00116960675786335,0.89916231650887,0.816601020348031,0.990070856248774,-0.106291708517942,-0.20260465058969,-0.00997876644619432,-0.0111128951847405
13.733627254509,0.909646657897684,0.827879824585851,0.999489319163398,-0.0946990428990789,-0.188887274519686,-0.000510811278471431,0.899611959681493,0.816888073542549,0.990713053861011,-0.105791764541712,-0.20225319039501,-0.0093303386884152,-0.0110927216426336
14.0857715430862,0.910180777887889,0.828239655605073,1.00022866911799,-0.0941120421812762,-0.188452727339742,0.000228642977189804,0.900170460823488,0.817295542791236,0.99144901215514,-0.105171132676929,-0.201754508052269,-0.00858775730158879,-0.0110590904956527
14.4379158316633,0.91080757670956,0.828699447667753,1.00105103741319,-0.0934236260858705,-0.187897737631824,0.00105048546008311,0.900832423806342,0.817812012252713,0.99228067529295,-0.104436027788077,-0.201122782662633,-0.00774927291352174,-0.0110124017022069
14.7900601202405,0.911521944940659,0.829248735552046,1.00195782096101,-0.0926396095189391,-0.187235125965248,0.00195590692736932,0.90159247303908,0.818426547583359,0.993209457636674,-0.103592664739645,-0.200371626474745,-0.0068137030045444,-0.0109530552207055
15.1422044088176,0.912318782848489,0.829877549463536,1.00294984733133,-0.0917658073865595,-0.186477119842052,0.00294550506893303,0.902445247327962,0.819128731764958,0.994236183939051,-0.102647258396117,-0.199514025838612,-0.00578049095362156,-0.0108814510095572
15.4943486973948,0.913192995537841,0.830576449721145,1.00402732027781,-0.0908080345948084,-0.185635301521007,0.00401923233139046,0.903385394073037,0.819908701635152,0.995361030559779,-0.10160602362198,-0.198562284391864,-0.00464976285209585,-0.0107979890271714
15.8464929859719,0.914139488393893,0.831336560609333,1.00518976770197,-0.0897721060497634,-0.184720559369685,0.0051763472701578,0.904407563797076,0.820757183767051,0.996583469058633,-0.10047517528172,-0.197527969952719,-0.00342238061072163,-0.0107030692319569
16.1986372745491,0.915153162817552,0.832149602111927,1.00643599334717,-0.0886638366575016,-0.183743044094169,0.0064153707791655,0.905506405003416,0.821665528290399,0.99790221357859,-0.0992609282398246,-0.196421866622206,-0.00209998985744292,-0.0105970915823231
16.5507815631263,0.916228912251561,0.833007918254494,1.00776403350971,-0.0874890413241002,-0.182712131152797,0.00773404850459662,0.906676559360115,0.822625739252222,0.999315173435202,-0.097969497360779,-0.195253933555935,-0.000685061165623362,-0.0104804560366788
16.9029258517034,0.917361618496421,0.833904500852133,1.00917111999087,-0.0862535349556365,-0.181636390551403,0.00912932064013011,0.907912657208701,0.823630500185886,1.00081941226524,-0.0966070975090697,-0.194033271748431,0.000819076730291427,-0.0103535625534332
17.2550701402806,0.918546148315744,0.834833007588133,1.01065365039081,-0.0849631324581875,-0.180523565044547,0.010597300128172,0.909209313396592,0.824673193694756,1.00241111495748,-0.0951799435491831,-0.192768099982059,0.00240821288369243,-0.0102168110909956
17.6072144288577,0.91977735033125,0.835787773531586,1.01220716666825,-0.0836236487378306,-0.179380557537169,0.0121332600615075,0.910561123432974,0.825747914055487,1.00408556339605,-0.0936942503456055,-0.191465740835547,0.0040772401443358,-0.0100706016077749
17.9593587174349,0.921050052208125,0.836763815429235,1.01382634266686,-0.0822408987006429,-0.178213428206286,0.013731630805,0.911962659968652,0.826849472096008,1.00583712180266,-0.092156232762823,-0.190132617338082,0.00582015181243622,-0.00991533406218011
18.311503006012,0.922359058131933,0.837756828364952,1.01550498105569,-0.0808206972527018,-0.177027401559437,0.0153860070540335,0.913408469600975,0.827973391889093,1.00765923218285,-0.0905721056653222,-0.188774260512876,0.00763004918223175,-0.00975140841262034
18.6636472945892,0.923699146578712,0.838763174652712,1.01723601986164,-0.0793688593000843,-0.175826883335002,0.0170891647348332,0.914893070005546,0.829115899105333,1.00954442008334,-0.0889480839175893,-0.187395327701609,0.00949915986643044,-0.00957922461750496
19.0157915831663,0.925065068380265,0.839779865097682,1.01901154850604,-0.0778911997488677,-0.174615486849807,0.0188330873520713,0.916410947396913,0.830273901168668,1.01148431057127,-0.0872903823841106,-0.185999631221949,0.0114188664537276,-0.00939918263524286
19.3679358717435,0.926451545086964,0.840804533007514,1.02082283301195,-0.0763935335051293,-0.173396068130986,0.0206090011207274,0.917956554320925,0.831444959633416,1.01346965407339,-0.0856052159293723,-0.184590176606927,0.0133797447481822,-0.00921168242424307
19.7200801603206,0.927853267630727,0.841835401546678,1.02266034983952,-0.0748816754749462,-0.17217076894847,0.022407417998578,0.919524307781841,0.832627255436174,1.01549036148083,-0.0838987994178608,-0.183169209426552,0.0153716105908303,-0.00901712394291464
20.0722244488978,0.929264895291003,0.842871245188481,1.02451382764529,-0.0733614405643957,-0.170941066704057,0.024218185575266,0.921108587707608,0.833819547855309,1.01753554774652,-0.0821773477140625,-0.181738269512689,0.0173835740845644,-0.00881590714966685
20.4243687374749,0.930681054966853,0.843911346124684,1.02637229615614,-0.0718386436795548,-0.169707830039911,0.0260305426808016,0.922703735757044,0.835021128126378,1.01959358308734,-0.0804470756824635,-0.180298251306038,0.0194040999411105,-0.00860843200290871
20.7765130260521,0.932096340758307,0.844955446537989,1.02822414130206,-0.070319099726501,-0.168471379005573,0.027833179552571,0.924304054472892,0.836231768710122,1.02165215085386,-0.0787141981875503,-0.17884946902085,0.0214210726457497,-0.00839509846104931
21.1286573146293,0.933505313860301,0.846003697629303,1.03005716576343,-0.0688086236113113,-0.16723154866525,0.0296143014426269,0.925903806784869,0.837451669192261,1.02369831114623,-0.076984930093809,-0.177391725375262,0.0234218651876443,-0.00817630648249769
21.4808016032064,0.934902502772537,0.847056606224059,1.03185865415369,-0.0673130302400631,-0.16598775512984,0.0313616946497134,0.927497215866975,0.838681399716535,1.02571856933008,-0.075265486265726,-0.175924382754645,0.0253934102231928,-0.00795245602566295
21.8329458917836,0.936282403828582,0.848114979666948,1.0336154421695,-0.0658381345188334,-0.164739063151731,0.0330627941140647,0.929078465353365,0.839921842722543,1.02769894873243,-0.0735620815677878,-0.174446435851599,0.0273222727160235,-0.00772394704895443
22.1850901803607,0.937639482047479,0.849179869560365,1.03531398918986,-0.0643897513536996,-0.163484254614926,0.0347047519075269,0.930641699917088,0.841174133587272,1.02962506696565,-0.0718809308644804,-0.172956585047108,0.029194723318147,-0.00749117951078081
22.5372344689379,0.938968172311041,0.85025251471683,1.03694045398592,-0.0629736956507389,-0.162221897478706,0.0362745061772286,0.93218102621593,0.842439600563199,1.03148221552744,-0.0702282490202902,-0.171453310051696,0.0309968120111155,-0.00725455336955129
22.889378757515,0.940262880869781,0.851334283486598,1.03848077340522,-0.0615957823160283,-0.160950414981723,0.0377588503496669,0.933690514209452,0.843719704174431,1.03325544254977,-0.0686102508997035,-0.169934943603676,0.0327144418042689,-0.00701446858367522
23.2415230460922,0.94151798718029,0.852426615393845,1.03992074411527,-0.0602618262556452,-0.159668155179152,0.0391445026678619,0.935164198851137,0.845015975981126,1.03492963881244,-0.0670331513672067,-0.168399745317149,0.034333442582736,-0.00677132511156148
23.5936673346693,0.942727846076515,0.853530961770707,1.04124610772681,-0.0589776423756668,-0.158373461165764,0.0404181764144309,0.936596082159265,0.846329956354233,1.03648962739649,-0.065503165287286,-0.166845976082439,0.0358396455078665,-0.0065255229116192
23.9458116232465,0.943886790277128,0.854648724817624,1.04244263986912,-0.0577490455821703,-0.15706474263313,0.0415666514687888,0.937980135669832,0.847663130616377,1.03792025762811,-0.0640265075244279,-0.165271973747197,0.0372189586983411,-0.00627746194225758
24.2979559118236,0.944989133230748,0.855781194237142,1.04349624406066,-0.056581850781233,-0.155740549724222,0.0425768481617558,0.939310303274417,0.849016862595909,1.03920650426164,-0.0626093929431184,-0.163676231153179,0.0384574452669424,-0.00602754216188538
24.6501002004008,0.946029172300347,0.856929480279309,1.04439305151641,-0.0554818728789319,-0.154399650492022,0.0434359047341581,0.940580504445425,0.850392324300997,1.04033357317754,-0.061258036407844,-0.162057477981731,0.0395414051660435,-0.00577616352891214
25.002244488978,0.947001192287685,0.858094441689035,1.04511952836922,-0.0544549267813444,-0.153041113653,0.0441312600903111,0.941784637850609,0.851790420035977,1.04128701524248,-0.059978652783091,-0.160414768285574,0.0404574627193923,-0.00552372600174662
25.3543887775551,0.947899469298042,0.859276606644226,1.04566259217101,-0.0535068273945476,-0.151664398768868,0.0446507439797722,0.942916585358168,0.853211702835223,1.04205285041105,-0.0587774569333457,-0.158747576075796,0.0411926622091049,-0.00527062953879806
25.7065330661323,0.948718274944921,0.860476084299025,1.04600974000073,-0.0526433896246189,-0.15026945651279,0.0449826772635525,0.943970216433035,0.854656280557581,1.04261770466519,-0.0576606637230942,-0.157055901917244,0.0417345744710556,-0.00501727409847531
26.0586773547094,0.949452047451571,0.86169249902094,1.04614951555714,-0.0518702529523795,-0.148856801635694,0.0451162957309348,0.944939568466464,0.8561237489315,1.04296930107125,-0.0566343022459365,-0.155340346780364,0.0420717422884909,-0.004764049293557
26.4108216432866,0.950098488950893,0.862925501250277,1.04607771748417,-0.051189627181294,-0.147426916943289,0.0450476625807005,0.945822112228314,0.85761379810129,1.04310293276598,-0.0557007696543316,-0.1536013995911,0.0421998602824369,-0.00451114247303754
26.7629659318637,0.950658289244833,0.864174518801037,1.0457970736788,-0.0506005983096918,-0.145980541222132,0.0447793446027485,0.946618464975707,0.859125951354472,1.04302112725174,-0.054859155070506,-0.151839742188184,0.0421214320471722,-0.00425855676081413
27.1151102204409,0.951132272551136,0.865438085470063,1.04531175028763,-0.0501021382524822,-0.144519443065591,0.044315166560627,0.947329385034286,0.860658796357866,1.04272792835813,-0.054108426805244,-0.150057140718623,0.0418402871081356,-0.00400628855276181
27.467254509018,0.951521288453419,0.866713787244457,1.04462716032079,-0.049693218924574,-0.143046475221213,0.0436600373720647,0.947955656969893,0.862209923187222,1.04222870024438,-0.0534475531693301,-0.148256507587546,0.0413614012488855,-0.00375433424475605
27.8193987975952,0.951826211080935,0.867998214873384,1.04374999922418,-0.0493728122408767,-0.141565620921385,0.0428199964396317,0.948498090798064,0.863775870216639,1.04153016918838,-0.0528755024735489,-0.146441953302021,0.0406909483549235,-0.0035026902326722
28.1715430861723,0.952047938285831,0.869286898316759,1.04268829836202,-0.0491398901162995,-0.14008206054324,0.0418022803106408,0.948957521189744,0.865352049429218,1.04064048570355,-0.0523912430286848,-0.144618861289882,0.0398363752325129,-0.00325135291238526
28.5236873747495,0.952187390818719,0.870574222219954,1.04145149729128,-0.0489934244657516,-0.138602259514392,0.0406154105828889,0.949334806674043,0.86693264986218,1.03956930830338,-0.0519937431455223,-0.142793987038846,0.0388065007478013,-0.00300031867977067
28.8758316633266,0.952245511503339,0.87185332171833,1.04005053555466,-0.0489323872041421,-0.137134078260497,0.0392693038522127,0.94963082883884,0.868510517986541,1.03832791014641,-0.0516819711348457,-0.1409755828544,0.0376116405847089,-0.00274958393070355
29.2279759519038,0.952223264411114,0.873115958293311,1.03849796430036,-0.0489557502463804,-0.135686904594109,0.0377754041013481,0.949846491529994,0.870077014194967,1.0369293094205,-0.0514548953074397,-0.139173549188174,0.0362637585732948,-0.00249914506105933
29.580120240481,0.95212163403633,0.874352376222223,1.03680807721578,-0.0490624855073755,-0.134271808124757,0.0361468371100065,0.949982720049947,0.871621845399935,1.03538842349621,-0.0513114839740886,-0.137399612664566,0.0347766447163893,-0.00224899846671316
29.9322645290581,0.951941624472708,0.875551141574615,1.03499705885143,-0.0492515649020367,-0.13290171482793,0.0343985850238564,0.950040460356451,0.873132875262369,1.03372224536051,-0.051250705445577,-0.135667529383963,0.0331661184928094,-0.0019991405435403
30.2844088176353,0.951684258592073,0.876698967948591,1.03308314616957,-0.0495219603452731,-0.131591597588483,0.0325476768979364,0.950020678262163,0.874595916090367,1.03195003832198,-0.0512715280326892,-0.133993309474123,0.0314502534087449,-0.00174956768741608
30.6365531062124,0.951350577225826,0.87778053649561,1.03108679579664,-0.0498726437519942,-0.130358675025083,0.0306133875210942,0.94992435863581,0.875994510354258,1.03009354107109,-0.0513729200462098,-0.132395454784265,0.0296496146918455,-0.00150027629421558
30.9886973947896,0.950941638349919,0.878778322542488,1.02903084469736,-0.0503025870371089,-0.129222605887335,0.0286174318131173,0.949752504605628,0.877309715480952,1.02817716946194,-0.0515538497969233,-0.130895195611897,0.027787496018051,-0.00125126275981433
31.3408416833667,0.950458516273976,0.879672447496895,1.02694064560993,-0.0508107621155266,-0.128205659554008,0.0265841353229548,0.949506136765738,0.878519913475561,1.02622819349544,-0.0518132855956139,-0.129516704024457,0.025890132833229,-0.00100252348008732
31.6929859719439,0.94990230083522,0.880440582686538,1.02484415061691,-0.0513961409021564,-0.127332834655567,0.0245405528512537,0.949186292386133,0.879600677054675,1.02427685784709,-0.0521501957530664,-0.128287250571637,0.023986859065504,-0.000754054850910069
32.045130260521,0.949274096597823,0.881057940793059,1.02277190721474,-0.0520576953119076,-0.126631888133534,0.0225164975097194,0.948794024626906,0.880524735808158,1.02235640244847,-0.0525635485800652,-0.127237258529449,0.0221101613693188,-0.000505853268157587
32.3972745490982,0.948575022058285,0.881497399190214,1.02075692259497,-0.0527943972596892,-0.126133227585078,0.0205444330656994,0.948330401757327,0.881262097716778,1.02050292782051,-0.0530523123873945,-0.126400197044322,0.0202955722695333,-0.00025791512770524
32.7494188376753,0.947806208857429,0.881729805133036,1.01883434621239,-0.0536052186604107,-0.125869613294646,0.0186591759738251,0.94779650638039,0.881780389678946,1.01875504152905,-0.0536154554858391,-0.125812245272537,0.0185813343008586,-1.02368254284307e-05
33.1015631262525,0.946968800999561,0.88172451133053,1.01704092212809,-0.0544891314289811,-0.125875617195577,0.0168973543376148,0.94719343466339,0.882045480019794,1.01715322281261,-0.0542519461861832,-0.125511659656464,0.017007767284098,0.000237185242797908
33.4537074148297,0.946063954079354,0.881450177011287,1.01541417603777,-0.0554451074803097,-0.126186799432109,0.0152965844714892,0.946522295575094,0.882022429262173,1.01573885912424,-0.0549607527992115,-0.125537793296219,0.0156162876977959,0.000484354681098177
33.8058517034068,0.945092834516959,0.880875839852311,1.01399133163314,-0.0564721187293057,-0.126838593905791,0.01389435644718,0.945784210130052,0.881676776469351,1.01455294729817,-0.0557408436357083,-0.125929756728673,0.0144480694572562,0.000731275093597397
34.157995991984,0.944056618801856,0.879972217251155,1.01280799783389,-0.0575691370908783,-0.127864943313774,0.0127266691320178,0.944980310640549,0.880976105919185,1.01363451460081,-0.0565911870064581,-0.126724774958379,0.0135424009454625,0.000977950084420191
34.5101402805611,0.942956492745904,0.878713137326165,1.01189672652136,-0.0587351344799366,-0.129296785725863,0.0118265167659899,0.944111739976717,0.879891761415729,1.01301889237797,-0.0575107512222454,-0.127956377466024,0.0129348750215335,0.00122438325769121
34.8622845691383,0.941793650746068,0.877076945150688,1.01128559528288,-0.05996908281139,-0.131160553684725,0.0112223880619447,0.943179650835258,0.878400504285902,1.01273604626731,-0.0584985045938547,-0.129652634131064,0.0126556249433543,0.0014705782175353
35.2144288577154,0.940569295057239,0.875047698313832,1.01099700108826,-0.0612699540001476,-0.133476881751602,0.0109369737513066,0.942185205017264,0.876485875055601,1.01280920299727,-0.0595534154320704,-0.131834689918296,0.0127278590541551,0.00171653856807722
35.5665731462926,0.939284635075571,0.872615975955597,1.01104684076279,-0.0626367199611186,-0.136259710007788,0.0109862700855508,0.941129572715542,0.874139042009777,1.01325399058178,-0.0606744520476771,-0.134515829011883,0.0131669249165293,0.00196226791344151
35.9187174348697,0.937940886632724,0.869779182269255,1.01144419727563,-0.0640683526092122,-0.139515913033216,0.0113792078147912,0.940013931811872,0.87135900588746,1.01407822267294,-0.061860582751459,-0.137701210372049,0.0139800448691309,0.00220776985775323
36.2708617234469,0.936539271301382,0.866541315738791,1.01219156058581,-0.0655638238593377,-0.143245489787433,0.0121178420687579,0.9388394671846,0.868152154961046,1.01528233283371,-0.0631107758542008,-0.141388285950014,0.0151667342416122,0.00245304800513689
36.623006012024,0.935081015712403,0.86291227112704,1.01328551603945,-0.0671221056264043,-0.147442248770473,0.0131980375176645,0.937607370026923,0.864531286684684,1.01686034255627,-0.0644239996666869,-0.145567784016621,0.0167197846832469,0.00269810595971741
36.9751503006012,0.933567350883924,0.858906812852319,1.01471776168841,-0.0687421698253211,-0.152094846174449,0.0146105065238068,0.936318837176235,0.860514291917557,1.01880116702937,-0.0657992224997016,-0.150225054615991,0.0186266096165879,0.00294294732561946
37.3272945891784,0.931999511562739,0.85454338827615,1.0164762860145,-0.0704229883709973,-0.157188001500054,0.0163420247580594,0.934975070454857,0.856122717776047,1.02109004260852,-0.0672354126640297,-0.155341551227823,0.020870725899764,0.00318757570696758
37.6794388777555,0.93037873557823,0.849842937714839,1.01854654925261,-0.0721635331783422,-0.16270372573056,0.0183766593738757,0.933577276022481,0.851380393245694,1.02370989186503,-0.0687315384704554,-0.160896254693171,0.0234331777522601,0.00343199470788683
38.0315831663327,0.928706263209126,0.844827818442501,1.02091255104967,-0.0739627761622649,-0.168622437544707,0.0206968852201771,0.932126663740598,0.846312241161773,1.02664250261045,-0.0702865682297633,-0.166866908081518,0.0262937716219912,0.0036762079325016
38.3837274549098,0.926983336563339,0.839520910694068,1.02355771645483,-0.0758196892376748,-0.174923894264845,0.0232845157894958,0.930624446549218,0.840943335739242,1.02986946172029,-0.0718994702527378,-0.173230998521418,0.029432058015942,0.00392021898493691
38.735871743487,0.925211198971108,0.833944929222548,1.02646557668932,-0.0777332443194809,-0.181587910910863,0.0261214222719008,0.929071839856103,0.835298212977619,1.0333728364348,-0.0735692128501634,-0.179966476600491,0.0328280509001639,0.00416403146931749
39.0880160320641,0.923391094391663,0.828121931858353,1.02962025324995,-0.0797024133225925,-0.188594874740175,0.0291900480949901,0.927470060938779,0.829400408132826,1.03713562894706,-0.0752947643328245,-0.187052239087959,0.0364627104223103,0.00440764898976805
39.4401603206413,0.921524266833595,0.822072998034469,1.03300677238348,-0.081726168161919,-0.195926082474192,0.0324737461503543,0.925820328359528,0.823272178665175,1.04114204587052,-0.0770750930115057,-0.19446841771178,0.040318231688768,0.00465107515041323
39.7923046092184,0.919611959789116,0.815818042930215,1.03661124427904,-0.0838034807523691,-0.203563935488368,0.03595697398363,0.924123861393572,0.816934367816732,1.04537762743329,-0.0789091671969914,-0.202196520498669,0.0443781861046867,0.00489431355537774
40.1444488977956,0.917655415682358,0.809375733041598,1.04042094116983,-0.0859333230088526,-0.211492028406183,0.0396253823884782,0.92238187947062,0.810406368028709,1.04982927718753,-0.080795955200066,-0.210219468195135,0.0486275577950027,0.00513736780878664
40.4965931863727,0.915655875331851,0.802763473194715,1.04442430432603,-0.0881146668462783,-0.219695162354276,0.0434658286617193,0.920595601629951,0.803706150689699,1.05448522574219,-0.082734425331514,-0.218521560825597,0.0530527101625691,0.00538024151476425
40.8487374749499,0.913614577427301,0.795997440793248,1.04861090414544,-0.0903464841795555,-0.228159308226782,0.0474663398676713,0.918766245989177,0.796850336590937,1.05933495414005,-0.0847235459021199,-0.227088401274705,0.0576413094704654,0.00562293827743558
41.200881763527,0.911532758020776,0.789092648913796,1.05297137172511,-0.0926277469235935,-0.236871539283869,0.0516160454366825,0.916895029226818,0.78985428857627,1.06436909538875,-0.0867622852226681,-0.235906795373276,0.0623822249279401,0.00586546170092536
41.5530260521042,0.909411650032375,0.782063024970572,1.05749731518854,-0.0949574269933015,-0.245819947092871,0.0559050931062682,0.9149831660788,0.782732213670221,1.06957932685815,-0.0888496116039433,-0.24496464190799,0.067265418700103,0.00610781538935821
41.9051703406814,0.907252482770473,0.774921495792585,1.062181229921,-0.0973344963035885,-0.254993550511055,0.0603245579038778,0.913031868848979,0.77549726638436,1.07495826183956,-0.0909844933567297,-0.254250821343568,0.0722818346301083,0.00635000294685883
42.2573146292585,0.90505648146657,0.767680073095405,1.06701640872584,-0.0997579267693641,-0.26438220411483,0.0648663505761022,0.911042346933761,0.768161648104251,1.08049934535905,-0.0931658987918118,-0.263755088679715,0.0774232910960912,0.00659202797755222
42.6094589178357,0.902824866824811,0.760349935616444,1.07199685562729,-0.102226690305537,-0.273976510071882,0.0695231294608081,0.909015806360903,0.760736699686819,1.08619675710944,-0.0953927962199742,-0.273467973516852,0.0826823810769038,0.0068338940855629
42.9616032064128,0.900558854586184,0.752941505787522,1.07711720543992,-0.104739758827017,-0.283767735756688,0.0742882181026542,0.906953449342523,0.753232985889801,1.09204532287257,-0.0976641539520012,-0.283380688827493,0.0880523809234904,0.0070756048750158
43.31374749499,0.898259655107412,0.745464519905848,1.08237265013712,-0.107296104248713,-0.293747738256175,0.0791555297587499,0.904856473842383,0.745660371214925,1.09804043484359,-0.0999789402986774,-0.293485048911549,0.0935271683141938,0.00731716395003537
43.6658917835671,0.895928472954547,0.737928091474412,1.08775887234061,-0.109894698485534,-0.303908896155502,0.0841194991844347,0.902726073157441,0.738028087334962,1.10417798067948,-0.102336123570787,-0.303773396386419,0.0991011492448441,0.00755857491474651
44.0180360721443,0.893566506511232,0.730340767825811,1.09327198580967,-0.112534513452389,-0.314244048518534,0.0891750216137559,0.900563435513699,0.730344792611679,1.11045428075702,-0.104734672079115,-0.314238537700906,0.104769193542676,0.00779984137327409
44.3701803607214,0.89117494760161,0.722710580403232,1.0989084825486,-0.115214521064188,-0.324746440696269,0.0943173985678925,0.898369743676333,0.722618624382837,1.11686603295392,-0.107173554134446,-0.324873686475589,0.110526578206698,0.00804096692974275
44.7223246492986,0.888754981127846,0.715045089209151,1.10466518601391,-0.11793369323584,-0.335409676445463,0.0995422899737827,0.896146174574097,0.71485724476195,1.12341026420067,-0.109651738047563,-0.33567241389797,0.116368937802844,0.00828195518827717
45.0744689378757,0.886307784722195,0.707351421989521,1.11053920984526,-0.120691001882254,-0.346227675773819,0.104845672009311,0.893893898937961,0.707067880695375,1.13008428804979,-0.112168192129252,-0.346628605395475,0.122292221136971,0.008522809753002
45.4266132264529,0.883834528413557,0.699636308728293,1.11652792153671,-0.123485418918339,-0.357194637915839,0.110223800079161,0.891614080953949,0.699257358984726,1.13688566754536,-0.114721884690297,-0.35773642284429,0.128292653463696,0.00876353422804239
45.7787575150301,0.881336374308444,0.691906112004436,1.12262891048746,-0.126315916259005,-0.368305008863496,0.115673176345486,0.889307877930123,0.691432136926369,1.14381218273168,-0.117311784041482,-0.368990271628378,0.134366703545413,0.00900413221752254
46.1309018036072,0.878814476286267,0.684166853724472,1.12883995991033,-0.12918146581916,-0.379553452913998,0.121190521275678,0.886976439977642,0.683598329155066,1.15086180220454,-0.119936858493592,-0.380384771928787,0.140511054941602,0.00924460732556757
46.4830460921844,0.876269979708849,0.676424238696568,1.13515902212279,-0.132081039513714,-0.39093482774381,0.126772748716382,0.884620909705838,0.675761731212593,1.15803265817459,-0.122596076357412,-0.391914733691262,0.146722580976439,0.00948496315630207
46.8351903807615,0.873704021144055,0.668683675463062,1.1415841967948,-0.135013609257576,-0.402444162567937,0.132416944052785,0.882242421931201,0.667927840298409,1.16532302457596,-0.125288405943725,-0.403575134785825,0.152998322898375,0.00972520331385091
47.1873346693387,0.871117728103427,0.660950294759996,1.1481137117756,-0.137978146965656,-0.414076638992692,0.138120345061381,0.879842103400206,0.660101873600357,1.17273129781233,-0.128012815563317,-0.415361101933074,0.15933547080644,0.00996533140233871
47.5394789579158,0.86851221879369,0.653228965926932,1.15474590616717,-0.140973624552862,-0.425827574216645,0.143880325110922,0.877421072525851,0.652288784549834,1.1802559797862,-0.130768273526971,-0.427267894027373,0.16573134697343,0.0102053510258902
47.891623246493,0.865888601882005,0.645524311548761,1.16147921535336,-0.143999013934103,-0.43769240627724,0.149694378409033,0.874980439137816,0.644493277298359,1.18789566290446,-0.133553748145473,-0.439290887536491,0.172183391245545,0.0104452657886302
48.2437675350701,0.863247976274819,0.637840720573874,1.16831215773133,-0.14705328702429,-0.449666681079087,0.155560107030508,0.872521304246109,0.636719819670579,1.19564901679549,-0.136368207729606,-0.451425563700786,0.178689148241574,0.0106850792946833
48.5959118236473,0.86059143091017,0.630182360119959,1.17524332292486,-0.15013541573833,-0.461746040974298,0.161475209497637,0.87004475981808,0.628972654812316,1.20351477650929,-0.139210620590156,-0.463667497292992,0.18524625611268,0.0109247951481744
48.9480561122244,0.85792004456329,0.622553186149505,1.18227136128852,-0.153244371991134,-0.473926214695431,0.167437470713162,0.867551888568658,0.621255811720674,1.21149173200402,-0.142079955037906,-0.476012346732682,0.19185243665687,0.0111644169532283
49.3002004008016,0.855234885665336,0.614956953171703,1.18939497453699,-0.156379127697611,-0.486203008468132,0.173444753072911,0.865043763763677,0.613573114816002,1.21957871874948,-0.144975179383641,-0.488455845377932,0.19850548661065,0.0114039483139696
49.6523446893788,0.852537012135092,0.60739722310529,1.19661290735641,-0.159538654772669,-0.498572298153593,0.179494988608255,0.862521449036134,0.605928192692057,1.22777460930173,-0.147895261938146,-0.500993793841277,0.205203269964985,0.0116433928345231
50.0044889779559,0.84982747122346,0.599877373417792,1.20392393987341,-0.162721925131218,-0.51103002229096,0.185586172028524,0.85998599821523,0.598324486160715,1.23607830572321,-0.150839171012205,-0.513622053198108,0.211943711173699,0.0118827541190135
50.3566332665331,0.84710729937056,0.592400604640078,1.21132688087458,-0.165927910688167,-0.523572175927167,0.191716354550832,0.857438455168031,0.590765255690305,1.24448873274015,-0.153805874916602,-0.526336538973817,0.218724789140613,0.0121220357715657
50.7087775551102,0.844377522075263,0.584969947340967,1.21882056168329,-0.169155583358426,-0.536194805136593,0.197883638419741,0.854879853653579,0.583253588322021,1.25300483154382,-0.156794341962122,-0.539133215811445,0.225544531887201,0.012361241396304
51.0609218436874,0.841639153776957,0.577588268634329,1.22640383061321,-0.172403915056903,-0.548894002145917,0.20408617203211,0.852311217189287,0.575792404136261,1.26162555415506,-0.15980354045955,-0.552008092735012,0.232401011815912,0.0126003745973536
51.4130661322645,0.838893197749363,0.570258278280687,1.23407554792876,-0.175671877698508,-0.561665900990633,0.210322145593617,0.849733558929439,0.568384462330034,1.27034985828242,-0.162832438719669,-0.564957218935014,0.239292341495676,0.0128394389788391
51.7652104208417,0.836140646006196,0.562982534436261,1.24183458125167,-0.17895844319815,-0.574506673639348,0.216589787243047,0.847147881555617,0.561032366957408,1.27917670261376,-0.165880005053265,-0.577976680012495,0.246216669905965,0.0130784381448853
52.1173547094188,0.833382479218481,0.555763449094651,1.24967980136106,-0.182262583470738,-0.587412526530237,0.222887359588761,0.844555177178869,0.553738572377164,1.2881050424889,-0.168945207771121,-0.591062594626407,0.253172179084165,0.0133173756996168
52.469498997996,0.830619666643309,0.548603293259741,1.25761007834123,-0.185583270431182,-0.60037969747124,0.229213156608876,0.841956427253437,0.546505388445102,1.29713382590844,-0.172027015184023,-0.604211111496307,0.26015708112826,0.0135562552471584
52.8216432865731,0.827853166063846,0.541504201882694,1.26562427803727,-0.18891947599439,-0.613404452861698,0.235565500872918,0.839352602501843,0.539334985482799,1.30626198983913,-0.175124395602755,-0.617418406718581,0.267169615513071,0.0137950803916349
53.1737875751503,0.825083923740365,0.53446817859101,1.27372125878375,-0.192270172075272,-0.626483085198553,0.24194274104801,0.83674466285116,0.53222939904968,1.31548845678205,-0.178236317338101,-0.630680681359819,0.274208046683617,0.0140338547371709
53.5259318637274,0.822312874372113,0.527497100233459,1.28189986837625,-0.195634330588737,-0.639611910834781,0.248343249657308,0.83413355738025,0.52519053454118,1.3248121315737,-0.181361748700846,-0.643994159295531,0.28127066189384,0.0142725818878911
53.8780761523046,0.819540941069789,0.520592721261099,1.29015894125937,-0.199010923449694,-0.65278726796179,0.254765421062402,0.831520224277798,0.518220171632138,1.33423189839436,-0.184499658001773,-0.657355085266431,0.288355769262885,0.0145112654479206
54.2302204408818,0.816769035338434,0.513756677961502,1.29849729590798,-0.202398922573052,-0.666005514790961,0.261207669644856,0.828905590810918,0.511319968581624,1.34374661796123,-0.187649013551668,-0.670759723127942,0.295461696024605,0.014749909021384
54.5823647294589,0.813998057070501,0.506990492560705,1.30691373238171,-0.205797299873722,-0.67926302791253,0.267668428165087,0.826290573304158,0.504491466412741,1.35335512488675,-0.190808783661316,-0.684204354271591,0.302586786948959,0.0149885162124058
54.9345090180361,0.811228894548919,0.500295577205124,1.31540703003505,-0.209205027266611,-0.692556200812635,0.274146146279413,0.823676077128677,0.497736092978796,1.36305622518516,-0.1939779366415,-0.697685276199533,0.309729402916533,0.0152270906251109
55.2866533066132,0.808462424459914,0.493673237833758,1.32397594536753,-0.212621076666629,-0.705881442531622,0.280639289198364,0.821062996701421,0.491055166925323,1.3728486939123,-0.197155440803005,-0.711198801235721,0.316887919629711,0.015465635863624
55.6387975951904,0.805699511915388,0.487124677949371,1.33261921000061,-0.216044419988685,-0.719235176448715,0.287146336471344,0.818452215494079,0.484449901555869,1.38273127292588,-0.200340264456615,-0.724741255359176,0.324060726445945,0.0157041555320701
55.9909418837675,0.802941010484645,0.480651002295895,1.34133552876939,-0.219474029147689,-0.732613839179872,0.293665780884493,0.815844606051616,0.477921408608092,1.39270266875474,-0.203531375913116,-0.738308977146543,0.331246225320311,0.0159426532345734
56.3430861723447,0.800187762235242,0.474253220448172,1.35012357791889,-0.22290887605855,-0.74601387957716,0.300196127460061,0.813241030020204,0.471470701945578,1.40276155056749,-0.206727743483291,-0.751898316812592,0.338442829846011,0.0161811325752592
56.6952304609218,0.797440597782765,0.467932250319065,1.35898200339585,-0.226347932636176,-0.759431757819351,0.306735892546998,0.810642338184327,0.465098701169807,1.41290654823186,-0.209928335477924,-0.76550563533864,0.345648964382792,0.0164195971582519
57.047374749499,0.794700336349317,0.461688921588158,1.36790941922813,-0.229790170795478,-0.772863944584542,0.313283602993587,0.808049370512878,0.458806235155901,1.42313625045743,-0.213132120207801,-0.779127303679987,0.352863063264384,0.0166580505876764
57.3995190380761,0.791967785830512,0.455523979055508,1.37690440598486,-0.233234562451364,-0.786306920296698,0.319837795393971,0.805462956214041,0.452594045515082,1.43344920301529,-0.216338065983706,-0.792759702044494,0.360083570077081,0.0168964964676575
57.7516633266533,0.789243742870766,0.449438085923326,1.38596550931138,-0.236680079518743,-0.799757174438836,0.32639701540135,0.802883913798765,0.446462789986207,1.44384390702916,-0.219545141116423,-0.806399219235273,0.367308937002427,0.0171349384023196
58.1038076152305,0.786528892942856,0.443431645208575,1.39509145573707,-0.240125821058297,-0.813211614909132,0.332959972792537,0.800312949039505,0.440412858903364,1.45431906324254,-0.22275244150824,-0.82004267632335,0.37453779330687,0.017373379550057
58.4559519038076,0.783823381473775,0.437504039274106,1.4042821052906,-0.243571562743224,-0.82666934060056,0.339526215114112,0.797750216810805,0.434443594017818,1.46487465158845,-0.225959742045939,-0.833689160844605,0.381769676752726,0.0176118206972846
58.8080961923848,0.781127176455322,0.431654324981951,1.41353770942195,-0.247017304428151,-0.840130184700736,0.346095575844434,0.795195690867513,0.428554003821279,1.47551109343495,-0.229167042583639,-0.8473385189641,0.389004433796823,0.0178502618445122
59.1602404809619,0.778440245875057,0.425881563268379,1.42285853312733,-0.250463046113078,-0.853593991864392,0.352667899638236,0.79264934493177,0.422743102350239,1.48622882438003,-0.232374343121338,-0.860990607480285,0.396241921237609,0.01808870299174
59.5123847695391,0.775762557830657,0.420184820010063,1.43224485386585,-0.253908787798005,-0.867060616854285,0.359243041258276,0.790111152809859,0.417009909983516,1.49702829321059,-0.235581643659037,-0.874645292517237,0.403482005199163,0.0183271441389676
59.8645290581162,0.773094080529536,0.414563166600824,1.44169696080429,-0.257354529482932,-0.880529923735469,0.365820864769606,0.787581088391945,0.411353453950504,1.50790996121617,-0.238788944196736,-0.888302448780342,0.41072456038687,0.0185655852861955
60.2166733466934,0.770434782288469,0.409015680458407,1.45121515413452,-0.260800271167858,-0.894001785145126,0.372401242809409,0.785059125651795,0.405772768774839,1.51887430157037,-0.241996244734435,-0.90196195888189,0.41796946941302,0.0188040264334231
60.5688176352705,0.767784631533218,0.403541445469046,1.46079974445603,-0.264246012852785,-0.907476081629858,0.378984055924287,0.782545238646521,0.400266896660724,1.5299217987727,-0.245203545272134,-0.915623712729084,0.425216622184815,0.0190424675806509
60.9209619238477,0.765143596798149,0.398139552376648,1.4704510522164,-0.267691754537712,-0.920952701043293,0.385569191967868,0.780039401516305,0.394834887828223,1.54105294814432,-0.248410845809834,-0.929287606967835,0.432465915348168,0.0192809087278785
61.2731062124248,0.76251164672587,0.392809099122599,1.48016940720391,-0.271137496222639,-0.934431537997726,0.392156545552448,0.777541588484139,0.389475800803142,1.55226825537234,-0.251618146347533,-0.942953544476529,0.439717251781463,0.0195193498751062
61.625250501002,0.759888750066848,0.387549191141506,1.48995514808678,-0.274583237907566,-0.947912493364248,0.398746017549116,0.775051773855556,0.384188702666388,1.56356823609743,-0.254825446885232,-0.956621433904613,0.446970540134149,0.0197577910223339
61.9773947895791,0.757274875679044,0.382358941617567,1.49980862199448,-0.278028979592493,-0.961395473816437,0.405337514631452,0.772569932018366,0.378972669267183,1.57495341554053,-0.258032747422931,-0.970291189251456,0.454225694405593,0.0199962321695616
62.3295390781563,0.754669992527543,0.377237471705695,1.50973018413675,-0.28147472127742,-0.974880391413275,0.411930948858435,0.770096037442395,0.373826785403968,1.58642432816475,-0.261240047960631,-0.983962729481454,0.461482633560193,0.0202346733167892
62.6816833667335,0.752074069684181,0.372183910721117,1.51972019745676,-0.284920462962347,-0.988367163217411,0.418526237292718,0.76763006467922,0.368750144976416,1.59798151736892,-0.26444734849833,-0.997635978171802,0.468741281175143,0.020473114464017
63.0338276553106,0.749487076327185,0.367197396300683,1.52977903231507,-0.288366204647274,-1.00185571094535,0.425123301650807,0.765171988361907,0.363741851111587,1.60962553520986,-0.267654649036029,-1.01131086318975,0.476001565117688,0.0207115556112448
63.3859719438878,0.746908981740801,0.36227707453882,1.53990706620135,-0.2918119463322,-1.01534596064651,0.431722067982105,0.762721783204753,0.358801016266918,1.62135694215055,-0.270861949573728,-1.0249873163965,0.483263417249041,0.0209499967584723
63.7381162324649,0.744339755314931,0.357422100100706,1.55010468347141,-0.295257688017127,-1.02883784240833,0.438322466374078,0.760279424003022,0.353926762312452,1.63317630683174,-0.274069250111427,-1.03866527337527,0.490526773152411,0.0211884379057001
64.0902605210421,0.741779366544772,0.352631636314998,1.56037227510707,-0.298703429702054,-1.04233129008521,0.444924430681101,0.75784488563269,0.349118220594451,1.645084205865,-0.277276550649126,-1.05234467318116,0.49779157188291,0.0214268790529278
64.4424048096192,0.739227785030449,0.347904855248163,1.57071023849676,-0.302149171386981,-1.05582624104878,0.451527898274814,0.755418143050182,0.344374531982294,1.65708122364498,-0.280483851186826,-1.06602545811096,0.505057755737313,0.0216653202001555
64.7945490981964,0.736684980476658,0.343240937762271,1.58111897723509,-0.305594913071908,-1.06932263595782,0.458132809814008,0.752999171292118,0.339694846900386,1.66916795217941,-0.283691151724525,-1.0797075734909,0.512325270041849,0.0219037613473833
65.1466933867735,0.734150922692307,0.338639073557911,1.59159890093957,-0.309040654756835,-1.08282041854598,0.464739109032306,0.750587945475054,0.33507832534661,1.68134499093515,-0.286898452262224,-1.09339096748086,0.519594062956415,0.022142202494611
65.4988376753507,0.731625581590154,0.334098461203712,1.60215042508308,-0.312486396441762,-1.09631953542557,0.471346742542043,0.748184440795227,0.330524136898678,1.69361294669886,-0.290105752799923,-1.10707559089359,0.526864085293745,0.0223806436418387
65.8509819639278,0.72910892718645,0.329618308153809,1.61277397084059,-0.315932138126689,-1.10981993590632,0.477955659652938,0.745788632528299,0.326031460709641,1.70597243345106,-0.293313053337622,-1.12076139702746,0.534135290352219,0.0226190847890664
66.203126252505,0.726600929600588,0.325197830754452,1.62346996494905,-0.319377879811616,-1.12332157182749,0.484565812204264,0.743400496029105,0.321599485493649,1.71842407225254,-0.296520353875322,-1.13444834151178,0.541407633761142,0.022857525936294
66.5552705410822,0.724101559054741,0.320836254240843,1.63423883957924,-0.322823621496542,-1.13682439740245,0.491177154409362,0.741020006731397,0.317227409502969,1.73096849114187,-0.299727654413021,-1.14813638216344,0.548681073337399,0.0230959670835217
66.9074148296593,0.721610785873515,0.316532812725177,1.6450810322186,-0.326269363181469,-1.15032836907441,0.497789642711471,0.738647140147592,0.312914440497148,1.74360632504331,-0.30293495495072,-1.16182547885399,0.555955568952553,0.0233344082307493
67.2595591182365,0.719128580483592,0.312286749176764,1.65599698556414,-0.329715104866396,-1.16383344538269,0.504403235649902,0.73628187186852,0.308659795705151,1.75633821568413,-0.306142255488419,-1.17551559338633,0.563231082409491,0.0235728493779771
67.6117034068136,0.716654913413381,0.308097315395023,1.66698714742464,-0.333160846551323,-1.17733958683837,0.511017893735722,0.733924177563174,0.304462701781186,1.76916481152065,-0.309349556026118,-1.18920668938007,0.570507577327832,0.0238112905252049
67.9638476953908,0.714189755292669,0.303963771976085,1.67805197063133,-0.33660658823625,-1.19084675580866,0.517633579336157,0.731574032978458,0.300322394754896,1.78208676767233,-0.312556856563818,-1.20289873216502,0.577785019037386,0.0240497316724326
68.3159919839679,0.71173307685227,0.299885388273623,1.68919191295641,-0.340052329921177,-1.20435491640938,0.524250256567029,0.729231413938938,0.296238119976494,1.79510474586316,-0.315764157101517,-1.21659168868205,0.585063374479012,0.0242881728196602
68.6681362725451,0.709284848923677,0.295861442354532,1.70040743703884,-0.343498071606104,-1.21786403440476,0.530867891192555,0.726896296346595,0.292209132057403,1.80821941436998,-0.318971457639216,-1.23028552739071,0.592342612112278,0.024526613966888
69.0202805611222,0.70684504243872,0.291891220949969,1.7116990103167,-0.346943813291031,-1.23137407711402,0.537486450531959,0.724568656180575,0.288234694806884,1.82143144797704,-0.322178758176915,-1.24398021818322,0.599622701829389,0.0247650551141158
69.3724248496994,0.704413628429217,0.287974019402247,1.72306710496587,-0.350389554975958,-1.24488501332426,0.544105903372344,0.722248469496943,0.28431408116509,1.83474152793642,-0.325386058714614,-1.25767573230413,0.606903614874898,0.0250034962613433
69.7245691382765,0.70199057802663,0.284109141608024,1.73451219784419,-0.353835296660884,-1.25839681320911,0.550726219887341,0.719935712428435,0.280446573132954,1.84815034193382,-0.328593359252313,-1.27137204227537,0.614185323770741,0.0252419374085711
70.0767134268537,0.699575862461724,0.280295899958179,1.74603477044112,-0.357281038345811,-1.27190944825274,0.557347371561113,0.717630361184216,0.276631461699285,1.86165858405946,-0.331800659790013,-1.28506912182623,0.621467802246203,0.0254803785557987
70.4288577154309,0.697169453064225,0.276533615274744,1.75763530883206,-0.360726780030738,-1.28542289117876,0.563969331117281,0.715332392049632,0.272868046765385,1.87526695478351,-0.335007960327712,-1.29876694582785,0.62875102517243,0.0257188197030265
70.781002004008,0.69477132126248,0.272821616745226,1.76931430363741,-0.364172521715665,-1.29893711588375,0.570592072452419,0.713041781385967,0.269155637067513,1.888976160936,-0.338215260865411,-1.31246549023197,0.636034968501149,0.0259572608502541
71.1331462925852,0.692381438583115,0.269159241854609,1.78107224998567,-0.367618263400592,-1.31245209737498,0.577215570573791,0.710758505630201,0.265493550097447,1.90278691569063,-0.34142256140311,-1.32616473201351,0.643319609207292,0.0261957019974819
71.4852905811623,0.689999776650702,0.265545836315314,1.79290964748055,-0.371064005085519,-1.32596781171203,0.58383980154099,0.708482541294765,0.261881112021413,1.91669993855244,-0.344629861940809,-1.33986464911685,0.650604925235233,0.0264341431447096
71.8374348697395,0.687626307187417,0.261980753995381,1.8048270001717,-0.374509746770446,-1.33948423595211,0.59046474241122,0.706213864967303,0.258317657597599,1.93071595534897,-0.347837162478509,-1.35356522040538,0.657890895448364,0.0266725842919373
72.1895791583166,0.685261002012707,0.25846335684507,1.81682481652879,-0.377955488455373,-1.3530013480987,0.597090371187953,0.703952453310427,0.254802530092457,1.94483569822464,-0.351044463016208,-1.36726642561421,0.665177499581795,0.0269110254391648
72.5417234468938,0.682903833042954,0.254993014822125,1.82890360941877,-0.3814012301403,-1.36651912705331,0.603716666772716,0.70169828306148,0.251335081195996,1.95905990563833,-0.354251763553907,-1.38096824530575,0.672464718197932,0.0271494665863925
72.8938677354709,0.680554772291144,0.251569105815856,1.84106389608616,-0.384846971825227,-1.38003755257025,0.610343608919792,0.699451331032298,0.247914670936223,1.9733893223637,-0.357459064091606,-1.39467066082796,0.679752532644748,0.0273879077336205
73.2460120240481,0.678213791866532,0.248191015570241,1.85330619813594,-0.388292713510153,-1.39355660521394,0.616971178193636,0.697211574108966,0.244540667592897,1.98782469949232,-0.360666364629305,-1.40837365427515,0.687040925016538,0.027626348880848
73.5981563126252,0.675880863974312,0.244858137606184,1.86563104151914,-0.39173845519508,-1.40707626631897,0.623599355928806,0.694978989251584,0.241212447610733,2.00236679443926,-0.363873665167004,-1.42207720845103,0.69432987811702,0.0278647900280759
73.9503006012024,0.673555960915287,0.241569873143086,1.87803895652085,-0.395184196880007,-1.42059651795226,0.63022812419225,0.692753553494032,0.237929395512196,2.01701637095114,-0.367080965704704,-1.43578130683399,0.701619375424581,0.0281032311753034
74.3024448897796,0.67123905508554,0.238325631019857,1.89053047775037,-0.398629938564934,-1.43411734287766,0.636857465747789,0.690535243943728,0.234690903809986,2.03177419911634,-0.370288266242403,-1.44948593354437,0.70890940105956,0.0283416723225312
74.6545891783567,0.668930118976106,0.235124827615486,1.90310614413361,-0.402075680249861,-1.44763872452235,0.643487364022632,0.688324037781399,0.231496372919344,2.04664105537741,-0.373495566780102,-1.4631910733136,0.7161999397534,0.0285801134697587
75.0067334669339,0.666629125172647,0.231966886769283,1.91576649890744,-0.405521421934788,-1.46116064694539,0.650117803075812,0.686119912260841,0.228345211070258,2.06161772254544,-0.376702867317801,-1.47689671145518,0.723490976819575,0.0288185546169867
75.358877755511,0.664336046355123,0.228851239700893,1.92851208961589,-0.408967163619715,-1.47468309480783,0.6567487675684,0.683922844708686,0.22523683421967,2.07670498981633,-0.3799101678555,-1.49060283383714,0.730782498126143,0.0290569957642143
75.7110220440882,0.662050855297472,0.225777324930169,1.94134346810815,-0.412412905304642,-1.48820605334467,0.663380242735389,0.681732812524172,0.222170665963761,2.09190365278883,-0.3831174683932,-1.50430942685625,0.738074490069848,0.029295436911442
76.0631663326653,0.659773524867283,0.222744588196997,1.95426119053817,-0.415858646989568,-1.50172950833826,0.670012214359128,0.679549793178909,0.219146137450392,2.10721451348433,-0.386324768930899,-1.51801647741345,0.745366939551654,0.0295338780586697
76.4153106212425,0.657504028025476,0.219752482381138,1.96726581736595,-0.419304388674495,-1.51525344609322,0.676644668744232,0.677373764216643,0.216162687291761,2.12263838036821,-0.389532069468598,-1.53172397289082,0.752659833953623,0.0297723192058975
76.7674549098196,0.655242337825979,0.216800467422162,1.98035791336014,-0.422750130359422,-1.52877785341269,0.683277592693843,0.675204703253032,0.21321976147735,2.13817606837274,-0.392739370006297,-1.54543190112965,0.759953161117053,0.0300107603531252
77.1195991983968,0.652988427415413,0.213888010239543,1.99353804760218,-0.426195872044349,-1.54230271757588,0.689910973487179,0.673042587975411,0.210316813287202,2.15382839892146,-0.395946670543996,-1.55914025040979,0.767246909321796,0.0302492015003529
77.4717434869739,0.650742270032765,0.211014584652962,2.00680679349171,-0.429641613729276,-1.55582802631684,0.696544798858285,0.670887396142562,0.207453303205596,2.16959619995488,-0.399153971081696,-1.57284900943007,0.774541067266682,0.0304876426475805
77.8238877755511,0.648503839009079,0.20817967130288,2.02016472875321,-0.433087355414203,-1.56935376780432,0.70317905697591,0.668739105584492,0.204628698835148,2.18548030595761,-0.402361271619395,-1.58655816728977,0.781835624050984,0.0307260837948083
78.1760320641282,0.646273107767132,0.205382757571421,2.03361243544383,-0.43653309709913,-1.5828799306227,0.709813736424438,0.666597694202194,0.201842474811398,2.20148155798666,-0.405568572157094,-1.60026771347104,0.789130569156856,0.030964524942036
78.5281763527054,0.644050049821123,0.20262333750362,2.04715049996242,-0.439978838784057,-1.59640650375393,0.71644882618582,0.664463139967429,0.199094112717907,2.21760080370104,-0.408775872694793,-1.61397763782227,0.796425892432679,0.0312029660892637
78.8803206412826,0.641834638776357,0.199900911729065,2.06077951305952,-0.443424580468984,-1.6099334765604,0.723084315622428,0.662335420922496,0.196383101001899,2.23383889739239,-0.411983173232492,-1.62768793054227,0.803721584077285,0.0314414072364913
79.2324649298597,0.639626848328933,0.197214987383968,2.07450006984846,-0.446870322153911,-1.62346083876863,0.729720194460805,0.660214515180005,0.193708934890489,2.25019670001691,-0.415190473770192,-1.64139858216535,0.811017634624968,0.031679848383719
79.5846092184369,0.637426652265428,0.194565078033713,2.08831276981735,-0.450316063838837,-1.6369885804539,0.736356452776221,0.658100400922653,0.191071116307514,2.26667507922821,-0.418397774307891,-1.65510958354705,0.818314034931274,0.0319182895309468
79.936753507014,0.635234024462591,0.191950703595891,2.10221821684209,-0.453761805523764,-1.65051669202555,0.742993080978023,0.655993056403001,0.188469153790998,2.28327490941122,-0.42160507484559,-1.66882092585068,0.825610776159496,0.0321567306781744
80.2888977955912,0.633048938887027,0.189371390263867,2.11621701920016,-0.457207547208691,-1.66404516421309,0.749630069795706,0.653892459943247,0.185902562411265,2.29999707171718,-0.424812375383289,-1.68253260053443,0.832907849767852,0.0323951718254022
80.6410420841683,0.630871369594894,0.186826670430879,2.13030978958534,-0.460653288893618,-1.67757398805291,0.756267410265678,0.651798589935006,0.183370863689734,2.31684245409947,-0.428019675920988,-1.69624459933926,0.840205247497288,0.0326336129726298
80.9931863727455,0.628701290731589,0.184316082614727,2.14449714512316,-0.464099030578545,-1.69110315487577,0.762905093718682,0.649711424839086,0.180873585518395,2.33381195135044,-0.431226976458687,-1.70995691427727,0.847502961359893,0.0328720541198574
81.3453306613226,0.626538676531448,0.181839171383027,2.15877970738718,-0.467544772263472,-1.70463265629476,0.769543111767818,0.647630943185268,0.178410262080001,2.35090646513912,-0.434434276996387,-1.72366953762064,0.854800983627868,0.0331104952670852
81.6974749498998,0.624383501317431,0.179395487279088,2.17315810241599,-0.470990513948399,-1.71816248419395,0.776181456297157,0.645557123572082,0.175980433768976,2.36812690404977,-0.437641577534086,-1.73738246189121,0.862099306823036,0.0333489364143128
82.0496192384769,0.622235739500827,0.176984586748402,2.1876329607309,-0.474436255633326,-1.73169263071754,0.782820119450889,0.643489944666592,0.173583647113048,2.38547418362135,-0.440848878071785,-1.75109567985042,0.869397923706848,0.0335873775615407
82.4017635270541,0.620095365580941,0.174606032065765,2.20220491735436,-0.477881997318252,-1.74522308825951,0.789459093623005,0.641429385204171,0.171219454695638,2.40294922638766,-0.444056178609484,-1.76480918448984,0.876696827270874,0.0338258187087683
82.7539078156313,0.6179623541448,0.172259391263056,2.21687461182898,-0.481327739003179,-1.7587538494538,0.796098371447444,0.639375423988285,0.168887415078988,2.42055296191847,-0.447263479147183,-1.7785229690221,0.883996010727735,0.034064259855996
83.1060521042084,0.615836679866843,0.169944238057658,2.23164268823722,-0.484773480688106,-1.77228490716493,0.80273794578872,0.637328039890277,0.166587092728055,2.43828632686125,-0.450470779684883,-1.79223702687223,0.891295467502464,0.0343027010032239
83.4581963927856,0.613718317508626,0.167660151781557,2.24650979522167,-0.488219222373033,-1.78581625447905,0.80937780973298,0.635287211849144,0.164318057935162,2.45615026498373,-0.453678080222582,-1.80595135166943,0.898595191224268,0.0345411421504513
83.8103406813627,0.611607241918521,0.16540671731111,2.26147658600595,-0.49166496405796,-1.79934788469539,0.816017956579467,0.633252918871327,0.162079886745429,2.47414572721723,-0.456885380760281,-1.81966593723923,0.905895175718669,0.0347795832976792
84.1624849699399,0.609503428031415,0.163183524997494,2.27654371841612,-0.495110705742887,-1.81287979131816,0.822658379832383,0.63122514003049,0.159872160882969,2.49227367170063,-0.46009268129798,-1.83338077759597,0.913195415000008,0.0350180244449068
84.514629258517,0.607406850868416,0.160990170597843,2.29171185490271,-0.498556447427814,-1.82641196804875,0.829299073193119,0.629203854467307,0.157694467677865,2.51053506382511,-0.463299981835679,-1.84709586693564,0.920495903264282,0.0352564655921346
84.8667735470942,0.605317485536554,0.15882625520707,2.30698166256321,-0.502002189112741,-1.83994440877832,0.835940030552836,0.627189041389247,0.155546399993924,2.52893087627954,-0.466507282373378,-1.86081119962908,0.927796634882319,0.0354949067393623
85.2189178356713,0.603235307228487,0.156691385190397,2.32235381316515,-0.505447930797668,-1.85347710758071,0.842581245985375,0.625180680070359,0.153427556157214,2.54746208909656,-0.469714582911078,-1.87452677021539,0.935097604393239,0.03573334788659
85.5710621242485,0.601160291222203,0.154585172116564,2.3378289831696,-0.508893672482595,-1.86701005870568,0.849222713740487,0.623178749851062,0.151337539885382,2.56612968969932,-0.472921883448777,-1.88824257339578,0.942398806498226,0.0359717890338175
85.9232064128256,0.599092412880732,0.152507232691755,2.35340785375526,-0.512339414167521,-1.8805432565724,0.855864428237355,0.621183230137928,0.149275960217746,2.58493467294888,-0.476129183986476,-1.90195860402751,0.949700236054554,0.0362102301810455
86.2753507014028,0.59703164765185,0.150457188694217,2.3690911108429,-0.515785155852448,-1.89407669576331,0.862506384058412,0.619194100403475,0.147242431446182,2.60387804119225,-0.479336484524175,-1.91567485711825,0.957001888069896,0.036448671328273
86.6274949899799,0.594977971067787,0.148434666909578,2.38487944512037,-0.519230897537375,-1.90761037101816,0.869148575943412,0.61721134018595,0.14523657304677,2.62296080431105,-0.482543785061874,-1.92939132782061,0.96430375769686,0.0366871124755008
86.9796392785571,0.592931358744937,0.14643929906687,2.40077355206799,-0.522676639222302,-1.92114427722837,0.87579099878377,0.615234929089126,0.143258009612236,2.6421839797708,-0.485751085599574,-1.94310801142693,0.97160584022778,0.0369255536227284
87.3317835671343,0.590891786383572,0.14447072177526,2.41677413198443,-0.526122380907229,-1.93467840943159,0.882433647617135,0.613264846782085,0.141306370785156,2.66154859267082,-0.488958386137273,-1.95682490336426,0.978908131089714,0.0371639947699562
87.6839278557114,0.588859229767546,0.142528576461465,2.43288189001297,-0.529568122592156,-1.94821276280652,0.889076517622205,0.611301072999012,0.139381291191938,2.68105567579474,-0.492165686674972,-1.97054199918961,0.986210625839663,0.0374024359171838
88.0360721442886,0.586833664764017,0.140612509307884,2.44909753616819,-0.533013864277083,-1.96174733266791,0.895719604113748,0.609343587538988,0.137482410377567,2.70070626966161,-0.495372987212671,-1.98425929458534,0.993513320159998,0.0376408770644117
88.3882164328657,0.584815067323151,0.138722171191413,2.46542178536312,-0.536459605962009,-1.97528211446186,0.902362902537842,0.60739237026578,0.135609372741122,2.72050142257762,-0.49858028775037,-1.9979767853548,1.00081620985406,0.0378793182116391
88.7403607214429,0.582803413477843,0.13685721762296,2.48185535743672,-0.539905347646937,-1.98881710376119,0.909006408467312,0.605447401107634,0.133761827472053,2.74044219068834,-0.50178758828807,-2.01169446741811,1.00811929084197,0.038117759358867
89.09250501002,0.580798679343432,0.135017308687655,2.49839897718178,-0.543351089331863,-2.00235229626108,0.915650117597349,0.603508660057069,0.131939428487202,2.76052963803164,-0.504994888825769,-2.02541233680811,1.01542255915658,0.0383562005060947
89.4446492985972,0.578800841117412,0.133202108985742,2.51505337437325,-0.54679683101679,-2.0158876877749,0.92229402574132,0.601576127170673,0.1301418343686,2.7807648365911,-0.508202189363468,-2.03913038966655,1.02272601093962,0.0385946416533225
89.7967935871743,0.576809875079156,0.131411287574158,2.53181928379688,-0.550242572701717,-2.02942327423017,0.928938128826738,0.599649782568892,0.128368708301984,2.80114886635002,-0.511409489901167,-2.05284862224033,1.03002964243799,0.0388330828005499
90.1489378757515,0.57482575758963,0.129644517908799,2.5486974452783,-0.553688314386644,-2.04295905166469,0.935582422891405,0.597729606435835,0.126619718016081,2.82168281534605,-0.514616790438866,-2.06656703087795,1.03733345000022,0.039071523947778
90.5010821643286,0.572848465091114,0.127901477787455,2.56568860371238,-0.557134056071571,-2.05649501622284,0.942226904079702,0.59581557901906,0.12489453572261,2.84236777972627,-0.517824090976566,-2.08028561202613,1.04463743007299,0.0393099650950053
90.8532264529058,0.570877974106924,0.126181849293429,2.58279350909305,-0.560579797756498,-2.07003116415203,0.948871568639038,0.593907680629378,0.123192838057026,2.86320486380295,-0.521031391514265,-2.09400436222649,1.05194157919796,0.0395484062422334
91.205370741483,0.568914261241129,0.124485318739812,2.60001291654345,-0.564025539441425,-2.08356749179927,0.955516412916424,0.592005891640648,0.121514306019989,2.8841951801098,-0.524238692051964,-2.10772327811245,1.05924589400852,0.0397868473894609
91.5575150300601,0.566957303178276,0.122811576614435,2.61734758634636,-0.567471281126352,-2.09710399560791,0.962161433355204,0.590110192489574,0.119858624919544,2.90533984945877,-0.527445992589663,-2.12144235640616,1.06655037122684,0.0400252885366886
91.9096593186373,0.565007076683114,0.121160317525476,2.63479828397506,-0.570917022811279,-2.11064067211445,0.968806626491895,0.588220563675505,0.118225484314028,2.92664000099743,-0.530653293127362,-2.13516159391563,1.0738550076609,0.0402637296839164
92.2618036072144,0.563063558600315,0.119531240147716,2.65236578012454,-0.574362764496206,-2.12417751794557,0.975451988953155,0.586336985760235,0.116614577955676,2.94809677226693,-0.533860593665061,-2.14888098753191,1.08115980020179,0.0405021708311442
92.6139478957916,0.561126725854204,0.117924047169456,2.67005085074296,-0.577808506181132,-2.13771452981515,0.982097517452881,0.584459439367801,0.11502560373493,2.96971130926039,-0.537067894202761,-2.16260053422645,1.08846474582093,0.0407406119783715
92.9660921843687,0.559196555448479,0.11633844524007,2.68785427706354,-0.581254247866059,-2.15125170452152,0.988743208789399,0.582587905184288,0.113458263625445,2.991484766482,-0.54027519474046,-2.17632023104848,1.09576984156756,0.0409790531255995
93.3182364729459,0.557273024465942,0.114774144918199,2.70577684563675,-0.584699989550986,-2.16478903894475,0.99538905984278,0.580722363957623,0.111912263629783,3.01341830700655,-0.543482495278159,-2.19004007512254,1.10307508456622,0.0412174942728272
93.670380761523,0.555356110068226,0.113230860620581,2.72381934836281,-0.588145731235913,-2.17832653004407,1.00203506757224,0.578862796497385,0.110387313725789,3.03551310253953,-0.546689795815858,-2.20376006364611,1.11038047201439,0.0414559354200544
94.0225250501002,0.553445789495524,0.11170831057151,2.74198258252455,-0.59159147292084,-2.19186417485534,1.00868122901366,0.577009183674601,0.108883127813643,3.0577703334778,-0.549897096353557,-2.2174801938873,1.11768600118018,0.0416943765672826
94.3746693386773,0.551542040066317,0.110206216752911,2.76026735082056,-0.595037214605767,-2.2054019704887,1.01532754127716,0.575161506421554,0.107399423663584,3.08019118897079,-0.553104396891257,-2.23120046318263,1.12499166940012,0.0419328177145102
94.7268136272545,0.549644839177109,0.108724304855041,2.77867446139872,-0.598482956290694,-2.21893991412623,1.02197400154484,0.573319745731585,0.105935922864288,3.10277686698224,-0.556311697428956,-2.24492086893493,1.13229747407702,0.0421712588617379
95.0789579158317,0.547754164302152,0.107262304227791,2.79720472788996,-0.601928697975621,-2.23247800301974,1.0286206070685,0.571483882658896,0.104492350771916,3.1255285743525,-0.559518997966655,-2.25864140861128,1.13960341267797,0.0424097000089654
95.4311022044088,0.545869992993186,0.105819947832608,2.81585896944244,-0.605374439660547,-2.24601623448862,1.03526735516752,0.569653898318357,0.103068436459794,3.14844752686132,-0.562726298504354,-2.272362079741,1.14690948273229,0.0426481411561934
95.783246492986,0.543992302879166,0.104396972194999,2.83463801075597,-0.608820181345474,-2.25955460591778,1.04191424322683,0.567829773885312,0.101663912668752,3.17153494929129,-0.565933599042053,-2.28608287991381,1.15421568182971,0.0428865823034211
96.1353907815631,0.542121071666001,0.102993117357641,2.85354268211679,-0.612265923030401,-2.27309311475565,1.04856126869485,0.566011490595384,0.100278515758087,3.19479207549173,-0.569140899579753,-2.29980380677798,1.16152200761847,0.0431250234506487
96.4875350701403,0.540256277136286,0.101608126834076,2.87257381943264,-0.615711664715328,-2.28663175851229,1.05520842908164,0.564199029744283,0.09891198565716,3.21822014844313,-0.572348200117452,-2.31352485803851,1.1688284578036,0.0433634645978763
96.8396793587174,0.538397897149041,0.100241747562986,2.89173226426815,-0.619157406400255,-2.30017053475753,1.06185572195702,0.562392372687612,0.0975640658176139,3.24182042032222,-0.575555500655151,-2.32724603145551,1.1761350301452,0.0436019057451043
97.1918236472946,0.536545909639446,0.0988937298630422,2.91101886388053,-0.622603148085182,-2.31370944111915,1.06850314494879,0.560591500840678,0.0962345031662066,3.26559415256752,-0.57876280119285,-2.3409673248425,1.1834417224568,0.0438403468923317
97.5439679358717,0.534700292618581,0.0975638273883307,2.93043447125561,-0.626048889770109,-2.32724847528124,1.07515069574102,0.558796395678299,0.0949230480582535,3.2895426159454,-0.581970101730549,-2.35468873606486,1.19074853260376,0.0440787880395596
97.8961122244489,0.532861024173162,0.0962517970843348,2.94997994514414,-0.629494631455035,-2.34078763498247,1.0817983720724,0.557007038734612,0.0936294542316708,3.31366709061683,-0.585177402268249,-2.36841026303828,1.19805545850178,0.0443172291867869
98.248256513026,0.531028082465284,0.0949573991444798,2.96965615009843,-0.632940373139962,-2.35432691801453,1.08844617173461,0.555223411602887,0.0923534787616145,3.33796886620451,-0.588384702805948,-2.38213190372731,1.20536249811541,0.0445556703340149
98.6004008016032,0.529201445732159,0.0936803969672271,2.98946395650928,-0.636386114824889,-2.36786632222058,1.0950940925708,0.553445495935333,0.0910948820157077,3.3624492418607,-0.591592003343647,-2.3958536561439,1.21266964945661,0.0447941114812427
98.9525450901803,0.52738109228586,0.0924205571137158,3.00940424064323,-0.639831856509816,-2.38140584549374,1.10174213247411,0.551673273442913,0.0898534276098494,3.38710952633551,-0.594799303881346,-2.40957551834609,1.21997691058339,0.0450325526284704
99.3046893787575,0.525567000513062,0.0911776492659431,3.02947788468013,-0.643277598194743,-2.39494548577569,1.10839028938621,0.549906725895155,0.0886288823645979,3.4119510380458,-0.598006604419045,-2.4232974884366,1.22728427959851,0.045270993775698
99.6568336673347,0.523759148874785,0.0899514461854801,3.04968577675098,-0.64672333987967,-2.40848524105525,1.11503856129591,0.548145835119963,0.0874210162621241,3.43697510514459,-0.601213904956744,-2.43701956456164,1.23459175464815,0.0455094349229257
100.008977955912,0.521957515906142,0.0887417236727136,3.0700288109761,-0.650169081564597,-2.42202510936703,1.12168694623784,0.54639058300343,0.0862296024037245,3.4621830655911,-0.604421205494443,-2.45074174490961,1.24189933392073,0.0457478760701534
100.361122244489,0.520162080216077,0.0875482605266118,3.09050788750363,-0.653614823249524,-2.43556508879018,1.12833544229113,0.544640951489656,0.0850544169678907,3.48757626722127,-0.607628506032143,-2.46446402770993,1.24920701564565,0.0459863172173812
100.713266533066,0.518372820487118,0.0863708385050057,3.11112391254829,-0.657060564934451,-2.44910517744709,1.13498404757819,0.542896922580555,0.0838952391689275,3.51315606781892,-0.610835806569842,-2.47818641123189,1.2565147980922,0.0462247583646088
101.065410821643,0.516589715475121,0.0852092422853801,3.13187779843048,-0.660506306619378,-2.46264537350219,1.14163276026344,0.541158478335677,0.0827518512161125,3.53892383518744,-0.614043107107541,-2.4919088937835,1.26382267956842,0.0464631995118365
101.41755511022,0.514812744009015,0.0840632594261703,3.15277046361568,-0.663952048304305,-2.47618567516082,1.14828157855221,0.539425600872018,0.0816240382733918,3.56488094722204,-0.61725040764524,-2.50563147371049,1.27113065842001,0.0467016406590643
101.769699398798,0.513041884990558,0.0829326803285562,3.17380283275413,-0.667397789989231,-2.48972608066804,1.15493050068957,0.537698272363838,0.0805115884196055,3.5910287919826,-0.62045770818294,-2.51935414939517,1.27843873302929,0.0469400818062917
102.121843687375,0.511277117394078,0.0818172981987509,3.19497583672091,-0.670843531674158,-2.50326658830756,1.16157952495924,0.535976475042482,0.0794142926092348,3.61736876776711,-0.623665008720639,-2.5330769192555,1.28574690181422,0.0471785229535197
102.473987975952,0.50951842026623,0.0807169090107746,3.21629041265617,-0.674289273359085,-2.51680719640071,1.16822864968254,0.534260191196188,0.0783319446336672,3.64390228318559,-0.626872309258338,-2.54679978174408,1.2930551632274,0.0474169641007474
102.826132264529,0.507765772725744,0.0796313114697118,3.23774750400585,-0.677735015044012,-2.53034790330537,1.17487787321735,0.532549403169912,0.0772643410829712,3.67063075723473,-0.630079609796037,-2.56052273534719,1.30036351575512,0.0476554052479747
103.178276553106,0.506019153963176,0.0785603069754425,3.25934806056256,-0.681180756728939,-2.54388870741502,1.18152719395714,0.530844093365145,0.0762112813081753,3.69755561937304,-0.633286910333736,-2.57424577858394,1.30767195791647,0.0478938463952027
103.530420841683,0.504278543240664,0.077503699586845,3.28109303850688,-0.684626498413866,-2.55742960715774,1.18817661033001,0.529144244239732,0.0751725673840447,3.72467830959656,-0.636494210871435,-2.58796891000532,1.31498048826245,0.0481322875424306
103.882565130261,0.50254391989168,0.076461295986463,3.30298340044887,-0.688072240098793,-2.57097060099533,1.19482612079774,0.527449838307687,0.0741480040723506,3.7520002785152,-0.639701511409135,-2.60169212819337,1.32228910537511,0.0483707286896582
104.234709418838,0.500815263320786,0.0754329054456307,3.32502011547,-0.69151798178372,-2.58451168742237,1.20147572385493,0.525760858139022,0.0731373987856247,3.77952298742969,-0.642908811946834,-2.61541543176039,1.32959780786672,0.0486091698368859
104.586853707415,0.499092553003388,0.0744183397900522,3.3472041591653,-0.694963723468647,-2.59805286496539,1.2081254180281,0.524077286359559,0.0721405615513933,3.80724790840908,-0.646116112484533,-2.62913881934806,1.33690659437899,0.0488476109841136
104.938997995992,0.49737576848549,0.0734174133658295,3.36953651368588,-0.698409465153573,-2.61159413218199,1.21477520187484,0.522399105650755,0.0711573049768859,3.83517652436887,-0.649323413022232,-2.64286228962674,1.34421546358227,0.0490860521313412
105.291142284569,0.495664889383458,0.072429943005932,3.39201816778173,-0.7018552068385,-2.62513548766004,1.22142507398304,0.520726298749527,0.0701874442142112,3.86331032914973,-0.652530713559931,-2.65658584129467,1.35152441417481,0.049324493278569
105.643286573146,0.493959895383772,0.0714557479971035,3.41465011684487,-0.705300948523427,-2.63867693001691,1.22807503297006,0.519058848448069,0.069230796925995,3.89165082759681,-0.65573801409763,-2.67030947307729,1.35883344488203,0.0495629344257968
105.995430861723,0.492260766242786,0.070494650047202,3.43743336295281,-0.708746690208354,-2.65221845789868,1.23472507748197,0.517396737593676,0.0682871832514753,3.92019953563973,-0.65894531463533,-2.68403318372648,1.36614255445582,0.0498013755730242
106.347575150301,0.49056748178649,0.0695464732529649,3.46036891491228,-0.712192431893281,-2.66576006997941,1.24137520619284,0.51573994908857,0.067356425773047,3.94895798037308,-0.662152615173029,-2.69775697201991,1.37345174167385,0.050039816720252
106.699719438878,0.488880021910267,0.0686110440681967,3.48345778830334,-0.715638173578208,-2.67930176496039,1.24802541780398,0.514088465889724,0.066438349483252,3.97792770013759,-0.665359915710728,-2.71148083676037,1.38076100533891,0.0502782578674796
107.051863727455,0.487198366578657,0.067688191272372,3.50670100552376,-0.719083915263135,-2.69284354156952,1.25467571104325,0.512442271008684,0.0655327817522082,4.00711024460196,-0.668567216248427,-2.72520477677512,1.38807034427827,0.0505166990147073
107.404008016032,0.485522495825119,0.0667777459396504,3.53009959583381,-0.722529656948061,-2.70638539856054,1.26132608466442,0.510801347511397,0.0646395522954725,4.03650717484524,-0.671774516786126,-2.73892879091531,1.39537975734305,0.0507551401619351
107.756152304609,0.483852389751791,0.0658795414082967,3.55365459540124,-0.725975398632989,-2.71992733471246,1.26797653744648,0.509165678518034,0.0637584931423318,4.06612006343988,-0.674981817323826,-2.7526528780553,1.40268924340765,0.0509935813091629
108.108296593186,0.482188028529259,0.0649934132505029,3.57736704734667,-0.729421140317916,-2.73346934882885,1.27462706819302,0.507535247202818,0.0628894386045175,4.09595049453538,-0.678189117861525,-2.76637703709214,1.40999880136909,0.0512320224563904
108.460440881764,0.480529392396316,0.0641191992426053,3.60123800178934,-0.732866882002842,-2.74701143973727,1.28127767573159,0.505910036793854,0.0620322252453357,4.12600006394263,-0.681396418399224,-2.78010126694499,1.41730843014655,0.0514704636036182
108.812585170341,0.478876461659729,0.0632567393356931,3.62526851589306,-0.736312623687769,-2.76055360628869,1.28792835891315,0.504290030572949,0.061186691849211,4.15627037921883,-0.684603718936923,-2.79382556655455,1.4246181286807,0.0517089047508459
109.164729458918,0.47722921669401,0.0624058756266034,3.64945965391262,-0.739758365372696,-2.77409584735685,1.29457911661145,0.502675211875448,0.0603526793916365,4.18676305975311,-0.687811019474623,-2.80754993488252,1.43192789593328,0.0519473458980738
109.516873747495,0.475587637941175,0.0615664523292971,3.67381248724046,-0.743204107057623,-2.78763816183773,1.30122994772249,0.501065564090056,0.0595300310095251,4.21747973685271,-0.691018320012322,-2.82127437091113,1.43923773088648,0.0521857870453013
109.869018036072,0.473951705910517,0.0607383157466112,3.69832809445366,-0.74664984874255,-2.80118054864903,1.30788085116393,0.499461070658672,0.0587185919719575,4.24842205382995,-0.694225620550021,-2.83499887364257,1.44654763254253,0.052424228192529
110.221162324649,0.472321401178376,0.0599213142423839,3.72300756136134,-0.750095590427477,-2.81472300672959,1.31453182587464,0.497861715076216,0.0579182096513215,4.27959166608969,-0.69743292108772,-2.84872344209856,1.45385759992312,0.0526626693397567
110.573306613226,0.4706967043879,0.059115298213945,3.74785198105229,-0.753541332112404,-2.82826553503891,1.32118287081411,0.49626748089046,0.0571287334948369,4.3109902412176,-0.700640221625419,-2.86244807531984,1.461167632069,0.0529011104869844
110.925450901804,0.469077596248827,0.058320120064971,3.77286245394302,-0.756987073797331,-2.84180813255664,1.32783398496198,0.494678351701859,0.0563500149964627,4.34261945906899,-0.703847522163118,-2.87617277236573,1.46847772803949,0.0531395516342121
111.277595190381,0.467464057537247,0.0575356341786962,3.79804008782611,-0.760432815482257,-2.85535079828208,1.33448516731757,0.493094311163382,0.0555819076691795,4.37448101185836,-0.707054822700818,-2.88989753231366,1.47578788691203,0.0533779927814398
111.629739478958,0.465856069095376,0.0567616968914782,3.82338599791891,-0.763878557167184,-2.86889353123375,1.34113641689938,0.491515342980343,0.0548242670176442,4.40657660424961,-0.710262123238517,-2.90362235425877,1.48309810778174,0.0536164339286674
111.981883767535,0.46425361183133,0.0559981664667118,3.84890130691258,-0.767324298852111,-2.88243633044887,1.34778773274465,0.489941430910236,0.0540769505112107,4.43890795344694,-0.713469423776216,-2.91734723731345,1.49040838976102,0.0538548750758954
112.334028056112,0.462656666718898,0.0552449030690874,3.87458714502143,-0.770770040537038,-2.89597919498298,1.3544391139089,0.488372558762564,0.0533398175573127,4.47147678928638,-0.716676724313915,-2.93107218060696,1.49771873197913,0.054093316223123
112.686172344689,0.461065214797315,0.05450176873919,3.90044465003272,-0.774215782221965,-2.90952212390946,1.36109055946553,0.486808710398676,0.0526127294752039,4.5042848543281,-0.719884024851614,-2.944797183285,1.50502913358177,0.0543317573703507
113.038316633267,0.459479237171037,0.0537686273684325,3.92647496735666,-0.777661523906892,-2.92306511631915,1.36774206850537,0.4852498697316,0.0518955494700496,4.53733390394931,-0.723091325389313,-2.95852224450938,1.51233959373075,0.0545701985175784
113.390460921844,0.457898715009519,0.0530453446743219,3.95267925007689,-0.781107265591819,-2.9366081713199,1.37439364013626,0.483696020725875,0.0511881426073678,4.57062570643793,-0.726298625927013,-2.97224736345756,1.51965011160353,0.0548086396648061
113.742605210421,0.456323629546988,0.0523317881760521,3.9790586590012,-0.784553007276745,-2.95015128803619,1.3810452734827,0.48214714739739,0.0504903757878123,4.60416204308693,-0.729505926464712,-2.98597253932237,1.52696068639294,0.0550470808120337
114.094749498998,0.45475396208222,0.0516278271704189,4.00561436271268,-0.787998748961673,-2.96369446560876,1.38769696768542,0.480603233813218,0.0498021177222951,4.63794470828936,-0.732713227002411,-2.99969777131159,1.53427131730677,0.0552855219592615
114.446893787575,0.453189693978324,0.0509333327080551,4.0323475376212,-0.7914444906466,-2.97723770319423,1.39434872190103,0.479064264091449,0.0491232389074434,4.67197550963413,-0.735920527540111,-3.01342305864766,1.54158200356744,0.0555239631064892
114.799038076152,0.451630806662514,0.0502481775699798,4.05925936801522,-0.794890232331526,-2.99078099996471,1.40100053530166,0.477530222401034,0.0484536116013862,4.70625626800248,-0.73912782807781,-3.02714840056727,1.54889274441166,0.0557624042537168
115.151182364729,0.450077281625889,0.0495722362444574,4.08635104611402,-0.798335974016453,-3.00432435510747,1.40765240707456,0.476001092961614,0.0477931097998667,4.74078881766515,-0.742335128615509,-3.04087379632113,1.55620353909011,0.0560008454009446
115.503326653307,0.448529100423218,0.0489053849041649,4.11362377212021,-0.80178171570138,-3.01786776782459,1.41430433642183,0.474476860043362,0.0471416092126768,4.77557500638034,-0.745542429153208,-3.05459924517354,1.56351438686713,0.0562392865481723
115.855470941884,0.446986244672718,0.0482475013836608,4.14107875427268,-0.805227457386307,-3.03141123733262,1.42095632256,0.472957507966821,0.0464989872404071,4.81061669549229,-0.748749729690907,-3.0683247464022,1.57082528702039,0.0564777276954
116.207615230461,0.445448696055835,0.0475984651571531,4.16871720889984,-0.808673199071234,-3.04495476286225,1.42760836471979,0.471443021102743,0.0458651229515121,4.84591576003076,-0.751957030228606,-3.0820502992978,1.57813623884059,0.0567161688426278
116.559759519038,0.443916436317026,0.0469581573165624,4.1965403604733,-0.812118940756161,-3.05849834365803,1.4342604621457,0.469933383871924,0.0452398970596823,4.88147408881103,-0.755164330766306,-3.09577590316381,1.5854472416312,0.0569546099898552
116.911903807615,0.442389447263547,0.0463264605498755,4.22454944166186,-0.815564682441088,-3.07204197897798,1.4409126140958,0.468428580745053,0.0446231919015224,4.91729358453486,-0.758371631304005,-3.10950155731614,1.59275829470813,0.0571930511370831
117.264048096192,0.44086771076523,0.045703259119787,4.25274569338592,-0.819010424126015,-3.08558566809337,1.44756481984134,0.46692859624254,0.0440148914145293,4.9533761638921,-0.761578931841704,-3.12322726108289,1.60006939739948,0.057431492284311
117.61619238477,0.439351208754275,0.0450884388426242,4.28113036487221,-0.822456165810941,-3.09912941028839,1.4542170786665,0.465433414934367,0.0434148811153682,4.98972375766298,-0.764786232379403,-3.13695301380408,1.60738054904528,0.0576699334315385
117.968336673347,0.437839923225028,0.0444818870675524,4.30970471370892,-0.825901907495868,-3.11267320485986,1.46086938986813,0.463943021439924,0.0428230480784399,5.02633831082133,-0.767993532917102,-3.15067881483138,1.61469174899717,0.0579083745787663
118.320480961924,0.436333836233774,0.043883492656055,4.33847000590124,-0.829347649180795,-3.12621705111699,1.4675217527554,0.462457400427854,0.0422392809147386,5.06322178263845,-0.771200833454802,-3.16440466352784,1.62200299661824,0.0581468157259939
118.672625250501,0.43483292989852,0.0432931459616886,4.3674275159272,-0.832793390865722,-3.13976094838104,1.47417416664959,0.460976536615892,0.0416634697509941,5.10037614678775,-0.774408133992501,-3.17813055926768,1.62931429128267,0.0583852568732216
119.024769539078,0.433337186398784,0.0427107388101048,4.39657852679401,-0.836239132550649,-3.15330489598512,1.48082663088383,0.459500414770709,0.0410955062090953,5.13780339145022,-0.7776154345302,-3.191856501436,1.6366256323756,0.0586236980204492
119.376913827655,0.431846587975381,0.0421361644793395,4.42592433009465,-0.839684874235576,-3.16684889327393,1.48747914480278,0.458029019707756,0.0405352833857919,5.1755055194207,-0.780822735067899,-3.20558248942858,1.64393701929278,0.0588621391676769
119.729058116232,0.430361116930218,0.0415693176803639,4.45546622606493,-0.843130615920503,-3.18039293960347,1.49413170776246,0.456562336291108,0.0399826958326697,5.21348454821477,-0.784030035605598,-3.21930852265164,1.65124845144045,0.0591005803149047
120.08120240481,0.428880755626078,0.0410100945378932,4.48520552364094,-0.84657635760543,-3.19393703434081,1.50078431912995,0.455100349433306,0.0394376395363962,5.25174251017672,-0.787237336143297,-3.23303460052161,1.65855992823501,0.0593390214621324
120.433346693387,0.427405486486412,0.040458392571452,4.51514354051686,-0.850022099290357,-3.20748117686388,1.50743697828317,0.453643044095207,0.0389000118992332,5.290281452588,-0.790444636680997,-3.2467607224649,1.66587144910291,0.0595774626093601
120.785490981964,0.425935291995132,0.0399141106766912,4.54528160320315,-0.853467840975284,-3.22102536656122,1.51408968461065,0.452190405285821,0.0383697117198123,5.32910343777677,-0.793651937218696,-3.26048688791772,1.67318301348032,0.0598159037565881
121.137635270541,0.424470154696403,0.0393771491069535,4.5756210470852,-0.856913582660211,-3.23456960283174,1.52074243751132,0.450742418062166,0.0378466391741705,5.36821054322802,-0.796859237756395,-3.27421309632583,1.68049462081304,0.0600543449038156
121.489779559118,0.423010057194433,0.0388474094550844,4.60616321648232,-0.860359324345137,-3.24811388508455,1.52739523639427,0.449299067529107,0.0373306957970414,5.40760486169466,-0.800066538294094,-3.28793934714439,1.68780627055621,0.0602927860510433
121.841923847695,0.421554982153268,0.0383247946354859,4.63690946470714,-0.863805066030064,-3.26165821273866,1.53404808067853,0.447860338839207,0.0368217844633999,5.44728850130934,-0.803273838831793,-3.30166563983772,1.69511796217414,0.0605312271982709
122.194068136273,0.420104912296589,0.0378092088664087,4.66786115412545,-0.867250807714991,-3.27520258522286,1.54070096979288,0.446426217192572,0.036319809370256,5.48726358569719,-0.806481139369493,-3.31539197387912,1.70242969514013,0.0607696683454987
122.54621242485,0.418659830407502,0.0373005576524804,4.6990196562164,-0.870696549399918,-3.28874700197548,1.54735390317564,0.4449966878367,0.0358246760186947,5.52753225408928,-0.809688439907192,-3.32911834875067,1.70974146893629,0.0610081094927264
122.898356713427,0.417219719328337,0.0367987477674672,4.7303863516331,-0.874142291084845,-3.30229146244418,1.55400688027449,0.44357173606633,0.0353362911961586,5.56809666143704,-0.812895740444891,-3.3428447639431,1.71705328305331,0.0612465506399541
123.250501002004,0.415784561960442,0.0363036872372645,4.76196263026374,-0.877588032769772,-3.31583596608576,1.56065990054622,0.442151347223288,0.0348545629589709,5.60895897852741,-0.81610304098259,-3.35657121895553,1.72436513699035,0.0614849917871817
123.602645290581,0.414354341263982,0.0358152853231148,4.79374989129297,-0.881033774454699,-3.329380512366,1.5673129634566,0.440735506696339,0.0343794006150934,5.65012139209893,-0.819310341520289,-3.37029771329537,1.73167703025479,0.0617234329344094
123.954789579158,0.412929040257736,0.0353334525050495,4.82574954326377,-0.884479516139625,-3.34292510075945,1.5739660684802,0.439324199921034,0.0339107147071194,5.69158610495863,-0.822517642057988,-3.3840242464781,1.73898896236212,0.061961874081637
124.306933867735,0.411508642018895,0.0348581004655509,4.8579630041398,-0.887925257824552,-3.35646973074924,1.58061921510014,0.437917412379565,0.0334484169954949,5.73335533609986,-0.825724942595688,-3.39775081802714,1.74630093283577,0.0622003152288648
124.659078156313,0.410093129682861,0.0343891420734331,4.89039170136804,-0.891370999509479,-3.37001440182695,1.587272402808,0.436515129600608,0.0329924204419687,5.77543132082083,-0.828932243133387,-3.41147742747367,1.7536129412069,0.0624387563760925
125.01122244489,0.408682486443047,0.0339264913679369,4.92303707194194,-0.894816741194406,-3.38355911349239,1.59392563110358,0.435117337159182,0.032542639193265,5.81781631084427,-0.832139543671086,-3.42520407435647,1.7609249870143,0.0626771975233203
125.363366733467,0.407276695550678,0.0334700635430377,4.955900562465,-0.898262482879333,-3.39710386525345,1.60057889949479,0.433724020676496,0.0320989885649778,5.86051257443772,-0.835346844208785,-3.43893075822178,1.76823706980421,0.0629156386705478
125.715511022044,0.405875740314592,0.0330197749319626,4.98898362921478,-0.90170822456426,-3.41064865662596,1.60723220749744,0.432335165819801,0.031661385025683,5.90352239653491,-0.838554144746484,-3.45265747862312,1.77554918913015,0.0631540798177758
126.067655310621,0.40447960410104,0.0325755429919144,5.02228773820722,-0.905153966249187,-3.4241934871335,1.61388555463513,0.430950758302246,0.0312297461812659,5.94684807885789,-0.841761445284183,-3.4663842351212,1.78286134455284,0.0633925209650034
126.419799599198,0.403088270333491,0.0321372862889986,5.05581436526164,-0.908599707934114,-3.43773835630726,1.62053894043904,0.429570783882727,0.0308039907594608,5.99049194004014,-0.844968745821883,-3.48011102728373,1.79017353563996,0.0636309621122312
126.771943887776,0.401701722492433,0.0317049244833534,5.08956499606589,-0.912045449619041,-3.45128326368589,1.62719236444781,0.428195228365744,0.0303840385945997,6.03445631575059,-0.848176046359582,-3.49383785468527,1.79748576196611,0.0638694032594587
127.124088176353,0.400319944115181,0.0312783783144763,5.12354112624221,-0.915491191303968,-3.46482820881534,1.63384582620741,0.426824077601252,0.0299698106125682,6.07874355881852,-0.851383346897281,-3.50756471690716,1.8047980231126,0.0641078444066865
127.47623246493,0.398942918795675,0.0308575695867483,5.15774426141331,-0.918936932988894,-3.47837319124873,1.64049932527094,0.425457317484517,0.0295612288159646,6.12335603935937,-0.85459064743498,-3.52129161353731,1.81211031866735,0.0643462855539141
127.828376753507,0.397570630184291,0.0304424211551504,5.19217591726907,-0.922382674673821,-3.49191821054621,1.64715286119857,0.42409493395597,0.0291582162694605,6.16829614490154,-0.857797947972679,-3.53501854417013,1.81942264822477,0.0645847267011419
128.180521042084,0.396203061987643,0.0300328569111718,5.22683761963355,-0.925828416358748,-3.50546326627481,1.65380643355731,0.422736913001065,0.0287606970853594,6.21356628051412,-0.861005248510379,-3.54874550840636,1.8267350113856,0.0648231678483695
128.532665330661,0.394840197968393,0.0296288017689056,5.26173090453257,-0.929274158043675,-3.51900835800831,1.66046004192096,0.421383240650131,0.0283685964093516,6.25916886893541,-0.864212549048078,-3.56247250585297,1.83404740775681,0.0650616089955973
128.884809619238,0.393482021945056,0.0292301816513309,5.29685731826165,-0.932719899728602,-3.53255348532712,1.66711368586991,0.420033902978231,0.0279818404064612,6.30510635070263,-0.867419849585777,-3.57619953612304,1.84135983695149,0.065300050142825
129.236953907816,0.392128517791806,0.0288369234767776,5.33221841745446,-0.936165641413529,-3.54609864781813,1.67376736499107,0.418688886105018,0.0276003562471846,6.35138118428244,-0.870627150123476,-3.58992659883564,1.84867229858869,0.0655384912900526
129.589098196393,0.390779669438289,0.0284489551455732,5.36781576915173,-0.939611383098456,-3.55964384507461,1.6804210788777,0.417348176194591,0.0272240720938165,6.39799584620237,-0.873834450661176,-3.6036536936157,1.85598479229335,0.0657769324372803
129.94124248497,0.38943546086943,0.0280662055268671,5.40365095087061,-0.943057124783383,-3.57318907669607,1.68707482712931,0.416011759455356,0.0268529170869608,6.44495283118339,-0.877041751198874,-3.61738082009391,1.86329731769616,0.0660153735845082
130.293386773547,0.388095876125243,0.0276886044456313,5.43972555067448,-0.946502866468309,-3.58673434228815,1.69372860935153,0.41467962213988,0.0264868213322256,6.49225465227331,-0.880249051736574,-3.63110797790661,1.87060987443346,0.0662538147317356
130.645531062124,0.38676089930064,0.0273160826698354,5.47604116724328,-0.949948608153237,-3.6002796414625,1.70038242515603,0.413351750544751,0.0261257158870971,6.53990384098121,-0.883456352274273,-3.64483516669568,1.87792246214713,0.0664922558789636
130.997675350701,0.385430514545243,0.0269485718977925,5.51259940994425,-0.953394349838164,-3.61382497383667,1.70703627416034,0.41202813101044,0.0257695327479931,6.58790294741288,-0.886663652811972,-3.65856238610843,1.88523508048449,0.0667306970261911
131.349819639279,0.3841047060632,0.0265860047456749,5.5494018989032,-0.95684009152309,-3.62737033903397,1.71369015598779,0.410708749921156,0.0254182048374906,6.63625454040727,-0.889870953349671,-3.67228963579753,1.89254772909818,0.0669691381734189
131.701963927856,0.38278345811299,0.0262283147351961,5.58645026507624,-0.960285833208017,-3.64091573668341,1.72034407026738,0.40939359370471,0.0250716659917279,6.68496120767384,-0.893078253887371,-3.68601691542084,1.8998604076461,0.0672075793206465
132.054108216433,0.381466755007242,0.0258754362814587,5.62374615032197,-0.963731574892944,-3.65446116641957,1.72699801663369,0.40808264883237,0.024729850947977,6.73402555593107,-0.89628555442507,-3.69974422464138,1.90717311579124,0.0674460204678743
132.40625250501,0.380154581112544,0.0255273046809635,5.66129120747421,-0.967177316577871,-3.66800662788249,1.73365199472675,0.406775901818728,0.0243926953323842,6.78345021104589,-0.899492854962769,-3.71347156312721,1.91448585320167,0.067684461615102
132.758396793587,0.378846920849264,0.0251838560997802,5.69908710041512,-0.970623058262797,-3.68155212071756,1.74030600419196,0.405473339221558,0.0240601356478781,6.83323781817416,-0.902700155500468,-3.72719893055133,1.92179861955039,0.0679229027623296
133.110541082164,0.377543758691357,0.0248450275618758,5.73713550414896,-0.974068799947725,-3.69509764457545,1.74696004468,0.404174947641678,0.023732109262241,6.88339104190219,-0.905907456038167,-3.74092632659158,1.92911141451524,0.0681613439095575
133.462685370741,0.376245079166187,0.0245107569375995,5.77543810487618,-0.977514541632652,-3.70864319911198,1.75361411584668,0.402880713722812,0.0234085543963419,6.9339125663893,-0.909114756575867,-3.75465375093058,1.93642423777885,0.0683997850567851
133.814829659319,0.374950866854341,0.0241809829323213,5.81399660006814,-0.980960283317578,-3.72218878398807,1.76026821735291,0.401590624151454,0.0230894101125301,6.98480509551147,-0.912322057113566,-3.76838120325562,1.94373708902849,0.0686382262040127
134.166973947896,0.373661106389445,0.0238556450752233,5.85281269854227,-0.984406025002505,-3.73573439886959,1.76692234886458,0.400304665656727,0.0227746163031854,7.03607135300592,-0.915529357651265,-3.78210868325859,1.95104996795606,0.0688766673512405
134.519118236473,0.372375782457983,0.0235346837082406,5.89188812053771,-0.987851766687432,-3.7492800434273,1.77357651005244,0.399022825010254,0.0224641136794244,7.08771408261693,-0.918736658188964,-3.79583619063585,1.95836287425793,0.0691151084984682
134.87126252505,0.371094879799114,0.0232180399751503,5.93122459779155,-0.991297508372359,-3.76282571733678,1.78023070059206,0.397745089026014,0.0221578437599597,7.13973604824261,-0.921943958726663,-3.80956372508824,1.96567580763491,0.0693535496456961
135.223406813627,0.369818383204492,0.0229056558108068,5.97082387361548,-0.994743250057286,-3.77637142027829,1.78688492016372,0.396471444560212,0.0218557488601108,7.19214003408273,-0.925151259264362,-3.82329128632088,1.97298876779216,0.0695919907929236
135.575551102204,0.368546277518084,0.0225974739305212,6.01068770297301,-0.998188991742213,-3.78991715193675,1.79353916845233,0.395201878511139,0.0215577720809634,7.24492884478781,-0.928358559802061,-3.83701887404321,1.98030175443909,0.0698304319401514
135.927695390782,0.367278547635993,0.0222934378195826,6.0508178525572,-1.00163473342714,-3.80346291200159,1.80019344514731,0.393936377819042,0.0212638572986767,7.2981053056091,-0.931565860339761,-3.85074648796884,1.98761476728931,0.070068873087379
136.279839679359,0.366015178506273,0.0219934917229202,6.09121610086892,-1.00508047511207,-3.81700870016673,1.8068477499426,0.392674929465988,0.0209739491539357,7.35167226254977,-0.93477316087746,-3.86447412781546,1.99492780606054,0.0703073142346069
136.631983967936,0.364756155128758,0.0216975806349039,6.13188423829558,-1.00852621679699,-3.83055451613044,1.81350208253646,0.391417520475726,0.0206879930415465,7.4056325825172,-0.937980461415159,-3.87820179330485,2.00224087047454,0.0705457553818343
136.984128256513,0.363501462554877,0.0214056502892806,6.17282406719049,-1.01197195848192,-3.84410035959533,1.82015644263148,0.390164137913561,0.0204059351001728,7.45998915347639,-0.941187761952858,-3.89192948416274,2.00955396025702,0.070784196529062
137.33627254509,0.36225108588748,0.0211176471492468,6.21403740195264,-1.01541770016685,-3.85764623026819,1.8268108299345,0.388914768886215,0.0201277222022127,7.51474488460449,-0.944395062490557,-3.90565720011874,2.01686707513762,0.0710226376762897
137.688416833667,0.361005010280659,0.0208335183976527,6.2555260691071,-1.01886344185177,-3.87119212786001,1.83346524415647,0.387669400541696,0.0198533019438115,7.56990270644648,-0.947602363028256,-3.9193849409063,2.02418021484979,0.0712610788235175
138.040561122244,0.359763220939577,0.0205532119273389,6.29729190738592,-1.0223091835367,-3.88473805208584,1.84011968501244,0.386428020069167,0.0195826226350118,7.62546557107196,-0.950809663565956,-3.93311270626263,2.03149337913072,0.0714995199707452
138.392705410822,0.358525703120284,0.0202766763316012,6.33933676780958,-1.02575492522163,-3.89828400266472,1.84677415222146,0.385190614698815,0.019315633290036,7.68143645223316,-0.954016964103655,-3.94684049592865,2.03880656772134,0.0717379611179729
138.744849699399,0.35729244212955,0.0200038608947848,6.38166251376898,-1.02920066690655,-3.91182997931964,1.85342864550653,0.383957171701715,0.0190522836177018,7.73781834552403,-0.957224264641354,-3.96056830964888,2.04611978036617,0.0719764022652006
139.096993987976,0.356063423324683,0.0197347155830027,6.424271021108,-1.03264640859148,-3.92537598177748,1.86008316459451,0.382727678389702,0.0187925240119673,7.79461426854055,-0.960431565179054,-3.97429614717142,2.05343301681332,0.0722148434124283
139.449138276553,0.354838632113364,0.0194691910349801,6.46716417820655,-1.03609215027641,-3.93892200976887,1.86673770921605,0.381502122115245,0.0185363055426051,7.85182726104223,-0.963638865716753,-3.98802400824789,2.06074627681438,0.0724532845596559
139.80128256513,0.353618053953466,0.0192072385530206,6.51034388606432,-1.03953789196134,-3.95246806302823,1.87339227910556,0.380280490271308,0.0182835799460025,7.90946038511478,-0.966846166254451,-4.00175189263333,2.06805956012442,0.0726917257068838
140.153426853707,0.352401674352882,0.0189488100940934,6.55381205838489,-1.04298363364626,-3.96601414129361,1.88004687400109,0.379062770291225,0.0180342996160872,7.96751672533393,-0.970053466792151,-4.01547980008617,2.07537286650187,0.0729301668541116
140.505571142285,0.351189478869361,0.0186938582610413,6.59757062166059,-1.04642937533119,-3.9795602443067,1.88670149364432,0.377848949648573,0.0177884175953761,8.02599938893052,-0.97326076732985,-4.02920773036818,2.08268619570848,0.073168608001339
140.857715430862,0.349981453110324,0.0184423362939042,6.64162151525779,-1.04987511701612,-3.99310637181269,1.89335613778046,0.376639015857039,0.017545887566146,8.08491150595685,-0.976468067867549,-4.04293568324438,2.08999954750929,0.0734070491485669
141.209859719439,0.348777582732705,0.0181941980613614,6.68596669150288,-1.05332085870104,-4.00665252356031,1.90001080615823,0.375432956470294,0.0173066638417237,8.14425622945405,-0.979675368405249,-4.05666365848302,2.09731292167253,0.0736454902957944
141.562004008016,0.347577853442773,0.017949398052287,6.7306081157687,-1.05676660038597,-4.02019869930168,1.90666549852974,0.374230759081863,0.0170707013578953,8.20403673562093,-0.982882668942948,-4.0703916558555,2.1046263179696,0.0738839314430222
141.914148296593,0.346382250995965,0.0177078913674189,6.77554776656167,-1.0602123420709,-4.03374489879229,1.9133202146505,0.373032411325,0.0168379556644316,8.26425622398391,-0.986089969480647,-4.08411967513632,2.11193973617502,0.0741223725902501
142.26629258517,0.345190761196716,0.0174696337111399,6.82078763560941,-1.06365808375582,-4.04729112179096,1.91997495427931,0.371837900872558,0.0166083829167288,8.32491791756825,-0.989297270018346,-4.09784771610303,2.11925317606634,0.0743608137374777
142.618436873747,0.344003369898294,0.0172345813833689,6.86632972794901,-1.06710382544075,-4.06083736805973,1.92662971717823,0.370647215436864,0.0163819398675634,8.38602506307053,-0.992504570556045,-4.1115757785362,2.12656663742411,0.0745992548847053
142.970581162325,0.342820063002625,0.0170026912715601,6.91217606201584,-1.07054956712568,-4.07438363736387,1.93328450311251,0.369460342769593,0.0161585838589584,8.44758093103244,-0.995711871093745,-4.12530386221934,2.13388012003185,0.0748376960319328
143.322725450902,0.341640826460132,0.0167739208428107,6.95832866973303,-1.0739953088106,-4.08792992947179,1.93993931185058,0.36827727066164,0.0159382728141604,8.50958881601574,-0.998919171631444,-4.13903196693885,2.14119362367596,0.0750761371791608
143.674869739479,0.340465646269567,0.0165482281360734,7.00478959660142,-1.07744105049553,-4.10147624415498,1.94659414316392,0.367097986942996,0.0157209652297261,8.57205203677865,-1.00212647216914,-4.152760092484,2.14850714814571,0.0753145783263887
144.027014028056,0.33929450847784,0.0163255717544738,7.05156090179028,-1.08088679218046,-4.11502258118799,1.95324899682707,0.365922479482622,0.015506620167716,8.6349739364534,-1.00533377270684,-4.16648823864684,2.15582069323316,0.0755530194736163
144.379158316633,0.338127399179861,0.0161059108577311,7.09864465822849,-1.08433253386539,-4.12856894034836,1.95990387261759,0.364750736188325,0.0152951972479939,8.69835788272523,-1.00854107324454,-4.18021640522222,2.16313425873314,0.0757914606208439
144.73130260521,0.336964304518369,0.01588920515468,7.1460429526964,-1.08777827555031,-4.14211532141655,1.96655877031593,0.363582745006633,0.0150866566406324,8.76220726801252,-1.01174837378224,-4.19394459200767,2.17044784444319,0.0760299017680717
145.083446893788,0.335805210683768,0.0156754148958928,7.19375788591831,-1.09122401723524,-4.15566172417594,1.97321368970547,0.362418493922671,0.0148809590584199,8.82652550964843,-1.01495567431994,-4.20767279880338,2.17776145016351,0.0762683429152995
145.435591182365,0.334650103913968,0.0154645008664013,7.24179157265556,-1.09466975892017,-4.16920814841275,1.97986863057242,0.361257970960039,0.0146780657494712,8.89131605006376,-1.01816297485764,-4.22140102541221,2.18507507569693,0.0765067840625271
145.787735470942,0.333498970494215,0.0152564243785155,7.29014614180021,-1.09811550060509,-4.18275459391599,1.9865235927058,0.360101164180684,0.014477938489937,8.95658235697117,-1.02137027539534,-4.23512927163955,2.19238872084887,0.0767452252097545
146.139879759519,0.332351796756931,0.0150511472647388,7.33882373646935,-1.10156124229002,-4.19630106047743,1.99317857589739,0.358948061684784,0.0142805395768143,9.02232792355081,-1.02457757593304,-4.24885753729336,2.19970238542728,0.0769836663569823
146.492024048096,0.331208569081555,0.0148486318707786,7.38782651410017,-1.10500698397495,-4.20984754789155,1.99983357994165,0.357798651610621,0.0140858318208524,9.08855626863726,-1.02778487647074,-4.26258582218409,2.20701606924262,0.0772221075042099
146.844168336673,0.330069273894375,0.0146488410486506,7.43715664654544,-1.10845272565987,-4.22339405595549,2.00648860463574,0.35665292213446,0.013893778539558,9.15527093690784,-1.03099217700844,-4.27631412612465,2.21432977210777,0.0774605486514379
147.19631262525,0.328933897668371,0.0144517381498752,7.48681632016984,-1.1118984673448,-4.23694058446903,2.01314364977943,0.355510861470427,0.0137043435502928,9.22247549907233,-1.03419947754613,-4.29004244893036,2.22164349383809,0.0776989897986653
147.548456913828,0.327802426923055,0.0142572870187654,7.53680773594676,-1.11534420902973,-4.2504871332345,2.01979871517505,0.35437245787039,0.013517491163467,9.29017355206411,-1.03740677808383,-4.30377079041893,2.22895723425126,0.0779374309458933
147.900601202405,0.326674848224306,0.0140654519858055,7.5871331095559,-1.11878995071465,-4.2640337020568,2.02645380062749,0.353237699623834,0.0133331861758242,9.35836871923259,-1.04061407862153,-4.3174991504104,2.23627099316733,0.0781758720931209
148.252745490982,0.325551148184217,0.013876197861117,7.63779467148146,-1.12223569239958,-4.2775802907433,2.03310890594414,0.352106575057744,0.0131513938638184,9.42706465053726,-1.04382137915923,-4.33122752872713,2.24358477040866,0.0784143132403483
148.604889779559,0.324431313460932,0.0136894899280144,7.68879466711091,-1.12568143408451,-4.29112689910385,2.03976403093484,0.350979072536486,0.0129720799770803,9.49626502274293,-1.04702867969693,-4.34495592519373,2.25089856579986,0.0786527543875764
148.957034068136,0.323315330758487,0.013505293936645,7.74013535683457,-1.12912717576943,-4.30467352695072,2.04641917541185,0.349855180461682,0.0127952107319735,9.56597353961652,-1.05023598023463,-4.35868433963704,2.25821237916778,0.0788911955348039
149.309178356713,0.322203186826655,0.0133235760977166,7.79181901614574,-1.13257291745436,-4.31822017409853,2.05307433918981,0.348734887272095,0.0126207528052371,9.63619393212541,-1.05344328077233,-4.37241277188611,2.26552621034145,0.0791296366820315
149.661322645291,0.321094868460788,0.0131443030763069,7.84384793574153,-1.13601865913929,-4.33176684036428,2.0597295220857,0.34761818144351,0.0124486733277162,9.70692995863698,-1.05665058131003,-4.38614122177214,2.27284005915208,0.0793680778292596
150.013466933868,0.319990362501658,0.0129674419857583,7.89622442162443,-1.13946440082422,-4.34531352556725,2.06638472391882,0.346505051488614,0.0122789398781762,9.77818540511985,-1.05985788184773,-4.39986968912846,2.280153925433,0.0796065189764867
150.365611222445,0.318889655835302,0.0127929603816528,7.94895079520442,-1.14291014250914,-4.35886022952902,2.07303994451073,0.345395485956876,0.0121115204772028,9.84996408534651,-1.06306518238543,-4.41359817379049,2.28746780901964,0.0798449601237148
150.717755511022,0.317792735392869,0.012620826255869,8.0020293934019,-1.14635588419407,-4.37240695207336,2.07969518368522,0.344289473434435,0.0119463835811838,9.92226984109738,-1.06627248292313,-4.42732667559571,2.29478170974946,0.0800834012709424
151.069899799599,0.31669958815046,0.0124510080307181,8.05546256875126,-1.149801625879,-4.38595369302628,2.08635044126829,0.343187002543977,0.011783498076373,9.99510654236656,-1.06947978346083,-4.44105519438364,2.30209562746199,0.0803218424181702
151.422044088176,0.315610201128976,0.012283474553159,8.10925268950512,-1.15324736756392,-4.39950045221594,2.09300571708809,0.34208806194462,0.0116228332730358,10.0684780875688,-1.07268708399853,-4.45478372999578,2.30940956199873,0.0805602835653978
151.774188376753,0.314524561393964,0.0121181950890913,8.16340213973924,-1.15669310924885,-4.41304722947263,2.09966101097493,0.340992640331799,0.0114643588996729,10.1423884037483,-1.07589438453622,-4.46851228227561,2.31672351320316,0.0807987247126254
152.126332665331,0.313442656055465,0.0119551393177241,8.21791331945828,-1.16013885093378,-4.42659402462874,2.10631632276119,0.339900726437144,0.0113080450973241,10.2168414467888,-1.07910168507392,-4.48224085106853,2.32403748092068,0.0810371658598532
152.478476953908,0.312364472267856,0.0117942773260213,8.27278864470206,-1.1635845926187,-4.44014083751873,2.11297165228132,0.338812309028374,0.0111538624139487,10.2918412016254,-1.08230898561162,-4.49596943622186,2.33135146499862,0.081275607007081
152.830621242485,0.311289997229702,0.0116355796032209,8.32803054765269,-1.16703033430363,-4.45368766797909,2.11962699937183,0.33772737690917,0.0110017817988826,10.3673916824576,-1.08551628614932,-4.50969803758479,2.33866546528615,0.0815140481543088
153.182765531062,0.310219218183603,0.0114790170354279,8.38364147674237,-1.17047607598856,-4.46723451584831,2.1262823638712,0.33664591891907,0.0108517745973707,10.4434969329647,-1.08872358668702,-4.52342665500836,2.34597948163432,0.0817524893015362
153.534909819639,0.30915212241604,0.0113245609002806,8.43962389676183,-1.17392181767348,-4.48078138096687,2.13293774561991,0.335567923933346,0.0107038125451744,10.5201610265216,-1.09193088722472,-4.53715528834543,2.35329351389599,0.081990930448764
153.887054108216,0.308088697257229,0.0111721828616869,8.49598028896965,-1.17736755935841,-4.49432826317719,2.13959314446036,0.334493380862896,0.0105578677632514,10.5973880664171,-1.09513818776242,-4.55088393745064,2.36060756192581,0.0822293715959916
154.239198396794,0.307028930080966,0.0110218549646334,8.55271315120218,-1.18081330104334,-4.50787516232357,2.14624856023689,0.333422278654125,0.0104139127525088,10.6751821860738,-1.09834548830012,-4.56461260218042,2.36792162558018,0.0824678127432197
154.591342685371,0.305972808304479,0.0108735496300619,8.60982499798425,-1.18425904272826,-4.52142207825223,2.15290399279571,0.332354606288835,0.0102719203886273,10.7535475492687,-1.10155278883782,-4.57834128239291,2.37523570471727,0.0827062538904471
154.943486973948,0.304920319388277,0.0107272396498168,8.66731836064062,-1.18770478441319,-4.53496901081125,2.15955944198487,0.331290352784108,0.0101318639169553,10.8324883503567,-1.10476008937552,-4.59206997794797,2.38254979919694,0.0829446950376749
155.295631262525,0.303871450836006,0.0105828981816588,8.72519578740816,-1.19115052609812,-4.54851595985051,2.16621490765428,0.330229507192197,0.00999371694747391,10.9120088144948,-1.10796738991322,-4.60579868870716,2.38986390888073,0.0831831361849025
155.647775551102,0.302826190194294,0.0104404987443467,8.78345984354879,-1.19459626778305,-4.56206292522171,2.17287038965562,0.329172058600412,0.0098574534498287,10.9921131978682,-1.11117469045092,-4.61952741453369,2.39717803363186,0.0834215773321301
155.999919839679,0.301784525052606,0.0103000152127839,8.84211311146318,-1.19804200946797,-4.57560990677833,2.17952588784238,0.328117996131005,0.00972304774843056,11.0728057879182,-1.11438199098861,-4.6332561552924,2.40449217331517,0.0836600184793581
156.352064128256,0.3007464430431,0.010161421813232,8.90115819080519,-1.2014877511529,-4.58915690437556,2.18618140206976,0.327067308941062,0.00959047451762248,11.1540909035716,-1.11758929152631,-4.64698491084975,2.41180632779713,0.0838984596265857
156.704208416834,0.299711931840474,0.0100246931185866,8.96059769859708,-1.20493349283783,-4.60270391787036,2.19283693219471,0.326019986222389,0.00945970877691225,11.2359728954722,-1.12079659206401,-4.66071368107379,2.41912049694576,0.0841369007738133
157.056352705411,0.298680979161825,0.00988980404371804,9.02043426934554,-1.20837923452275,-4.61625094712136,2.19949247807585,0.324976017201401,0.00933072588627016,11.3184561462132,-1.12400389260171,-4.67444246583412,2.4264346806307,0.0843753419210411
157.408496993988,0.297653572766498,0.00975672984087415,9.08067055515839,-1.21182497620768,-4.62979799198886,2.2061480395735,0.323935391139014,0.00920350154149067,11.4015450705721,-1.12721119313941,-4.6881712650019,2.43374887872307,0.0846137830682689
157.760641282565,0.296629700455947,0.00962544609514462,9.14130922586222,-1.21527071789261,-4.64334505233481,2.2128036165496,0.322898097330529,0.0090780117696172,11.4852441157468,-1.13041849367711,-4.70190007844978,2.44106309109556,0.0848522242154965
158.112785571142,0.295609350073585,0.0094959287199867,9.20235296912059,-1.21871645957753,-4.65689212802279,2.21945920886772,0.321864125105529,0.00895423292442914,11.5695577615937,-1.13362579421481,-4.71562890605195,2.44837731762233,0.0850906653627241
158.464929859719,0.29459250950464,0.00936815395281063,9.26380449055325,-1.22216220126246,-4.67043921891797,2.22611481639305,0.320833463827762,0.00883214168199051,11.6544905208678,-1.13683309475251,-4.72935774768403,2.45569155817901,0.085329106509952
158.817074148297,0.293579166676015,0.00924209835062453,9.32566651385605,-1.22560794294739,-4.6839863248871,2.23277043899233,0.319806102895037,0.00871171503625894,11.7400469394636,-1.14004039529021,-4.74308660322311,2.46300581264269,0.0855675476571796
159.169218436874,0.292569309556141,0.00911773878573776,9.38794178092162,-1.22905368463231,-4.69753344579847,2.23942607653384,0.318782031739113,0.00859293029475466,11.8262315966591,-1.14324769582791,-4.75681547254772,2.4703200808919,0.0858059888044074
159.521362725451,0.291562926154835,0.00899505244152205,9.45063305196089,-1.23249942631724,-4.71108058152192,2.24608172888744,0.317761239825588,0.00847576507428835,11.9130491053603,-1.14645499636561,-4.77054435553779,2.47763436280657,0.0860444299516352
159.873507014028,0.290560004523159,0.00887401680822952,9.51374310562549,-1.23594516800217,-4.72462773192878,2.25273739592444,0.316743716653796,0.00836019729674713,12.0005041123487,-1.14966229690331,-4.78427325207463,2.48494865826802,0.0862828710988628
160.225651302605,0.289560532753277,0.0087546096788668,9.57727473913084,-1.23939090968709,-4.73817489689186,2.25939307751767,0.315729451756694,0.00824620518493804,12.0886012985295,-1.152869597441,-4.79800216204096,2.49226296715895,0.0865213122460904
160.577795591182,0.288564498978311,0.00863680914512472,9.6412307683802,-1.24283665137202,-4.75172207628547,2.26604877354143,0.314718434700757,0.00813376725848792,12.1773453791826,-1.1560768979787,-4.8117310853208,2.49957728936339,0.0867597533933182
160.92993987976,0.287571891372208,0.00852059359336265,9.70561402808938,-1.24628239305695,-4.76526926998532,2.27270448387143,0.313710655085867,0.00802286232979938,12.2667411042145,-1.1592841985164,-4.82546002179953,2.50689162476672,0.086998194540546
161.282084168337,0.28658269814959,0.0084059417006467,9.77042737191245,-1.24972813474188,-4.77881647786858,2.27936020838482,0.312706102545214,0.00791346950006158,12.356793258413,-1.1624914990541,-4.83918897136383,2.51420597325563,0.0872366356877736
161.634228456914,0.285596907565619,0.00829283243084119,9.83567367256825,-1.2531738764268,-4.79236369981378,2.28601594696018,0.311704766745181,0.00780556815531544,12.4475066617032,-1.1656987995918,-4.85291793390169,2.52152033471809,0.0874750768350012
161.986372745491,0.28461450791586,0.00818124503075271,9.90135582196763,-1.25661961811173,-4.80591093570088,2.29267169947742,0.310706637385239,0.00769913796257245,12.5388861694052,-1.1689061001295,-4.86664690930236,2.52883470904336,0.0877135179822288
162.338517034068,0.283635487536136,0.00807115902632583,9.96747673134172,-1.26006535979666,-4.81945818541116,2.29932746581785,0.309711704197848,0.00759415886598633,12.6309366724944,-1.1721134006672,-4.88037589745635,2.53614909612195,0.0879519591294566
162.690661322645,0.282659834802393,0.0079625542188901,10.0340393313709,-1.26351110148158,-4.83300544882728,2.30598324586411,0.308719956948343,0.00749061108307671,12.723663097863,-1.1753207012049,-4.89410489825541,2.54346349584562,0.0881904002766847
163.042805611222,0.281687538130563,0.00785541068145728,10.1010465723146,-1.26695684316651,-4.84655272583319,2.31263903950017,0.307731385434832,0.00738847510100436,12.8170704085838,-1.1785280017426,-4.90783391159251,2.55077790810732,0.0884288414239121
163.3949498998,0.280718585976425,0.00774970875506853,10.1685014241424,-1.27040258485144,-4.86010001631418,2.31929484661131,0.306745979488092,0.00728773167289707,12.9111636041759,-1.1817353022803,-4.92156293736183,2.55809233280124,0.0886672825711396
163.747094188377,0.279752966835465,0.00764542904519046,10.2364068766654,-1.27384832653636,-4.87364732015681,2.32595066708408,0.305763728971464,0.00718836181422565,13.0059477208724,-1.184942602818,-4.93529197545873,2.56540676982274,0.0889057237183675
164.099238476954,0.278790669242747,0.00754255241815982,10.3047659396686,-1.27729406822129,-4.8871946372489,2.33260650080632,0.304784623780746,0.00709034679922913,13.1014278318898,-1.1881499033557,-4.94902102577974,2.57272121906835,0.0891441648655951
164.451382765531,0.277831681772767,0.00744105999767578,10.3735816430448,-1.28073980990622,-4.90074196747954,2.3392623476671,0.303808653844095,0.00699366815738873,13.1976090476995,-1.1913572038934,-4.96275008822256,2.58003568043577,0.0893826060128227
164.803527054108,0.276875993039328,0.00734093316133948,10.4428570369283,-1.28418555159114,-4.91428931073904,2.34591820755675,0.302835809121916,0.00689830766994996,13.2944965163015,-1.19456450443109,-4.976479162686,2.58735015382381,0.0896210471600505
165.155671342685,0.275923591695395,0.00724215353723995,10.5125951918305,-1.28763129327607,-4.92783666691894,2.3525740803668,0.301866079606765,0.00680424736649183,13.3920954235001,-1.19777180496879,-4.99020824907002,2.59466463913244,0.0898594883072783
165.507815631263,0.274974466432967,0.00714470300058604,10.582799198776,-1.291077034961,-4.94138403591198,2.35922996598998,0.300899455323242,0.00671146952154301,13.4904109931811,-1.20097910550649,-5.00393734727568,2.60197913626269,0.0900979294545059
165.85995991984,0.274028605982939,0.00704856367038352,10.6534721694395,-1.29452277664593,-4.95493141761207,2.36588586432021,0.29993592632789,0.00661995665124395,13.5894484875917,-1.20418640604419,-5.01766645720512,2.60929364511674,0.0903363706017337
166.212104208417,0.273085999114972,0.00695371790615686,10.7246172362834,-1.29796851833085,-4.96847881191429,2.37254177525259,0.298975482709093,0.00652969151005451,13.689213207622,-1.20739370658189,-5.03139557876157,2.61660816559779,0.0905748117489611
166.564248496994,0.272146634637353,0.00686014830471505,10.7962375526973,-1.30141426001578,-4.9820262187149,2.37919769868334,0.298018114586974,0.0064406570875064,13.7897104930889,-1.21060100711959,-5.04512471184932,2.62392269761014,0.0908132528961891
166.916392785571,0.271210501396872,0.00676783769696091,10.8683362931372,-1.30486000170071,-4.99557363791125,2.38585363450984,0.297063812113291,0.00635283660499991,13.8909457230219,-1.21380830765729,-5.05885385637369,2.63123724105911,0.0910516940434167
167.268537074148,0.270277588278679,0.00667676914474325,10.9409166532668,-1.30830574338563,-5.00912106940186,2.39250958263059,0.296112565471341,0.00626621351264415,13.992924315951,-1.21701560819499,-5.07258301224107,2.63855179585109,0.0912901351906443
167.620681362725,0.269347884206159,0.00658692593775133,11.0139818500982,-1.31175148507056,-5.0226685130863,2.39916554294518,0.295164364875852,0.00618077148614047,14.0956517301965,-1.22022290873269,-5.08631217935884,2.64586636189346,0.0915285763378719
167.972825651303,0.268421378140799,0.00649829159045109,11.0875351221357,-1.31519722675549,-5.03621596886529,2.40582151535431,0.294219200572889,0.00609649442370818,14.1991334641616,-1.22343020927039,-5.10004135763538,2.65318093909461,0.0917670174850997
168.32496993988,0.267498059082056,0.00641084983906258,11.1615797295184,-1.31864296844041,-5.04976343664057,2.41247749975974,0.293277062839749,0.00601336644305235,14.3033750566266,-1.22663750980809,-5.11377054698009,2.66049552736392,0.0920054586323276
168.677114228457,0.266577916067226,0.00632458463857785,11.236118954165,-1.32208871012534,-5.06331091631497,2.41913349606429,0.292337941984864,0.00593137187837261,14.4083820870448,-1.22984481034579,-5.12749974730333,2.66781012661176,0.0922438997795552
169.029258517034,0.265660938171316,0.0062394801598191,11.3111560999194,-1.32553445181027,-5.07685840779238,2.42578950417184,0.291401828347697,0.00585049527741299,14.5141601758423,-1.23305211088348,-5.14122895851643,2.67512473674946,0.092482340926783
169.381402805611,0.264747114506911,0.00615552078653638,11.386694492697,-1.32898019349519,-5.09040591097769,2.4324455239873,0.29046871229865,0.00577072139855175,14.6207149847176,-1.23625941142118,-5.15495818053166,2.68243935768929,0.0927207820740106
169.733547094188,0.263836434224049,0.00607269111254407,11.4627374806322,-1.33242593518012,-5.10395342577682,2.43910155541658,0.289538584238958,0.00569203520793098,14.7280522169456,-1.23946671195888,-5.16868741326225,2.68975398934448,0.0929592232212384
170.085691382766,0.262928886510088,0.00599097593889608,11.5392884342269,-1.33587167686505,-5.11750095209671,2.44575759836662,0.288611434600592,0.00561442187662512,14.8361776176824,-1.24267401249658,-5.18241665662234,2.69706863162917,0.093197664368466
170.437835671343,0.262024460589581,0.00591036027109895,11.6163507464994,-1.33931741854997,-5.13104848984528,2.45241365274533,0.287687253846164,0.00553786677784831,14.9450969742729,-1.24588131303428,-5.19614591052699,2.70438328445843,0.0934361055156936
170.78997995992,0.261123145724144,0.00583082931636233,11.6939278331357,-1.3427631602349,-5.14459603893142,2.45906971846162,0.286766032468823,0.00546235548419948,15.0548161165607,-1.24908861357198,-5.20987517489218,2.71169794774822,0.0936745466629216
171.142124248497,0.260224931212335,0.00575236848088651,11.7720231326398,-1.34620890191983,-5.158143599265,2.46572579542535,0.285847760992163,0.00538787376494525,15.1653409172,-1.25229591410968,-5.22360444963475,2.71901262141539,0.0939129878101492
171.494268537074,0.259329806389518,0.00567496336718641,11.8506401064872,-1.34965464360476,-5.17169117075684,2.47238188354733,0.284932429970123,0.0053144075833396,15.2766772919703,-1.25550321464738,-5.23733373467244,2.72632730537768,0.094151428957377
171.846412825651,0.258437760627745,0.00559859977145141,11.9297822392775,-1.35310038528968,-5.1852387533187,2.47903798273933,0.284020029986888,0.00524194309398026,15.3888312000924,-1.25871051518508,-5.25106302992385,2.73364199955369,0.0943898701046044
172.198557114228,0.257548783335626,0.00552326368094084,12.0094530388892,-1.35654612697461,-5.19878634686325,2.48569409291403,0.283110551656795,0.00517046664020094,15.5018086445482,-1.26191781572278,-5.26479233530843,2.74095670386287,0.0946283112518325
172.550701402806,0.256662863958202,0.00544894127141442,12.0896560366353,-1.35999186865954,-5.21233395130411,2.49235021398504,0.282203985624237,0.00509996475149921,15.6156156724011,-1.26512511626048,-5.27852165074648,2.74827141822553,0.0948667523990601
172.902845691383,0.255779991976821,0.00537561890459707,12.1703947874196,-1.36343761034446,-5.22588156655578,2.49900634586685,0.281300322563562,0.00503042414099929,15.7302583751208,-1.26833241679818,-5.29225097615915,2.7555861425628,0.0951051935462877
173.25498997996,0.254900156909014,0.00530328312567816,12.2516728698944,-1.36688335202939,-5.23942919253365,2.50566248847487,0.280399553178982,0.00496183170294959,15.8457428889082,-1.27153971733587,-5.30598031146838,2.76290087679663,0.0953436346935155
173.607134268537,0.254023348308369,0.00523192066084396,12.3334938866191,-1.37032909371432,-5.252976829154,2.51231864172536,0.279501668204476,0.00489417451025414,15.9620753950248,-1.27474701787357,-5.31970965659695,2.7702156208498,0.0955820758407433
173.959278557114,0.253149555764409,0.00516151841484363,12.4158614642198,-1.37377483539924,-5.26652447633398,2.51897480553549,0.278606658403694,0.00482743981203777,16.079262120123,-1.27795431841127,-5.33343901146843,2.77753037464588,0.0958205169879707
174.311422845691,0.252278768902466,0.00509206346858764,12.4987792535502,-1.37722057708417,-5.28007213399159,2.52563097982325,0.277714514569862,0.00476161503124445,16.1973093365797,-1.28116161894897,-5.34716837600717,2.78484513810923,0.0960589581351985
174.663567134269,0.251410977383559,0.00502354307677864,12.5822509298534,-1.3806663187691,-5.29361980204569,2.5322871645075,0.276825227525687,0.0046966877622683,16.3162233628319,-1.28436891948667,-5.36089775013833,2.79215991116498,0.0962973992824261
175.015711422846,0.250546170904272,0.00495594466557414,12.6662801929247,-1.38411206045402,-5.30716748041596,2.53894335950791,0.275938788123265,0.00463264576861691,16.4360105637148,-1.28757622002437,-5.3746271337878,2.79947469373906,0.0965358404296537
175.367855711423,0.249684339196629,0.0048892558302806,12.7508707672757,-1.38755780213895,-5.32071516902291,2.54559956474501,0.275055187243983,0.0045694769806065,16.5566773508029,-1.29078352056207,-5.38835652688228,2.80678948575814,0.0967742815768817
175.72,0.248825472027975,0.00482346433307849,12.8360264022993,-1.39100354382388,-5.33426286778787,2.55225578014011,0.274174415798429,0.00450716949308843,16.6782301827527,-1.29399082109977,-5.40208592934918,2.81410428714964,0.0970127227241093
