"model_id","city","activity","row_component","col_component","covariance"
"Abilene__all","Abilene","all",1,1,3.92409323000953
"Abilene__all","Abilene","all",2,1,-1.43311650437416
"Abilene__all","Abilene","all",3,1,-1.99380733539076
"Abilene__all","Abilene","all",1,2,-1.43311650437416
"Abilene__all","Abilene","all",2,2,2.04981921319143
"Abilene__all","Abilene","all",3,2,1.78558772690238
"Abilene__all","Abilene","all",1,3,-1.99380733539076
"Abilene__all","Abilene","all",2,3,1.78558772690238
"Abilene__all","Abilene","all",3,3,3.195204973508
"Amarillo__all","Amarillo","all",1,1,134.336220546921
"Amarillo__all","Amarillo","all",2,1,-1039.30126807113
"Amarillo__all","Amarillo","all",3,1,-1742.78750400763
"Amarillo__all","Amarillo","all",1,2,-1039.30126807113
"Amarillo__all","Amarillo","all",2,2,9914.20763467648
"Amarillo__all","Amarillo","all",3,2,16566.4044270678
"Amarillo__all","Amarillo","all",1,3,-1742.78750400763
"Amarillo__all","Amarillo","all",2,3,16566.4044270678
"Amarillo__all","Amarillo","all",3,3,27685.1248878665
"Arlington__all","Arlington","all",1,1,0.335335052914005
"Arlington__all","Arlington","all",2,1,-0.453232128889237
"Arlington__all","Arlington","all",3,1,-0.64607610760421
"Arlington__all","Arlington","all",1,2,-0.453232128889237
"Arlington__all","Arlington","all",2,2,0.725691904912266
"Arlington__all","Arlington","all",3,2,1.01616481406715
"Arlington__all","Arlington","all",1,3,-0.64607610760421
"Arlington__all","Arlington","all",2,3,1.01616481406715
"Arlington__all","Arlington","all",3,3,1.55054703908496
"Atlanta__all","Atlanta","all",1,1,535.723312398496
"Atlanta__all","Atlanta","all",2,1,-311.408343927998
"Atlanta__all","Atlanta","all",3,1,-464.751135905884
"Atlanta__all","Atlanta","all",1,2,-311.408343927998
"Atlanta__all","Atlanta","all",2,2,293.45457358292
"Atlanta__all","Atlanta","all",3,2,420.107205424611
"Atlanta__all","Atlanta","all",1,3,-464.751135905884
"Atlanta__all","Atlanta","all",2,3,420.107205424611
"Atlanta__all","Atlanta","all",3,3,641.130157132125
"Austin__all","Austin","all",1,1,0.0161934768780327
"Austin__all","Austin","all",2,1,-0.0138939059317663
"Austin__all","Austin","all",3,1,-0.023026492772639
"Austin__all","Austin","all",1,2,-0.0138939059317663
"Austin__all","Austin","all",2,2,0.0200455248876721
"Austin__all","Austin","all",3,2,0.0300084660931792
"Austin__all","Austin","all",1,3,-0.023026492772639
"Austin__all","Austin","all",2,3,0.0300084660931792
"Austin__all","Austin","all",3,3,0.0559825510732557
"Bakersfield__all","Bakersfield","all",1,1,0.327114310757304
"Bakersfield__all","Bakersfield","all",2,1,-0.493163848352907
"Bakersfield__all","Bakersfield","all",3,1,-0.951313037756495
"Bakersfield__all","Bakersfield","all",1,2,-0.493163848352907
"Bakersfield__all","Bakersfield","all",2,2,2.13193553084878
"Bakersfield__all","Bakersfield","all",3,2,3.96551304964784
"Bakersfield__all","Bakersfield","all",1,3,-0.951313037756495
"Bakersfield__all","Bakersfield","all",2,3,3.96551304964784
"Bakersfield__all","Bakersfield","all",3,3,7.49381198561618
"Baltimore__all","Baltimore","all",1,1,0.580199463337208
"Baltimore__all","Baltimore","all",2,1,-0.894467864615614
"Baltimore__all","Baltimore","all",3,1,-1.35174493187635
"Baltimore__all","Baltimore","all",1,2,-0.894467864615614
"Baltimore__all","Baltimore","all",2,2,2.39974238528839
"Baltimore__all","Baltimore","all",3,2,3.74901243675389
"Baltimore__all","Baltimore","all",1,3,-1.35174493187635
"Baltimore__all","Baltimore","all",2,3,3.74901243675389
"Baltimore__all","Baltimore","all",3,3,5.96466253726084
"Boston__all","Boston","all",1,1,317.599648174754
"Boston__all","Boston","all",2,1,-79.4426552727403
"Boston__all","Boston","all",3,1,340.080353318035
"Boston__all","Boston","all",1,2,-79.4426552727403
"Boston__all","Boston","all",2,2,20.6010959553662
"Boston__all","Boston","all",3,2,-82.1246129366019
"Boston__all","Boston","all",1,3,340.080353318035
"Boston__all","Boston","all",2,3,-82.1246129366019
"Boston__all","Boston","all",3,3,381.744055288402
"Cape_Coral__all","Cape_Coral","all",1,1,4.58181080654335
"Cape_Coral__all","Cape_Coral","all",2,1,-2.00411021177957
"Cape_Coral__all","Cape_Coral","all",3,1,-2.32333268255222
"Cape_Coral__all","Cape_Coral","all",1,2,-2.00411021177957
"Cape_Coral__all","Cape_Coral","all",2,2,1.34993566060611
"Cape_Coral__all","Cape_Coral","all",3,2,1.66439833918577
"Cape_Coral__all","Cape_Coral","all",1,3,-2.32333268255221
"Cape_Coral__all","Cape_Coral","all",2,3,1.66439833918577
"Cape_Coral__all","Cape_Coral","all",3,3,3.10505782933486
"Chandler__all","Chandler","all",1,1,0.550222846230585
"Chandler__all","Chandler","all",2,1,-0.216600983813318
"Chandler__all","Chandler","all",3,1,-0.417178975935162
"Chandler__all","Chandler","all",1,2,-0.216600983813318
"Chandler__all","Chandler","all",2,2,0.216946055779142
"Chandler__all","Chandler","all",3,2,0.338874686153533
"Chandler__all","Chandler","all",1,3,-0.417178975935162
"Chandler__all","Chandler","all",2,3,0.338874686153533
"Chandler__all","Chandler","all",3,3,0.714614766266859
"Charleston__all","Charleston","all",1,1,1.66404602347459
"Charleston__all","Charleston","all",2,1,-0.672578252785044
"Charleston__all","Charleston","all",3,1,-1.53238007148528
"Charleston__all","Charleston","all",1,2,-0.672578252785044
"Charleston__all","Charleston","all",2,2,0.935191634824137
"Charleston__all","Charleston","all",3,2,1.64501058110566
"Charleston__all","Charleston","all",1,3,-1.53238007148528
"Charleston__all","Charleston","all",2,3,1.64501058110566
"Charleston__all","Charleston","all",3,3,3.20156590113844
"Charlotte__all","Charlotte","all",1,1,2.90457172865125
"Charlotte__all","Charlotte","all",2,1,-4.51663579834867
"Charlotte__all","Charlotte","all",3,1,-6.85211303414697
"Charlotte__all","Charlotte","all",1,2,-4.51663579834867
"Charlotte__all","Charlotte","all",2,2,10.6209214731679
"Charlotte__all","Charlotte","all",3,2,16.0760462723296
"Charlotte__all","Charlotte","all",1,3,-6.85211303414697
"Charlotte__all","Charlotte","all",2,3,16.0760462723296
"Charlotte__all","Charlotte","all",3,3,24.5080964974875
"Chicago__all","Chicago","all",1,1,28.9434950778554
"Chicago__all","Chicago","all",2,1,-14.5021053295252
"Chicago__all","Chicago","all",3,1,-10.3509036723428
"Chicago__all","Chicago","all",1,2,-14.5021053295252
"Chicago__all","Chicago","all",2,2,9.44200085281422
"Chicago__all","Chicago","all",3,2,8.26097248367476
"Chicago__all","Chicago","all",1,3,-10.3509036723429
"Chicago__all","Chicago","all",2,3,8.26097248367476
"Chicago__all","Chicago","all",3,3,10.4432530341562
"Cincinnati__all","Cincinnati","all",1,1,152.761620134069
"Cincinnati__all","Cincinnati","all",2,1,-135.991171788725
"Cincinnati__all","Cincinnati","all",3,1,-177.345433622518
"Cincinnati__all","Cincinnati","all",1,2,-135.991171788725
"Cincinnati__all","Cincinnati","all",2,2,150.317932244591
"Cincinnati__all","Cincinnati","all",3,2,196.711142492419
"Cincinnati__all","Cincinnati","all",1,3,-177.345433622518
"Cincinnati__all","Cincinnati","all",2,3,196.711142492419
"Cincinnati__all","Cincinnati","all",3,3,266.121972556527
"Clearwater__all","Clearwater","all",1,1,88.695494826523
"Clearwater__all","Clearwater","all",2,1,-15.7902710674616
"Clearwater__all","Clearwater","all",3,1,-65.2180831163167
"Clearwater__all","Clearwater","all",1,2,-15.7902710674616
"Clearwater__all","Clearwater","all",2,2,3.15140217576267
"Clearwater__all","Clearwater","all",3,2,11.7609045294466
"Clearwater__all","Clearwater","all",1,3,-65.2180831163167
"Clearwater__all","Clearwater","all",2,3,11.7609045294466
"Clearwater__all","Clearwater","all",3,3,49.3256819255567
"Cleveland__all","Cleveland","all",1,1,250168089.311071
"Cleveland__all","Cleveland","all",2,1,-716066072.914136
"Cleveland__all","Cleveland","all",3,1,-836813782.255246
"Cleveland__all","Cleveland","all",1,2,-716066072.914136
"Cleveland__all","Cleveland","all",2,2,44924185510.6844
"Cleveland__all","Cleveland","all",3,2,59148380104.1559
"Cleveland__all","Cleveland","all",1,3,-836813782.255246
"Cleveland__all","Cleveland","all",2,3,59148380104.1559
"Cleveland__all","Cleveland","all",3,3,77923727910.0973
"Columbia__all","Columbia","all",1,1,10.7407918260377
"Columbia__all","Columbia","all",2,1,-52.6678420463659
"Columbia__all","Columbia","all",3,1,-96.0001522039742
"Columbia__all","Columbia","all",1,2,-52.6678420463659
"Columbia__all","Columbia","all",2,2,361.619773946114
"Columbia__all","Columbia","all",3,2,649.170330933165
"Columbia__all","Columbia","all",1,3,-96.0001522039742
"Columbia__all","Columbia","all",2,3,649.170330933165
"Columbia__all","Columbia","all",3,3,1166.36019767159
"Columbus__all","Columbus","all",1,1,63.7732121390479
"Columbus__all","Columbus","all",2,1,-112.547966344028
"Columbus__all","Columbus","all",3,1,-144.579046214538
"Columbus__all","Columbus","all",1,2,-112.547966344028
"Columbus__all","Columbus","all",2,2,245.015859700788
"Columbus__all","Columbus","all",3,2,313.485479927421
"Columbus__all","Columbus","all",1,3,-144.579046214538
"Columbus__all","Columbus","all",2,3,313.485479927421
"Columbus__all","Columbus","all",3,3,402.584215918319
"Corpus_Christi__all","Corpus_Christi","all",1,1,5096876510.25347
"Corpus_Christi__all","Corpus_Christi","all",2,1,-3406034757.53302
"Corpus_Christi__all","Corpus_Christi","all",3,1,-7654314634.98341
"Corpus_Christi__all","Corpus_Christi","all",1,2,-3406034757.53302
"Corpus_Christi__all","Corpus_Christi","all",2,2,8902940871.726
"Corpus_Christi__all","Corpus_Christi","all",3,2,16548448461.003
"Corpus_Christi__all","Corpus_Christi","all",1,3,-7654314634.98342
"Corpus_Christi__all","Corpus_Christi","all",2,3,16548448461.003
"Corpus_Christi__all","Corpus_Christi","all",3,3,32246743793.9018
"Dallas__all","Dallas","all",1,1,0.0553815013604146
"Dallas__all","Dallas","all",2,1,-0.0844481499322125
"Dallas__all","Dallas","all",3,1,-0.159743759259159
"Dallas__all","Dallas","all",1,2,-0.0844481499322125
"Dallas__all","Dallas","all",2,2,0.403541713443091
"Dallas__all","Dallas","all",3,2,0.742593555488708
"Dallas__all","Dallas","all",1,3,-0.159743759259159
"Dallas__all","Dallas","all",2,3,0.742593555488708
"Dallas__all","Dallas","all",3,3,1.37996094790754
"Detroit__all","Detroit","all",1,1,14185.2012257187
"Detroit__all","Detroit","all",2,1,-264769.75598115
"Detroit__all","Detroit","all",3,1,-379134.770441856
"Detroit__all","Detroit","all",1,2,-264769.75598115
"Detroit__all","Detroit","all",2,2,10852731.9683707
"Detroit__all","Detroit","all",3,2,15508065.399313
"Detroit__all","Detroit","all",1,3,-379134.770441856
"Detroit__all","Detroit","all",2,3,15508065.399313
"Detroit__all","Detroit","all",3,3,22160423.1225894
"Fort_Worth__all","Fort_Worth","all",1,1,0.0978276299457358
"Fort_Worth__all","Fort_Worth","all",2,1,-0.110782692768819
"Fort_Worth__all","Fort_Worth","all",3,1,-0.157471334202365
"Fort_Worth__all","Fort_Worth","all",1,2,-0.110782692768819
"Fort_Worth__all","Fort_Worth","all",2,2,0.14806255902288
"Fort_Worth__all","Fort_Worth","all",3,2,0.201400775647685
"Fort_Worth__all","Fort_Worth","all",1,3,-0.157471334202365
"Fort_Worth__all","Fort_Worth","all",2,3,0.201400775647685
"Fort_Worth__all","Fort_Worth","all",3,3,0.30882841204255
"Fresno__all","Fresno","all",1,1,0.424162939473358
"Fresno__all","Fresno","all",2,1,-0.271108676180905
"Fresno__all","Fresno","all",3,1,-0.532290971076288
"Fresno__all","Fresno","all",1,2,-0.271108676180905
"Fresno__all","Fresno","all",2,2,0.480431089876784
"Fresno__all","Fresno","all",3,2,0.831871452356285
"Fresno__all","Fresno","all",1,3,-0.532290971076287
"Fresno__all","Fresno","all",2,3,0.831871452356285
"Fresno__all","Fresno","all",3,3,1.56938436893375
"Gilbert__all","Gilbert","all",1,1,1.10974572341187
"Gilbert__all","Gilbert","all",2,1,-0.301030582656381
"Gilbert__all","Gilbert","all",3,1,-0.777874935505832
"Gilbert__all","Gilbert","all",1,2,-0.301030582656381
"Gilbert__all","Gilbert","all",2,2,0.335362238223187
"Gilbert__all","Gilbert","all",3,2,0.499022977103591
"Gilbert__all","Gilbert","all",1,3,-0.777874935505832
"Gilbert__all","Gilbert","all",2,3,0.499022977103591
"Gilbert__all","Gilbert","all",3,3,1.15161251851574
"Henderson__all","Henderson","all",1,1,0.296684789846728
"Henderson__all","Henderson","all",2,1,-0.120035885962904
"Henderson__all","Henderson","all",3,1,-0.139164807016062
"Henderson__all","Henderson","all",1,2,-0.120035885962904
"Henderson__all","Henderson","all",2,2,0.117092272133451
"Henderson__all","Henderson","all",3,2,0.0999626072527878
"Henderson__all","Henderson","all",1,3,-0.139164807016062
"Henderson__all","Henderson","all",2,3,0.0999626072527878
"Henderson__all","Henderson","all",3,3,0.185972619581304
"Houston__all","Houston","all",1,1,0.0801348828383141
"Houston__all","Houston","all",2,1,-0.0793204588093824
"Houston__all","Houston","all",3,1,-0.138937045655069
"Houston__all","Houston","all",1,2,-0.0793204588093824
"Houston__all","Houston","all",2,2,0.102277012657275
"Houston__all","Houston","all",3,2,0.168127672117452
"Houston__all","Houston","all",1,3,-0.138937045655069
"Houston__all","Houston","all",2,3,0.168127672117452
"Houston__all","Houston","all",3,3,0.295141940638948
"Indianapolis__all","Indianapolis","all",1,1,93.2334456581429
"Indianapolis__all","Indianapolis","all",2,1,-73.3711976062036
"Indianapolis__all","Indianapolis","all",3,1,-92.600310721527
"Indianapolis__all","Indianapolis","all",1,2,-73.3711976062036
"Indianapolis__all","Indianapolis","all",2,2,97.1164737169942
"Indianapolis__all","Indianapolis","all",3,2,119.344427419131
"Indianapolis__all","Indianapolis","all",1,3,-92.600310721527
"Indianapolis__all","Indianapolis","all",2,3,119.344427419131
"Indianapolis__all","Indianapolis","all",3,3,147.563300428292
"Jacksonville__all","Jacksonville","all",1,1,0.890754208349789
"Jacksonville__all","Jacksonville","all",2,1,-0.481419752206646
"Jacksonville__all","Jacksonville","all",3,1,-0.835885558598722
"Jacksonville__all","Jacksonville","all",1,2,-0.481419752206646
"Jacksonville__all","Jacksonville","all",2,2,0.316956271298803
"Jacksonville__all","Jacksonville","all",3,2,0.505072936393567
"Jacksonville__all","Jacksonville","all",1,3,-0.835885558598722
"Jacksonville__all","Jacksonville","all",2,3,0.505072936393567
"Jacksonville__all","Jacksonville","all",3,3,1.04744813226446
"Kansas_City__all","Kansas_City","all",1,1,0.634942640634431
"Kansas_City__all","Kansas_City","all",2,1,-1.79973907913559
"Kansas_City__all","Kansas_City","all",3,1,-3.04074207486592
"Kansas_City__all","Kansas_City","all",1,2,-1.79973907913559
"Kansas_City__all","Kansas_City","all",2,2,8.66617396912922
"Kansas_City__all","Kansas_City","all",3,2,14.4447850563483
"Kansas_City__all","Kansas_City","all",1,3,-3.04074207486592
"Kansas_City__all","Kansas_City","all",2,3,14.4447850563483
"Kansas_City__all","Kansas_City","all",3,3,24.1345693790179
"Las_Vegas__all","Las_Vegas","all",1,1,0.444294511667412
"Las_Vegas__all","Las_Vegas","all",2,1,-0.564349275064217
"Las_Vegas__all","Las_Vegas","all",3,1,-0.998333153543603
"Las_Vegas__all","Las_Vegas","all",1,2,-0.564349275064217
"Las_Vegas__all","Las_Vegas","all",2,2,1.15423296482269
"Las_Vegas__all","Las_Vegas","all",3,2,2.03260402880613
"Las_Vegas__all","Las_Vegas","all",1,3,-0.998333153543603
"Las_Vegas__all","Las_Vegas","all",2,3,2.03260402880613
"Las_Vegas__all","Las_Vegas","all",3,3,3.66886178883408
"Los_Angeles__all","Los_Angeles","all",1,1,10.2713251970464
"Los_Angeles__all","Los_Angeles","all",2,1,-8.78852375413576
"Los_Angeles__all","Los_Angeles","all",3,1,-13.2998737498083
"Los_Angeles__all","Los_Angeles","all",1,2,-8.78852375413576
"Los_Angeles__all","Los_Angeles","all",2,2,26.82816183104
"Los_Angeles__all","Los_Angeles","all",3,2,45.8075834998765
"Los_Angeles__all","Los_Angeles","all",1,3,-13.2998737498083
"Los_Angeles__all","Los_Angeles","all",2,3,45.8075834998765
"Los_Angeles__all","Los_Angeles","all",3,3,78.9330691401604
"Louisville__all","Louisville","all",1,1,96.177936187527
"Louisville__all","Louisville","all",2,1,-254.713640352389
"Louisville__all","Louisville","all",3,1,-390.42811323693
"Louisville__all","Louisville","all",1,2,-254.713640352389
"Louisville__all","Louisville","all",2,2,848.380721298549
"Louisville__all","Louisville","all",3,2,1299.5921636115
"Louisville__all","Louisville","all",1,3,-390.42811323693
"Louisville__all","Louisville","all",2,3,1299.5921636115
"Louisville__all","Louisville","all",3,3,1994.33788291002
"Lubbock__all","Lubbock","all",1,1,4.43752749465561
"Lubbock__all","Lubbock","all",2,1,-4.57929160638157
"Lubbock__all","Lubbock","all",3,1,-7.77006410537046
"Lubbock__all","Lubbock","all",1,2,-4.57929160638157
"Lubbock__all","Lubbock","all",2,2,8.89226309521311
"Lubbock__all","Lubbock","all",3,2,14.4806007975638
"Lubbock__all","Lubbock","all",1,3,-7.77006410537046
"Lubbock__all","Lubbock","all",2,3,14.4806007975638
"Lubbock__all","Lubbock","all",3,3,24.3425632558611
"Mesa__all","Mesa","all",1,1,1.45314920413612
"Mesa__all","Mesa","all",2,1,-0.475462812888157
"Mesa__all","Mesa","all",3,1,-1.16010849093464
"Mesa__all","Mesa","all",1,2,-0.475462812888157
"Mesa__all","Mesa","all",2,2,0.390232280776768
"Mesa__all","Mesa","all",3,2,0.647773300912731
"Mesa__all","Mesa","all",1,3,-1.16010849093464
"Mesa__all","Mesa","all",2,3,0.647773300912731
"Mesa__all","Mesa","all",3,3,1.50413586905793
"Miami__all","Miami","all",1,1,1097.602112708
"Miami__all","Miami","all",2,1,-3659.88458395819
"Miami__all","Miami","all",3,1,-5573.91070249029
"Miami__all","Miami","all",1,2,-3659.88458395819
"Miami__all","Miami","all",2,2,27393.9099842876
"Miami__all","Miami","all",3,2,41935.876990774
"Miami__all","Miami","all",1,3,-5573.91070249029
"Miami__all","Miami","all",2,3,41935.876990774
"Miami__all","Miami","all",3,3,64284.4598582933
"Milwaukee__all","Milwaukee","all",1,1,65.3414751158555
"Milwaukee__all","Milwaukee","all",2,1,-55.2238808314271
"Milwaukee__all","Milwaukee","all",3,1,-67.7143728044341
"Milwaukee__all","Milwaukee","all",1,2,-55.2238808314271
"Milwaukee__all","Milwaukee","all",2,2,71.6129958819692
"Milwaukee__all","Milwaukee","all",3,2,100.51796451015
"Milwaukee__all","Milwaukee","all",1,3,-67.7143728044341
"Milwaukee__all","Milwaukee","all",2,3,100.51796451015
"Milwaukee__all","Milwaukee","all",3,3,152.213746425735
"Minneapolis__all","Minneapolis","all",1,1,1874.75543474568
"Minneapolis__all","Minneapolis","all",2,1,-1433.63755405132
"Minneapolis__all","Minneapolis","all",3,1,-339.652577202946
"Minneapolis__all","Minneapolis","all",1,2,-1433.63755405132
"Minneapolis__all","Minneapolis","all",2,2,1513.66727595526
"Minneapolis__all","Minneapolis","all",3,2,730.042664924569
"Minneapolis__all","Minneapolis","all",1,3,-339.652577202946
"Minneapolis__all","Minneapolis","all",2,3,730.042664924569
"Minneapolis__all","Minneapolis","all",3,3,593.535872364668
"Miramar__all","Miramar","all",1,1,18.67740061847
"Miramar__all","Miramar","all",2,1,-6.0083630654759
"Miramar__all","Miramar","all",3,1,-13.4749469929068
"Miramar__all","Miramar","all",1,2,-6.0083630654759
"Miramar__all","Miramar","all",2,2,2.95837162844305
"Miramar__all","Miramar","all",3,2,5.34793323514568
"Miramar__all","Miramar","all",1,3,-13.4749469929068
"Miramar__all","Miramar","all",2,3,5.34793323514568
"Miramar__all","Miramar","all",3,3,13.4116182401569
"Nashville__all","Nashville","all",1,1,4.36045480407503
"Nashville__all","Nashville","all",2,1,-2.60778380636874
"Nashville__all","Nashville","all",3,1,-6.01081752060985
"Nashville__all","Nashville","all",1,2,-2.60778380636874
"Nashville__all","Nashville","all",2,2,5.79242766784704
"Nashville__all","Nashville","all",3,2,10.8087732729519
"Nashville__all","Nashville","all",1,3,-6.01081752060985
"Nashville__all","Nashville","all",2,3,10.8087732729519
"Nashville__all","Nashville","all",3,3,20.6780397817419
"New_York__all","New_York","all",1,1,0.299157741918206
"New_York__all","New_York","all",2,1,-0.256343685584416
"New_York__all","New_York","all",3,1,-0.309427673343365
"New_York__all","New_York","all",1,2,-0.256343685584416
"New_York__all","New_York","all",2,2,0.271410491213674
"New_York__all","New_York","all",3,2,0.356323558725281
"New_York__all","New_York","all",1,3,-0.309427673343365
"New_York__all","New_York","all",2,3,0.356323558725281
"New_York__all","New_York","all",3,3,0.537168587517267
"Newark__all","Newark","all",1,1,768.284799447215
"Newark__all","Newark","all",2,1,-1739.02634112022
"Newark__all","Newark","all",3,1,-2302.79212748908
"Newark__all","Newark","all",1,2,-1739.02634112022
"Newark__all","Newark","all",2,2,4192.4777870441
"Newark__all","Newark","all",3,2,5619.62595775576
"Newark__all","Newark","all",1,3,-2302.79212748908
"Newark__all","Newark","all",2,3,5619.62595775576
"Newark__all","Newark","all",3,3,7587.0598031132
"Oklahoma_City__all","Oklahoma_City","all",1,1,4.32942966074289
"Oklahoma_City__all","Oklahoma_City","all",2,1,-36.7531311340299
"Oklahoma_City__all","Oklahoma_City","all",3,1,-63.900740088111
"Oklahoma_City__all","Oklahoma_City","all",1,2,-36.7531311340299
"Oklahoma_City__all","Oklahoma_City","all",2,2,483.654852630037
"Oklahoma_City__all","Oklahoma_City","all",3,2,833.385610720261
"Oklahoma_City__all","Oklahoma_City","all",1,3,-63.900740088111
"Oklahoma_City__all","Oklahoma_City","all",2,3,833.385610720261
"Oklahoma_City__all","Oklahoma_City","all",3,3,1436.2732255957
"Orlando__all","Orlando","all",1,1,2.42308302112963
"Orlando__all","Orlando","all",2,1,-5.15590051903711
"Orlando__all","Orlando","all",3,1,-8.52181673142434
"Orlando__all","Orlando","all",1,2,-5.15590051903711
"Orlando__all","Orlando","all",2,2,13.2948721538776
"Orlando__all","Orlando","all",3,2,22.32395855861
"Orlando__all","Orlando","all",1,3,-8.52181673142435
"Orlando__all","Orlando","all",2,3,22.32395855861
"Orlando__all","Orlando","all",3,3,37.8135361250826
"Overland_Park__all","Overland_Park","all",1,1,3.19359568199771
"Overland_Park__all","Overland_Park","all",2,1,-19.9836720501306
"Overland_Park__all","Overland_Park","all",3,1,-36.5757423184399
"Overland_Park__all","Overland_Park","all",1,2,-19.9836720501306
"Overland_Park__all","Overland_Park","all",2,2,158.786596295595
"Overland_Park__all","Overland_Park","all",3,2,288.683018374715
"Overland_Park__all","Overland_Park","all",1,3,-36.5757423184399
"Overland_Park__all","Overland_Park","all",2,3,288.683018374715
"Overland_Park__all","Overland_Park","all",3,3,525.032806462693
"Palm_Bay__all","Palm_Bay","all",1,1,183.309883675116
"Palm_Bay__all","Palm_Bay","all",2,1,-79.0647932092889
"Palm_Bay__all","Palm_Bay","all",3,1,-158.535278180332
"Palm_Bay__all","Palm_Bay","all",1,2,-79.0647932092889
"Palm_Bay__all","Palm_Bay","all",2,2,36.2203320840508
"Palm_Bay__all","Palm_Bay","all",3,2,70.1674968354973
"Palm_Bay__all","Palm_Bay","all",1,3,-158.535278180332
"Palm_Bay__all","Palm_Bay","all",2,3,70.1674968354973
"Palm_Bay__all","Palm_Bay","all",3,3,141.926565048006
"Philadelphia__all","Philadelphia","all",1,1,1.13836299174198
"Philadelphia__all","Philadelphia","all",2,1,-1.32163790556828
"Philadelphia__all","Philadelphia","all",3,1,-2.10690944167738
"Philadelphia__all","Philadelphia","all",1,2,-1.32163790556828
"Philadelphia__all","Philadelphia","all",2,2,4.63571142345719
"Philadelphia__all","Philadelphia","all",3,2,7.81731523083897
"Philadelphia__all","Philadelphia","all",1,3,-2.10690944167738
"Philadelphia__all","Philadelphia","all",2,3,7.81731523083897
"Philadelphia__all","Philadelphia","all",3,3,13.297571265546
"Phoenix__all","Phoenix","all",1,1,0.12895315869191
"Phoenix__all","Phoenix","all",2,1,-0.0469946200040848
"Phoenix__all","Phoenix","all",3,1,-0.105114473077156
"Phoenix__all","Phoenix","all",1,2,-0.0469946200040848
"Phoenix__all","Phoenix","all",2,2,0.0395695784650191
"Phoenix__all","Phoenix","all",3,2,0.0661075583044429
"Phoenix__all","Phoenix","all",1,3,-0.105114473077156
"Phoenix__all","Phoenix","all",2,3,0.0661075583044429
"Phoenix__all","Phoenix","all",3,3,0.149617573913326
"Raleigh__all","Raleigh","all",1,1,0.898504485416015
"Raleigh__all","Raleigh","all",2,1,-1.71481081552358
"Raleigh__all","Raleigh","all",3,1,-3.19121202240439
"Raleigh__all","Raleigh","all",1,2,-1.71481081552358
"Raleigh__all","Raleigh","all",2,2,10.3467265065898
"Raleigh__all","Raleigh","all",3,2,18.5945999304409
"Raleigh__all","Raleigh","all",1,3,-3.19121202240439
"Raleigh__all","Raleigh","all",2,3,18.5945999304409
"Raleigh__all","Raleigh","all",3,3,33.5128997338933
"Richmond__all","Richmond","all",1,1,1.47976465217145
"Richmond__all","Richmond","all",2,1,-1.46478087198874
"Richmond__all","Richmond","all",3,1,-1.91279338713306
"Richmond__all","Richmond","all",1,2,-1.46478087198874
"Richmond__all","Richmond","all",2,2,2.807875192371
"Richmond__all","Richmond","all",3,2,3.99555306621689
"Richmond__all","Richmond","all",1,3,-1.91279338713306
"Richmond__all","Richmond","all",2,3,3.99555306621689
"Richmond__all","Richmond","all",3,3,5.98875853227998
"Riverside__all","Riverside","all",1,1,41.4555896139177
"Riverside__all","Riverside","all",2,1,-58.6714334097726
"Riverside__all","Riverside","all",3,1,-107.615135958689
"Riverside__all","Riverside","all",1,2,-58.6714334097726
"Riverside__all","Riverside","all",2,2,473.647871214844
"Riverside__all","Riverside","all",3,2,832.173788867956
"Riverside__all","Riverside","all",1,3,-107.615135958689
"Riverside__all","Riverside","all",2,3,832.173788867956
"Riverside__all","Riverside","all",3,3,1463.70015958646
"Sacramento__all","Sacramento","all",1,1,29.342727800931
"Sacramento__all","Sacramento","all",2,1,-31.2645959705006
"Sacramento__all","Sacramento","all",3,1,-27.2219011847101
"Sacramento__all","Sacramento","all",1,2,-31.2645959705006
"Sacramento__all","Sacramento","all",2,2,42.7357057249258
"Sacramento__all","Sacramento","all",3,2,43.9919497442677
"Sacramento__all","Sacramento","all",1,3,-27.2219011847101
"Sacramento__all","Sacramento","all",2,3,43.9919497442677
"Sacramento__all","Sacramento","all",3,3,50.0364481631296
"San_Antonio__all","San_Antonio","all",1,1,0.251188249970991
"San_Antonio__all","San_Antonio","all",2,1,-0.320847717750935
"San_Antonio__all","San_Antonio","all",3,1,-0.624155675524049
"San_Antonio__all","San_Antonio","all",1,2,-0.320847717750935
"San_Antonio__all","San_Antonio","all",2,2,0.459274909551662
"San_Antonio__all","San_Antonio","all",3,2,0.87806247499262
"San_Antonio__all","San_Antonio","all",1,3,-0.624155675524049
"San_Antonio__all","San_Antonio","all",2,3,0.87806247499262
"San_Antonio__all","San_Antonio","all",3,3,1.72919316415887
"San_Bernardino__all","San_Bernardino","all",1,1,46.3452144904231
"San_Bernardino__all","San_Bernardino","all",2,1,-9.31463773188068
"San_Bernardino__all","San_Bernardino","all",3,1,-15.0668591487595
"San_Bernardino__all","San_Bernardino","all",1,2,-9.31463773188068
"San_Bernardino__all","San_Bernardino","all",2,2,5.00635147805031
"San_Bernardino__all","San_Bernardino","all",3,2,6.79031274382163
"San_Bernardino__all","San_Bernardino","all",1,3,-15.0668591487595
"San_Bernardino__all","San_Bernardino","all",2,3,6.79031274382163
"San_Bernardino__all","San_Bernardino","all",3,3,13.9973380720062
"San_Jose__all","San_Jose","all",1,1,2.64413432439247
"San_Jose__all","San_Jose","all",2,1,-1.42182604153991
"San_Jose__all","San_Jose","all",3,1,-1.12758777944605
"San_Jose__all","San_Jose","all",1,2,-1.42182604153991
"San_Jose__all","San_Jose","all",2,2,1.6328156683288
"San_Jose__all","San_Jose","all",3,2,1.97519238973009
"San_Jose__all","San_Jose","all",1,3,-1.12758777944605
"San_Jose__all","San_Jose","all",2,3,1.97519238973009
"San_Jose__all","San_Jose","all",3,3,3.01774741426913
"Scottsdale__all","Scottsdale","all",1,1,1.40754158313596
"Scottsdale__all","Scottsdale","all",2,1,-1.81715174741179
"Scottsdale__all","Scottsdale","all",3,1,-3.94755398647195
"Scottsdale__all","Scottsdale","all",1,2,-1.81715174741179
"Scottsdale__all","Scottsdale","all",2,2,2.944757958529
"Scottsdale__all","Scottsdale","all",3,2,6.20986870308909
"Scottsdale__all","Scottsdale","all",1,3,-3.94755398647195
"Scottsdale__all","Scottsdale","all",2,3,6.20986870308909
"Scottsdale__all","Scottsdale","all",3,3,13.2859919699289
"St_Louis__all","St_Louis","all",1,1,4.23069138788959
"St_Louis__all","St_Louis","all",2,1,-1.3207959906188
"St_Louis__all","St_Louis","all",3,1,-3.75964071812233
"St_Louis__all","St_Louis","all",1,2,-1.3207959906188
"St_Louis__all","St_Louis","all",2,2,3.06886935053251
"St_Louis__all","St_Louis","all",3,2,5.56361819825726
"St_Louis__all","St_Louis","all",1,3,-3.75964071812233
"St_Louis__all","St_Louis","all",2,3,5.56361819825726
"St_Louis__all","St_Louis","all",3,3,10.8720154186003
"St_Petersburg__all","St_Petersburg","all",1,1,1.92998637147318
"St_Petersburg__all","St_Petersburg","all",2,1,-0.521392086254617
"St_Petersburg__all","St_Petersburg","all",3,1,-1.08419694066858
"St_Petersburg__all","St_Petersburg","all",1,2,-0.521392086254617
"St_Petersburg__all","St_Petersburg","all",2,2,0.302018741726335
"St_Petersburg__all","St_Petersburg","all",3,2,0.466246160021439
"St_Petersburg__all","St_Petersburg","all",1,3,-1.08419694066858
"St_Petersburg__all","St_Petersburg","all",2,3,0.466246160021439
"St_Petersburg__all","St_Petersburg","all",3,3,1.1388912610768
"Tallahassee__all","Tallahassee","all",1,1,4.45412771467553
"Tallahassee__all","Tallahassee","all",2,1,-10.0540382732742
"Tallahassee__all","Tallahassee","all",3,1,-17.7486629162504
"Tallahassee__all","Tallahassee","all",1,2,-10.0540382732742
"Tallahassee__all","Tallahassee","all",2,2,33.2225765440485
"Tallahassee__all","Tallahassee","all",3,2,58.6260985009124
"Tallahassee__all","Tallahassee","all",1,3,-17.7486629162504
"Tallahassee__all","Tallahassee","all",2,3,58.6260985009124
"Tallahassee__all","Tallahassee","all",3,3,103.684663146847
"Tampa__all","Tampa","all",1,1,2.03698639325303
"Tampa__all","Tampa","all",2,1,-1.35650470305536
"Tampa__all","Tampa","all",3,1,-1.74819107307933
"Tampa__all","Tampa","all",1,2,-1.35650470305536
"Tampa__all","Tampa","all",2,2,1.14308176319189
"Tampa__all","Tampa","all",3,2,1.49845184801856
"Tampa__all","Tampa","all",1,3,-1.74819107307933
"Tampa__all","Tampa","all",2,3,1.49845184801856
"Tampa__all","Tampa","all",3,3,2.290475586895
"Tucson__all","Tucson","all",1,1,0.0860064884196201
"Tucson__all","Tucson","all",2,1,-0.0283792679346835
"Tucson__all","Tucson","all",3,1,-0.0517944391445888
"Tucson__all","Tucson","all",1,2,-0.0283792679346835
"Tucson__all","Tucson","all",2,2,0.036155305331141
"Tucson__all","Tucson","all",3,2,0.0493630998198071
"Tucson__all","Tucson","all",1,3,-0.0517944391445888
"Tucson__all","Tucson","all",2,3,0.0493630998198071
"Tucson__all","Tucson","all",3,3,0.108674157250906
"Virginia_Beach__all","Virginia_Beach","all",1,1,3.12075446882386
"Virginia_Beach__all","Virginia_Beach","all",2,1,-6.9262014048748
"Virginia_Beach__all","Virginia_Beach","all",3,1,-13.0885332658024
"Virginia_Beach__all","Virginia_Beach","all",1,2,-6.9262014048748
"Virginia_Beach__all","Virginia_Beach","all",2,2,24.6612203815263
"Virginia_Beach__all","Virginia_Beach","all",3,2,45.4549158749854
"Virginia_Beach__all","Virginia_Beach","all",1,3,-13.0885332658024
"Virginia_Beach__all","Virginia_Beach","all",2,3,45.4549158749853
"Virginia_Beach__all","Virginia_Beach","all",3,3,84.016824825633
"Visalia__all","Visalia","all",1,1,0.670087495548258
"Visalia__all","Visalia","all",2,1,-0.336380801853945
"Visalia__all","Visalia","all",3,1,-0.599734340405054
"Visalia__all","Visalia","all",1,2,-0.336380801853945
"Visalia__all","Visalia","all",2,2,0.729026760457114
"Visalia__all","Visalia","all",3,2,1.11782606607952
"Visalia__all","Visalia","all",1,3,-0.599734340405054
"Visalia__all","Visalia","all",2,3,1.11782606607952
"Visalia__all","Visalia","all",3,3,2.02750469926832
"Washington__all","Washington","all",1,1,2.30934233719906
"Washington__all","Washington","all",2,1,-6.32252974523533
"Washington__all","Washington","all",3,1,-10.8173794162324
"Washington__all","Washington","all",1,2,-6.32252974523533
"Washington__all","Washington","all",2,2,23.0087848374589
"Washington__all","Washington","all",3,2,39.3576550235992
"Washington__all","Washington","all",1,3,-10.8173794162324
"Washington__all","Washington","all",2,3,39.3576550235992
"Washington__all","Washington","all",3,3,67.3802755848149
"Abilene__ride","Abilene","ride",1,1,4.65189342096333
"Abilene__ride","Abilene","ride",2,1,-2.08038098419148
"Abilene__ride","Abilene","ride",3,1,-2.80844261625875
"Abilene__ride","Abilene","ride",1,2,-2.08038098419148
"Abilene__ride","Abilene","ride",2,2,3.57044791767492
"Abilene__ride","Abilene","ride",3,2,3.82456189390992
"Abilene__ride","Abilene","ride",1,3,-2.80844261625875
"Abilene__ride","Abilene","ride",2,3,3.82456189390992
"Abilene__ride","Abilene","ride",3,3,6.48076511439494
"Amarillo__ride","Amarillo","ride",1,1,180.829818316894
"Amarillo__ride","Amarillo","ride",2,1,-1656.29740503176
"Amarillo__ride","Amarillo","ride",3,1,-2767.74396130719
"Amarillo__ride","Amarillo","ride",1,2,-1656.29740503176
"Amarillo__ride","Amarillo","ride",2,2,21923.1942068007
"Amarillo__ride","Amarillo","ride",3,2,36431.6696745507
"Amarillo__ride","Amarillo","ride",1,3,-2767.74396130719
"Amarillo__ride","Amarillo","ride",2,3,36431.6696745507
"Amarillo__ride","Amarillo","ride",3,3,60548.3876908346
"Arlington__ride","Arlington","ride",1,1,0.423328656002758
"Arlington__ride","Arlington","ride",2,1,-0.563106797157318
"Arlington__ride","Arlington","ride",3,1,-0.797961950682683
"Arlington__ride","Arlington","ride",1,2,-0.563106797157318
"Arlington__ride","Arlington","ride",2,2,0.907605660482933
"Arlington__ride","Arlington","ride",3,2,1.26323016088529
"Arlington__ride","Arlington","ride",1,3,-0.797961950682683
"Arlington__ride","Arlington","ride",2,3,1.26323016088529
"Arlington__ride","Arlington","ride",3,3,1.93093866564652
"Atlanta__ride","Atlanta","ride",1,1,21.8190185163434
"Atlanta__ride","Atlanta","ride",2,1,-13.0212471599745
"Atlanta__ride","Atlanta","ride",3,1,-19.051956119696
"Atlanta__ride","Atlanta","ride",1,2,-13.0212471599745
"Atlanta__ride","Atlanta","ride",2,2,12.9866705910124
"Atlanta__ride","Atlanta","ride",3,2,18.362080299313
"Atlanta__ride","Atlanta","ride",1,3,-19.051956119696
"Atlanta__ride","Atlanta","ride",2,3,18.362080299313
"Atlanta__ride","Atlanta","ride",3,3,27.9629436779831
"Austin__ride","Austin","ride",1,1,0.0232890339417514
"Austin__ride","Austin","ride",2,1,-0.0201063079112272
"Austin__ride","Austin","ride",3,1,-0.0335263309636836
"Austin__ride","Austin","ride",1,2,-0.0201063079112272
"Austin__ride","Austin","ride",2,2,0.029145124387219
"Austin__ride","Austin","ride",3,2,0.0435551150217845
"Austin__ride","Austin","ride",1,3,-0.0335263309636836
"Austin__ride","Austin","ride",2,3,0.0435551150217845
"Austin__ride","Austin","ride",3,3,0.0811566700002359
"Bakersfield__ride","Bakersfield","ride",1,1,0.358209655493161
"Bakersfield__ride","Bakersfield","ride",2,1,-0.474978051891636
"Bakersfield__ride","Bakersfield","ride",3,1,-0.924115712676566
"Bakersfield__ride","Bakersfield","ride",1,2,-0.474978051891636
"Bakersfield__ride","Bakersfield","ride",2,2,2.07744217567315
"Bakersfield__ride","Bakersfield","ride",3,2,3.85253696228758
"Bakersfield__ride","Bakersfield","ride",1,3,-0.924115712676566
"Bakersfield__ride","Bakersfield","ride",2,3,3.85253696228758
"Bakersfield__ride","Bakersfield","ride",3,3,7.2853187156197
"Baltimore__ride","Baltimore","ride",1,1,0.754893847564401
"Baltimore__ride","Baltimore","ride",2,1,-1.15262295339945
"Baltimore__ride","Baltimore","ride",3,1,-1.7272207113387
"Baltimore__ride","Baltimore","ride",1,2,-1.15262295339945
"Baltimore__ride","Baltimore","ride",2,2,3.12174997401087
"Baltimore__ride","Baltimore","ride",3,2,4.84086601349059
"Baltimore__ride","Baltimore","ride",1,3,-1.7272207113387
"Baltimore__ride","Baltimore","ride",2,3,4.84086601349059
"Baltimore__ride","Baltimore","ride",3,3,7.66569854903027
"Boston__ride","Boston","ride",1,1,399.589445778387
"Boston__ride","Boston","ride",2,1,-99.0395872559424
"Boston__ride","Boston","ride",3,1,430.86607883067
"Boston__ride","Boston","ride",1,2,-99.0395872559424
"Boston__ride","Boston","ride",2,2,25.3688866985189
"Boston__ride","Boston","ride",3,2,-103.788660570018
"Boston__ride","Boston","ride",1,3,430.86607883067
"Boston__ride","Boston","ride",2,3,-103.788660570018
"Boston__ride","Boston","ride",3,3,482.232023261475
"Cape_Coral__ride","Cape_Coral","ride",1,1,5.86966926082482
"Cape_Coral__ride","Cape_Coral","ride",2,1,-2.59674734476406
"Cape_Coral__ride","Cape_Coral","ride",3,1,-3.19543394774957
"Cape_Coral__ride","Cape_Coral","ride",1,2,-2.59674734476406
"Cape_Coral__ride","Cape_Coral","ride",2,2,1.77585217511908
"Cape_Coral__ride","Cape_Coral","ride",3,2,2.27783949614288
"Cape_Coral__ride","Cape_Coral","ride",1,3,-3.19543394774957
"Cape_Coral__ride","Cape_Coral","ride",2,3,2.27783949614288
"Cape_Coral__ride","Cape_Coral","ride",3,3,4.1653268515606
"Chandler__ride","Chandler","ride",1,1,0.784704010936027
"Chandler__ride","Chandler","ride",2,1,-0.293436638873555
"Chandler__ride","Chandler","ride",3,1,-0.584668148608231
"Chandler__ride","Chandler","ride",1,2,-0.293436638873555
"Chandler__ride","Chandler","ride",2,2,0.260584489719759
"Chandler__ride","Chandler","ride",3,2,0.406758188966972
"Chandler__ride","Chandler","ride",1,3,-0.584668148608232
"Chandler__ride","Chandler","ride",2,3,0.406758188966972
"Chandler__ride","Chandler","ride",3,3,0.891926490089665
"Charleston__ride","Charleston","ride",1,1,1.79054875172688
"Charleston__ride","Charleston","ride",2,1,-0.797235623543987
"Charleston__ride","Charleston","ride",3,1,-1.70610686989236
"Charleston__ride","Charleston","ride",1,2,-0.797235623543987
"Charleston__ride","Charleston","ride",2,2,1.18230337090566
"Charleston__ride","Charleston","ride",3,2,2.03759680145286
"Charleston__ride","Charleston","ride",1,3,-1.70610686989236
"Charleston__ride","Charleston","ride",2,3,2.03759680145286
"Charleston__ride","Charleston","ride",3,3,3.90071713328952
"Charlotte__ride","Charlotte","ride",1,1,3.46968538454181
"Charlotte__ride","Charlotte","ride",2,1,-5.20654021995373
"Charlotte__ride","Charlotte","ride",3,1,-7.89443865566971
"Charlotte__ride","Charlotte","ride",1,2,-5.20654021995373
"Charlotte__ride","Charlotte","ride",2,2,12.1587301609213
"Charlotte__ride","Charlotte","ride",3,2,18.398309056518
"Charlotte__ride","Charlotte","ride",1,3,-7.89443865566971
"Charlotte__ride","Charlotte","ride",2,3,18.398309056518
"Charlotte__ride","Charlotte","ride",3,3,28.0652029846354
"Chicago__ride","Chicago","ride",1,1,27.9760035733208
"Chicago__ride","Chicago","ride",2,1,-14.2510700358402
"Chicago__ride","Chicago","ride",3,1,-10.3878814622589
"Chicago__ride","Chicago","ride",1,2,-14.2510700358402
"Chicago__ride","Chicago","ride",2,2,9.40389734102097
"Chicago__ride","Chicago","ride",3,2,8.31171610114149
"Chicago__ride","Chicago","ride",1,3,-10.3878814622589
"Chicago__ride","Chicago","ride",2,3,8.31171610114149
"Chicago__ride","Chicago","ride",3,3,10.4627896183182
"Cincinnati__ride","Cincinnati","ride",1,1,152.743534301246
"Cincinnati__ride","Cincinnati","ride",2,1,-142.010458234398
"Cincinnati__ride","Cincinnati","ride",3,1,-182.163666941375
"Cincinnati__ride","Cincinnati","ride",1,2,-142.010458234398
"Cincinnati__ride","Cincinnati","ride",2,2,167.463143310793
"Cincinnati__ride","Cincinnati","ride",3,2,216.692746352838
"Cincinnati__ride","Cincinnati","ride",1,3,-182.163666941375
"Cincinnati__ride","Cincinnati","ride",2,3,216.692746352838
"Cincinnati__ride","Cincinnati","ride",3,3,292.1227535845
"Clearwater__ride","Clearwater","ride",1,1,115.175855950396
"Clearwater__ride","Clearwater","ride",2,1,-20.4810251825473
"Clearwater__ride","Clearwater","ride",3,1,-85.1887565120316
"Clearwater__ride","Clearwater","ride",1,2,-20.4810251825473
"Clearwater__ride","Clearwater","ride",2,2,4.05475250737372
"Clearwater__ride","Clearwater","ride",3,2,15.3324243255554
"Clearwater__ride","Clearwater","ride",1,3,-85.1887565120315
"Clearwater__ride","Clearwater","ride",2,3,15.3324243255554
"Clearwater__ride","Clearwater","ride",3,3,64.8160145918212
"Cleveland__ride","Cleveland","ride",1,1,7276288559.7335
"Cleveland__ride","Cleveland","ride",2,1,-6332412351.70538
"Cleveland__ride","Cleveland","ride",3,1,6150902570.09295
"Cleveland__ride","Cleveland","ride",1,2,-6332412351.70538
"Cleveland__ride","Cleveland","ride",2,2,34542257749.8821
"Cleveland__ride","Cleveland","ride",3,2,32517255704.375
"Cleveland__ride","Cleveland","ride",1,3,6150902570.09295
"Cleveland__ride","Cleveland","ride",2,3,32517255704.375
"Cleveland__ride","Cleveland","ride",3,3,55900041451.1404
"Columbia__ride","Columbia","ride",1,1,17.9798821477874
"Columbia__ride","Columbia","ride",2,1,-98.3132041246774
"Columbia__ride","Columbia","ride",3,1,-178.344522037717
"Columbia__ride","Columbia","ride",1,2,-98.3132041246774
"Columbia__ride","Columbia","ride",2,2,766.378822002539
"Columbia__ride","Columbia","ride",3,2,1369.43994772404
"Columbia__ride","Columbia","ride",1,3,-178.344522037717
"Columbia__ride","Columbia","ride",2,3,1369.43994772404
"Columbia__ride","Columbia","ride",3,3,2448.79652692311
"Columbus__ride","Columbus","ride",1,1,62.8163521155671
"Columbus__ride","Columbus","ride",2,1,-107.595924737339
"Columbus__ride","Columbus","ride",3,1,-137.957251685863
"Columbus__ride","Columbus","ride",1,2,-107.595924737339
"Columbus__ride","Columbus","ride",2,2,229.999619570515
"Columbus__ride","Columbus","ride",3,2,294.080422067781
"Columbus__ride","Columbus","ride",1,3,-137.957251685863
"Columbus__ride","Columbus","ride",2,3,294.080422067781
"Columbus__ride","Columbus","ride",3,3,378.050018200362
"Corpus_Christi__ride","Corpus_Christi","ride",1,1,22522034637.8535
"Corpus_Christi__ride","Corpus_Christi","ride",2,1,-12731185364.1414
"Corpus_Christi__ride","Corpus_Christi","ride",3,1,-24839205565.9694
"Corpus_Christi__ride","Corpus_Christi","ride",1,2,-12731185364.1414
"Corpus_Christi__ride","Corpus_Christi","ride",2,2,14105405566.7051
"Corpus_Christi__ride","Corpus_Christi","ride",3,2,26659207804.0408
"Corpus_Christi__ride","Corpus_Christi","ride",1,3,-24839205565.9694
"Corpus_Christi__ride","Corpus_Christi","ride",2,3,26659207804.0408
"Corpus_Christi__ride","Corpus_Christi","ride",3,3,57260602740.2139
"Dallas__ride","Dallas","ride",1,1,0.0678114153153121
"Dallas__ride","Dallas","ride",2,1,-0.0936075820089898
"Dallas__ride","Dallas","ride",3,1,-0.177813126196458
"Dallas__ride","Dallas","ride",1,2,-0.0936075820089898
"Dallas__ride","Dallas","ride",2,2,0.422445070544514
"Dallas__ride","Dallas","ride",3,2,0.776349086109089
"Dallas__ride","Dallas","ride",1,3,-0.177813126196458
"Dallas__ride","Dallas","ride",2,3,0.776349086109089
"Dallas__ride","Dallas","ride",3,3,1.44364906412911
"Detroit__ride","Detroit","ride",1,1,13061.6162932441
"Detroit__ride","Detroit","ride",2,1,-143944.282975526
"Detroit__ride","Detroit","ride",3,1,-206657.529350531
"Detroit__ride","Detroit","ride",1,2,-143944.282975526
"Detroit__ride","Detroit","ride",2,2,3688611.83994403
"Detroit__ride","Detroit","ride",3,2,5276460.62115872
"Detroit__ride","Detroit","ride",1,3,-206657.529350531
"Detroit__ride","Detroit","ride",2,3,5276460.62115872
"Detroit__ride","Detroit","ride",3,3,7547926.64761605
"Fort_Worth__ride","Fort_Worth","ride",1,1,0.126299103595843
"Fort_Worth__ride","Fort_Worth","ride",2,1,-0.142802806165994
"Fort_Worth__ride","Fort_Worth","ride",3,1,-0.201905258172691
"Fort_Worth__ride","Fort_Worth","ride",1,2,-0.142802806165994
"Fort_Worth__ride","Fort_Worth","ride",2,2,0.191232858160382
"Fort_Worth__ride","Fort_Worth","ride",3,2,0.25859007434286
"Fort_Worth__ride","Fort_Worth","ride",1,3,-0.201905258172691
"Fort_Worth__ride","Fort_Worth","ride",2,3,0.25859007434286
"Fort_Worth__ride","Fort_Worth","ride",3,3,0.395105722662924
"Fresno__ride","Fresno","ride",1,1,0.480693379516424
"Fresno__ride","Fresno","ride",2,1,-0.28363645357579
"Fresno__ride","Fresno","ride",3,1,-0.561806952842352
"Fresno__ride","Fresno","ride",1,2,-0.28363645357579
"Fresno__ride","Fresno","ride",2,2,0.495429069509883
"Fresno__ride","Fresno","ride",3,2,0.851922798825941
"Fresno__ride","Fresno","ride",1,3,-0.561806952842352
"Fresno__ride","Fresno","ride",2,3,0.851922798825941
"Fresno__ride","Fresno","ride",3,3,1.61317698277706
"Gilbert__ride","Gilbert","ride",1,1,1.34260158107871
"Gilbert__ride","Gilbert","ride",2,1,-0.35555646985063
"Gilbert__ride","Gilbert","ride",3,1,-0.936870471559614
"Gilbert__ride","Gilbert","ride",1,2,-0.35555646985063
"Gilbert__ride","Gilbert","ride",2,2,0.390233027879297
"Gilbert__ride","Gilbert","ride",3,2,0.570601510718102
"Gilbert__ride","Gilbert","ride",1,3,-0.936870471559614
"Gilbert__ride","Gilbert","ride",2,3,0.570601510718102
"Gilbert__ride","Gilbert","ride",3,3,1.34120912884465
"Henderson__ride","Henderson","ride",1,1,0.401303851561749
"Henderson__ride","Henderson","ride",2,1,-0.158399882921582
"Henderson__ride","Henderson","ride",3,1,-0.184703732215991
"Henderson__ride","Henderson","ride",1,2,-0.158399882921582
"Henderson__ride","Henderson","ride",2,2,0.155287745026125
"Henderson__ride","Henderson","ride",3,2,0.125269695852823
"Henderson__ride","Henderson","ride",1,3,-0.184703732215991
"Henderson__ride","Henderson","ride",2,3,0.125269695852823
"Henderson__ride","Henderson","ride",3,3,0.235808665639295
"Houston__ride","Houston","ride",1,1,0.114000870635109
"Houston__ride","Houston","ride",2,1,-0.111851605285301
"Houston__ride","Houston","ride",3,1,-0.195223158856808
"Houston__ride","Houston","ride",1,2,-0.111851605285301
"Houston__ride","Houston","ride",2,2,0.145837135845205
"Houston__ride","Houston","ride",3,2,0.237175713299499
"Houston__ride","Houston","ride",1,3,-0.195223158856809
"Houston__ride","Houston","ride",2,3,0.237175713299499
"Houston__ride","Houston","ride",3,3,0.414791603078536
"Indianapolis__ride","Indianapolis","ride",1,1,86.4454194146197
"Indianapolis__ride","Indianapolis","ride",2,1,-68.4603732234873
"Indianapolis__ride","Indianapolis","ride",3,1,-86.0862257372216
"Indianapolis__ride","Indianapolis","ride",1,2,-68.4603732234873
"Indianapolis__ride","Indianapolis","ride",2,2,88.827082395584
"Indianapolis__ride","Indianapolis","ride",3,2,109.057248688302
"Indianapolis__ride","Indianapolis","ride",1,3,-86.0862257372216
"Indianapolis__ride","Indianapolis","ride",2,3,109.057248688302
"Indianapolis__ride","Indianapolis","ride",3,3,134.939926826514
"Jacksonville__ride","Jacksonville","ride",1,1,1.21060597386139
"Jacksonville__ride","Jacksonville","ride",2,1,-0.645506922365712
"Jacksonville__ride","Jacksonville","ride",3,1,-1.09156705885492
"Jacksonville__ride","Jacksonville","ride",1,2,-0.645506922365712
"Jacksonville__ride","Jacksonville","ride",2,2,0.43599995162607
"Jacksonville__ride","Jacksonville","ride",3,2,0.672234286658973
"Jacksonville__ride","Jacksonville","ride",1,3,-1.09156705885492
"Jacksonville__ride","Jacksonville","ride",2,3,0.672234286658973
"Jacksonville__ride","Jacksonville","ride",3,3,1.39038957946765
"Kansas_City__ride","Kansas_City","ride",1,1,0.88174407328165
"Kansas_City__ride","Kansas_City","ride",2,1,-1.7093776655989
"Kansas_City__ride","Kansas_City","ride",3,1,-2.93686033004719
"Kansas_City__ride","Kansas_City","ride",1,2,-1.7093776655989
"Kansas_City__ride","Kansas_City","ride",2,2,7.77936949810135
"Kansas_City__ride","Kansas_City","ride",3,2,12.9741909099971
"Kansas_City__ride","Kansas_City","ride",1,3,-2.93686033004719
"Kansas_City__ride","Kansas_City","ride",2,3,12.9741909099971
"Kansas_City__ride","Kansas_City","ride",3,3,21.7517955068375
"Las_Vegas__ride","Las_Vegas","ride",1,1,0.675390714805483
"Las_Vegas__ride","Las_Vegas","ride",2,1,-0.944778389096368
"Las_Vegas__ride","Las_Vegas","ride",3,1,-1.6771436233729
"Las_Vegas__ride","Las_Vegas","ride",1,2,-0.944778389096368
"Las_Vegas__ride","Las_Vegas","ride",2,2,1.9276822150246
"Las_Vegas__ride","Las_Vegas","ride",3,2,3.41526918570793
"Las_Vegas__ride","Las_Vegas","ride",1,3,-1.6771436233729
"Las_Vegas__ride","Las_Vegas","ride",2,3,3.41526918570793
"Las_Vegas__ride","Las_Vegas","ride",3,3,6.16625584217242
"Los_Angeles__ride","Los_Angeles","ride",1,1,14.4502198566454
"Los_Angeles__ride","Los_Angeles","ride",2,1,-8.48711907063497
"Los_Angeles__ride","Los_Angeles","ride",3,1,-11.7588356573244
"Los_Angeles__ride","Los_Angeles","ride",1,2,-8.48711907063497
"Los_Angeles__ride","Los_Angeles","ride",2,2,20.3877645212699
"Los_Angeles__ride","Los_Angeles","ride",3,2,34.3204981716085
"Los_Angeles__ride","Los_Angeles","ride",1,3,-11.7588356573244
"Los_Angeles__ride","Los_Angeles","ride",2,3,34.3204981716085
"Los_Angeles__ride","Los_Angeles","ride",3,3,58.8501954321374
"Louisville__ride","Louisville","ride",1,1,80.1487308377837
"Louisville__ride","Louisville","ride",2,1,-188.971609628907
"Louisville__ride","Louisville","ride",3,1,-288.757896022403
"Louisville__ride","Louisville","ride",1,2,-188.971609628907
"Louisville__ride","Louisville","ride",2,2,607.018979387561
"Louisville__ride","Louisville","ride",3,2,928.357365965746
"Louisville__ride","Louisville","ride",1,3,-288.757896022403
"Louisville__ride","Louisville","ride",2,3,928.357365965746
"Louisville__ride","Louisville","ride",3,3,1423.96744997257
"Lubbock__ride","Lubbock","ride",1,1,5.2973611477804
"Lubbock__ride","Lubbock","ride",2,1,-5.4015143660966
"Lubbock__ride","Lubbock","ride",3,1,-9.19174925318374
"Lubbock__ride","Lubbock","ride",1,2,-5.4015143660966
"Lubbock__ride","Lubbock","ride",2,2,10.8839600828654
"Lubbock__ride","Lubbock","ride",3,2,17.7308226242082
"Lubbock__ride","Lubbock","ride",1,3,-9.19174925318373
"Lubbock__ride","Lubbock","ride",2,3,17.7308226242082
"Lubbock__ride","Lubbock","ride",3,3,29.8009656430739
"Mesa__ride","Mesa","ride",1,1,2.1380369418289
"Mesa__ride","Mesa","ride",2,1,-0.698211049997235
"Mesa__ride","Mesa","ride",3,1,-1.70521315391237
"Mesa__ride","Mesa","ride",1,2,-0.698211049997235
"Mesa__ride","Mesa","ride",2,2,0.541934980341491
"Mesa__ride","Mesa","ride",3,2,0.907010802377016
"Mesa__ride","Mesa","ride",1,3,-1.70521315391237
"Mesa__ride","Mesa","ride",2,3,0.907010802377016
"Mesa__ride","Mesa","ride",3,3,2.14912172666879
"Miami__ride","Miami","ride",1,1,6247.17507212686
"Miami__ride","Miami","ride",2,1,-12279.4995248736
"Miami__ride","Miami","ride",3,1,-20246.2805274197
"Miami__ride","Miami","ride",1,2,-12279.4995248736
"Miami__ride","Miami","ride",2,2,109116.714460949
"Miami__ride","Miami","ride",3,2,167728.978274457
"Miami__ride","Miami","ride",1,3,-20246.2805274197
"Miami__ride","Miami","ride",2,3,167728.978274457
"Miami__ride","Miami","ride",3,3,258365.333032295
"Milwaukee__ride","Milwaukee","ride",1,1,69.5945891361785
"Milwaukee__ride","Milwaukee","ride",2,1,-60.7343086883288
"Milwaukee__ride","Milwaukee","ride",3,1,-76.5897566466434
"Milwaukee__ride","Milwaukee","ride",1,2,-60.7343086883288
"Milwaukee__ride","Milwaukee","ride",2,2,80.8050528169473
"Milwaukee__ride","Milwaukee","ride",3,2,114.523549239322
"Milwaukee__ride","Milwaukee","ride",1,3,-76.5897566466434
"Milwaukee__ride","Milwaukee","ride",2,3,114.523549239322
"Milwaukee__ride","Milwaukee","ride",3,3,173.424589173753
"Minneapolis__ride","Minneapolis","ride",1,1,2392.94032576029
"Minneapolis__ride","Minneapolis","ride",2,1,-1792.80235798031
"Minneapolis__ride","Minneapolis","ride",3,1,-385.643668329931
"Minneapolis__ride","Minneapolis","ride",1,2,-1792.80235798031
"Minneapolis__ride","Minneapolis","ride",2,2,1774.81105753192
"Minneapolis__ride","Minneapolis","ride",3,2,776.185849582521
"Minneapolis__ride","Minneapolis","ride",1,3,-385.643668329931
"Minneapolis__ride","Minneapolis","ride",2,3,776.185849582521
"Minneapolis__ride","Minneapolis","ride",3,3,614.84764988246
"Miramar__ride","Miramar","ride",1,1,33.2258645388521
"Miramar__ride","Miramar","ride",2,1,-11.0185155705256
"Miramar__ride","Miramar","ride",3,1,-24.7793868892261
"Miramar__ride","Miramar","ride",1,2,-11.0185155705256
"Miramar__ride","Miramar","ride",2,2,5.89139425149068
"Miramar__ride","Miramar","ride",3,2,10.4084462273905
"Miramar__ride","Miramar","ride",1,3,-24.7793868892261
"Miramar__ride","Miramar","ride",2,3,10.4084462273905
"Miramar__ride","Miramar","ride",3,3,25.2926952909559
"Nashville__ride","Nashville","ride",1,1,5.82945119059801
"Nashville__ride","Nashville","ride",2,1,-3.58832902128224
"Nashville__ride","Nashville","ride",3,1,-8.198638201881
"Nashville__ride","Nashville","ride",1,2,-3.58832902128224
"Nashville__ride","Nashville","ride",2,2,6.49925179794721
"Nashville__ride","Nashville","ride",3,2,12.3525359072101
"Nashville__ride","Nashville","ride",1,3,-8.198638201881
"Nashville__ride","Nashville","ride",2,3,12.3525359072101
"Nashville__ride","Nashville","ride",3,3,24.1101164853219
"New_York__ride","New_York","ride",1,1,0.368167051777668
"New_York__ride","New_York","ride",2,1,-0.314409621768843
"New_York__ride","New_York","ride",3,1,-0.375889358413929
"New_York__ride","New_York","ride",1,2,-0.314409621768843
"New_York__ride","New_York","ride",2,2,0.333362802173667
"New_York__ride","New_York","ride",3,2,0.435269019299948
"New_York__ride","New_York","ride",1,3,-0.375889358413929
"New_York__ride","New_York","ride",2,3,0.435269019299948
"New_York__ride","New_York","ride",3,3,0.65496986686609
"Newark__ride","Newark","ride",1,1,549872804467.383
"Newark__ride","Newark","ride",2,1,-280827391444.718
"Newark__ride","Newark","ride",3,1,-55054616108.2457
"Newark__ride","Newark","ride",1,2,-280827391444.718
"Newark__ride","Newark","ride",2,2,207854356514.644
"Newark__ride","Newark","ride",3,2,117007187885.931
"Newark__ride","Newark","ride",1,3,-55054616108.2457
"Newark__ride","Newark","ride",2,3,117007187885.931
"Newark__ride","Newark","ride",3,3,243203572424.058
"Oklahoma_City__ride","Oklahoma_City","ride",1,1,27.1915323023718
"Oklahoma_City__ride","Oklahoma_City","ride",2,1,-430.169109992177
"Oklahoma_City__ride","Oklahoma_City","ride",3,1,-739.07217779447
"Oklahoma_City__ride","Oklahoma_City","ride",1,2,-430.169109992177
"Oklahoma_City__ride","Oklahoma_City","ride",2,2,7459.39067340813
"Oklahoma_City__ride","Oklahoma_City","ride",3,2,12800.3808375939
"Oklahoma_City__ride","Oklahoma_City","ride",1,3,-739.07217779447
"Oklahoma_City__ride","Oklahoma_City","ride",2,3,12800.3808375939
"Oklahoma_City__ride","Oklahoma_City","ride",3,3,21965.9766627138
"Orlando__ride","Orlando","ride",1,1,2.6941676589456
"Orlando__ride","Orlando","ride",2,1,-5.50340531661313
"Orlando__ride","Orlando","ride",3,1,-9.04250923916862
"Orlando__ride","Orlando","ride",1,2,-5.50340531661313
"Orlando__ride","Orlando","ride",2,2,14.0144035604584
"Orlando__ride","Orlando","ride",3,2,23.4447179240083
"Orlando__ride","Orlando","ride",1,3,-9.04250923916862
"Orlando__ride","Orlando","ride",2,3,23.4447179240083
"Orlando__ride","Orlando","ride",3,3,39.6231759385487
"Overland_Park__ride","Overland_Park","ride",1,1,11.0498330965377
"Overland_Park__ride","Overland_Park","ride",2,1,-83.0810359885734
"Overland_Park__ride","Overland_Park","ride",3,1,-151.254362912907
"Overland_Park__ride","Overland_Park","ride",1,2,-83.0810359885734
"Overland_Park__ride","Overland_Park","ride",2,2,695.652264925442
"Overland_Park__ride","Overland_Park","ride",3,2,1262.91438091086
"Overland_Park__ride","Overland_Park","ride",1,3,-151.254362912907
"Overland_Park__ride","Overland_Park","ride",2,3,1262.91438091086
"Overland_Park__ride","Overland_Park","ride",3,3,2293.06710488301
"Palm_Bay__ride","Palm_Bay","ride",1,1,216.586722285689
"Palm_Bay__ride","Palm_Bay","ride",2,1,-95.0813754939249
"Palm_Bay__ride","Palm_Bay","ride",3,1,-190.63399605315
"Palm_Bay__ride","Palm_Bay","ride",1,2,-95.0813754939249
"Palm_Bay__ride","Palm_Bay","ride",2,2,44.0481246778488
"Palm_Bay__ride","Palm_Bay","ride",3,2,85.3356456491393
"Palm_Bay__ride","Palm_Bay","ride",1,3,-190.63399605315
"Palm_Bay__ride","Palm_Bay","ride",2,3,85.3356456491393
"Palm_Bay__ride","Palm_Bay","ride",3,3,173.107225923341
"Philadelphia__ride","Philadelphia","ride",1,1,1.43388625753926
"Philadelphia__ride","Philadelphia","ride",2,1,-1.59073415484312
"Philadelphia__ride","Philadelphia","ride",3,1,-2.51604018850237
"Philadelphia__ride","Philadelphia","ride",1,2,-1.59073415484312
"Philadelphia__ride","Philadelphia","ride",2,2,5.52438973538706
"Philadelphia__ride","Philadelphia","ride",3,2,9.30609705460882
"Philadelphia__ride","Philadelphia","ride",1,3,-2.51604018850237
"Philadelphia__ride","Philadelphia","ride",2,3,9.30609705460881
"Philadelphia__ride","Philadelphia","ride",3,3,15.8259180004073
"Phoenix__ride","Phoenix","ride",1,1,0.175709572117472
"Phoenix__ride","Phoenix","ride",2,1,-0.0637888962825566
"Phoenix__ride","Phoenix","ride",3,1,-0.143487961617639
"Phoenix__ride","Phoenix","ride",1,2,-0.0637888962825566
"Phoenix__ride","Phoenix","ride",2,2,0.0544846230049853
"Phoenix__ride","Phoenix","ride",3,2,0.0909647312013286
"Phoenix__ride","Phoenix","ride",1,3,-0.143487961617639
"Phoenix__ride","Phoenix","ride",2,3,0.0909647312013286
"Phoenix__ride","Phoenix","ride",3,3,0.206171191784213
"Raleigh__ride","Raleigh","ride",1,1,1.25555437304817
"Raleigh__ride","Raleigh","ride",2,1,-2.30837460482388
"Raleigh__ride","Raleigh","ride",3,1,-4.30101654018185
"Raleigh__ride","Raleigh","ride",1,2,-2.30837460482388
"Raleigh__ride","Raleigh","ride",2,2,14.1994541976749
"Raleigh__ride","Raleigh","ride",3,2,25.4882054290551
"Raleigh__ride","Raleigh","ride",1,3,-4.30101654018185
"Raleigh__ride","Raleigh","ride",2,3,25.488205429055
"Raleigh__ride","Raleigh","ride",3,3,45.8890458651729
"Richmond__ride","Richmond","ride",1,1,1.94259702391686
"Richmond__ride","Richmond","ride",2,1,-1.97402472542302
"Richmond__ride","Richmond","ride",3,1,-2.56632213811183
"Richmond__ride","Richmond","ride",1,2,-1.97402472542302
"Richmond__ride","Richmond","ride",2,2,3.96515124270813
"Richmond__ride","Richmond","ride",3,2,5.64293349913611
"Richmond__ride","Richmond","ride",1,3,-2.56632213811183
"Richmond__ride","Richmond","ride",2,3,5.64293349913611
"Richmond__ride","Richmond","ride",3,3,8.45324898198912
"Riverside__ride","Riverside","ride",1,1,46.0256849069175
"Riverside__ride","Riverside","ride",2,1,-53.2506397091891
"Riverside__ride","Riverside","ride",3,1,-98.8500670075181
"Riverside__ride","Riverside","ride",1,2,-53.2506397091891
"Riverside__ride","Riverside","ride",2,2,403.027875666096
"Riverside__ride","Riverside","ride",3,2,708.482042408113
"Riverside__ride","Riverside","ride",1,3,-98.8500670075181
"Riverside__ride","Riverside","ride",2,3,708.482042408113
"Riverside__ride","Riverside","ride",3,3,1247.26497362599
"Sacramento__ride","Sacramento","ride",1,1,44.7332584184076
"Sacramento__ride","Sacramento","ride",2,1,-48.0262940013614
"Sacramento__ride","Sacramento","ride",3,1,-41.7304497015778
"Sacramento__ride","Sacramento","ride",1,2,-48.0262940013614
"Sacramento__ride","Sacramento","ride",2,2,65.082651707002
"Sacramento__ride","Sacramento","ride",3,2,66.4891534786791
"Sacramento__ride","Sacramento","ride",1,3,-41.7304497015778
"Sacramento__ride","Sacramento","ride",2,3,66.4891534786791
"Sacramento__ride","Sacramento","ride",3,3,75.063081468639
"San_Antonio__ride","San_Antonio","ride",1,1,0.352211696588593
"San_Antonio__ride","San_Antonio","ride",2,1,-0.45328907437754
"San_Antonio__ride","San_Antonio","ride",3,1,-0.880837737747437
"San_Antonio__ride","San_Antonio","ride",1,2,-0.45328907437754
"San_Antonio__ride","San_Antonio","ride",2,2,0.653592808287196
"San_Antonio__ride","San_Antonio","ride",3,2,1.24850946562152
"San_Antonio__ride","San_Antonio","ride",1,3,-0.880837737747437
"San_Antonio__ride","San_Antonio","ride",2,3,1.24850946562152
"San_Antonio__ride","San_Antonio","ride",3,3,2.45550350309278
"San_Bernardino__ride","San_Bernardino","ride",1,1,97.0512096986383
"San_Bernardino__ride","San_Bernardino","ride",2,1,-20.4698236312329
"San_Bernardino__ride","San_Bernardino","ride",3,1,-31.5027252896347
"San_Bernardino__ride","San_Bernardino","ride",1,2,-20.4698236312329
"San_Bernardino__ride","San_Bernardino","ride",2,2,13.2399983319889
"San_Bernardino__ride","San_Bernardino","ride",3,2,19.3677304863111
"San_Bernardino__ride","San_Bernardino","ride",1,3,-31.5027252896347
"San_Bernardino__ride","San_Bernardino","ride",2,3,19.3677304863111
"San_Bernardino__ride","San_Bernardino","ride",3,3,36.8592357260179
"San_Jose__ride","San_Jose","ride",1,1,3.43392813522672
"San_Jose__ride","San_Jose","ride",2,1,-1.81991491948668
"San_Jose__ride","San_Jose","ride",3,1,-1.42525606404017
"San_Jose__ride","San_Jose","ride",1,2,-1.81991491948668
"San_Jose__ride","San_Jose","ride",2,2,1.98819414226522
"San_Jose__ride","San_Jose","ride",3,2,2.35833726712584
"San_Jose__ride","San_Jose","ride",1,3,-1.42525606404017
"San_Jose__ride","San_Jose","ride",2,3,2.35833726712584
"San_Jose__ride","San_Jose","ride",3,3,3.6031424249996
"Scottsdale__ride","Scottsdale","ride",1,1,1.74456714421258
"Scottsdale__ride","Scottsdale","ride",2,1,-2.25384366808085
"Scottsdale__ride","Scottsdale","ride",3,1,-4.89594356761369
"Scottsdale__ride","Scottsdale","ride",1,2,-2.25384366808085
"Scottsdale__ride","Scottsdale","ride",2,2,3.65760165104322
"Scottsdale__ride","Scottsdale","ride",3,2,7.71215077731786
"Scottsdale__ride","Scottsdale","ride",1,3,-4.89594356761369
"Scottsdale__ride","Scottsdale","ride",2,3,7.71215077731786
"Scottsdale__ride","Scottsdale","ride",3,3,16.4976743415192
"St_Louis__ride","St_Louis","ride",1,1,5.48409874687389
"St_Louis__ride","St_Louis","ride",2,1,-1.73944466967493
"St_Louis__ride","St_Louis","ride",3,1,-4.91412520922465
"St_Louis__ride","St_Louis","ride",1,2,-1.73944466967493
"St_Louis__ride","St_Louis","ride",2,2,3.85954729048727
"St_Louis__ride","St_Louis","ride",3,2,7.01105996415093
"St_Louis__ride","St_Louis","ride",1,3,-4.91412520922465
"St_Louis__ride","St_Louis","ride",2,3,7.01105996415093
"St_Louis__ride","St_Louis","ride",3,3,13.7677736163434
"St_Petersburg__ride","St_Petersburg","ride",1,1,2.37515238907506
"St_Petersburg__ride","St_Petersburg","ride",2,1,-0.648246424450124
"St_Petersburg__ride","St_Petersburg","ride",3,1,-1.33338092262731
"St_Petersburg__ride","St_Petersburg","ride",1,2,-0.648246424450124
"St_Petersburg__ride","St_Petersburg","ride",2,2,0.386791099101805
"St_Petersburg__ride","St_Petersburg","ride",3,2,0.593995240977142
"St_Petersburg__ride","St_Petersburg","ride",1,3,-1.33338092262731
"St_Petersburg__ride","St_Petersburg","ride",2,3,0.593995240977142
"St_Petersburg__ride","St_Petersburg","ride",3,3,1.42783946743725
"Tallahassee__ride","Tallahassee","ride",1,1,7.08248982468483
"Tallahassee__ride","Tallahassee","ride",2,1,-16.6800374773334
"Tallahassee__ride","Tallahassee","ride",3,1,-29.4552188171416
"Tallahassee__ride","Tallahassee","ride",1,2,-16.6800374773334
"Tallahassee__ride","Tallahassee","ride",2,2,57.5626621189441
"Tallahassee__ride","Tallahassee","ride",3,2,101.560646491729
"Tallahassee__ride","Tallahassee","ride",1,3,-29.4552188171416
"Tallahassee__ride","Tallahassee","ride",2,3,101.560646491729
"Tallahassee__ride","Tallahassee","ride",3,3,179.594869377741
"Tampa__ride","Tampa","ride",1,1,3.05018236816018
"Tampa__ride","Tampa","ride",2,1,-2.1669329260149
"Tampa__ride","Tampa","ride",3,1,-2.84369077262546
"Tampa__ride","Tampa","ride",1,2,-2.1669329260149
"Tampa__ride","Tampa","ride",2,2,1.8839158375212
"Tampa__ride","Tampa","ride",3,2,2.50849605630422
"Tampa__ride","Tampa","ride",1,3,-2.84369077262546
"Tampa__ride","Tampa","ride",2,3,2.50849605630422
"Tampa__ride","Tampa","ride",3,3,3.75167700529949
"Tucson__ride","Tucson","ride",1,1,0.112802307956046
"Tucson__ride","Tucson","ride",2,1,-0.0383112987340041
"Tucson__ride","Tucson","ride",3,1,-0.069228197486365
"Tucson__ride","Tucson","ride",1,2,-0.0383112987340041
"Tucson__ride","Tucson","ride",2,2,0.0490461475137254
"Tucson__ride","Tucson","ride",3,2,0.0675885940211177
"Tucson__ride","Tucson","ride",1,3,-0.0692281974863649
"Tucson__ride","Tucson","ride",2,3,0.0675885940211177
"Tucson__ride","Tucson","ride",3,3,0.148151044992084
"Virginia_Beach__ride","Virginia_Beach","ride",1,1,4.49013289203821
"Virginia_Beach__ride","Virginia_Beach","ride",2,1,-8.65882941515279
"Virginia_Beach__ride","Virginia_Beach","ride",3,1,-16.643337511074
"Virginia_Beach__ride","Virginia_Beach","ride",1,2,-8.65882941515279
"Virginia_Beach__ride","Virginia_Beach","ride",2,2,27.8758610101103
"Virginia_Beach__ride","Virginia_Beach","ride",3,2,51.8164338279556
"Virginia_Beach__ride","Virginia_Beach","ride",1,3,-16.643337511074
"Virginia_Beach__ride","Virginia_Beach","ride",2,3,51.8164338279556
"Virginia_Beach__ride","Virginia_Beach","ride",3,3,96.7067871849203
"Visalia__ride","Visalia","ride",1,1,0.838746414678611
"Visalia__ride","Visalia","ride",2,1,-0.385381512937897
"Visalia__ride","Visalia","ride",3,1,-0.692806456196192
"Visalia__ride","Visalia","ride",1,2,-0.385381512937897
"Visalia__ride","Visalia","ride",2,2,0.805482996518349
"Visalia__ride","Visalia","ride",3,2,1.20467101569851
"Visalia__ride","Visalia","ride",1,3,-0.692806456196192
"Visalia__ride","Visalia","ride",2,3,1.20467101569851
"Visalia__ride","Visalia","ride",3,3,2.19528105956446
"Washington__ride","Washington","ride",1,1,2.72570423674684
"Washington__ride","Washington","ride",2,1,-7.22371180118588
"Washington__ride","Washington","ride",3,1,-12.3564031111298
"Washington__ride","Washington","ride",1,2,-7.22371180118588
"Washington__ride","Washington","ride",2,2,25.9252951131831
"Washington__ride","Washington","ride",3,2,44.3406267064014
"Washington__ride","Washington","ride",1,3,-12.3564031111298
"Washington__ride","Washington","ride",2,3,44.3406267064014
"Washington__ride","Washington","ride",3,3,75.9103348750124
"Abilene__run","Abilene","run",1,1,5.7989549427709
"Abilene__run","Abilene","run",2,1,-1.84508059146331
"Abilene__run","Abilene","run",3,1,-2.71838265076894
"Abilene__run","Abilene","run",1,2,-1.84508059146331
"Abilene__run","Abilene","run",2,2,2.36689278734153
"Abilene__run","Abilene","run",3,2,1.68683738709702
"Abilene__run","Abilene","run",1,3,-2.71838265076894
"Abilene__run","Abilene","run",2,3,1.68683738709702
"Abilene__run","Abilene","run",3,3,3.46112828455101
"Amarillo__run","Amarillo","run",1,1,989.45312466416
"Amarillo__run","Amarillo","run",2,1,-12353.8823927952
"Amarillo__run","Amarillo","run",3,1,-20539.4561330939
"Amarillo__run","Amarillo","run",1,2,-12353.8823927952
"Amarillo__run","Amarillo","run",2,2,180484.086192117
"Amarillo__run","Amarillo","run",3,2,299473.867155407
"Amarillo__run","Amarillo","run",1,3,-20539.4561330939
"Amarillo__run","Amarillo","run",2,3,299473.867155407
"Amarillo__run","Amarillo","run",3,3,496927.740013897
"Arlington__run","Arlington","run",1,1,1.40610567487079
"Arlington__run","Arlington","run",2,1,-1.95993702938366
"Arlington__run","Arlington","run",3,1,-2.83811185744727
"Arlington__run","Arlington","run",1,2,-1.95993702938366
"Arlington__run","Arlington","run",2,2,3.11177950502892
"Arlington__run","Arlington","run",3,2,4.44895824768001
"Arlington__run","Arlington","run",1,3,-2.83811185744727
"Arlington__run","Arlington","run",2,3,4.44895824768001
"Arlington__run","Arlington","run",3,3,6.80791792481959
"Atlanta__run","Atlanta","run",1,1,2384.86108098679
"Atlanta__run","Atlanta","run",2,1,-234021.12772314
"Atlanta__run","Atlanta","run",3,1,-310208.485695398
"Atlanta__run","Atlanta","run",1,2,-234021.12772314
"Atlanta__run","Atlanta","run",2,2,47176572.7661308
"Atlanta__run","Atlanta","run",3,2,62488712.0034185
"Atlanta__run","Atlanta","run",1,3,-310208.485695398
"Atlanta__run","Atlanta","run",2,3,62488712.0034185
"Atlanta__run","Atlanta","run",3,3,82770777.9000241
"Austin__run","Austin","run",1,1,0.0465752457101913
"Austin__run","Austin","run",2,1,-0.041922164133988
"Austin__run","Austin","run",3,1,-0.0693574682760982
"Austin__run","Austin","run",1,2,-0.041922164133988
"Austin__run","Austin","run",2,2,0.0626533303356806
"Austin__run","Austin","run",3,2,0.0952823184206416
"Austin__run","Austin","run",1,3,-0.0693574682760982
"Austin__run","Austin","run",2,3,0.0952823184206416
"Austin__run","Austin","run",3,3,0.176521724441837
"Bakersfield__run","Bakersfield","run",1,1,4.81659538042256
"Bakersfield__run","Bakersfield","run",2,1,-16.9031849137453
"Bakersfield__run","Bakersfield","run",3,1,-31.8436330071671
"Bakersfield__run","Bakersfield","run",1,2,-16.9031849137453
"Bakersfield__run","Bakersfield","run",2,2,71.3134952212896
"Bakersfield__run","Bakersfield","run",3,2,133.949001238446
"Bakersfield__run","Bakersfield","run",1,3,-31.8436330071671
"Bakersfield__run","Bakersfield","run",2,3,133.949001238446
"Bakersfield__run","Bakersfield","run",3,3,252.066217926719
"Baltimore__run","Baltimore","run",1,1,1.95321675275604
"Baltimore__run","Baltimore","run",2,1,-3.32700207700888
"Baltimore__run","Baltimore","run",3,1,-5.12245632284189
"Baltimore__run","Baltimore","run",1,2,-3.32700207700888
"Baltimore__run","Baltimore","run",2,2,8.91036148965699
"Baltimore__run","Baltimore","run",3,2,14.0691536047322
"Baltimore__run","Baltimore","run",1,3,-5.12245632284189
"Baltimore__run","Baltimore","run",2,3,14.0691536047322
"Baltimore__run","Baltimore","run",3,3,22.5086480598951
"Boston__run","Boston","run",1,1,1162.25113623225
"Boston__run","Boston","run",2,1,-308.049369194577
"Boston__run","Boston","run",3,1,1140.34078457043
"Boston__run","Boston","run",1,2,-308.049369194577
"Boston__run","Boston","run",2,2,89.6819745150932
"Boston__run","Boston","run",3,2,-256.152119367659
"Boston__run","Boston","run",1,3,1140.34078457043
"Boston__run","Boston","run",2,3,-256.152119367659
"Boston__run","Boston","run",3,3,1412.65302789556
"Cape_Coral__run","Cape_Coral","run",1,1,19.9845343653797
"Cape_Coral__run","Cape_Coral","run",2,1,-7.86955389962609
"Cape_Coral__run","Cape_Coral","run",3,1,-6.93653958266459
"Cape_Coral__run","Cape_Coral","run",1,2,-7.86955389962609
"Cape_Coral__run","Cape_Coral","run",2,2,4.75986926951407
"Cape_Coral__run","Cape_Coral","run",3,2,5.25023158701126
"Cape_Coral__run","Cape_Coral","run",1,3,-6.93653958266459
"Cape_Coral__run","Cape_Coral","run",2,3,5.25023158701126
"Cape_Coral__run","Cape_Coral","run",3,3,11.0430188611866
"Chandler__run","Chandler","run",1,1,2.66995367391128
"Chandler__run","Chandler","run",2,1,-1.39754707200936
"Chandler__run","Chandler","run",3,1,-2.57611674652368
"Chandler__run","Chandler","run",1,2,-1.39754707200936
"Chandler__run","Chandler","run",2,2,2.422324450227
"Chandler__run","Chandler","run",3,2,4.08661722344606
"Chandler__run","Chandler","run",1,3,-2.57611674652367
"Chandler__run","Chandler","run",2,3,4.08661722344607
"Chandler__run","Chandler","run",3,3,7.82553674614594
"Charleston__run","Charleston","run",1,1,39.5189391884736
"Charleston__run","Charleston","run",2,1,-41.044006550848
"Charleston__run","Charleston","run",3,1,-78.7449129267314
"Charleston__run","Charleston","run",1,2,-41.044006550848
"Charleston__run","Charleston","run",2,2,105.861419770804
"Charleston__run","Charleston","run",3,2,181.678166745167
"Charleston__run","Charleston","run",1,3,-78.7449129267314
"Charleston__run","Charleston","run",2,3,181.678166745167
"Charleston__run","Charleston","run",3,3,315.326119367014
"Charlotte__run","Charlotte","run",1,1,12.2699499007335
"Charlotte__run","Charlotte","run",2,1,-22.664334505983
"Charlotte__run","Charlotte","run",3,1,-34.3005136044744
"Charlotte__run","Charlotte","run",1,2,-22.664334505983
"Charlotte__run","Charlotte","run",2,2,54.0254034163084
"Charlotte__run","Charlotte","run",3,2,81.6976516024566
"Charlotte__run","Charlotte","run",1,3,-34.3005136044744
"Charlotte__run","Charlotte","run",2,3,81.6976516024566
"Charlotte__run","Charlotte","run",3,3,124.044204883657
"Chicago__run","Chicago","run",1,1,202039.864237232
"Chicago__run","Chicago","run",2,1,-6149060.62609898
"Chicago__run","Chicago","run",3,1,-8007388.29222122
"Chicago__run","Chicago","run",1,2,-6149060.62609898
"Chicago__run","Chicago","run",2,2,2470088281.96328
"Chicago__run","Chicago","run",3,2,3209597713.30974
"Chicago__run","Chicago","run",1,3,-8007388.29222122
"Chicago__run","Chicago","run",2,3,3209597713.30974
"Chicago__run","Chicago","run",3,3,4170549757.65196
"Cincinnati__run","Cincinnati","run",1,1,3446035.93856071
"Cincinnati__run","Cincinnati","run",2,1,-6285433.20325401
"Cincinnati__run","Cincinnati","run",3,1,-8427929.95314617
"Cincinnati__run","Cincinnati","run",1,2,-6285433.20325401
"Cincinnati__run","Cincinnati","run",2,2,26033401955.2257
"Cincinnati__run","Cincinnati","run",3,2,34389879441.2745
"Cincinnati__run","Cincinnati","run",1,3,-8427929.95314617
"Cincinnati__run","Cincinnati","run",2,3,34389879441.2745
"Cincinnati__run","Cincinnati","run",3,3,45428712329.6386
"Clearwater__run","Clearwater","run",1,1,588.815276907699
"Clearwater__run","Clearwater","run",2,1,-104.92982068263
"Clearwater__run","Clearwater","run",3,1,-432.511726436415
"Clearwater__run","Clearwater","run",1,2,-104.92982068263
"Clearwater__run","Clearwater","run",2,2,20.6060840508384
"Clearwater__run","Clearwater","run",3,2,77.6360418980508
"Clearwater__run","Clearwater","run",1,3,-432.511726436415
"Clearwater__run","Clearwater","run",2,3,77.6360418980508
"Clearwater__run","Clearwater","run",3,3,327.20821807884
"Cleveland__run","Cleveland","run",1,1,206305738.617312
"Cleveland__run","Cleveland","run",2,1,-449156769.032491
"Cleveland__run","Cleveland","run",3,1,-559548711.007784
"Cleveland__run","Cleveland","run",1,2,-449156769.032491
"Cleveland__run","Cleveland","run",2,2,36908905451.941
"Cleveland__run","Cleveland","run",3,2,48823919096.3328
"Cleveland__run","Cleveland","run",1,3,-559548711.007784
"Cleveland__run","Cleveland","run",2,3,48823919096.3328
"Cleveland__run","Cleveland","run",3,3,64620027742.5791
"Columbia__run","Columbia","run",1,1,42.2745185234027
"Columbia__run","Columbia","run",2,1,-300.079548009445
"Columbia__run","Columbia","run",3,1,-536.877098486433
"Columbia__run","Columbia","run",1,2,-300.079548009445
"Columbia__run","Columbia","run",2,2,3121.06668754189
"Columbia__run","Columbia","run",3,2,5514.40345899151
"Columbia__run","Columbia","run",1,3,-536.877098486433
"Columbia__run","Columbia","run",2,3,5514.40345899151
"Columbia__run","Columbia","run",3,3,9747.23738435968
"Columbus__run","Columbus","run",1,1,252598.805988994
"Columbus__run","Columbus","run",2,1,-852399.402241422
"Columbus__run","Columbus","run",3,1,-1079293.80171194
"Columbus__run","Columbus","run",1,2,-852399.402241423
"Columbus__run","Columbus","run",2,2,20761764833.9144
"Columbus__run","Columbus","run",3,2,25660983810.8279
"Columbus__run","Columbus","run",1,3,-1079293.80171194
"Columbus__run","Columbus","run",2,3,25660983810.8279
"Columbus__run","Columbus","run",3,3,31716289538.6065
"Corpus_Christi__run","Corpus_Christi","run",1,1,20849638361.1279
"Corpus_Christi__run","Corpus_Christi","run",2,1,-13048710716.4694
"Corpus_Christi__run","Corpus_Christi","run",3,1,-24309869331.4481
"Corpus_Christi__run","Corpus_Christi","run",1,2,-13048710716.4694
"Corpus_Christi__run","Corpus_Christi","run",2,2,15348857995.7293
"Corpus_Christi__run","Corpus_Christi","run",3,2,28679094567.0079
"Corpus_Christi__run","Corpus_Christi","run",1,3,-24309869331.4481
"Corpus_Christi__run","Corpus_Christi","run",2,3,28679094567.0079
"Corpus_Christi__run","Corpus_Christi","run",3,3,61063288030.0161
"Dallas__run","Dallas","run",1,1,0.209222146831151
"Dallas__run","Dallas","run",2,1,-0.490819862254627
"Dallas__run","Dallas","run",3,1,-0.920539309409287
"Dallas__run","Dallas","run",1,2,-0.490819862254627
"Dallas__run","Dallas","run",2,2,3.11416501696975
"Dallas__run","Dallas","run",3,2,5.75943842037684
"Dallas__run","Dallas","run",1,3,-0.920539309409286
"Dallas__run","Dallas","run",2,3,5.75943842037684
"Dallas__run","Dallas","run",3,3,10.6943956080999
"Detroit__run","Detroit","run",1,1,84257.4653468846
"Detroit__run","Detroit","run",2,1,-2306218.5602429
"Detroit__run","Detroit","run",3,1,-3298166.06936642
"Detroit__run","Detroit","run",1,2,-2306218.5602429
"Detroit__run","Detroit","run",2,2,132500989.975075
"Detroit__run","Detroit","run",3,2,189215036.716196
"Detroit__run","Detroit","run",1,3,-3298166.06936642
"Detroit__run","Detroit","run",2,3,189215036.716196
"Detroit__run","Detroit","run",3,3,270204871.129814
"Fort_Worth__run","Fort_Worth","run",1,1,0.389835625642811
"Fort_Worth__run","Fort_Worth","run",2,1,-0.44393308949834
"Fort_Worth__run","Fort_Worth","run",3,1,-0.642253228918959
"Fort_Worth__run","Fort_Worth","run",1,2,-0.44393308949834
"Fort_Worth__run","Fort_Worth","run",2,2,0.589055055618071
"Fort_Worth__run","Fort_Worth","run",3,2,0.817070614011081
"Fort_Worth__run","Fort_Worth","run",1,3,-0.642253228918959
"Fort_Worth__run","Fort_Worth","run",2,3,0.817070614011081
"Fort_Worth__run","Fort_Worth","run",3,3,1.26778336269282
"Fresno__run","Fresno","run",1,1,5.84517741864966
"Fresno__run","Fresno","run",2,1,-9.04314939985944
"Fresno__run","Fresno","run",3,1,-16.6918913316036
"Fresno__run","Fresno","run",1,2,-9.04314939985944
"Fresno__run","Fresno","run",2,2,22.2554202726508
"Fresno__run","Fresno","run",3,2,39.9528448931727
"Fresno__run","Fresno","run",1,3,-16.6918913316036
"Fresno__run","Fresno","run",2,3,39.9528448931727
"Fresno__run","Fresno","run",3,3,72.6728235517384
"Gilbert__run","Gilbert","run",1,1,6.09895650736522
"Gilbert__run","Gilbert","run",2,1,-1.77288804522423
"Gilbert__run","Gilbert","run",3,1,-4.34271941617815
"Gilbert__run","Gilbert","run",1,2,-1.77288804522423
"Gilbert__run","Gilbert","run",2,2,2.27866417971055
"Gilbert__run","Gilbert","run",3,2,3.57624447001872
"Gilbert__run","Gilbert","run",1,3,-4.34271941617815
"Gilbert__run","Gilbert","run",2,3,3.57624447001873
"Gilbert__run","Gilbert","run",3,3,7.67404326805307
"Henderson__run","Henderson","run",1,1,1.30021603765531
"Henderson__run","Henderson","run",2,1,-0.555157388533647
"Henderson__run","Henderson","run",3,1,-0.672531145789133
"Henderson__run","Henderson","run",1,2,-0.555157388533647
"Henderson__run","Henderson","run",2,2,0.5997945414135
"Henderson__run","Henderson","run",3,2,0.603192354957727
"Henderson__run","Henderson","run",1,3,-0.672531145789133
"Henderson__run","Henderson","run",2,3,0.603192354957727
"Henderson__run","Henderson","run",3,3,1.11910583710372
"Houston__run","Houston","run",1,1,0.296494044042794
"Houston__run","Houston","run",2,1,-0.306860799005138
"Houston__run","Houston","run",3,1,-0.537083535961517
"Houston__run","Houston","run",1,2,-0.306860799005138
"Houston__run","Houston","run",2,2,0.393517999929312
"Houston__run","Houston","run",3,2,0.6543384906767
"Houston__run","Houston","run",1,3,-0.537083535961517
"Houston__run","Houston","run",2,3,0.6543384906767
"Houston__run","Houston","run",3,3,1.14627589817876
"Indianapolis__run","Indianapolis","run",1,1,42198.5772275079
"Indianapolis__run","Indianapolis","run",2,1,-380754.396921737
"Indianapolis__run","Indianapolis","run",3,1,-451629.822809286
"Indianapolis__run","Indianapolis","run",1,2,-380754.396921737
"Indianapolis__run","Indianapolis","run",2,2,7689141963.85832
"Indianapolis__run","Indianapolis","run",3,2,9054753623.90886
"Indianapolis__run","Indianapolis","run",1,3,-451629.822809286
"Indianapolis__run","Indianapolis","run",2,3,9054753623.90886
"Indianapolis__run","Indianapolis","run",3,3,10662901728.637
"Jacksonville__run","Jacksonville","run",1,1,3.16436940171216
"Jacksonville__run","Jacksonville","run",2,1,-1.74461725361527
"Jacksonville__run","Jacksonville","run",3,1,-3.14230567461204
"Jacksonville__run","Jacksonville","run",1,2,-1.74461725361527
"Jacksonville__run","Jacksonville","run",2,2,1.12839327839282
"Jacksonville__run","Jacksonville","run",3,2,1.87764652786759
"Jacksonville__run","Jacksonville","run",1,3,-3.14230567461204
"Jacksonville__run","Jacksonville","run",2,3,1.87764652786759
"Jacksonville__run","Jacksonville","run",3,3,3.86888673878734
"Kansas_City__run","Kansas_City","run",1,1,2.19911764804806
"Kansas_City__run","Kansas_City","run",2,1,-7.60757677158124
"Kansas_City__run","Kansas_City","run",3,1,-12.7611155576778
"Kansas_City__run","Kansas_City","run",1,2,-7.60757677158123
"Kansas_City__run","Kansas_City","run",2,2,38.0499048860483
"Kansas_City__run","Kansas_City","run",3,2,63.3219974378075
"Kansas_City__run","Kansas_City","run",1,3,-12.7611155576778
"Kansas_City__run","Kansas_City","run",2,3,63.3219974378075
"Kansas_City__run","Kansas_City","run",3,3,105.523949922726
"Las_Vegas__run","Las_Vegas","run",1,1,1.82609181439623
"Las_Vegas__run","Las_Vegas","run",2,1,-1.75717107257333
"Las_Vegas__run","Las_Vegas","run",3,1,-3.11442684941704
"Las_Vegas__run","Las_Vegas","run",1,2,-1.75717107257333
"Las_Vegas__run","Las_Vegas","run",2,2,3.65955335311125
"Las_Vegas__run","Las_Vegas","run",3,2,6.33924810682569
"Las_Vegas__run","Las_Vegas","run",1,3,-3.11442684941704
"Las_Vegas__run","Las_Vegas","run",2,3,6.33924810682569
"Las_Vegas__run","Las_Vegas","run",3,3,11.4604475257208
"Los_Angeles__run","Los_Angeles","run",1,1,189.909692835544
"Los_Angeles__run","Los_Angeles","run",2,1,-495.642430799814
"Los_Angeles__run","Los_Angeles","run",3,1,-839.025532661994
"Los_Angeles__run","Los_Angeles","run",1,2,-495.642430799814
"Los_Angeles__run","Los_Angeles","run",2,2,1589.98867540676
"Los_Angeles__run","Los_Angeles","run",3,2,2718.6188519175
"Los_Angeles__run","Los_Angeles","run",1,3,-839.025532661994
"Los_Angeles__run","Los_Angeles","run",2,3,2718.6188519175
"Los_Angeles__run","Los_Angeles","run",3,3,4651.47183967739
"Louisville__run","Louisville","run",1,1,9122.41215543571
"Louisville__run","Louisville","run",2,1,-758570.943212867
"Louisville__run","Louisville","run",3,1,-1124005.68424976
"Louisville__run","Louisville","run",1,2,-758570.943212867
"Louisville__run","Louisville","run",2,2,477708304.817144
"Louisville__run","Louisville","run",3,2,706838695.604877
"Louisville__run","Louisville","run",1,3,-1124005.68424976
"Louisville__run","Louisville","run",2,3,706838695.604877
"Louisville__run","Louisville","run",3,3,1045870666.91561
"Lubbock__run","Lubbock","run",1,1,8.44881416733427
"Lubbock__run","Lubbock","run",2,1,-8.6588238333433
"Lubbock__run","Lubbock","run",3,1,-14.6455874303621
"Lubbock__run","Lubbock","run",1,2,-8.6588238333433
"Lubbock__run","Lubbock","run",2,2,16.0146791373378
"Lubbock__run","Lubbock","run",3,2,26.0747393560633
"Lubbock__run","Lubbock","run",1,3,-14.6455874303621
"Lubbock__run","Lubbock","run",2,3,26.0747393560633
"Lubbock__run","Lubbock","run",3,3,43.8704061702546
"Mesa__run","Mesa","run",1,1,5.83641085923369
"Mesa__run","Mesa","run",2,1,-1.98795098758101
"Mesa__run","Mesa","run",3,1,-4.89050839670755
"Mesa__run","Mesa","run",1,2,-1.98795098758101
"Mesa__run","Mesa","run",2,2,1.77843332194079
"Mesa__run","Mesa","run",3,2,3.107769330773
"Mesa__run","Mesa","run",1,3,-4.89050839670755
"Mesa__run","Mesa","run",2,3,3.107769330773
"Mesa__run","Mesa","run",3,3,7.0036199566169
"Miami__run","Miami","run",1,1,176380961729.41
"Miami__run","Miami","run",2,1,-84465159537.9703
"Miami__run","Miami","run",3,1,-92048493816.9978
"Miami__run","Miami","run",1,2,-84465159537.9703
"Miami__run","Miami","run",2,2,90114773431.7698
"Miami__run","Miami","run",3,2,122261765919.025
"Miami__run","Miami","run",1,3,-92048493816.9978
"Miami__run","Miami","run",2,3,122261765919.025
"Miami__run","Miami","run",3,3,199717773680.89
"Milwaukee__run","Milwaukee","run",1,1,774.581943195234
"Milwaukee__run","Milwaukee","run",2,1,-627.734288786163
"Milwaukee__run","Milwaukee","run",3,1,-515.58328121677
"Milwaukee__run","Milwaukee","run",1,2,-627.734288786163
"Milwaukee__run","Milwaukee","run",2,2,634.027981808369
"Milwaukee__run","Milwaukee","run",3,2,643.457192275314
"Milwaukee__run","Milwaukee","run",1,3,-515.58328121677
"Milwaukee__run","Milwaukee","run",2,3,643.457192275314
"Milwaukee__run","Milwaukee","run",3,3,973.380026301423
"Minneapolis__run","Minneapolis","run",1,1,35473.2594855263
"Minneapolis__run","Minneapolis","run",2,1,-128345.479430554
"Minneapolis__run","Minneapolis","run",3,1,-120123.970333486
"Minneapolis__run","Minneapolis","run",1,2,-128345.479430554
"Minneapolis__run","Minneapolis","run",2,2,740849.833438708
"Minneapolis__run","Minneapolis","run",3,2,744575.368661288
"Minneapolis__run","Minneapolis","run",1,3,-120123.970333486
"Minneapolis__run","Minneapolis","run",2,3,744575.368661288
"Minneapolis__run","Minneapolis","run",3,3,754274.372844535
"Miramar__run","Miramar","run",1,1,91.0919437127584
"Miramar__run","Miramar","run",2,1,-28.3917413765418
"Miramar__run","Miramar","run",3,1,-65.8512057666743
"Miramar__run","Miramar","run",1,2,-28.3917413765418
"Miramar__run","Miramar","run",2,2,14.5763766831371
"Miramar__run","Miramar","run",3,2,27.5825474039077
"Miramar__run","Miramar","run",1,3,-65.8512057666743
"Miramar__run","Miramar","run",2,3,27.5825474039077
"Miramar__run","Miramar","run",3,3,68.2385542623475
"Nashville__run","Nashville","run",1,1,64.2792704182286
"Nashville__run","Nashville","run",2,1,-926.03765545718
"Nashville__run","Nashville","run",3,1,-1603.50709051462
"Nashville__run","Nashville","run",1,2,-926.03765545718
"Nashville__run","Nashville","run",2,2,17149.1047213171
"Nashville__run","Nashville","run",3,2,29600.9549269839
"Nashville__run","Nashville","run",1,3,-1603.50709051462
"Nashville__run","Nashville","run",2,3,29600.9549269839
"Nashville__run","Nashville","run",3,3,51096.08571082
"New_York__run","New_York","run",1,1,0.991819992123869
"New_York__run","New_York","run",2,1,-0.847960987823255
"New_York__run","New_York","run",3,1,-1.04471534740145
"New_York__run","New_York","run",1,2,-0.847960987823255
"New_York__run","New_York","run",2,2,0.881156321199232
"New_York__run","New_York","run",3,2,1.17305690822576
"New_York__run","New_York","run",1,3,-1.04471534740145
"New_York__run","New_York","run",2,3,1.17305690822576
"New_York__run","New_York","run",3,3,1.7845750528687
"Newark__run","Newark","run",1,1,432113531872.955
"Newark__run","Newark","run",2,1,-220651384677.325
"Newark__run","Newark","run",3,1,-43328229418.1961
"Newark__run","Newark","run",1,2,-220651384677.325
"Newark__run","Newark","run",2,2,163337390850.468
"Newark__run","Newark","run",3,2,92010496457.6251
"Newark__run","Newark","run",1,3,-43328229418.1961
"Newark__run","Newark","run",2,3,92010496457.6251
"Newark__run","Newark","run",3,3,191204419030.602
"Oklahoma_City__run","Oklahoma_City","run",1,1,8.95072742262325
"Oklahoma_City__run","Oklahoma_City","run",2,1,-19.3808261076112
"Oklahoma_City__run","Oklahoma_City","run",3,1,-36.1818571325242
"Oklahoma_City__run","Oklahoma_City","run",1,2,-19.3808261076112
"Oklahoma_City__run","Oklahoma_City","run",2,2,112.275319455699
"Oklahoma_City__run","Oklahoma_City","run",3,2,197.538754318474
"Oklahoma_City__run","Oklahoma_City","run",1,3,-36.1818571325242
"Oklahoma_City__run","Oklahoma_City","run",2,3,197.538754318474
"Oklahoma_City__run","Oklahoma_City","run",3,3,348.583709132055
"Orlando__run","Orlando","run",1,1,20.4788926617039
"Orlando__run","Orlando","run",2,1,-48.8456869497952
"Orlando__run","Orlando","run",3,1,-81.9414679547276
"Orlando__run","Orlando","run",1,2,-48.8456869497952
"Orlando__run","Orlando","run",2,2,131.107437690503
"Orlando__run","Orlando","run",3,2,221.413380709099
"Orlando__run","Orlando","run",1,3,-81.9414679547276
"Orlando__run","Orlando","run",2,3,221.413380709099
"Orlando__run","Orlando","run",3,3,375.475642212349
"Overland_Park__run","Overland_Park","run",1,1,38.3266988153857
"Overland_Park__run","Overland_Park","run",2,1,-311.518308775215
"Overland_Park__run","Overland_Park","run",3,1,-566.149165527177
"Overland_Park__run","Overland_Park","run",1,2,-311.518308775215
"Overland_Park__run","Overland_Park","run",2,2,2678.24995691802
"Overland_Park__run","Overland_Park","run",3,2,4861.44349760798
"Overland_Park__run","Overland_Park","run",1,3,-566.149165527177
"Overland_Park__run","Overland_Park","run",2,3,4861.44349760798
"Overland_Park__run","Overland_Park","run",3,3,8824.80877716192
"Palm_Bay__run","Palm_Bay","run",1,1,14842.1235947613
"Palm_Bay__run","Palm_Bay","run",2,1,-267726.434621102
"Palm_Bay__run","Palm_Bay","run",3,1,-407522.267803974
"Palm_Bay__run","Palm_Bay","run",1,2,-267726.434621102
"Palm_Bay__run","Palm_Bay","run",2,2,6942689.18857206
"Palm_Bay__run","Palm_Bay","run",3,2,10542090.0195921
"Palm_Bay__run","Palm_Bay","run",1,3,-407522.267803974
"Palm_Bay__run","Palm_Bay","run",2,3,10542090.0195921
"Palm_Bay__run","Palm_Bay","run",3,3,16007828.273374
"Philadelphia__run","Philadelphia","run",1,1,8.09950492546542
"Philadelphia__run","Philadelphia","run",2,1,-18.9744817504664
"Philadelphia__run","Philadelphia","run",3,1,-31.6698964011473
"Philadelphia__run","Philadelphia","run",1,2,-18.9744817504664
"Philadelphia__run","Philadelphia","run",2,2,74.5385189024137
"Philadelphia__run","Philadelphia","run",3,2,126.256180128034
"Philadelphia__run","Philadelphia","run",1,3,-31.6698964011473
"Philadelphia__run","Philadelphia","run",2,3,126.256180128034
"Philadelphia__run","Philadelphia","run",3,3,214.327295455621
"Phoenix__run","Phoenix","run",1,1,0.493350005007105
"Phoenix__run","Phoenix","run",2,1,-0.18022684579626
"Phoenix__run","Phoenix","run",3,1,-0.39965791142909
"Phoenix__run","Phoenix","run",1,2,-0.18022684579626
"Phoenix__run","Phoenix","run",2,2,0.144033793753286
"Phoenix__run","Phoenix","run",3,2,0.240499707453516
"Phoenix__run","Phoenix","run",1,3,-0.39965791142909
"Phoenix__run","Phoenix","run",2,3,0.240499707453516
"Phoenix__run","Phoenix","run",3,3,0.548208334320442
"Raleigh__run","Raleigh","run",1,1,4.02348867270062
"Raleigh__run","Raleigh","run",2,1,-14.494786140425
"Raleigh__run","Raleigh","run",3,1,-26.3877475391574
"Raleigh__run","Raleigh","run",1,2,-14.494786140425
"Raleigh__run","Raleigh","run",2,2,107.617962229428
"Raleigh__run","Raleigh","run",3,2,193.279951015453
"Raleigh__run","Raleigh","run",1,3,-26.3877475391574
"Raleigh__run","Raleigh","run",2,3,193.279951015453
"Raleigh__run","Raleigh","run",3,3,347.444535678028
"Richmond__run","Richmond","run",1,1,2.55266527528149
"Richmond__run","Richmond","run",2,1,-2.29995086786985
"Richmond__run","Richmond","run",3,1,-2.98973326393268
"Richmond__run","Richmond","run",1,2,-2.29995086786985
"Richmond__run","Richmond","run",2,2,3.59605047815919
"Richmond__run","Richmond","run",3,2,5.04521419797599
"Richmond__run","Richmond","run",1,3,-2.98973326393268
"Richmond__run","Richmond","run",2,3,5.04521419797599
"Richmond__run","Richmond","run",3,3,7.49937061987642
"Riverside__run","Riverside","run",1,1,1176.58400914454
"Riverside__run","Riverside","run",2,1,-10041.1529182929
"Riverside__run","Riverside","run",3,1,-17614.2465458914
"Riverside__run","Riverside","run",1,2,-10041.1529182929
"Riverside__run","Riverside","run",2,2,123594.486602076
"Riverside__run","Riverside","run",3,2,216230.996498345
"Riverside__run","Riverside","run",1,3,-17614.2465458914
"Riverside__run","Riverside","run",2,3,216230.996498345
"Riverside__run","Riverside","run",3,3,378314.218911204
"Sacramento__run","Sacramento","run",1,1,65.1954498986596
"Sacramento__run","Sacramento","run",2,1,-66.5500186050605
"Sacramento__run","Sacramento","run",3,1,-56.9774698486065
"Sacramento__run","Sacramento","run",1,2,-66.5500186050605
"Sacramento__run","Sacramento","run",2,2,98.1279887383482
"Sacramento__run","Sacramento","run",3,2,105.362498414551
"Sacramento__run","Sacramento","run",1,3,-56.9774698486065
"Sacramento__run","Sacramento","run",2,3,105.362498414551
"Sacramento__run","Sacramento","run",3,3,126.331020223027
"San_Antonio__run","San_Antonio","run",1,1,0.564528033742427
"San_Antonio__run","San_Antonio","run",2,1,-0.705885640535966
"San_Antonio__run","San_Antonio","run",3,1,-1.37446268498735
"San_Antonio__run","San_Antonio","run",1,2,-0.705885640535966
"San_Antonio__run","San_Antonio","run",2,2,0.993935148279735
"San_Antonio__run","San_Antonio","run",3,2,1.89957862433009
"San_Antonio__run","San_Antonio","run",1,3,-1.37446268498735
"San_Antonio__run","San_Antonio","run",2,3,1.89957862433009
"San_Antonio__run","San_Antonio","run",3,3,3.74596088651092
"San_Bernardino__run","San_Bernardino","run",1,1,441.84686729423
"San_Bernardino__run","San_Bernardino","run",2,1,-1692.03055838772
"San_Bernardino__run","San_Bernardino","run",3,1,-2976.23940577267
"San_Bernardino__run","San_Bernardino","run",1,2,-1692.03055838772
"San_Bernardino__run","San_Bernardino","run",2,2,12005.7555138409
"San_Bernardino__run","San_Bernardino","run",3,2,21007.5286801752
"San_Bernardino__run","San_Bernardino","run",1,3,-2976.23940577267
"San_Bernardino__run","San_Bernardino","run",2,3,21007.5286801752
"San_Bernardino__run","San_Bernardino","run",3,3,36799.8221173123
"San_Jose__run","San_Jose","run",1,1,12.1076781132204
"San_Jose__run","San_Jose","run",2,1,-6.99155020955803
"San_Jose__run","San_Jose","run",3,1,-6.12712264590048
"San_Jose__run","San_Jose","run",1,2,-6.99155020955803
"San_Jose__run","San_Jose","run",2,2,10.2705165672715
"San_Jose__run","San_Jose","run",3,2,13.5080009866903
"San_Jose__run","San_Jose","run",1,3,-6.12712264590048
"San_Jose__run","San_Jose","run",2,3,13.5080009866903
"San_Jose__run","San_Jose","run",3,3,20.7295998579058
"Scottsdale__run","Scottsdale","run",1,1,5.80043172893624
"Scottsdale__run","Scottsdale","run",2,1,-7.50581302677181
"Scottsdale__run","Scottsdale","run",3,1,-16.2728452574476
"Scottsdale__run","Scottsdale","run",1,2,-7.50581302677181
"Scottsdale__run","Scottsdale","run",2,2,12.4076451740819
"Scottsdale__run","Scottsdale","run",3,2,26.0567804513579
"Scottsdale__run","Scottsdale","run",1,3,-16.2728452574476
"Scottsdale__run","Scottsdale","run",2,3,26.0567804513579
"Scottsdale__run","Scottsdale","run",3,3,55.5327590380012
"St_Louis__run","St_Louis","run",1,1,6.81279669766456
"St_Louis__run","St_Louis","run",2,1,-10.6745192227806
"St_Louis__run","St_Louis","run",3,1,-20.5602898971551
"St_Louis__run","St_Louis","run",1,2,-10.6745192227806
"St_Louis__run","St_Louis","run",2,2,110.193556713826
"St_Louis__run","St_Louis","run",3,2,190.531962461879
"St_Louis__run","St_Louis","run",1,3,-20.5602898971551
"St_Louis__run","St_Louis","run",2,3,190.531962461879
"St_Louis__run","St_Louis","run",3,3,330.53126130775
"St_Petersburg__run","St_Petersburg","run",1,1,28.6922401886568
"St_Petersburg__run","St_Petersburg","run",2,1,-6.83232941561927
"St_Petersburg__run","St_Petersburg","run",3,1,-19.7205514288732
"St_Petersburg__run","St_Petersburg","run",1,2,-6.83232941561927
"St_Petersburg__run","St_Petersburg","run",2,2,2.67336717676794
"St_Petersburg__run","St_Petersburg","run",3,2,5.82511262278588
"St_Petersburg__run","St_Petersburg","run",1,3,-19.7205514288732
"St_Petersburg__run","St_Petersburg","run",2,3,5.82511262278587
"St_Petersburg__run","St_Petersburg","run",3,3,17.6414695339669
"Tallahassee__run","Tallahassee","run",1,1,38.683252189223
"Tallahassee__run","Tallahassee","run",2,1,-114.833417538604
"Tallahassee__run","Tallahassee","run",3,1,-203.623755490814
"Tallahassee__run","Tallahassee","run",1,2,-114.833417538604
"Tallahassee__run","Tallahassee","run",2,2,386.051775170365
"Tallahassee__run","Tallahassee","run",3,2,684.593440044136
"Tallahassee__run","Tallahassee","run",1,3,-203.623755490814
"Tallahassee__run","Tallahassee","run",2,3,684.593440044136
"Tallahassee__run","Tallahassee","run",3,3,1214.73166543841
"Tampa__run","Tampa","run",1,1,6.77331806595433
"Tampa__run","Tampa","run",2,1,-3.90552939326138
"Tampa__run","Tampa","run",3,1,-4.67029073642274
"Tampa__run","Tampa","run",1,2,-3.90552939326138
"Tampa__run","Tampa","run",2,2,3.05099928133477
"Tampa__run","Tampa","run",3,2,3.74569517816546
"Tampa__run","Tampa","run",1,3,-4.67029073642274
"Tampa__run","Tampa","run",2,3,3.74569517816546
"Tampa__run","Tampa","run",3,3,5.98568074725399
"Tucson__run","Tucson","run",1,1,0.27215016539451
"Tucson__run","Tucson","run",2,1,-0.0808533901714682
"Tucson__run","Tucson","run",3,1,-0.150636449021531
"Tucson__run","Tucson","run",1,2,-0.0808533901714682
"Tucson__run","Tucson","run",2,2,0.103787506156571
"Tucson__run","Tucson","run",3,2,0.134333746736053
"Tucson__run","Tucson","run",1,3,-0.150636449021531
"Tucson__run","Tucson","run",2,3,0.134333746736053
"Tucson__run","Tucson","run",3,3,0.29990118494076
"Virginia_Beach__run","Virginia_Beach","run",1,1,12.0782566759391
"Virginia_Beach__run","Virginia_Beach","run",2,1,-41.6168224510575
"Virginia_Beach__run","Virginia_Beach","run",3,1,-76.0671904863912
"Virginia_Beach__run","Virginia_Beach","run",1,2,-41.6168224510574
"Virginia_Beach__run","Virginia_Beach","run",2,2,222.396473673407
"Virginia_Beach__run","Virginia_Beach","run",3,2,401.48418698188
"Virginia_Beach__run","Virginia_Beach","run",1,3,-76.0671904863912
"Virginia_Beach__run","Virginia_Beach","run",2,3,401.48418698188
"Virginia_Beach__run","Virginia_Beach","run",3,3,725.483121691955
"Visalia__run","Visalia","run",1,1,4.61641329519754
"Visalia__run","Visalia","run",2,1,-3.92791608843166
"Visalia__run","Visalia","run",3,1,-6.83984685456525
"Visalia__run","Visalia","run",1,2,-3.92791608843166
"Visalia__run","Visalia","run",2,2,11.0246737746054
"Visalia__run","Visalia","run",3,2,18.4987285700412
"Visalia__run","Visalia","run",1,3,-6.83984685456526
"Visalia__run","Visalia","run",2,3,18.4987285700412
"Visalia__run","Visalia","run",3,3,32.9268474386938
"Washington__run","Washington","run",1,1,9.31409219538087
"Washington__run","Washington","run",2,1,-28.4206191035525
"Washington__run","Washington","run",3,1,-48.6697128365053
"Washington__run","Washington","run",1,2,-28.4206191035525
"Washington__run","Washington","run",2,2,106.585263023689
"Washington__run","Washington","run",3,2,182.447350940794
"Washington__run","Washington","run",1,3,-48.6697128365053
"Washington__run","Washington","run",2,3,182.447350940794
"Washington__run","Washington","run",3,3,312.448497268629
"Abilene__walk","Abilene","walk",1,1,311.860152585434
"Abilene__walk","Abilene","walk",2,1,-1868.37512592703
"Abilene__walk","Abilene","walk",3,1,-3144.01350868054
"Abilene__walk","Abilene","walk",1,2,-1868.37512592703
"Abilene__walk","Abilene","walk",2,2,14759.4637128126
"Abilene__walk","Abilene","walk",3,2,24758.2479307863
"Abilene__walk","Abilene","walk",1,3,-3144.01350868054
"Abilene__walk","Abilene","walk",2,3,24758.2479307863
"Abilene__walk","Abilene","walk",3,3,41547.4996327786
"Amarillo__walk","Amarillo","walk",1,1,1921.01372422476
"Amarillo__walk","Amarillo","walk",2,1,-22877.0323820028
"Amarillo__walk","Amarillo","walk",3,1,-38006.1233087983
"Amarillo__walk","Amarillo","walk",1,2,-22877.0323820028
"Amarillo__walk","Amarillo","walk",2,2,427633.279259486
"Amarillo__walk","Amarillo","walk",3,2,707007.9007867
"Amarillo__walk","Amarillo","walk",1,3,-38006.1233087983
"Amarillo__walk","Amarillo","walk",2,3,707007.9007867
"Amarillo__walk","Amarillo","walk",3,3,1168963.96692936
"Arlington__walk","Arlington","walk",1,1,4.9293944995524
"Arlington__walk","Arlington","walk",2,1,-6.94085494403551
"Arlington__walk","Arlington","walk",3,1,-10.149199324132
"Arlington__walk","Arlington","walk",1,2,-6.94085494403551
"Arlington__walk","Arlington","walk",2,2,11.0314168597422
"Arlington__walk","Arlington","walk",3,2,15.8107559036067
"Arlington__walk","Arlington","walk",1,3,-10.149199324132
"Arlington__walk","Arlington","walk",2,3,15.8107559036067
"Arlington__walk","Arlington","walk",3,3,24.2246495702064
"Atlanta__walk","Atlanta","walk",1,1,63015.0236725542
"Atlanta__walk","Atlanta","walk",2,1,-124553.020082331
"Atlanta__walk","Atlanta","walk",3,1,-139942.987535713
"Atlanta__walk","Atlanta","walk",1,2,-124553.020082331
"Atlanta__walk","Atlanta","walk",2,2,2796816.70223856
"Atlanta__walk","Atlanta","walk",3,2,3603481.39108941
"Atlanta__walk","Atlanta","walk",1,3,-139942.987535713
"Atlanta__walk","Atlanta","walk",2,3,3603481.39108941
"Atlanta__walk","Atlanta","walk",3,3,4662825.19106326
"Austin__walk","Austin","walk",1,1,0.115618586781457
"Austin__walk","Austin","walk",2,1,-0.0855354941063284
"Austin__walk","Austin","walk",3,1,-0.132758715711528
"Austin__walk","Austin","walk",1,2,-0.0855354941063283
"Austin__walk","Austin","walk",2,2,0.121596394755719
"Austin__walk","Austin","walk",3,2,0.161319086413163
"Austin__walk","Austin","walk",1,3,-0.132758715711528
"Austin__walk","Austin","walk",2,3,0.161319086413163
"Austin__walk","Austin","walk",3,3,0.302894120415289
"Bakersfield__walk","Bakersfield","walk",1,1,14.0385177198767
"Bakersfield__walk","Bakersfield","walk",2,1,-47.0847877165776
"Bakersfield__walk","Bakersfield","walk",3,1,-88.4577325449653
"Bakersfield__walk","Bakersfield","walk",1,2,-47.0847877165776
"Bakersfield__walk","Bakersfield","walk",2,2,204.32023706075
"Bakersfield__walk","Bakersfield","walk",3,2,381.839751985099
"Bakersfield__walk","Bakersfield","walk",1,3,-88.4577325449653
"Bakersfield__walk","Bakersfield","walk",2,3,381.839751985099
"Bakersfield__walk","Bakersfield","walk",3,3,715.308660598659
"Baltimore__walk","Baltimore","walk",1,1,10.0970970759179
"Baltimore__walk","Baltimore","walk",2,1,-21.9316452921349
"Baltimore__walk","Baltimore","walk",3,1,-33.9909605395389
"Baltimore__walk","Baltimore","walk",1,2,-21.9316452921349
"Baltimore__walk","Baltimore","walk",2,2,71.8957120011192
"Baltimore__walk","Baltimore","walk",3,2,113.370915817656
"Baltimore__walk","Baltimore","walk",1,3,-33.9909605395389
"Baltimore__walk","Baltimore","walk",2,3,113.370915817656
"Baltimore__walk","Baltimore","walk",3,3,180.029561383242
"Boston__walk","Boston","walk",1,1,5241.36489785568
"Boston__walk","Boston","walk",2,1,-1359.98570244046
"Boston__walk","Boston","walk",3,1,5581.50478358165
"Boston__walk","Boston","walk",1,2,-1359.98570244046
"Boston__walk","Boston","walk",2,2,364.301492223124
"Boston__walk","Boston","walk",3,2,-1396.30250932931
"Boston__walk","Boston","walk",1,3,5581.50478358165
"Boston__walk","Boston","walk",2,3,-1396.30250932931
"Boston__walk","Boston","walk",3,3,6272.04254480214
"Cape_Coral__walk","Cape_Coral","walk",1,1,55.2984230131665
"Cape_Coral__walk","Cape_Coral","walk",2,1,-32.7267748606956
"Cape_Coral__walk","Cape_Coral","walk",3,1,-28.5091854826332
"Cape_Coral__walk","Cape_Coral","walk",1,2,-32.7267748606956
"Cape_Coral__walk","Cape_Coral","walk",2,2,27.461946384679
"Cape_Coral__walk","Cape_Coral","walk",3,2,29.5585791300849
"Cape_Coral__walk","Cape_Coral","walk",1,3,-28.5091854826332
"Cape_Coral__walk","Cape_Coral","walk",2,3,29.5585791300849
"Cape_Coral__walk","Cape_Coral","walk",3,3,49.4024399022189
"Chandler__walk","Chandler","walk",1,1,6.12175835480511
"Chandler__walk","Chandler","walk",2,1,-7.2514782072944
"Chandler__walk","Chandler","walk",3,1,-13.0197068921569
"Chandler__walk","Chandler","walk",1,2,-7.2514782072944
"Chandler__walk","Chandler","walk",2,2,18.67438091179
"Chandler__walk","Chandler","walk",3,2,33.2944406956415
"Chandler__walk","Chandler","walk",1,3,-13.0197068921569
"Chandler__walk","Chandler","walk",2,3,33.2944406956415
"Chandler__walk","Chandler","walk",3,3,61.3676731543804
"Charleston__walk","Charleston","walk",1,1,1041.364642466
"Charleston__walk","Charleston","walk",2,1,-40021.0457989028
"Charleston__walk","Charleston","walk",3,1,-63589.7246556448
"Charleston__walk","Charleston","walk",1,2,-40021.0457989028
"Charleston__walk","Charleston","walk",2,2,2707197.15113652
"Charleston__walk","Charleston","walk",3,2,4290375.47266784
"Charleston__walk","Charleston","walk",1,3,-63589.7246556448
"Charleston__walk","Charleston","walk",2,3,4290375.47266784
"Charleston__walk","Charleston","walk",3,3,6799464.91535416
"Charlotte__walk","Charlotte","walk",1,1,486.8248871983
"Charlotte__walk","Charlotte","walk",2,1,-15513.8340042582
"Charlotte__walk","Charlotte","walk",3,1,-22885.5529880814
"Charlotte__walk","Charlotte","walk",1,2,-15513.8340042582
"Charlotte__walk","Charlotte","walk",2,2,581772.976070805
"Charlotte__walk","Charlotte","walk",3,2,857966.461296095
"Charlotte__walk","Charlotte","walk",1,3,-22885.5529880814
"Charlotte__walk","Charlotte","walk",2,3,857966.461296095
"Charlotte__walk","Charlotte","walk",3,3,1265284.35450561
"Chicago__walk","Chicago","walk",1,1,117812.362168234
"Chicago__walk","Chicago","walk",2,1,-656551.338148941
"Chicago__walk","Chicago","walk",3,1,-867076.673322135
"Chicago__walk","Chicago","walk",1,2,-656551.338148941
"Chicago__walk","Chicago","walk",2,2,13877575.610439
"Chicago__walk","Chicago","walk",3,2,18000826.3763213
"Chicago__walk","Chicago","walk",1,3,-867076.673322136
"Chicago__walk","Chicago","walk",2,3,18000826.3763213
"Chicago__walk","Chicago","walk",3,3,23358566.4747494
"Cincinnati__walk","Cincinnati","walk",1,1,8563906830.25726
"Cincinnati__walk","Cincinnati","walk",2,1,-4702480798.3671
"Cincinnati__walk","Cincinnati","walk",3,1,614158066.761615
"Cincinnati__walk","Cincinnati","walk",1,2,-4702480798.3671
"Cincinnati__walk","Cincinnati","walk",2,2,22557051882.5632
"Cincinnati__walk","Cincinnati","walk",3,2,24900881959.6383
"Cincinnati__walk","Cincinnati","walk",1,3,614158066.761615
"Cincinnati__walk","Cincinnati","walk",2,3,24900881959.6383
"Cincinnati__walk","Cincinnati","walk",3,3,53234164815.5062
"Clearwater__walk","Clearwater","walk",1,1,23062.1056946613
"Clearwater__walk","Clearwater","walk",2,1,-891367.865886893
"Clearwater__walk","Clearwater","walk",3,1,-1464637.44463037
"Clearwater__walk","Clearwater","walk",1,2,-891367.865886893
"Clearwater__walk","Clearwater","walk",2,2,64805280.2045836
"Clearwater__walk","Clearwater","walk",3,2,106067636.9923
"Clearwater__walk","Clearwater","walk",1,3,-1464637.44463037
"Clearwater__walk","Clearwater","walk",2,3,106067636.9923
"Clearwater__walk","Clearwater","walk",3,3,173605386.465635
"Cleveland__walk","Cleveland","walk",1,1,173714319976.088
"Cleveland__walk","Cleveland","walk",2,1,-144804185081.772
"Cleveland__walk","Cleveland","walk",3,1,-121028797387.312
"Cleveland__walk","Cleveland","walk",1,2,-144804185081.772
"Cleveland__walk","Cleveland","walk",2,2,155056628143.35
"Cleveland__walk","Cleveland","walk",3,2,155453083519.812
"Cleveland__walk","Cleveland","walk",1,3,-121028797387.312
"Cleveland__walk","Cleveland","walk",2,3,155453083519.812
"Cleveland__walk","Cleveland","walk",3,3,207625174157.921
"Columbia__walk","Columbia","walk",1,1,489.534813889963
"Columbia__walk","Columbia","walk",2,1,-5380.61536658226
"Columbia__walk","Columbia","walk",3,1,-9488.34300723363
"Columbia__walk","Columbia","walk",1,2,-5380.61536658226
"Columbia__walk","Columbia","walk",2,2,78896.7267281247
"Columbia__walk","Columbia","walk",3,2,138177.338892466
"Columbia__walk","Columbia","walk",1,3,-9488.34300723363
"Columbia__walk","Columbia","walk",2,3,138177.338892466
"Columbia__walk","Columbia","walk",3,3,242039.75409756
"Columbus__walk","Columbus","walk",1,1,931982.469123791
"Columbus__walk","Columbus","walk",2,1,-989026.753976361
"Columbus__walk","Columbus","walk",3,1,-1318164.51314207
"Columbus__walk","Columbus","walk",1,2,-989026.753976361
"Columbus__walk","Columbus","walk",2,2,16098598160.4964
"Columbus__walk","Columbus","walk",3,2,19897468356.694
"Columbus__walk","Columbus","walk",1,3,-1318164.51314207
"Columbus__walk","Columbus","walk",2,3,19897468356.694
"Columbus__walk","Columbus","walk",3,3,24592787625.0022
"Corpus_Christi__walk","Corpus_Christi","walk",1,1,12199845631.7997
"Corpus_Christi__walk","Corpus_Christi","walk",2,1,-10411251464.4358
"Corpus_Christi__walk","Corpus_Christi","walk",3,1,-17914203291.258
"Corpus_Christi__walk","Corpus_Christi","walk",1,2,-10411251464.4358
"Corpus_Christi__walk","Corpus_Christi","walk",2,2,16305352102.4372
"Corpus_Christi__walk","Corpus_Christi","walk",3,2,29975217615.4798
"Corpus_Christi__walk","Corpus_Christi","walk",1,3,-17914203291.258
"Corpus_Christi__walk","Corpus_Christi","walk",2,3,29975217615.4798
"Corpus_Christi__walk","Corpus_Christi","walk",3,3,59228328381.2442
"Dallas__walk","Dallas","walk",1,1,3.01904945078838
"Dallas__walk","Dallas","walk",2,1,-15.3047419131438
"Dallas__walk","Dallas","walk",3,1,-28.416473281143
"Dallas__walk","Dallas","walk",1,2,-15.3047419131438
"Dallas__walk","Dallas","walk",2,2,96.3566829256249
"Dallas__walk","Dallas","walk",3,2,178.488956728935
"Dallas__walk","Dallas","walk",1,3,-28.416473281143
"Dallas__walk","Dallas","walk",2,3,178.488956728935
"Dallas__walk","Dallas","walk",3,3,330.818566237823
"Detroit__walk","Detroit","walk",1,1,1046382.49784655
"Detroit__walk","Detroit","walk",2,1,-36228862.8996232
"Detroit__walk","Detroit","walk",3,1,-51806808.5816509
"Detroit__walk","Detroit","walk",1,2,-36228862.8996232
"Detroit__walk","Detroit","walk",2,2,21088680800.1162
"Detroit__walk","Detroit","walk",3,2,30042546625.9777
"Detroit__walk","Detroit","walk",1,3,-51806808.5816509
"Detroit__walk","Detroit","walk",2,3,30042546625.9777
"Detroit__walk","Detroit","walk",3,3,42798099367.6299
"Fort_Worth__walk","Fort_Worth","walk",1,1,1.85284900287668
"Fort_Worth__walk","Fort_Worth","walk",2,1,-2.10340621422559
"Fort_Worth__walk","Fort_Worth","walk",3,1,-3.04768280012408
"Fort_Worth__walk","Fort_Worth","walk",1,2,-2.10340621422559
"Fort_Worth__walk","Fort_Worth","walk",2,2,2.80797437119783
"Fort_Worth__walk","Fort_Worth","walk",3,2,3.89859542682828
"Fort_Worth__walk","Fort_Worth","walk",1,3,-3.04768280012408
"Fort_Worth__walk","Fort_Worth","walk",2,3,3.89859542682828
"Fort_Worth__walk","Fort_Worth","walk",3,3,6.04207325925445
"Fresno__walk","Fresno","walk",1,1,4.77341782469955
"Fresno__walk","Fresno","walk",2,1,-3.56607649007694
"Fresno__walk","Fresno","walk",3,1,-6.78059976860685
"Fresno__walk","Fresno","walk",1,2,-3.56607649007694
"Fresno__walk","Fresno","walk",2,2,5.86613585206945
"Fresno__walk","Fresno","walk",3,2,10.2051359387274
"Fresno__walk","Fresno","walk",1,3,-6.78059976860685
"Fresno__walk","Fresno","walk",2,3,10.2051359387274
"Fresno__walk","Fresno","walk",3,3,19.2983808105722
"Gilbert__walk","Gilbert","walk",1,1,334.320837880326
"Gilbert__walk","Gilbert","walk",2,1,-1272.46353175615
"Gilbert__walk","Gilbert","walk",3,1,-2319.65451391181
"Gilbert__walk","Gilbert","walk",1,2,-1272.46353175615
"Gilbert__walk","Gilbert","walk",2,2,7133.29044398938
"Gilbert__walk","Gilbert","walk",3,2,12793.1097122917
"Gilbert__walk","Gilbert","walk",1,3,-2319.65451391181
"Gilbert__walk","Gilbert","walk",2,3,12793.1097122917
"Gilbert__walk","Gilbert","walk",3,3,22972.1199433157
"Henderson__walk","Henderson","walk",1,1,5.78677138121665
"Henderson__walk","Henderson","walk",2,1,-2.71216695239344
"Henderson__walk","Henderson","walk",3,1,-2.95803362423591
"Henderson__walk","Henderson","walk",1,2,-2.71216695239344
"Henderson__walk","Henderson","walk",2,2,2.7885254361961
"Henderson__walk","Henderson","walk",3,2,2.60775220740563
"Henderson__walk","Henderson","walk",1,3,-2.95803362423591
"Henderson__walk","Henderson","walk",2,3,2.60775220740563
"Henderson__walk","Henderson","walk",3,3,4.55509428476321
"Houston__walk","Houston","walk",1,1,1.31391394946309
"Houston__walk","Houston","walk",2,1,-1.3932287759579
"Houston__walk","Houston","walk",3,1,-2.42446348228238
"Houston__walk","Houston","walk",1,2,-1.3932287759579
"Houston__walk","Houston","walk",2,2,1.77767429776675
"Houston__walk","Houston","walk",3,2,2.96471841419034
"Houston__walk","Houston","walk",1,3,-2.42446348228238
"Houston__walk","Houston","walk",2,3,2.96471841419034
"Houston__walk","Houston","walk",3,3,5.16448323501744
"Indianapolis__walk","Indianapolis","walk",1,1,122801.622439026
"Indianapolis__walk","Indianapolis","walk",2,1,-839073.641217561
"Indianapolis__walk","Indianapolis","walk",3,1,-997286.191737106
"Indianapolis__walk","Indianapolis","walk",1,2,-839073.641217561
"Indianapolis__walk","Indianapolis","walk",2,2,8744079358.84869
"Indianapolis__walk","Indianapolis","walk",3,2,10297080294.9102
"Indianapolis__walk","Indianapolis","walk",1,3,-997286.191737106
"Indianapolis__walk","Indianapolis","walk",2,3,10297080294.9102
"Indianapolis__walk","Indianapolis","walk",3,3,12125904209.0096
"Jacksonville__walk","Jacksonville","walk",1,1,17.6814288934788
"Jacksonville__walk","Jacksonville","walk",2,1,-9.34881719592237
"Jacksonville__walk","Jacksonville","walk",3,1,-17.6147626641302
"Jacksonville__walk","Jacksonville","walk",1,2,-9.34881719592237
"Jacksonville__walk","Jacksonville","walk",2,2,5.67711824704411
"Jacksonville__walk","Jacksonville","walk",3,2,9.96763427612732
"Jacksonville__walk","Jacksonville","walk",1,3,-17.6147626641302
"Jacksonville__walk","Jacksonville","walk",2,3,9.96763427612732
"Jacksonville__walk","Jacksonville","walk",3,3,21.4245259688922
"Kansas_City__walk","Kansas_City","walk",1,1,14.1959603999831
"Kansas_City__walk","Kansas_City","walk",2,1,-60.4862846472889
"Kansas_City__walk","Kansas_City","walk",3,1,-101.18625709076
"Kansas_City__walk","Kansas_City","walk",1,2,-60.4862846472889
"Kansas_City__walk","Kansas_City","walk",2,2,304.230522804471
"Kansas_City__walk","Kansas_City","walk",3,2,507.416696245778
"Kansas_City__walk","Kansas_City","walk",1,3,-101.18625709076
"Kansas_City__walk","Kansas_City","walk",2,3,507.416696245778
"Kansas_City__walk","Kansas_City","walk",3,3,846.759277966897
"Las_Vegas__walk","Las_Vegas","walk",1,1,8.80659453221336
"Las_Vegas__walk","Las_Vegas","walk",2,1,-13.6458484133206
"Las_Vegas__walk","Las_Vegas","walk",3,1,-24.0677068507571
"Las_Vegas__walk","Las_Vegas","walk",1,2,-13.6458484133206
"Las_Vegas__walk","Las_Vegas","walk",2,2,37.493620977421
"Las_Vegas__walk","Las_Vegas","walk",3,2,65.408319795248
"Las_Vegas__walk","Las_Vegas","walk",1,3,-24.0677068507571
"Las_Vegas__walk","Las_Vegas","walk",2,3,65.408319795248
"Las_Vegas__walk","Las_Vegas","walk",3,3,115.622310092919
"Los_Angeles__walk","Los_Angeles","walk",1,1,1254.37153381503
"Los_Angeles__walk","Los_Angeles","walk",2,1,-6077.59102004734
"Los_Angeles__walk","Los_Angeles","walk",3,1,-10503.5521695095
"Los_Angeles__walk","Los_Angeles","walk",1,2,-6077.59102004734
"Los_Angeles__walk","Los_Angeles","walk",2,2,36179.948211856
"Los_Angeles__walk","Los_Angeles","walk",3,2,62815.5743452077
"Los_Angeles__walk","Los_Angeles","walk",1,3,-10503.5521695095
"Los_Angeles__walk","Los_Angeles","walk",2,3,62815.5743452077
"Los_Angeles__walk","Los_Angeles","walk",3,3,109075.022327203
"Louisville__walk","Louisville","walk",1,1,38767.8622970426
"Louisville__walk","Louisville","walk",2,1,-596373.831191359
"Louisville__walk","Louisville","walk",3,1,-891204.83670371
"Louisville__walk","Louisville","walk",1,2,-596373.831191359
"Louisville__walk","Louisville","walk",2,2,133185248.479865
"Louisville__walk","Louisville","walk",3,2,197119227.778121
"Louisville__walk","Louisville","walk",1,3,-891204.83670371
"Louisville__walk","Louisville","walk",2,3,197119227.778121
"Louisville__walk","Louisville","walk",3,3,291746117.591612
"Lubbock__walk","Lubbock","walk",1,1,54.1309814286406
"Lubbock__walk","Lubbock","walk",2,1,-68.7033577331574
"Lubbock__walk","Lubbock","walk",3,1,-113.948584708808
"Lubbock__walk","Lubbock","walk",1,2,-68.7033577331574
"Lubbock__walk","Lubbock","walk",2,2,133.244441486623
"Lubbock__walk","Lubbock","walk",3,2,216.603424344307
"Lubbock__walk","Lubbock","walk",1,3,-113.948584708808
"Lubbock__walk","Lubbock","walk",2,3,216.603424344307
"Lubbock__walk","Lubbock","walk",3,3,360.701569168029
"Mesa__walk","Mesa","walk",1,1,9.46550932162596
"Mesa__walk","Mesa","walk",2,1,-3.366393092127
"Mesa__walk","Mesa","walk",3,1,-7.69248473385975
"Mesa__walk","Mesa","walk",1,2,-3.366393092127
"Mesa__walk","Mesa","walk",2,2,3.60323598173365
"Mesa__walk","Mesa","walk",3,2,5.98983766130722
"Mesa__walk","Mesa","walk",1,3,-7.69248473385975
"Mesa__walk","Mesa","walk",2,3,5.98983766130722
"Mesa__walk","Mesa","walk",3,3,12.8937998180653
"Miami__walk","Miami","walk",1,1,12937.5010177231
"Miami__walk","Miami","walk",2,1,-47178.8544141811
"Miami__walk","Miami","walk",3,1,-68707.0815096175
"Miami__walk","Miami","walk",1,2,-47178.8544141811
"Miami__walk","Miami","walk",2,2,393397.605391258
"Miami__walk","Miami","walk",3,2,594208.747507611
"Miami__walk","Miami","walk",1,3,-68707.0815096175
"Miami__walk","Miami","walk",2,3,594208.747507611
"Miami__walk","Miami","walk",3,3,898816.000841651
"Milwaukee__walk","Milwaukee","walk",1,1,6871480854.75539
"Milwaukee__walk","Milwaukee","walk",2,1,1181266759.9393
"Milwaukee__walk","Milwaukee","walk",3,1,-742120624.108267
"Milwaukee__walk","Milwaukee","walk",1,2,1181266759.9393
"Milwaukee__walk","Milwaukee","walk",2,2,485315933.95703
"Milwaukee__walk","Milwaukee","walk",3,2,275358073.974045
"Milwaukee__walk","Milwaukee","walk",1,3,-742120624.108267
"Milwaukee__walk","Milwaukee","walk",2,3,275358073.974045
"Milwaukee__walk","Milwaukee","walk",3,3,673603062.931641
"Minneapolis__walk","Minneapolis","walk",1,1,124389.963776945
"Minneapolis__walk","Minneapolis","walk",2,1,-750731.52350479
"Minneapolis__walk","Minneapolis","walk",3,1,-758368.145647828
"Minneapolis__walk","Minneapolis","walk",1,2,-750731.52350479
"Minneapolis__walk","Minneapolis","walk",2,2,5611848.60105885
"Minneapolis__walk","Minneapolis","walk",3,2,5787492.02919289
"Minneapolis__walk","Minneapolis","walk",1,3,-758368.145647828
"Minneapolis__walk","Minneapolis","walk",2,3,5787492.02919289
"Minneapolis__walk","Minneapolis","walk",3,3,5979148.0896476
"Miramar__walk","Miramar","walk",1,1,849.019974701927
"Miramar__walk","Miramar","walk",2,1,-3492.40149397731
"Miramar__walk","Miramar","walk",3,1,-5937.29146639357
"Miramar__walk","Miramar","walk",1,2,-3492.40149397731
"Miramar__walk","Miramar","walk",2,2,27746.7262294481
"Miramar__walk","Miramar","walk",3,2,46231.1442272382
"Miramar__walk","Miramar","walk",1,3,-5937.29146639357
"Miramar__walk","Miramar","walk",2,3,46231.1442272382
"Miramar__walk","Miramar","walk",3,3,77085.0195007593
"Nashville__walk","Nashville","walk",1,1,436.918631184581
"Nashville__walk","Nashville","walk",2,1,-7721.91165681423
"Nashville__walk","Nashville","walk",3,1,-13333.870548194
"Nashville__walk","Nashville","walk",1,2,-7721.91165681423
"Nashville__walk","Nashville","walk",2,2,163824.056861448
"Nashville__walk","Nashville","walk",3,2,282303.750864078
"Nashville__walk","Nashville","walk",1,3,-13333.870548194
"Nashville__walk","Nashville","walk",2,3,282303.750864078
"Nashville__walk","Nashville","walk",3,3,486481.06513997
"New_York__walk","New_York","walk",1,1,4.54259678794294
"New_York__walk","New_York","walk",2,1,-4.10358816757963
"New_York__walk","New_York","walk",3,1,-5.27167656131676
"New_York__walk","New_York","walk",1,2,-4.10358816757963
"New_York__walk","New_York","walk",2,2,4.50226655816114
"New_York__walk","New_York","walk",3,2,6.10922431500147
"New_York__walk","New_York","walk",1,3,-5.27167656131676
"New_York__walk","New_York","walk",2,3,6.10922431500147
"New_York__walk","New_York","walk",3,3,9.16493007617528
"Newark__walk","Newark","walk",1,1,2877.98723972817
"Newark__walk","Newark","walk",2,1,-6894.41411336937
"Newark__walk","Newark","walk",3,1,-9340.9185017635
"Newark__walk","Newark","walk",1,2,-6894.41411336937
"Newark__walk","Newark","walk",2,2,16693.3675504191
"Newark__walk","Newark","walk",3,2,22651.6205857857
"Newark__walk","Newark","walk",1,3,-9340.9185017635
"Newark__walk","Newark","walk",2,3,22651.6205857857
"Newark__walk","Newark","walk",3,3,30773.9248433579
"Oklahoma_City__walk","Oklahoma_City","walk",1,1,100.023173777358
"Oklahoma_City__walk","Oklahoma_City","walk",2,1,-1250.13925964566
"Oklahoma_City__walk","Oklahoma_City","walk",3,1,-2155.55064687069
"Oklahoma_City__walk","Oklahoma_City","walk",1,2,-1250.13925964566
"Oklahoma_City__walk","Oklahoma_City","walk",2,2,22095.1242914737
"Oklahoma_City__walk","Oklahoma_City","walk",3,2,37905.6588786713
"Oklahoma_City__walk","Oklahoma_City","walk",1,3,-2155.55064687069
"Oklahoma_City__walk","Oklahoma_City","walk",2,3,37905.6588786713
"Oklahoma_City__walk","Oklahoma_City","walk",3,3,65034.4934434749
"Orlando__walk","Orlando","walk",1,1,60.6016849425588
"Orlando__walk","Orlando","walk",2,1,-129.028587346899
"Orlando__walk","Orlando","walk",3,1,-211.675367707095
"Orlando__walk","Orlando","walk",1,2,-129.028587346899
"Orlando__walk","Orlando","walk",2,2,311.346686328044
"Orlando__walk","Orlando","walk",3,2,520.104734507057
"Orlando__walk","Orlando","walk",1,3,-211.675367707095
"Orlando__walk","Orlando","walk",2,3,520.104734507057
"Orlando__walk","Orlando","walk",3,3,875.931389971943
"Overland_Park__walk","Overland_Park","walk",1,1,14.7256882260691
"Overland_Park__walk","Overland_Park","walk",2,1,-72.2772750953855
"Overland_Park__walk","Overland_Park","walk",3,1,-133.163877616527
"Overland_Park__walk","Overland_Park","walk",1,2,-72.2772750953855
"Overland_Park__walk","Overland_Park","walk",2,2,534.73994614605
"Overland_Park__walk","Overland_Park","walk",3,2,973.890284883857
"Overland_Park__walk","Overland_Park","walk",1,3,-133.163877616527
"Overland_Park__walk","Overland_Park","walk",2,3,973.890284883857
"Overland_Park__walk","Overland_Park","walk",3,3,1774.85791375812
"Palm_Bay__walk","Palm_Bay","walk",1,1,216443.678504929
"Palm_Bay__walk","Palm_Bay","walk",2,1,-16709807.0537349
"Palm_Bay__walk","Palm_Bay","walk",3,1,-25242556.626864
"Palm_Bay__walk","Palm_Bay","walk",1,2,-16709807.0537349
"Palm_Bay__walk","Palm_Bay","walk",2,2,1784693711.48992
"Palm_Bay__walk","Palm_Bay","walk",3,2,2694096181.51413
"Palm_Bay__walk","Palm_Bay","walk",1,3,-25242556.6268641
"Palm_Bay__walk","Palm_Bay","walk",2,3,2694096181.51413
"Palm_Bay__walk","Palm_Bay","walk",3,3,4066896363.99216
"Philadelphia__walk","Philadelphia","walk",1,1,101.318405572599
"Philadelphia__walk","Philadelphia","walk",2,1,-329.849309691604
"Philadelphia__walk","Philadelphia","walk",3,1,-559.220436464352
"Philadelphia__walk","Philadelphia","walk",1,2,-329.849309691604
"Philadelphia__walk","Philadelphia","walk",2,2,1406.45661932124
"Philadelphia__walk","Philadelphia","walk",3,2,2390.1009293375
"Philadelphia__walk","Philadelphia","walk",1,3,-559.220436464352
"Philadelphia__walk","Philadelphia","walk",2,3,2390.1009293375
"Philadelphia__walk","Philadelphia","walk",3,3,4064.27347408188
"Phoenix__walk","Phoenix","walk",1,1,1.88724991595057
"Phoenix__walk","Phoenix","walk",2,1,-0.733800873891646
"Phoenix__walk","Phoenix","walk",3,1,-1.58052420102736
"Phoenix__walk","Phoenix","walk",1,2,-0.733800873891646
"Phoenix__walk","Phoenix","walk",2,2,0.661451746599681
"Phoenix__walk","Phoenix","walk",3,2,1.12711427049827
"Phoenix__walk","Phoenix","walk",1,3,-1.58052420102736
"Phoenix__walk","Phoenix","walk",2,3,1.12711427049827
"Phoenix__walk","Phoenix","walk",3,3,2.42384927466314
"Raleigh__walk","Raleigh","walk",1,1,42.6700518287193
"Raleigh__walk","Raleigh","walk",2,1,-274.349782150836
"Raleigh__walk","Raleigh","walk",3,1,-493.217922432092
"Raleigh__walk","Raleigh","walk",1,2,-274.349782150836
"Raleigh__walk","Raleigh","walk",2,2,2511.79817324686
"Raleigh__walk","Raleigh","walk",3,2,4485.53982728093
"Raleigh__walk","Raleigh","walk",1,3,-493.217922432092
"Raleigh__walk","Raleigh","walk",2,3,4485.53982728093
"Raleigh__walk","Raleigh","walk",3,3,8012.24462602036
"Richmond__walk","Richmond","walk",1,1,15.8073475644603
"Richmond__walk","Richmond","walk",2,1,-15.6266509421187
"Richmond__walk","Richmond","walk",3,1,-22.5316423011381
"Richmond__walk","Richmond","walk",1,2,-15.6266509421187
"Richmond__walk","Richmond","walk",2,2,34.7146590443609
"Richmond__walk","Richmond","walk",3,2,51.3218615610784
"Richmond__walk","Richmond","walk",1,3,-22.5316423011381
"Richmond__walk","Richmond","walk",2,3,51.3218615610784
"Richmond__walk","Richmond","walk",3,3,78.0848529135691
"Riverside__walk","Riverside","walk",1,1,7807.25143904103
"Riverside__walk","Riverside","walk",2,1,-63241.6862998486
"Riverside__walk","Riverside","walk",3,1,-110796.602118772
"Riverside__walk","Riverside","walk",1,2,-63241.6862998486
"Riverside__walk","Riverside","walk",2,2,1112248.09044877
"Riverside__walk","Riverside","walk",3,2,1938827.34402077
"Riverside__walk","Riverside","walk",1,3,-110796.602118772
"Riverside__walk","Riverside","walk",2,3,1938827.34402077
"Riverside__walk","Riverside","walk",3,3,3379847.29193951
"Sacramento__walk","Sacramento","walk",1,1,346.54578382869
"Sacramento__walk","Sacramento","walk",2,1,-418.452273300671
"Sacramento__walk","Sacramento","walk",3,1,-392.936831688658
"Sacramento__walk","Sacramento","walk",1,2,-418.452273300671
"Sacramento__walk","Sacramento","walk",2,2,692.96257941939
"Sacramento__walk","Sacramento","walk",3,2,759.40542293679
"Sacramento__walk","Sacramento","walk",1,3,-392.936831688658
"Sacramento__walk","Sacramento","walk",2,3,759.405422936789
"Sacramento__walk","Sacramento","walk",3,3,891.79104605959
"San_Antonio__walk","San_Antonio","walk",1,1,3.25834302728827
"San_Antonio__walk","San_Antonio","walk",2,1,-4.06332404831891
"San_Antonio__walk","San_Antonio","walk",3,1,-7.98233792621243
"San_Antonio__walk","San_Antonio","walk",1,2,-4.06332404831891
"San_Antonio__walk","San_Antonio","walk",2,2,5.64872737195671
"San_Antonio__walk","San_Antonio","walk",3,2,10.9062602598951
"San_Antonio__walk","San_Antonio","walk",1,3,-7.98233792621243
"San_Antonio__walk","San_Antonio","walk",2,3,10.9062602598951
"San_Antonio__walk","San_Antonio","walk",3,3,21.716289655942
"San_Bernardino__walk","San_Bernardino","walk",1,1,36325.9048705712
"San_Bernardino__walk","San_Bernardino","walk",2,1,-1161458.92882442
"San_Bernardino__walk","San_Bernardino","walk",3,1,-1986079.68797233
"San_Bernardino__walk","San_Bernardino","walk",1,2,-1161458.92882442
"San_Bernardino__walk","San_Bernardino","walk",2,2,74426977.2532803
"San_Bernardino__walk","San_Bernardino","walk",3,2,126931068.488723
"San_Bernardino__walk","San_Bernardino","walk",1,3,-1986079.68797233
"San_Bernardino__walk","San_Bernardino","walk",2,3,126931068.488723
"San_Bernardino__walk","San_Bernardino","walk",3,3,216475682.092317
"San_Jose__walk","San_Jose","walk",1,1,130.234817654757
"San_Jose__walk","San_Jose","walk",2,1,-288.0853278697
"San_Jose__walk","San_Jose","walk",3,1,-400.096498122326
"San_Jose__walk","San_Jose","walk",1,2,-288.0853278697
"San_Jose__walk","San_Jose","walk",2,2,1347.46186297323
"San_Jose__walk","San_Jose","walk",3,2,2049.97864511109
"San_Jose__walk","San_Jose","walk",1,3,-400.096498122326
"San_Jose__walk","San_Jose","walk",2,3,2049.97864511109
"San_Jose__walk","San_Jose","walk",3,3,3148.12444041529
"Scottsdale__walk","Scottsdale","walk",1,1,46.8444958600982
"Scottsdale__walk","Scottsdale","walk",2,1,-65.0086360449088
"Scottsdale__walk","Scottsdale","walk",3,1,-141.826622394029
"Scottsdale__walk","Scottsdale","walk",1,2,-65.0086360449088
"Scottsdale__walk","Scottsdale","walk",2,2,149.834677293487
"Scottsdale__walk","Scottsdale","walk",3,2,307.626959141793
"Scottsdale__walk","Scottsdale","walk",1,3,-141.826622394029
"Scottsdale__walk","Scottsdale","walk",2,3,307.626959141793
"Scottsdale__walk","Scottsdale","walk",3,3,639.076541137063
"St_Louis__walk","St_Louis","walk",1,1,18.8617244744735
"St_Louis__walk","St_Louis","walk",2,1,-15.5748309588419
"St_Louis__walk","St_Louis","walk",3,1,-33.4624781825323
"St_Louis__walk","St_Louis","walk",1,2,-15.5748309588419
"St_Louis__walk","St_Louis","walk",2,2,120.139367633758
"St_Louis__walk","St_Louis","walk",3,2,208.946395400475
"St_Louis__walk","St_Louis","walk",1,3,-33.4624781825323
"St_Louis__walk","St_Louis","walk",2,3,208.946395400475
"St_Louis__walk","St_Louis","walk",3,3,366.822520886438
"St_Petersburg__walk","St_Petersburg","walk",1,1,20.0416613412858
"St_Petersburg__walk","St_Petersburg","walk",2,1,-5.91949673841204
"St_Petersburg__walk","St_Petersburg","walk",3,1,-9.28988407873051
"St_Petersburg__walk","St_Petersburg","walk",1,2,-5.91949673841204
"St_Petersburg__walk","St_Petersburg","walk",2,2,6.62989233505822
"St_Petersburg__walk","St_Petersburg","walk",3,2,9.76605987490693
"St_Petersburg__walk","St_Petersburg","walk",1,3,-9.28988407873051
"St_Petersburg__walk","St_Petersburg","walk",2,3,9.76605987490693
"St_Petersburg__walk","St_Petersburg","walk",3,3,18.8067641241021
"Tallahassee__walk","Tallahassee","walk",1,1,108.033048581572
"Tallahassee__walk","Tallahassee","walk",2,1,-326.377529304594
"Tallahassee__walk","Tallahassee","walk",3,1,-579.444352726048
"Tallahassee__walk","Tallahassee","walk",1,2,-326.377529304594
"Tallahassee__walk","Tallahassee","walk",2,2,1132.40602810624
"Tallahassee__walk","Tallahassee","walk",3,2,2010.96360099828
"Tallahassee__walk","Tallahassee","walk",1,3,-579.444352726048
"Tallahassee__walk","Tallahassee","walk",2,3,2010.96360099828
"Tallahassee__walk","Tallahassee","walk",3,3,3573.62586946752
"Tampa__walk","Tampa","walk",1,1,31.4764352525316
"Tampa__walk","Tampa","walk",2,1,-15.2083667411132
"Tampa__walk","Tampa","walk",3,1,-17.8186382603095
"Tampa__walk","Tampa","walk",1,2,-15.2083667411132
"Tampa__walk","Tampa","walk",2,2,11.141324528051
"Tampa__walk","Tampa","walk",3,2,13.6070735440273
"Tampa__walk","Tampa","walk",1,3,-17.8186382603095
"Tampa__walk","Tampa","walk",2,3,13.6070735440273
"Tampa__walk","Tampa","walk",3,3,25.3505853926496
"Tucson__walk","Tucson","walk",1,1,1.47638840638706
"Tucson__walk","Tucson","walk",2,1,-0.501250302389141
"Tucson__walk","Tucson","walk",3,1,-0.994441861979259
"Tucson__walk","Tucson","walk",1,2,-0.501250302389141
"Tucson__walk","Tucson","walk",2,2,0.590855397193633
"Tucson__walk","Tucson","walk",3,2,0.89904375608626
"Tucson__walk","Tucson","walk",1,3,-0.994441861979259
"Tucson__walk","Tucson","walk",2,3,0.89904375608626
"Tucson__walk","Tucson","walk",3,3,1.99659590873281
"Virginia_Beach__walk","Virginia_Beach","walk",1,1,29.1729358469787
"Virginia_Beach__walk","Virginia_Beach","walk",2,1,-55.1344137985766
"Virginia_Beach__walk","Virginia_Beach","walk",3,1,-105.509261570834
"Virginia_Beach__walk","Virginia_Beach","walk",1,2,-55.1344137985766
"Virginia_Beach__walk","Virginia_Beach","walk",2,2,165.610483542158
"Virginia_Beach__walk","Virginia_Beach","walk",3,2,307.093577797615
"Virginia_Beach__walk","Virginia_Beach","walk",1,3,-105.509261570834
"Virginia_Beach__walk","Virginia_Beach","walk",2,3,307.093577797615
"Virginia_Beach__walk","Virginia_Beach","walk",3,3,571.970220741455
"Visalia__walk","Visalia","walk",1,1,139.165109579817
"Visalia__walk","Visalia","walk",2,1,-514.867172164662
"Visalia__walk","Visalia","walk",3,1,-904.090152257089
"Visalia__walk","Visalia","walk",1,2,-514.867172164662
"Visalia__walk","Visalia","walk",2,2,2722.73850956127
"Visalia__walk","Visalia","walk",3,2,4725.90589822109
"Visalia__walk","Visalia","walk",1,3,-904.090152257089
"Visalia__walk","Visalia","walk",2,3,4725.90589822109
"Visalia__walk","Visalia","walk",3,3,8215.85717260838
"Washington__walk","Washington","walk",1,1,14.817064730373
"Washington__walk","Washington","walk",2,1,-34.5116629613316
"Washington__walk","Washington","walk",3,1,-58.9131131695521
"Washington__walk","Washington","walk",1,2,-34.5116629613316
"Washington__walk","Washington","walk",2,2,149.401389068407
"Washington__walk","Washington","walk",3,2,254.652095184985
"Washington__walk","Washington","walk",1,3,-58.9131131695521
"Washington__walk","Washington","walk",2,3,254.652095184985
"Washington__walk","Washington","walk",3,3,434.630766843992
