"city","grid10_id","NDVI_2023_mean","total_20_55_mean","GDP_mean","Unemployment_mean","BD_mean","Urbanization_Rate_mean","Street_Intersection_Density_mean","Walkability_Index_mean","NDVI_2023_gini","total_20_55_gini","GDP_gini","Unemployment_gini","BD_gini","Urbanization_Rate_gini","Street_Intersection_Density_gini","Walkability_Index_gini"
"Abilene",64879,NA,NA,NA,NA,NA,NA,NA,NA,NA,NA,NA,NA,NA,NA,NA,NA
"Abilene",64880,NA,NA,NA,NA,NA,NA,NA,NA,NA,NA,NA,NA,NA,NA,NA,NA
"Abilene",65525,0.367369949496364,450.073575757576,2178463554.97374,0.0216782474443319,0.253669424038945,28.7045454545455,100.849171199715,9.1582531665865,0.0803883027178866,0.166959384851032,0.0464362421611884,0.0629876170295763,0.0853718317962074,0.0354711005542359,0.186092576520736,0.0674128068417549
"Abilene",65526,0.362307051282308,401.814630769231,2092612249.27179,0.02432884849613,0.266467347741127,28.0461538461538,121.586067313474,9.55014245014245,0.0840171746179477,0.190398667832828,0.0668823377624031,0,0.108942659098431,0.0540318156884256,0.164109140701397,0.0688877252934112
"Abilene",65527,NA,NA,NA,NA,NA,NA,NA,NA,NA,NA,NA,NA,NA,NA,NA,NA
"Abilene",66171,0.362233333334286,459.8219,2205447097.70159,0.0215517279533178,0.263907620594615,26.902380952381,91.6622732821757,8.0614134542706,0.0642306368902733,0.189800627722975,0.0034777846504628,0.0266501935145214,0.0762783392618415,0.0762477926828754,0.195379226123964,0.106814186259113
"Abilene",66172,0.360279861112083,450.170416666667,2152743556.97778,0.0276037774519651,0.276855167622368,25.74375,128.968161916884,9.03637566137566,0.058729019814829,0.208706031697255,0.0095475353041891,0.0927702424763432,0.0740181173850186,0.0987598122521647,0.121239120391353,0.0988605174559028
"Abilene",66173,NA,NA,NA,NA,NA,NA,NA,NA,NA,NA,NA,NA,NA,NA,NA,NA
"Abilene",66818,NA,NA,NA,NA,NA,NA,NA,NA,NA,NA,NA,NA,NA,NA,NA,NA
"Amarillo",88757,0.2797125,587.9865,2906704281.6,0.0137773855321522,0.21883549541235,23.35,48.2894845053822,7.27777777777778,0.0016311391160566,0.121593352908613,0,0,0.0388910846983734,0.103854389721627,0.304544765598627,0.0496183206106869
"Amarillo",88758,0.30441212121,426.762545454545,4249031228.50909,0.0168000455861559,0.209592998027802,22.9,44.1889838856773,6.94570707070707,0.0531594112650037,0.359857422018879,0.0574388447077142,0.0327126823826165,0.063435575509138,0.123497780504529,0.217209908815766,0.0935036604914808
"Amarillo",89403,0.322950378787727,484.973772727273,1991676575.12727,0.0178798365363263,0.240931681611321,27.0272727272727,89.4416899000873,11.1494949494949,0.0671702202465554,0.168971687512147,0.254034703424178,0.11352467406299,0.11482900310633,0.0665458826407363,0.164359181923237,0.0906712760875652
"Amarillo",89404,0.297093965517356,485.930211494253,4168801277.35172,0.0228955594963725,0.250287171581696,29.0620689655172,108.045076475058,12.6438910174542,0.10118540601018,0.230613131804714,0.0487700558346552,0.0195601672832056,0.0978697315814677,0.02776504881557,0.167600317062386,0.103126219671599
"Amarillo",89405,0.249891666667143,306.10920952381,4291549746.3873,0.0222131571823519,0.237043047944705,29.3785714285714,106.062523749519,13.7636243386243,0.089752422573874,0.287804995394416,8.48128387678211e-05,0,0.137856571635661,0.0182695981383071,0.113936940279874,0.0645724042646764
"Amarillo",89406,NA,NA,NA,NA,NA,NA,NA,NA,NA,NA,NA,NA,NA,NA,NA,NA
"Amarillo",90049,NA,NA,NA,NA,NA,NA,NA,NA,NA,NA,NA,NA,NA,NA,NA,NA
"Amarillo",90050,0.270665277776667,382.6085875,4294345863.82222,0.0249311293000865,0.279080622519056,27.7142857142857,142.59022159757,15.0027474647266,0.186997872186201,0.283665202717705,0.000224264880729903,0.0413694092708579,0.0570999673545416,0.042911476231386,0.112736765464566,0.0640666796223575
"Amarillo",90051,0.243428819445417,377.785841666667,4291296834.84444,0.0244396264139484,0.2407005832841,28.55625,101.965754261249,13.1568287037037,0.103546161252591,0.33258877202055,4.2019130790213e-05,0.018979330891812,0.122717209785308,0.0338604362734369,0.132537902170018,0.0861575397698116
"Amarillo",90052,NA,NA,NA,NA,NA,NA,NA,NA,NA,NA,NA,NA,NA,NA,NA,NA
"Arlington",66847,0.44061770833375,677.411625,7763164279.46667,0.0227488844041163,0.228862874209881,25.975,65.2578019546598,7.72638888888889,0.041496845100116,0.222579287556513,0.0397001315578463,0,0.0940830079347393,0.0500481231953801,0.10352578066249,0.0859360956318533
"Arlington",67492,0.457770945945946,553.092189189189,6171033230.99099,0.0275186308328733,0.187885350874952,29.1445945945946,73.4776010096688,7.78165486915487,0.0610626936878242,0.224173986468244,0.130569139025134,0.0305447357665352,0.093156839496767,0.0247450120867842,0.120981251784105,0.0741539017935987
"Arlington",67493,0.41154040880566,662.278152830189,7930978250.2239,0.0306037031485724,0.188665329988273,29.1924528301887,71.9086659823989,7.9277815214136,0.0677216030862726,0.301865312715597,0.0852976087761093,0.0176762311325827,0.157463272092287,0.0246406777428733,0.156250970373292,0.0681099858667135
"Arlington",68138,0.447338516260488,441.430269837439,6517278043.9935,0.0351247151871903,0.190078060415278,28.3140243902439,77.9881030819282,8.90221399535424,0.0808123952265489,0.263364512394975,0.100779073595725,0.0359036996585001,0.142180932087151,0.0469444568463128,0.148017921339567,0.132971540210775
"Arlington",68139,0.390053124999917,716.834435,9116246841.74222,0.0382445089727521,0.230348083966722,29.96625,90.9741038565747,8.31387310606061,0.122203544507879,0.318977679390267,0.0519415870914631,0.0198873575254601,0.115878932088976,0.001108538772786,0.191068813146099,0.0897011117421944
"Arlington",68140,0.358482291667019,587.70562211324,7202555315.85641,0.0390998599907308,0.194710461534739,29.7677884615385,79.9413477969047,7.22335546398046,0.111831317901965,0.398589976050907,0.156409955751179,0.0163317819365712,0.215367784243957,0.0073875262292821,0.228884756615478,0.0929760202461892
"Arlington",68784,0.435015591397097,640.146512903226,5558977155.02796,0.0382892695290547,0.210652774380099,27.9684331797235,75.9831959456195,9.30221987540536,0.0767890035808928,0.273514365209164,0.0194572410415678,0.021775208548204,0.124565695449681,0.0515539589032103,0.173084628813263,0.114785295472197
"Arlington",68785,0.41526981982,716.451295945946,5605985072.2018,0.0382325288334276,0.204052931754976,28.7959459459459,85.4156116710881,8.41835049335049,0.142307126157318,0.397261538468184,0.0695264562416847,0.0060235364313558,0.153932214078105,0.0350968313096991,0.19567847217871,0.112482296942126
"Arlington",68786,0.3574963333336,567.33987876,5285332129.10933,0.0373033740028787,0.248369693259398,27.6829523809524,65.9461261048968,8.98390476190476,0.138471271552959,0.436400355247258,0.137074460396714,0.0106725813003649,0.130555928804441,0.0627118173696951,0.289524265114961,0.138320955720538
"Atlanta",76677,NA,NA,NA,NA,NA,NA,NA,NA,NA,NA,NA,NA,NA,NA,NA,NA
"Atlanta",76678,0.5726629629625,560.131305555556,5704557102.93333,0.0721566089593026,0.162769417174988,23.7060185185185,93.7029516386425,12.5912257495591,0.074174350427522,0.150433048813957,0.076384426985059,0,0.15704869761046,0.0622459829226746,0.201604854454524,0.0618174445872392
"Atlanta",76679,0.5267,601.98215,7053943398.4,0.0641346159258184,0.170892500504851,27.5025,85.7522216296616,12.2411111111111,0.0650268970308524,0.326544561994072,0,0.0250161099982663,0.131475167998728,0.0564721388964639,0.203907712740478,0.0687017790687119
"Atlanta",77323,0.626200000001667,373.915666666667,3622727415.46667,0.0706709092079753,0.102768166611592,21.225,43.0642189005153,11.0837962962963,0.0332613234451188,0.308700773585012,0.0146248936571384,0,0.0172035112658501,0.026763512629237,0.128916342753662,0.0547944251841332
"Atlanta",77324,0.452665298507612,957.253813432836,6218414127.32121,0.0645753296720683,0.203566656517449,29.034328358209,116.828948970708,13.8897506515044,0.16481688289077,0.359282272513372,0.191713284003516,0.0565995334530452,0.174171983369198,0.0286998667281492,0.281767798741443,0.068889071284655
"Atlanta",77325,0.514074627976071,1366.65174196429,8553018616.46607,0.0419575872643389,0.206014331031059,29.5982142857143,125.471886819222,14.1911287084278,0.128505640935513,0.374534070460513,0.0707670324408584,0.0279841114874044,0.149391969084557,0.0124499030381383,0.283496586281805,0.0685470780487362
"Atlanta",77326,0.572355324074306,684.998138888889,7587349299.2,0.0606140266247088,0.154782250420087,27.8180555555556,75.8883901723955,12.5789296737213,0.0566878321851922,0.203458888937145,0.0325797099980998,0.0410235554836716,0.144793611157941,0.0554875985376759,0.167697949463456,0.0771140735437497
"Atlanta",77969,0.557503888888,761.840066666667,5297794714.73778,0.0284867052250025,0.18118326763312,23.0377777777778,82.2471458540336,10.8827777777778,0.0588745934667263,0.136692626912683,0.0190028893472191,0,0.0900060976672124,0.0310986784990836,0.0672944781067618,0.0769229896597296
"Atlanta",77970,0.48748333333303,1015.30190909091,6049913435.02222,0.0303338228205031,0.19025751745159,26.6363636363636,68.9521976136283,12.5941778900112,0.111987943297719,0.274128151574367,0.188173797423388,0.260880253663051,0.156502929292796,0.0607899242711529,0.142529258609346,0.0901659567313289
"Atlanta",77971,0.565908012820577,1132.80039423077,7543574773.89256,0.0296039382294595,0.183483692387549,29.3538461538462,81.1254993645395,13.4130507224257,0.0659312492589748,0.276847715513771,0.132483044792484,0.0503207773511986,0.11348108959732,0.0186978410740203,0.152274040266249,0.0484318166018085
"Atlanta",78616,0.503555882352353,1086.9655,4882420440.84706,0.0348814836639209,0.186129030059366,28.5838235294118,76.0303343832632,12.0102532679739,0.0813802680563373,0.226632133727918,0.0228388205881513,0.0562710303437442,0.141734866220521,0.0305466529874799,0.124289887169056,0.0832119297885985
"Atlanta",78617,0.540102032520244,978.093975609756,5689174214.5561,0.0252516372030108,0.190000024328871,26.9524390243902,78.6839727261269,12.408768873403,0.0856377322079918,0.236558727524964,0.0700265747662707,0.0122689791486112,0.143705396036654,0.0613392396988989,0.141926061263694,0.0814414388089238
"Austin",46167,NA,NA,NA,NA,NA,NA,NA,NA,NA,NA,NA,NA,NA,NA,NA,NA
"Austin",46168,NA,NA,NA,NA,NA,NA,NA,NA,NA,NA,NA,NA,NA,NA,NA,NA
"Austin",46812,0.559059523809286,600.3075,5571246166.55238,0.0183776355642243,0.188274070088352,24.6714285714286,53.1399470514248,8.55496031746032,0.0178969175030116,0.203340490379633,0.0290149856393222,0.188544267992792,0.125880235581173,0.0775498386963355,0.137794715482241,0.0936107402118487
"Austin",46813,0.517027947154878,798.646902439024,8237972190.28293,0.0345476255070675,0.174148157874985,29.3146341463415,81.5310704842499,11.4583430120015,0.049459574368311,0.218236358593913,0.151123737396221,0,0.155126384624787,0.019176953563362,0.112214086057904,0.0970948959799596
"Austin",46814,0.4398911858975,801.154976923077,8983717770.01026,0.0367467264889637,0.180786460423126,29.3596153846154,61.9102013925991,11.6869696275946,0.126692990435982,0.354686581996338,0.07772337821145,0.0170968834448871,0.197910515223691,0.0197560348867088,0.208417268904847,0.0772175482162288
"Austin",46815,0.384075,1337.86,7757309405.86667,0.0190592218872604,0.203878000378609,28.2,55.4198125083296,13.375,NA,NA,NA,NA,NA,NA,NA,NA
"Austin",47458,0.513312962962222,577.898555555556,3887196558.22222,0.0160567419357351,0.153731778264046,22.9388888888889,43.4445332363536,8.95771604938272,0.0437719790877373,0.217554480011155,0.265563254298331,0.130689352094149,0.118900366132452,0.100320228196227,0.254433345832906,0.114713617935201
"Austin",47459,0.515922297297568,768.894216216216,6747941131.3009,0.0252555802723347,0.183073999712596,27.2013513513514,79.9620279774059,12.2061668811669,0.0678129138545169,0.308334083733476,0.203991910797686,0.0871167870028594,0.119639636612972,0.062419018949398,0.1267613333011,0.0604719408500788
"Austin",47460,0.445984895833393,1323.21650357143,9651448347.42857,0.0369611444435722,0.211885643175005,29.8714285714286,130.377606964288,14.487895751735,0.0915048080880295,0.34444518884105,0.176095673079872,0.0351718013746184,0.154839020300431,0.0041936744209879,0.270972869674907,0.074670339267455
"Austin",47461,0.477834294872308,768.363280769231,9248066995.2,0.0370389571201649,0.15052684625754,28.3796703296703,65.0624393987278,11.778952991453,0.0742031134785671,0.311902642565075,0.235778992821346,0.0186702956010645,0.206427488057956,0.0395293560479132,0.269438615966286,0.128319436139773
"Austin",47462,NA,NA,NA,NA,NA,NA,NA,NA,NA,NA,NA,NA,NA,NA,NA,NA
"Austin",48104,0.543860416665,495.734,2201371374.93333,0.0108766645746411,0.153418499976397,20.7875,39.7509212191997,8.77083333333333,0.0094415693372899,0.204864403087139,0,0,0.060450680275206,0.0230006013229103,0.0621046404688524,0.0017814726840855
"Austin",48105,0.579941666665,441.8985,4583281851.73333,0.0195112688371623,0.199523001909256,25.5,74.5401870214515,9.55555555555556,0.0037144540413654,0.002556582563643,0.0069645945342116,0.0897728856027964,0.0279466505827362,0.0441176470588235,0.119418664824385,0.136627906976744
"Austin",48106,0.445501960784608,1085.42287254902,10269760358.4,0.0320482107558482,0.234859185914198,29.7,118.480713133678,14.1318429391959,0.101981428676123,0.235251862798516,0.13691393762766,0.0275207536270304,0.0817023225170532,0.009285472953293,0.200251006084251,0.0731147567076735
"Austin",48107,0.443474198717885,846.525063461538,9268999061.00513,0.0340813805048041,0.190071788114997,28.5769230769231,66.4234534608056,11.6392806267806,0.0804180610408919,0.275058491170552,0.20146364579905,0.0316799057075856,0.183892302867206,0.039659902681437,0.287881569361432,0.107035204974201
"Austin",48108,NA,NA,NA,NA,NA,NA,NA,NA,NA,NA,NA,NA,NA,NA,NA,NA
"Austin",48750,0.545713888886667,491.963666666667,2201371374.93333,0.0108766645746411,0.157713000973066,21.05,40.8481286283659,8.77777777777778,0.0110015592908819,0.234713810166198,0,0,0.0554636325687693,0.0237529691211401,0.0716284080248303,0.0021097046413502
"Austin",48751,0.508054901960882,606.406411764706,7411500377.34902,0.0342306190741519,0.183001146158751,28.2779411764706,56.1173508695811,8.89459617180206,0.0901935963106341,0.303267594021032,0.0537887390565209,0,0.111710282512169,0.0476715622543156,0.191029181459077,0.121057846184863
"Austin",48752,0.44155442708375,929.684697916667,8502685843.91111,0.0357479273197308,0.218316156572352,29.4708333333333,75.9451812961531,11.548189484127,0.107127253037837,0.247422453599141,0.138007999895653,0.0148272358283263,0.125424484006528,0.0159460566002167,0.160361812212957,0.128278149800256
"Austin",48753,0.432128546098936,840.446989361702,7358873832.57872,0.0258092406910377,0.191197191226356,29.1718085106383,71.024203196391,10.341706771361,0.0746660272296044,0.290636080121261,0.131213012279611,0.103074538574258,0.185620143657906,0.0248603266345207,0.163527207169971,0.121210065114546
"Austin",48754,0.50509166667,274.896,7315614310.4,0.0222382457556836,0.173894003033638,20.75,24.9989305872581,7.16666666666667,NA,NA,NA,NA,NA,NA,NA,NA
"Austin",49397,0.455131025641231,715.242498461539,4856131524.26667,0.0312683068920882,0.200484784635214,28.6776923076923,62.2836217065684,9.00262515262515,0.0851969671437491,0.227728451342345,0.275184683912367,0.0102026066231359,0.129374744485003,0.0379100098420932,0.197037103982363,0.109311196185327
"Austin",49398,0.489728205128269,732.190182692308,5371765499.07692,0.0278776028844841,0.188529135372776,28.6980769230769,54.5525977811237,8.47148199023199,0.0628863517460972,0.324505491082422,0.173792100892824,0.0981798291900823,0.196219059584957,0.0378094732447074,0.222935460910165,0.12274451802428
"Austin",49399,0.420499484535567,663.646317525773,4834149845.42131,0.0332479201420886,0.18513267065792,29.6757731958763,55.8268833600955,8.71749713631157,0.0994777095177887,0.303107463203501,0.229066512191206,0.0279139449063048,0.182246479352591,0.0100136326511755,0.189301653076083,0.148331284730506
"Bakersfield",89858,0.275569444443333,566.860533333333,5523117590.75556,0.0167004580034657,0.160649662216504,20.9,14.8493150616167,7.66666666666667,0.0442114812763236,0.449791373335648,0.0811453470372916,0,0.346064270770102,0.108452950558214,0,0
"Bakersfield",89859,0.302652314815,893.587055555556,5893905375.76296,0.0394970557640171,0.262707665148709,25.2861111111111,55.1467403433909,10.8737654320988,0.0739680441845225,0.261203387625473,0.0454669525313414,0.0641302309180097,0.153406084559538,0.0900618843604672,0.158994695485574,0.0809561654981881
"Bakersfield",90503,NA,NA,NA,NA,NA,NA,NA,NA,NA,NA,NA,NA,NA,NA,NA,NA
"Bakersfield",90504,0.319384203980149,665.491002695522,3487315647.35354,0.0300638562338016,0.292994717497434,29.0708955223881,72.4516980870965,10.5227769880755,0.0942747232157405,0.374305104509332,0.159201883499926,0.013268670750636,0.1848846645391,0.028285986317929,0.207743012310118,0.118462310803182
"Bakersfield",90505,0.286218042070777,963.98324368932,4882711870.87059,0.0511421144114042,0.30472588242547,29.3058252427184,66.4972615163644,12.1458891971028,0.0855017214030236,0.263798833421388,0.138854983809216,0.0620928779378525,0.147880980830555,0.0214431716389706,0.178560379078179,0.0560418278271393
"Bakersfield",90506,0.256484848485454,440.634945454546,4488858338.13333,0.0485580284381816,0.203817089850252,27.9727272727273,31.5351474071242,10.334595959596,0.148336269119773,0.440416407064453,0.0753386643196638,0,0.138123592141403,0.0585871716843442,0.214979436228035,0.0454489920586438
"Bakersfield",91149,0.309045,406.051,1560760754.56,0.0340260258290628,0.261144605278969,25.74,39.2207288349972,8.15,0.0325173788102056,0.0994472122959923,0.159074536029916,0,0.0358109729795938,0.068997668997669,0.186178062988995,0.121881390593047
"Bakersfield",91150,0.294641262135728,495.811664951456,2722103974.35817,0.0332519674979077,0.272397552481265,29.383102172908,53.2815831377302,10.4285059331176,0.104648758669316,0.312848638472758,0.218493654748087,0.0131675461363964,0.166865617767319,0.0183924891326223,0.185630007306137,0.0970254136894888
"Bakersfield",91151,0.264257193731966,652.17665991453,3273934139.13046,0.0533569711223085,0.291169555189136,29.6526048026048,76.6478129907758,12.2708061999729,0.133949639619681,0.422286665418875,0.207229589376235,0.0367589958237244,0.178463055006135,0.0109365042051166,0.299808978458772,0.10396381899712
"Bakersfield",91152,0.291421794872,899.529004615385,4313156471.57026,0.0515788861144034,0.298311677704064,29.0950549450549,79.0061282088829,11.8639458689459,0.11224939822689,0.273000865844705,0.110953664730955,0.0192664810074593,0.159097588883015,0.0265697447228238,0.218342639370502,0.0748508545254414
"Bakersfield",91153,0.3499,325.807,648756145.066667,0.0509551305554499,0.182418003678322,23,23.5092623292112,5,NA,NA,NA,NA,NA,NA,NA,NA
"Bakersfield",91796,0.30503560606,714.364545454545,102903558.981818,0.0337532615632418,0.308509813113646,27.3848484848485,51.9875642440319,8.27020202020202,0.0899940100905873,0.185371938373016,0.436595035152305,0,0.117630289294189,0.0246102243446495,0.102595820536903,0.0978764746703677
"Bakersfield",91798,NA,NA,NA,NA,NA,NA,NA,NA,NA,NA,NA,NA,NA,NA,NA,NA
"Bakersfield",91799,NA,NA,NA,NA,NA,NA,NA,NA,NA,NA,NA,NA,NA,NA,NA,NA
"Baltimore",125862,0.494156033675676,263.287731957728,2881820459.17133,0.0374359348036408,0.0900385948267727,16.2432432432432,47.6341587957954,8.52481231231231,0.159153701887968,0.642263976826063,0,0,0.43413209631965,0.176215316814318,0.431659948573513,0.159246624046427
"Baltimore",126506,0.557904377070707,464.777188811929,6379720825.347,0.0322104047825559,0.135771888357615,22.0909090909091,57.6940514909541,10.5004028379028,0.0789618065121583,0.521885945552422,0.0752072505569466,0.0854821583583494,0.327061917084041,0.190048634493079,0.369777174242921,0.15209861695515
"Baltimore",126507,0.374058946848485,616.009566428616,9406653546.35778,0.044884978040289,0.173833899877288,26.030303030303,108.145253887366,12.9182960557961,0.220834911658615,0.580049487333923,0.068838652051202,0.0231554661303909,0.265181503714969,0.111969520584189,0.368862523863426,0.112120055138927
"Baltimore",126508,0.28395739272043,406.298357159999,5245588347.88132,0.0436297473056039,0.140109581488603,21.9139784946237,68.7545453867511,10.5074074074074,0.324013158091959,0.719797024430478,0.107662914529995,0.0189672711980361,0.465756489820667,0.215876834763156,0.437264027185723,0.155878552710937
"Baltimore",127152,0.514095117828283,761.81107603402,7820365938.97135,0.0467512741609992,0.200824000223568,30,100.61518354552,12.7187157773016,0.0720422474544401,0.31109441781839,0.0902294589463644,0.0354038207083431,0.172956745491389,0,0.15800776888217,0.0635909486980861
"Baltimore",127153,0.390290909121212,1594.14353095455,11568386924.0728,0.0516176372009537,0.239326443636056,30,213.590335577678,15.0555907709948,0.181902790796035,0.390100738057612,0.0780103719957886,0.0440330988983802,0.165965641525679,0,0.229659106495639,0.0633175611518988
"Baltimore",127154,0.45094065659596,868.718087775253,8308752028.09079,0.045256634997759,0.205150767859786,27.7878787878788,98.3880124631138,12.3442389867895,0.116935470219709,0.493482965276453,0.0358627742101646,0.023022820177188,0.193903425466427,0.0685884655350304,0.321491544121178,0.0963084918197274
"Baltimore",127798,0.582812594693182,473.401507030034,4326892684.60972,0.035863442415206,0.145553624828939,22.9318181818182,68.7150603365882,10.915615981241,0.0626545606997452,0.493175651021805,0.0314155206364529,0.000193521487774135,0.328222100574982,0.173517884494098,0.285995230463406,0.14821659532273
"Baltimore",127799,0.583497822011364,661.629726164841,5804398118.12556,0.0357954729713453,0.165936350526119,27.1136363636364,113.789606235888,12.3722630799335,0.0673448106033478,0.435080539982678,0.0027787732992854,0.000212682308327351,0.250725679763553,0.0865465213746856,0.321775310688688,0.0978037417227508
"Baltimore",127800,0.553229450772727,754.163287763636,5626977946.52579,0.0358792166733567,0.179559635972096,27.75,84.5013412123564,10.891112012987,0.0533837048252229,0.318337399157997,0,0,0.198872069328517,0.0625698012061648,0.209245921822509,0.140009846863497
"Boston",154992,0.520898863635909,826.837146445273,28322831338.6667,0.0385186198147891,0.208043818467889,28.5477272727273,119.39960790055,12.9772450192905,0.0727648118057252,0.299716849209204,0.237571342423306,0.0050135769571659,0.134485799662203,0.0395216796578153,0.132189775091867,0.0628662788553988
"Boston",154993,0.501809601449348,1007.2851846087,18774831383.8933,0.0368191984452068,0.212427283515749,29.579347826087,128.330015491744,14.5360424398468,0.0813999857822987,0.325497190073519,0.232158905565099,0,0.174886792841852,0.0122152296137236,0.160601644141061,0.0438264773727073
"Boston",155638,0.530534009008468,1169.5152350991,26902225981.7503,0.035494808776818,0.193307873062991,29.6882882882883,136.162007809822,13.619547589278,0.0864061137345667,0.518923070930215,0.239456851122039,0.133162627408447,0.216163082500063,0.0100801171384408,0.231066997599001,0.0583894592669187
"Boston",155639,0.382962635281548,2207.91832669881,25455073076.0225,0.0556819637552287,0.252834867819079,29.9071428571429,183.112560743337,14.7137794763518,0.14339870668632,0.365614797806124,0.168219042880615,0.0483941401639506,0.193685415147207,0.0030318711355253,0.193385223793235,0.044977052633718
"Boston",155640,0.342985606062,851.9301712,9098223954.98667,0.0438072730359192,0.135375199466944,26.4,156.187749077181,14.2516666666667,0.237547383603241,0.3791962697893,0.46003322015472,0.0948440466408283,0.327385220129343,0.0939393939393939,0.162952854462965,0.0554321132031341
"Boston",156284,0.426823099415088,2327.88466842105,16569940780.014,0.0297068960769363,0.255210894307024,29.8894736842105,198.845135481249,15.1671913191238,0.12570990264492,0.411908111686482,0.126334474071789,0.0375427347826663,0.169506814381132,0.0035727194372619,0.165546737211133,0.03927201917383
"Boston",156285,0.268780347673839,2509.33773519293,28896129760.3048,0.0409652902061021,0.243262536324307,29.903869047619,198.893220707931,14.7945905174283,0.157092412778678,0.491300189624972,0.0930970715491202,0.089322009258472,0.247490992841331,0.003131935666869,0.269806785148037,0.0741229447727838
"Boston",156286,0.315718036130385,915.789903086154,17962773929.3538,0.0484205840320217,0.155385270481929,29.6038461538462,111.16892252358,12.1724585599586,0.214658977520653,0.599662165398832,0.324942581475985,0,0.339719832221444,0.0119010736783895,0.277946955432708,0.141375508371188
"Cape_Coral",17273,0.4448410151518,334.210548,2096045576.70748,0.0284052811246789,0.258325678855181,29.628,53.9818469196194,8.67611904761905,0.0886357396929262,0.257500277579509,0.243751702106073,0,0.192689233946108,0.0113230727690022,0.153811920390824,0.101307987350792
"Cape_Coral",17274,0.420081751894167,365.375585416667,3051783029.51111,0.0295185049001754,0.238257428175226,29.475,68.7015642816977,10.0821456128748,0.119424702825417,0.318652996945725,0.0337019042073573,0.003142728545086,0.192337896302883,0.0161054124257845,0.152373752680549,0.139343719839972
"Cape_Coral",17918,NA,NA,NA,NA,NA,NA,NA,NA,NA,NA,NA,NA,NA,NA,NA,NA
"Cape_Coral",17919,0.437936851851778,434.353371111111,2519220089.74222,0.0384370342844955,0.245329000552495,28.2255555555556,58.011434338388,9.05234567901235,0.0628080480807009,0.201759923240925,0.195453452560955,0.0521983724632113,0.121584207989728,0.0449378244914205,0.164508900936196,0.117356754496027
"Cape_Coral",17920,0.434672632575682,456.208250340909,2967045426.46437,0.039582347635265,0.273641750294535,29.5397727272727,73.2452293618829,11.9609217171717,0.0717969734272971,0.22977737896732,0.0918162441384954,0.026559435814807,0.161699460010279,0.0142619209987934,0.153745537674922,0.0504197759371647
"Cape_Coral",18564,NA,NA,NA,NA,NA,NA,NA,NA,NA,NA,NA,NA,NA,NA,NA,NA
"Cape_Coral",18565,NA,NA,NA,NA,NA,NA,NA,NA,NA,NA,NA,NA,NA,NA,NA,NA
"Cape_Coral",18566,0.436302678571429,347.208071428571,1166107890.54359,0.0421351908553272,0.242961571684905,25.3357142857143,53.0695954373008,11.4882936507937,0.0405503828299781,0.266305747794411,0.0622956357283265,0.0193445888678972,0.110798482377272,0.0681058439727737,0.0839715918308888,0.0398623759273834
"Chandler",72496,0.3334375,313.078366666667,3409005937.77778,0.0220585959104395,0.291829997052749,25.7607142857143,67.3863978387504,7.5712962962963,0.160107258149745,0.547758875812882,0.283668603246847,0,0.0879131021319265,0.0635542307870049,0.126408924714192,0.161433492315845
"Chandler",72497,0.282412037036889,526.512887777778,3962792920.68914,0.0220585959104395,0.250466210974587,29.0157936507937,76.9028003783144,8.4841975308642,0.0937159572973262,0.451960550405352,0.256174433444948,0,0.18722194036899,0.0282519919365206,0.14861144219784,0.101552389821794
"Chandler",72498,0.257592708334,740.58985,3034351947.30667,0.0215948579507626,0.279739051312208,26.371369047619,78.5287258142748,7.68611111111111,0.060635996748732,0.232911810092995,0.200815484542434,0.0113282916757772,0.107686085852921,0.0801294581289683,0.198150609610234,0.0697009396458258
"Chandler",73142,0.217722719298421,645.543623231579,5983741110.28652,0.0291940725999868,0.291964324602955,29.2363157894737,103.47008362267,13.5678738512949,0.112433680111415,0.364447307419859,0.152529529974345,0,0.0960952331943632,0.0231655124778408,0.194300487206798,0.0667880367362587
"Chandler",73143,0.223759144542743,945.96737079646,6821899216.45714,0.0309359213792592,0.300507894197924,29.916814159292,109.509589911339,11.9428032963431,0.0772014049222857,0.250984808104038,0.0879553102836802,0.0312429603214969,0.117460534595036,0.0027360697870567,0.172532796443943,0.0978123443677823
"Chandler",73144,0.264300175438316,872.173398947368,5524103276.57305,0.0256784788680397,0.253671304175728,29.8247368421053,100.981744872976,10.2662573099415,0.103852166748667,0.26629189413002,0.151445009089053,0.024577792932077,0.150478988810206,0.0056310504675049,0.162108146237948,0.103654646804819
"Chandler",73788,0.206872307692538,1074.97947107692,6932749841.19897,0.0412599897292202,0.313659221392411,29.8158608058608,114.820406179135,13.7449180911681,0.108287611506783,0.383800013945577,0.114182988645935,0.0292436261095052,0.0846721565563825,0.0059267038625076,0.18498249397472,0.0546723529682266
"Chandler",73789,0.205193263888583,1073.99585,7381044291.11933,0.0409254568238396,0.330065350482861,30,113.779674702139,13.0786127645503,0.0978876085537383,0.307590739332621,0.128187672508473,0.0249953302969218,0.0888330106994092,0,0.137974526342575,0.0637253739157197
"Charleston",67683,NA,NA,NA,NA,NA,NA,NA,NA,NA,NA,NA,NA,NA,NA,NA,NA
"Charleston",68329,NA,NA,NA,NA,NA,NA,NA,NA,NA,NA,NA,NA,NA,NA,NA,NA
"Charleston",68330,NA,NA,NA,NA,NA,NA,NA,NA,NA,NA,NA,NA,NA,NA,NA,NA
"Charleston",68331,NA,NA,NA,NA,NA,NA,NA,NA,NA,NA,NA,NA,NA,NA,NA,NA
"Charleston",68975,0.593495833334286,618.442571428571,2851913463.46667,0.0298443213999365,0.188686716769423,22.1214285714286,78.3134150317071,13.1659297052154,0.0308532359947358,0.124353931729625,0.0025160367513367,0,0.13189144310643,0.0228562203053646,0.153853319166038,0.0711293210615053
"Charleston",68976,0.389326406926667,859.432674238095,2856842923.88571,0.0358401351081252,0.232482096978596,20.8746031746032,187.455875997627,15.535689090451,0.184053634365339,0.389369532623373,0.012834580993834,0.0159326932012847,0.157541924146608,0.0589996777358955,0.172501594973017,0.0350881582726917
"Charleston",69621,0.468239035087895,312.811631578947,2284535564.57544,0.0399203245090196,0.21269757888819,21.3526315789474,52.6751830596038,12.0176691729323,0.0868801029765873,0.291946480336032,0.0701314712044268,0.057110000508898,0.137355643012078,0.0410207179274288,0.198241791315023,0.0763340191648661
"Charleston",69622,0.499406666666,293.737,1700362043.73333,0.0497358864963047,0.170441600680351,20.22,69.5179581313405,12.3593650793651,0.0455553923985069,0.216397389501493,0.0741128564145739,0,0.0845952973027385,0.0510385756676557,0.0928329884243315,0.054042946676256
"Charleston",69623,NA,NA,NA,NA,NA,NA,NA,NA,NA,NA,NA,NA,NA,NA,NA,NA
"Charleston",70268,0.553445,460.2908,1132751269.54667,0.0469669508169159,0.200622999668121,20.79,51.0856758021729,9.13055555555556,0.0443115395387075,0.166299217798835,0.352785483064253,0,0.082703193925753,0.0565656565656565,0.197456847100865,0.158685731670216
"Charleston",70269,NA,NA,NA,NA,NA,NA,NA,NA,NA,NA,NA,NA,NA,NA,NA,NA
"Charlotte",88346,0.583451785713571,681.540392857143,4210336466.28571,0.0228816959227251,0.182035537170512,21.7630952380952,71.1041999746802,8.72562358276644,0.0439304744680663,0.182477945349444,0.0197419947992269,0.0368681824481307,0.0698406355281644,0.0238713887174037,0.149636484726641,0.0606537254974754
"Charlotte",88347,0.607900833333,595.0067,4356193587.2,0.0189448654027173,0.184385299682617,22.2,64.4020167181886,8.36424603174603,0.0335294545035352,0.136180600991552,0,0,0.0749449599026595,0.0099099099099099,0.240782886527948,0.0561350988476081
"Charlotte",88990,0.44208333333,555.264,3024958156.8,0.0333115122453991,0.183779001235962,20,73.6456229700722,9.61111111111111,NA,NA,NA,NA,NA,NA,NA,NA
"Charlotte",88991,0.403310784312353,310.602276058824,3291221602.38431,0.0353852483819968,0.242121351115844,18.3470588235294,34.9319155006153,8.13202614379085,0.108213462134558,0.607176665308198,0.0690038789532609,0.0034473257699515,0.0883017956972552,0.0750240461686438,0.358858092694526,0.111018655975491
"Charlotte",88992,0.589262280701316,652.792447368421,5029982294.71712,0.0316231448964853,0.179700105598098,25.0758771929825,75.6362600682749,10.6600877192982,0.0633852201531981,0.198924238214143,0.0451155435678345,0.0624752831672697,0.0927804451761056,0.077584929212998,0.177947564819783,0.103672625299104
"Charlotte",88993,0.597176515152727,605.129272727273,4567770918.01212,0.0263554799438356,0.181243727152998,21.9272727272727,78.1340291121985,10.4558080808081,0.0254411167881215,0.148656986645924,0.112381165029302,0.0511235031535312,0.0514859496301869,0.0104025327905924,0.110703126659448,0.107488116279325
"Charlotte",88994,0.598724999998,505.2752,1295627987.62667,0.0309273572691591,0.167198199033737,21.44,70.8818088621579,8.75,0.0266544184178935,0.119431945205306,0.0746045276662025,0,0.025722747077906,0.0264925373134328,0.188855498128077,0.0761904761904761
"Charlotte",89636,0.50653333333,1413.14,3024958156.8,0.05420791306115,0.23989400267601,20,40.5300373879516,8.27777777777778,NA,NA,NA,NA,NA,NA,NA,NA
"Charlotte",89637,0.522838043476522,629.568065217391,4118460099.89565,0.0435794228102488,0.200772216138632,23.2130434782609,48.6249944287158,10.9858695652174,0.0820009569833951,0.315703715446651,0.157007124607669,0.120136234340932,0.142830150003204,0.085132372940707,0.129506555259039,0.112670751461774
"Charlotte",89638,0.566478109451791,776.078910447761,5875047923.07071,0.033103027937483,0.193201461612289,27.7671641791045,83.4386617883538,13.4003316749585,0.0715279875013605,0.265230728259101,0.0484051187062197,0.002901512093305,0.122973602251727,0.0505267684368952,0.152171715074602,0.0620850933196006
"Charlotte",89639,0.588184583333,781.560725,6061889062.07179,0.0476069040431383,0.161663099005818,27.73125,67.6814044038603,11.7025297619048,0.0639461960286851,0.14898808806571,0.060971239643885,0,0.102912547788243,0.0584460220869957,0.0511062039800403,0.0663515850510547
"Charlotte",89640,0.655037037038889,612.327555555556,5461287611.73333,0.0400784837246156,0.135398666063944,28.1,66.4654664567514,10.1413580246914,0.0150523954920604,0.124150367998795,0,0.104356635876018,0.0898661290424088,0.0347963621984974,0.0878095324267759,0.0434326833985973
"Charlotte",90283,0.562052777776667,531.337916666667,2995571113.11515,0.0747306747250668,0.185805583993594,21.3625,49.9973412388968,11.337962962963,0.0687480746016709,0.214918041014389,0.0440234697724039,0,0.122665204040729,0.029338144463949,0.100115502273257,0.0519259561725874
"Charlotte",90284,0.436454230769538,1033.29835384615,5455614966.13333,0.0551775002977369,0.223687323125509,28.0146153846154,109.494259151282,14.4375254375254,0.108490532421207,0.396679046658181,0.150978986768798,0.0615329159562276,0.123549682307927,0.051734618658477,0.242797583694992,0.059009513194217
"Charlotte",90285,0.5735287777776,767.607373333333,6009023755.3009,0.0508175712966444,0.163769053220749,28.7453333333333,74.8692201990009,12.3323148148148,0.0685266501855816,0.207015691974796,0.095071352818756,0.018889289686219,0.13975027990421,0.0352607573016682,0.136980890406051,0.0820567578689645
"Charlotte",90286,0.623502083335,561.578,5461287611.73333,0.0477956547773111,0.131058752536774,25.05,53.9545104290906,9.625,0.0136084482482653,0.134435020602659,0,0.0337060723398593,0.120783142153383,0.0583832335329341,0.0246567455042414,0.0292207792207792
"Charlotte",90928,NA,NA,NA,NA,NA,NA,NA,NA,NA,NA,NA,NA,NA,NA,NA,NA
"Charlotte",90929,NA,NA,NA,NA,NA,NA,NA,NA,NA,NA,NA,NA,NA,NA,NA,NA
"Charlotte",90930,0.540029761904286,646.135142857143,3513462581.6381,0.0466772224527809,0.17279685820852,21.9214285714286,68.1737141577227,9.76388888888889,0.0962872101721118,0.201946443124206,0.165491384968243,0.0504976963010747,0.0513428182201869,0.0702881348042638,0.262890757881666,0.147484541469504
"Charlotte",90931,0.603251190476429,872.931714285714,3909995233.52381,0.0473823312325343,0.163732857310346,21.6267857142857,79.7994332269981,10.2815547052154,0.0444829209181534,0.277183216565973,0.141653805822947,0.0045657160271044,0.0929682182556626,0.020008374913007,0.17613362128427,0.103234879113745
"Charlotte",90932,0.65295833333,456.037,3839610624,0.0471493558658005,0.188490003347397,21.5,51.5089390776273,6.16666666666667,NA,NA,NA,NA,NA,NA,NA,NA
"Charlotte",91576,0.60150833333,746.794,2495928951.46667,0.0291810585396743,0.142673999071121,18,47.6690118279931,7.4,NA,NA,NA,NA,NA,NA,NA,NA
"Charlotte",91577,0.611022727273636,798.711181818182,2188155046.01212,0.0308145401147767,0.16849345239726,21.4969696969697,59.3882626359594,7.79545454545454,0.0188195512882537,0.13545239043317,0.0767206492101334,0.0481909918032807,0.057350531203826,0.0233231668247174,0.105694140330982,0.0789822422475483
"Chicago",148994,0.4101660000001,472.5512159,8769909068.45867,0.0732347555713218,0.21822252932936,29.964,128.232645385665,13.3982083333333,0.0735412532157898,0.395301905896546,0.161995985072404,0,0.187742214417588,0.0011774128954745,0.22368454180589,0.0450738408668418
"Chicago",148995,0.413281589147209,516.444343023256,7710846661.25891,0.0828453232057337,0.212197489148482,28.0124031007752,141.650324990428,12.9321582379722,0.0832573609728445,0.441165539951136,0.168930500298306,0.0231453070769047,0.196612447618437,0.0570951920651183,0.24408615419079,0.0573990208893555
"Chicago",148996,0.335018508771895,351.120445052632,3699973526.58246,0.0555219554503315,0.245169421184906,29.0678947368421,109.821527071064,8.76614946457052,0.137724417564527,0.573089392160566,0.270174062613412,0.0620839465691451,0.212788727591032,0.027265995839333,0.316044182210336,0.187253451968265
"Chicago",149639,0.413616984126952,727.692085714286,10334302168.9905,0.0446289302698605,0.27394139021635,29.9142857142857,126.317157844935,13.7592981401315,0.0800510519382826,0.270833364321559,0.080265746301061,0.034305674079844,0.129556715446693,0.0027943784963842,0.177375945973409,0.0542018014027228
"Chicago",149640,0.407810416666574,867.156309166667,14056894953.2444,0.0623875885078576,0.280070935272508,30,160.627311519575,13.9815027864796,0.0778248373564084,0.193912507228808,0.0492493921167497,0.0193185986773242,0.115143906587171,0,0.123346575487746,0.0405379574808958
"Chicago",149641,0.371060861423146,678.000371986517,12555917982.394,0.0823184544587039,0.248341258489684,28.7033707865169,122.187532289707,12.8906161670207,0.0698641514156291,0.415725639267755,0.141970738128359,0.024834193003916,0.182784059061482,0.0381171836308505,0.264924192133498,0.0495629794982371
"Chicago",149642,0.308248863635682,449.78395125,6073679469.37576,0.0628197942166261,0.210622363337527,28.1693181818182,101.146896027837,10.1806397306397,0.173482136664186,0.654362663694905,0.265437105444019,0.111576111120791,0.3166452873008,0.047421143542407,0.318018095206564,0.185985102614218
"Chicago",150285,0.303265046296667,980.359855890278,14912320733.8667,0.0473680597624874,0.291763147408212,30,131.373883987858,13.854380723015,0.111415706901705,0.421789350293109,0.180135470544172,0.0117807645006056,0.123822788107422,0,0.141446552230642,0.0517686615523364
"Chicago",150286,0.327060339506482,1514.40058796296,20308064689.6198,0.0811539076299796,0.307680999101312,30,140.911726268658,13.5014209127635,0.105455191146792,0.328954173084948,0.0943578885698657,0.063441530704038,0.096312669135242,0,0.0810274953847075,0.0304589895035071
"Chicago",150287,0.376145781892963,1643.81894144444,12130768641.7909,0.0818383075849471,0.264099778297384,29.5962962962963,134.101366481512,13.2614574991027,0.0794532522459923,0.389613736142012,0.267338101658963,0.0090045416523159,0.186948437725293,0.0123559786652988,0.180241212869868,0.0444163572742711
"Chicago",150288,0.337947222221667,332.485042366667,3288299943.82222,0.0855547948318334,0.0703906672952143,27.3083333333333,77.6225107676671,10.8526234567901,0.196077625534388,0.632858485158415,0.51245617374838,0.0039570076524613,0.540468585007079,0.0357542467704201,0.230190328560931,0.098957222419718
"Chicago",150931,0.304409645061389,1403.72714351852,20905046804.8593,0.0461855415622969,0.295462638001751,30,140.574513547996,14.00131749038,0.153789114739781,0.424521254381658,0.133768158919084,0.0200579655349819,0.120600303157355,0,0.191165634066364,0.0429634231280677
"Chicago",150932,0.245031095678889,1963.73500555556,23029857166.2222,0.0586389210593561,0.320282019536804,30,173.391721459024,14.8624223127695,0.12575130233852,0.415725993084564,0.090950069710597,0.050329931336955,0.0848432924204409,0,0.190680681402485,0.044359030846884
"Chicago",150933,0.311992156862353,2559.29652352941,17723416250.7294,0.0704620094879257,0.249518324785373,28.1436274509804,208.473276102238,14.6046290447026,0.134090898167691,0.440640589117618,0.0515969508923239,0.0622795590375282,0.174447574075654,0.049496373541143,0.133394201063729,0.0507312013280517
"Chicago",151576,0.379964458689231,962.172583760684,11485429499.7698,0.0467109615737655,0.303525060542628,30,148.435235613124,14.3775047601971,0.124549435854606,0.364291336811295,0.266261260000857,0.0287173511155506,0.142152859391387,0,0.152419103485786,0.0418310850586315
"Chicago",151577,0.312567361111389,2144.52756481481,22594723297.6593,0.0553474109132845,0.343649980646593,30,161.626470785579,14.4811762940269,0.138173981263858,0.250342061199314,0.0942638475445315,0.0189572210956887,0.0529447378410065,0,0.137868372992099,0.0396218615261117
"Chicago",151578,0.252663095237714,4028.0049047619,23072456294.0749,0.0403375724442574,0.336638525376717,29.8171428571429,222.289130905557,15.9786398451332,0.10757159093755,0.353680104861172,0.13825138031044,0.0785380423666201,0.0936181932282293,0.0059354980014236,0.143789290553328,0.0469960262537262
"Chicago",151579,0.280057499999,8076.713,18257040366.9333,0.0382058846094794,0.28687249943614,28.365,377.821655046028,16.8505844155844,0.12625532256421,0.340456383679846,0.0427001747146242,0.141308309059061,0.17778849548179,0.0431693989071038,0.237792179477134,0.0451705016204301
"Chicago",152221,0.38570746124,302.330694069767,4114933718.12713,0.0352267358198158,0.278664163270489,28.5684108527132,59.1374883848834,9.38356404577335,0.213720809353313,0.510763030873817,0.231103885597041,0.0065564907076705,0.259327178807974,0.0427900003770454,0.330679156809114,0.131912566173837
"Chicago",152222,0.404656776557033,824.912358544835,9550036916.98169,0.0357273548628846,0.254882858129689,28.8336996336996,123.277930163356,14.236482697197,0.12355144739904,0.431277850881074,0.274046877442785,0.07457233713161,0.208947407828949,0.0345300311762022,0.258196382885806,0.0518841801716163
"Chicago",152223,0.384256790122963,1617.87849074074,18555610240.9481,0.0416617152460237,0.298411491671922,30,172.87855246416,15.2291930677347,0.138209500319832,0.344668475032416,0.196377539197431,0.0420253395054955,0.133909164451788,0,0.0956857409960125,0.0280926034185678
"Chicago",152224,0.334742045454204,3900.82655795455,20463933307.6121,0.0383416167435365,0.323111591733653,29.5462121212121,187.575750319108,15.0133253189741,0.109314359131167,0.326322969812496,0.226992514517106,0.0087495903273896,0.12861899166859,0.0142056380838719,0.115031824793369,0.0468315344628506
"Chicago",152867,0.412058412698095,584.236782380952,7990547931.91619,0.0295116236123588,0.297861410003333,29.3285714285714,102.541681697463,12.011681268467,0.14332297514551,0.353634275249026,0.0071855664370862,0.0216844570431117,0.130361111369231,0.0208163044402693,0.212167578020816,0.106534685596969
"Chicago",152868,0.450197435897521,736.352459952222,7854977549.12821,0.0298855659645407,0.242849693957987,29.7794871794872,127.888553895976,14.0523498620721,0.0775528333843915,0.373321220893542,0.012529425082413,0.0194508097024804,0.210921559314889,0.0072257816359762,0.229498228338387,0.054467766754529
"Chicago",152869,0.46113541666713,698.165483333333,8873755500.08889,0.0317934669224399,0.271444601317247,30,158.276493470164,15.381340632961,0.106102656594484,0.336064008382952,0.0980913822036252,0.0422570235902289,0.142046457309994,0,0.181200616481052,0.0416233912448286
"Chicago",152870,0.444040053763871,1746.85358064516,10830911690.5978,0.0377345088028566,0.26437467769269,29.505376344086,215.724175095712,15.3673900233139,0.0879494595031684,0.445288258132129,0.0593781643341962,0.0018713044876692,0.132282756827847,0.015388413429888,0.136001058510761,0.033779330991501
"Cincinnati",124482,0.518077380952857,503.118714285714,3708389785.6,0.0293674219577482,0.218157147722585,24.7928571428571,64.5802729777587,11.3210317460317,0.0464117887466151,0.204971383189191,0,0,0.138637197582725,0.0474132608964069,0.125551238911232,0.0670095091210447
"Cincinnati",125125,NA,NA,NA,NA,NA,NA,NA,NA,NA,NA,NA,NA,NA,NA,NA,NA
"Cincinnati",125126,0.565020915031765,697.010470588235,6548803717.85621,0.0401761124123099,0.209276724241528,28.3803921568627,69.5676173338571,11.545870940969,0.0431991212595607,0.272150446635819,0.0291323614135518,0,0.165599227225679,0.0441223884883509,0.195281474250715,0.0823922033229664
"Cincinnati",125127,0.399216754386211,831.808123157895,7182945494.60426,0.0531039927684359,0.206197568342874,29.7063157894737,154.709485630005,14.220962000962,0.187428603994075,0.431486701677924,0.0343325274369877,0.0797672349591686,0.220919893339413,0.0091980775794061,0.296437484446055,0.0932471456016736
"Cincinnati",125128,0.485730284552439,730.767258536585,6760055303.90894,0.0272991144791594,0.203652050982161,28.3829268292683,118.010297269032,13.4084330529452,0.10681296582907,0.270202488087359,0.0959311948831397,0.0130001728470818,0.165025553436077,0.0396946660881922,0.240286185305553,0.0742027607015941
"Cincinnati",125129,0.602636111111111,571.181444444444,2552069368.41481,0.0244367805999666,0.187305892507235,22.0333333333333,51.1254418801918,10.0429012345679,0.0174326685081644,0.145972598229742,0.0023265534450413,0,0.0629578155438971,0.00582730991203,0.062456539609873,0.0659584566895793
"Cincinnati",125772,0.535595925925556,773.052333333333,5623684941.74815,0.0381358727933737,0.217008178432783,28.06,66.7395021455883,11.2975470311581,0.0596981893408447,0.172523614463423,0.12126931310403,0.0095109732391303,0.145053281113433,0.047311317019086,0.220549846040226,0.110788970816673
"Cincinnati",125773,0.516861111111333,595.423289333333,6173987679.25045,0.0516891821873832,0.201009347041448,28.04,74.8333361420318,11.7549862914863,0.100691418640907,0.309898602204565,0.103754799171594,0.0856611538574594,0.182864020533936,0.047925820256776,0.28440438124627,0.0705782091497146
"Cincinnati",125774,0.483585774411313,683.441996969697,4971055337.01225,0.0355527028465263,0.229829061437737,29.5969696969697,89.2839106728215,12.8852946856735,0.092948396413053,0.297007001170697,0.144783788103916,0.0218226536199503,0.120559785921443,0.0121259694311808,0.212189759183096,0.0540155877675487
"Cincinnati",125775,0.520752083334,611.5961,3703256792.74667,0.0303350727438528,0.240726153552532,27.435,102.783572399048,13.5730357142857,0.0552564200030177,0.220610685712352,0.0926390088464677,0.0800534734873672,0.0970350861069431,0.0446965554948059,0.142748034073755,0.0528973177152997
"Cincinnati",126419,0.56390617283963,617.032888888889,5105540985.99506,0.0424662215878483,0.217943371446044,26.9425925925926,70.3040780109724,10.8911008230453,0.0373919897693743,0.141652497348166,0.0811966185318012,0.0800946830014309,0.0689646814383667,0.0631276681864351,0.128491774780557,0.10207805295097
"Cincinnati",126420,0.462337142857143,382.347155428571,3388162260.3581,0.0355408887140469,0.253102773002216,23.6528571428571,66.7374908600769,11.5442233560091,0.0950065888253999,0.388271117785632,0.14561225632305,0.002782320919309,0.0714782967792297,0.0849463757236904,0.207836827854007,0.104603001640078
"Clearwater",28246,0.479706385695632,517.702477011494,5179061558.89042,0.0387427752396009,0.236524378538303,29.5938697318008,100.97546797005,12.4549671592775,0.160385832291487,0.274644576017736,0.187013008839915,0.0090369707007163,0.209450894418903,0.0130002321470026,0.166239993701319,0.090847477415496
"Clearwater",28247,0.471244971264397,528.11900762069,4917975592.21797,0.0360196944892252,0.258955681006071,29.7313218390805,70.9890386127151,11.997278667214,0.130239007418502,0.344708718473399,0.102862775451608,0.0114422897342153,0.151509855865571,0.0086198564565395,0.256701241750829,0.0622305911961501
"Clearwater",28892,0.448271537467209,592.513037209302,4377226288.02481,0.0365272879122258,0.215218394951418,29.4651162790698,120.099497477675,13.9521640826873,0.172404840346501,0.289509624715733,0.147619908749286,0.0493196362668934,0.250952485030593,0.016446100475395,0.162226804301832,0.0785051282129574
"Clearwater",28893,0.518851972697129,655.125998019802,4483760842.41067,0.0295461808768517,0.264981080031041,29.7262376237624,97.109152176919,13.2182382523967,0.0801786856086447,0.19654377502969,0.10445428135191,0.0277287395849384,0.117729327200095,0.0086691167826126,0.146492833560173,0.0602886289295931
"Clearwater",28894,0.527390196078824,612.025177922765,3225500006.90196,0.0389270246209495,0.164823649095043,27.1294117647059,74.3878178290883,8.95368814192344,0.193300430642268,0.509769863149603,0.210192350636592,0.0812878642356897,0.33196142960053,0.0703025355849191,0.263941037693892,0.183523105782242
"Clearwater",29539,0.51836802884625,477.695520192308,3619568901.38511,0.0305605236878562,0.232255903860697,29.6543269230769,81.9473371811657,10.9617292429792,0.0835963846700343,0.213086362318069,0.195979346191496,0.0073401090524897,0.173212219344159,0.0109039624469821,0.135670835584827,0.0960845167155103
"Cleveland",146475,0.464213095235714,592.352857142857,5768190156.8,0.0331784084981403,0.235356426664761,28.9071428571429,62.1131027724762,9.15561224489796,0.0406722956294516,0.0862716617129406,0,0.0060370031225827,0.0548632073180709,0.0241448692152917,0.0964998582364804,0.0779630882723666
"Cleveland",147121,0.479847652581831,599.447557323944,7484936531.41033,0.0372553910789889,0.223413760236031,28.7138497652582,71.5794013849523,12.038779901632,0.110891011393023,0.30957241137947,0.148496144796341,0.004720998534208,0.168316966272399,0.0366452111513103,0.187303468622518,0.0812420151782435
"Cleveland",147122,0.403243162393162,779.972568376068,8362683241.04828,0.0509660008722157,0.255542410871921,29.9846153846154,93.3197229361313,12.7267867776415,0.0769515219936776,0.314854704016718,0.0533652210234034,0.0847973506947136,0.13177208842238,0.000508698302438683,0.163009838182653,0.0475161288946408
"Cleveland",147123,0.412418881857595,500.75654164557,8820452070.72405,0.0682047441445026,0.233858379476433,29.2924050632911,86.1329345699276,11.8738585137319,0.0892307690217164,0.428825146125953,0.0490364035088433,0.08040224195542,0.151019908259729,0.0210290355383261,0.2198057015881,0.100016615092081
"Cleveland",147124,0.469403256705517,589.778314942529,8428872362.26977,0.0670228412053662,0.23050606923028,29.2155172413793,88.3367019390286,12.4256783765404,0.0602278988937642,0.256347599822835,0.0746983964311453,0,0.130877374501785,0.0234258006238348,0.141055936131232,0.0372590495827659
"Cleveland",147767,0.408695512822308,1059.67661538462,7888618397.696,0.0383698126176043,0.262353805395273,29.5358974358974,85.1043591737065,13.5456231268731,0.135275799933434,0.263291952840274,0.118652632670575,0.141046651564674,0.124520724353954,0.014387600419374,0.118435310701587,0.039584276714641
"Cleveland",147768,0.328937318840217,1099.07187391304,8572743569.72308,0.064248788798187,0.275849262009496,29.5039855072464,116.045693303559,14.6956706236598,0.178475697048634,0.286438663916204,0.0376239652079047,0.0940758174187411,0.0971389005807873,0.0151985169626138,0.186984102776828,0.0619967913737534
"Cleveland",147769,0.365739606741573,537.923316292135,6455952503.95429,0.0826274025631817,0.223667708602263,29.5631086142322,120.02670472683,14.2775900389664,0.162661663670759,0.403313366768581,0.214792269154377,0.0387069036931343,0.154431109467282,0.0135249676462828,0.171383213629014,0.0675400184068066
"Cleveland",147770,0.506630873015905,694.657942857143,7138807178.17436,0.0508953448485379,0.205691362562634,29.7514285714286,95.2359282366678,12.5684327621232,0.0657588614552128,0.247628351403611,0.133129806555402,0.0301786349725021,0.160284610163504,0.007729349302383,0.151732972967288,0.0391825928262321
"Cleveland",148415,0.49101527778,330.0668,3818676633.6,0.0773185467624969,0.1503646671772,27.7277777777778,132.837623992819,13.3431915306915,0.0289333420060863,0.384931508140507,0,0.0856715976719912,0.208215654657028,0.0292192613370733,0.0376849712133617,0.0229755583296635
"Cleveland",148416,0.460563151041562,509.5501453125,4489088314.53333,0.0659204860625844,0.214665155741386,29.3182291666667,90.7318366995781,12.3497121151418,0.0935660361523305,0.296998239641714,0.358079838795364,0.0436014155774641,0.166069944481342,0.0194885727736227,0.160550615883866,0.0565062221719122
"Columbia",78655,NA,NA,NA,NA,NA,NA,NA,NA,NA,NA,NA,NA,NA,NA,NA,NA
"Columbia",79299,NA,NA,NA,NA,NA,NA,NA,NA,NA,NA,NA,NA,NA,NA,NA,NA
"Columbia",79300,0.497837735849623,535.331549056604,2902395124.84103,0.0423637364148848,0.239881451118667,28.4254716981132,108.148605051772,13.9570804632125,0.120901231684166,0.275957688954647,0.0413779913769336,0,0.0797771666896589,0.0439051362509494,0.229051771466621,0.054835044939083
"Columbia",79301,0.5670666666675,433.168708333333,3159038727.82222,0.0373892909507946,0.209963542719682,25.4208333333333,70.053466738902,12.0416666666667,0.0616723060690321,0.207698580970521,0.0333466593768024,0.060978802032963,0.0756246749489478,0.090606731136972,0.190890893844623,0.0666113994617454
"Columbia",79302,NA,NA,NA,NA,NA,NA,NA,NA,NA,NA,NA,NA,NA,NA,NA,NA
"Columbia",79944,0.613808333335,476.4885,1158224477.86667,0.0297171833249486,0.160551495850086,20.9,56.8588513957869,7.70138888888889,0.0218173425485104,0.0346173097566887,0,0,0.0725421538599472,0.0215311004784689,0.04473452454837,0.0428313796212804
"Columbia",79945,0.578210606060909,599.355181818182,2382726091.24849,0.0455954215568228,0.156763091683388,21.4030303030303,56.5280181406505,10.1869949494949,0.0613629633922517,0.215001502234281,0.01226719541641,0,0.107098496314627,0.0359620557836613,0.198708049405735,0.115685680192813
"Columbia",79946,0.550485344827586,348.255186206896,2930170219.69655,0.0630658340261208,0.192674068541362,28.6862068965517,88.9105651717613,12.9408798576902,0.0427182577933308,0.153177618005097,0.0426586610231661,0.0792355816942299,0.10402807339779,0.0316724075755126,0.104156270159507,0.0423659555976456
"Columbia",79947,0.559163541668125,362.2375,3388878848,0.0434956892314838,0.200612687505782,24.3072916666667,66.7416121437081,11.5124255952381,0.0601377243170664,0.156835488629697,0,0.130902291200647,0.117164104705828,0.0796577030212127,0.119388848643851,0.0699825337529972
"Columbia",79948,NA,NA,NA,NA,NA,NA,NA,NA,NA,NA,NA,NA,NA,NA,NA,NA
"Columbia",80591,NA,NA,NA,NA,NA,NA,NA,NA,NA,NA,NA,NA,NA,NA,NA,NA
"Columbus",131604,NA,NA,NA,NA,NA,NA,NA,NA,NA,NA,NA,NA,NA,NA,NA,NA
"Columbus",131605,NA,NA,NA,NA,NA,NA,NA,NA,NA,NA,NA,NA,NA,NA,NA,NA
"Columbus",132249,0.458314814814815,407.776688888889,3497879594.35062,0.0248685777175031,0.209924037809725,28.8166666666667,75.0823954342757,11.2153880070547,0.0853020124524298,0.397809001180022,0.0074619514895386,0,0.118846886060167,0.0328599275967697,0.162519886824129,0.123488240991304
"Columbus",132250,0.448480555556667,324.445013333333,3675936166.11556,0.0303117094339877,0.202106735110283,25.3233333333333,56.4078815334986,9.77148148148148,0.0973750461958901,0.435067785086623,0.0237094042899194,0.0957716881143657,0.140327966307108,0.0933350884120924,0.130605925918546,0.150897674007252
"Columbus",132251,0.51658125,604.2504,3714679709.86667,0.0355915399521892,0.198945000767708,24.8375,58.4764992108038,8.10654761904762,0.0739829971882448,0.311321597801176,0.0134663449629673,0.0716954502135503,0.0372709914101391,0.0698288877705082,0.130299748739533,0.0443681621264409
"Columbus",132252,0.52616,804.9634,2986566464,0.0313205592944249,0.151524598151445,23.48,44.9686135754996,7.41150793650794,0.0319722137756576,0.125028790128843,0.0698462057687749,0,0.103346390253335,0.0778534923339011,0.179737460760166,0.085083257482465
"Columbus",132894,0.47816698718,785.385842307692,6180687086.93333,0.0295900219557679,0.194889769531213,28.2596153846154,92.2327446480939,9.57784645909646,0.0686334644241099,0.320430175422309,0.0829442739725051,0,0.160910471444606,0.0447692831156594,0.178785760535039,0.117506513370605
"Columbus",132895,0.455859561403684,600.632681052632,7867275995.50638,0.0415011488283044,0.211291527434399,29.5847368421053,80.1160163061672,11.0528267638794,0.0914114691707046,0.369067814538156,0.130400012926484,0.0681043012466303,0.164529146598078,0.0124931531475858,0.251942338256253,0.141529373621892
"Columbus",132896,0.405908333333288,771.580050684932,9373892215.23288,0.0497439341005264,0.223766836401534,28.6511415525114,173.806678392531,14.3333268709981,0.109197609505924,0.350376092668843,0.0531520022211121,0.0137004968657334,0.124499904215372,0.0354141441751021,0.295670145279969,0.103335836594121
"Columbus",132897,0.484724166667,650.263122222222,7102218726.58963,0.0489727352618472,0.207352666556835,29.5233333333333,108.359438559314,12.5438969723692,0.0569956771270707,0.242497197938652,0.111457723976319,0.0422145133541006,0.124689370794017,0.0142724524230677,0.223737573686344,0.0987720684201209
"Columbus",132898,0.524173106061023,606.071717727273,5508757521.06667,0.0379067189266496,0.16019472727732,29.5390151515152,76.1431217678883,10.0619295634921,0.061776983352961,0.290226326861149,0.0326706244070226,0.0078975680525961,0.174761433353029,0.0137712123737924,0.14488265687877,0.102627845126529
"Columbus",133540,0.478676829268049,679.098965853659,4937368860.48,0.0202711693102636,0.21458934156633,28.0280487804878,85.9619350696909,9.01333720480062,0.101191016572816,0.323326593829614,0.177351004877296,0.0490642527358658,0.146986149702444,0.0517179718201045,0.211944296690361,0.121806175742658
"Columbus",133541,0.469677811244096,438.76233253012,6983887425.56098,0.0218150421238846,0.198001096137317,28.6885542168675,80.5553397934564,11.1616840377383,0.122964957362891,0.395072648638623,0.0980856070901829,0.0861999139932806,0.161224058246907,0.0339392553309641,0.289755761347886,0.118028442834974
"Columbus",133542,0.43110826023307,1069.64558684211,8922982081.6236,0.0437556246276482,0.231269570067525,29.7986842105263,161.428987493819,14.1583530464013,0.121066641533732,0.473118636164891,0.0704234765212431,0.0817771517155767,0.137677865993086,0.006492087949374,0.289423385900103,0.0640167971362445
"Columbus",133543,0.490145305163803,497.495066197183,8534901387.94667,0.0463201848183048,0.177236535284721,29.6394366197183,89.5706597058923,12.382500558909,0.0719153984276479,0.364585576450891,0.0969394562687838,0.0248994614301652,0.172961235770712,0.0112982590467725,0.212714919377661,0.0776691608338158
"Columbus",133544,0.531206565656061,574.5398,4228237409.86667,0.0295393649555288,0.17945960638198,27.4636363636364,59.4618386471298,9.40559163059163,0.0671396040165279,0.342639996657351,0.216196934604127,0.0668123909285701,0.18573797748036,0.0627125274593,0.156619572467123,0.0949692457768078
"Columbus",134186,0.506557051281538,599.009846153846,4199095330.78974,0.0214100046393053,0.207818076014519,23.298717948718,86.3283763984334,9.62713675213675,0.0585908057632572,0.259683277721507,0.146682466154026,0.0285807232501346,0.0694730277012553,0.0909887449259044,0.151697526893632,0.0518682294289885
"Columbus",134187,0.535743518518519,752.802455555556,5988653600.84528,0.0231331044671312,0.209403574604679,25.8037037037037,96.8214637178146,10.6835011267882,0.0589836507661333,0.312249513552961,0.117114233080782,0.0844154313022806,0.120464354634844,0.0827498950076817,0.1216399226354,0.125125286414668
"Columbus",134188,0.507232407407407,693.2733175,7233717680.24922,0.0335700029274669,0.205035823397338,29.6226851851852,93.3205874741367,12.1338587595532,0.0737749261138895,0.320208975565306,0.144405016270246,0.0479130438702742,0.132333745477297,0.0120252431848899,0.150799677612884,0.0717388868015245
"Columbus",134189,0.517138973063838,603.102557373737,6122771318.42177,0.032151133689982,0.169757837900008,29.7469696969697,80.399443812743,10.1141333974667,0.0715535392965343,0.349431156369059,0.224978616499455,0.0663412361151222,0.211553169129043,0.0079879938281608,0.175422848855758,0.13674567568992
"Columbus",134190,0.528370833334167,825.357916666667,4912351955.91111,0.0159243735801154,0.188441169758638,27.725,102.374851492639,10.3363425925926,0.0629319159773418,0.25011715456106,0.069676766700993,0,0.147038522205077,0.0374962428614367,0.19789685916271,0.120964250255675
"Columbus",134833,0.548657407407407,736.215074074074,4798347987.75309,0.020298372453879,0.214934556572525,21.9555555555556,88.2980563255346,9.47159024103469,0.0430040492493898,0.273226156930431,0.048927853308906,0.0711395829944131,0.066230319878182,0.0251037137002049,0.101124606920645,0.0905701006128194
"Columbus",134834,0.496152724358654,618.882103653846,4428245474.21699,0.0256206858184335,0.173822883977734,28.1730769230769,83.2660575853335,10.3577915140415,0.0790962767784074,0.400536152698474,0.139812286024063,0.0866496633792543,0.19413581716082,0.0450551325807298,0.189633737376317,0.111895877545133
"Columbus",134835,0.534388596490526,382.325247105263,4335137772.2386,0.0256322119127419,0.164688577777461,28.6342105263158,87.6471973465653,9.91118421052632,0.0594632832178837,0.255932805148946,0.107550515656826,0.122048288953374,0.150647839094573,0.0357697386559865,0.17837187157294,0.10774560585555
"Columbus",134836,NA,NA,NA,NA,NA,NA,NA,NA,NA,NA,NA,NA,NA,NA,NA,NA
"Corpus_Christi",25501,0.231441666663333,356.229,289600256,0.031068937016868,0.215954671303431,19.3,44.032404818528,6.72222222222222,0.0446236752727895,0.259759873564477,0,0,0.0750991085379847,0.0748416810592976,0.134230552558376,0.0661157024793388
"Corpus_Christi",26145,NA,NA,NA,NA,NA,NA,NA,NA,NA,NA,NA,NA,NA,NA,NA,NA
"Corpus_Christi",26146,0.4035609999998,816.51824,5535554032.29867,0.0244655681080668,0.239377719461918,28.164,76.8297538301488,11.3647896825397,0.0854721346779858,0.171198302685804,0.0691028267987324,0,0.0992653596539325,0.0447152393125976,0.165295956451155,0.0886696832705582
"Corpus_Christi",26147,0.0757343749999999,526.661315,1643059468.8,0.0238293367985701,0.112392000854015,21.9875,60.2571485863547,11.3833333333333,0.486674196998261,0.501027664714656,0.441377293460343,0.0133497485657023,0.139540629071304,0.0888288800454803,0.132246298051364,0.0300146412884333
"Corpus_Christi",26791,0.390980476190571,468.776882857143,1736219956.41905,0.0353984392730228,0.216723971281733,28.8814285714286,85.717140368385,12.3132823129252,0.0742308235020897,0.350316658149829,0.181308853719269,0,0.174548448096778,0.0301132710095464,0.296497580856731,0.10610449933674
"Corpus_Christi",26792,0.415162280701974,636.127092105263,3755766185.8807,0.0370296712701897,0.245517236251065,29.7427631578947,106.856218737322,13.5276141743247,0.0813249694326442,0.148963377891956,0.319368270761283,0.0863373684183675,0.110060928571643,0.0081629647566681,0.179612442982691,0.0603755862475615
"Corpus_Christi",26793,0.382870833335,499.234,1643059468.8,0.157142881987256,0.0554355014464817,25.375,68.7240495917357,9.54861111111111,0.13306815832305,0.158446740406302,0.441377293460343,0,0.483259824500392,0.0911330049261083,0.0075120716242325,0.0083636363636364
"Dallas",67494,0.434265873015476,640.568251508405,6252278380.08889,0.0307984449581827,0.153232905381758,28.4988095238095,62.5106877835933,7.16025132275132,0.0670526970779222,0.356559515617246,0.142834052825132,0,0.294232354460865,0.0440096753852549,0.218207908661368,0.109984592194581
"Dallas",67495,0.438744999999556,637.681775555556,5498335493.68889,0.0393709392532665,0.218167423208555,26.0622222222222,87.2927692744027,9.83573833573834,0.0881731736998099,0.223353627061705,0.199049688216435,0,0.0934279820914215,0.0778573594057905,0.156229975931662,0.114833249563719
"Dallas",67496,0.383567613635682,569.072527272727,5874907938.13333,0.0363832485163928,0.231516728346998,23.5022727272727,65.5295837472758,10.9515151515152,0.112578036322804,0.370588775973795,0.14768253564136,0.0130641010573193,0.122717883756437,0.0799201765259206,0.250203801756276,0.167267235162919
"Dallas",67497,0.448129629630556,666.461333333333,4933401410.37037,0.0345772241934477,0.215197277565797,22.05,65.5410308208904,8.28410493827161,0.0509673264721318,0.174956303208055,0.0775624178667323,0.0099679097041368,0.0752880989053475,0.0148232132359116,0.120390811035716,0.120904561721611
"Dallas",67498,NA,NA,NA,NA,NA,NA,NA,NA,NA,NA,NA,NA,NA,NA,NA,NA
"Dallas",67499,NA,NA,NA,NA,NA,NA,NA,NA,NA,NA,NA,NA,NA,NA,NA,NA
"Dallas",68140,0.358482291667019,587.70562211324,7202555315.85641,0.0390998599907308,0.194710461534739,29.7677884615385,79.9413477969047,7.22335546398046,0.111831317901965,0.398589976050907,0.156409955751179,0.0163317819365712,0.215367784243957,0.0073875262292821,0.228884756615478,0.0929760202461892
"Dallas",68141,0.416874774775676,562.21793075073,7154144546.59459,0.0389201788440216,0.196433432758912,26.75,85.1637349723865,10.4527527527528,0.132611574513971,0.437598159463114,0.216604102842273,0.0064593569957329,0.270727356129492,0.0738215356048142,0.329550565394099,0.184702888537293
"Dallas",68142,0.440724709302093,799.843046511628,8118349855.75194,0.0389304710668366,0.250599231830863,28.8052325581395,122.931933399471,13.0732581210779,0.0626390492079703,0.171819807200371,0.134293906110826,0.0039278922989998,0.124344712388718,0.0348142515495661,0.179980960706922,0.0528552120133539
"Dallas",68143,0.480986507936667,669.557953347619,6265366762.05714,0.0366064115471694,0.192901522630737,27.6619047619048,74.9670821721511,10.7179988662132,0.0619433494544383,0.221802092478965,0.0758861863319962,0.0032604391956729,0.178311881993045,0.0561116166211707,0.146889245393925,0.0665507162567704
"Dallas",68144,0.469566530054426,687.974039344262,6283417077.36831,0.0350582782742972,0.193209230289107,29.8672131147541,72.5485762143019,12.1019505160899,0.052962460727727,0.170648273217898,0.099591208917135,0.003130064778539,0.134666825239528,0.0041705695459343,0.15185909798343,0.0610756703870131
"Dallas",68145,0.460414189189189,612.904851351351,4704441763.97838,0.0337444483060059,0.15049867628998,28.1081081081081,50.3845968180755,8.37357357357357,0.0383280671835126,0.271233670390927,0.254726935652383,0.004791156915727,0.203726877126287,0.0507900207900207,0.244199136270753,0.189784803452139
"Dallas",68787,0.402158783784054,471.012474324324,5434619755.93513,0.0379402418041901,0.248870634565105,27.9877091377091,60.3927551881781,11.3310462247962,0.125517664776016,0.450800059870747,0.223022862033872,0.0092950795086804,0.18042170347184,0.0506374665812183,0.297836720272264,0.128259087049104
"Dallas",68788,0.371932193732222,926.044096581196,6484091170.42507,0.0371416653475238,0.242083118713071,29.8581196581197,112.617469977323,14.7023870162759,0.136686552042346,0.558361294003728,0.333912638646107,0.004919764578228,0.214553083826582,0.0045861818060821,0.316986374693562,0.0565357181906981
"Dallas",68789,0.429515865383942,930.113744493269,9752724460.9641,0.0379029221936725,0.212967905560687,29.333836996337,127.065994169949,13.6732795894455,0.153123846321178,0.449487204303294,0.103215824821322,0.0078619639287858,0.240425706451734,0.0202977278040377,0.233115897501018,0.106355865065586
"Dallas",68790,0.400150555555667,726.210818333333,7756873085.15556,0.0350792254006967,0.2200261255571,30,84.4282688217052,10.1633763227513,0.126848016811102,0.319117404125577,0.0011517069091954,0.0163796672051138,0.139815917691843,0,0.198196968577165,0.12064833809913
"Dallas",69433,0.346452294685942,653.843865507246,5878506243.95749,0.0302384984524493,0.269124594827493,27.2521739130435,70.7053864105959,11.4038532321141,0.139828936374412,0.418852959743243,0.08991576128236,0.0423625726151295,0.161193410986285,0.0737863359322253,0.316181316689231,0.125192327176042
"Dallas",69434,0.421607101449304,586.693226069565,7329310161.54899,0.0284783280518558,0.269084009139434,29.7686956521739,94.1240913037997,12.8015138967313,0.14846772215989,0.473828328967968,0.0933055143198682,0.0284207309645862,0.162149035342722,0.0074949643248131,0.207932807965822,0.0870114004635717
"Dallas",69435,0.446959861110667,886.9200450675,9200545918.00889,0.0258682853311507,0.242444209312089,30,119.731312839445,13.1745339305756,0.096289435531527,0.425836609555796,0.0536748788515912,0.081373378737708,0.205826032131509,0,0.168595839127576,0.0747571518310001
"Dallas",69436,0.398237708332833,720.877103333333,9077065438.43556,0.0345629468034832,0.248176498897374,29.985,103.377860104491,12.2029012345679,0.141177439505201,0.265291736609048,0.0401230651330447,0.011956099035932,0.129893919174,0.000496081374020344,0.194752465506526,0.0781683089031795
"Dallas",69437,0.4256673076925,624.561980961538,6798714075.24102,0.0375710738936324,0.191793711569447,26.9413461538462,93.3512284084678,10.1950396825397,0.0818818908665053,0.291739038119527,0.158460180791154,0.0094992506421577,0.172047748956009,0.0748798205613223,0.153135803281836,0.110731429028112
"Dallas",69438,0.287686904762143,405.0386417975,2294064880.15238,0.0273542782922465,0.14668850065209,21.6357142857143,93.7349970951879,9.28769841269841,0.220080231777976,0.432081134795654,0.164801543587408,0.0552954428866913,0.280748294590277,0.0323067490449464,0.218124994418135,0.0986205633716849
"Dallas",70078,0.342721226415472,304.795272692453,4216573350.80252,0.0202417764418015,0.225673829574349,27.672641509434,62.1617107671259,9.94632374962564,0.150598586164609,0.53375529846707,0.147162829474284,0.0590436867265065,0.186217538304772,0.0614440944547611,0.302669628958923,0.131538180173765
"Dallas",70079,0.357578112450482,706.430239156626,7824155328.25703,0.0295052173849066,0.247585348179003,27.378313253012,79.796538012365,11.591712086441,0.119066060951803,0.453774500814266,0.15073234528775,0.0080432410093355,0.17224721378213,0.0663488313401467,0.308011495904696,0.132787244767001
"Dallas",70080,0.396905486111333,730.128853333333,9586444898.98667,0.0301337758286081,0.26866529074808,30,102.425248352058,12.663778659612,0.13756165391007,0.406665090772836,0.0563150740283014,0.0084636908819724,0.132986955796863,0,0.190978314121115,0.098221840732275
"Dallas",70081,0.3997055555555,804.116541666667,8331628882.48889,0.0330693675748452,0.261791300897797,30,101.214412022661,13.2324787596663,0.110990613460344,0.377253215921524,0.0972504354542421,0.0336569717916279,0.115047100867871,0,0.152535255088431,0.0475465438498226
"Dallas",70082,0.36545550314434,740.347635849057,6803295462.56101,0.0377854832948822,0.268140876525134,29.6438679245283,90.9968748891031,12.3590323722399,0.112979935235799,0.272647552141399,0.0959033339821056,0.017764407277917,0.122396037692994,0.0112776717800758,0.187260225737555,0.050611600769102
"Dallas",70084,0.321190804596896,459.117005695345,2155634260.45057,0.0262730434193327,0.176465898222322,21.5844827586207,84.2175302312104,8.777969348659,0.201413771384094,0.331744362003963,0.265367124198726,0.016667271612271,0.252816883781735,0.0415368639667705,0.1485219754582,0.0872194574239036
"Dallas",70726,0.383241740413009,802.516026548673,8024900209.27434,0.031079698580163,0.244342149820475,29.9800884955752,107.933754723577,12.5130753382966,0.09141669186373,0.366778700782228,0.118031037340809,0.0022638060145359,0.11235968331592,0.000658280125621791,0.154670959288055,0.0737299307011894
"Dallas",70727,0.367299375000333,656.77754,8483350114.13333,0.0304400001696825,0.245920433228214,30,121.96994643783,13.3533360890653,0.0910013469184903,0.28240870852726,0.0556150561205037,0.0143594322316572,0.129289497594026,0,0.179129080160378,0.0531506831702918
"Detroit",154858,0.404967907801809,808.660654255319,4127414807.30609,0.0472270944904525,0.255270276773483,29.7042553191489,109.512235298745,8.63264355817547,0.066030666939642,0.22610332305082,0.108117116949285,0.004827193251563,0.10308837660569,0.009461768116958,0.132693547524111,0.0861787214532147
"Detroit",155503,0.443113996763883,720.739792038835,4656189999.35163,0.0446615502638641,0.245006302028026,29.8980582524272,103.367439263343,8.76179180851511,0.0562154831270377,0.264749893166025,0.0477186416964155,0.0231354416945856,0.150622605410155,0.003314117630368,0.116465612502655,0.103101351961167
"Detroit",155504,0.348498637820673,572.006324795308,4614571735.73592,0.0504085021863329,0.233309471872277,30,88.7777711336856,10.9454218813594,0.101959933742795,0.540530680896159,0.0894343946053054,0.0372407069278936,0.165318366470637,0,0.158807503613379,0.134713319715779
"Detroit",155505,0.2918406944435,564.929900966667,4426481478.58079,0.065276320410272,0.237941500296195,30,111.750076926635,13.3717745911496,0.110622717335443,0.510584440013003,0.0883294693168885,0.0171908503934382,0.130299840408329,0,0.164746236639293,0.0763416136656011
"Detroit",155506,0.10003611111,1501.939,4538286131.2,0.048964792490796,0.213329170520107,30,193.652528766862,16.6213293650794,0.403965234780818,0.165745930945117,0,0,0.249588864720047,0,0.05374039516715,0.031190997733915
"Detroit",156149,0.466649915824747,635.136098989899,4597776803.94343,0.057757966416972,0.217461606619334,29.9,89.135130217983,10.5904453384251,0.0668183027741677,0.289883664350953,0.0950724009661384,0.0722365301844569,0.207334769394495,0.0031960427217344,0.158786486292969,0.107318784762907
"Detroit",156150,0.402868750000185,806.008649074074,6160026433.42222,0.0734827298147359,0.277343157816816,30,106.8353652617,12.7528694556472,0.0696006609347577,0.279630961307178,0.0168018329322481,0.0497946246042183,0.0933146523578105,0,0.113083799776931,0.0352871579034183
"Detroit",156151,0.356214120370278,705.883909722222,5297334061.51111,0.0784001713392246,0.238359991667999,30,119.19416519749,13.294683051859,0.103075697426514,0.458504873372929,0.0579977925589185,0.0320854129449823,0.129841516260353,0,0.161831041065476,0.0519558538572042
"Detroit",156152,0.380485652921031,507.763633587629,4808133594.17182,0.0726187385358238,0.209399721978866,30,117.259461610353,13.1375735757179,0.166207777597149,0.541228887778213,0.0341129665050471,0.0167900956958904,0.155660621764314,0,0.185485962637206,0.0625871306426419
"Detroit",156153,0.484174186992195,620.971680487805,4320630463.89594,0.055512060475472,0.248746050021997,29.8252032520325,104.135041993982,11.7169919285773,0.119226682882964,0.254883625708271,0.159418545129037,0.088890551577259,0.123311645169305,0.0055914393136026,0.126654758609722,0.0602006079134948
"Detroit",156795,0.481847222223016,700.338458730159,4493239710.83011,0.071758572876769,0.226432906493308,28.7309523809524,96.5999782061867,10.6925222558159,0.0356851117743318,0.205306378495909,0.132749753951758,0.0161341325850732,0.123732863368838,0.034121656728767,0.154305929881095,0.120738603125273
"Detroit",156796,0.421912580127981,864.232528846154,6774803394.02977,0.0741819011283822,0.281269451460013,29.775,119.930542911821,11.999974357907,0.056723252733532,0.177326147697866,0.0228223048311365,0.0060494906866209,0.0843804738669382,0.0071710163504389,0.120751327517877,0.0823124823369252
"Detroit",156797,0.407412808641759,678.909693518519,6767894806.17072,0.080320628994709,0.247881732467148,30,92.2603133651304,11.3586756564766,0.0832833445175958,0.334375424347454,0.0390956840313073,0.0377747186979924,0.139906469676039,0,0.168659664116878,0.0977988663107884
"Detroit",156798,0.41245292022735,626.771712820513,7045318128.69885,0.0896219118856497,0.260893795034315,30,107.125779271271,11.191390194168,0.0762079376470697,0.357953800427527,0.074246219028489,0.0656814955419824,0.115870721677476,0,0.171776433745931,0.101446390059557
"Detroit",156799,0.474165120274742,770.815847319588,5746469373.77778,0.0600806904873617,0.258873836915057,29.839175257732,101.461624590215,10.1278703207827,0.100082336647403,0.230021719564585,0.208363585968536,0.0195614207518913,0.107487190225695,0.0052515201768933,0.130546124671763,0.125387792370217
"Fort_Worth",66843,NA,NA,NA,NA,NA,NA,NA,NA,NA,NA,NA,NA,NA,NA,NA,NA
"Fort_Worth",66844,0.41118115941913,730.04052173913,3137789789.49565,0.0316439080967673,0.210582784984423,21.5282608695652,88.2543229018271,8.10039682539683,0.0525046950823378,0.170942972438156,0.347377691101681,0,0.0680114229696496,0.0387585667935496,0.100469736877356,0.0801590816927239
"Fort_Worth",66845,0.449544999998,548.3338,1740521267.2,0.0316439080967673,0.21981860101223,20.06,95.078169997334,9.23015873015873,0.0309928186625632,0.0710263711629668,0,0,0.0574899541252543,0.0344965104685942,0.0646092427010672,0.0456233877901977
"Fort_Worth",66846,0.4705208333325,560.74075,5493954039.46667,0.0236985565601336,0.178697496652603,20.125,45.8552486393531,7.24444444444444,0.0182444100053455,0.0644405413731746,0.0731752171772858,0,0.0937702058657195,0.0555900621118012,0.200615101728528,0.0736196319018405
"Fort_Worth",67488,NA,NA,NA,NA,NA,NA,NA,NA,NA,NA,NA,NA,NA,NA,NA,NA
"Fort_Worth",67489,0.38585,856.7415,6125495637.33333,0.0235777537706095,0.214268006384373,26.85,90.2204491084924,12.3541666666667,0.0182497516262796,0.161944122001794,0,0,0.037523099640055,0.0251396648044692,0.0179717875818276,0.005902192242833
"Fort_Worth",67490,0.379836144578072,768.469801325301,7995722434.10763,0.0372957270547491,0.209056952362319,28.7126506024096,92.6113267057106,10.9197121820616,0.0630130525141157,0.238495263146607,0.0843229085659636,0.0127909435284244,0.126267833694487,0.0370649456816418,0.179301901122991,0.122333520095328
"Fort_Worth",67491,0.318086594203043,313.286743913043,5441841384.9971,0.0358545536820311,0.189430782976358,26.0173913043478,47.5049687340436,10.6955314009662,0.171836987834582,0.449437970517427,0.133954423193755,0,0.187555342877967,0.0829312950476633,0.22420214643346,0.0821147483598505
"Fort_Worth",67492,0.457770945945946,553.092189189189,6171033230.99099,0.0275186308328733,0.187885350874952,29.1445945945946,73.4776010096688,7.78165486915487,0.0610626936878242,0.224173986468244,0.130569139025134,0.0305447357665352,0.093156839496767,0.0247450120867842,0.120981251784105,0.0741539017935987
"Fort_Worth",68134,0.33829166667,711.51,510970882.133333,0.0328796149585423,0.152379006147385,21,59.3853918731814,5,NA,NA,NA,NA,NA,NA,NA,NA
"Fort_Worth",68135,0.39533395833425,677.455671025,4518336249.22667,0.032647068428844,0.19593997602351,26.9825,91.2797258896368,10.8187996031746,0.0928882516531652,0.309900138569919,0.189162441770527,0.0069449686409068,0.174776037729805,0.0712475678680626,0.142862584467684,0.182139706657741
"Fort_Worth",68136,0.390215598290385,726.194025641026,6726484372.34872,0.0305922283718139,0.239778666733167,27.8070512820513,140.019509819481,13.4301103988604,0.108107314816191,0.2190264143658,0.0147997457286424,0.0405828439093969,0.112053870919563,0.0551427755720155,0.195137222605716,0.0689527348029008
"Fort_Worth",68137,0.394609132420411,634.690379452055,6475718794.40365,0.0411623425844775,0.20142798615645,28.5821917808219,103.597881303554,12.8691210045662,0.090791123098488,0.218302520527661,0.0250817426649792,0.066202623826542,0.144027576004536,0.0367358327670707,0.181908748698156,0.0675054811436948
"Fort_Worth",68138,0.447338516260488,441.430269837439,6517278043.9935,0.0351247151871903,0.190078060415278,28.3140243902439,77.9881030819282,8.90221399535424,0.0808123952265489,0.263364512394975,0.100779073595725,0.0359036996585001,0.142180932087151,0.0469444568463128,0.148017921339567,0.132971540210775
"Fort_Worth",68780,0.380458333335,744.8785,510970882.133333,0.0304749227185242,0.153585501015186,21.6428571428571,73.5289556388605,5.3,0.0554156171260303,0.0223986193721526,0,0.0394536232663916,0.0039277629067419,0.0148514851485148,0.0961768302214544,0.0283018867924528
"Fort_Worth",68781,0.393884876542963,629.794592592593,1296225719.46667,0.0296733586385182,0.186044000089168,27.5203703703704,74.6711470355875,7.0803840877915,0.0750869292383344,0.258133214413728,0.0947343139167391,0.0360172274293007,0.156195713030125,0.063759088185439,0.151032025551023,0.132577323138389
"Fort_Worth",68782,0.402222222222898,628.877942028986,5875904593.62319,0.0346332197786937,0.211051056782404,28.6429606625259,105.496047089894,12.5503297293152,0.120870774977906,0.340245132524136,0.0232091993079775,0.0033632944027324,0.192478159167451,0.0353259658304542,0.167981720263788,0.104889030679848
"Fort_Worth",68783,0.416905864197593,653.677064814815,5204557801.24444,0.0353430925290229,0.229704093326021,27.9604497354497,97.225852353903,11.1425546247306,0.0781211334781193,0.313892042450931,0.016635689608632,0.008685219778066,0.082308805012014,0.0513738839487132,0.18195621469037,0.136991292331729
"Fort_Worth",68784,0.435015591397097,640.146512903226,5558977155.02796,0.0382892695290547,0.210652774380099,27.9684331797235,75.9831959456195,9.30221987540536,0.0767890035808928,0.273514365209164,0.0194572410415678,0.021775208548204,0.124565695449681,0.0515539589032103,0.173084628813263,0.114785295472197
"Fort_Worth",68785,0.41526981982,716.451295945946,5605985072.2018,0.0382325288334276,0.204052931754976,28.7959459459459,85.4156116710881,8.41835049335049,0.142307126157318,0.397261538468184,0.0695264562416847,0.0060235364313558,0.153932214078105,0.0350968313096991,0.19567847217871,0.112482296942126
"Fort_Worth",69427,NA,NA,NA,NA,NA,NA,NA,NA,NA,NA,NA,NA,NA,NA,NA,NA
"Fort_Worth",69428,0.325465123456296,644.935114814815,4148067157.33333,0.0312607967471823,0.232856406657784,22.1092592592593,61.0014384464312,7.62256025867137,0.081530814697629,0.392847200228139,0.0988936405533033,0.0080773234058025,0.112859596662303,0.0784915915161329,0.296501205379579,0.117997153947015
"Fort_Worth",69429,0.371371608527326,765.854647244186,7956057586.10853,0.0297969695908254,0.219585080869323,28.2802325581395,97.5233863158261,9.26769718223207,0.086020643888059,0.272641093330036,0.0505532798877358,0.0090560803448934,0.121905092614739,0.0501112542228316,0.189541299299842,0.110853777391721
"Fort_Worth",70073,NA,NA,NA,NA,NA,NA,NA,NA,NA,NA,NA,NA,NA,NA,NA,NA
"Fort_Worth",70074,NA,NA,NA,NA,NA,NA,NA,NA,NA,NA,NA,NA,NA,NA,NA,NA
"Fort_Worth",70075,0.365114969136482,756.332937037037,4385471846.4,0.0261459816443071,0.202798870012716,26.7287037037037,83.4246399765721,8.95174897119342,0.0669557454256943,0.250833676146467,0.291762035657585,0.0214624131311573,0.0762863996060165,0.0742735842157327,0.159599776520484,0.0891617790343239
"Fresno",102770,0.319791666665294,668.587764705882,5054622907.73333,0.0601410830085671,0.265753470799502,29.2588235294118,89.5949781763103,13.1679271708683,0.109231833910143,0.274700579433392,0.0247430998126926,0.0219810751237625,0.12804777372302,0.0221386503938125,0.223479801377172,0.07806974351659
"Fresno",102771,0.272847740113559,581.057001694915,4746852944.12655,0.0561032564476444,0.258118542321658,29.5898305084746,59.8524239025117,10.7917843691149,0.16564948985823,0.442029700540546,0.0452488636735799,0.0246704179443632,0.130333115909957,0.0127414754247967,0.324394415339504,0.14560317868474
"Fresno",102772,0.386030303030909,742.777454545455,4291004296.53333,0.0424930303990465,0.199855639175935,29.2636363636364,54.1337588374825,9.91919191919192,0.0915820422616293,0.269538637603121,0,0,0.0982179193845749,0.0208421587731932,0.101085564132119,0.0786891316422884
"Fresno",103415,0.314952564103846,895.809769230769,5242965947.73333,0.05565657211782,0.205827925067681,27.8736263736264,62.2246962296709,9.77393162393162,0.0692120757059312,0.179962143404931,0,0,0.137580769369843,0.0459900832461447,0.157159723580934,0.139585568556755
"Fresno",103416,0.3066658333332,810.322818,6009998863.85993,0.0584954025432371,0.293377361148596,29.625,89.0785479498294,13.3750383597884,0.114794768463888,0.320310741934457,0.0777155675759105,0.0059181842362188,0.171911132320092,0.0118343580470162,0.178302437017167,0.0834804113205826
"Fresno",103417,0.2883271505375,945.451203467742,5720160060.08022,0.0565361599094327,0.312030629570326,29.6793202764977,90.4418606415287,13.6543309438471,0.0860252735607495,0.273879539500222,0.0901026129017135,0.034474407617116,0.142784904282812,0.0103104568892299,0.146604156984402,0.0552823871082055
"Fresno",103418,0.322162398373902,750.930748780488,3991182038.99837,0.0412005881517692,0.283260074512261,27.4691637630662,70.8941109625394,10.6549409601239,0.096999782984821,0.262043025535066,0.178377805975447,0.0030604399650596,0.135397166567855,0.0648826615998872,0.16503118745816,0.113499234202193
"Fresno",104061,0.311850757575909,723.405436363636,2463779325.47879,0.0438364486236005,0.231257089159705,27.8045454545455,72.5553407407327,9.53295454545455,0.0964029290171973,0.350709727059564,0.512735306046067,0.0367692884015073,0.191245020030823,0.0547059610325917,0.160534940705152,0.0940342752835302
"Fresno",104062,0.355070512820513,616.565600512821,3357635718.1368,0.0452823142012949,0.315360769438438,28.4371794871795,89.011306267178,13.2230336792837,0.114363305649802,0.347271070314524,0.437005743229342,0.0654936133891993,0.0974963885642168,0.0460951218356204,0.11672210780903,0.0864068976297944
"Fresno",104063,0.33032858187193,765.575735087719,3085742580.44602,0.0482399160032509,0.301682131427234,29.4118421052632,88.985805128208,12.6627483059501,0.0893347704181759,0.277044598495501,0.338786050286623,0.0493705505883377,0.140977732818533,0.0180193508570483,0.143319236337144,0.093709349067261
"Fresno",104708,NA,NA,NA,NA,NA,NA,NA,NA,NA,NA,NA,NA,NA,NA,NA,NA
"Fresno",104709,0.374745833334375,789.9985,1574666344.53333,0.0429170445100932,0.30683543626219,26.80625,99.5378141937423,10.3074156746032,0.0651471066477622,0.168277465479365,0.0069450462556504,0.0984438313374954,0.103556255931469,0.0647441128468174,0.0838698170905333,0.0743155896966999
"Gilbert",72498,0.257592708334,740.58985,3034351947.30667,0.0215948579507626,0.279739051312208,26.371369047619,78.5287258142748,7.68611111111111,0.060635996748732,0.232911810092995,0.200815484542434,0.0113282916757772,0.107686085852921,0.0801294581289683,0.198150609610234,0.0697009396458258
"Gilbert",72499,0.259442028985217,789.080891304348,2689265855.44348,0.0231777120812569,0.287524259608725,27.3086956521739,84.6104547503965,8.25157004830918,0.0656664671039473,0.305677796997347,0.260467030786713,0,0.08757324584583,0.0598215460013982,0.214172886301004,0.0898710663988001
"Gilbert",73143,0.223759144542743,945.96737079646,6821899216.45714,0.0309359213792592,0.300507894197924,29.916814159292,109.509589911339,11.9428032963431,0.0772014049222857,0.250984808104038,0.0879553102836802,0.0312429603214969,0.117460534595036,0.0027360697870567,0.172532796443943,0.0978123443677823
"Gilbert",73144,0.264300175438316,872.173398947368,5524103276.57305,0.0256784788680397,0.253671304175728,29.8247368421053,100.981744872976,10.2662573099415,0.103852166748667,0.26629189413002,0.151445009089053,0.024577792932077,0.150478988810206,0.0056310504675049,0.162108146237948,0.103654646804819
"Gilbert",73145,0.262968421053158,1196.73115263158,3967576639.32632,0.0239724322657857,0.261781050186408,26.9289473684211,117.952542752344,8.61111111111111,0.0713081839944386,0.260393828607998,0.0627763669114041,0.0194461939716305,0.140113617033174,0.070082858862195,0.158325108679037,0.0877848270931998
"Gilbert",73789,0.205193263888583,1073.99585,7381044291.11933,0.0409254568238396,0.330065350482861,30,113.779674702139,13.0786127645503,0.0978876085537383,0.307590739332621,0.128187672508473,0.0249953302969218,0.0888330106994092,0,0.137974526342575,0.0637253739157197
"Gilbert",73790,0.243867577031176,824.695764705882,6223647324.20339,0.03032622863683,0.302271035413782,29.9848739495798,125.24142638875,12.4268557422969,0.140853294248315,0.246395623691364,0.178537846542703,0.0403970494332418,0.129256531469356,0.000500216901961727,0.177790265493246,0.0778908225552027
"Gilbert",73791,0.224342525772887,674.047997525773,4589233310.57778,0.0305305925055266,0.277074567666373,29.9814432989691,123.285251221877,9.91554778268696,0.135489382995499,0.316838591778425,0.184211380608473,0.0265587381757895,0.136340813769883,0.000612558730131722,0.121933515945203,0.123301339338507
"Henderson",95716,NA,NA,NA,NA,NA,NA,NA,NA,NA,NA,NA,NA,NA,NA,NA,NA
"Henderson",95717,0.15022187499875,730.230375,4325690276.26667,0.0268343543074726,0.336485501378775,26.4866071428571,71.2920137776894,6.88263888888889,0.0344707134564246,0.307075031800752,0.121225249731142,0,0.0533612387313277,0.0662186077869543,0.170012570215075,0.0460473211583089
"Henderson",96362,0.170874444444667,1175.32462888889,5200418637.74815,0.040332122683751,0.29276720037063,27.4007407407407,124.158195127542,10.0662610229277,0.147320114954186,0.329726626216414,0.147662735423087,0.0074370102142574,0.138571691591699,0.0619682265055464,0.193017515573561,0.175757108541814
"Henderson",96363,0.204913151041094,549.35065,5158690233.36296,0.0316096320646582,0.301742655690759,27.8645833333333,84.0199331650569,8.67981770833333,0.154390398897445,0.395253593681041,0.139039966593358,0.0699936126384551,0.119642122309573,0.0570680490654205,0.232503201503931,0.203591021754706
"Henderson",96364,0.142387643678621,671.131758685793,2629682650.33563,0.0375383077835146,0.220333723672505,27.5431034482759,92.7772854317155,9.28613847837986,0.0598467852013699,0.326449991781346,0.128938334294941,0,0.264609812659025,0.0624812476390912,0.232895350282624,0.10117925545745
"Henderson",96365,0.1336041666675,472.752875,2107163612.26667,0.0381506153544332,0.214836378581822,24.1875,94.3719215392329,9.65659722222222,0.0552588492051753,0.260348198569919,0.0810339835055916,0.0060186536170191,0.225608402232706,0.0987726098191214,0.361051958766996,0.0646731509115098
"Henderson",97009,0.182047672672613,824.979675675676,6702383005.63394,0.0417716814146405,0.306121540834775,29.8175675675676,115.800259711955,12.58818997569,0.163776949586847,0.313237471936287,0.0492173450689614,0.042987217087839,0.12004948470644,0.0058867841328752,0.134476714887733,0.0945982381520044
"Henderson",97010,0.140805522089398,662.574645209952,3926235804.06747,0.0487961840252449,0.219526385462069,28.7771084337349,98.9485931653569,10.5436794798241,0.106387886730379,0.409992156138299,0.245875994256956,0.0617367634786983,0.252763725854787,0.0362030916212473,0.240530465757562,0.0893630914670218
"Henderson",97011,0.141198611111667,460.771416666667,2144132642.84444,0.0398059538736981,0.17634283627073,25.5916666666667,139.852465079849,9.96851851851852,0.0355996445765495,0.318393441771049,0.0757502121244939,0.0392690259926801,0.370668282731161,0.0802670140019537,0.150579041546299,0.0353117840113939
"Henderson",97655,0.165581022408571,1124.14566218487,9297569716.5017,0.054780777786872,0.317214865613134,29.5295918367347,126.343422878326,12.3330694398972,0.156250689138078,0.285822738538075,0.057062660577971,0.0200951306276519,0.130808658206256,0.0149103240103268,0.156545872083035,0.102358885378752
"Henderson",97656,0.154496153846154,1166.81673076923,8358648968.53333,0.0525653201152219,0.227565308316396,24.682967032967,104.101897222477,8.59230769230769,0.163466405721212,0.342601528350328,0,0.0471667954850031,0.127064163251464,0.0811884951857794,0.23367883028478,0.154121616968528
"Henderson",97657,NA,NA,NA,NA,NA,NA,NA,NA,NA,NA,NA,NA,NA,NA,NA,NA
"Houston",41671,0.505764529915128,756.650974358974,7513703755.70598,0.036645120547019,0.174559538372052,26.2830280830281,61.0521718442421,7.55862332112332,0.0577326219981342,0.193045131681745,0.201540712293136,0.0477762899551361,0.119611577099854,0.0738859343742786,0.128618627323337,0.160806142608942
"Houston",41673,0.492023529411765,679.121823529412,3316885650.57255,0.027273633897737,0.175866176976877,21.7235294117647,58.1350992063132,7.62124183006536,0.0643329901418336,0.175282187014497,0.091592721935058,0.0432494403018515,0.0860735452585681,0.0233350854557907,0.113630411460087,0.0728855840608187
"Houston",41674,0.494600000000217,786.6806,8449430467.89565,0.0283516888762275,0.206046195781749,25.122049689441,76.7844695904994,8.81473429951691,0.0660871979434791,0.226229637439533,0.163279877258691,0.0270636406475558,0.105189801112257,0.0880835248996841,0.117284198862437,0.093605801708249
"Houston",41675,0.515495903954407,736.682315254237,5958788704.90395,0.0326421467896683,0.199642762541771,26.803995157385,91.4885870998528,8.75991727199354,0.0699219235599487,0.264729416183694,0.0779479190351304,0.0103435709258094,0.129283576762632,0.0744051676870178,0.145837213858748,0.0700540167945321
"Houston",41676,0.414171249999,569.66031,3970718899.2,0.0295037210580617,0.177840401418507,22.045,86.6910028212859,9.17361111111111,0.230653634618725,0.256038937485394,0.0376044302770337,0.0343854765002926,0.15511110330123,0.0212519845770015,0.0635339832734376,0.0407418622255866
"Houston",42315,0.494283169934902,559.378654901961,8173074112.4183,0.0234609377234349,0.173766000159815,28.0886554621849,72.9140927856433,8.39063180827887,0.0688957661457308,0.281257139351822,0.192667279245676,0.0025878892389137,0.172336381711767,0.0493597946775205,0.181770679547227,0.0945010673757728
"Houston",42316,0.426962626262323,650.178407070707,10537415277.6404,0.0347602505183301,0.201075040255532,29.9666666666667,80.6098397794736,9.74642990754102,0.104575459767453,0.367644593273704,0.146252612958079,0.0717318542172232,0.10900786187955,0.0010908968336412,0.202649166655191,0.13749234315109
"Houston",42317,0.463289444444222,832.286055555556,11768631757.9378,0.0418746876055661,0.203938389072816,29.7637566137566,89.0855123430188,11.0901758580925,0.0564719004599773,0.261109927623783,0.113379408248071,0.0336572744835209,0.146931654677204,0.0074809172367546,0.206710393410381,0.10965513967434
"Houston",42318,0.459056623931538,668.731361538462,11272331398.7829,0.057485846284768,0.176101384445643,26.7161172161172,78.1122423721364,11.2015771265771,0.0801842863128284,0.213693279716031,0.162829943324785,0.0090037201718876,0.166018010480511,0.0666592839075186,0.155378675991679,0.0812496190440055
"Houston",42319,0.469659074074222,689.641323777778,8688681525.85481,0.0550960141880527,0.187984110414982,26.5533333333333,86.7565640090984,10.9079850088183,0.0779699274897476,0.270885108617653,0.156876951100149,0.0058908057753228,0.137049106128667,0.0755005067834593,0.161027087062828,0.137792704988314
"Houston",42320,0.426999082568716,754.767506146789,9548625804.13456,0.0424375350527123,0.202011871707002,29.0463302752294,102.68404328058,10.0470480801903,0.0789668133141575,0.26465516516451,0.10421256002061,0.0724362792288995,0.151838735573309,0.0289428646341414,0.165516431445656,0.124471862953905
"Houston",42321,0.492354807691731,586.813211538462,4905054258.70769,0.0328765769769458,0.21048142388463,27.2473443223443,84.560526282982,8.34610042735043,0.0691636282207501,0.259515177141575,0.246342063869444,0.000523193491386642,0.0984496129585204,0.0725324085911366,0.204158191366918,0.105509827891884
"Houston",42960,0.508547826086667,687.917333333333,5626501902.34589,0.0310916830538644,0.20105786923913,28.5717391304348,80.7290684386831,8.93635265700483,0.0525154122852053,0.212014655742194,0.100902300953329,0,0.125387983969786,0.0366441091508824,0.181098422992144,0.0710321795030748
"Houston",42961,0.438108680555556,1049.83677777778,10795935843.5556,0.0335233605126956,0.197283124965098,29.2444444444444,94.3817444063513,10.9036816578483,0.0631423144064118,0.241600128325063,0.175350746757047,0.0260985581158611,0.151729555029886,0.0224619269250253,0.181811056911685,0.159326791676804
"Houston",42962,0.418000820706818,1287.52315151515,13854534763.0545,0.0398361157080584,0.221152963116765,30,124.735271951047,13.5885307348376,0.0913412825725998,0.286322658613054,0.13664081575337,0.0320813057280572,0.124861126867908,0,0.126246014636796,0.0674903900044762
"Houston",42963,0.41702455808053,1300.82003030303,15621149042.295,0.0307315308803382,0.258303144495144,30,132.963408454193,14.5661587921058,0.139278122207068,0.335195304609342,0.0732980459621118,0.0704249095051453,0.100666823987816,0,0.131427435767928,0.0484968054145273
"Houston",42964,0.396188194444091,1194.95393030303,14206307925.8505,0.0340756705664522,0.248050674866659,29.6829545454545,140.859899109093,14.6183070787237,0.134617662828843,0.329267737688389,0.069680335453326,0.0638722383843223,0.136477814697793,0.010264101139259,0.184769711973537,0.0687573132548595
"Houston",42965,0.391636616161439,697.018220454545,10162568870.5293,0.0431519706337991,0.226538319281782,29.9659090909091,121.913209454752,13.7866702741703,0.12168291911037,0.348495271482842,0.110113955035244,0.0414336313556843,0.141011488588477,0.0011290378184576,0.177307554492604,0.0539000992749555
"Houston",42966,0.390939130434869,532.564734818261,7521539190.42783,0.0468637168685096,0.227613199939546,29.6852173913043,98.5627586757688,9.94465148378192,0.145970960979985,0.456814037046191,0.0812314722423575,0.0252142014160357,0.151348111832069,0.0101129176462796,0.209488828596799,0.140838538627395
"Houston",42967,0.368998493975663,414.454272747349,3404919765.9502,0.0411250781377275,0.23100156592856,28.871686746988,70.2917515303897,7.1868019697839,0.173286503972834,0.505093702254801,0.210315452552457,0.0473524287396212,0.142884344997021,0.0321457759177423,0.347250412517704,0.150648586490008
"Houston",43606,0.439420682730482,858.38716746988,6535137221.32048,0.0339908538864249,0.213927119880556,28.4512048192771,88.9286945715063,9.1484557276726,0.107613876540459,0.266235061895824,0.166166461149898,0.0102762258293677,0.137870531745904,0.0428519642949617,0.177286268658306,0.0844031031832671
"Houston",43607,0.468894117646765,892.529470588235,6737482087.40392,0.0292871790411765,0.218301558100125,27.4441176470588,88.7138362448145,10.3543300653595,0.10360656205521,0.318236219096554,0.160696100441789,0.0769203956327778,0.131722014098185,0.0562230893857918,0.1562888844155,0.155926654967281
"Houston",43608,0.455602953586456,856.216691139241,7683421680.0135,0.0275627558995733,0.23696673463417,29.123417721519,119.569834283707,14.119384167169,0.118611642530289,0.286132895636559,0.18025237750651,0.070951229862148,0.0906335418220827,0.0268206432409904,0.172785943878616,0.063072608284696
"Houston",43609,0.45600583333325,657.6403565,9573333686.61333,0.028304386706405,0.224534757869939,30,98.3412519476629,13.6369931457431,0.144594197340769,0.327728971983843,0.0213916116718772,0.0147443941021743,0.131856637114531,0,0.183761118134828,0.0734645015505677
"Houston",43610,0.3979285416665,1097.00064575,10908872318.0089,0.0293984097594742,0.228557250602171,30,133.527713948525,14.9230792548501,0.140275058981998,0.359129026072433,0.0511396128983991,0.0077661429199023,0.17140479819965,0,0.239752218723671,0.0578017234666725
"Houston",43611,0.372917621526667,496.318872916667,7720583106.13333,0.0454357936545125,0.228199770674109,29.2640625,107.818236145022,12.5935440090388,0.13153471761397,0.456872304253052,0.15135326290813,0.0552058862784379,0.146093616301222,0.0223344590385676,0.310749565275852,0.0954232079558283
"Houston",43612,0.442979166665946,581.563554054054,6555873608.07207,0.0435539950758093,0.227143635318891,27.9445945945946,83.0520283689585,10.218876018876,0.145474590769458,0.449416805880482,0.0471171156499131,0.0073190271035129,0.160941415361398,0.0521171105822201,0.26594433082762,0.136064982718506
"Houston",43613,0.419633703703556,749.713084444444,4997954506.33482,0.0443632279924328,0.220155266092883,27.5366666666667,79.8725371654897,8.08539241622575,0.0929779930553517,0.364129586664277,0.125298407640604,0.0132049672143953,0.186108395144336,0.0620048689289701,0.206271802667194,0.102994473489089
"Houston",43614,0.448442857142857,508.9736,2025060227.65714,0.0445056784495478,0.188141426869801,21.4571428571429,66.4424825643181,6.67698412698413,0.199121373886055,0.427606453298103,0.0181513418329369,0.0473417336375724,0.088525247001919,0.0235875974890622,0.169679023073013,0.0549150124806846
"Houston",44252,0.415391049382593,1252.70381481481,7154984165.21482,0.0448929780827192,0.198240070431321,25.9333333333333,61.7245462786081,7.24331275720165,0.050997499642732,0.196495472710184,0.0711645755061562,0.0606667858380079,0.10720553436035,0.0858379087456493,0.207637908493289,0.08198070949296
"Houston",44253,0.460784983498119,1013.27826039604,9172560971.70165,0.0339090746672575,0.209725842765062,29.3762376237624,91.6135088179206,8.13399339933993,0.0752065423051602,0.235685063478119,0.0806683600946997,0.0347135075237387,0.172211670621726,0.0193414690306239,0.131718262702069,0.0700766416818587
"Houston",44254,0.393103947368737,423.832350526316,8860545853.97895,0.0317039812330311,0.228206484098183,30,73.0942403064098,8.0293567251462,0.145126726857991,0.415992004674327,0.0936994721508013,0.026970426627636,0.137460430565966,0,0.140338328538469,0.0891014735860788
"Houston",44255,0.445677976190714,669.707198214286,8401509760,0.036246545464293,0.214423081039318,30,78.7707620525809,10.2853900935374,0.10858775077601,0.282444783356791,0.0546419090178343,0.0239619133884051,0.152304510393993,0,0.146351601929989,0.150009140029771
"Houston",44256,0.466866741741622,633.643072072072,9446051078.61141,0.033383994827291,0.220873450440866,29.9472972972973,74.0335912764073,11.8046725296725,0.068958967996671,0.198593824430071,0.0063783395007727,0.041019881570317,0.137293275002789,0.0017317981308775,0.159792322522385,0.0897559985792189
"Houston",44257,0.489550718390862,618.466620689655,7072556571.65977,0.0454442324930308,0.194312156274401,26.5293103448276,66.8873788875349,11.2776477832512,0.0636605821605264,0.182673916743052,0.135685425512354,0.0271030088689883,0.0910649553003991,0.0702238566815247,0.102068484529973,0.0682005370122507
"Houston",44258,0.527225641025385,806.588307692308,3396330836.02051,0.0571066796269943,0.159464771357866,20.9076923076923,51.3042789206479,8.16538461538462,0.0528429492499043,0.277467889002627,0.227846513132934,0,0.134231649134267,0.0547914190298296,0.224072463284098,0.15730038527966
"Houston",44259,0.457725,242.265,1331409075.2,0.0432302687816773,0.103285998106003,21,64.4095598234551,9.58333333333333,NA,NA,NA,NA,NA,NA,NA,NA
"Houston",44898,NA,NA,NA,NA,NA,NA,NA,NA,NA,NA,NA,NA,NA,NA,NA,NA
"Houston",44899,0.471819262295246,704.994932786885,6216730636.31038,0.0304895307106133,0.202080886505666,27.111943793911,81.6031711994576,8.57463570127505,0.085772915687697,0.269761742605085,0.142160664660384,0.0187518326355321,0.118447729808214,0.0668822098691447,0.122185576101525,0.0530584467204626
"Houston",44900,0.454086086309553,654.205617857143,7147122768.7619,0.0294585581835007,0.199632357606398,29.7807397959184,88.0481035973067,9.43181335034014,0.11290949504736,0.300006664819911,0.0595130077072191,0.0222183621173458,0.130294899722048,0.0070269177608211,0.155310536050598,0.100923430892961
"Houston",44901,0.439258605073043,695.062990684783,9389287684.45217,0.0353780663460849,0.178895521828014,30,71.6176562537955,9.16204710144928,0.100075354226103,0.355903589452926,0.0843069643049487,0.0058843684553429,0.218383756272413,0,0.240125198730164,0.164146385566078
"Houston",44902,0.415993504902059,782.242354558824,8102137781.45882,0.0342120968661045,0.179144073387279,29.2469887955182,65.7697723021093,11.1672969187675,0.114129866974204,0.371041782281179,0.164288409200111,0.0094253826411289,0.180344227589593,0.0226614116424523,0.215336328696952,0.107873292479613
"Houston",44903,0.384993627451176,610.954041176471,5234062820.89412,0.0367936215605752,0.205586644656518,22.9512605042017,51.5654049388837,10.3764705882353,0.120526868020747,0.32672774469545,0.180223870595461,0.0753006293467377,0.149641109408323,0.103364749531916,0.157409763938268,0.0893876068946096
"Houston",44904,0.480625462961667,1017.04994444444,4511147922.96296,0.0328564561310587,0.190667553908295,24.4761904761905,75.5644739119284,8.29552469135803,0.0519019444722511,0.163581988650532,0.0476280222167537,0.0017482329947327,0.14425628130265,0.0819354373829081,0.185596815742111,0.0847414710776258
"Houston",44905,0.503118055553333,888.462166666667,3358546975.28889,0.0306085427101391,0.235501167674859,24.4833333333333,88.5761467222149,8.94444444444444,0.027975081322433,0.121528997764489,0.191333228835516,0.0378463347912038,0.0754104394472663,0.0626276378488767,0.183995400980419,0.0812629399585921
"Houston",45544,0.499570238094286,1001.95685714286,526087294.171429,0.0177829989747745,0.2315395708595,21.5642857142857,60.2923664077078,7.51587301587302,0.0150292445241485,0.070578744622309,0.0070331133361684,0,0.0267235162475561,0.0321771636776605,0.0688808238108464,0.0387690451048423
"Houston",45545,0.520014035088421,712.690631578947,3199628357.16491,0.0268995192904248,0.196985473758296,25.2657894736842,61.4916989804228,8.29049707602339,0.0495385805344808,0.192240417549478,0.190723438112822,0.0608202709963068,0.068122863514691,0.0666706867157478,0.0895659067356281,0.0491130306942519
"Houston",45546,0.500204109589178,655.845735616438,4317359599.16712,0.0276380817793407,0.195190960617915,29.636301369863,69.8406579728439,8.91404109589041,0.0562600635257429,0.263629249238149,0.171867273371763,0.0044389252456586,0.153993464478845,0.0109813188410064,0.211147870894038,0.0806985394408169
"Houston",45547,0.526480288461923,611.178633009615,8480602880,0.0285557220600269,0.174985808141243,29.6600961538462,78.1669368379281,9.39268543956044,0.0668980567169445,0.296894606723911,0.116184165568029,0.0201517017163804,0.189261173710917,0.0109582623137645,0.155249795965863,0.115000774969607
"Houston",45548,0.462340517241897,826.209753448276,7513862667.18161,0.0317483004575806,0.163744603380047,27.2181034482759,61.0624986939524,9.60667077175698,0.0973522165579483,0.324105661033524,0.172040457246924,0.0246200714643871,0.186891644297086,0.0673562199041739,0.100968957403396,0.169786029049329
"Houston",45549,0.4679150000005,1012.6741,1959474501.97333,0.0338554574157705,0.199324997514486,21.4325,56.9517522594604,7.20587301587302,0.108091480288879,0.242328820298653,0.328178990118895,0.0105261426725457,0.0936728964186724,0.0401318091683191,0.106470627430932,0.103205608300108
"Houston",45550,0.533630185184889,652.707333333333,4273889485.55852,0.0353359710384631,0.212547711531321,27.1244444444444,79.6540474642629,8.6199823633157,0.094547390616641,0.199888171005272,0.136022317346954,0.0075798933234431,0.10654617841534,0.0641014437344111,0.175761039917683,0.0897244847829294
"Houston",45551,0.492123275861724,642.897655172414,2980885293.90345,0.0319202111526489,0.231832551031277,27.5775862068966,85.6838948723236,8.2564039408867,0.108712396946043,0.235172476233349,0.234667603677502,0.0468618994382675,0.099357585862946,0.0506365135656616,0.168996204747323,0.105038518200005
"Houston",46194,0.499899218750313,811.183509375,3689275653.86667,0.0253392833771007,0.181665469426662,27.321875,50.3265118309882,7.43472222222222,0.100840361441364,0.267290295808451,0.176017311709793,0.0288370773743793,0.16438140097578,0.0620389168477639,0.157757105112581,0.0927765388567159
"Houston",46196,0.564971759259444,735.481555555556,4191750957.98519,0.0311028370448464,0.197843055758211,29.2,69.7406848793953,7.62098765432099,0.0529017392350094,0.185822999715681,0.154143513865463,0.0890933904793066,0.125147563191437,0.0232115677321156,0.105707143478873,0.082813596846482
"Houston",46197,0.5745625,586.479666666667,3616787248.35556,0.0298378830611009,0.253154834111532,28.95,66.3984933757921,6.5614417989418,0.0215054933101272,0.0855303878111148,0.174216175846602,0.086839888102787,0.0590763922134932,0.0267702936096718,0.0609787876909987,0.0419635987326418
"Indianapolis",130275,NA,NA,NA,NA,NA,NA,NA,NA,NA,NA,NA,NA,NA,NA,NA,NA
"Indianapolis",130276,0.4832041666675,311.09805,2512800881.06667,0.0270739333508268,0.21263125538826,20.4916666666667,23.9886474483434,6.4375,0.060934387639264,0.243171606186538,0.0890725997775793,0,0.149442126048096,0.0379219194794632,0.289656574315813,0.0072815533980582
"Indianapolis",130277,0.501615322580968,601.737490322581,3793567695.00215,0.0285901404820838,0.212802967717571,22.2279569892473,90.9663733236181,10.4134408602151,0.0540892180808447,0.209401198255565,0.223055590634722,0.0479003385707545,0.101394528298404,0.0199911989413762,0.283959277013443,0.166816279422223
"Indianapolis",130278,0.540592592594444,696.791222222222,4476941835.37778,0.0269086652869709,0.195819998780886,22.6944444444444,72.8379065497578,8.1929012345679,0.031319844097819,0.174534806279274,0.184047693359739,0.0811177716737566,0.0818753887594863,0.0246974024207806,0.0906041193765793,0.103681379627885
"Indianapolis",130279,NA,NA,NA,NA,NA,NA,NA,NA,NA,NA,NA,NA,NA,NA,NA,NA
"Indianapolis",130921,NA,NA,NA,NA,NA,NA,NA,NA,NA,NA,NA,NA,NA,NA,NA,NA
"Indianapolis",130922,0.401502777777619,410.150581904762,4616447990.00976,0.0460017621030886,0.238663475428309,25.4869047619048,69.8038037860073,12.001738473167,0.107321007285257,0.347114087808607,0.184680590828872,0.0134999179060438,0.133119157820549,0.0944184577469644,0.174294531167939,0.0740547221829852
"Indianapolis",130923,0.41626561181443,486.149350632911,7175351543.35727,0.0427414070404821,0.221344924237155,28.8981012658228,104.137608882634,13.3647101667671,0.116810110082007,0.325644432477822,0.0874290465539069,0,0.132204685612149,0.03117829168955,0.206845065010004,0.0666777840116031
"Indianapolis",130924,0.493426086956957,539.228304347826,6786604294.67826,0.0428099228601055,0.198145782817965,27.4173913043478,89.5606025347691,11.3003623188406,0.0530708603287985,0.197703002533134,0.0989766419340836,0.114365764748354,0.111289969054226,0.0562818020105075,0.136971303945709,0.0763327198957375
"Indianapolis",130925,NA,NA,NA,NA,NA,NA,NA,NA,NA,NA,NA,NA,NA,NA,NA,NA
"Indianapolis",131567,0.525884313725882,674.925411764706,6186965271.0902,0.0427166075767095,0.175390645642491,25.5205882352941,73.8965266769756,9.97896825396825,0.0452867109985873,0.205448799970945,0.140626646547721,0.102452213735549,0.090472010916478,0.0767139632158037,0.1228331092307,0.0872216694555735
"Indianapolis",131568,0.467875815217065,627.627366304348,5798999639.02125,0.0513585379298234,0.21102680488611,29.3641304347826,93.2375303530806,12.8647695249597,0.0717834761054669,0.318610120226442,0.12014604950555,0.0115665463751851,0.134416952656191,0.0178886126065229,0.14270950871598,0.0650739715955372
"Indianapolis",131569,0.406084587814624,705.731275268817,7357244086.91014,0.0662222169505167,0.236047194129036,29.1263440860215,130.360581941381,14.3204436195028,0.123443138161811,0.374198739572531,0.104603226380502,0.0582564969755704,0.118794177532434,0.0261414869176454,0.183153382202258,0.0587654137733271
"Indianapolis",131570,0.466600570776575,546.263447945205,6691869089.78265,0.0653887677643286,0.226511025673722,29.2232876712329,91.4203898664622,12.1575820995342,0.0573330271524613,0.276656963861287,0.126048960118534,0.0212805224680299,0.108497321509532,0.0205546876053499,0.184328568336159,0.0542052309237131
"Indianapolis",131571,0.496137152778333,634.918625,4562676897.76232,0.0541622696856637,0.193546875069539,28.73125,63.2769452645268,8.77824074074074,0.0640208497363293,0.210371187440665,0.119002582963256,0,0.119999645450659,0.0287053150605467,0.186699872469336,0.168216527157248
"Indianapolis",132213,0.50350625,847.84225,1448604893.86667,0.0449622172732741,0.187931753695011,28.0875,67.6861694243217,10.6006944444444,0.0412720381648688,0.138278892683161,0,0.117669859158004,0.0813623223615277,0.0250333778371161,0.0507209602483556,0.0680478218146085
"Indianapolis",132214,0.472465027322459,529.986913114754,3406817602.56,0.0469002213282626,0.209339213404865,28.2040983606557,72.489674183621,10.732650273224,0.0799753289983609,0.394396276431775,0.27142972262093,0.0324742673069021,0.143051277240901,0.0415569887596125,0.256027354401078,0.113474487670575
"Indianapolis",132215,0.512524094203043,706.583567391304,4744660368.87704,0.0474706063044077,0.23029928330494,28.2641304347826,108.804189737027,12.8974652058891,0.0527948422492167,0.245810560835091,0.0266895742043044,0.210610979723389,0.126208643805081,0.0419190762269905,0.146125010780429,0.0701729934535989
"Indianapolis",132216,0.484659375000833,588.178708333333,4070241762.13333,0.0592455003803159,0.205515165813267,29.04375,90.1378535707415,11.1772900132275,0.052910841831837,0.194574936916258,0.0133013283260275,0.0834333227142218,0.0862980914259268,0.0233752958898213,0.100999708675728,0.0776500148544815
"Indianapolis",132217,0.506283333333333,725.602888888889,3763691195.73333,0.0511888082932199,0.202932109435399,27.4222222222222,71.5041006933803,9.09567901234568,0.028855896092926,0.147800669257003,0.0200404607278902,0.0451796451457788,0.0858243527269069,0.0651899873942013,0.164525842596804,0.155002935457635
"Indianapolis",132859,NA,NA,NA,NA,NA,NA,NA,NA,NA,NA,NA,NA,NA,NA,NA,NA
"Indianapolis",132860,0.449162280701579,450.049689473684,3430536620.32593,0.0361795872932147,0.239307736879901,26.1789473684211,72.6344384463749,10.0214912280702,0.0923291589820951,0.388417282915486,0.257374931075701,0.124753519915809,0.131130922162794,0.0789791124373055,0.270603126003075,0.132711094116753
"Indianapolis",132861,0.485145486112083,538.301125,4473329320.88889,0.0267417834783448,0.216476331154505,23.2708333333333,88.9690542871998,10.3844907407407,0.103466093480449,0.21087812568043,0.10063199477453,0.0738791982731869,0.0964342805182876,0.0602133691435392,0.109195299940096,0.0725602416352734
"Indianapolis",132862,0.482861250001,534.6461,4171531490.13333,0.0247789601245351,0.19445100016892,21.1383333333333,82.1254429465089,9.99416666666667,0.0888603696538314,0.298991762962453,0.0393770939014893,0.0138376651659444,0.141233707669408,0.0342072064968856,0.149604636881837,0.0716042691570082
"Indianapolis",132863,0.532565909090909,393.763804545455,4517625118.25455,0.0210940710255838,0.170954000204802,21.630303030303,53.6873545391581,7.92361111111111,0.058050536819367,0.326164037610385,0.0262808931541885,0.0848477210414614,0.118030125418636,0.0259940395832802,0.0727165152840846,0.104797879198325
"Jacksonville",46347,NA,NA,NA,NA,NA,NA,NA,NA,NA,NA,NA,NA,NA,NA,NA,NA
"Jacksonville",46348,NA,NA,NA,NA,NA,NA,NA,NA,NA,NA,NA,NA,NA,NA,NA,NA
"Jacksonville",46349,NA,NA,NA,NA,NA,NA,NA,NA,NA,NA,NA,NA,NA,NA,NA,NA
"Jacksonville",46991,0.599405,731.989666666667,4129763442.91556,0.0412781425321429,0.229080865780512,22.3033333333333,40.3676945774834,6.24166666666667,0.026895189581965,0.137433719085591,0.0308524275004576,0,0.0994206024983627,0.0169182483933642,0.130058833774668,0.0452158433466844
"Jacksonville",46992,0.552181081081081,610.833945945946,2964517036.56296,0.0451575423793364,0.254954488293545,22.2675675675676,68.6309909675636,8.53655083655084,0.0559472260372341,0.175099309082376,0.120484218628829,0.0116092062360241,0.0733487531887539,0.0174909707619988,0.133594234261851,0.0770315838913285
"Jacksonville",46993,0.547784848485909,496.980213636364,2976854203.73333,0.0310535232171227,0.198398816314611,26.9159090909091,72.9727704029902,10.6637626262626,0.0545469506778188,0.403949196667096,0,0.0033206389940322,0.181315687260066,0.0750232204677868,0.142669073011868,0.0895124684212622
"Jacksonville",46994,0.565764942528276,778.729,2949540776.31264,0.0307699499818563,0.212607689201832,26.2465517241379,62.4364411804472,10.3723727422003,0.0740126127118107,0.25421683461524,0.0061510782123814,0,0.1578259827139,0.0830413145263405,0.135192368564575,0.0838275132848462
"Jacksonville",46995,NA,NA,NA,NA,NA,NA,NA,NA,NA,NA,NA,NA,NA,NA,NA,NA
"Jacksonville",47637,0.6085,697.863,2714649105.06667,0.0458809865418833,0.224134501069784,26.1,60.3773517874067,9.81597222222222,0.0314656943323746,0.0595172333251655,0,0,0.0777864443143111,0.0129310344827586,0.158297009612295,0.136098337460205
"Jacksonville",47638,0.558646892655254,599.940183050848,3487529916.61609,0.0503222874073055,0.201947643887252,28.8649717514124,86.3183801011851,12.3693032015066,0.0540004674362477,0.214813230016389,0.0858811398722055,0.0059835345118818,0.157362214756705,0.0282938153888923,0.158550432051618,0.094763880584613
"Jacksonville",47639,0.514722685185741,423.00823309037,4429992021.64938,0.0320833197992009,0.181178630131331,28.9179012345679,85.2211007071497,13.473816872428,0.0847747355883216,0.350071489059336,0.0564352163297894,0.0544163820826824,0.234035020289832,0.0317760179117363,0.128144634865829,0.0411771576257643
"Jacksonville",47640,0.5190533333332,614.47298,4109991795.712,0.032472345237766,0.228381240665913,26.8983333333333,67.0061516837294,12.2899206349206,0.0797578540418248,0.360471466003273,0.0992189519998841,0.0200955287571091,0.0993765335828297,0.0761308631265877,0.179227807827906,0.0819474727644927
"Jacksonville",47641,0.56997037037,607.289333333333,4492909668.97778,0.0318350888021305,0.202825637741221,28.3106481481481,56.8846287751946,9.57391975308642,0.0517093111117764,0.219091115598162,0.0053777589107204,0.0075983847835134,0.15677617914641,0.0436583212048862,0.192430220052103,0.109668022444663
"Jacksonville",48283,NA,NA,NA,NA,NA,NA,NA,NA,NA,NA,NA,NA,NA,NA,NA,NA
"Jacksonville",48284,0.512253439153016,484.248577777778,3888807632.3785,0.0538328654842655,0.242757222836926,29.4246031746032,106.454480601618,13.5805114638448,0.0902151435614799,0.364800368173488,0.0284042609184355,0.0201609574436162,0.0981710879246189,0.0176030996799708,0.21789959568809,0.0527092243969744
"Jacksonville",48285,0.452405604719557,478.222302849176,3662856570.74286,0.0502143805600336,0.193380443663625,29.8171091445428,128.807448738199,14.2754231633656,0.136333127268261,0.39271366038874,0.125638077685838,0.0214425976561314,0.240742852112274,0.0059008723485471,0.178326799632923,0.0573345387958932
"Jacksonville",48286,0.540326028806543,673.680195061728,3319030360.85333,0.0440710914454275,0.195176703349492,28.8611111111111,78.8383519968635,11.8184842249657,0.0648572885967169,0.290831597093257,0.21816098673163,0.0487239416791284,0.203739693768676,0.031542939224827,0.159378527181979,0.100702899864505
"Jacksonville",48287,0.574415849673137,683.590254901961,3731663385.76732,0.0332380928350388,0.2086661966408,28.971568627451,65.2985880331301,9.49259259259259,0.0373148534316627,0.218724511598138,0.167100359307921,0.0075618132774788,0.145763782855441,0.0279609661197225,0.145076763986262,0.113315386515856
"Jacksonville",48929,NA,NA,NA,NA,NA,NA,NA,NA,NA,NA,NA,NA,NA,NA,NA,NA
"Jacksonville",48930,0.631330952381429,463.438142857143,4012821333.33333,0.0597157988299763,0.187708718436105,23.7928571428571,68.3872544108751,11.6793650793651,0.0175544269106328,0.130871174098086,0,0.0313156226398603,0.15498198179411,0.0655315863961916,0.0391626135348214,0.0322292548440958
"Jacksonville",48931,0.540866111111,351.170182600462,2569520991.00444,0.0534863367340546,0.140282466107359,27.5783333333333,78.0971578502543,11.7717063492063,0.0980689408655865,0.387352567638706,0.167507845533054,0.0159585913050749,0.267170462360069,0.0665518422271912,0.289511349985743,0.128584891208144
"Jacksonville",48932,0.569749358973846,556.1475,2272868701.21026,0.0415992374425905,0.119108154724997,28.8653846153846,61.5375031103519,9.8491452991453,0.0581796712051403,0.408422019710779,0.089548305582611,0.129884651293917,0.407701858347596,0.0303387485266232,0.170987293368632,0.124968709426556
"Jacksonville",48933,NA,NA,NA,NA,NA,NA,NA,NA,NA,NA,NA,NA,NA,NA,NA,NA
"Jacksonville",49575,NA,NA,NA,NA,NA,NA,NA,NA,NA,NA,NA,NA,NA,NA,NA,NA
"Jacksonville",49576,NA,NA,NA,NA,NA,NA,NA,NA,NA,NA,NA,NA,NA,NA,NA,NA
"Jacksonville",49577,0.624058333336667,402.823,1060342178.13333,0.0549089477146286,0.155711660782496,20.4166666666667,33.573334972539,7.61111111111111,0.0099972847979311,0.141964750440433,0.0753390904712683,0,0.0702009791008708,0.0299319727891156,0.0854512906257658,0.0997566909975669
"Jacksonville",49578,NA,NA,NA,NA,NA,NA,NA,NA,NA,NA,NA,NA,NA,NA,NA,NA
"Jacksonville",49579,NA,NA,NA,NA,NA,NA,NA,NA,NA,NA,NA,NA,NA,NA,NA,NA
"Jacksonville",50223,NA,NA,NA,NA,NA,NA,NA,NA,NA,NA,NA,NA,NA,NA,NA,NA
"Kansas_City",122431,0.52688333333,548.308,1278216955.73333,0.0359281403938048,0.198249995708465,22,59.3422983677603,7.16666666666667,NA,NA,NA,NA,NA,NA,NA,NA
"Kansas_City",122432,0.497912037037778,536.161555555556,1232212157.15556,0.0301366289443592,0.203004110190603,21.9333333333333,95.7646841923445,9.05277777777778,0.0348112126651829,0.0514217130887811,0.0248900853155977,0.0379132184452332,0.0636469583284582,0.0038275357424293,0.183681266397445,0.0900526178218721
"Kansas_City",122433,0.529475,591.356,1140202560,0.0243595523555542,0.19650599360466,21.8,41.12569651356,6.83333333333333,NA,NA,NA,NA,NA,NA,NA,NA
"Kansas_City",123077,NA,NA,NA,NA,NA,NA,NA,NA,NA,NA,NA,NA,NA,NA,NA,NA
"Kansas_City",123078,0.506590277778333,607.749333333333,2813692879.64444,0.0434706412775147,0.191353003184001,21.6833333333333,84.5956111924965,10.2305555555556,0.0351684053247774,0.127665298412503,0.0018785255890266,0,0.0229357904535495,0.0260056366897258,0.0617047266640594,0.0958005249343831
"Kansas_City",123079,0.469160714285714,535.292857142857,1298225540.26667,0.0194106371534667,0.225603431463241,22.4571428571429,91.8367122541096,10.7670634920635,0.038522981227224,0.0732175215931771,0,0,0.0765810065574275,0.0109051254089421,0.117213712422167,0.0434262969183545
"Kansas_City",123723,0.518033888889333,597.4761,5278742771.48444,0.0299874896964268,0.203802165885766,29.865,123.280319114667,13.5340035273369,0.0416685166107822,0.192944017156316,0.0524819798345343,0.0183179329941253,0.118740906124198,0.0042357274401473,0.0990068811920967,0.0677344151122393
"Kansas_City",123724,0.508424074073333,500.409333333333,3382536596.85926,0.0378347986539365,0.189193886187341,22.4777777777778,68.8778745727027,9.80723104056437,0.0468837580503009,0.201453792544553,0.136529050197163,0,0.0715083211597738,0.0627231284670731,0.169937854753045,0.141822672205538
"Kansas_City",123725,0.42410833333,448.083,1298225540.26667,0.0194106371534667,0.205017000436783,22.6,56.419491453084,9.1,NA,NA,NA,NA,NA,NA,NA,NA
"Kansas_City",124367,0.519134090908182,469.070363636364,2577287424,0.0235692466810769,0.179932456124913,27.75,97.7688448967944,10.0444444444444,0.0357583160248798,0.102718205733958,0.0977041590389711,0.0595806027312327,0.0971744780012743,0.0434219343310252,0.146251812214273,0.155516346083522
"Kansas_City",124368,0.512505381945,554.395833333333,4185876279.46667,0.0275594000542084,0.198381290771067,27.5041666666667,113.94384612661,12.0222360008818,0.0647574429833199,0.196472716483159,0.142455122019068,0.0218638385976478,0.0692232079025691,0.0537402792506185,0.111974000113089,0.112414426599191
"Kansas_City",124369,0.482095447531111,723.685888888889,5463585903.09136,0.0347159348492548,0.218532379716635,29.7875,137.601575649703,13.7854652677569,0.0859181456645059,0.282987728233873,0.0021380405134476,0.0561298748647053,0.134841824527384,0.006482388109189,0.197540864158059,0.0716374654977019
"Kansas_City",124370,0.470175641024615,511.209076923077,5436916718.93333,0.0459611152085227,0.19833507675391,27.5923076923077,98.8143011690058,12.7884004884005,0.0404326638606078,0.189144602931947,0,0.0272013100897864,0.118278112115917,0.0511033432694988,0.0927772116278854,0.0291705010572268
"Kansas_City",124371,0.502126515150909,478.118181818182,3607721980.89697,0.0308025377178078,0.216450276699933,22.0181818181818,83.4657409330694,12.0323232323232,0.0461228464007835,0.0640361748798232,0.0280832385927505,0,0.0551703470723156,0.0129119435477817,0.0921139642660336,0.0524413883631479
"Kansas_City",125012,NA,NA,NA,NA,NA,NA,NA,NA,NA,NA,NA,NA,NA,NA,NA,NA
"Kansas_City",125013,NA,NA,NA,NA,NA,NA,NA,NA,NA,NA,NA,NA,NA,NA,NA,NA
"Kansas_City",125014,0.440314583332857,668.493392857143,2853304650.3619,0.0497076393309485,0.232183461742742,21.7,125.039847445255,12.7328939909297,0.103200484076615,0.25893839066457,0.0483298900066602,0.0110116729697516,0.08890226910491,0.0334512837393021,0.148630364583151,0.0565166159937834
"Kansas_City",125015,0.314820614034868,547.656967368421,3802141025.90877,0.0465448324747339,0.226210828576433,26.4263157894737,119.662752711089,14.211201615149,0.147922795515065,0.488658486380371,0.0937118119602939,0.019259065238358,0.127827718090611,0.0858276816318829,0.264765349214521,0.0870068470141648
"Kansas_City",125016,0.384338117283704,504.161596666667,3643240442.78518,0.0458851886863096,0.236580981424561,27.8527777777778,95.009978071882,11.8218756123849,0.12143160952023,0.482827950077443,0.12320699771147,0.0136594834596294,0.118425398568416,0.0559594034378782,0.283849668694867,0.135902672077376
"Kansas_City",125017,0.49813287037,541.191222222222,1486992168.05926,0.037464083211373,0.219466889897982,21.9333333333333,90.4521632708081,12.599537037037,0.0347326327546239,0.153544790049221,0.264247179548086,0.0197568352955865,0.0754017419777358,0.0218394686479792,0.20244370587716,0.0944679200604242
"Kansas_City",125658,NA,NA,NA,NA,NA,NA,NA,NA,NA,NA,NA,NA,NA,NA,NA,NA
"Kansas_City",125659,NA,NA,NA,NA,NA,NA,NA,NA,NA,NA,NA,NA,NA,NA,NA,NA
"Kansas_City",125660,0.512738888888333,521.202666666667,2742350708.62222,0.049950912339131,0.200216496984164,20.75,101.263387523514,11.2115079365079,0.0271517522071307,0.048698160493764,0.0660837329167286,0.0081170692315859,0.0266077185673984,0.0267737617135207,0.108477386079919,0.0301619886973654
"Kansas_City",125661,0.425233771929474,436.51478,3548223431.41053,0.0389561045571408,0.198427946159714,23.1105263157895,76.7990547067237,11.9050229741019,0.163318020661824,0.33824940903763,0.0619505834426221,0.0809744638194265,0.17425098809068,0.0683215668412662,0.295507549957627,0.112738063223452
"Kansas_City",125662,0.459473863635,300.250318272727,3341673001.89091,0.0393697485092422,0.206079000776464,22.4931818181818,66.7354075906367,10.0917568542569,0.119809713185464,0.468686607163729,0.0848621425125491,0.0530580773539524,0.163646218320916,0.0555218753157522,0.339401622487035,0.135042133564887
"Kansas_City",125663,0.55415833333,347.017,1605930321.06667,0.0382967763980687,0.208394005894661,20,58.0852891560897,6.94444444444444,NA,NA,NA,NA,NA,NA,NA,NA
"Kansas_City",126305,NA,NA,NA,NA,NA,NA,NA,NA,NA,NA,NA,NA,NA,NA,NA,NA
"Kansas_City",126306,NA,NA,NA,NA,NA,NA,NA,NA,NA,NA,NA,NA,NA,NA,NA,NA
"Kansas_City",126307,0.505269999999,558.7543,3041916041.38667,0.0329906479365947,0.196451097726822,22.45,80.1189444771568,9.64746031746032,0.0388752548145325,0.130709777088069,0.105318271315369,0.014714947358962,0.107084003546828,0.0125167037861915,0.103593002494392,0.0780285954030174
"Kansas_City",126308,0.532249999996667,447.933666666667,3106252970.66667,0.0343857421144154,0.17685633401076,22.5333333333333,95.8578796751846,11.2507936507936,0.006335786232491,0.0631507194889719,0,0.0333225569788985,0.0270929198226409,0.009861932938856,0.0292447270239818,0.0302859292701278
"Kansas_City",126309,0.520829166665,469.961333333333,718598608.355556,0.024674218985469,0.218453998366992,21.35,85.4218246531163,10.4143518518519,0.0434541254107423,0.0913026650892319,0.192419102392116,0,0.0628741626127769,0.0175644028103044,0.192524856343491,0.14117952137512
"Kansas_City",126951,NA,NA,NA,NA,NA,NA,NA,NA,NA,NA,NA,NA,NA,NA,NA,NA
"Kansas_City",126952,NA,NA,NA,NA,NA,NA,NA,NA,NA,NA,NA,NA,NA,NA,NA,NA
"Kansas_City",126953,NA,NA,NA,NA,NA,NA,NA,NA,NA,NA,NA,NA,NA,NA,NA,NA
"Kansas_City",126954,NA,NA,NA,NA,NA,NA,NA,NA,NA,NA,NA,NA,NA,NA,NA,NA
"Kansas_City",126955,NA,NA,NA,NA,NA,NA,NA,NA,NA,NA,NA,NA,NA,NA,NA,NA
"Kansas_City",127598,NA,NA,NA,NA,NA,NA,NA,NA,NA,NA,NA,NA,NA,NA,NA,NA
"Las_Vegas",97652,0.203010416666667,1134.30986666667,7845330370.31111,0.0415620903039916,0.297553167678416,29.1943948412698,135.319157875408,12.8322751322751,0.147528983587494,0.269855719043527,0.0823021915590632,0.0798390663177031,0.127019215987001,0.0230460115298551,0.130976693025247,0.0916445187766003
"Las_Vegas",97653,0.170339090909091,1124.45951181818,8776622869.72121,0.0513487159964588,0.334042809903622,29.9727272727273,146.03261460109,14.2831343572253,0.130631187930375,0.335107124299574,0.0087629309023447,0.0249040750226866,0.12008257168208,0.000901646124576061,0.139490961676549,0.0414026430789523
"Las_Vegas",97654,0.149356007751783,884.79966472093,9825646899.46667,0.0572322360551437,0.318873923048088,30,120.91250602665,13.6144542365473,0.254629119853085,0.508692314382314,0.0410754916468305,0.0243438786464613,0.165458285061446,0,0.248256824765307,0.0535065698356695
"Las_Vegas",97655,0.165581022408571,1124.14566218487,9297569716.5017,0.054780777786872,0.317214865613134,29.5295918367347,126.343422878326,12.3330694398972,0.156250689138078,0.285822738538075,0.057062660577971,0.0200951306276519,0.130808658206256,0.0149103240103268,0.156545872083035,0.102358885378752
"Las_Vegas",98297,NA,NA,NA,NA,NA,NA,NA,NA,NA,NA,NA,NA,NA,NA,NA,NA
"Las_Vegas",98298,0.225066923076615,727.510786153846,5246903290.1,0.0355038307796185,0.288970799973378,28.8461538461538,116.646005560033,10.0709737484737,0.121212196101018,0.397275421838789,0.219527670183372,0.01466663329859,0.138916658135021,0.0337911794871794,0.1934856601419,0.136270043389568
"Las_Vegas",98299,0.183508010336046,1031.49610620155,7920509868.53333,0.0499206408865209,0.32755012440589,30,123.690490814603,13.1274323150292,0.167866402023042,0.289839252863979,0.0801254317964887,0.0546106483815508,0.133852766444588,0,0.140012697249975,0.0561848816672274
"Las_Vegas",98300,0.150632364340853,962.119187596899,9048904673.06667,0.0569416399324589,0.313169839091657,30,115.694620002999,13.1727528142257,0.154340330652797,0.355611207599393,0.0209710891075934,0.0066949262303328,0.134349847799702,0,0.158416042550485,0.054002034014551
"Las_Vegas",98301,0.13837610619469,1288.41173185841,6361679849.44762,0.0551706246755285,0.330002736531,29.5862831858407,120.605922204782,12.2038493340484,0.0951065726538174,0.276021691948587,0.199465010411403,0.0016061591181277,0.111374331441924,0.0131354353541576,0.166184496911753,0.0758937421148742
"Las_Vegas",98944,0.1556183333328,1249.3032,4981870266.66667,0.0373254555964166,0.285263240933418,26.568,162.791126648955,9.10302645502646,0.0595689882276238,0.321430685009051,0.162287587080601,0.0393122551347877,0.186948694270784,0.0777536886479976,0.179928545173571,0.100792759196314
"Las_Vegas",98945,0.176976808176226,812.850603773585,5104868598.5727,0.0444999184630942,0.30281186609898,29.1630727762803,118.739119233259,10.8110643156634,0.108248498447786,0.305390849650644,0.211953871152869,0.0425332719605564,0.124381324919611,0.0232903640962727,0.168246495874079,0.142539079103003
"Las_Vegas",98946,0.152243274853684,1017.08581578947,4827489018.26077,0.0472240844753955,0.292462912306451,29.793984962406,134.533705503628,11.9621275410749,0.117633709796388,0.287054584296129,0.323955059174999,0.0448103404728956,0.156936013600003,0.0065318574677129,0.166273705627383,0.0870740133110502
"Las_Vegas",99590,0.1554675,1791.5372,3715731963.73333,0.0379779819153726,0.291351197659969,28.72,180.680741898268,8.04388888888889,0.0521711397327415,0.180791958994767,0.0472171409865965,0.0469992047324781,0.135256002456884,0.0338440111420612,0.173435857878925,0.0738103460183714
"Las_Vegas",99591,0.168185606060909,1023.81293939394,3707563284.1697,0.0377215204073844,0.293024906606385,28.8272727272727,135.791201328774,9.36683501683502,0.0655097630670255,0.317160335972366,0.0320946968615058,0.0464747500120514,0.152215907507068,0.0310197528740575,0.262378126187939,0.187061319612228
"Las_Vegas",99592,0.173015151514545,632.528363636364,3414183697.06667,0.0394231895228092,0.228310818021948,29.5090909090909,82.0532500616668,7.46958874458874,0.0773185042494886,0.314336460944906,0,0.0589851821234359,0.220768707167765,0.0120988069232061,0.140783558042808,0.0352261366764619
"Los_Angeles",76301,0.253036111111111,1224.02131111111,6827905877.33333,0.0377599674466902,0.288608110613293,29.2722222222222,226.215239944502,12.7028806584362,0.357432026122266,0.420843693411769,0,0,0.0821796145102729,0.020581598869699,0.139179127517421,0.0713370398481193
"Los_Angeles",76302,NA,NA,NA,NA,NA,NA,NA,NA,NA,NA,NA,NA,NA,NA,NA,NA
"Los_Angeles",76947,0.269982675438684,1235.83392763158,13848393790.8772,0.0438994591912098,0.279381867106024,29.5677631578947,175.090463363574,13.3201665780613,0.259009290164083,0.464304882566983,0.137607704966951,0.0263526330688831,0.141456397256833,0.0126449643232304,0.235707024244844,0.0938721296110695
"Los_Angeles",76948,0.158570773087857,1368.73799546857,17260070766.5623,0.0502600341194023,0.266667970482792,29.525,149.776459040889,10.9963866517858,0.256382658510851,0.705274848917572,0.0136733841694328,0.0235161043303844,0.196687505601696,0.0152278421953031,0.300282621084576,0.160115852474018
"Los_Angeles",77593,0.241469209039661,1200.83434792712,15610626325.7345,0.0387797722684346,0.327473652407022,29.9847457627119,117.772189175821,14.1393265789452,0.116496283733162,0.377345772212406,0.0607453688517205,0.0473630575608512,0.108615624216375,0.000504421955432667,0.179259743497354,0.0525125723170915
"Los_Angeles",77594,0.239920000000333,1110.30617210333,19394003451.6975,0.0480214230561554,0.335428750887513,30,109.106036138817,10.9945560265352,0.198592707020195,0.510543639924366,0.0688310359045321,0.0426086633928399,0.114468042376911,0,0.225915017857976,0.115670011360346
"Los_Angeles",78237,0.24185833333,0.00155569,11148479692.8,0.0346058368823095,0.0691360011696815,22.4,22.0145331679031,11.5,NA,NA,NA,NA,NA,NA,NA,NA
"Los_Angeles",78238,0.230010264227317,1223.12434950085,16942201655.3626,0.0342961526272027,0.285454915200428,29.8609756097561,124.009616745929,13.6140615312871,0.135434854429334,0.493750129457745,0.0669871644498455,0.0083689979655241,0.190660756279633,0.0045610931482997,0.368888122301682,0.0641679956263078
"Los_Angeles",78239,0.244286597222167,1875.70888,23086088038.2566,0.0456724538027474,0.354473050311208,30,121.4494124797,13.6163792650251,0.142220613386881,0.334227515137281,0.199425613762058,0.0415904008840311,0.0820572380876731,0,0.161245434033547,0.0403688109088749
"Los_Angeles",78240,0.261075694444333,1913.4919225,24231780333.6426,0.051116720987936,0.359452217072248,30,132.095060462806,13.6316479777938,0.0801377713457751,0.279388954094649,0.0963029091078924,0.0067977445519715,0.0758289946863334,0,0.197059609118019,0.0431074252273422
"Los_Angeles",78883,0.28387391304413,2101.92021015196,13940177572.7304,0.0465231950409883,0.294300108662118,29.404347826087,216.588389808941,16.0359306764917,0.199400526605796,0.309832935945076,0.096622308491605,0.0284733668870594,0.193295461676214,0.0184154189355122,0.245774576225701,0.0466718189805482
"Los_Angeles",78884,0.301911344537647,1601.18265400328,17840096679.4847,0.0431355456511948,0.291701774324189,29.8705882352941,123.161344739278,14.1820020937668,0.160195730274589,0.433182894700904,0.140146228805922,0.0182786716275822,0.203976092412092,0.0042600734661726,0.227331766303788,0.0584564809724885
"Los_Angeles",78885,0.246691597222,2585.069025,34165684637.042,0.0504064465164554,0.373540975525975,30,184.647399238153,14.4569868634452,0.129715322034219,0.240820836683891,0.135653332423896,0.0233732358122937,0.0719384717994959,0,0.155689972616424,0.0336533464355986
"Los_Angeles",78886,0.18162569444425,2176.10725233333,27204003624.3003,0.0464081310374551,0.402421090751886,30,133.542381931711,13.9677202696994,0.196354312834095,0.371800280181998,0.092200435612669,0.0318745105927816,0.0803623260363713,0,0.257680573523788,0.0470338775733908
"Los_Angeles",79528,0.515542857144286,549.289571428571,3055872546.13333,0.0276899932548306,0.275382571986743,26.7428571428571,77.8685439175944,11.8781746031746,0.0566096367615684,0.171659429922636,0,0,0.141579820741134,0.0453296703296703,0.247580066762301,0.122683516997485
"Los_Angeles",79529,0.393605743244054,1823.23452702703,12976365038.4721,0.0413966877088622,0.322592621216097,29.2600386100386,144.076794935668,14.433683958684,0.176877069674959,0.459608883155182,0.181773479899131,0.0369664168127405,0.123874872896398,0.0203636639866162,0.249817300507943,0.106028497073633
"Los_Angeles",79530,0.338350446428839,2190.13295178571,19885475808.6342,0.0440312631548266,0.361259411022599,29.8792729591837,153.316473078908,15.2067483318599,0.163169797478048,0.352297332877205,0.143199615360185,0.0218071143444771,0.0825626154077039,0.0038369033364038,0.168398302134724,0.0678233420732315
"Los_Angeles",79531,0.24942444444425,3855.27525833333,32714051103.265,0.052879768891615,0.384469824905197,30,167.7677353176,15.6275834703679,0.177790224643949,0.28939739855785,0.213269444844196,0.0040239473060032,0.0560978063510916,0,0.129718523161688,0.0341612252245883
"Los_Angeles",79532,0.26582868055575,2182.21478916667,23212363461.6291,0.0483272483918098,0.319217958177129,30,149.08439108562,14.7395398955846,0.262147807097506,0.392735799693516,0.164684182962837,0.0116754114541158,0.169365780979126,0,0.167371341411316,0.0547689559620832
"Los_Angeles",79533,0.292820734907795,1580.2461307874,18985093398.528,0.0410180435847928,0.336718126310138,29.8844019497563,100.75664307427,13.8301260346536,0.108305879835985,0.27675945272074,0.0811691520692388,0.0323037756766594,0.128437620887791,0.003779644530646,0.121198132629057,0.0577562613738705
"Los_Angeles",80173,0.426357222222,585.8834,8258446117.54667,0.0355446524487903,0.306420267621676,28.68,79.5974536958497,11.119417989418,0.0319544252816857,0.163524824222704,0.167862055362519,0.0044009170550308,0.0690476842501674,0.0324965132496513,0.134213591096135,0.0725914435398297
"Los_Angeles",80174,0.438329629629333,719.281044444444,9682738828.41212,0.0361312614507041,0.30065228872829,28.34,81.5110503764528,11.2877263374486,0.070644938088267,0.385259216127484,0.270458027482989,0,0.0818990667487675,0.0450961429554701,0.231393304298114,0.140592270821124
"Los_Angeles",80175,0.4302334821425,1106.94390450179,13845063233.1636,0.0415217191311997,0.288892911680575,28.7919642857143,89.1965609663454,12.4980359504913,0.103313270515057,0.488346542606915,0.304813090455492,0.0185460862180272,0.205427948657158,0.0334920413416087,0.238382006536091,0.144098461629303
"Los_Angeles",80176,0.40134935064961,1785.73452246753,14016348905.5439,0.0552327457330313,0.329640233865032,29.0357142857143,120.098753989824,13.8438288262964,0.125432682958448,0.379051736527638,0.124670354427589,0.0404774880205122,0.102817622595699,0.0278700165986311,0.16341154146367,0.0952517338301516
"Los_Angeles",80177,0.333140178571667,2126.23144404762,13100391057.1695,0.0562317780445158,0.329890835409363,28.6547619047619,111.099438852801,14.1652334382989,0.152979884332602,0.441122569197716,0.129607545279132,0.0079402407798131,0.125914684053411,0.0397521118958592,0.155729895427506,0.0693991480504566
"Los_Angeles",80178,0.369218478260543,1809.06390217391,14763601166.8161,0.0492967523349459,0.301128673488679,29.8239130434783,114.198109999856,13.7121616235427,0.135606845365212,0.332914223930595,0.0374812742730198,0.0162294466365892,0.15629728273025,0.0055940349309272,0.144600301989221,0.0619475916940067
"Los_Angeles",80179,0.396609305555083,1292.79663916667,12689990500.7507,0.0358578915382106,0.347881075615684,29.90625,117.983237190389,14.0330324343866,0.115069843783641,0.340814338212424,0.157358308194854,0.0573739277382493,0.103878746676256,0.0030459770114942,0.19298781376572,0.0636661818268865
"Los_Angeles",80819,0.398006623931538,680.166887179487,9939124952.72479,0.0380067334145247,0.325609232752751,27.4076923076923,92.2661619808967,11.8603581603582,0.0666789374388609,0.200077393428093,0.0578674349900455,0.008540381761029,0.0717525864444215,0.0660636024093784,0.203935955428528,0.120103377480466
"Los_Angeles",80820,0.323984523809076,1531.48484201681,12861094287.9819,0.0426544415571787,0.357743857976268,29.7163865546218,121.402020169742,14.5098104393272,0.100349978598419,0.345451141279118,0.162681646230125,0.0359232942448382,0.0766386738731098,0.0091422868192876,0.158700370221706,0.0505968402713812
"Los_Angeles",80821,0.336331858974154,1851.75417220846,20416594206.5612,0.0476456834681095,0.344593000583924,30,112.666654692847,14.34038925462,0.139504257711782,0.386249538044546,0.140188619407131,0.013170006647988,0.138416922760503,0,0.137396602075008,0.038553667749062
"Los_Angeles",80822,0.262184339080345,1754.23531163793,15878571795.1443,0.0496215862558968,0.354017001416149,29.8193965517241,113.076769948168,13.781618852093,0.110365186892621,0.313768411300502,0.19351594926657,0.028272766134511,0.106747990214844,0.005863055881897,0.163859552200908,0.0639368470737117
"Los_Angeles",80823,0.323775847457966,1277.91322118644,8087128035.79661,0.0441944725775319,0.34373300055326,28.5949152542373,98.175560131302,13.0913343483259,0.147467600674634,0.33868246917453,0.205756093648636,0.0577948567922085,0.106988455658398,0.0390691478406934,0.146772761653743,0.0930054601602955
"Los_Angeles",81465,0.360711458332917,811.521458333333,3057995769.24444,0.0347746456252697,0.267274082327882,27.2377976190476,97.8454448954059,12.2161541005291,0.0671801596472929,0.260220969973324,0.1375842420791,0.0103126115669297,0.108512826356871,0.0585748132446085,0.186193228744833,0.0961697365981216
"Los_Angeles",81466,0.358092187499375,837.18575,2678042142.04823,0.0350729762628922,0.304626562011739,28.3797619047619,97.1325645674746,12.7086791776896,0.0922127443480166,0.339176622475292,0.222051118351725,0.0608984989031556,0.134620171364934,0.0411189385041318,0.153359056356384,0.107920594200587
"Los_Angeles",81467,0.333813613861683,1206.32928118812,8133265891.66933,0.0410502540351213,0.312206888626708,29.7023102310231,109.969370876251,12.9354347339496,0.0829991497317781,0.286653450699351,0.177660186451625,0.0389282050148741,0.130427436979562,0.0092772138610781,0.181923172744594,0.0847673958695094
"Los_Angeles",81468,0.296486785714714,1456.85997571429,7272572760.79613,0.0435346620797352,0.306235443907125,29.0401700680272,103.32081057779,12.74434858792,0.12248617497461,0.322648959909476,0.219408901395758,0.0264380578783614,0.153063089358703,0.0286343587273216,0.255583346957377,0.0891802060948299
"Los_Angeles",81469,0.424886842105263,1210.23996315789,444018323.2,0.0436142965733843,0.28410705375044,26.1916040100251,108.130691988447,12.0177770815929,0.138040338588048,0.296909567784493,0,0.0126765615850596,0.179940523727045,0.0678162688033328,0.140042125467018,0.0785913987088988
"Los_Angeles",81470,0.495875,501.183825,370326709.688889,0.0357472934954212,0.218056252226233,22.075,76.5617105039257,9.22916666666667,0.0732417443912276,0.334260101570517,0.132660542854208,0.102383736015512,0.240348246911653,0.0863533408833522,0.207205299317435,0.126410835214447
"Los_Angeles",82113,0.364210526314737,903.580431578947,6395947798.45614,0.0383648327173097,0.195117319100781,22.0894736842105,71.3822796429165,9.31944444444444,0.0785409694766492,0.311397894347526,0.165305508784085,0.0323047865124041,0.178668963182987,0.121803794690443,0.232503910273956,0.144163687908295
"Los_Angeles",82114,0.347566666665,1111.67966666667,7938299958.04444,0.0425636391535996,0.284666833778222,28.6916666666667,75.0070610858733,10.312037037037,0.0762696738159406,0.141245974434882,0.173101196478251,0.0125906873605085,0.111032815597677,0.0336431406718946,0.0797473578148649,0.118868037472689
"Louisville",115422,NA,NA,NA,NA,NA,NA,NA,NA,NA,NA,NA,NA,NA,NA,NA,NA
"Louisville",115423,NA,NA,NA,NA,NA,NA,NA,NA,NA,NA,NA,NA,NA,NA,NA,NA
"Louisville",115424,0.547864285714286,583.262714285714,2871674271.28889,0.035808109406371,0.229823995913778,21.4071428571429,53.3347959121771,6.7,0.0439964463104411,0.144335980779201,0.158199109803307,0.0109626652795861,0.108356921519232,0.0241193574526907,0.111369640162766,0.0367550005076657
"Louisville",115425,0.62885,262.447,4071408196.26667,0.0330602431823531,0.165843993425369,19.25,38.7665931459907,5.75,NA,NA,NA,NA,NA,NA,NA,NA
"Louisville",115426,NA,NA,NA,NA,NA,NA,NA,NA,NA,NA,NA,NA,NA,NA,NA,NA
"Louisville",116068,0.53186969697,649.387727272727,3351811481.6,0.0349592479945006,0.226800363172184,22.2090909090909,86.1619438377603,11.0767676767677,0.017920305053683,0.0759917590523762,0,0,0.0738689495784484,0.0110891973356156,0.0582884649377432,0.0553363288179994
"Louisville",116069,0.428042424242273,328.366883954545,3603095105.16364,0.0413439103486202,0.232816862111742,27.9545454545455,38.16596800717,8.43589466089466,0.12117195072094,0.475955590945709,0.0743932569762535,0,0.11032140332047,0.0529342202512934,0.30044985612338,0.175432973094224
"Louisville",116070,0.445686111111569,288.723074831373,3074936604.44444,0.0370480967181369,0.191483509562471,28.3,45.415686910677,8.69771241830065,0.121510472447475,0.527925115410138,0.0546029008818908,0.0326316040486701,0.208285568566695,0.0445493239213512,0.333900665657017,0.237264602127406
"Louisville",116071,0.571259615384615,522.293076923077,3923974129.55898,0.0268206491792631,0.192904076324059,26.3096153846154,66.2274983805555,9.0508547008547,0.0299895253788019,0.110062850971359,0.0332373352422417,0,0.13812516455486,0.0668220384249914,0.146647119217223,0.11717248943983
"Louisville",116072,NA,NA,NA,NA,NA,NA,NA,NA,NA,NA,NA,NA,NA,NA,NA,NA
"Louisville",116714,0.488968209877037,342.152007407407,2217065691.18025,0.0536772610595966,0.201784705122312,24.1802469135802,49.783015785687,9.89043209876543,0.0815884740360816,0.361688716593157,0.39419793170556,0.0258306675663645,0.0872502340511771,0.0767611786196489,0.27504334489572,0.085160335870275
"Louisville",116715,0.410966266025481,586.692804423077,6610763838.30162,0.0519710182008589,0.231535501276644,29.3078525641026,118.011989091934,12.4268886206386,0.10431135290586,0.427046055542254,0.0920486513323519,0.0606171722469205,0.142483200683641,0.0212292840279071,0.351192178753558,0.125017601387107
"Louisville",116716,0.456582430555583,432.996537513333,5543576941.71429,0.0366744836793604,0.216517807760586,30,85.1606109186868,11.9955241402116,0.120933450011506,0.49015870487845,0.0572879662788777,0.0046342322042533,0.196979229016103,0,0.301257340068104,0.132894037092545
"Louisville",116717,0.527408103975229,485.751190825688,5174379012.58272,0.0280999335279709,0.20572853098632,29.9298165137615,75.9803177910475,11.4415143682346,0.0574752396372854,0.265635119020388,0.100845078565747,0.0473483062364263,0.17791862106955,0.0022626791656771,0.16623100597373,0.107198281845724
"Louisville",116718,0.442006770833125,189.4155875,2802922854.4,0.0166641233862847,0.228571689222008,28.665625,60.4124045279297,11.8680555555556,0.102505013827402,0.490338221735579,0,0,0.139356048213851,0.0324934590646462,0.156503415305189,0.0929545787009947
"Louisville",117360,0.440111111111667,249.653165,3372957602.13333,0.049332294259211,0.172996662557125,24.0555555555556,86.0605496917656,11.4888888888889,0.071848438947776,0.519321213981895,0.114061394223344,0.039476560154118,0.149429336964348,0.0719784449576597,0.338705591953088,0.0964431549537932
"Louisville",117361,0.382065990991216,630.804376891892,4527057931.80639,0.0561341400441955,0.242495121434331,27.488963963964,148.297078398448,14.0440698003198,0.131697570464808,0.314997252153039,0.196029583168017,0.0998426366805183,0.108771410384421,0.0686424394587375,0.227976465421969,0.0862902015491027
"Louisville",117362,0.493303935185417,593.349020972222,3725542587.61315,0.0321652196704731,0.217839528340846,27.9291666666667,127.00378272253,14.7546480011758,0.127391739852161,0.388445806980699,0.199956331617575,0.0359580648306786,0.175919521998566,0.0585006160867715,0.186720792906067,0.052397065283182
"Louisville",117363,0.543071666667286,444.858471428571,3435410667.47053,0.0234587371176939,0.216080184813057,29.0428571428571,93.5818747695272,12.7632974300831,0.0513017318279904,0.271143100678234,0.196611270405855,0.0418475184466852,0.140455957966961,0.0289136392382826,0.156859479548527,0.101845074822719
"Louisville",117364,0.523552777777083,347.265533333333,2761166779.73333,0.0222293907768626,0.240865209139883,26.45625,79.3612330678816,10.7012896825397,0.0754928267881972,0.314074009664331,0.0056709823234626,0.0417260452347508,0.0830652708526245,0.081991364149408,0.168039767216486,0.142967781908302
"Louisville",118008,0.525619791665,545.017,2142380523.2,0.0319391423610952,0.209332752972841,20.95,63.6030500064651,9.72619047619048,0.069258266531398,0.148620593486075,0.216050534092471,0.000364562075724505,0.0558982997733872,0.0247613365155131,0.164989496136494,0.0984738372093023
"Louisville",118009,0.46213333333,567.3175,2736113134.93333,0.0221178879456161,0.221525005996227,22.1,90.0777640797681,11.6388888888889,0.0116037939989296,0.0165282227324205,0,0,0.042618211138938,0.002262443438914,0.0319275692624476,0.0202863961813842
"Louisville",118010,0.518576111109333,528.484186666667,2736113134.93333,0.0258080480855639,0.25034580330054,22.06,72.1452489712692,9.42425925925926,0.0807460314236722,0.279591158081282,0,0.0462280402899461,0.0589367200449936,0.016762365266445,0.0819692930207776,0.138169813916017
"Louisville",118655,NA,NA,NA,NA,NA,NA,NA,NA,NA,NA,NA,NA,NA,NA,NA,NA
"Lubbock",74545,0.2565,622.442,5020234188.8,0.0152654734433481,0.246869996190071,19,80.0397131885359,9.83333333333333,NA,NA,NA,NA,NA,NA,NA,NA
"Lubbock",74546,0.275343333332,686.0156,6259968447.14667,0.0158484412729861,0.246738401055336,20.27,73.7407723060612,9.9,0.0434778397832692,0.2487616899674,0.0396083229113317,0.0073567844256289,0.0277686925238818,0.0392698569314257,0.121383821201982,0.0242424242424242
"Lubbock",75191,0.282357978723617,597.346212765957,4097027887.20567,0.0238439397068238,0.242395020545797,28.7074468085106,85.2567059282365,8.9968422830125,0.098444311792307,0.205488747111163,0.0910931212493813,0.0189556122595691,0.109724524794668,0.0353671661561387,0.117824708173737,0.056010056358561
"Lubbock",75192,0.306348106060568,529.368434090909,6158374701.96364,0.0222094836934798,0.252163817259398,28.5068181818182,92.773662829472,9.01474116161616,0.0988827692134235,0.203807304601494,0.0573790429520586,0.0162903050551503,0.0792103275977266,0.0440738405340175,0.134704921586495,0.065087195209102
"Lubbock",75193,0.210455555553333,78.0314,2623668667.73333,0.0225926790200156,0.269590665896734,25.6666666666667,34.0646015243256,5.94444444444444,0.0141843971597506,0.183608706808342,0.250681639458093,0,0.0190923009168425,0.064069264069264,0.181236252588689,0.0311526479750778
"Lubbock",75837,0.296528623188696,600.274565217391,1340666634.85217,0.0247066898479428,0.211130347588788,27.7304347826087,76.7330047169755,7.97427536231884,0.0700954868610943,0.235502339202087,0.469305785049083,0.0415141240076939,0.0984904284549332,0.0566894351507219,0.11994088029138,0.0364488572198066
"Lubbock",75838,0.279613738738108,538.711453513514,2205035461.76577,0.0316118074709396,0.253300431209642,27.7567567567568,96.8007591840591,8.32689832689833,0.149378604894698,0.394629168792551,0.495472702130031,0.0771105001279783,0.0910010593689805,0.0593252454011947,0.165436823699932,0.102717880167648
"Lubbock",75839,NA,NA,NA,NA,NA,NA,NA,NA,NA,NA,NA,NA,NA,NA,NA,NA
"Lubbock",76484,NA,NA,NA,NA,NA,NA,NA,NA,NA,NA,NA,NA,NA,NA,NA,NA
"Lubbock",76485,NA,NA,NA,NA,NA,NA,NA,NA,NA,NA,NA,NA,NA,NA,NA,NA
"Mesa",73145,0.262968421053158,1196.73115263158,3967576639.32632,0.0239724322657857,0.261781050186408,26.9289473684211,117.952542752344,8.61111111111111,0.0713081839944386,0.260393828607998,0.0627763669114041,0.0194461939716305,0.140113617033174,0.070082858862195,0.158325108679037,0.0877848270931998
"Mesa",73146,0.212337121211818,1523.77790909091,3732208512.19394,0.0331480440708357,0.290453822775321,18.0681818181818,76.3299089678775,6.42146464646465,0.0459902015348022,0.280837459843921,0.284220570519826,0.0269825838709993,0.0547588860893965,0.0851686678101772,0.160210088655283,0.068647464062148
"Mesa",73788,0.206872307692538,1074.97947107692,6932749841.19897,0.0412599897292202,0.313659221392411,29.8158608058608,114.820406179135,13.7449180911681,0.108287611506783,0.383800013945577,0.114182988645935,0.0292436261095052,0.0846721565563825,0.0059267038625076,0.18498249397472,0.0546723529682266
"Mesa",73789,0.205193263888583,1073.99585,7381044291.11933,0.0409254568238396,0.330065350482861,30,113.779674702139,13.0786127645503,0.0978876085537383,0.307590739332621,0.128187672508473,0.0249953302969218,0.0888330106994092,0,0.137974526342575,0.0637253739157197
"Mesa",73790,0.243867577031176,824.695764705882,6223647324.20339,0.03032622863683,0.302271035413782,29.9848739495798,125.24142638875,12.4268557422969,0.140853294248315,0.246395623691364,0.178537846542703,0.0403970494332418,0.129256531469356,0.000500216901961727,0.177790265493246,0.0778908225552027
"Mesa",73791,0.224342525772887,674.047997525773,4589233310.57778,0.0305305925055266,0.277074567666373,29.9814432989691,123.285251221877,9.91554778268696,0.135489382995499,0.316838591778425,0.184211380608473,0.0265587381757895,0.136340813769883,0.000612558730131722,0.121933515945203,0.123301339338507
"Mesa",73792,0.189458625731228,682.490973684211,2885963978.55238,0.0354002725358202,0.280017665342281,28.6482456140351,117.981352254738,8.19148217766639,0.10054843946245,0.245330888848893,0.398479127999515,0.0012571680374554,0.114396009206837,0.0378875171025638,0.127768018626501,0.068002973686406
"Mesa",74434,0.232762719298631,1116.82973296842,4212598227.42695,0.0352658759172883,0.28711966207545,27.7924561403509,108.606285433716,13.3263143971039,0.143851494369022,0.392791939566869,0.14801596462748,0.0487747496723441,0.152458512221595,0.0556000174850225,0.242067047797992,0.0744809595910206
"Mesa",74435,0.248864492753478,1099.01997152174,2703112566.35362,0.0387888536722367,0.306171369941338,28.4418219461698,118.159014917066,13.1003019323672,0.0819587429191209,0.213358504137241,0.0019502178257024,0.0215259265858031,0.0909819195085084,0.043196658946285,0.116343859860459,0.0616144424417882
"Mesa",74436,0.251162439613913,633.214833333333,2543050957.91304,0.0295301913392748,0.302611753128577,29.6497584541063,107.465434406832,10.6092592592593,0.112229626124771,0.295332670892868,0.0297957058748488,0.0301045446218822,0.117642484345699,0.0107096431417692,0.184898279384828,0.134481121320539
"Mesa",74437,0.212809848484848,497.419807424242,1696658751.61212,0.027588827453488,0.247468272449844,29.3980519480519,86.5796239412892,8.78535353535353,0.093338721323858,0.285717847761702,0.217836098544129,0.0205511847217346,0.184122908496647,0.0180320198874304,0.191236649271215,0.112849390716594
"Mesa",74438,0.18448333333375,533.9818125,516333726.933333,0.031124101520363,0.274910500273108,28.3205357142857,91.5088849407244,6.98784722222222,0.0544111793085036,0.151228794484924,0.25851365813239,0.0694364371348338,0.125005194237165,0.0323465430814338,0.175435054285532,0.0754503105590062
"Mesa",75083,NA,NA,NA,NA,NA,NA,NA,NA,NA,NA,NA,NA,NA,NA,NA,NA
"Miami",10832,0.474823232323258,1169.81026969697,9890177097.99898,0.0347428759354159,0.29198523486654,30,139.208884724432,14.7388032632351,0.124984613190177,0.355061673508003,0.0701566467855639,0,0.139886492691771,0,0.150989571875901,0.0525900811447674
"Miami",10833,0.424327985739412,2529.84883970588,12756277061.2856,0.0353048049150625,0.306542087017613,29.7117647058824,159.541887621844,15.2180344566567,0.159551543114923,0.441669781147588,0.166445922662097,0.0073983960168839,0.110823481181033,0.0093400258539369,0.159839222850212,0.0548456381547322
"Miami",10834,0.281633459595556,1641.60966666667,3548782866.72593,0.0252587013030113,0.166419443984826,26.7111111111111,200.029091142957,14.1409915782723,0.356004661826071,0.447706779937605,0.132665430649418,0,0.261306873296677,0.0876317249029395,0.22730128239063,0.0644862263018683
"Miami",11478,0.31210921717197,874.847755957226,9645170577.7832,0.041645044008322,0.260598758344052,30,92.2285603985672,13.7081930835719,0.182181583911929,0.554316002304551,0.138109605977792,0.0394685901594969,0.25617396885851,0,0.298733755560355,0.0779853288922899
"Miami",11479,0.411964642110603,1594.82196465517,13818043864.5241,0.0539837819066184,0.316309396534805,30,158.604776862682,14.9069535110483,0.122584909731272,0.326852383214862,0.0784908787014432,0.0506227529860972,0.123042598564738,0,0.113708396864651,0.0313382543970342
"Miami",11480,0.348367205318,1428.77091428571,5452967473.24952,0.0279266175105813,0.183536315563002,29.5485714285714,166.185581885905,14.4407080374374,0.250074886054027,0.396313330806486,0.174641312015167,0.0081885510119793,0.270990527708486,0.0141779705500455,0.259715705211147,0.063926508952522
"Milwaukee",161265,0.4741494791675,255.987330875,6616687679.46667,0.0192996879541439,0.179034249507822,27.2578125,44.5881210102918,10.1388888888889,0.0688267410275222,0.365774094759498,0.184163211342359,0,0.18283361974981,0.0639563628546861,0.345874123199819,0.0813313356164383
"Milwaukee",161910,0.439463257575227,688.535454545455,6202399799.07879,0.0266981326941706,0.25582661411979,29.4784090909091,127.821232369913,13.5591931216931,0.0389359617481779,0.193200025170205,0.143142896787505,0.0125961222299982,0.0938441734236428,0.0152575249429649,0.143066671580833,0.058396785318873
"Milwaukee",161911,0.435248635057414,633.185581767241,7423243696.55172,0.0287730893598471,0.214846974736529,29.9185344827586,105.983203887269,13.0563542938543,0.0769649702774031,0.361298025125985,0.144957522435099,0.0500362529863029,0.180088307307044,0.0026703757081134,0.25992642936616,0.0780089166049145
"Milwaukee",161912,0.431643827161111,568.740334907407,3312925537.65926,0.0296021792046091,0.198997037036827,29.7592592592593,96.0148698342822,12.8016595630022,0.0850792588443728,0.432483605262524,0.0277981251900459,0.0145138720449065,0.255882652992157,0.0076632326165618,0.321214086548668,0.0634855919151268
"Milwaukee",162556,0.396608116882857,771.687767532468,6031545799.25887,0.0303899399024376,0.271503376109259,29.438961038961,122.347158933603,14.3279659614075,0.0924932534677238,0.297277639499326,0.171856150653036,0.115963231028088,0.138240462424741,0.0167579905536496,0.129089401743968,0.0632046967636411
"Milwaukee",162557,0.341799624624955,1231.6650990991,9444391429.22763,0.0440184060528068,0.302624370063747,29.922972972973,160.13881430262,15.0751452543119,0.135869326157865,0.362486415085411,0.103872639066099,0.0720378315759928,0.122985997597067,0.0025303721279876,0.169863794947072,0.0403072154932668
"Milwaukee",162558,0.26299117647,2042.02912352941,4970601676.8,0.0291153818093155,0.258517939378233,29.0382352941176,192.251329532088,15.2590983363042,0.331564796535418,0.373909464085034,0,0.0056998302539188,0.161699466006739,0.02569098134544,0.212709140044699,0.0250059327400736
"Milwaukee",163202,0.4179803442025,649.646876086956,4197672506.24928,0.0419676765441664,0.239889663117735,29.6429347826087,107.721119817189,13.0932732474852,0.0674218988149425,0.350566361393784,0.10831471620674,0.0917625684438255,0.165210754200106,0.0111110978254891,0.227963041248521,0.0729436081667181
"Milwaukee",163203,0.405219675925741,863.272952777778,5083828330.74568,0.0544605075539735,0.276137685541201,29.9833333333333,126.276547244749,13.9394181307376,0.0674812270007793,0.272884502147953,0.261283181685243,0.0864906123987921,0.136718662935498,0.000550717476787515,0.139371456380798,0.0407934127215371
"Milwaukee",163204,0.415474702381429,1329.72375,2644677786.51429,0.0286909343729412,0.261827714475138,29.5714285714286,156.719183843392,14.551927668892,0.117990777700153,0.324008551453961,0.282687893821459,0.0011100241093728,0.183515274920341,0.0129399585921325,0.131260978015116,0.0310383193317167
"Milwaukee",163848,0.411086111110278,374.395597222222,2931906631.76296,0.0389180225829598,0.203646333474252,28.0180555555556,58.5445401461788,11.7230268959436,0.0689895869540574,0.320694201218064,0.258332167472628,0.0652487787030429,0.0953931321569553,0.043665350275671,0.203188334764737,0.0657433064862499
"Milwaukee",163849,0.425445175437368,360.884036842105,3810706288.50526,0.0385606914307114,0.193684842633574,28.6026315789474,62.3014812523079,12.4547305764411,0.0695157996755719,0.344344151563552,0.119412469625101,0.157176159477109,0.105079804307972,0.0339061841742086,0.161988812843882,0.0316001736050203
"Minneapolis",181231,0.407383412698,673.273976667143,9900826975.73587,0.0235332348716717,0.217106303945184,29.9314285714286,107.721242873052,12.8932169770265,0.0964243580540227,0.332797572926188,0.212424766795768,0.0101127984015489,0.175565050220018,0.0022364042982599,0.1650548492143,0.112505111410095
"Minneapolis",181232,0.381013565891163,932.100648837209,12138216458.1209,0.0311765933826809,0.242841547138469,29.5505813953488,131.275683686462,14.3767075059953,0.063835915821202,0.283040915122087,0.117845737100675,0.0628822057847027,0.145020145210121,0.0142514896632946,0.0772187379271038,0.0248369078193043
"Minneapolis",181233,0.411801234567963,774.101196703704,9461497411.31852,0.0280743039987097,0.220452480156113,29.75,124.206389206616,14.1570434281082,0.0525192222637945,0.310603020808547,0.0830012555421355,0.0810801701870418,0.186379483514979,0.0078742608154372,0.173793620429904,0.0571595195371893
"Minneapolis",181877,0.363019977169315,1052.36063315068,11363660056.0804,0.0343476616159658,0.2266435478495,29.5787671232877,125.747801546134,14.6849791950819,0.113469787277619,0.389935804991176,0.205171212782673,0.104282509969145,0.159648258838499,0.0129040239428644,0.160685208136814,0.0516050870072519
"Minneapolis",181878,0.293915732758965,1609.9964637931,11837259630.6391,0.0450293529272783,0.262086378442573,30,147.382396804894,15.2892832642294,0.135513041894994,0.420465011146092,0.174646186119763,0.0349066085037111,0.129479388995508,0,0.214696859569552,0.0371520875035331
"Minneapolis",182523,0.380108430232326,734.822553488372,7730045418.17054,0.040379339456724,0.221450720762098,30,118.627793686156,13.4941176018211,0.0621019798461292,0.265933965822216,0.005410446002221,0.0283899138679403,0.112096517172389,0,0.145317984506322,0.039229026724294
"Minneapolis",182524,0.360652804486827,668.360085288462,6172464508.71795,0.0385850222628195,0.22648344317881,29.9264423076923,104.503988388628,13.8242076210826,0.0946660630948188,0.39387543462937,0.119395784147154,0.025468769778622,0.142852084684723,0.0023981693279008,0.180746657974837,0.0390534539603762
"Miramar",12769,0.444183467741452,743.471580645161,3795698456.63656,0.0326648024508446,0.200690143675949,29.241935483871,53.2852387967156,8.91993727598566,0.0549624913884283,0.282020665562026,0.129379142517639,0.0205085010516951,0.194625332282892,0.0228030532177997,0.142561551026658,0.0717644031813305
"Miramar",12770,0.449992307692231,1106.73727384615,8217394731.39431,0.0387864246820626,0.242339876981882,29.9723076923077,84.5082011684092,10.8513573463573,0.0747757621100225,0.348376589981058,0.225903244633868,0.0355591285061499,0.178777741862481,0.000916822629172491,0.25741034236087,0.1010390469413
"Miramar",12771,0.453264709596212,1216.94450378788,9680484192.09846,0.055060665532163,0.316665757899032,30,111.085410124456,13.2440446127946,0.0563704677756582,0.236015496134698,0.136742008268113,0.00086243525823685,0.115885748499603,0,0.147123987636348,0.0513124052462615
"Nashville",96679,0.57754166667,760.917,5977304029.86667,0.0168616509714321,0.164214000105858,21,32.8210579592805,7.33333333333333,NA,NA,NA,NA,NA,NA,NA,NA
"Nashville",96680,NA,NA,NA,NA,NA,NA,NA,NA,NA,NA,NA,NA,NA,NA,NA,NA
"Nashville",97322,NA,NA,NA,NA,NA,NA,NA,NA,NA,NA,NA,NA,NA,NA,NA,NA
"Nashville",97323,NA,NA,NA,NA,NA,NA,NA,NA,NA,NA,NA,NA,NA,NA,NA,NA
"Nashville",97324,0.566553888888,761.7924,5087807739.44889,0.0324683714100679,0.16171233355999,28.17,67.4056628990801,10.3385846560847,0.0286662280182093,0.300652046993964,0.114155895819044,0.0723089661868748,0.0852405282023435,0.0391906283280085,0.0594680103465047,0.0951856263521994
"Nashville",97325,0.548397881355763,790.058627118644,5085226003.56782,0.0349561734746045,0.166654475790969,28.9474576271186,60.462861236087,9.62993677697068,0.0383522007422512,0.196197773723592,0.126690049564499,0.0154565228024288,0.0932022840623323,0.0274556621720995,0.155392287498786,0.11839219434502
"Nashville",97326,0.556063425925556,794.302027777778,2696256548.02963,0.0326664028413217,0.176595002412796,27.0416666666667,58.2002193079025,9.03904320987654,0.0375705153980875,0.167142012175089,0.200722829883166,0.0051640531925644,0.126614255589284,0.0779603949095474,0.146892718578291,0.161812325360376
"Nashville",97968,NA,NA,NA,NA,NA,NA,NA,NA,NA,NA,NA,NA,NA,NA,NA,NA
"Nashville",97969,0.464148550725652,756.964652173913,4265178397.68116,0.0210781875508896,0.238171437512273,26.045652173913,137.663391173258,12.7744910282954,0.0764819619778162,0.194924020757153,0.17427363275745,0.106698737097965,0.083498612646481,0.0743423463962868,0.193884233122986,0.0968614401014338
"Nashville",97970,0.411102469135679,729.205038320988,5256345559.54568,0.0310048366870326,0.249230579921493,28.379012345679,148.19541634071,13.885742863675,0.119932512823584,0.431601192076251,0.117645902819139,0.0350632744726893,0.130623663168384,0.0440442182296273,0.366232903901128,0.0895249142472925
"Nashville",97971,0.49132358156,667.046076595745,2875311175.42029,0.0368533322405149,0.194622659778341,26.5691489361702,61.9183104736235,11.1890535292131,0.0790091036125279,0.283214392758002,0.0472959891827713,0.0142844401986347,0.150031203994999,0.0781740605854081,0.170534280572722,0.0624451957454466
"Nashville",97972,0.5594909722225,736.795583333333,2040512196.26667,0.0338364311636264,0.168455334380269,27.6472222222222,63.9287026726981,10.45,0.0228463910435587,0.16982543703419,0,0.0288880091990012,0.16651793835353,0.0506547439632941,0.0800669386503749,0.0505050505050504
"Nashville",98614,NA,NA,NA,NA,NA,NA,NA,NA,NA,NA,NA,NA,NA,NA,NA,NA
"Nashville",98615,0.421285833334,765.4276,3237701939.62667,0.0313910765628557,0.233868800103664,27.105,157.392616018072,13.9768849206349,0.086285637423228,0.152965061620459,0.222936593646798,0.246080612380369,0.114658807565205,0.0572772551189817,0.15661737623804,0.075246829019001
"Nashville",98616,0.401386835749275,860.283936231884,3486709881.22353,0.047573161387001,0.236088260360386,28.1949275362319,163.90024165316,14.7144889195614,0.13768289280291,0.336272450101355,0.123777242685423,0.0598959090336999,0.0929694915168759,0.0457030730567533,0.258667928140047,0.0708997684408083
"Nashville",98617,0.525827083334167,668.647616666667,3438308414.57778,0.047818775834961,0.239619332055251,26.2875,111.218540689694,12.7307374338624,0.0578485701328074,0.250302536452289,0.0097037557725964,0.0554908209326887,0.0771224484247755,0.0531383737517831,0.235639998291097,0.0578069497568039
"Nashville",98618,0.50161562500125,603.2925,2513532689.06667,0.0309302062822886,0.184314627200365,20.50625,59.2793377968788,10.1885416666667,0.076163012846113,0.354599499828027,0,0,0.136855237632528,0.0486513258153002,0.111191403011512,0.0883558259210033
"Nashville",99260,NA,NA,NA,NA,NA,NA,NA,NA,NA,NA,NA,NA,NA,NA,NA,NA
"Nashville",99261,NA,NA,NA,NA,NA,NA,NA,NA,NA,NA,NA,NA,NA,NA,NA,NA
"Nashville",99262,NA,NA,NA,NA,NA,NA,NA,NA,NA,NA,NA,NA,NA,NA,NA,NA
"Nashville",99263,0.4874340277775,595.117583333333,2128253030.4,0.0383807381462443,0.198209585001071,22.1833333333333,84.2842960710816,12.5171296296296,0.0283688675816689,0.141773301756007,0,0,0.103758410084062,0.0057600801402454,0.149821915273294,0.0602476852708017
"Nashville",99264,0.537947916665,528.57075,2640202726.4,0.0282752569157741,0.191054996103048,22.025,66.3613450313929,8.96180555555556,0.0305569002560828,0.173755476442841,0,0,0.0108090600278614,0.0065266742338251,0.0687823411303763,0.0351607903913212
"Nashville",99906,NA,NA,NA,NA,NA,NA,NA,NA,NA,NA,NA,NA,NA,NA,NA,NA
"Nashville",99907,NA,NA,NA,NA,NA,NA,NA,NA,NA,NA,NA,NA,NA,NA,NA,NA
"Nashville",99908,NA,NA,NA,NA,NA,NA,NA,NA,NA,NA,NA,NA,NA,NA,NA,NA
"Nashville",99909,0.48403333333,431.543,2640202726.4,0.0334795466719921,0.232748001813888,21.8,48.4910983107287,8.53333333333333,NA,NA,NA,NA,NA,NA,NA,NA
"Nashville",100553,NA,NA,NA,NA,NA,NA,NA,NA,NA,NA,NA,NA,NA,NA,NA,NA
"Nashville",100554,NA,NA,NA,NA,NA,NA,NA,NA,NA,NA,NA,NA,NA,NA,NA,NA
"Nashville",100555,NA,NA,NA,NA,NA,NA,NA,NA,NA,NA,NA,NA,NA,NA,NA,NA
"New_York",138161,0.398900103980392,985.418222313725,5832532845.09281,0.0360405501147062,0.203405881556226,24.9049019607843,81.1995489448769,12.2969874987032,0.154386712987195,0.539971160113506,0.163091138354528,0,0.207659682687868,0.106959730709589,0.28894978543712,0.0865233963422424
"New_York",138162,0.427539473684737,666.225360526316,7582271963.17193,0.0280003140366623,0.161118315728871,27.8315789473684,97.5233813788435,12.6950292397661,0.21093018145343,0.440037737033008,0.200484513493157,0.0453391686260701,0.291361084515515,0.0582450832072617,0.161657854017723,0.0714262335480315
"New_York",138808,0.42878193069297,764.11642999673,11273215308.4587,0.02848948939228,0.176134325121299,30,90.6805353135295,12.579564861248,0.140332336231934,0.572513654037829,0.110898155057973,0.0217074255191712,0.336486960372509,0,0.366591444370311,0.0772995482164171
"New_York",138809,0.47533879097102,1160.29610534714,16273681470.5778,0.031214406764877,0.201742715734456,29.7380952380952,127.215161661387,13.8795865604539,0.14323436205511,0.387394969524609,0.170785516487833,0.0395841625550348,0.307040243974421,0.0085339408553081,0.166371157070626,0.0664975536989692
"New_York",138810,0.327722451790909,2816.66790909091,108461887324.16,0.0475197225360497,0.147033909037749,29.6969696969697,100.778457075278,12.8650198872335,0.120791581356998,0.389206897616205,0.174054984726076,0.137492688757497,0.401317665590773,0.0092764378478664,0.146793168147327,0.0675601899792772
"New_York",138811,0.312353950215714,3916.22264285714,133674723191.467,0.0295522828796976,0.236006787845067,30,135.827363875919,13.9388114496197,0.127429041853038,0.369537161953741,0.021566535990177,0,0.174160141028863,0,0.113236325770996,0.0330519652716194
"New_York",138812,0.0835605723883333,1305.31296666667,36210360674.9867,0.0315897108786022,0.108702167868614,26.2333333333333,54.5910379014542,9.61609848484848,0.33804420804241,0.402890747350527,0.188322879042551,0,0.113220939724368,0.0688267683185091,0.183445421292745,0.110674527362531
"New_York",138813,0.17522222222,643.88,14841336490.6667,0.0416754181399436,0.153965994715691,21.4,109.990512499802,13.125,NA,NA,NA,NA,NA,NA,NA,NA
"New_York",139454,0.361954066609434,790.058139651814,15491982803.5623,0.037034384170176,0.182128150213207,30,80.2949450795359,11.6543913524456,0.148906994387727,0.682597082114703,0.0402863026708334,0.0261796014476385,0.311558931444479,0,0.416819483120558,0.121832112370069
"New_York",139455,0.405622623138763,1495.10606179381,22360176444.3491,0.0320828223434805,0.223810443764471,29.8872852233677,133.784261593947,13.8818076015241,0.163832077771215,0.392093471372407,0.112878522523267,0.0377085408789859,0.22896417777337,0.0036580086682714,0.163782662573582,0.0652735563469793
"New_York",139456,0.300785883838472,5217.42803715278,88928057526.0444,0.0365066357299131,0.316361596652617,29.4856481481481,100.172999557569,13.5839863858049,0.205907355869713,0.348620420297511,0.250515038806053,0.0453379102090493,0.220326327681099,0.0155497373521679,0.107674208590123,0.0444379004147331
"New_York",139457,0.310857523148229,4705.4181547267,114593985814.756,0.0375673144042753,0.321045958902687,29.7602430555556,118.332233134748,13.5651136976288,0.146811419683813,0.312802833571464,0.138244583225641,0.0262483247966948,0.167636456155154,0.0076216147762694,0.190956796224228,0.0398015048625135
"New_York",139458,0.308484160354063,1018.41369116034,33333494020.2667,0.0419809941115169,0.140311345989176,26.69375,90.0320176533064,9.83708870701058,0.156148231308036,0.672947656121595,0.243233904292695,0.0232053295474129,0.420392494245779,0.06924485873722,0.462961890801008,0.179696910303164
"New_York",139459,0.4418581111116,1297.70432424618,15160293537.1093,0.0373730056146752,0.238968060594052,27.748,119.597356698161,13.0876404521405,0.0843684661976398,0.459024848574153,0.0129479873482283,0.0084143789783378,0.209109717844506,0.0603123348229301,0.200075345874742,0.117103389773854
"New_York",140102,0.224080301339375,5471.50653665625,90540126810.4804,0.0405613083783994,0.247845532445353,29.4575520833333,132.895361652015,13.7984048610593,0.411115372269672,0.465211270690508,0.228179151468344,0.0673835599806166,0.25188898673656,0.0164142823359884,0.233844268346446,0.062424720824024
"New_York",140103,0.262378571428938,6860.68944612389,116397092493.41,0.0473040160575866,0.353464770567628,30,118.043521640577,13.4962022693587,0.231674200068591,0.3062692362699,0.103184616130564,0.0202727635432318,0.113821336008602,0,0.203998912498707,0.0433100325207942
"New_York",140104,0.314763511326311,3725.16103710806,75178279114.1229,0.0448939571099256,0.292503021657467,29.7621359223301,137.297149366382,14.2224349025244,0.17956264733533,0.333453479515158,0.108905417134369,0.0206871243236382,0.160500621034668,0.0075927999201891,0.151510445876488,0.032812568081019
"New_York",140105,0.353059477123824,2414.33203823529,39561079312.5597,0.0486920427874524,0.304879244636087,29.7137254901961,163.65310795055,14.2798560216337,0.0891643445505366,0.2922896155262,0.259691845705299,0.0187692711694917,0.0864154460993595,0.0092443074629878,0.0879541655457202,0.0291007107807793
"New_York",140748,0.193805598503707,5887.7708573256,59844436865.5583,0.037917974093008,0.264210575966743,30,110.020003491093,13.8434411364091,0.392116190339076,0.521439790480169,0.378028553766404,0.00679419283278,0.223384917537759,0,0.286081940671145,0.0631661283914168
"New_York",140749,0.245916700382885,6543.14641371154,113005996847.223,0.037487324820482,0.300090202237838,30,93.6005129974575,13.3780022148485,0.278757937279496,0.485678354712877,0.143233516232809,0.0354783921462043,0.186287393361642,0,0.230603954559887,0.0706122241996224
"New_York",140750,0.295325014709806,4299.15060817214,53036224911.5608,0.0360788141912138,0.288588631127337,30,129.311988010857,13.9215884616258,0.197077920523662,0.492035234695817,0.268533077318807,0.0295039846558,0.197369608016748,0,0.149219399023842,0.0601238456614198
"New_York",140751,0.449579804805045,1449.21645945946,21524200395.8691,0.0327390014926715,0.249062927674737,29.8918918918919,128.740910544832,14.1882377895729,0.105934588739657,0.359717898259991,0.40734956225215,0.0642065727866399,0.209684917070158,0.0035623326762567,0.151690729997781,0.0572962193491881
"New_York",140752,0.502659848485124,725.684262479339,9745677354.09778,0.0258901359682798,0.236932907930829,29.9367768595041,130.420396149667,13.9236144212384,0.108190311930114,0.405479359118959,0.338886783152812,0.040942809190595,0.201554688199599,0.0020677412852507,0.186897506712498,0.0901994157952358
"New_York",141394,0.344946332418898,1664.0699050063,34210077670.5355,0.0389977638186776,0.201409204908615,30,100.885374535041,13.8102664924437,0.125177100038491,0.659791138820065,0.503463496327328,0.0064514527656998,0.31252229040085,0,0.300639083068502,0.0649761232552727
"New_York",141395,0.256264076314312,6483.38576150688,78130711648.7111,0.0503698351358158,0.251087385031113,30,109.212862213793,12.8614016017304,0.178547809447036,0.47086363947126,0.34609215886782,0.0863194786401256,0.24470543031613,0,0.19156648427765,0.0859979724716631
"New_York",141396,0.294830537772253,3774.41361408451,62967812288.1219,0.0466749715116573,0.269519339250007,30,112.675791930572,12.8008797485933,0.228962812498946,0.44217340379145,0.248019687614919,0.0497932109960963,0.187918284701786,0,0.188033826650053,0.0811858882616659
"New_York",141397,0.516714583332917,879.054708333333,7679502264.04444,0.0300585938302599,0.20861991836379,27.64375,110.996127896726,14.2760764890973,0.114682464485275,0.326848540301475,0.329233991253479,0.0160000509149232,0.163482845751242,0.061210967920215,0.0861566525261215,0.0609792188060001
"New_York",142041,0.474424225121667,2146.27182893824,32083338745.837,0.0537461867214504,0.166308980808228,29.8882716049383,91.6554777873203,12.0709732995012,0.15724002977582,0.685342198397385,0.533616003331962,0.0106361547198431,0.344579207019753,0.0036561634436435,0.255687504389596,0.113360643684215
"New_York",142042,0.450819191918788,2686.28316167051,43610776688.1524,0.0534774693189371,0.247358071110376,29.6405723905724,112.773871535942,13.4515631410682,0.142248048304683,0.493778169845786,0.462076711688327,0.0051665281724405,0.231176948615097,0.0115320128269891,0.156407628633924,0.0533997014431504
"New_York",142043,0.445190942029565,1373.78833086957,7845595522.5971,0.0420697268240393,0.233023822793494,29.6782608695652,113.423260149425,14.4311651713826,0.185751241095242,0.365100769623172,0.120197694302411,0.0725817238432462,0.132530335939667,0.0103695588478834,0.113354807783573,0.0506933597196769
"Newark",140100,0.308191653687009,1538.79326519778,16684949776.4226,0.0598271741306132,0.241657746694634,30,97.1874225734701,12.1173012821377,0.224033362874211,0.538205815046307,0.0235194946748341,0.0653769415818185,0.198991109960241,0,0.271543121264887,0.0986678352759471
"Newark",140101,0.227123471229101,1368.74685897261,22466847232.3835,0.0474090103713999,0.224833539169114,29.8683520599251,84.7968146666209,11.8538753564861,0.232366394797698,0.698235860123939,0.185750034750055,0.0298869071843383,0.267380496007211,0.0042724201850015,0.346394478152561,0.0967724934374237
"Newark",140745,0.571619907406481,1063.74831111111,8141487629.20252,0.0407593048239803,0.205729555614568,27.6206790123457,102.865933046096,12.4628244697689,0.0560563823720367,0.376689203444665,0.25139771501408,0.145235156996346,0.137028479812115,0.05435866300646,0.16157463566811,0.0791196212457502
"Newark",140746,0.375752152777333,2676.47359166667,12281737625.3132,0.0676388704392038,0.267224033859869,30,130.490858979833,13.9583471837366,0.166855169751162,0.269031736160113,0.125550348210424,0.0063443046163123,0.116246442412835,0,0.124724825577591,0.0400077642631344
"Newark",140747,0.308503024193306,1330.1931171129,17205642866.0553,0.0471495653613073,0.214545903549738,30,77.4507438792655,11.8209379399748,0.182022807848701,0.67365482523347,0.253784033859823,0.0840491786730567,0.317918569942733,0,0.442623175447916,0.141581505113252
"Oklahoma_City",90743,NA,NA,NA,NA,NA,NA,NA,NA,NA,NA,NA,NA,NA,NA,NA,NA
"Oklahoma_City",90744,0.397930714284857,453.224868571429,5269635348.48,0.0211561864741859,0.191011513876063,28.8828571428571,65.7793155333647,8.38095238095238,0.0615681993658616,0.298565604584941,0.10061361028704,0,0.195205599219706,0.0315164704718567,0.182637673319414,0.0922997835497835
"Oklahoma_City",90745,0.362043888888667,586.289133333333,3385301922.70222,0.0243429391442874,0.218275200327237,29.235,92.3127462707956,8.66408068783069,0.0568317632859471,0.198504806748555,0.19207731733661,0.0261821520500273,0.102606444499039,0.0222165212929707,0.145512071836526,0.0893784444737911
"Oklahoma_City",90746,NA,NA,NA,NA,NA,NA,NA,NA,NA,NA,NA,NA,NA,NA,NA,NA
"Oklahoma_City",90747,NA,NA,NA,NA,NA,NA,NA,NA,NA,NA,NA,NA,NA,NA,NA,NA
"Oklahoma_City",91388,0.380209722223333,567.011,748649120.711111,0.0223370368381359,0.244363670547803,20.8583333333333,71.0464369154755,7.99953703703704,0.0278763060809922,0.103070016866222,0.0892659195066844,0,0.0349067622580458,0.0288320681848448,0.130942260704142,0.0606805949418369
"Oklahoma_City",91389,NA,NA,NA,NA,NA,NA,NA,NA,NA,NA,NA,NA,NA,NA,NA,NA
"Oklahoma_City",91390,0.369645833333378,631.913442297297,6027716347.38739,0.0288043261325398,0.242624483901907,28.9907335907336,98.9206599826423,11.9613622551123,0.0510831275879646,0.245845017609922,0.0283761165906358,0.0496290447499302,0.115089459922929,0.0303497934980501,0.179149841711884,0.100550853128444
"Oklahoma_City",91391,0.376135162601463,484.507324390244,4220692461.68455,0.0341139276945439,0.232207436932296,26.2618466898955,69.5128658743273,10.500493612079,0.0717616716723229,0.257009923962545,0.157648859947878,0.0461175035149568,0.087143216900698,0.0829594805437715,0.181579089934141,0.101806395223922
"Oklahoma_City",91392,0.431641666665,546.5805,3596657578.66667,0.026781489214918,0.210825994610786,20.725,69.2631232446266,7.11111111111111,0.0129833774176612,0.0224289926186536,0,0,0.0214371090561949,0.0355850422195416,0.0874413716096735,0.0078124999999999
"Oklahoma_City",91393,NA,NA,NA,NA,NA,NA,NA,NA,NA,NA,NA,NA,NA,NA,NA,NA
"Oklahoma_City",92034,0.376160714284286,586.545785714286,1594236476.4381,0.0251159903209391,0.230395854583808,21.175,63.4904354779814,7.93154761904762,0.0480024414235317,0.215207715485857,0.250226796802556,0,0.044896591467591,0.0442739079102715,0.251552010332277,0.0726614848566068
"Oklahoma_City",92035,0.339408908046034,336.995530073621,4909999790.49195,0.0348690942591764,0.231359860763468,28.3146551724138,58.0604469198706,10.4585249042146,0.108895556369979,0.467168786448348,0.0403739524415474,0.0312565008468428,0.160184669977601,0.0494732311116477,0.332687787021235,0.112665932504912
"Oklahoma_City",92036,0.339564759887119,470.862649152542,6163455376.3435,0.0310175950375426,0.250431728438806,29.7745762711864,112.605088867844,13.2587480943413,0.0947714554517804,0.380292852416362,0.0557833230041268,0.0064910227657428,0.141984098897931,0.0073785304302269,0.307370557585757,0.0852865010616642
"Oklahoma_City",92037,0.3684095833335,400.237803333333,4102116291.2,0.0367062094834323,0.232881467416883,25.8633333333333,124.227306543943,12.5460207231041,0.0955535160084829,0.269194229842629,0.194896459737997,0.0392839260797289,0.118857147074584,0.0826008506250805,0.240078043534331,0.133006359596137
"Oklahoma_City",92038,0.390313055556333,446.884888333333,3978219033.03111,0.0323119463888842,0.240245667099953,20.9933333333333,90.7234587188351,10.9558267195767,0.0726923378935544,0.254011838288473,0.0255767016142211,0.0057052760068009,0.0970153823458961,0.0614904202392294,0.186226861884259,0.116130150679245
"Oklahoma_City",92039,NA,NA,NA,NA,NA,NA,NA,NA,NA,NA,NA,NA,NA,NA,NA,NA
"Oklahoma_City",92680,0.3571864583325,459.303,460169329.233333,0.0237164259014864,0.227010248228908,21.8125,74.1727001196462,8.71051587301587,0.0377957503490247,0.187570759389771,0.232769634964496,0.0221296690941051,0.0782850178156427,0.0175501432664756,0.16587068829124,0.0549816632878522
"Oklahoma_City",92681,0.373437268519167,507.368234225972,5640790036.85926,0.0266731018438254,0.232116944441158,27.2520833333333,94.8424636687531,10.3016121031746,0.0708729712525271,0.284812660978698,0.0632832459338518,0.0575015283738576,0.141126894474,0.0717477568540178,0.151471911526825,0.129561218961664
"Oklahoma_City",92682,0.376318772894286,520.806634175824,5511866700.70623,0.0279519576342727,0.254107704079086,27.3021978021978,113.45656091841,13.2729235711379,0.0696916949405652,0.252887679988684,0.0239001116626848,0.0252927291194548,0.0935253673734022,0.0674436451051464,0.149750687864221,0.0725075345747093
"Oklahoma_City",92683,0.347097023808571,253.131857142857,3154985400.38095,0.0365799325184622,0.219566640044962,27.8464285714286,111.47396911533,13.3848639455782,0.0951608837251111,0.174890822811472,0.276497386038803,0.0255489513392861,0.105341986257983,0.0485626339801022,0.250394073702478,0.0554202266144631
"Oklahoma_City",92684,NA,NA,NA,NA,NA,NA,NA,NA,NA,NA,NA,NA,NA,NA,NA,NA
"Oklahoma_City",93326,NA,NA,NA,NA,NA,NA,NA,NA,NA,NA,NA,NA,NA,NA,NA,NA
"Oklahoma_City",93327,0.376091898147778,486.452993222222,1805934261.27407,0.0221109891189186,0.223636862356216,28.8583333333333,76.5403210405842,8.13021384479718,0.0451082147441506,0.239174735691465,0.441840871696995,0.0559856749645067,0.153048088982633,0.030205559298831,0.109896408426929,0.0745873063863961
"Oklahoma_City",93328,0.37903895833325,625.28486515,4125597476.69333,0.0273644545222498,0.234635225310922,24.41375,86.8159744307342,9.42734126984127,0.0684204487537931,0.260311610436474,0.112602058512424,0.0213032098802056,0.119929715127284,0.0808547949413752,0.170675998407154,0.100904395144148
"Oklahoma_City",93329,0.407849193547742,428.640870967742,4523750505.15269,0.0209819483694169,0.248329227009127,28.7370967741935,83.8625367433028,9.4794674859191,0.0800120867897196,0.213767540355521,0.0063110447159801,0,0.0892555872277627,0.0357505608090859,0.143564337519037,0.0676467298141851
"Oklahoma_City",93330,NA,NA,NA,NA,NA,NA,NA,NA,NA,NA,NA,NA,NA,NA,NA,NA
"Oklahoma_City",93331,NA,NA,NA,NA,NA,NA,NA,NA,NA,NA,NA,NA,NA,NA,NA,NA
"Oklahoma_City",93974,0.4096013888875,597.309416666667,3467912168.53333,0.0243596979216271,0.232375162343184,28.575,71.5047300494662,8.45162037037037,0.0266539058399482,0.155892925679362,0.19440735359948,0.0643453926543561,0.0667810066139805,0.0374015748031496,0.118740433400292,0.0301940967562287
"Orlando",32138,0.489099213836415,639.82779009434,3166206740.39873,0.0400764732402166,0.190385498791792,28.9517295597484,47.707079279682,11.1050838574423,0.111933075435288,0.436135291319476,0.0814314522418907,0.0113468344679147,0.201607884523056,0.0300992955358662,0.192648206267935,0.0875855583818385
"Orlando",32139,0.555914285714286,1090.188,2558996193.52381,0.0320427136670595,0.193665285195623,27.45,55.6539555824625,10.7837301587302,0.0486763241037011,0.211842136495761,0.138260212659012,0,0.15560867442953,0.0446080071372811,0.149266204355502,0.0865816795899592
"Orlando",32140,NA,NA,NA,NA,NA,NA,NA,NA,NA,NA,NA,NA,NA,NA,NA,NA
"Orlando",32783,0.492491064256867,578.55342626506,3679440010.64033,0.0346291817488935,0.196830699197858,27.890562248996,65.7107531123496,9.9991967871486,0.0954547395722195,0.471708167977115,0.13964439519563,0,0.167009397833915,0.0591718542697374,0.14080800282532,0.110402812954767
"Orlando",32784,0.413309276729434,580.85834909434,4315732991.8343,0.0410455343379483,0.220274301368813,29.6275157232704,64.1941619502692,11.8343291404612,0.134352186390221,0.553017064944299,0.0199526049244504,0.0196535585464111,0.194835766729064,0.0116190371672008,0.199082992998451,0.106973918279465
"Orlando",32785,0.520015476190857,743.487550857143,4239721492.32941,0.0385275767635591,0.205758971880589,27.7185714285714,57.7685871254844,9.87873015873016,0.0530360719890483,0.329843718609091,0.0951971332660058,0.0137066707238484,0.205084424537038,0.0560414074406755,0.158483798133972,0.0692731813465793
"Orlando",32786,0.63808333333,253.76,2240681958.4,0.0200446084665526,0.0802330002188682,24.6,32.3608049306319,8.16666666666667,NA,NA,NA,NA,NA,NA,NA,NA
"Orlando",33429,0.506272544642768,795.009854464286,5396333485.22667,0.0572519210970921,0.196371713952561,29.7066964285714,70.8742523701575,11.6424107142857,0.0807772814074103,0.321225893333848,0.0727401757540011,0.0352806928238786,0.198981927759529,0.009108905949107,0.137978733229245,0.0908612080388222
"Orlando",33430,0.476048522458156,707.716578014184,4852479922.82899,0.0456381314056252,0.22164897252112,30,106.849572896887,13.9078450410897,0.0967822306653963,0.346268088227005,0.0494668742653781,0.0520252049389012,0.162182976067116,0,0.211825081157871,0.0658463304918222
"Orlando",33431,0.523288685636667,824.564908617886,5356554187.10744,0.0457295503567974,0.215177983863325,29.7126016260163,76.2105786472906,11.8858852755194,0.0492836960819162,0.298685454725321,0.0312427579903376,0.0118376372237749,0.160240143266825,0.0090553976285251,0.228397388448735,0.102379301604255
"Orlando",34075,0.527062409420109,647.129608695652,4463721737.89304,0.0557251987343336,0.198589337179842,29.4277173913043,58.8362336809233,9.87160973084886,0.0658161377727363,0.299120330528798,0.0594551113519266,0.0175299883224239,0.163725387875123,0.0178806726616192,0.156389536577975,0.110407742366616
"Orlando",34076,0.50578625,552.972762142857,4620403977.64638,0.0421190382483022,0.19710376424981,30,84.790592182654,12.3177012471655,0.0708595400476052,0.301672299911187,0.0109754833110904,0.0598060693923735,0.173411255011456,0,0.214317007479858,0.106690533253101
"Orlando",34077,0.53660824829898,662.601475510204,4968776865.34158,0.0393380400755698,0.212994327578618,29.5780612244898,79.2763223098741,11.0084386135407,0.0558761180567863,0.288794303113479,0.0219066111502915,0.0362153761674354,0.182845344447974,0.0132040707197615,0.159690479448759,0.129282022919649
"Overland_Park",122429,0.490139942527931,599.865286206897,5731860518.84138,0.0208273993235173,0.202466067569009,27.2465517241379,88.9805959902866,10.2753831417625,0.0546376671806248,0.225773591876833,0.0017381528314826,0,0.0945776651919331,0.0670453231272106,0.221158708032258,0.118018949043306
"Overland_Park",122430,0.521972222223333,587.180888888889,4806695257.12593,0.0199170258229889,0.210259666045507,22.2444444444444,82.7226704675441,9.82067901234568,0.0466369834267185,0.0826937214039579,0.0810010618600821,0,0.0415896177680097,0.0187590187590187,0.132266393407769,0.098375883032849
"Overland_Park",122431,0.52688333333,548.308,1278216955.73333,0.0359281403938048,0.198249995708465,22,59.3422983677603,7.16666666666667,NA,NA,NA,NA,NA,NA,NA,NA
"Overland_Park",123075,0.465686732456974,555.381698802632,5439763108.49123,0.0248913902188013,0.203694855598243,28.9881578947368,101.920711779744,10.6149436090226,0.0756704382339286,0.250316128393405,0.06125852413683,0.0464237984016804,0.113063630224677,0.0277019940801119,0.16906401542855,0.100612426606745
"Overland_Park",123076,0.510282954545682,589.403520454545,5780638662.59394,0.0203261511042914,0.204481022940441,27.4522727272727,99.8127508144254,11.5415494227994,0.0559157781054926,0.199073701590775,0.0552729595069324,0.0184707526141376,0.0886093690285694,0.0619783395675439,0.109911079873793,0.0972648321229307
"Overland_Park",123077,NA,NA,NA,NA,NA,NA,NA,NA,NA,NA,NA,NA,NA,NA,NA,NA
"Overland_Park",123721,0.463476633987255,459.242839215686,4039761248.20915,0.0250601803332151,0.211711744759597,28.0960784313726,91.6577060239145,10.3772370059135,0.11059495254555,0.338486365559962,0.245699150100282,0.0123111695767924,0.114191657528344,0.0479611483088594,0.20687773960756,0.129003967086119
"Overland_Park",123722,0.485475568182159,556.166334363636,5955604136.33939,0.0267403563357798,0.211705806241794,28.8494318181818,118.278452622494,12.5463256072631,0.0878179007184204,0.222378170214446,0.0982595213454648,0,0.0789371417489021,0.0314361487847455,0.125308548493554,0.0675141570935546
"Overland_Park",123723,0.518033888889333,597.4761,5278742771.48444,0.0299874896964268,0.203802165885766,29.865,123.280319114667,13.5340035273369,0.0416685166107822,0.192944017156316,0.0524819798345343,0.0183179329941253,0.118740906124198,0.0042357274401473,0.0990068811920967,0.0677344151122393
"Overland_Park",124368,0.512505381945,554.395833333333,4185876279.46667,0.0275594000542084,0.198381290771067,27.5041666666667,113.94384612661,12.0222360008818,0.0647574429833199,0.196472716483159,0.142455122019068,0.0218638385976478,0.0692232079025691,0.0537402792506185,0.111974000113089,0.112414426599191
"Palm_Bay",28269,NA,NA,NA,NA,NA,NA,NA,NA,NA,NA,NA,NA,NA,NA,NA,NA
"Palm_Bay",28270,NA,NA,NA,NA,NA,NA,NA,NA,NA,NA,NA,NA,NA,NA,NA,NA
"Palm_Bay",28271,NA,NA,NA,NA,NA,NA,NA,NA,NA,NA,NA,NA,NA,NA,NA,NA
"Palm_Bay",28915,0.555511111113333,509.256,1581766869.33333,0.0104580483614064,0.24442133307457,23.4666666666667,65.2171278161713,9.00925925925926,0.0290989945874506,0.221914583889701,0,0,0.0232667460756892,0.074810606060606,0.119816296339916,0.108941418293936
"Palm_Bay",28916,0.572905555554545,409.954376363636,2580542872.30707,0.0441435315410324,0.216845515607433,28.0363636363636,64.4349429615084,10.241835016835,0.0320719201060552,0.189326159751454,0.158643617521817,0.039927928662431,0.156438471606624,0.046103053885155,0.127754524491564,0.0612227159283613
"Palm_Bay",28917,0.58781190476,422.016285714286,3316483089.06667,0.0367815502485497,0.220474140984671,25.7571428571429,56.2668754365471,9.4047619047619,0.0468218638593736,0.11548214746331,0,0,0.0881043644401555,0.0805799857380556,0.0813649764740065,0.101446654611211
"Palm_Bay",29561,0.570947222221667,566.5465,1581766869.33333,0.0162708394549669,0.2404893313845,25.1583333333333,64.8837187533938,8.97685185185185,0.0222559002812307,0.152815003809141,0,0.266771192841875,0.0237871516516177,0.0808766699790217,0.114000502916763,0.100825167612171
"Palm_Bay",29562,0.535690653152838,407.717283621622,2882325642.14775,0.0394081834260301,0.19747076999094,29.4648648648649,64.9666221910049,11.2589339339339,0.0615386545810048,0.333813619117879,0.100322996196541,0.0384579583254762,0.209018478278013,0.0158754654489382,0.211701956381713,0.117520143352149
"Palm_Bay",29563,0.434118311159756,350.593572393559,2465497334.11382,0.0365148970851332,0.186601412692675,25.7707317073171,92.125975994567,12.5016260162602,0.163896254807633,0.394157629754543,0.227828412030961,0.000356223690178955,0.261034169894901,0.0917415732930753,0.147384492789373,0.130873054519711
"Philadelphia",132336,0.423657849462258,923.913388870968,11966005835.9742,0.0475388692054248,0.257683803958278,29.3274193548387,128.951043415365,14.1802846048814,0.0964250220628023,0.245124784488447,0.0402172050823893,0,0.0960183554660083,0.0203096476148405,0.141374800348271,0.0397233071586582
"Philadelphia",132337,0.406239102566154,445.462726346154,7357069230.60513,0.0468409952066226,0.234404848172114,24.8423076923077,100.836996086997,14.1248168498169,0.186055059099732,0.474871171672557,0.0389048656137585,0.012270973320816,0.0859553156168248,0.0727905010301666,0.177875249718253,0.0210088077803306
"Philadelphia",132982,0.460159401709573,1481.07557282051,19231418645.7747,0.0529154731136813,0.248948119771786,30,157.322645462243,14.5127432219696,0.101537221365343,0.329334081416276,0.127848599636642,0.0185161687168252,0.140651951065765,0,0.144719012248542,0.0341699022614078
"Philadelphia",132983,0.260125389408224,3060.35228942579,25826710664.8553,0.0513012839946135,0.293788644337208,29.9556074766355,202.447088220721,15.6224301634233,0.172050287946016,0.447032909306114,0.0509116963361472,0.0255651852541164,0.17548611456253,0.0014680937451479,0.160912481258759,0.0447300046620119
"Philadelphia",132984,0.356062461059346,982.274596456075,17358664858.566,0.057922615791209,0.207105531452972,30,145.498973751087,14.9755497963442,0.188398179614419,0.517785705685566,0.259587132983941,0.022231159342677,0.248626996907354,0,0.195784303558526,0.0483326060342906
"Philadelphia",133628,0.548806910569512,1002.91384268293,12293121101.7481,0.0417669650971651,0.209508536951389,29.0451219512195,135.369375736111,14.2568391134478,0.0784199414789926,0.351948244527353,0.377377338644294,0.121273182685719,0.155279434558922,0.0259217386228529,0.128011426046583,0.0392999969683048
"Philadelphia",133629,0.409596956522,1772.45559117141,18611780783.4573,0.059316882781659,0.220831575042204,29.8669565217391,152.449945456647,14.7373427194431,0.178944297634367,0.415816851609623,0.201931967443674,0.0244257847935934,0.271761131069213,0.0042813687924139,0.159103153572978,0.0303202402280314
"Philadelphia",133630,0.292424688472991,1921.54364752243,19955761534.5509,0.0641423337403478,0.260931701799768,30,146.406776857209,14.768758196727,0.171520325956679,0.427162143077282,0.114745028052515,0.0083654205833527,0.214685430580157,0,0.211260018666567,0.0366662778955003
"Philadelphia",133631,0.413970056496949,842.864446201695,12183477427.3446,0.0533450527642169,0.198830781378231,27.4257062146893,88.9188428865164,12.8885649269124,0.130418587467246,0.62377172586292,0.298182951785866,0.0274718051439003,0.259114363936597,0.0662407803729417,0.248651063902117,0.0632206933228097
"Philadelphia",134274,0.481978225806452,713.157009032258,5072255365.23011,0.0368494279239227,0.181411548727943,27.244623655914,81.2782881507504,12.708442140297,0.11754416635697,0.423699008143751,0.299999116614558,0.106866323552838,0.157671707993422,0.057429858204561,0.22179282760318,0.0620649887656206
"Philadelphia",134275,0.50319541666725,1195.0776785,12035404498.8489,0.0533054669170119,0.202522537088953,28.2491666666667,126.965274379153,13.9088692758086,0.115443242311642,0.363440732306758,0.253510504968477,0.0280089411670481,0.21748471050312,0.0470893315437033,0.212058945203285,0.043062765672171
"Philadelphia",134276,0.457824374999125,1557.3595796,16302395928.1958,0.0501759652945089,0.233397462312132,28.505625,135.685474495979,14.289512807624,0.142587262810729,0.390242195215184,0.206556546199761,0.0578310424295731,0.1844602677397,0.0419563572979017,0.169664796360955,0.0347667408727382
"Philadelphia",134277,0.452974999999667,1137.41053289111,9980137055.19408,0.0407120504596596,0.222660245746374,28.1348148148148,92.3803235125946,13.1248208941264,0.089723322060728,0.435769833013368,0.342734530775073,0.0338132617350164,0.155096840290109,0.0470177393970243,0.193325408520964,0.0504676296479736
"Philadelphia",134278,0.514003030302909,606.886734545454,4496969040.67879,0.046935941224154,0.209444709799506,24.5154545454545,84.3311880690731,12.0923304473304,0.0648537086154129,0.325949401114493,0.125350963011122,0.0206340888605296,0.116429660403934,0.073913908244757,0.185058911030093,0.0686783611621782
"Philadelphia",134922,0.548802525252121,786.428818181818,4795675164.96162,0.033098016973984,0.201869119748925,22.0818181818182,97.1636276721757,13.5764129389129,0.0382800496967089,0.136773881449843,0.0903159004548539,0.0492931089956719,0.0692723400591888,0.0211307531192257,0.131556059191354,0.0635660569461242
"Philadelphia",134923,0.510313888888611,749.373116666667,4612177089.42222,0.0369627290661548,0.215948417782784,26.1023148148148,78.0244152977287,13.3406360229277,0.0767774150936479,0.350394553324299,0.0210291735080633,0.0267920758962416,0.111126476386322,0.0704182259981199,0.175933368591585,0.0473853238909373
"Phoenix",73139,NA,NA,NA,NA,NA,NA,NA,NA,NA,NA,NA,NA,NA,NA,NA,NA
"Phoenix",73140,NA,NA,NA,NA,NA,NA,NA,NA,NA,NA,NA,NA,NA,NA,NA,NA
"Phoenix",73141,0.1915674242425,747.503489646886,4265744024.0124,0.027831658685,0.275257702578198,28.3170454545455,117.842813041618,12.5148538961039,0.0849511461040127,0.346229416253385,0.214365832962546,0.015575619890033,0.122708795685888,0.0452657519453939,0.214869860964801,0.121147083057605
"Phoenix",73142,0.217722719298421,645.543623231579,5983741110.28652,0.0291940725999868,0.291964324602955,29.2363157894737,103.47008362267,13.5678738512949,0.112433680111415,0.364447307419859,0.152529529974345,0,0.0960952331943632,0.0231655124778408,0.194300487206798,0.0667880367362587
"Phoenix",73784,0.232849166667,1397.7791,5214538704.21333,0.0360956679711458,0.217079199850559,29.1433333333333,69.2006224848813,6.60416666666667,0.114897340550764,0.146607278646533,0.0665729685856019,5.72107382244587e-05,0.143317634818406,0.0190438064737504,0.173802453987445,0.058906414300736
"Phoenix",73785,0.208957246376957,1131.30939130435,4492659201.48406,0.0359239735345612,0.246293956818788,25.0633540372671,90.971497754075,10.4898550724638,0.0978513798291709,0.20387651314618,0.273905486130495,0.0048886401538454,0.0715392531201738,0.0841917215460469,0.129702991868909,0.121917937135328
"Phoenix",73786,0.1956347222225,985.742597916667,3962629616.38582,0.0339043506702338,0.237862373702228,27.35,99.7559870729208,12.209552744709,0.110150461401522,0.25079689899234,0.0634927466919896,0,0.123964958947799,0.069442857505586,0.143515103090006,0.0428238667878691
"Phoenix",73787,0.197789221014457,612.399631496963,5349407357.28059,0.0403249575908162,0.231000139785465,29.0435300207039,85.7973923580671,11.660257073844,0.170315338268992,0.440021632593466,0.136688578996931,0.034850493654197,0.232988470703861,0.0290890913011632,0.297414118820921,0.108502740806606
"Phoenix",73788,0.206872307692538,1074.97947107692,6932749841.19897,0.0412599897292202,0.313659221392411,29.8158608058608,114.820406179135,13.7449180911681,0.108287611506783,0.383800013945577,0.114182988645935,0.0292436261095052,0.0846721565563825,0.0059267038625076,0.18498249397472,0.0546723529682266
"Phoenix",74430,0.222919035087789,875.766114126316,4947715620.519,0.0380852846257172,0.203000852737674,29.8220802005013,79.6124275594627,10.4974269005848,0.147124416085451,0.409783434915973,0.113447858395549,0.0038478412334158,0.264341859438915,0.0056072599405549,0.209414592611423,0.111427737058489
"Phoenix",74431,0.176068601190179,977.210346964286,8815554717.32364,0.0400688285734887,0.296049241708325,29.8924744897959,92.2151156863144,11.6191155281557,0.18360378414578,0.469358343011784,0.0296782222178037,0.0091736938071632,0.136753129374995,0.0034248344558576,0.334574822380621,0.109082936084919
"Phoenix",74432,0.173168132716204,923.907907407407,8556994948.54579,0.0356367790401262,0.319140611147439,29.5971560846561,101.843226872947,13.3595593278464,0.221908124487251,0.386622846343507,0.0322153941816517,0.0194973149165799,0.0823977378419782,0.0124403663969348,0.210065983122144,0.0750993398544287
"Phoenix",74433,0.207775709219468,1046.27600744681,6827542849.33047,0.0391879334528677,0.30490499069082,28.6858915906788,97.7545902703922,13.719228761782,0.212020812248785,0.309246519543235,0.125034212895158,0.0043801359096118,0.0883203640609455,0.0378027662792675,0.20588470766445,0.0522562074493916
"Phoenix",74434,0.232762719298631,1116.82973296842,4212598227.42695,0.0352658759172883,0.28711966207545,27.7924561403509,108.606285433716,13.3263143971039,0.143851494369022,0.392791939566869,0.14801596462748,0.0487747496723441,0.152458512221595,0.0556000174850225,0.242067047797992,0.0744809595910206
"Phoenix",75076,0.225098662551481,629.645012098765,3620164180.90127,0.0358152035061086,0.17371235806265,29.4574074074074,71.7475520157738,8.9602366255144,0.131808437356834,0.482483162601296,0.147093180103407,0.0512342788578863,0.3031762082422,0.0165809446419659,0.236747864146646,0.12837553775103
"Phoenix",75077,0.203492638889167,1153.18119,8338994463.38531,0.044848843983143,0.288340876313547,30,126.819311618326,12.3902849426808,0.122152549654052,0.292055624949103,0.0541206236486285,0.0101894994396373,0.147345157381883,0,0.156801018760192,0.0755119404964197
"Phoenix",75078,0.2237438888885,1305.3799425,8795499250.08852,0.0427211647448407,0.323616384218136,30,129.165171117057,13.7479850088183,0.166176585000593,0.272533149710634,0.120575223105432,0.0386307913211846,0.0682346886844171,0,0.13697989622197,0.0447951768144313
"Phoenix",75079,0.270626356589651,744.584294186046,3700522345.21098,0.0323720854785742,0.278565510630954,30,96.2795492429703,12.6050956687585,0.10792893503121,0.41213312020437,0.122803001515777,0.0285929750112386,0.142498136668228,0,0.223384134838247,0.119263390271487
"Phoenix",75080,0.29974512012018,378.441697657658,2370369885.94424,0.024205165875255,0.250162125841991,29.2734234234234,81.4225209253857,10.711288669622,0.106640074260462,0.512966406166782,0.0497069740302472,0.102025648813515,0.15863902970324,0.0227358014915526,0.269551166559127,0.137446520853179
"Phoenix",75723,0.2073285416665,815.751333333333,6425392976.84972,0.0347944237197651,0.287619132796923,30,132.089943868512,12.8358118386243,0.106958530437137,0.251925649472838,0.0584746879489153,0.0303505050761214,0.122666729562953,0,0.132889123206009,0.0674524814982607
"Phoenix",75724,0.208940546218571,949.320343141176,7389724785.68136,0.0424839646430008,0.292338537670058,30,129.367054286306,13.113571539727,0.11411778737357,0.344615545065357,0.0366134511298792,0.0206300025073292,0.157928038667581,0,0.182449622888528,0.0629296334154768
"Phoenix",75725,0.214087463767826,807.78624,5963907069.45497,0.0343853453469651,0.283507609334977,29.9869565217391,119.222811620821,13.017962962963,0.0873340388285631,0.37374401236717,0.117671600765177,0.0238223157984063,0.150374606054076,0.000431189363995688,0.163738254861882,0.0666527652815026
"Phoenix",75726,0.256262101449304,457.697514782609,3528510884.4538,0.0251342993040038,0.300399218175722,29.8185714285714,98.7472771928606,11.9936542443064,0.13441001959376,0.366340011274776,0.121206487027085,0.0682340477591973,0.0949707148023545,0.0058677299216243,0.17308607650473,0.0820008650467198
"Phoenix",76369,0.214950438596579,721.873105263158,3423341154.01802,0.0281550566240818,0.270416787678474,28.455701754386,103.229731708547,10.1005847953216,0.0747025528111889,0.224206559392881,0.281081253806939,0.0617412301329469,0.0934239443635651,0.0443911378347222,0.182356705137632,0.135945613222496
"Phoenix",76370,0.183519362744853,975.228077941176,3617014155.7811,0.0344591070482879,0.292115161195397,29.2397058823529,114.869139470697,11.6543981481481,0.0726884909087362,0.323290998167577,0.378742472334049,0.0443564398618272,0.135690558768591,0.0232884432755147,0.229849047850059,0.107464004553824
"Phoenix",76371,0.20200600775186,1158.13304651163,3728030905.70159,0.0311169353376476,0.286749906664671,28.0016611295681,116.357263952303,11.5732834994463,0.0872774789299649,0.285558558814808,0.423588476793894,0.0328990103296665,0.159333099738222,0.0507806431942564,0.167973724174635,0.100498793863376
"Phoenix",76372,0.231882142857143,1016.40385714286,3303920629.02857,0.0289370858499931,0.287039569446019,24.7102040816327,85.4043401967426,11.1559523809524,0.100514350548418,0.132392738231222,0.175520574408384,0.0784823311999466,0.108259547491437,0.0755344754353674,0.0982048540446775,0.0850750288377009
"Phoenix",77015,0.22069404762,966.47,2134729211.12381,0.0256562708889925,0.24330156828676,22.4428571428571,59.0819436594639,6.74404761904762,0.0664493045674768,0.149774595239609,0.01828167960584,0.0446634401678215,0.0529734671959288,0.0076384468491406,0.0904873463705447,0.0515277602656243
"Phoenix",77016,NA,NA,NA,NA,NA,NA,NA,NA,NA,NA,NA,NA,NA,NA,NA,NA
"Phoenix",77017,0.23958888889,509.674,959198852.266667,0.0196833549431485,0.25878921813435,22.1,72.3279391554342,8.175,0.0727953060846743,0.115482775070407,0,0.0196351665813288,0.0833346111184181,0.0189933523266856,0.130115462928718,0.0293225607530738
"Phoenix",77018,0.236335185185555,423.379222222222,959198852.266667,0.0191036260133662,0.265352326962683,21.9277777777778,55.5077693723217,7.82962962962963,0.05845345897923,0.216789506952542,0,0,0.0725189087084481,0.0233088421586015,0.161532687296425,0.029021689617716
"Phoenix",77661,NA,NA,NA,NA,NA,NA,NA,NA,NA,NA,NA,NA,NA,NA,NA,NA
"Phoenix",77662,0.271578333334,521.5802,1044103965.86667,0.0258955358452297,0.276051667332649,21.0406349206349,87.5056843471524,7.91203703703704,0.0902957539709878,0.27065903021455,0,0,0.0808200950770211,0.0409437017813854,0.148321031144837,0.0555022430271113
"Phoenix",77663,NA,NA,NA,NA,NA,NA,NA,NA,NA,NA,NA,NA,NA,NA,NA,NA
"Raleigh",94829,0.605997222222157,546.63348627451,4143817427.968,0.022108177309352,0.155945724351149,26.5918300653595,83.2065645340241,12.3702614379085,0.0550939501062544,0.230677315638331,0.0293166749169637,0.0085531619121692,0.121144848808118,0.0712235244960084,0.115715513163949,0.102080822113891
"Raleigh",94830,0.555901633987647,857.717164705882,5384433717.248,0.0338526544164466,0.148811157135402,29.3372549019608,131.641525279955,14.130874572051,0.0794997842692328,0.353346712414887,0.0472332384568775,0.0559689067365037,0.236216466125934,0.0181728352348826,0.387764480592524,0.0916445172860179
"Raleigh",94831,0.535640740741389,751.221777777778,5751131669.33333,0.053178554206182,0.194014391551415,26.7962962962963,120.950273776052,13.2723765432099,0.0706883394905354,0.293000578037779,0.0639956447257179,0,0.16750059735283,0.0780609306611379,0.320743073928398,0.120075521633571
"Raleigh",94832,0.595964285715,695.642785714286,2668601589.94286,0.0346902582718587,0.154658857733011,20.6630952380952,54.0836391857842,8.39583333333333,0.0415143524893132,0.157766353312374,0.200538715798828,0.0761362199374951,0.0793434258138988,0.0385641034082585,0.185838377486943,0.127994125689978
"Raleigh",95475,0.572174999999615,648.986461538462,4006673687.63077,0.0247591121535765,0.164680575522093,29.1173076923077,79.110141663302,12.8282356532357,0.0429669082538035,0.20671843319969,0.0305654107336311,0.0397589502959431,0.111284788647919,0.0239365350322354,0.148940039633962,0.0746326983617377
"Raleigh",95476,0.560949404762619,754.054285714286,5218387201.6254,0.0295641666512372,0.188235309861955,28.1142857142857,127.247455945164,13.3005196523054,0.0793013023127852,0.245816599152566,0.0566632211707367,0.0871221486324989,0.137212367876323,0.0532165440702026,0.339699199004677,0.0845598715416513
"Raleigh",95477,0.544422126436897,642.197264367816,4904176748.94884,0.0392856099875983,0.201095150291235,28.2344827586207,94.7234909044466,13.1640485312899,0.0705869528261896,0.218824491616796,0.101915328062869,0.0284537544001438,0.10444644391357,0.0475801425130131,0.201327438577811,0.0818766116216688
"Raleigh",95478,0.5866470000012,642.08344,3509385067.34933,0.035619121713298,0.160192361176014,23.456,66.1616066113559,9.43511111111111,0.0559506938013709,0.223560760888024,0.0606220598086629,0.0381310403053669,0.0841443752199479,0.0635743519781718,0.124571894503487,0.10873522068868
"Raleigh",96121,0.51422666667,619.6366,4131030005.76,0.0233378166516051,0.192354002594948,24.87,47.0270300774821,8.65,0.0145733399018943,0.196877331003365,0.101958132813541,0.0091661710413732,0.0934344022391296,0.0833132287897064,0.127007445219149,0.0608863198458574
"Raleigh",96122,0.62463368794383,620.495914893617,4784861172.01702,0.023703713360351,0.157692255967475,28.9468085106383,93.306003841109,10.5387411347518,0.0444766607674202,0.216027854284014,0.0065125482571564,0.0273068991675389,0.126349088347763,0.0276853784982054,0.135368805962133,0.0966773153752042
"Raleigh",96123,0.591334285715429,584.969142857143,4114234248.04571,0.0296007240215931,0.181126029150827,26.7780952380952,76.3579410369699,11.1322222222222,0.0551781316874432,0.252779965927385,0.103811032002951,0.0815054838356755,0.144691822918548,0.0759347420726657,0.113336073079471,0.083786927287134
"Raleigh",96124,0.606804166666429,737.398142857143,3487954206.47619,0.0278466063652864,0.16276628524065,21.0464285714286,47.1552383248255,8.15873015873016,0.0494415161847201,0.227591848105538,0.0472678268145241,0.0089332895793805,0.119997584234655,0.0379990788102106,0.0920986883822806,0.0877918287937743
"Raleigh",96767,NA,NA,NA,NA,NA,NA,NA,NA,NA,NA,NA,NA,NA,NA,NA,NA
"Raleigh",96769,0.64260833333,326.021,2561418487.46667,0.0271500733295868,0.118570998311043,22,65.6622876707812,10.8888888888889,NA,NA,NA,NA,NA,NA,NA,NA
"Raleigh",96770,NA,NA,NA,NA,NA,NA,NA,NA,NA,NA,NA,NA,NA,NA,NA,NA
"Richmond",110347,0.570457083334,695.84405,5471718185.81333,0.0454758694336568,0.18091405108571,22.3466666666667,71.549955224027,11.1213293650794,0.0641670750852403,0.174421369989439,0.134980558941843,0,0.109977550166651,0.0089573389021479,0.0974277513019738,0.110115251152958
"Richmond",110348,0.494222297298108,594.431448648649,5996785469.34775,0.0544296448147127,0.219903999687852,21.9094594594595,81.9489172349184,12.2442245817246,0.10577836250671,0.361425761778048,0.124066339286414,0.068928064198668,0.165176178539048,0.0710029711448326,0.254539910386277,0.0944925790353664
"Richmond",110992,NA,NA,NA,NA,NA,NA,NA,NA,NA,NA,NA,NA,NA,NA,NA,NA
"Richmond",110993,0.500990064102692,752.2908,6177292889.42933,0.0273445599942134,0.236842155456543,27.7352564102564,97.0575040630118,14.559071021571,0.129890261182919,0.344433076038583,0.110270264899254,0.10201049942084,0.132366024047451,0.0529565079799669,0.15450450132543,0.0531439376538723
"Richmond",110994,0.468644198313291,1109.46287088608,6451346657.80513,0.0480672173912465,0.232957329931138,28.2915611814346,115.027100521662,13.9862726876967,0.13635229153887,0.408351236147508,0.0786716090633309,0.049435166160276,0.166207336617596,0.046630667870612,0.197743541055234,0.0796698457952231
"Richmond",110995,0.595290972223333,520.035333333333,4529180452.97778,0.0410266733131539,0.177385002374649,25.1875,62.524601519154,10.3011574074074,0.0238522283493037,0.163825460150357,0.197726842936998,0.128109936730573,0.103572268584377,0.068693134822167,0.134650431973178,0.080782828850288
"Richmond",111639,0.554721093750313,625.0337734375,6859716958.46667,0.0317984074446633,0.191144092357717,28.0169270833333,75.1633284687891,10.9361483134921,0.0693878164186672,0.26501935827424,0.0872666038678985,0.0228503459062767,0.120429130889335,0.0432630303945717,0.123424035466936,0.13218408298191
"Richmond",111640,0.580101785715,418.813178571429,4719707528.53333,0.041459507998622,0.183523856635604,27.6535714285714,71.7792959681775,12.0125,0.0311592778477531,0.377433215284741,0,0.098807056764193,0.18477728176706,0.0432556594896773,0.119957606532824,0.0559378104346143
"Riverside",78248,0.305611342592917,1027.93313472222,5163334013.71643,0.0432730190144122,0.266263625688023,28.9425595238095,81.4842894804533,11.9162229938272,0.0993973722299962,0.283945454773932,0.0315667363204443,0.0098291004921791,0.101916627879684,0.0293881768798732,0.20504299102034,0.0776126223490959
"Riverside",78249,0.341427891157143,868.834816326531,5621620757.24626,0.0428226564503064,0.279305793801133,27.9234693877551,83.7801895573165,12.7238419177195,0.0922434349430284,0.245008232442004,0.0344546389518106,0.003319606000934,0.0941846404997011,0.0528576276116147,0.160839666382251,0.0655318132446659
"Riverside",78250,0.320613120567447,646.826421276596,3359721341.09504,0.0393398749407612,0.237483148245101,24.0992907801418,61.290331567616,11.3765873015873,0.108429641100325,0.394509057115733,0.165123834689144,0,0.125278575237758,0.0995641992160595,0.213705643185342,0.0870443325585904
"Riverside",78894,0.29437932489481,473.206811898734,3725904595.80171,0.0527630288586519,0.218303658775514,29.6303797468354,40.9381255300039,10.5441631504923,0.133906563718573,0.379488377606216,0.24394471127918,0.0116122493670248,0.188313817530116,0.0117059406283257,0.20166206516255,0.0590384954051049
"Riverside",78895,0.347332647058941,746.021413083529,5403810294.45079,0.0523266837797857,0.227147223493632,28.5411764705882,73.0282163272183,11.8685659819483,0.108495615149012,0.317810197203603,0.0669542522922478,0.024050764166495,0.171774401935873,0.0385577809029629,0.235679750398131,0.114980256175045
"Riverside",78896,0.330849090908909,810.182726,4451420065.34321,0.0516863833751243,0.23773938214237,27.3518181818182,69.6715258036519,12.4706806156806,0.137841959688631,0.369664890005207,0.145479701299729,0.0383688228945154,0.151991846093804,0.0621119964224959,0.228587695598667,0.10073075157667
"Sacramento",118256,0.385634562841639,943.35897704918,6996719455.00444,0.0359298007677341,0.251116638789411,28.1084699453552,121.802636060771,11.5624837366641,0.0905695506763925,0.257412300708411,0.175514553528805,0,0.170010935745015,0.0517294486795229,0.168248000108443,0.0961806802469109
"Sacramento",118257,0.352684322034237,705.123583050848,5422417518.1977,0.0396089733691851,0.22671984679113,27.6494350282486,84.6063421790938,10.229287732042,0.0670416582802177,0.347725456686532,0.15685404058463,0.0220410662752282,0.202723822000704,0.063057794810992,0.226441636503724,0.124857783613713
"Sacramento",118901,0.392477314814167,779.859225,4248329496.38095,0.0387202624769331,0.270595414357053,29.2195767195767,122.9937975447,13.2710758377425,0.0553890037667438,0.214718341107661,0.179131045096532,0,0.103780828597931,0.0225748201800714,0.107270673420555,0.0424603491021421
"Sacramento",118902,0.329011139455714,1042.93602459867,9016527428.26667,0.0547850344544288,0.258077263685385,29.5938775510204,127.110532845519,12.3054907677357,0.0822860994761379,0.276531069048383,0.063741512705642,0.0361914502104119,0.156952494426333,0.0130325283689091,0.145268697738889,0.0848863061791546
"Sacramento",118903,0.316770580807879,836.674095454545,6812014798.37539,0.049068701574895,0.243623499391657,28.754797979798,109.337500817907,9.46063011063011,0.0806524583145388,0.357777153288465,0.0272625427263154,0.0549613625975138,0.161166424415442,0.036818624911082,0.242503636015244,0.132379311670341
"Sacramento",119547,0.373782683982338,570.380527142857,4636059577.93684,0.0405721379580599,0.206592441161538,29.3648423005566,101.457124273771,13.6385745207174,0.111084461716053,0.447129881593306,0.117183107366379,0.0276508994619193,0.231162529952383,0.0192084532653094,0.239390403978287,0.0570508605929167
"Sacramento",119548,0.355578163580185,1103.32284814815,8797791328.28176,0.0513672222604105,0.279846314202856,30,143.709175266405,14.2856021079401,0.10164118093059,0.293791266196463,0.0686594062348003,0.0131298687392266,0.0993545914672047,0,0.19457031288769,0.0677002280147302
"Sacramento",119549,0.346852519379535,638.806959302326,6668692688.25397,0.0473427494973756,0.256051546655769,28.5248062015504,84.3544210021954,11.529152963746,0.146796196557542,0.436617354379001,0.0855113492431187,0.0199165472596957,0.122550295568869,0.0436472323641146,0.232262277248445,0.105713171742156
"Sacramento",120193,0.345041666667097,800.742867741935,5196417082.7541,0.0469862494066464,0.226093968797114,28.0259984639017,91.1779531839375,13.3244015616999,0.0958152389518035,0.430045396078207,0.0450694699732888,0.0568994425233465,0.179173132116286,0.0576672735374446,0.257167547555205,0.0888873051890721
"Sacramento",120194,0.373408760684273,872.01640451282,7128454941.53275,0.0595370040986018,0.236435205643821,29.7880138380138,108.214555375122,14.0309686712464,0.0950544305502936,0.402412140408728,0.0308177949826417,0.0149606714817648,0.187262807959557,0.0067649208034087,0.234217870923642,0.0583127830509595
"Sacramento",120195,0.426411942256929,745.294468425197,8059530732.06613,0.0513583540426703,0.250948346183291,29.7837832770904,99.0365609482869,13.0141117776945,0.0907930157687702,0.345592254456351,0.0106723837252221,0.0282947124520469,0.149529635310835,0.0069835301778206,0.164663085669344,0.0731397620631079
"Sacramento",120839,0.34123515625,979.1955625,2324275791.48387,0.0409537229607548,0.212528654286871,29.0977678571429,119.331875100448,13.3549107142857,0.0558883008112188,0.322408348555756,0.548625435759008,0.0770055350014703,0.217304936994302,0.0250603146719035,0.201238469743848,0.0740890857429383
"Sacramento",120840,0.380109567902963,579.168841296296,5583328033.64103,0.0548906071911417,0.211593146608383,28.5795414462081,73.5523345651482,12.3386978248089,0.0651082935355274,0.439711369827674,0.210395011007405,0.0774598169894668,0.222008912278111,0.0354186122733325,0.259717081588233,0.0576771476816145
"San_Antonio",39053,NA,NA,NA,NA,NA,NA,NA,NA,NA,NA,NA,NA,NA,NA,NA,NA
"San_Antonio",39054,NA,NA,NA,NA,NA,NA,NA,NA,NA,NA,NA,NA,NA,NA,NA,NA
"San_Antonio",39055,NA,NA,NA,NA,NA,NA,NA,NA,NA,NA,NA,NA,NA,NA,NA,NA
"San_Antonio",39698,0.4151512499995,728.17332,5398872234.66667,0.0456203076764,0.171482099220157,26.3275,41.9833663940246,9.94144841269841,0.0565983983749375,0.291482996108674,0,0,0.113333023873859,0.0861694046149463,0.13927766125075,0.0589957269648277
"San_Antonio",39699,0.379260243055208,588.220791666667,8590036501.68889,0.0425587939378642,0.211399168008938,28.425,90.5394890053624,12.090873015873,0.051394205292365,0.211851207042745,0.0424388041798097,0.0514135044553705,0.148691727515184,0.0405031515684549,0.271128395933043,0.105341500331849
"San_Antonio",39700,0.394959567900741,695.075985185185,7585267942.08395,0.0323111687045168,0.216162519874396,26.4907407407407,92.3687131908601,12.0006246325691,0.0503644128116051,0.239491236075953,0.0572600718537763,0.0076068380023695,0.11913732067325,0.0671663624477326,0.249348474247104,0.0945118316237912
"San_Antonio",39701,0.4673,617.24,4856513877.33333,0.0389473860065842,0.209880992770195,18.5,50.0343665192384,8,NA,NA,NA,NA,NA,NA,NA,NA
"San_Antonio",40343,0.424114130435652,1082.68447826087,4421180842.66667,0.0340143136218177,0.227446042649124,27.6130434782609,48.7479725546564,8.3756038647343,0.0451956550529897,0.214038486836217,0.125684878569856,0.0662045501960546,0.170293003220856,0.063461419974944,0.191403810161115,0.159962383624338
"San_Antonio",40344,0.398630686273765,634.011304588235,6336616618.46588,0.0418379607555861,0.185010010464226,26.3570588235294,58.8926073057259,10.9362745098039,0.0669845262250444,0.351964547308094,0.104750616105093,0.0090700316460052,0.225794785315503,0.0927586157099927,0.274066254543039,0.100990700179668
"San_Antonio",40345,0.3561311666659,691.297886,9435116019.712,0.0430099867166728,0.238018630594015,29.654,135.632372907076,13.4453002645503,0.0741935438579321,0.18861681989868,0.0533544889761365,0.0084259030668952,0.102930141503855,0.01092399001821,0.229899080077528,0.0787375173973085
"San_Antonio",40346,0.377389007091702,622.301162765957,7176803789.16312,0.0379530826332451,0.22951651158485,29.2292553191489,124.613557986694,13.6885983057526,0.0923266442071099,0.196720253433588,0.0744302082497015,0.0407475737952568,0.124037468358146,0.0229885658286667,0.225199229107686,0.0894217428828622
"San_Antonio",40347,0.392144696968182,478.123090909091,3781179075.49091,0.0306068807814837,0.202426635406234,21.2863636363636,62.4258149234744,11.9790404040404,0.0724696655623221,0.15965147741788,0.211598975614387,0,0.0775707164841022,0.0320695746704715,0.250902215883252,0.111650476133896
"San_Antonio",40989,0.437754674797073,927.200780487805,4276829087.42764,0.0323461713694105,0.21537507343583,27.7170731707317,59.7504801612177,9.52364014711576,0.0602887939008705,0.260655044798885,0.155747643435628,0.0215405646601519,0.156361042184074,0.0561400571767069,0.130139402515969,0.111993018912132
"San_Antonio",40990,0.425440404040606,720.108189318182,6649957507.10303,0.034402880193554,0.202682378955863,28.6715909090909,69.4572057992972,11.4067174723425,0.0734345292671146,0.300417754432027,0.0924186565951145,0.0189211144445688,0.171526178340466,0.0403444896429716,0.153390649927575,0.0811146283470386
"San_Antonio",40991,0.38774412878803,755.88021969697,8969421168.74343,0.033969251182076,0.243332778922085,30,108.607121324084,13.617571457723,0.0765459119522063,0.208690215673753,0.103893139531799,0.0256386337210985,0.100462694501251,0,0.181275820416457,0.0595369392261264
"San_Antonio",40992,0.417164102564615,587.430997802198,5726931697.93407,0.031386354947993,0.224179020867898,29.8137362637363,100.200402918773,13.7455845080845,0.121793980856642,0.245047385569212,0.103512543717268,0.0479931002469734,0.154112674499208,0.0060764505946128,0.206815649676606,0.0803077563869667
"San_Antonio",40993,0.388769034090909,657.6106,5741346601.40606,0.0361698307162667,0.217627431689338,29.6931818181818,58.9980590466563,10.4857345779221,0.0851650417892164,0.313590089430842,0.0976974501851897,0.0151028118579561,0.148203112586072,0.0099224158925651,0.196837297068479,0.102083681648576
"San_Antonio",40994,0.422311111111667,805.442333333333,3877254318.93333,0.0288213076877972,0.17712925064067,28.3875,60.767310964031,10.4756944444444,0.0391063504176237,0.149681106903163,0.0922251962421742,0,0.164577528257806,0.0392998678996037,0.13139346762708,0.0657662136780466
"San_Antonio",41635,0.431345238094762,715.782942857143,2746876040.53333,0.0290553570273512,0.18113324010656,27.2666666666667,56.8715307903822,8.13981481481481,0.0698291787844791,0.337941152252258,0,0.0708734208663073,0.190333478035555,0.0653659997006137,0.159156213734416,0.0932617387758197
"San_Antonio",41636,0.456773641303478,696.318630434783,5204638080.32464,0.0339943024683602,0.187220858490985,29.2131211180124,53.2070031736597,10.7377997757074,0.0846961251878287,0.269802646312847,0.155136175442613,0.0011752793831051,0.176983943396242,0.0234866557392771,0.161645734946112,0.0866702246065745
"San_Antonio",41637,0.472808691756452,747.865201075269,6394736607.15125,0.0273924178331443,0.190639172870946,29.031490015361,71.6215856366601,11.8776732377539,0.112216114208963,0.367693202738604,0.117749818986782,0.042679425471251,0.176249007490363,0.0274427809576802,0.171209371875206,0.0919819752727165
"San_Antonio",41638,0.439832418698902,507.694022610976,4766605869.99675,0.027912086116218,0.191937243793069,28.0845818815331,64.6311868858834,10.9117402245451,0.135416040478109,0.316732892129684,0.103554947085331,0.02759579001672,0.182536092685641,0.0493662800193451,0.165078565479933,0.116103710236544
"San_Antonio",41639,0.422007156862706,696.733188235294,5016835280.38902,0.0310558617833943,0.216245459107792,27.9416806722689,63.5833903833227,8.60941176470588,0.0664041116960319,0.217890913123787,0.260313781940452,0.0242301178286055,0.126644937264589,0.0510276860107964,0.129459797859531,0.141643974707492
"San_Antonio",42282,NA,NA,NA,NA,NA,NA,NA,NA,NA,NA,NA,NA,NA,NA,NA,NA
"San_Antonio",42283,0.465702777779048,666.644380952381,2324535124.92698,0.0176405221678024,0.227128857658023,22.0793650793651,49.9370472154557,9.8202380952381,0.0618879511879327,0.17955004972071,0.121764675897144,0.067324158897904,0.0942072051612546,0.0460579918523843,0.194498754197993,0.104940088938149
"San_Antonio",42284,0.448026282050769,689.481846153846,3617245024.49231,0.0202193854373682,0.213059461460664,22.8525641025641,57.7808655890951,9.88450854700855,0.083219870893064,0.17617139161668,0.074250381588826,0.0977474933784381,0.0950057340309932,0.0485384461261039,0.184880376730559,0.121603712168893
"San_Antonio",42285,0.459156666666,1021.8866,478666848,0.0302268238834151,0.223791399598122,24.3285714285714,58.4742023274632,6.02777777777778,0.0153542363899255,0.181265670770123,0,0,0.0592637560681784,0.0159718144450969,0.0717131131210533,0.0189861751152073
"San_Bernardino",79542,0.25758026819908,706.553182758621,4798028629.53178,0.0484124727697429,0.243749921006718,28.7746852764094,68.0985004872532,12.200841543514,0.13663389617778,0.456438553594303,0.156433794567727,0.0166484159677339,0.159076232045219,0.0335501563397982,0.257100578792886,0.0979403010873005
"San_Bernardino",79543,0.260725473485114,449.826857870932,3490970783.09272,0.0372014618727189,0.240115227869617,29.484632034632,59.5155195070109,12.4422228234728,0.175760823421457,0.541782257845867,0.172294787186878,0.0374892214552253,0.244843733096187,0.0155869909350517,0.368833382636954,0.0973499119448675
"San_Bernardino",80188,0.291166809116752,931.525027264957,5426834533.95862,0.0537002453052033,0.246471588818245,29.8982905982906,86.6970061502758,12.254300637634,0.108331460321735,0.340208629124531,0.196373710475588,0.0327178498403565,0.199907646031664,0.0032782142784715,0.206024604873067,0.078950577113629
"San_Bernardino",80189,0.284788218390345,820.932056531517,4516338717.84215,0.0439921281343017,0.219068574894423,29.5609195402299,68.2098399184829,11.7279989965335,0.111836447851037,0.368150941441626,0.209554128653795,0.0310750555404717,0.237551647839255,0.0137517173445317,0.251041090888116,0.0755371185625874
"San_Bernardino",80833,0.3371,430.388,548114318.933333,0.0554743915717413,0.275887995958328,16,8.08101307619258,7.16666666666667,NA,NA,NA,NA,NA,NA,NA,NA
"San_Bernardino",80834,0.306920238096667,913.652476190476,525361662.679365,0.055660617426112,0.285127045143218,25.5571428571429,92.5882681105496,10.788813303099,0.0899278602253301,0.261489298061503,0.0178733728819237,0.0020711712712559,0.0627763383050494,0.0893733308490155,0.279939522268577,0.0998199806769473
"San_Bernardino",80835,NA,NA,NA,NA,NA,NA,NA,NA,NA,NA,NA,NA,NA,NA,NA,NA
"San_Jose",106624,NA,NA,NA,NA,NA,NA,NA,NA,NA,NA,NA,NA,NA,NA,NA,NA
"San_Jose",106625,0.33073333333,618.254,2055780539.73333,0.032879758349128,0.257871985435486,19,54.0650749389116,9.91666666666667,NA,NA,NA,NA,NA,NA,NA,NA
"San_Jose",107269,0.403458908046896,709.918172413793,9924275791.44828,0.0226862793066271,0.263836274501578,28.2223316912972,106.501803851054,12.2810207991242,0.0791072580287256,0.172644167496231,0.0635669325884338,0.0747142820019753,0.129321328770047,0.0435226607462644,0.12449615304711,0.0742128309102406
"San_Jose",107270,0.377872587719211,844.659973684211,8925253488.2807,0.0288306146842566,0.244304999513061,27.871365914787,103.366698750965,11.5732142857143,0.0832688966989443,0.300773818898467,0.0809659064408991,0,0.19254420675893,0.0509231087236398,0.141720374295253,0.0690273517271334
"San_Jose",107271,0.38790595238,702.865714285714,6559140298.3619,0.0313242095938303,0.195771428091185,23.4197278911565,93.1420211519045,11.0357142857143,0.0505356030342068,0.316065890021086,0.118173493186923,0.0568614258498289,0.174883239325053,0.0803854117822805,0.243397643699428,0.065033132994298
"San_Jose",107272,NA,NA,NA,NA,NA,NA,NA,NA,NA,NA,NA,NA,NA,NA,NA,NA
"San_Jose",107914,0.394306737588192,955.254306382979,17264586088.6021,0.026987327347346,0.288805125083061,29.7143617021277,124.001043730941,13.5507563604638,0.0939408261328264,0.331471834098183,0.173074827075908,0.0158263954821632,0.121372043953775,0.009030641451484,0.131245383536489,0.0831833476808677
"San_Jose",107915,0.35755596264431,1125.00794827586,20451834067.4783,0.029624233492245,0.300883758716799,29.7387931034483,141.00566708199,13.9051490375844,0.0753290738553996,0.213117169156594,0.1012326880346,0.047680108436801,0.103341411617421,0.0084040291359668,0.128379871117321,0.0559614783327436
"San_Jose",107916,0.350878271028318,1264.32533084112,16174741196.156,0.0343305528074084,0.25134489727076,28.9045171339564,144.828916876929,12.7799887504327,0.0831847738986139,0.329955174304845,0.173046634807914,0.063691872144517,0.172650346408786,0.0315789913701724,0.244731621861865,0.0819539443847746
"San_Jose",107917,0.412596078431176,524.400823529412,10069928669.8667,0.0308047541009507,0.195229236693943,25.4018207282913,78.6580145291291,9.44934640522876,0.0755547343060645,0.416077566805887,0.262322470319174,0.031219361192148,0.108180771506108,0.0794798254971259,0.19751569454969,0.127300098666477
"San_Jose",108560,0.324171527777583,1552.08904166667,12954881994.6487,0.0310909186520352,0.325790692617496,30,139.775300446489,13.8062576158409,0.0783145461258013,0.25925123197086,0.186356540764383,0.0368450043649834,0.0541769150619184,0,0.156125115264121,0.065760458546571
"San_Jose",108561,0.293280486110833,1448.133835,17060216567.2515,0.041215301739209,0.297595474713792,30,158.533391087565,14.5237845719096,0.12320029523907,0.343337946730593,0.157190869189607,0.0240764288301047,0.124411950161403,0,0.242832852033192,0.0517552586111069
"San_Jose",108562,0.321784932660303,1588.02879090909,13197049294.019,0.0415729778219124,0.277524019883137,29.4836219336219,136.060376119624,13.3386778718849,0.0861796983684975,0.254527046939014,0.253038041411895,0.0353519297906702,0.125640130325991,0.0160389435771615,0.139465571885615,0.0674765754205872
"San_Jose",108563,0.370200000001428,953.3629,12372456677.181,0.029498958979899,0.220848994595664,26.0214285714286,128.781486204907,12.6630952380952,0.0488943281280155,0.301111501920074,0.180208494523091,0.0065257138755816,0.15538236829227,0.0761538763185757,0.151278537430376,0.0367361008519229
"San_Jose",109206,0.29950164473671,1149.08179736842,8814538916.53511,0.0345661997340304,0.271019553324502,29.7848684210526,108.75404139358,13.1975059175717,0.107928524501263,0.509005311636768,0.271368033608072,0.0652778356862093,0.166177007741195,0.0068604268606709,0.268543185957597,0.0854203508525757
"San_Jose",109207,0.291186371527396,1314.46676041667,10477666917.8611,0.0394541622073296,0.291549990341688,29.6112847222222,128.963526697614,13.8360057043651,0.105443157959402,0.360115377320557,0.315698528129164,0.0177487035690691,0.110602098070274,0.0120340010318888,0.259019437678984,0.0500609576514691
"San_Jose",109208,0.351044135803333,1513.57077777778,12961227773.4716,0.0403158725487716,0.297920519555056,29.2529100529101,141.90770335167,12.6291764648246,0.0757618992888929,0.155820704758315,0.214813060345519,0.0337907929863749,0.0723999474819836,0.0199145752611242,0.16816634243011,0.0737959946724555
"San_Jose",109852,0.246575520832813,556.241276875,11482169724.8,0.0322772126214068,0.278810311574489,27.8964285714286,69.9330435399072,12.3854786706349,0.141968830859953,0.556511739448705,0.140942730832886,0,0.150217800136682,0.053036016248453,0.371303934532123,0.0682688432714402
"San_Jose",109853,0.306048295455,643.981284090909,5682830345.92248,0.0291913725565289,0.262073271992532,28.0862012987013,79.9841944941451,12.2938988095238,0.168008375111711,0.444860575190315,0.325341557444261,0.0542992598335703,0.134193822362228,0.0488590846299315,0.341021913375524,0.0660264121354172
"Scottsdale",74434,0.232762719298631,1116.82973296842,4212598227.42695,0.0352658759172883,0.28711966207545,27.7924561403509,108.606285433716,13.3263143971039,0.143851494369022,0.392791939566869,0.14801596462748,0.0487747496723441,0.152458512221595,0.0556000174850225,0.242067047797992,0.0744809595910206
"Scottsdale",75080,0.29974512012018,378.441697657658,2370369885.94424,0.024205165875255,0.250162125841991,29.2734234234234,81.4225209253857,10.711288669622,0.106640074260462,0.512966406166782,0.0497069740302472,0.102025648813515,0.15863902970324,0.0227358014915526,0.269551166559127,0.137446520853179
"Scottsdale",75081,0.257748611113333,75.23674,2748356573.86667,0.0351042557491902,0.230639832715193,21.4,82.7145100444792,11.7800925925926,0.0920533393684237,0.52798347663064,0,0,0.135658964895818,0.074896157840083,0.108203276385461,0.0481758040217462
"Scottsdale",75082,NA,NA,NA,NA,NA,NA,NA,NA,NA,NA,NA,NA,NA,NA,NA,NA
"Scottsdale",75726,0.256262101449304,457.697514782609,3528510884.4538,0.0251342993040038,0.300399218175722,29.8185714285714,98.7472771928606,11.9936542443064,0.13441001959376,0.366340011274776,0.121206487027085,0.0682340477591973,0.0949707148023545,0.0058677299216243,0.17308607650473,0.0820008650467198
"Scottsdale",75727,0.226900529100317,501.029292063492,2050568074.35699,0.0235929198346253,0.271687145152735,27.4513227513228,87.7598477476868,9.84901423532376,0.0543807416972148,0.359787941266367,0.197002761657072,0.0077446801401556,0.132775676638984,0.0675785299760672,0.243961340135271,0.16195058630303
"Scottsdale",75728,0.213006140351053,310.307526315789,606946026.891228,0.0252994081917406,0.272355841178643,20.9052631578947,71.0227790426982,8.02865497076023,0.0587288372694566,0.201995791557579,0.0940881585788785,0.0039363414334154,0.0918282699822147,0.0501802088302326,0.27020547839063,0.172725042265508
"St_Louis",119895,0.433046126760141,774.024902253521,9153798943.96995,0.0402863091920216,0.212047493583719,28.0640845070423,114.420314351718,12.1784855533095,0.0792917228951799,0.285451139025213,0.100488263364886,0,0.145289997322291,0.0529762096202721,0.141234303348324,0.0929307024734528
"St_Louis",119896,0.322873333334,578.379212,3266582405.12,0.0402863091920216,0.19834880232811,22.65,104.939177784939,13.3939393939394,0.0664822118071762,0.548703106570158,0.262940918762601,0,0.17290470378296,0.116026490066225,0.173990291318379,0.041131221719457
"St_Louis",120541,0.387228875968295,1017.77571992248,9682501203.61344,0.0372136636908592,0.241455899161655,30,128.527921245636,14.0805553511949,0.108107200759247,0.293303493376018,0.0618046051121718,0.061431156928694,0.129041564747221,0,0.145569169606718,0.0409628502722813
"St_Louis",120542,0.304928216374211,845.403280701754,7561173299.2,0.0504095143456863,0.232106385262389,28.959649122807,166.869963847647,15.5696114395676,0.136869053901561,0.40356151463751,0,0.0035231462298419,0.112704181788584,0.0314911589873089,0.153204351169401,0.0463789584020214
"St_Louis",121187,0.439237971697547,613.499129056604,7352041494.54088,0.0671841453945316,0.206126896137337,29.5462264150943,110.499392587482,13.3656736956265,0.0797330032798958,0.338492137139961,0.150273871123826,0.104988053938972,0.150712096119948,0.0139402388206086,0.122805789058454,0.0447376517895303
"St_Louis",121188,0.387110688406304,348.09155326087,4490145446.4,0.0676477885978,0.201227348378819,26.7869565217391,119.970338548822,12.8367452997888,0.112924385908955,0.357663391594197,0.255324104565615,0.0830826998200013,0.140978659652169,0.078409302084877,0.209993082012122,0.119515241693889
"St_Louis",121834,0.517754166666923,481.552937307692,2606428702.85128,0.0619296945886572,0.15879319063746,26.35,78.5894632238218,12.1678266178266,0.0530536055795828,0.256681106433495,0.0956434620797519,0.0262632627094482,0.128123005643395,0.0731673085344082,0.1835868598179,0.0618403893143117
"St_Petersburg",26309,0.212793571428,201.08606,3765115545.6,0.0189932154912901,0.122996400296688,29.2,88.7517096390208,7.88888888888889,0.376796649561988,0.280767906039832,0,0,0.103640100401874,0.021917808219178,0.17305586743099,0.0591549295774647
"St_Petersburg",26310,0.54204166667,613.894,2787105463.46667,0.0349578892919599,0.0757999997586011,30,112.925183653058,12.5,0,0.0206159369532851,0.0584842132946253,0,0.18517151386485,0,0.0650550494362029,0.0016666666666666
"St_Petersburg",26955,0.383468408288889,627.887481481481,6889145512.32418,0.0353861217388602,0.278052315184916,29.6851851851852,128.045490359528,14.0460599157358,0.23613206193582,0.222672845977965,0.105254262771746,0.0596936154519516,0.156746118998309,0.0098542085441648,0.151180292093626,0.0647110838721611
"St_Petersburg",26956,0.496050570776849,764.479270192352,5053705217.77778,0.0464295599511814,0.257070262189189,30,129.14065029001,14.0776871783721,0.110736952345338,0.28896929582461,0.202286988190197,0.0067692294985877,0.18694754016057,0,0.166286439412272,0.0745514068081905
"St_Petersburg",27601,0.46722326087,642.488317304348,6013190572.01404,0.0327985875469673,0.276391460973283,30,105.149404850297,13.3993115942029,0.114721095241422,0.239141722136201,0.147788354970835,0.0257915317593023,0.147029756365481,0,0.148568482848522,0.0595801573592121
"St_Petersburg",27602,0.486856419457895,728.39882,4673675846.80851,0.039724336140084,0.276396863437013,29.8626315789474,118.985639195954,13.3712176274018,0.104705994743643,0.267679902622242,0.243448933817443,0.0301120196999421,0.157347122898478,0.0044899962060812,0.173203984713677,0.095933877888723
"St_Petersburg",27603,0.24925,898.566,5298825437.86667,0.0390122793316105,0.334253996610641,30,83.2272645440725,7.375,0.5,0.0237127823665707,0,0,0.000873596599339337,0,0.0568355009243511,0.0056497175141243
"St_Petersburg",28248,0.509029545454545,547.238708363636,3000104515.49091,0.0389408850057123,0.179170728237791,25.1840909090909,42.2299118611704,11.4198232323232,0.0996415422898782,0.664498180306337,0.219459730308773,0.0208703738607596,0.232623365774549,0.0961473775750465,0.343069819817865,0.0582800194995451
"Tallahassee",48256,NA,NA,NA,NA,NA,NA,NA,NA,NA,NA,NA,NA,NA,NA,NA,NA
"Tallahassee",48257,NA,NA,NA,NA,NA,NA,NA,NA,NA,NA,NA,NA,NA,NA,NA,NA
"Tallahassee",48901,0.551176315788947,1275.14115789474,3844019480.25263,0.0723172574147038,0.216896318291363,28.1052631578947,87.6181347361318,13.1918128654971,0.0758419895870876,0.307164333322259,0.0833913080936053,0.0256370464395717,0.102326992262318,0.0465700768775872,0.153535791361424,0.0327601631083649
"Tallahassee",48902,0.556145833333571,891.390071428571,3796633536,0.0637618975818865,0.206795607028263,25.9839285714286,134.763653749668,14.1503259637188,0.0897598342583069,0.349946990613503,0.104151183626754,0.0228384404964796,0.169264703568086,0.0802767605564664,0.319888807804465,0.0539954620954914
"Tallahassee",48903,0.59763333333,282.669,2090216524.8,0.0229876730736232,0.122238002717495,19.25,42.0693619478932,11.4444444444444,NA,NA,NA,NA,NA,NA,NA,NA
"Tallahassee",49547,0.6492837499995,933.2741,3644903761.06667,0.0563100308370869,0.157671699672937,27.66,78.3220791509019,12.2593849206349,0.0364922950357116,0.272010537954498,0.117022871186182,0.0987237987303753,0.136896544504089,0.0514913232104121,0.145097071296269,0.0328437235483667
"Tallahassee",49548,0.605590833333,865.9893,4312527052.8,0.0469669277798604,0.189358496665955,27.84,100.361777586925,13.3947222222222,0.0320203823003331,0.20529682064201,0,0.116923506372996,0.100118716044819,0.0497844827586206,0.153614792309824,0.0286534912175193
"Tallahassee",49549,NA,NA,NA,NA,NA,NA,NA,NA,NA,NA,NA,NA,NA,NA,NA,NA
"Tallahassee",50194,NA,NA,NA,NA,NA,NA,NA,NA,NA,NA,NA,NA,NA,NA,NA,NA
"Tallahassee",50195,NA,NA,NA,NA,NA,NA,NA,NA,NA,NA,NA,NA,NA,NA,NA,NA
"Tampa",27603,0.24925,898.566,5298825437.86667,0.0390122793316105,0.334253996610641,30,83.2272645440725,7.375,0.5,0.0237127823665707,0,0,0.000873596599339337,0,0.0568355009243511,0.0056497175141243
"Tampa",27604,0.39355,341.179,786254630.4,0.0355408599720104,0.27547898888588,20.6,46.356970398455,7.25,NA,NA,NA,NA,NA,NA,NA,NA
"Tampa",28249,0.454162896825476,879.846,2980559885.52846,0.0268517039083493,0.262988334255559,29.8293650793651,116.471151368124,12.9120228647014,0.136609561405073,0.197799842502844,0.142089391303699,0.0451286006481538,0.159001524325948,0.005463805849598,0.141958400671459,0.115281065011182
"Tampa",28250,0.430366105499815,970.042120468518,4711467842.17358,0.0243069662813044,0.273810816307863,29.3074074074074,137.198052442903,12.8126342793009,0.190351933718531,0.288220191007343,0.246214916919281,0,0.144516334569841,0.0203720085560095,0.225500404370343,0.152715201540749
"Tampa",28251,0.463806313132424,653.965062787879,2611925607.73333,0.0412832808967935,0.175654636300874,28.1858585858586,55.9485494500359,10.297138047138,0.14239083056059,0.367598584090996,0.0952098740377764,0,0.206434240107293,0.0406762579927717,0.20828409527106,0.0636906133186685
"Tampa",28894,0.527390196078824,612.025177922765,3225500006.90196,0.0389270246209495,0.164823649095043,27.1294117647059,74.3878178290883,8.95368814192344,0.193300430642268,0.509769863149603,0.210192350636592,0.0812878642356897,0.33196142960053,0.0703025355849191,0.263941037693892,0.183523105782242
"Tampa",28895,0.432105420712039,600.525962142592,3919897979.77558,0.0433330170976685,0.218951077241161,29.4639158576052,82.8438820894338,11.9467836595264,0.14842728622094,0.476243245787602,0.144402468112181,0.0437559235419183,0.253679238320214,0.0168140045719103,0.229064596057209,0.12662940801838
"Tampa",28896,0.443292328042063,876.857721470635,6119135515.66452,0.0452112971627917,0.268941317862343,29.9470899470899,148.999366807369,14.4764861167639,0.138850874623768,0.273642334589312,0.0809381369998234,0.0660528047296843,0.116395022064602,0.0017387402546413,0.171175482243682,0.064275550369856
"Tampa",28897,0.447863461538718,390.623661179487,3289255291.23463,0.0503589716089159,0.211600859434559,28.6910256410256,70.5704397662521,11.2440688169855,0.140169486853534,0.428138951747394,0.174326393798871,0.0442636096559333,0.183764316679368,0.0369256434317429,0.308509230844463,0.132905188037324
"Tampa",29542,0.515802280701263,908.146155789474,5440196926.6383,0.0517284650556007,0.239093800026335,29.9289473684211,118.651815038978,12.7188164856586,0.0682981824278275,0.316032247107064,0.125835515459997,0.0074065609843351,0.113841844699395,0.0023323938969026,0.177579097921826,0.0904340996962026
"Tampa",29543,0.527146951219756,922.577082926829,4209654923.94667,0.0503532605709521,0.215088415970435,28.0390243902439,122.408023338101,12.006222357137,0.0822194663681335,0.409567947624279,0.0963984340349559,0.0157364888541058,0.178321091989742,0.0560788906427686,0.227794328418475,0.0704442677265797
"Tampa",30189,0.60978611111,536.936,1839331558.4,0.0308691613704676,0.194776164988677,20.6666666666667,52.3643267152325,6.98710317460317,0.0214852202275323,0.15480574552233,0.026761575178211,0.0468108000837488,0.0776958864493893,0.057258064516129,0.065047773822064,0.118202470538123
"Tampa",30190,0.585544444443333,632.874133333333,1345819116.37333,0.0265341309454698,0.183718997240066,20.4333333333333,36.3130922627042,5.92791005291005,0.0339423265462227,0.230339499488331,0.0934851269565155,0,0.0823439734881095,0.0678412180532898,0.148213294774573,0.0612711517721001
"Tucson",62816,0.203441666668125,537.89584375,2527949365.33333,0.0452386276698365,0.201629936229438,25.146875,58.3887458581755,10.4324652777778,0.0612900273421266,0.329160782434239,0.112356473338308,0,0.208375294315844,0.080130794084752,0.202030701315028,0.105399519062755
"Tucson",62817,0.170494927536522,586.896924673913,3156522412.52174,0.0609173047024616,0.232893870576568,26.0391304347826,64.6025614920732,10.8711352657005,0.0707983669614794,0.425289818581816,0.137679236188377,0.0223805571649524,0.177113330650473,0.0771123872026251,0.218638779846976,0.0901058252938343
"Tucson",62818,0.174,998.605,1500241689.6,0.0305957967152948,0.213158994913101,20.2,61.2586113842692,9.44444444444444,NA,NA,NA,NA,NA,NA,NA,NA
"Tucson",62819,0.168422619048571,937.431428571429,1500241689.6,0.0220344589391368,0.232169425913266,20.5,82.3404193565968,11.1170634920635,0.0335768560799858,0.189688889353322,0,0.055506162284952,0.0895681128432269,0.0511697361871578,0.133176083200749,0.0753677876647714
"Tucson",63462,0.18888895833375,671.0132325,3147327808.76581,0.0427040023626468,0.222566996887326,25.8825,79.3661783821979,10.1258829365079,0.0877290394365677,0.343662193818957,0.21354882565543,0.0611265029353121,0.186399782272197,0.0901067323481116,0.155707335013087,0.110317662872824
"Tucson",63463,0.181047553516789,663.75220733945,4798302696.51376,0.0547956185495084,0.266813541497659,28.3215596330275,105.386119600442,13.2634392747925,0.130491643915289,0.354385978833216,0.103712297126571,0.0140857916365719,0.128710106830889,0.0460586388626415,0.243653439512069,0.0835231914879705
"Tucson",63464,0.180751366120984,853.049095081967,4659585954.27322,0.0425527130941616,0.288593949841671,29.6377049180328,92.6930207908796,12.5161516610287,0.0541730486380234,0.19168609651163,0.0808839886071918,0.0513700566026668,0.106984097882781,0.0115667212842723,0.0883551955576212,0.0645318829365911
"Tucson",63465,0.186484226190714,634.440071428571,3674684006.4,0.0315791516856469,0.270264248230628,29.2767857142857,86.4252873481049,11.6107709750567,0.0422703243360717,0.214639975725341,0,0,0.0954833603462664,0.0216638347928375,0.119647625110517,0.0638169178585727
"Tucson",64108,0.181511627906744,598.891162790698,2904462895.13651,0.0481875308121689,0.261463138946267,28.3225913621262,90.09624659633,12.6135658914729,0.103074256715535,0.282643460364321,0.155939517867202,0.0154391475964434,0.172418383456313,0.0452095903942202,0.203572345501667,0.0947821689466554
"Tucson",64109,0.19680738304114,938.625639473684,3918331448.93923,0.0509650512598531,0.292953052018818,29.6507518796992,141.527951298305,14.4572130557876,0.124636946382382,0.285620399201935,0.185137666543088,0.0139834918319528,0.119553918831682,0.0109166711710238,0.256028783165519,0.0623081335088926
"Tucson",64110,0.20957041666675,690.45771125,3385558768.0135,0.039264618519116,0.28604489909485,29.2425,91.6168505366235,13.0262847222222,0.0972965282159299,0.264905001065516,0.292136323256062,0.0735010551238522,0.103793382978497,0.0219195398087421,0.125482516376202,0.0838641317406541
"Tucson",64111,0.192953819445,635.763625,3433650619.73333,0.0311492171939107,0.296240454539657,28.05,82.2685424770603,11.3271329365079,0.0736649439367906,0.199280396752103,0.0643476275196194,0.0563890857855574,0.0926379256083335,0.0501893939393939,0.108633961506326,0.0739325830395655
"Tucson",64754,0.19094325396873,558.958280952381,1985782654.34839,0.0374045244423469,0.265720000697507,28.4206349206349,65.4290673671763,10.2902998236332,0.0633314564333209,0.303334530271136,0.130318734739281,0.0461422153125075,0.117227546953234,0.0406811966152932,0.195015906533549,0.113396329178045
"Tucson",64755,0.222846626985,368.336464285714,2074177487.39048,0.03334576103672,0.248140999958629,27.3095238095238,58.14948182629,9.99074074074074,0.0847459563768576,0.391802908505766,0.249178996308124,0.154255063585706,0.075365520198698,0.0603582845518329,0.177545485359169,0.131901231298822
"Virginia_Beach",103257,NA,NA,NA,NA,NA,NA,NA,NA,NA,NA,NA,NA,NA,NA,NA,NA
"Virginia_Beach",103258,NA,NA,NA,NA,NA,NA,NA,NA,NA,NA,NA,NA,NA,NA,NA,NA
"Virginia_Beach",103259,NA,NA,NA,NA,NA,NA,NA,NA,NA,NA,NA,NA,NA,NA,NA,NA
"Virginia_Beach",103903,0.514480238096,937.916517142857,6440428334.32381,0.0302992871898567,0.230721028787749,27.7495238095238,85.2603734173164,10.4135903250189,0.0533992731190473,0.232703112425784,0.108442681203943,0,0.0696360637926151,0.0547482582283694,0.173913842892471,0.107971608537762
"Virginia_Beach",103904,0.566228888889333,673.650266666667,2181581876.33778,0.0274683668800982,0.206671866774559,21.5166666666667,58.6990483895952,8.22412698412698,0.0380105414774253,0.176318539438631,0.106040494497698,0,0.111330701594917,0.0286151992426198,0.142229252500207,0.152686207399401
"Virginia_Beach",103905,NA,NA,NA,NA,NA,NA,NA,NA,NA,NA,NA,NA,NA,NA,NA,NA
"Virginia_Beach",104549,0.534082371794872,752.787188461538,4100961755.76104,0.0330613884345833,0.214659270758812,28.3865384615385,86.0681324523325,11.5280177384344,0.0731369151994018,0.317501832018081,0.2408083160192,0.0130276848404172,0.129346054074185,0.0449356325313238,0.136330146257498,0.0876472889526959
"Virginia_Beach",104550,0.497644551281538,811.061807692308,1540980192.98462,0.0318384180503717,0.202187156161437,22.1839743589744,98.4230831505657,12.3744123931624,0.156303563785653,0.268862988506071,0.203957711457274,0,0.133140912596173,0.0233867759079421,0.162837333089671,0.0646127935410427
"Virginia_Beach",105195,0.353892307692308,588.828230769231,2906703903.69524,0.0210148101682851,0.178757386138806,21.6564102564103,71.8560279264914,11.7367521367521,0.413513789170978,0.226067474836771,0.084255265118634,0.164800029881185,0.139031785512661,0.0429333867647862,0.0984629528951338,0.069590400860427
"Virginia_Beach",105196,0.607554166665,417.478,2049536025.6,0.0318384180503717,0.217159003019333,21.9,69.6592058472707,12.4166666666667,0.012594898944573,0.0047942646079553,0,0,0.0181203714136282,0.002283105022831,0.0251436945905521,0.0704697986577181
"Visalia",98899,0.364092424241818,694.42,1617551193.98788,0.0303023249774133,0.294446267864921,21.3818181818182,76.9871049240108,7.98510101010101,0.0684244116556474,0.296150875419906,0.0651219006737174,0,0.079677781404874,0.0597557204700062,0.13142444483032,0.0797111240803724
"Visalia",98900,0.328571794872308,595.707076923077,2199388182.31795,0.0377979380382855,0.301982689362306,22.3230769230769,71.1647434323238,9.53867521367521,0.0431327021070137,0.217012161650156,0.235868118653049,0.0610176797986251,0.0792849269410316,0.0421725070243333,0.113348395436729,0.057074128129884
"Visalia",99545,0.3621023333328,637.87164,805120201.386667,0.0362611072738391,0.290429042577743,27.346,59.5511260972562,8.73354761904762,0.0566020471174452,0.202914514901462,0.524594476044201,0.0131463879498788,0.0906752961511781,0.0689183061508081,0.230851567985999,0.0790716331024229
"Visalia",99546,0.332237820512692,800.293243589744,1841226933.85974,0.0370115918948463,0.325038986710402,28.1814102564103,82.6586892318696,9.54374491249491,0.0812620659737747,0.213843514971236,0.400800422350969,0.0118787718257655,0.103185752245685,0.0499467209314126,0.195350901651325,0.100660402644604
"Visalia",99547,0.425785416665,784.57875,783128379.733333,0.0477233117755536,0.242113500833511,19.7,67.4652138525667,7.625,0.0438050759108659,0.0958483294379308,0,0,0.0907100379727623,0.0266497461928933,0.129273769128998,0.0286885245901639
"Visalia",100191,NA,NA,NA,NA,NA,NA,NA,NA,NA,NA,NA,NA,NA,NA,NA,NA
"Washington",122626,0.443835250531403,1612.8064756,22153782061.1587,0.0274205194388216,0.190716306744307,29.9315789473684,123.023642347445,13.2230250013145,0.133438946426613,0.457309727819462,0.206045069906506,0.0976508329643693,0.211206544850338,0.0022463256200403,0.224800229581197,0.0778184395879997
"Washington",122627,0.440875568181364,568.229568538636,26778547179.3612,0.0732643131093993,0.159747772188645,30,98.733273434304,11.42691318572,0.0828934373450991,0.493379208316855,0.120608868638927,0,0.242295318837093,0,0.215288060749502,0.0778713604363435
"Washington",123272,0.470690676568119,1782.95630430723,27867354916.864,0.0268553314182915,0.197624317013617,30,175.726539220258,14.59064149561,0.124042906583668,0.575293829470218,0.0960007544245381,0.104344513475463,0.315637232485515,0,0.181110102357568,0.0696173880723433
"Washington",123273,0.394188861386436,1284.86384322772,24770215761.92,0.0580260651161484,0.230075544650588,30,153.891553861393,14.4836261700669,0.139330651630877,0.50911201437372,0.130113614462468,0.0375152840108477,0.258255153818522,0,0.202138234095345,0.0539593871098972
"Washington",123274,0.474875925925555,844.638738888889,22253057111.2296,0.0625928898626271,0.228161331680086,30,124.36129336113,13.5176861204639,0.0551711146550731,0.297690997934622,0.100791149478995,0,0.145100917362621,0,0.107431391318887,0.0343368263696483
"Washington",123918,0.532335818713333,986.006589824561,22640079304.3088,0.0277985455888201,0.209718665467543,29.9605263157895,124.843304819483,13.7439387803871,0.0977038516789125,0.461814213167378,0.0956065556888341,0.0971555552845015,0.265402793642101,0.001294408617063,0.178789380944599,0.0571186131402929
"Washington",123919,0.441581359649474,1222.61642105263,21133496943.3825,0.049150671491294,0.269345472909902,30,163.225026717759,14.4316138253445,0.0703707366877102,0.349195772932618,0.123935825606785,0.0301303690923789,0.120135837860197,0,0.0839276878197779,0.0334399666484098
