term,estimate,std.error,statistic,p.value,conf.low,conf.high,city,lag,pct,pct_low,pct_high,n_obs,city_key,city_order,panel_row,panel_col,significant_05,effect_direction
post1,-0.225721348712495,0.1490370292199586,-1.5145319917734053,0.1298909661746236,-0.5178285583464575,0.0663858609214673,Abilene,1,-20.20595821853285,-40.41870827035734,6.86389836450616,21916,abilene,1,1,1,False,not_significant
post2,-0.0014487215727106,0.315233898247893,-0.0045957036370859,0.9963331719294836,-0.6192958088447448,0.6163983656993236,Abilene,2,-0.1447672682190925,-46.16766132797009,85.22449051798071,21916,abilene,1,1,1,False,not_significant
post3,-0.0578353263413553,0.059310308065569,-0.9751311066773912,0.3294952302954055,-0.174081394061846,0.0584107413791354,Abilene,3,-5.619464547850184,-15.977149473582053,6.015035391280965,21916,abilene,1,1,1,False,not_significant
post4,0.8475121163884249,0.0879189519620086,9.639697670129758,5.4347802368873725e-22,0.6751941369843809,1.0198300957924689,Abilene,4,133.3833317563248,96.44143044228068,177.27236265308463,21916,abilene,1,1,1,True,significant_enhancement
post5,0.2955301382691331,0.2381305350125256,1.2410425998227752,0.2145900122354302,-0.1711971339746712,0.7622574105129376,Abilene,5,34.383859014319285,-15.734455891938993,114.31086400417465,21916,abilene,1,1,1,False,not_significant
post6,0.378615077670131,0.0443942413356463,8.528472754102951,1.482924143273725e-17,0.2916039635312848,0.4656261918089771,Abilene,6,46.02608405446716,33.857278901080925,59.301140732438085,21916,abilene,1,1,1,True,significant_enhancement
post7,-0.0124534774791537,0.0432726277534486,-0.2877911078132129,0.7735066444823104,-0.0972662693923215,0.0723593144340139,Abilene,7,-1.2376253828561778,-9.26856160832502,7.5041552621525565,21916,abilene,1,1,1,False,not_significant
post8,-0.221203378851238,0.4875280352310335,-0.4537244278606716,0.650027182643047,-1.1767407693576382,0.734334011655162,Abilene,8,-19.844635534769814,-69.17181352965909,108.40935481998316,21916,abilene,1,1,1,False,not_significant
post9,0.1465214011451705,0.2659399736477945,0.5509566656542596,0.5816633810575451,-0.3747113692540376,0.6677541715443787,Abilene,9,15.779970879296323,-31.251231976079676,94.98533635026874,21916,abilene,1,1,1,False,not_significant
post10,-0.115842862432593,0.3338212781421473,-0.347020606587172,0.7285758378039078,-0.7701205448643297,0.5384348199991437,Abilene,10,-10.93848385976235,-53.70427421723731,71.3323103393515,21916,abilene,1,1,1,False,not_significant
post11,0.4147853876268179,0.2151685591785279,1.9277230335620987,0.053889585512176,-0.006937238968472,0.836508014222108,Abilene,11,51.40457728658164,-0.691323187261772,130.82923626657478,21916,abilene,1,1,1,False,not_significant
post12,0.4411721428856723,0.2461254262804504,1.7924687812748512,0.0730579056266118,-0.0412248283035786,0.9235691140749231,Abilene,12,55.45282802948539,-4.038664255042135,151.82623350086598,21916,abilene,1,1,1,False,not_significant
post1,0.6329667877185694,0.0992959534109391,6.374547662572092,1.8350374248985487e-10,0.4383502952225616,0.8275832802145772,Amarillo,1,88.31893226529172,55.01478217000238,128.77831232021913,27395,amarillo,2,1,2,True,significant_enhancement
post2,0.316797454517235,0.1602811617544691,1.9765108453763856,0.0480969486360862,0.0026521500782368,0.6309427589562333,Amarillo,2,37.27245046182799,0.2655670139477983,87.93815481214698,27395,amarillo,2,1,2,True,significant_enhancement
post3,0.1934113850272035,0.32193230589433,0.6007827778883684,0.5479846763404894,-0.4375643399856149,0.824387110040022,Amarillo,3,21.33818579869125,-35.439301325266506,128.04826520069406,27395,amarillo,2,1,2,False,not_significant
post4,0.5287535024777948,0.2197179746339835,2.406509997002371,0.0161057632137034,0.098114185439102,0.9593928195164876,Amarillo,4,69.68159130204282,10.308873458910009,161.0111183622815,27395,amarillo,2,1,2,True,significant_enhancement
post5,0.3395487443241745,0.1724433763927669,1.9690448623019228,0.0489479396132742,0.0015659372218667,0.6775315514264822,Amarillo,5,40.431374301352285,0.1567163941796678,96.90113252667034,27395,amarillo,2,1,2,True,significant_enhancement
post6,0.2582954557559765,0.0477900002073912,5.4048013106312665,6.48802720988319e-08,0.164628776528328,0.3519621349836249,Amarillo,6,29.4721294978022,17.89553815575764,42.18546841483675,27395,amarillo,2,1,2,True,significant_enhancement
post7,0.3636559714138734,0.0602487261326089,6.035911375345229,1.5806799266606399e-09,0.2455706380795428,0.481741304748204,Amarillo,7,43.85792166423481,27.835058063152964,61.889093172933386,27395,amarillo,2,1,2,True,significant_enhancement
post8,0.8942842224763594,0.1172452506102518,7.627466509915616,2.3941197421528436e-14,0.664487753921893,1.124080691030826,Amarillo,8,144.55846682927637,94.3494718763116,207.738647913332,27395,amarillo,2,1,2,True,significant_enhancement
post9,0.8022447681371406,0.0727457287912504,11.02806695963201,2.798146810085641e-28,0.6596657596771712,0.94482377659711,Amarillo,9,123.05423632872046,93.41457568497388,157.2360028606362,27395,amarillo,2,1,2,True,significant_enhancement
post10,0.4593000170100136,0.1822687447340905,2.5199055256570757,0.0117386335992805,0.1020598418238716,0.8165401921961555,Amarillo,10,58.296554813883695,10.744974155744092,126.26579180654574,27395,amarillo,2,1,2,True,significant_enhancement
post11,0.5874673658154088,0.2502094331963879,2.347902548319628,0.0188794601313032,0.097065888158308,1.0778688434725097,Amarillo,11,79.94253533908726,10.1932975563519,193.8410660385235,27395,amarillo,2,1,2,True,significant_enhancement
post12,0.546645371295056,0.1765211305050207,3.096770169843819,0.001956414928665,0.2006703129949207,0.8926204295951912,Amarillo,12,72.74483392550688,22.222175476236327,144.15191049968587,27395,amarillo,2,1,2,True,significant_enhancement
post1,0.4360181826966202,0.042149333414832,10.344604466346988,4.427407228572167e-25,0.3534070072311787,0.5186293581620618,Arlington,1,54.653691470526034,42.39105674082164,67.97237714862577,21916,arlington,3,1,3,True,significant_enhancement
post2,0.5879021044006635,0.0554160949764771,10.608869222023218,2.710089717025004e-26,0.4792885540829174,0.6965156547184096,Arlington,2,80.02078030914916,61.49250615530831,100.67483076860842,21916,arlington,3,1,3,True,significant_enhancement
post3,0.2901427426397119,0.1362458371890108,2.1295530830582603,0.0332085279763019,0.0231058087057427,0.5571796765736811,Arlington,3,33.661826682870746,2.3374815783580027,74.57419937115115,21916,arlington,3,1,3,True,significant_enhancement
post4,0.0936946772387892,0.0268515846907147,3.489353731557933,0.0004841899596410767,0.0410665383171613,0.1463228161604171,Arlington,4,9.822438182194638,4.192143093768541,15.75698099834264,21916,arlington,3,1,3,True,significant_enhancement
post5,-0.0145189074013969,0.0476465404146464,-0.3047211250815991,0.7605785588476512,-0.1079044106020361,0.0788665957992422,Arlington,5,-1.441401631359196,-10.228659578693478,8.205996109706648,21916,arlington,3,1,3,False,not_significant
post6,0.2561914158893892,0.1209011187388265,2.1190160898578605,0.0340891072013217,0.0192295774706885,0.4931532543080898,Arlington,6,29.200001360344107,1.941565662292488,63.7471451714952,21916,arlington,3,1,3,True,significant_enhancement
post7,0.2533700374420263,0.1508848495271453,1.6792278233106712,0.0931076514047403,-0.0423588334439237,0.5490989083279765,Arlington,7,28.83599300523485,-4.147423224780889,73.169190146761,21916,arlington,3,1,3,False,not_significant
post8,0.2769005348524133,0.0427928719756727,6.470716314853275,9.753940743636292e-11,0.1930280469850613,0.3607730227197653,Arlington,8,31.903516648242068,21.29168117017619,43.44378391261934,21916,arlington,3,1,3,True,significant_enhancement
post9,0.1777049947400119,0.0543111549069847,3.271979670554896,0.0010679725506874,0.0712570871635459,0.2841529023164778,Arlington,9,19.447289346684805,7.385726530212922,32.86360667547792,21916,arlington,3,1,3,True,significant_enhancement
post10,-0.0165507306497502,0.1010680839992237,-0.1637582310344115,0.8699214745033275,-0.2146405352746976,0.1815390739751972,Arlington,10,-1.6414519805521333,-19.316858451060934,19.90613878893073,21916,arlington,3,1,3,False,not_significant
post11,-0.0683054008691516,0.0119655790461454,-5.70849104800783,1.1398217186403222e-08,-0.0917575048537638,-0.0448532968845393,Arlington,11,-6.60248068187731,-8.76736425634519,-4.386226007004424,21916,arlington,3,1,3,True,significant_suppression
post12,-0.3175211924921244,0.0463051080765639,-6.857152605434237,7.024658009636366e-12,-0.4082775366224245,-0.2267648483618243,Arlington,12,-27.204874649036597,-33.52056515614559,-20.289179844729887,21916,arlington,3,1,3,True,significant_suppression
post1,-2.800239152783925,0.2769708232230936,-10.11023154062837,4.9766520241583375e-24,-3.343091991069598,-2.257386314498252,Atlanta,1,-93.9204478531701,-96.46724438137647,-89.5376419157957,65748,atlanta,4,1,4,True,significant_suppression
post2,-2.5416586914647032,0.1289644537933815,-19.708211190788923,1.833339015711202e-86,-2.794424376185611,-2.288893006743796,Atlanta,2,-92.12643068025872,-93.88499363634033,-89.86213747851767,65748,atlanta,4,1,4,True,significant_suppression
post3,-1.9598711675814475,0.0882611840683513,-22.205357748924836,3.0485800026646947e-109,-2.1328599095882765,-1.7868824255746183,Atlanta,3,-85.91234307788946,-88.15020845366523,-83.25185073686173,65748,atlanta,4,1,4,True,significant_suppression
post4,-2.480142565333684,0.1479054858330543,-16.76842850935969,4.153490011661931e-63,-2.77003199068237,-2.1902531399849985,Atlanta,4,-91.62687124377096,-93.73399998260732,-88.81115784012354,65748,atlanta,4,1,4,True,significant_suppression
post5,-1.9917897974210688,0.1875020288268719,-10.622763976917648,2.3354181582939263e-26,-2.359287020949929,-1.6242925738922094,Atlanta,5,-86.35490128616323,-90.55124331582044,-80.29489750518258,65748,atlanta,4,1,4,True,significant_suppression
post6,-1.926341108906283,0.1643754047100254,-11.719156599520106,1.0167921803869899e-31,-2.248510982082128,-1.6041712357304376,Atlanta,6,-85.43197472950217,-89.44437172019882,-79.89438859949503,65748,atlanta,4,1,4,True,significant_suppression
post7,-2.365707768695021,0.2128618694657526,-11.113816554522176,1.0746602822801823e-28,-2.782909366529762,-1.94850617086028,Atlanta,7,-90.61171704794732,-93.81417230742112,-85.75132364363395,65748,atlanta,4,1,4,True,significant_suppression
post8,-2.267267695880543,0.1362824988106114,-16.636528649443907,3.7895977372449057e-62,-2.534376485272464,-2.000158906488622,Atlanta,8,-89.64051536323953,-92.06888444754608,-86.46862207094296,65748,atlanta,4,1,4,True,significant_suppression
post9,-2.095417438951126,0.1644630906898194,-12.740958656207695,3.5006663896049852e-37,-2.4177591734893165,-1.7730757044129353,Atlanta,9,-87.69811199381301,-91.08789012047764,-83.01901002539279,65748,atlanta,4,1,4,True,significant_suppression
post10,-1.903235407499037,0.0757700244368735,-25.11857982947709,3.1168527116340983e-139,-2.051741926503029,-1.7547288884950452,Atlanta,10,-85.09145142213868,-87.14891479553063,-82.70458742105676,65748,atlanta,4,1,4,True,significant_suppression
post11,-2.235369242520743,0.108371033233552,-20.626999446459685,1.5710069199200492e-94,-2.447772564625898,-2.022965920415588,Atlanta,11,-89.30473688978542,-91.35139858830216,-86.77373975843096,65748,atlanta,4,1,4,True,significant_suppression
post12,-1.7360441114287752,0.1475270627494783,-11.767631504850211,5.731102274069457e-32,-2.025191841162733,-1.4468963816948173,Atlanta,12,-82.37838850592868,-86.80314762357891,-76.47005643536663,65748,atlanta,4,1,4,True,significant_suppression
post1,0.222838536364031,0.0379317788027657,5.874718861003768,4.235615513260406e-09,0.1484936160410702,0.2971834566869917,Austin,1,24.961878945269,16.008539181329095,34.60622209132416,120538,austin,6,2,1,True,significant_enhancement
post2,0.2966664815832667,0.0117124234915102,25.32921404338788,1.5229567044476873e-141,0.2737105533682258,0.3196224097983076,Austin,2,34.536652010245874,31.483417283276417,37.660787254486536,120538,austin,6,2,1,True,significant_enhancement
post3,-0.0102252680146735,0.063900344292222,-0.1600189815552874,0.8728661217716788,-0.1354676414271383,0.1150171053977911,Austin,3,-1.0173167692819507,-12.66925785468983,12.189262782748743,120538,austin,6,2,1,False,not_significant
post4,0.1051073866067336,0.031295058129414,3.3585937489581994,0.0007834014332229083,0.0437701997789946,0.1664445734344727,Austin,4,11.08298922037363,4.474224530201831,18.10980698465494,120538,austin,6,2,1,True,significant_enhancement
post5,0.1727064364920313,0.030554673548847,5.65237380841034,1.5824697207195502e-08,0.1128203767769125,0.2325924962071502,Austin,5,18.85171486026691,11.943083911322017,26.18671588872945,120538,austin,6,2,1,True,significant_enhancement
post6,0.0933219012335805,0.0326980603914099,2.8540500603545578,0.0043165728799384,0.0292348805021013,0.1574089219650597,Austin,6,9.781506642028814,2.966641463906572,17.047414864147626,120538,austin,6,2,1,True,significant_enhancement
post7,0.1090435071034943,0.0370380871799755,2.9440912154461456,0.0032390452109036,0.0364501901744877,0.181636824032501,Austin,7,11.52108688806801,3.712264383324393,19.91786019374309,120538,austin,6,2,1,True,significant_enhancement
post8,-0.0204145601334803,0.0319821209335384,-0.6383116421798154,0.5232708349371369,-0.0830983653124203,0.0422692450454595,Austin,8,-2.0207593769203003,-7.973937895561722,4.317531072671654,120538,austin,6,2,1,False,not_significant
post9,0.1242336725973812,0.0189405125952358,6.55915049673103,5.4115167223341245e-11,0.0871109500619918,0.1613563951327707,Austin,9,13.228042299610076,9.101772148719078,17.510369543092775,120538,austin,6,2,1,True,significant_enhancement
post10,0.0495707365947019,0.0397397681368558,1.247383639078876,0.2122568626742471,-0.0283177777075078,0.1274592508969116,Austin,10,5.081992100876764,-2.792058745277526,13.593857881979176,120538,austin,6,2,1,False,not_significant
post11,0.1553978840310018,0.0403207716153532,3.854040431404584,0.00011618439617193826,0.0763706238360445,0.2344251442259591,Austin,11,16.812264600074034,7.936253751886602,26.41818375838534,120538,austin,6,2,1,True,significant_enhancement
post12,0.1374884849355142,0.0494321304594026,2.781358676183904,0.0054131893559733,0.0406032895559996,0.2343736803150289,Austin,12,14.738849364350749,4.143887390617906,26.411677951644982,120538,austin,6,2,1,True,significant_enhancement
post1,0.3464936754414474,0.0413656619375002,8.376359985849325,5.4589768261895096e-17,0.2654184678472876,0.4275688830356071,Bakersfield,1,41.410055024035096,30.397653387419044,53.35248098743743,76706,bakersfield,7,2,2,True,significant_enhancement
post2,0.301296186982901,0.0653742124307982,4.608792607663727,4.050140782185365e-06,0.1731650851008658,0.4294272888649362,Bakersfield,2,35.16096114305931,18.906238536593523,53.63773711076938,76706,bakersfield,7,2,2,True,significant_enhancement
post3,0.2664647567400148,0.0242563685710035,10.98535240178332,4.49480950727511e-28,0.2189231479451187,0.314006365534911,Bakersfield,3,30.534158403183987,24.47356125219782,36.889845029051685,76706,bakersfield,7,2,2,True,significant_enhancement
post4,0.243141793740592,0.0384706682016201,6.320186394120198,2.6124799498399076e-10,0.1677406696042263,0.3185429178769577,Bakersfield,4,27.52494336867144,18.26298790025349,37.51226372615604,76706,bakersfield,7,2,2,True,significant_enhancement
post5,0.2902604517324086,0.0933800985772161,3.108375940430088,0.0018811860641418,0.107238821648265,0.4732820818165523,Bakersfield,5,33.67756082122519,11.32000790134542,60.52541321187226,76706,bakersfield,7,2,2,True,significant_enhancement
post6,0.1168247498310972,0.0308010453444717,3.79288262864316,0.0001489085502771312,0.0564558102697475,0.177193689392447,Bakersfield,6,12.392244483193585,5.807985750364875,19.386230919970004,76706,bakersfield,7,2,2,True,significant_enhancement
post7,0.2085761164230751,0.0991303512165264,2.1040590884974346,0.0353732930012282,0.014284198263877,0.4028680345822732,Bakersfield,7,23.19226960414589,1.4386704917486393,49.61094439279998,76706,bakersfield,7,2,2,True,significant_enhancement
post8,0.1470388317511119,0.0667624049169488,2.20241963922698,0.0276356798725608,0.0161869225926125,0.2778907409096114,Bakersfield,8,15.839894481600236,1.631864056730148,32.03419299697148,76706,bakersfield,7,2,2,True,significant_enhancement
post9,0.2536953883042825,0.0694167879014773,3.654669078960412,0.00025751391189016447,0.1176409840949311,0.3897497925136338,Bakersfield,9,28.87791672623832,12.484020334331714,47.66112884592335,76706,bakersfield,7,2,2,True,significant_enhancement
post10,0.2529328801577487,0.0207637366568279,12.181472166503063,3.901747275898732e-34,0.2122367041258919,0.2936290561896055,Bakersfield,10,28.77968372131905,23.64405210158147,34.128626953587585,76706,bakersfield,7,2,2,True,significant_enhancement
post11,0.2625075995946704,0.0788746946142401,3.328159948872587,0.000874216584368598,0.1079160388591644,0.4170991603301765,Bakersfield,11,30.01863490201944,11.395421259343452,51.75529865296604,76706,bakersfield,7,2,2,True,significant_enhancement
post12,0.121911933267271,0.0689266036493013,1.7687210280599213,0.0769404413048904,-0.0131817274620266,0.2570055939965687,Bakersfield,12,12.96546124087039,-1.3095228976200857,29.30523600695876,76706,bakersfield,7,2,2,False,not_significant
post1,0.3660036146752941,0.0493139249939956,7.421912060738584,1.1544145669231746e-13,0.2693500977507531,0.4626571315998352,Baltimore,1,44.19604548639271,30.911337847712492,58.82886750497875,49311,baltimore,8,2,3,True,significant_enhancement
post2,0.3080499721651398,0.0526797758074692,5.847594592865803,4.987322368661614e-09,0.2047995088688556,0.4113004354614239,Baltimore,2,36.07689878106866,22.72789817439711,50.87785790611798,49311,baltimore,8,2,3,True,significant_enhancement
post3,0.3339642609308659,0.0171798448135199,19.43930603308173,3.5898873418966844e-84,0.3002923838363797,0.3676361380253522,Baltimore,3,39.64932333144269,35.02535421769295,44.431641153024295,49311,baltimore,8,2,3,True,significant_enhancement
post4,0.3539418522218569,0.0345502994692833,10.244248462637085,1.255971448015874e-24,0.2862245096069882,0.4216591948367256,Baltimore,4,42.46723425400156,33.13913318453632,52.44888824574363,49311,baltimore,8,2,3,True,significant_enhancement
post5,0.3462133547250256,0.0606136511633082,5.711804982548255,1.117841457231519e-08,0.2274127814734672,0.465013927976584,Baltimore,5,41.37042041156256,25.53479453811469,59.20363625778624,49311,baltimore,8,2,3,True,significant_enhancement
post6,0.3166015006783935,0.0875162730068488,3.617630068108783,0.00029731292967532884,0.1450727575237948,0.4881302438329921,Baltimore,6,37.24555403350804,15.612368390447596,62.9267038138189,49311,baltimore,8,2,3,True,significant_enhancement
post7,0.3749735069004061,0.0762674731138042,4.9165586794895,8.807880505146295e-07,0.225492006405473,0.5244550073953392,Baltimore,7,45.49528678963591,25.293901858988143,68.95378118100976,49311,baltimore,8,2,3,True,significant_enhancement
post8,0.2342978267069512,0.0287432592970053,8.151400795781083,3.5973271515933574e-16,0.1779620736865247,0.2906335797273777,Baltimore,8,26.402089533431862,19.478000677443006,33.72744896822009,49311,baltimore,8,2,3,True,significant_enhancement
post9,0.1762662791347535,0.0372828640844527,4.72780950346189,2.26954958351177e-06,0.1031932082887243,0.2493393499807827,Baltimore,9,19.27556223035851,10.870559949523638,28.317740542170444,49311,baltimore,8,2,3,True,significant_enhancement
post10,0.1475561732522961,0.0670662360185048,2.2001558759251467,0.0277958376531283,0.0161087660773637,0.2790035804272285,Baltimore,10,15.899838771005737,1.623921174795262,32.181207651301634,49311,baltimore,8,2,3,True,significant_enhancement
post11,0.2375414098416269,0.0270894965954217,8.768764270125718,1.806377774808241e-18,0.1844469721552798,0.290635847527974,Baltimore,11,26.81275086627541,20.25532107891521,33.72775223575248,49311,baltimore,8,2,3,True,significant_enhancement
post12,0.0877504851358279,0.0576785716178122,1.5213706351342602,0.1281668536034803,-0.0252974379147982,0.2007984081864541,Baltimore,12,9.17156887497419,-2.4980138979961097,22.237832551990238,49311,baltimore,8,2,3,False,not_significant
post1,0.8071651303614107,0.0844313225590248,9.560019977149262,1.177339763737429e-21,0.6416827789786379,0.9726474817441836,Boston,1,124.15444846856768,89.96749241440638,164.49376222032686,43832,boston,9,2,4,True,significant_enhancement
post2,0.7775333327542073,0.0478914788838934,16.23531682200156,2.837789915492516e-59,0.6836677589754158,0.8713989065329989,Boston,2,117.60979303864735,98.11307329976528,139.02522553204486,43832,boston,9,2,4,True,significant_enhancement
post3,0.5411445546905505,0.1153836237807817,4.689959779029608,2.7325875718851497e-06,0.314996807674499,0.7672923017066019,Boston,3,71.7972050306096,37.02549366502375,115.39261685479292,43832,boston,9,2,4,True,significant_enhancement
post4,0.2309896263867178,0.194954844826581,1.1848365532654035,0.2360820770007457,-0.1511148480849757,0.6130941008584115,Boston,4,25.98461702244792,-14.025104753184236,84.61346978937698,43832,boston,9,2,4,False,not_significant
post5,0.2816333592056257,0.1952312999051892,1.4425625365522647,0.1491437431835257,-0.1010129572634831,0.6642796756747346,Boston,5,32.52927245220574,-9.607867953673344,94.30903618590708,43832,boston,9,2,4,False,not_significant
post6,0.4197836976864211,0.1170291867823577,3.58700004014472,0.00033450427219738107,0.190410706452989,0.6491566889198531,Boston,6,52.16323874141808,20.9746346272232,91.39261131578964,43832,boston,9,2,4,True,significant_enhancement
post7,0.6407743956396319,0.1018881113848881,6.289000619700076,3.1951619529224395e-10,0.4410773668724457,0.8404714244068181,Boston,7,89.79500746243332,55.43809552835484,131.74592261453694,43832,boston,9,2,4,True,significant_enhancement
post8,0.4618951830364805,0.0601765514498598,7.675667214352421,1.6455983558656533e-14,0.3439513094809338,0.5798390565920273,Boston,8,58.70789417114579,41.0509955373781,78.5751002768698,43832,boston,9,2,4,True,significant_enhancement
post9,0.5219131927627313,0.0593968369670343,8.786885285699586,1.5376365177578461e-18,0.4054975315117467,0.6383288540137159,Boston,9,68.52487731575239,50.00486358938399,89.33142295993753,43832,boston,9,2,4,True,significant_enhancement
post10,0.2179175448194536,0.0570108627684295,3.8223863705519694,0.0001321663869968809,0.1061783070657763,0.3296567825731309,Boston,10,24.34845316502454,11.202013987835135,39.04908058792722,43832,boston,9,2,4,True,significant_enhancement
post11,0.2566320570002141,0.0513940966341128,4.993415076973545,5.932087624842509e-07,0.1559014785793818,0.3573626354210464,Boston,11,29.2569447373372,16.871105434428713,42.95541828518778,43832,boston,9,2,4,True,significant_enhancement
post12,0.461895183036323,0.2215800153098461,2.0845525368812363,0.0371099366299153,0.0276063333351908,0.8961840327374553,Boston,12,58.70789417112079,2.7990918998789027,145.02352313348936,43832,boston,9,2,4,True,significant_enhancement
post1,-0.458920047346282,0.1577750018574194,-2.90869936265953,0.0036293568844113,-0.7681533686475642,-0.1496867260449998,Cape Coral,1,-36.80342297799597,-53.61311273058329,-13.902234394347058,21916,capecoral,10,2,5,True,significant_suppression
post2,-0.9685039628644176,0.3050537392937264,-3.1748634358875254,0.0014990703402848,-1.5663983052293924,-0.3706096204994429,Cape Coral,2,-62.03494151644888,-79.12041513737287,-30.96866268450785,21916,capecoral,10,2,5,True,significant_suppression
post3,-0.3183011584346253,0.0895224163652076,-3.5555469943540428,0.0003771935130328631,-0.4937618703194314,-0.1428404465498191,Cape Coral,3,-27.26163023100268,-38.96738974526025,-13.310762646916308,21916,capecoral,10,2,5,True,significant_suppression
post4,-0.5451673039753727,0.2266764792634412,-2.4050457539610206,0.0161704410883452,-0.989445039474058,-0.1008895684766875,Cape Coral,4,-42.02552183809806,-62.82170413521757,-9.596713890035248,21916,capecoral,10,2,5,True,significant_suppression
post5,-0.6571265651609169,0.2490466859221712,-2.6385677959443856,0.0083257051129557,-1.145249100037431,-0.1690040302844029,Cape Coral,5,-48.16613911074288,-68.18553419272048,-15.549450021816844,21916,capecoral,10,2,5,True,significant_suppression
post6,-0.3168007616023784,0.218605566547425,-1.4491889049570497,0.1472848351346571,-0.7452597988553056,0.1116582756505487,Cape Coral,6,-27.15241189648617,-52.53890194679721,11.81307028654166,21916,capecoral,10,2,5,False,not_significant
post7,-0.5068443639044364,0.2123564855120977,-2.3867618767667067,0.0169974967937111,-0.9230554273916498,-0.0906333004172231,Cape Coral,7,-39.76064826372878,-60.26967465883845,-8.664742449347607,21916,capecoral,10,2,5,True,significant_suppression
post8,-0.8845134426177207,0.302573928974107,-2.9232969463585654,0.0034634604111774,-1.477547446067751,-0.2914794391676906,Cape Coral,8,-58.70849687326643,-77.18033327256644,-25.28426243774492,21916,capecoral,10,2,5,True,significant_suppression
post9,-0.3603837672661263,0.1945608453210494,-1.852293387559294,0.0639837047303873,-0.7417160168970514,0.0209484823647986,Cape Coral,9,-30.259136789588997,-52.37041179394581,2.11694420475852,21916,capecoral,10,2,5,False,not_significant
post10,-0.496550892657596,0.1547954990073956,-3.207786375196041,0.0013376081490629,-0.7999444956809971,-0.1931572896341949,Cape Coral,10,-39.13737390362262,-55.06460954924734,-17.564769813068526,21916,capecoral,10,2,5,True,significant_suppression
post11,-0.4185893523018328,0.1515004129798205,-2.7629584901368407,0.0057280050586098,-0.7155247053852256,-0.12165399921844,Cape Coral,11,-34.202566455589675,-51.106450260977,-11.45453164805128,21916,capecoral,10,2,5,True,significant_suppression
post12,-0.6653161638164576,0.2287793767194667,-2.90811249403953,0.0036361750960276,-1.1137155025921337,-0.2169168250407817,Cape Coral,12,-48.5889041274022,-67.1663244139584,-19.500307789326836,21916,capecoral,10,2,5,True,significant_suppression
post1,0.0433522922488291,0.082122728372161,0.5278963949220815,0.5975712470241462,-0.1176052976727721,0.2043098821704305,Chandler,1,4.430573086831213,-11.095310775116218,22.66782202745223,16437,chandler,11,3,1,False,not_significant
post2,-0.1004949442968521,0.1119542066101859,-0.8976433073816166,0.3693757428139402,-0.3199211571705725,0.1189312685768682,Chandler,2,-9.56103152730118,-27.379370902464007,12.629250394132583,16437,chandler,11,3,1,False,not_significant
post3,-0.0313508952114238,0.0712598109228879,-0.4399519842306271,0.6599718840585274,-0.1710175581654182,0.1083157677425704,Chandler,3,-3.086455158261192,-15.71932247990695,11.439958127443251,16437,chandler,11,3,1,False,not_significant
post4,-0.0797065208516883,0.0040667924440151,-19.599357958134046,1.565870710690592e-85,-0.0876772875745577,-0.0717357541288189,Chandler,4,-7.661269845633456,-8.394354817270766,-6.922318275113848,16437,chandler,11,3,1,True,significant_suppression
post5,0.039271380690863,0.0549905775763387,0.7141474489215148,0.4751360081845723,-0.0685081708478169,0.1470509322295429,Chandler,5,4.005269557405122,-6.621416974956085,15.841296208225607,16437,chandler,11,3,1,False,not_significant
post6,-0.0272944643279222,0.1217030800899909,-0.2242709412756022,0.8225464858263167,-0.2658281181118982,0.2112391894560537,Chandler,6,-2.692533644390916,-23.34291241723797,23.520776840434543,16437,chandler,11,3,1,False,not_significant
post7,0.1402046149440093,0.0940267691762548,1.491113819737796,0.13593161461288,-0.0440844662241109,0.3244936961121296,Chandler,7,15.05091861472332,-4.312686940077059,38.33300832475428,16437,chandler,11,3,1,False,not_significant
post8,-0.0020466109734667,0.0683189610696078,-0.0299567051580528,0.976101581938708,-0.1359493141310922,0.1318560921841587,Chandler,8,-0.2044518093242353,-12.711312560282297,14.09441166766725,16437,chandler,11,3,1,False,not_significant
post9,-0.1261453470192982,0.1274259558260483,-0.9899501730361884,0.3221984740806894,-0.3758956311339447,0.1236049370953482,Chandler,9,-11.85132839947941,-31.332600331110672,13.156874184895218,16437,chandler,11,3,1,False,not_significant
post10,-0.0820422473133665,0.0939768165725107,-0.8730051762294403,0.3826602563610374,-0.2662334231772144,0.1021489285504813,Chandler,10,-7.876696174663833,-23.373975627664144,10.754840502453831,16437,chandler,11,3,1,False,not_significant
post11,-0.1698169584266647,0.1030035925868235,-1.6486508301496674,0.099219188862739,-0.3717002901750756,0.0320663733217462,Chandler,11,-15.618074353419177,-31.04391202723865,3.25860391960926,16437,chandler,11,3,1,False,not_significant
post12,-0.2008814118035318,0.0679898779110557,-2.9545782103966225,0.0031309678265229,-0.3341391238224763,-0.0676236997845873,Chandler,12,-18.19905679345696,-28.40458309826277,-6.538789785052335,16437,chandler,11,3,1,True,significant_suppression
post1,-0.7118307864106539,0.1333006238255469,-5.340040923906254,9.292560245653099e-08,-0.9730952082254478,-0.45056636459586,Charleston,1,-50.92550746158943,-62.20884888390528,-36.273287614230654,60269,charleston,12,3,2,True,significant_suppression
post2,-0.6353254332693914,0.1110382233208077,-5.721682266419476,1.0547442253179394e-08,-0.8529563518854901,-0.4176945146532926,Charleston,2,-47.023694226211575,-57.38467910237258,-34.14366208388265,60269,charleston,12,3,2,True,significant_suppression
post3,-0.5118949494681405,0.080127631777264,-6.388494681723374,1.6752664979090914e-10,-0.6689422219180653,-0.3548476770182157,Charleston,3,-40.06412525062929,-48.7749861720623,-29.87197438269821,60269,charleston,12,3,2,True,significant_suppression
post4,-0.559255900899618,0.046766782111921,-11.958400292780912,5.868149499534431e-33,-0.6509171095118153,-0.4675946922874207,Charleston,4,-42.83657418269067,-47.843277690985055,-37.34925995136328,60269,charleston,12,3,2,True,significant_suppression
post5,-0.3987747068412122,0.05082237509235,-7.846439803661139,4.280140511015497e-15,-0.4983847316310039,-0.2991646820514205,Charleston,5,-32.88581120019101,-39.2488838824592,-25.856270203472587,60269,charleston,12,3,2,True,significant_suppression
post6,-0.3943932329824442,0.0772622765338289,-5.1046027981036906,3.314900392003548e-07,-0.545824512352323,-0.2429619536125654,Charleston,6,-32.59110698847297,-42.0636106332868,-21.569864696294218,60269,charleston,12,3,2,True,significant_suppression
post7,-0.3446317234236329,0.0374486621366038,-9.20277798353646,3.488130745018399e-20,-0.4180297524805851,-0.2712336943666806,Charleston,7,-29.151877753208865,-34.16573591932005,-23.75617019512952,60269,charleston,12,3,2,True,significant_suppression
post8,-0.3946188690026424,0.150059609841479,-2.6297474011795208,0.0085448332539721,-0.6887302998260736,-0.1005074381792112,Charleston,8,-32.60631514699936,-49.77866752355905,-9.562161454075358,60269,charleston,12,3,2,True,significant_suppression
post9,-0.4158962674499541,0.0399616731195383,-10.407378745276098,2.294525971240937e-25,-0.4942197075262116,-0.3375728273736966,Charleston,9,-34.02512956495903,-38.9953263493654,-28.64999895175795,60269,charleston,12,3,2,True,significant_suppression
post10,-0.221107941890875,0.1389812516555755,-1.5909192013813955,0.1116277606810045,-0.4935061896621007,0.0512903058803507,Charleston,10,-19.836985385380768,-38.95178289225152,5.262843315501664,60269,charleston,12,3,2,False,not_significant
post11,-0.187979703017712,0.0440229019100997,-4.270043428795085,1.954349087850836e-05,-0.274263005256447,-0.1016964007789769,Charleston,11,-17.13684742186008,-23.98678697771063,-9.669624764122398,60269,charleston,12,3,2,True,significant_suppression
post12,-0.3303230186656189,0.1149690454055124,-2.873147441561525,0.0040640439918023,-0.5556582069973734,-0.1049878303338643,Charleston,12,-28.13084548505353,-42.6305472855646,-9.96645206982112,60269,charleston,12,3,2,True,significant_suppression
post1,-0.3745205792862431,0.1442909305486269,-2.595593346457956,0.0094427749438953,-0.6573256064573221,-0.0917155521151641,Charlotte,1,-31.238114149507425,-48.176455162917705,-8.763536717138765,115059,charlotte,13,3,3,True,significant_suppression
post2,-0.3641658731550268,0.0654215884999329,-5.566448041159989,2.5998425515271068e-08,-0.4923898304262952,-0.2359419158837584,Charlotte,2,-30.522405949290565,-38.88359309618134,-21.01734510224344,115059,charlotte,13,3,3,True,significant_suppression
post3,-0.2496761373256029,0.0450152184244789,-5.546482857669104,2.9147318963945505e-08,-0.3379043441937855,-0.1614479304574202,Charlotte,3,-22.09469515767063,-28.673648756848117,-14.908916315006628,115059,charlotte,13,3,3,True,significant_suppression
post4,-0.2381750241898625,0.0569772324154006,-4.18017889063852,2.912798603270612e-05,-0.3498483476628159,-0.1265017007169092,Charlotte,4,-21.193525137169942,-29.5205034581725,-11.88273490829862,115059,charlotte,13,3,3,True,significant_suppression
post5,-0.2612079523236368,0.0604206924130165,-4.3231539045945215,1.538143524763376e-05,-0.3796303333741216,-0.142785571273152,Charlotte,5,-22.98792454380833,-31.58857433161758,-13.306005420506628,115059,charlotte,13,3,3,True,significant_suppression
post6,-0.4643412553860709,0.1013003175561284,-4.58380848736026,4.565824514590285e-06,-0.6628862294185531,-0.2657962813535888,Charlotte,6,-37.1450977875188,-48.4638266335993,-23.340471865218472,115059,charlotte,13,3,3,True,significant_suppression
post7,-0.4808025324405906,0.0707830089905752,-6.792626356200959,1.1011029995422427e-11,-0.6195346807794928,-0.3420703841016884,Charlotte,7,-38.17130027264821,-46.18051882715171,-28.97017907516337,115059,charlotte,13,3,3,True,significant_suppression
post8,-0.4441385480683932,0.1265227123165845,-3.5103464029214906,0.0004475232732221699,-0.6921185074352213,-0.1961585887015652,Charlotte,8,-35.86234468113149,-49.94853988048062,-17.811811683836975,115059,charlotte,13,3,3,True,significant_suppression
post9,-0.2252610813021021,0.0862637622940028,-2.6113060143884157,0.0090197143127136,-0.394334948569272,-0.0561872140349323,Charlotte,9,-20.1692231682326,-32.58717798620252,-5.463786573730878,115059,charlotte,13,3,3,True,significant_suppression
post10,-0.2885101116096658,0.0378044624610852,-7.63164168533408,2.317829120834768e-14,-0.3626054964882893,-0.2144147267310422,Charlotte,10,-25.06207723210493,-30.413910107496367,-19.298637451218926,115059,charlotte,13,3,3,True,significant_suppression
post11,-0.4006606577118746,0.0745965488485633,-5.371034771665461,7.828611063110947e-08,-0.5468672068260415,-0.2544541085977077,Charlotte,11,-33.01226598175781,-42.12398910268813,-22.46603663026152,115059,charlotte,13,3,3,True,significant_suppression
post12,-0.2914613657464793,0.1032985458662194,-2.821543742967564,0.0047793119093084,-0.4939227952996282,-0.0889999361933304,Charlotte,12,-25.282912056545868,-38.97721062662309,-8.515436805229692,115059,charlotte,13,3,3,True,significant_suppression
post1,-3.334466429313682,0.4048327494932514,-8.236651885223203,1.7709681475610227e-16,-4.12792403808278,-2.5410088205445835,Chicago,1,-96.43664058188236,-98.3883699053932,-92.12131221352908,87664,chicago,14,3,4,True,significant_suppression
post2,-3.234313661313402,0.1949660258023775,-16.58911417003383,8.354346377634934e-62,-3.616440050094969,-2.852187272531835,Chicago,2,-96.06127713558853,-97.31218086074696,-94.2282062151886,87664,chicago,14,3,4,True,significant_suppression
post3,-3.4280573821494085,0.1710278680804693,-20.043852622524028,2.283870683485928e-89,-3.763265843939796,-3.092848920359021,Chicago,3,-96.75500826278936,-97.67921766534428,-95.46274925600574,87664,chicago,14,3,4,True,significant_suppression
post4,-3.636787810092528,0.3811358371183197,-9.541972850386998,1.4014055952552265e-21,-4.383800324061959,-2.889775296123097,Chicago,4,-97.36631929368488,-98.7522151466633,-94.4411297794902,87664,chicago,14,3,4,True,significant_suppression
post5,-3.819109367036957,0.3630350927967898,-10.519945434516758,6.991406159876537e-26,-4.5306450740428215,-3.107573660031093,Chicago,5,-97.80526607840098,-98.92262760190074,-95.52906961871722,87664,chicago,14,3,4,True,significant_suppression
post6,-3.388729279451064,0.2257991411907989,-15.007715536825748,6.536027035172292e-51,-3.831287463925104,-2.9461710949770232,Chicago,6,-96.62484615652646,-97.831831673229,-94.74595061349336,87664,chicago,14,3,4,True,significant_suppression
post7,-3.4300971726105445,0.270253047783298,-12.692168324262385,6.535111519622512e-37,-3.959783412977991,-2.900410932243098,Chicago,7,-96.76162061977732,-98.09327564380766,-94.49993861137128,87664,chicago,14,3,4,True,significant_suppression
post8,-4.552097130374142,0.5525113110738409,-8.238921157155772,1.7377040008197163e-16,-5.6349994011298765,-3.4691948596184083,Chicago,8,-98.94549332006169,-99.64293206284091,-96.88579056724676,87664,chicago,14,3,4,True,significant_suppression
post9,-4.191810648228357,0.36960477111355,-11.341332622950768,8.18878816751739e-30,-4.916222688125084,-3.4673986083316284,Chicago,9,-98.48811149076566,-99.26732459216512,-96.88019163750891,87664,chicago,14,3,4,True,significant_suppression
post10,-3.721807020529941,0.2802446118394727,-13.280565846032516,3.0011766740218956e-40,-4.271076366596715,-3.1725376744631677,Chicago,10,-97.58097838896806,-98.6033258274513,-95.8102858421437,87664,chicago,14,3,4,True,significant_suppression
post11,-3.855338335196019,0.4659295986149763,-8.274508309101652,1.2898677650401042e-16,-4.768543567812576,-2.9421331025794624,Chicago,11,-97.8833559253368,-99.15072597427832,-94.72469190965796,87664,chicago,14,3,4,True,significant_suppression
post12,-3.162191232821264,0.3361800287745107,-9.40624356642634,5.1418526045099376e-21,-3.821091981540944,-2.5032904841015835,Chicago,12,-95.766712181654,-97.80961307906912,-91.81846568671956,87664,chicago,14,3,4,True,significant_suppression
post1,-2.39403873667699,0.8536655561738321,-2.804422316635546,0.0050406832813994,-4.067192481620055,-0.7208849917339253,Cincinnati,1,-90.87396379885764,-98.287459904402,-51.36783252045338,60269,cincinnati,15,3,5,True,significant_suppression
post2,-3.08718591706617,1.0658729885978036,-2.896391924827254,0.0037748063863224,-5.176258586811937,-0.9981132473204036,Cincinnati,2,-95.43698189864962,-99.43508974481,-63.14258060999733,60269,cincinnati,15,3,5,True,significant_suppression
post3,-1.9885736029076573,0.7432709562000165,-2.6754356353089173,0.0074632202346726,-3.445357907814337,-0.5317892980009775,Cincinnati,3,-86.31094534700934,-96.81066548778172,-41.244727834387575,60269,cincinnati,15,3,5,True,significant_suppression
post4,-1.9885736284998463,0.7600689180100835,-2.6163069971418893,0.0088886599495999,-3.478281333567937,-0.4988659234317558,Cincinnati,4,-86.3109456973422,-96.9139595778285,-39.27810978922422,60269,cincinnati,15,3,5,True,significant_suppression
post5,-2.6817208076840866,1.0658362357334592,-2.5160720922934754,0.0118670905990682,-4.77072144313941,-0.592720172228764,Cincinnati,5,-93.15547283925504,-99.15257357457284,-44.71785319821632,60269,cincinnati,15,3,5,True,significant_suppression
post6,-2.1708951853835674,0.7113614617498519,-3.051746969878664,0.0022751379890607,-3.565138030403044,-0.7766523403640906,Cincinnati,6,-88.59245474880917,-97.17069200905742,-54.00568298871802,60269,cincinnati,15,3,5,True,significant_suppression
post7,-3.0871859054397253,1.087780752500078,-2.838058954752009,0.0045388798359189,-5.219197003415756,-0.9551748074636944,Cincinnati,7,-95.43698184559794,-99.45883270629416,-61.525511760287486,60269,cincinnati,15,3,5,True,significant_suppression
post8,-2.681720771892745,0.7304342599262889,-3.6714060648844273,0.00024121973610296345,-4.113345614422439,-1.250095929363051,Cincinnati,8,-93.15547259428024,-98.36470278358983,-71.35226860442539,60269,cincinnati,15,3,5,True,significant_suppression
post9,-1.700891556106043,0.5610091893551727,-3.0318425943451257,0.0024306591779007,-2.8004493622381927,-0.6013337499738931,Cincinnati,9,-81.74792759751448,-93.92172569819684,-45.19198534907424,60269,cincinnati,15,3,5,True,significant_suppression
post10,-3.0871859171993004,0.8123211650722477,-3.800449932785792,0.0001444335993299565,-4.679306144620521,-1.4950656897780792,Cincinnati,10,-95.43698189925708,-99.07145455850944,-77.57661256267218,60269,cincinnati,15,3,5,True,significant_suppression
post11,-2.394038735405206,0.8791623927187101,-2.723090472514313,0.0064674343927617,-4.117165361695937,-0.6709121091144756,Cincinnati,11,-90.8739637872513,-98.37093729097194,-48.875794347971926,60269,cincinnati,15,3,5,True,significant_suppression
post12,-1.3824368222727923,0.9597089287000852,-1.4404751075362896,0.1497330276532562,-3.263431758166477,0.4985581136208925,Cincinnati,12,-74.9033752818401,-96.17431158898104,64.63457150092297,60269,cincinnati,15,3,5,False,not_significant
post1,0.1965950690802738,1e-06,196595.06908027385,0.0,0.1965931091162893,0.1965970290442583,Clearwater,1,21.72510383142065,21.724865254834945,21.725342408473992,5479,clearwater,16,4,1,True,significant_enhancement
post2,-0.0078063004582517,1e-06,-7806.30045825177,0.0,-0.0078082604222363,-0.0078043404942672,Clearwater,2,-0.7775910424157262,-0.7777855145731594,-0.7773965698771312,5479,clearwater,16,4,1,True,significant_suppression
post3,0.2750564856221624,1e-06,275056.4856221624,0.0,0.2750545256581778,0.2750584455861469,Clearwater,3,31.66050420222051,31.660246152626968,31.66076225231982,5479,clearwater,16,4,1,True,significant_enhancement
post4,0.1680843660054201,1e-06,168084.3660054201,0.0,0.1680824060414355,0.1680863259694046,Clearwater,4,18.30364144942831,18.30340957877905,18.303873320532027,5479,clearwater,16,4,1,True,significant_enhancement
post5,0.1071236662157242,1e-06,107123.6662157242,0.0,0.1071217062517396,0.1071256261797087,Clearwater,5,11.307189535751473,11.306971377882547,11.307407694047969,5479,clearwater,16,4,1,True,significant_enhancement
post6,0.1133156364674593,1e-06,113315.63646745932,0.0,0.1133136765034747,0.1133175964314438,Clearwater,6,11.9985385395063,11.99831902661954,11.998758052823266,5479,clearwater,16,4,1,True,significant_enhancement
post7,0.1847746005359533,1e-06,184774.6005359533,0.0,0.1847726405719687,0.1847765604999378,Clearwater,7,20.29472658985705,20.29449081675645,20.294962363419742,5479,clearwater,16,4,1,True,significant_enhancement
post8,-0.0245541577594862,1e-06,-24554.157759486272,0.0,-0.0245561177234708,-0.0245521977955017,Clearwater,8,-2.425515666712419,-2.4257069090001138,-2.4253244240499017,5479,clearwater,16,4,1,True,significant_suppression
post9,0.4072282907764548,1e-06,407228.2907764549,0.0,0.4072263308124703,0.4072302507404394,Clearwater,9,50.264710698323256,50.264416185190754,50.26500521203299,5479,clearwater,16,4,1,True,significant_enhancement
post10,-0.0210515272082781,1e-06,-21051.527208278127,0.0,-0.0210534871722626,-0.0210495672442935,Clearwater,10,-2.083149055016076,-2.083340968329339,-2.082957141326669,5479,clearwater,16,4,1,True,significant_suppression
post11,-0.1041854274080797,1e-06,-104185.4274080797,0.0,-0.1041873873720642,-0.1041834674440951,Clearwater,11,-9.89417989571889,-9.894356499708024,-9.894003291383624,5479,clearwater,16,4,1,True,significant_suppression
post12,0.2196016496430282,1e-06,219601.64964302824,0.0,0.2195996896790437,0.2196036096070127,Clearwater,12,24.5580454329412,24.5578013038974,24.558289562463465,5479,clearwater,16,4,1,True,significant_enhancement
post1,-13.952085730578569,0.00011966335292317172,-116594.47432946596,0.0,-13.952320266440568,-13.95185119471657,Cleveland,1,-99.99991276592584,-99.99991278638296,-99.99991274546392,54790,cleveland,17,4,2,True,significant_suppression
post2,-13.95208573057859,0.0001196633529247302,-116594.4743279476,0.0,-13.952320266440593,-13.951851194716587,Cleveland,2,-99.99991276592584,-99.99991278638296,-99.99991274546392,54790,cleveland,17,4,2,True,significant_suppression
post3,-13.952085730578569,0.00011966335292326626,-116594.4743293738,0.0,-13.952320266440566,-13.951851194716568,Cleveland,3,-99.99991276592584,-99.99991278638296,-99.99991274546392,54790,cleveland,17,4,2,True,significant_suppression
post4,-13.95208573057856,0.000119663352935781,-116594.47431717996,0.0,-13.952320266440584,-13.951851194716536,Cleveland,4,-99.99991276592584,-99.99991278638296,-99.99991274546392,54790,cleveland,17,4,2,True,significant_suppression
post5,-3.0884329230343432,0.7937511232565129,-3.890933609471276,9.985925535046116e-05,-4.644156537305322,-1.532709308763365,Cleveland,5,-95.44266846312809,-99.03823616413372,-78.4050200658042,54790,cleveland,17,4,2,True,significant_suppression
post6,-1.9898206343669804,0.7937511232582928,-2.506857094197116,0.0121809948128935,-3.5455442486414475,-0.4340970200925136,Cleveland,6,-86.3280053893944,-97.11470849241338,-35.21506019723498,54790,cleveland,17,4,2,True,significant_suppression
post7,-2.395285742472563,0.2742305993415119,-8.73456772593639,2.4458967751398094e-18,-2.93276784064076,-1.8578036443043664,Cleveland,7,-90.8853369262394,-94.67505519998532,-84.39850814078936,54790,cleveland,17,4,2,True,significant_suppression
post8,-13.952085730578576,0.00011966335292485782,-116594.47432782316,0.0,-13.952320266440578,-13.951851194716571,Cleveland,8,-99.99991276592584,-99.99991278638296,-99.99991274546392,54790,cleveland,17,4,2,True,significant_suppression
post9,-14.001118437792613,0.00011958913207434488,-117076.8463231972,0.0,-14.00135282818442,-14.000884047400804,Cleveland,9,-99.9999169400774,-99.99991695954358,-99.9999169206067,54790,cleveland,17,4,2,True,significant_suppression
post10,-14.001118437792623,0.00011958913206282008,-117076.84633448004,0.0,-14.00135282818441,-14.00088404740084,Cleveland,10,-99.9999169400774,-99.99991695954358,-99.9999169206067,54790,cleveland,17,4,2,True,significant_suppression
post11,-14.00111843779258,0.000119589132071666,-117076.84632581956,0.0,-14.001352828184384,-14.000884047400778,Cleveland,11,-99.9999169400774,-99.99991695954358,-99.9999169206067,54790,cleveland,17,4,2,True,significant_suppression
post12,-3.08760410745176,0.7936875708257446,-3.8902009064340617,0.00010016126166753597,-4.643203161247302,-1.5320050536562178,Cleveland,12,-95.43888971000688,-99.03731880429416,-78.38980633435156,54790,cleveland,17,4,2,True,significant_suppression
post1,-0.4388841574411789,0.0754233137755568,-5.818945568305331,5.92200135512793e-09,-0.586711136035934,-0.2910571788464238,Columbia,1,-35.52445345732502,-44.38466069695739,-25.252706284411357,60269,columbia,18,4,3,True,significant_suppression
post2,-0.334901149028529,0.0885743344977113,-3.781017954328321,0.000156188408305948,-0.5085036545986469,-0.1612986434584111,Columbia,2,-28.45911982875905,-39.86051997847233,-14.89621237423786,60269,columbia,18,4,3,True,significant_suppression
post3,-0.2667699382855429,0.1155333346604877,-2.309030022109956,0.0209419153391802,-0.4932111132339119,-0.0403287633371738,Columbia,3,-23.415075621061465,-38.9337663444015,-3.952638127208097,60269,columbia,18,4,3,True,significant_suppression
post4,-0.2099262917140152,0.1114256406645444,-1.8840034525447755,0.0595645084621937,-0.428316534370824,0.0084639509427935,Columbia,4,-18.93560050524259,-34.839487326699334,0.8499871447182894,60269,columbia,18,4,3,False,not_significant
post5,0.1178700516893202,0.092119262615046,1.2795375076099271,0.20070784025468,-0.0626803853185568,0.2984204886971974,Columbia,5,12.509789729630928,-6.07563782283187,34.77283732976877,60269,columbia,18,4,3,False,not_significant
post6,0.0583286579983198,0.0823255701787571,0.7085120439696723,0.4786273355511281,-0.1030264945587687,0.2196838105554084,Columbia,6,6.006333675896758,-9.789692765797277,24.568279656019065,60269,columbia,18,4,3,False,not_significant
post7,-0.0802354532789541,0.094134710647207,-0.8523471600147178,0.3940214383014432,-0.2647360958425789,0.1042651892846707,Columbia,7,-7.710097879800937,-23.259155446581293,10.989474808646492,60269,columbia,18,4,3,False,not_significant
post8,-0.3849989541553396,0.0727754258530344,-5.290232927428304,1.22160683449459e-07,-0.5276361677868522,-0.2423617405238271,Columbia,8,-31.954865214937566,-41.00020211621814,-21.52277577225281,60269,columbia,18,4,3,True,significant_suppression
post9,0.0532622753669025,0.1265149962557389,0.4209957470910206,0.6737581874162394,-0.1947025607985655,0.3012271115323706,Columbia,9,5.47062323108205,-17.692056225864437,35.151625161221524,60269,columbia,18,4,3,False,not_significant
post10,-0.1529684213507326,0.1235299515134768,-1.238310381219928,0.2156009959866667,-0.3950826773291263,0.0891458346276609,Columbia,10,-14.184317918322254,-32.637565651504296,9.32400769610908,60269,columbia,18,4,3,False,not_significant
post11,0.0782321806783695,0.0591209414360065,1.3232566799202494,0.1857500326311938,-0.037642735268305,0.1941070966250441,Columbia,11,8.137370360513764,-3.694305428153655,21.422631553351717,60269,columbia,18,4,3,False,not_significant
post12,-0.1584326908783061,0.1781638161086826,-0.8892529040894577,0.3738671761721228,-0.5076273537995413,0.1907619720429289,Columbia,12,-14.651959112567258,-39.807796606679126,21.017136317876982,60269,columbia,18,4,3,False,not_significant
post1,-0.0982261666484144,0.1445349650701422,-0.6796014140989737,0.4967568740444977,-0.3815094926926479,0.185057159395819,Columbus,1,-9.355612680351877,-31.717009586708123,20.32872173323843,109580,columbus,19,4,4,False,not_significant
post2,-0.2343583409731359,0.1208209650620793,-1.9397158502476752,0.0524142322157227,-0.4711630810721836,0.0024463991259117,Columbus,2,-20.892171066500108,-37.57242374511779,0.2449394001976079,109580,columbus,19,4,4,False,not_significant
post3,0.0215750331641008,0.2037704336471416,0.1058791149331368,0.9156782647800296,-0.3778076778984054,0.4209577442266071,Columbus,3,2.180945705774384,-31.463770169077133,52.34199037624276,109580,columbus,19,4,4,False,not_significant
post4,0.3603487667736945,0.1580125507397703,2.2805072450678314,0.0225776215844044,0.0506498582184368,0.6700476753289522,Columbus,4,43.3829399419883,5.195449557004972,95.43304917640158,109580,columbus,19,4,4,True,significant_enhancement
post5,0.1571205251604579,0.143445428651973,1.095333093825272,0.2733707340718145,-0.1240273487443191,0.438268399065235,Columbus,5,17.013663630821753,-11.664431811629338,55.00208757484022,109580,columbus,19,4,4,False,not_significant
post6,0.0053145122923392,0.1762871310460974,0.030146910105137,0.9759498888615916,-0.3402019154959045,0.3508309400805829,Columbus,6,0.5328659363282862,-28.83733801866667,42.02471987378558,109580,columbus,19,4,4,False,not_significant
post7,0.2638885005859485,0.139878041346982,1.886561307584696,0.0592193551061231,-0.0102674226821407,0.5380444238540378,Columbus,7,30.198301786379236,-1.0214892634328732,71.26543592046997,109580,columbus,19,4,4,False,not_significant
post8,0.2119287616553816,0.1210284325102082,1.7510659045964787,0.0799345584167355,-0.025282607169963,0.4491401304807264,Columbus,8,23.6059827086057,-2.4965678601964303,56.696422126489,109580,columbus,19,4,4,False,not_significant
post9,-0.1935363464529988,0.1524127491235689,-1.269817305743162,0.2041497147965485,-0.4922598455199326,0.1051871526139349,Columbus,9,-17.596011527613996,-38.87564836941664,11.091850220290311,109580,columbus,19,4,4,False,not_significant
post10,-0.1543156332991689,0.1691074108971476,-0.9125302816742008,0.3614896362623875,-0.4857600681763945,0.1771288015780565,Columbus,10,-14.299851988671552,-38.47705972810667,19.378484459705447,109580,columbus,19,4,4,False,not_significant
post11,0.1985057413232278,0.1747857171228287,1.135709167721812,0.2560783024700329,-0.1440679692495222,0.541079451895978,Columbus,11,21.95790293915603,-13.417110368112406,71.78602091652483,109580,columbus,19,4,4,False,not_significant
post12,0.1571205251604625,0.1556964666163245,1.009146376761698,0.3129044391109215,-0.1480389419276762,0.4622799922486014,Columbus,12,17.013663630822286,-13.760246913413988,58.76897818295062,109580,columbus,19,4,4,False,not_significant
post1,-10.19698050150264,1.0000000000000002e-06,-10196980.50150264,0.0,-10.196982461466623,-10.196978541538655,Corpus Christi,1,-99.9962717275976,-99.99627173490488,-99.99627172029032,21916,corpuschristi,20,4,5,True,significant_suppression
post2,-10.196980501506989,1e-06,-10196980.501506988,0.0,-10.196982461470972,-10.196978541543002,Corpus Christi,2,-99.99627172759762,-99.99627173490488,-99.99627172029034,21916,corpuschristi,20,4,5,True,significant_suppression
post3,-10.196980501504012,1.0000000000000002e-06,-10196980.50150401,0.0,-10.196982461467996,-10.196978541540028,Corpus Christi,3,-99.9962717275976,-99.99627173490488,-99.99627172029032,21916,corpuschristi,20,4,5,True,significant_suppression
post4,-10.196980501504244,1.0000000000000002e-06,-10196980.50150424,0.0,-10.196982461468227,-10.196978541540258,Corpus Christi,4,-99.9962717275976,-99.99627173490488,-99.99627172029032,21916,corpuschristi,20,4,5,True,significant_suppression
post5,-10.196980501504418,1.0000000000000002e-06,-10196980.501504418,0.0,-10.196982461468403,-10.196978541540432,Corpus Christi,5,-99.9962717275976,-99.99627173490488,-99.99627172029032,21916,corpuschristi,20,4,5,True,significant_suppression
post6,-10.196980501506465,1.0000000000000002e-06,-10196980.50150646,0.0,-10.196982461470448,-10.196978541542478,Corpus Christi,6,-99.9962717275976,-99.99627173490488,-99.99627172029034,21916,corpuschristi,20,4,5,True,significant_suppression
post7,-10.19698050150642,1.0000000000000002e-06,-10196980.501506418,0.0,-10.196982461470403,-10.196978541542435,Corpus Christi,7,-99.9962717275976,-99.99627173490488,-99.99627172029034,21916,corpuschristi,20,4,5,True,significant_suppression
post8,-10.196980501506436,1e-06,-10196980.501506437,0.0,-10.19698246147042,-10.19697854154245,Corpus Christi,8,-99.9962717275976,-99.99627173490488,-99.99627172029034,21916,corpuschristi,20,4,5,True,significant_suppression
post9,-10.196980501506433,1.0000000000000002e-06,-10196980.50150643,0.0,-10.196982461470416,-10.196978541542446,Corpus Christi,9,-99.9962717275976,-99.99627173490488,-99.99627172029034,21916,corpuschristi,20,4,5,True,significant_suppression
post10,-10.196980501505225,1.0000000000000004e-06,-10196980.501505218,0.0,-10.196982461469208,-10.196978541541238,Corpus Christi,10,-99.9962717275976,-99.99627173490488,-99.99627172029032,21916,corpuschristi,20,4,5,True,significant_suppression
post11,-10.19698050150769,1e-06,-10196980.50150769,0.0,-10.196982461471675,-10.196978541543706,Corpus Christi,11,-99.99627172759762,-99.99627173490488,-99.99627172029034,21916,corpuschristi,20,4,5,True,significant_suppression
post12,-10.196980501507548,1e-06,-10196980.501507549,0.0,-10.196982461471531,-10.196978541543562,Corpus Christi,12,-99.99627172759762,-99.99627173490488,-99.99627172029034,21916,corpuschristi,20,4,5,True,significant_suppression
post1,0.424765554874961,0.0622727024612852,6.821055423747447,9.037406390804402e-12,0.302713300830863,0.5468178089190588,Dallas,1,52.923185667949646,35.35263539283897,72.77462420263625,147933,dallas,21,5,1,True,significant_enhancement
post2,0.4842872102071383,0.032933435909891,14.705031431648765,5.984312975001021e-49,0.4197388619365937,0.548835558477683,Dallas,2,62.30177259748109,52.15641654145331,73.12359207084715,147933,dallas,21,5,1,True,significant_enhancement
post3,0.3180291693650457,0.0271750973722621,11.702963378878678,1.2307894489967663e-31,0.2647669572390429,0.3712913814910485,Dallas,3,37.441635149513615,30.312725601627697,44.96054000374667,147933,dallas,21,5,1,True,significant_enhancement
post4,0.2653348210408115,0.0329429725107793,8.05436792183799,7.989057156130229e-16,0.200767781375991,0.329901860705632,Dallas,4,30.38674649631088,22.23408885439031,39.08316265313756,147933,dallas,21,5,1,True,significant_enhancement
post5,0.0359010188182235,0.0447020613665848,0.8031177471618759,0.4219066809051345,-0.051713411494982,0.1235154491314291,Dallas,5,3.655324214817579,-5.039902742706682,13.146748459692992,147933,dallas,21,5,1,False,not_significant
post6,0.2120720709393415,0.043119437965001,4.918247568798902,8.73224306428047e-07,0.1275595254943303,0.2965846163843526,Dallas,6,23.623697862823544,13.605249031459454,34.52563859128182,147933,dallas,21,5,1,True,significant_enhancement
post7,0.1829947335307613,0.0480871840438681,3.805478261397509,0.00014153044515588287,0.0887455846868306,0.2772438823746919,Dallas,7,20.08080840453419,9.280259524183032,31.948813169642285,147933,dallas,21,5,1,True,significant_enhancement
post8,0.260847992068596,0.0419347001588525,6.220337598229623,4.960863066593516e-10,0.178657490054759,0.343038494082433,Dallas,8,29.803033952970704,19.56111653147108,40.92230076289969,147933,dallas,21,5,1,True,significant_enhancement
post9,0.2415292008484461,0.0268202094114597,9.005492729122592,2.1469951771860728e-19,0.1889625563441628,0.2940958453527295,Dallas,9,27.31946327382253,20.79957198600826,34.1912513581738,147933,dallas,21,5,1,True,significant_enhancement
post10,0.0288931308758206,0.025566906440317,1.1300988229948048,0.2584345856506811,-0.021217084943306,0.0790033466949472,Dallas,10,2.931458664863529,-2.0993586052343582,8.22079438841119,147933,dallas,21,5,1,False,not_significant
post11,0.0415248777817443,0.0279916650879313,1.4834729427956672,0.137948800014812,-0.0133377776579084,0.096387533221397,Dallas,11,4.2399094106057245,-1.32492236432743,10.118572736780653,147933,dallas,21,5,1,False,not_significant
post12,-0.1070625053602525,0.0393324955942351,-2.7219860764681445,0.0064890876424697,-0.1841527801470337,-0.0299722305734714,Dallas,12,-10.153048792538357,-16.819128973882545,-2.952751736136938,147933,dallas,21,5,1,True,significant_suppression
post1,-1.3589763697341533,0.5521718692196749,-2.4611474171160665,0.0138493447717705,-2.4412133466808763,-0.27673939278743,Detroit,1,-74.30763627941963,-91.2944840734238,-24.17479226757274,71227,detroit,23,5,3,True,significant_suppression
post2,-1.8698019935010883,0.8409978078761451,-2.223313754197629,0.026194650705111,-3.5181274080154683,-0.2214765789867085,Detroit,2,-84.58458176766634,-97.03450852379564,-19.86653100014217,71227,detroit,23,5,3,True,significant_suppression
post3,-1.0225041331134497,0.7319891667533531,-1.3968842430396058,0.1624483836651609,-2.457176537023505,0.4121682707966063,Detroit,3,-64.03069079120579,-91.43234857497085,51.00885187488156,71227,detroit,23,5,3,False,not_significant
post4,-2.9684142821714103,0.8409978078781637,-3.529633792578741,0.0004161352366004,-4.616739696689747,-1.3200888676530742,Detroit,4,-94.86152725590014,-99.01150284127132,-73.28884366666747,71227,detroit,23,5,3,True,significant_suppression
post5,-2.968414282171413,0.8409978078781637,-3.5296337925787435,0.0004161352366004738,-4.6167396966897485,-1.3200888676530764,Detroit,5,-94.86152725590016,-99.01150284127132,-73.28884366666753,71227,detroit,23,5,3,True,significant_suppression
post6,-1.582119921047212,0.8409978078774789,-1.8812414327692324,0.0599390839375925,-3.230445335564206,0.066205493469782,Detroit,6,-79.44610902351205,-96.0460113650629,6.844625333646981,71227,detroit,23,5,3,False,not_significant
post7,-1.8698019935009773,0.6589132748267079,-2.8377057572451085,0.0045439049490175,-3.161248281096668,-0.5783557059052877,Detroit,7,-84.58458176766463,-95.7627185129825,-43.918023854232345,71227,detroit,23,5,3,True,significant_suppression
post8,-1.1766548129408512,0.258635198649396,-4.549476711156843,5.377948527220775e-06,-1.6835704874280295,-0.6697391384536726,Detroit,8,-69.16916353532368,-81.4290283328404,-48.81579197105095,71227,detroit,23,5,3,True,significant_suppression
post9,-1.176654812940817,0.6254485461916678,-1.8812975425483407,0.0599314551318016,-2.402511437659422,0.0492018117777879,Detroit,9,-69.16916353532261,-90.95095933406752,5.043231896420264,71227,detroit,23,5,3,False,not_significant
post10,-1.358976369734157,0.5028425095378359,-2.702588472448752,0.0068801871423271,-2.344529578324054,-0.3734231611442602,Detroit,10,-74.30763627941973,-90.41076986610494,-31.1626121874641,71227,detroit,23,5,3,True,significant_suppression
post11,-2.2752671016087467,0.8409978078772975,-2.705437612675336,0.0068214460179094,-3.923592516125385,-0.6269416870921083,Detroit,11,-89.72305451177236,-98.02300568253388,-46.577687333280416,71227,detroit,23,5,3,True,significant_suppression
post12,-11.932614134619346,0.0014641869241904,-8149.6521635834,0.0,-11.935483888257394,-11.929744380981298,Detroit,12,-99.99934274858973,-99.99934463203554,-99.9993408597311,71227,detroit,23,5,3,True,significant_suppression
post1,0.2339730660827335,0.0318491726139028,7.346283965336026,2.0379318255218638e-13,0.1715498348220846,0.2963962973433824,Fort Worth,1,26.36104577699128,18.714330233343237,34.500307237299424,131496,fortworth,24,5,4,True,significant_enhancement
post2,0.4695248352714556,0.0205969683137627,22.795822575389483,5.044196608171506e-115,0.4291555191857679,0.5098941513571434,Fort Worth,2,59.92341130068222,53.59598870547895,66.51149354615184,131496,fortworth,24,5,4,True,significant_enhancement
post3,0.2724778305461612,0.036105867708761,7.546635708745068,4.46645640541672e-14,0.201711630206422,0.3432440308859005,Fort Worth,3,31.32143453449636,22.3495138194846,40.95126845899764,131496,fortworth,24,5,4,True,significant_enhancement
post4,0.2435162312715855,0.0479179145434773,5.081945522704999,3.735885681047322e-07,0.1495988445521018,0.3374336179910692,Fort Worth,4,27.57270243444183,16.13682600642492,40.13465811030763,131496,fortworth,24,5,4,True,significant_enhancement
post5,0.1064358932880875,0.0418940047233619,2.540599639278082,0.0110662556918726,0.0243251528621473,0.1885466337140278,Fort Worth,5,11.230661784012064,2.462342297125386,20.749339157517863,131496,fortworth,24,5,4,True,significant_enhancement
post6,0.2091250720483346,0.0394918623841266,5.295396555731697,1.1875840695729243e-07,0.1317224440930342,0.286527700003635,Fort Worth,6,23.25991525906619,14.079164186260984,33.17950581112281,131496,fortworth,24,5,4,True,significant_enhancement
post7,0.1111415087575318,0.0571279047985447,1.9454854707075304,0.0517165767277829,-0.0008271271598488117,0.2231101446749125,Fort Worth,7,11.755303920769222,-0.0826785184471767,24.995824239837305,131496,fortworth,24,5,4,False,not_significant
post8,0.2907167641092615,0.0421867150007481,6.8911922652452455,5.53267003011541e-12,0.2080323220817394,0.3734012061367835,Fort Worth,8,33.738573466089235,23.12529655647142,45.26670418650427,131496,fortworth,24,5,4,True,significant_enhancement
post9,0.1124648419220636,0.0690587403591541,1.628538854563046,0.1034106775004039,-0.022887801999581,0.2478174858437083,Fort Worth,9,11.90329131747847,-2.26278631788478,28.1226068958,131496,fortworth,24,5,4,False,not_significant
post10,-0.1223289176698268,0.0602490725308656,-2.0303867351179155,0.0423172439381124,-0.240414929932265,-0.0042429054073886,Fort Worth,10,-11.514272456074137,-21.369846667230156,-0.4233917001053466,131496,fortworth,24,5,4,True,significant_suppression
post11,-0.0966549161182587,0.0471142141821103,-2.0515022439864725,0.0402180613289288,-0.1889970790751012,-0.0043127531614161,Fort Worth,11,-9.2130756873823,-17.221107539951685,-0.4303466596517813,131496,fortworth,24,5,4,True,significant_suppression
post12,-0.0883847359454641,0.0627739011262523,-1.4079853945623455,0.1591353948575226,-0.2114193213219971,0.0346498494310688,Fort Worth,12,-8.459138163582802,-19.056541746947964,3.5257149448276737,131496,fortworth,24,5,4,False,not_significant
post1,0.2527240951405559,0.0810220118509103,3.1192029100140943,0.0018134103243447,0.0939238699577942,0.4115243203233176,Fresno,1,28.75279925947329,9.847611570077785,50.911640956113736,65748,fresno,25,5,5,True,significant_enhancement
post2,0.2747805783226192,0.0461336156305892,5.956189961846911,2.581862101955507e-09,0.1843603532100503,0.3652008034351881,Fresno,2,31.624183118906004,20.2449051409604,44.08032973546512,65748,fresno,25,5,5,True,significant_enhancement
post3,0.262099391461131,0.0446866977526023,5.865266503069537,4.484118836123754e-09,0.1745150732780035,0.3496837096442585,Fresno,3,29.965571069021717,19.066868952992056,41.86187821874756,65748,fresno,25,5,5,True,significant_enhancement
post4,0.4386050995602816,0.0405413520435836,10.818709230238875,2.8070271101168783e-27,0.3591455096702985,0.5180646894502648,Fresno,4,55.05428564152424,43.21051715627136,67.8775551768236,65748,fresno,25,5,5,True,significant_enhancement
post5,0.4426285878949413,0.0452097970741417,9.7905457785854,1.2362675035091814e-22,0.3540190138812591,0.5312381619086235,Fresno,5,55.67940148088071,42.47822768633733,70.10371646958178,65748,fresno,25,5,5,True,significant_enhancement
post6,0.3489710120184718,0.0383700925378532,9.094870221493514,9.46994996854403e-20,0.2737670125608104,0.4241750114761332,Fresno,6,41.76080961490647,31.49084094041936,52.8329045502085,65748,fresno,25,5,5,True,significant_enhancement
post7,0.3192435301414908,0.0850248821465602,3.7547071172789175,0.00017354428909245782,0.1525978233444702,0.4858892369385114,Fresno,7,37.60864026199555,16.485640667083178,62.56199275990526,65748,fresno,25,5,5,True,significant_enhancement
post8,0.3322394604133702,0.043994400735678,7.55185784685402,4.290926920963629e-14,0.2460120194500188,0.4184669013767215,Fresno,8,39.408663710874,27.89149453036215,51.96300261420148,65748,fresno,25,5,5,True,significant_enhancement
post9,0.2257550214283571,0.0795007773060194,2.839658039560629,0.0045161918083384,0.0699363611656199,0.3815736816910944,Fresno,9,25.326860371554805,7.243993025542839,46.45875715248893,65748,fresno,25,5,5,True,significant_enhancement
post10,0.2371594812874257,0.0646863651036276,3.666297849747716,0.0002460872834548761,0.110376535393507,0.3639424271813444,Fresno,10,26.76432670355664,11.669846780366754,43.89913649842359,65748,fresno,25,5,5,True,significant_enhancement
post11,0.3337433357570544,0.0691012129656621,4.829775360425274,1.3668716933570478e-06,0.1983074470563244,0.4691792244577843,Fresno,11,39.618474688159445,21.93372178377111,59.86814959044986,65748,fresno,25,5,5,True,significant_enhancement
post12,0.1825617140411703,0.0394253572195308,4.630565882374081,3.6466772543141366e-06,0.1052894338132636,0.259833994269077,Fresno,12,20.02882233047312,11.103213409076872,29.671480670812667,65748,fresno,25,5,5,True,significant_enhancement
post1,-0.2014060331275572,1e-06,-201406.0331275572,0.0,-0.2014079930915417,-0.2014040731635726,Gilbert,1,-18.24196005762085,-18.242120300277552,-18.241799814650093,5479,gilbert,26,6,1,True,significant_suppression
post2,0.2407024673327827,1e-06,240702.46733278272,0.0,0.2407005073687982,0.2407044272967672,Gilbert,2,27.214247505031807,27.21399816993273,27.214496840619585,5479,gilbert,26,6,1,True,significant_enhancement
post3,0.1581219797341703,1e-06,158121.97973417034,0.0,0.1581200197701858,0.1581239396981548,Gilbert,3,17.1309061962047,17.130676624072038,17.13113576878729,5479,gilbert,26,6,1,True,significant_enhancement
post4,-0.0374288740286977,1e-06,-37428.87402869778,0.0,-0.0374308339926823,-0.0374269140647132,Gilbert,4,-3.673707170425322,-3.6738959663050186,-3.6735183741756,5479,gilbert,26,6,1,True,significant_suppression
post5,0.1106081399239419,1e-06,110608.13992394193,0.0,0.1106061799599573,0.1106100998879264,Gilbert,5,11.69571301804735,11.695494098687153,11.695931937836646,5479,gilbert,26,6,1,True,significant_enhancement
post6,-0.0409417581962272,1e-06,-40941.75819622724,0.0,-0.0409437181602117,-0.0409397982322427,Gilbert,6,-4.01149662444058,-4.011684758265755,-4.011308490246668,5479,gilbert,26,6,1,True,significant_suppression
post7,0.1261123264711492,1e-06,126112.3264711492,0.0,0.1261103665071646,0.1261142864351337,Gilbert,7,13.440958535229663,13.440736195254456,13.441180875640658,5479,gilbert,26,6,1,True,significant_enhancement
post8,0.0298676442472131,1e-06,29867.64424721313,0.0,0.0298656842832285,0.0298696042111976,Gilbert,8,3.0318156393339235,3.031613700883895,3.0320175781797243,5479,gilbert,26,6,1,True,significant_enhancement
post9,-0.0497073365159874,1e-06,-49707.33651598746,0.0,-0.049709296479972,-0.0497053765520029,Gilbert,9,-4.849214464053109,-4.849400955983107,-4.849027971757602,5479,gilbert,26,6,1,True,significant_suppression
post10,-0.0080346401871667,1e-06,-8034.640187166729,0.0,-0.0080366001511512,-0.0080326802231821,Gilbert,10,-0.8002448738960943,-0.8004393016528777,-0.8000504457582269,5479,gilbert,26,6,1,True,significant_suppression
post11,-0.3932969858884809,1e-06,-393296.98588848097,0.0,-0.3932989458524655,-0.3932950259244964,Gilbert,11,-32.51716966601893,-32.517301929806344,-32.51703740197228,5479,gilbert,26,6,1,True,significant_suppression
post12,0.1347703892030317,1e-06,134770.38920303172,0.0,0.1347684292390472,0.1347723491670162,Gilbert,12,14.427401651642048,14.427177378275749,14.427625925447906,5479,gilbert,26,6,1,True,significant_enhancement
post1,0.1348604249179433,0.1358195157691152,0.992938490129782,0.3207399309327065,-0.1313409343871923,0.401061784223079,Henderson,1,14.437704668368024,-12.308124833684095,49.340953479747625,21916,henderson,27,6,2,False,not_significant
post2,0.1535966285408563,0.0605298958653943,2.5375333353029808,0.0111636735620781,0.0349602126567234,0.2722330444249892,Henderson,2,16.602045253361442,3.5578505062464405,31.289292803995195,21916,henderson,27,6,2,True,significant_enhancement
post3,0.0781575068248484,0.1502342583946452,0.5202375786988558,0.6028979965280806,-0.2162962288727403,0.3726112425224372,Henderson,3,8.129295627848766,-19.450334483795302,45.1519940901874,21916,henderson,27,6,2,False,not_significant
post4,-0.0615116181608595,0.0743758259203276,-0.8270377827703262,0.408215646693072,-0.2072855582851223,0.0842623219634032,Henderson,4,-5.965797936889472,-18.72124813643574,8.791424018037809,21916,henderson,27,6,2,False,not_significant
post5,0.1409851901119536,0.081036359568088,1.7397769453537169,0.081898192201806,-0.0178431560797366,0.299813536303644,Henderson,5,15.14075956408858,-1.7684909573834506,34.96071313781501,21916,henderson,27,6,2,False,not_significant
post6,0.1139565177239656,0.165220031871737,0.6897257943421287,0.4903666415390157,-0.2098687942691988,0.4377818297171301,Henderson,6,12.070339309038513,-18.93093937540582,54.92668665550968,21916,henderson,27,6,2,False,not_significant
post7,0.2768747274638276,0.1420411723761387,1.9492568445621987,0.0512647595061681,-0.0015208547152499,0.5552703096429052,Henderson,7,31.90011260685701,-0.151969880178393,74.2411911864831,21916,henderson,27,6,2,False,not_significant
post8,-0.1447197933664802,0.1716019173717545,-0.8433460160760474,0.3990349542411534,-0.4810533710931373,0.1916137843601767,Henderson,8,-13.473528794247423,-38.18680735540736,21.120264121721743,21916,henderson,27,6,2,False,not_significant
post9,-0.1087202870416688,0.1066225693603543,-1.0196742368327745,0.3078829841251886,-0.3176966829270872,0.1002561088437494,Henderson,9,-10.301872030079206,-27.21764837638133,10.545399836975754,21916,henderson,27,6,2,False,not_significant
post10,0.0919504084205155,0.092538221936874,0.9936478840412618,0.320394323366728,-0.0894211737691318,0.2733219906101629,Henderson,10,9.631045296573504,-8.553965425432109,31.432337648481838,21916,henderson,27,6,2,False,not_significant
post11,0.0099650685716723,0.1034956603523543,0.0962848928906382,0.9232943090643628,-0.1928826982751321,0.2128128354184767,Henderson,11,1.0014885205376078,-17.542130703067095,23.715307833496663,21916,henderson,27,6,2,False,not_significant
post12,0.0269146268854426,0.0165375305273455,1.627487661530735,0.1036335670061074,-0.0054983373413861,0.0593275911122715,Henderson,12,2.728009691828537,-0.5483249150613267,6.112279820640354,21916,henderson,27,6,2,False,not_significant
post1,0.2856107947038573,0.0184670532869041,15.465964724669831,5.888442905500858e-54,0.2494160353609432,0.3218055540467714,Houston,1,33.05744878234238,28.3275810141906,37.96164890311389,295866,houston,29,6,4,True,significant_enhancement
post2,0.2242250125299741,0.0373608106387561,6.001609940908901,1.9537058590800242e-09,0.1509991692447911,0.2974508558151571,Houston,2,25.135255775725906,16.299569191668994,34.6422204905128,295866,houston,29,6,4,True,significant_enhancement
post3,0.3414798140353495,0.0308822959663095,11.057461997251778,2.017249415102385e-28,0.2809516261814763,0.4020080018892228,Houston,3,40.70281907980713,32.43895366065806,49.48232940385924,295866,houston,29,6,4,True,significant_enhancement
post4,0.3105115241932575,0.0302583214212514,10.262020813063833,1.0449668734692944e-24,0.2512063039749679,0.3698167444115472,Houston,4,36.41227174690322,28.557527626479363,44.746933351246,295866,houston,29,6,4,True,significant_enhancement
post5,0.1973542056481426,0.020685163432249,9.540857933974966,1.4165552214169982e-21,0.1568120303066094,0.2378963809896757,Houston,5,21.81754489222214,16.977571085230213,26.85777372447273,295866,houston,29,6,4,True,significant_enhancement
post6,0.2118117875538587,0.0337001855624647,6.285181639764454,3.2747058399679114e-10,0.145760637579111,0.2778629375286063,Houston,6,23.5915248554492,15.691923191754851,32.030522051030474,295866,houston,29,6,4,True,significant_enhancement
post7,0.0797470964984661,0.0316918115200979,2.5163312752851983,0.0118583663399514,0.0176322873142426,0.1418619056826897,Houston,7,8.301313522307542,1.7788653773011864,15.241749524091318,295866,houston,29,6,4,True,significant_enhancement
post8,0.1207246753431339,0.0534393539776111,2.2590968332759505,0.0238773620930429,0.0159854661899288,0.225463884496339,Houston,8,12.831421687364376,1.6113917292091884,25.29037840480839,295866,houston,29,6,4,True,significant_enhancement
post9,0.1019820505127415,0.0269175451379231,3.78868318006692,0.00015144790362719225,0.0492246314901809,0.1547394695353021,Houston,9,10.736359494080697,5.04562898011125,16.73537902585167,295866,houston,29,6,4,True,significant_enhancement
post10,0.1503440611710754,0.0243546569508845,6.17311348192137,6.695811508341481e-10,0.1026098106915136,0.1980783116506372,Houston,10,16.223405355417817,10.805897195129454,21.905785651663944,295866,houston,29,6,4,True,significant_enhancement
post11,0.0398618766771448,0.0817636150689778,0.4875258590696654,0.6258857220616152,-0.120391864103848,0.2001156174581378,Houston,11,4.0667023877657416,-11.342704747722344,22.154398180623303,295866,houston,29,6,4,False,not_significant
post12,-0.0535822498327003,0.0528793512840386,-1.0132924956829763,0.3109204708992349,-0.1572238738752578,0.0500593742098572,Houston,12,-5.217202089503948,-14.54872656750842,5.133351661977503,295866,houston,29,6,4,False,not_significant
post1,0.3866741011550568,0.3902595873049515,0.9908125610067512,0.3217771146298132,-0.3782206345841128,1.1515688368942265,Indianapolis,1,47.2076665005176,-31.492066820351205,216.3151487828713,115059,indianapolis,30,6,5,False,not_significant
post2,-0.0079800952619225,0.1995000908314784,-0.040000459291337,0.968092760125927,-0.3989930882040896,0.3830328976802445,Indianapolis,2,-0.7948338830988,-32.9004660879741,46.67262811669235,115059,indianapolis,30,6,5,False,not_significant
post3,0.1228595057093173,0.1615782951847037,0.7603713454760365,0.4470326463682061,-0.1938281335360834,0.4395471449547182,Indianapolis,3,13.072554930346511,-17.620052439460554,55.20042264023635,115059,indianapolis,30,6,5,False,not_significant
post4,0.1599007773774982,0.1069766385398678,1.4947261342288929,0.134985930810921,-0.0497695813478021,0.3695711361027985,Indianapolis,4,17.339443794214795,-4.855136924372649,44.71138666720822,115059,indianapolis,30,6,5,False,not_significant
post5,0.1228595058181604,0.1175070702838851,1.0455499019875518,0.2957688896073989,-0.1074501198670711,0.3531691315033921,Indianapolis,5,13.07255494265367,-10.187868025563915,42.35718939283883,115059,indianapolis,30,6,5,False,not_significant
post6,-0.366192318512306,0.1236166679066742,-2.9623215437967225,0.0030532874459524,-0.6084765354982359,-0.1239081015263762,Indianapolis,6,-30.663055939298555,-45.582072430064336,-11.653897412791082,115059,indianapolis,30,6,5,True,significant_suppression
post7,-0.0297200818813697,0.2689964509752077,-0.110485033440493,0.9120247187841692,-0.556943437761871,0.4975032739991315,Indianapolis,7,-2.928278314074117,-42.70423290947727,64.46099999293831,115059,indianapolis,30,6,5,False,not_significant
post8,-0.2778997113234728,0.1676577045475299,-1.657542145608286,0.0974099153962824,-0.6065027739672887,0.0507033513203429,Indianapolis,8,-24.26272263811921,-45.47455834935852,5.2010769384198685,115059,indianapolis,30,6,5,False,not_significant
post9,-0.4630421445210736,0.1255107188750785,-3.68926374313848,0.0002249039734680608,-0.7090386331899591,-0.2170456558521881,Indianapolis,9,-37.06338923839581,-50.7882924857213,-19.510677961979084,115059,indianapolis,30,6,5,True,significant_suppression
post10,0.1868082302945058,0.1557913693293214,1.1990922931014174,0.2304920605034121,-0.118537242693142,0.4921537032821537,Indianapolis,10,20.53961044279633,-11.17812646169959,63.583553317368136,115059,indianapolis,30,6,5,False,not_significant
post11,0.0132973031810759,0.139143811662282,0.095565178373509,0.9238659222130742,-0.2594195563486212,0.286014162710773,Indianapolis,11,1.3386105490883482,-22.85007322840757,33.111130726324504,115059,indianapolis,30,6,5,False,not_significant
post12,0.1133807617827042,0.167005887133,0.6789027843815478,0.4971994613737645,-0.213944762204137,0.4407062857695455,Indianapolis,12,12.005832717150875,-19.26070176003173,55.3804260891148,115059,indianapolis,30,6,5,False,not_significant
post1,-0.1182165800798717,0.1533235124332781,-0.7710270799549818,0.4406908805880076,-0.418725142432276,0.1822919822725324,Jacksonville,1,-11.14964004059421,-34.21150049108286,19.99645110990795,126017,jacksonville,31,7,1,False,not_significant
post2,-0.359609852139905,0.1430122054786126,-2.514539587277985,0.0119187920773902,-0.6399086242276275,-0.0793110800521825,Jacksonville,2,-30.205142389788328,-47.265939200304885,-7.62474812374233,126017,jacksonville,31,7,1,True,significant_suppression
post3,-0.2216497293478526,0.1125721699815084,-1.9689567091427804,0.048958062535176,-0.4422871281731302,-0.001012330522575,Jacksonville,3,-19.88040493806588,-35.74348895806413,-0.1011818288896071,126017,jacksonville,31,7,1,True,significant_suppression
post4,-0.073489845989528,0.1004864980283472,-0.7313405027688049,0.4645711968509548,-0.2704397630576437,0.1234600710785877,Jacksonville,4,-7.085441970242745,-23.695613795896755,13.14048278656994,126017,jacksonville,31,7,1,False,not_significant
post5,-0.3064081088528575,0.1314384539249848,-2.3311907566086574,0.0197433033334305,-0.564022744729455,-0.04879347297626,Jacksonville,5,-26.39138451271272,-43.1084148805154,-4.762219885843233,126017,jacksonville,31,7,1,True,significant_suppression
post6,-0.37304320553242,0.1511607809402798,-2.4678570936981385,0.0135924572037202,-0.6693128920503172,-0.0767735190145229,Jacksonville,6,-31.13645206613257,-48.79397023608239,-7.390042619909487,126017,jacksonville,31,7,1,True,significant_suppression
post7,-0.0575043403450258,0.1152573604325223,-0.4989211979975188,0.6178348997696834,-0.2834046157459215,0.1683959350558697,Jacksonville,7,-5.588220741943561,-24.678503643880013,18.34050694543501,126017,jacksonville,31,7,1,False,not_significant
post8,-0.1045054887436948,0.1456472399389212,-0.7175246766606791,0.4730504157447668,-0.3899688334716442,0.1809578559842545,Jacksonville,8,-9.923014670153806,-32.292202366072395,19.83646743292624,126017,jacksonville,31,7,1,False,not_significant
post9,-0.3501680572129011,0.1643063474838857,-2.1311900761913267,0.033073486239609,-0.6722025807126404,-0.0281335337131617,Jacksonville,9,-29.5430328246834,-48.94172613264705,-2.774147115894199,126017,jacksonville,31,7,1,True,significant_suppression
post10,0.008770830722212,0.0985763308122799,0.0889750171257078,0.929101764802572,-0.1844352273979626,0.2019768888423867,Jacksonville,10,0.8809407157972293,-16.84261986460883,22.381972389398964,126017,jacksonville,31,7,1,False,not_significant
post11,0.026977835408947,0.13107654513572,0.2058174128789668,0.8369335388831547,-0.229927472275003,0.2838831430928971,Jacksonville,11,2.734503182863524,-20.54087696922613,32.82777032590924,126017,jacksonville,31,7,1,False,not_significant
post12,-0.1750017529627834,0.1128072204964572,-1.5513346769170635,0.1208215007428301,-0.396099842331908,0.0460963364063412,Jacksonville,12,-16.054445076641855,-32.70604952662066,4.717528720181008,126017,jacksonville,31,7,1,False,not_significant
post1,-0.0254776066672607,0.0449946403308891,-0.5662364779426892,0.5712330356141168,-0.1136654812131367,0.0627102678786153,Kansas City,1,-2.515579126794532,-10.744351713996348,6.471831144320683,197244,kansascity,32,7,2,False,not_significant
post2,0.2514781916113369,0.0515015310547831,4.882926516181331,1.0452283100393686e-06,0.1505370455952908,0.352419337627383,Kansas City,2,28.592485580905613,16.245836826773363,42.25049084998196,197244,kansascity,32,7,2,True,significant_enhancement
post3,0.2476587379263788,0.0441734949806029,5.606500867434841,2.0645794131239764e-08,0.1610802786931362,0.3342371971596213,Kansas City,3,28.102269313109616,17.477927477334365,39.687443893105545,197244,kansascity,32,7,2,True,significant_enhancement
post4,0.1824644448678462,0.0484797567846093,3.76372442787857,0.00016740135229590804,0.0874458675907505,0.2774830221449418,Kansas City,4,20.017147793945437,9.138318364272813,31.980371151742325,197244,kansascity,32,7,2,True,significant_enhancement
post5,0.0328949594209566,0.0398253124523886,0.8259812012845534,0.4088147557368186,-0.0451612186587795,0.1109511375006928,Kansas City,5,3.344198019584521,-4.415663037550233,11.734030948048924,197244,kansascity,32,7,2,False,not_significant
post6,0.3005868869962456,0.0395613256430719,7.597998350919394,3.007461633611853e-14,0.2230481135551637,0.3781256604373274,Kansas City,6,35.06512546726395,24.988070849374,45.95463385839689,197244,kansascity,32,7,2,True,significant_enhancement
post7,0.2853864816149238,0.0370988537601443,7.692595665085402,1.4417960099848493e-14,0.2126740643773225,0.3580988988525251,Kansas City,7,33.02760560223348,23.69814092258449,43.06070988842507,197244,kansascity,32,7,2,True,significant_enhancement
post8,0.2944573614457432,0.0398079745979323,7.396944065097893,1.3935421394044912e-13,0.2164351649363105,0.3724795579551758,Kansas City,8,34.23977242512626,24.16425807682936,45.13288107113096,197244,kansascity,32,7,2,True,significant_enhancement
post9,0.2683606967615375,0.0373570370420843,7.183671886483333,6.786362051972998e-13,0.1951422495899235,0.3415791439331515,Kansas City,9,30.781878094911,21.548387627564768,40.71679577058691,197244,kansascity,32,7,2,True,significant_enhancement
post10,0.3979774493967914,0.0663786339832217,5.99556552334877,2.02778510986884e-09,0.2678777174467103,0.5280771813468725,Kansas City,10,48.88104559548776,30.71872840426164,69.56687085462094,197244,kansascity,32,7,2,True,significant_enhancement
post11,0.296708251964932,0.0531564798324585,5.581788954048748,2.380571413770015e-08,0.1925234659483836,0.4008930379814804,Kansas City,11,34.54227177491735,21.23049512590798,49.31575488127535,197244,kansascity,32,7,2,True,significant_enhancement
post12,0.3984372200912031,0.0529617674192887,7.523110339895711,5.348824547280981e-14,0.2946340633918103,0.502240376790596,Kansas City,12,48.949512475532345,34.26349494999981,65.24191683644828,197244,kansascity,32,7,2,True,significant_enhancement
post1,0.1566920028137808,0.0731117249460244,2.1431856918908765,0.0320981907272487,0.0133956550719743,0.2999883505555873,Las Vegas,1,16.963531403246446,1.348577883201929,34.98430825624534,82185,lasvegas,33,7,3,True,significant_enhancement
post2,0.1484355324360382,0.0432911373396575,3.4287741454198657,0.0006063138531335155,0.0635864624005324,0.2332846024715441,Las Vegas,2,16.001801182844467,6.565162061556062,26.274080734670523,82185,lasvegas,33,7,3,True,significant_enhancement
post3,0.1675183145479827,0.0789216720219833,2.122589527770281,0.0337882632658375,0.0128346797852128,0.3222019493107525,Las Vegas,3,18.23669445027649,1.2917397795373151,38.01634708768453,82185,lasvegas,33,7,3,True,significant_enhancement
post4,0.2777059752320555,0.0491798241850691,5.646745994597641,1.6351313823839136e-08,0.181315291063308,0.374096659400803,Las Vegas,4,32.009799863418166,19.879308846192465,45.3677655277307,82185,lasvegas,33,7,3,True,significant_enhancement
post5,0.0140817810442494,0.0809261046824609,0.1740078939855531,0.8618592583741268,-0.1445304695424921,0.172694031630991,Las Vegas,5,1.4181396360744447,-13.457145721038463,18.850240530404115,82185,lasvegas,33,7,3,False,not_significant
post6,0.3068674650750903,0.0527835088171525,5.81369961853257,6.110702435975758e-09,0.2034136888158189,0.4103212413343616,Las Vegas,6,35.916081985707926,22.5579371869131,50.73019150258893,82185,lasvegas,33,7,3,True,significant_enhancement
post7,0.1149936180770554,0.0432298696640191,2.6600500758105734,0.0078129034547404,0.0302646304792171,0.1997226056748935,Las Vegas,7,12.18662778849524,3.0727259714831368,22.106399495405448,82185,lasvegas,33,7,3,True,significant_enhancement
post8,0.0240246073935877,0.0929554748017958,0.2584528500856365,0.7960574331675985,-0.1581647753837525,0.2062139901709279,Las Vegas,8,2.4315523315740606,-14.629089986623924,22.901617323887645,82185,lasvegas,33,7,3,False,not_significant
post9,0.112628056510219,0.0802213303259704,1.4039664519719075,0.1603288397433724,-0.0446028617205737,0.2698589747410118,Las Vegas,9,11.92155705766118,-4.362277957245397,30.97797256830725,82185,lasvegas,33,7,3,False,not_significant
post10,0.2602189374460061,0.0379208563216084,6.862158787741443,6.782760692315704e-12,0.1858954247927355,0.3345424500992767,Las Vegas,10,29.721406431213083,20.42963142556524,39.73009040464221,82185,lasvegas,33,7,3,True,significant_enhancement
post11,0.2278054387432489,0.0762295273884828,2.9884146806040293,0.0028042878424473,0.078398310503313,0.3772125669831848,Las Vegas,11,25.58409636652785,8.155336695252323,45.821424463187576,82185,lasvegas,33,7,3,True,significant_enhancement
post12,0.1386726339595716,0.0266264290779662,5.20808229873849,1.908023003107792e-07,0.0864857919298478,0.1908594759892954,Las Vegas,12,14.874797736527468,9.033587603910998,21.028936541520803,82185,lasvegas,33,7,3,True,significant_enhancement
post1,1.018628976598316,0.1137377121926282,8.95594747741319,3.3683033098018754e-19,0.7957071570167826,1.2415507961798495,Los Angeles,1,176.9395254249006,121.60075081126668,246.0976574392987,208202,losangeles,35,7,5,True,significant_enhancement
post2,0.964388184138061,0.2605301881480905,3.7016370002768495,0.00021421294000110173,0.4537583984823597,1.4750179697937624,Los Angeles,2,162.3182260905437,57.42176181611156,337.11143202468634,208202,losangeles,35,7,5,True,significant_enhancement
post3,0.5859517484178949,0.0525424510233342,11.1519683038325,7.003966397673843e-29,0.4829704367527001,0.6889330600830896,Los Angeles,3,79.67001787024958,62.08819857687645,99.15894929380175,208202,losangeles,35,7,5,True,significant_enhancement
post4,0.6629127895539823,0.1484188068390186,4.466501272126554,7.950918967958703e-06,0.3720172735210986,0.9538083055868658,Los Angeles,4,94.0436192998616,45.06580390489847,159.55756062037847,208202,losangeles,35,7,5,True,significant_enhancement
post5,0.8328118263493357,0.1120624410349406,7.431676649714134,1.0722967279413762e-13,0.6131734779012086,1.0524501747974628,Los Angeles,5,129.97762287389995,84.62812444228317,186.46614475718005,208202,losangeles,35,7,5,True,significant_enhancement
post6,0.9366086200310426,0.0734289521412011,12.755304177975727,2.9123574909721004e-37,0.7926905184117732,1.080526721650312,Los Angeles,6,155.13142537574888,120.93326871378194,194.62309860896409,208202,losangeles,35,7,5,True,significant_enhancement
post7,0.9080352475870176,0.1022421776148881,8.881219754603432,6.613116159507799e-19,0.7076442617608896,1.1084262334131456,Los Angeles,7,147.94462466094677,102.92053470515027,202.95867782718517,208202,losangeles,35,7,5,True,significant_enhancement
post8,1.1512655574675774,0.2212282874326088,5.203970843096994,1.9507462626227286e-07,0.7176660817381891,1.5848650331969658,Los Angeles,8,216.2192314515198,104.96439225333933,387.8632880592981,208202,losangeles,35,7,5,True,significant_enhancement
post9,1.092769350786062,0.1655597002130293,6.600454998287455,4.0989780067974356e-11,0.7682783010772762,1.4172604004948477,Los Angeles,9,198.25222966452932,115.6050985756667,312.5801898355598,208202,losangeles,35,7,5,True,significant_enhancement
post10,0.801063128034691,0.1636082801699244,4.896226078549954,9.769466660808529e-07,0.4803967913291005,1.1217294647402816,Los Angeles,10,122.7908221590762,61.671577373978415,207.0159346778673,208202,losangeles,35,7,5,True,significant_enhancement
post11,0.7848026071627117,0.1460974867074777,5.371773497610367,7.796600352188247e-08,0.4984567949842361,1.071148419341187,Los Angeles,11,119.19742180162812,64.61789179558876,191.87295014167097,208202,losangeles,35,7,5,True,significant_enhancement
post12,0.922423985039448,0.1011363916497912,9.12059417972474,7.471356784383295e-20,0.7242002998795197,1.1206476701993764,Los Angeles,12,151.538025018435,106.30805942998352,206.68398609821529,208202,losangeles,35,7,5,True,significant_enhancement
post1,-1.9958091206223267,0.5287589882107131,-3.7745157342403166,0.00016031878995323665,-3.0321576940171635,-0.9594605472274902,Louisville,1,-86.4096352775211,-95.17884998479082,-61.69005056732608,76706,louisville,36,8,1,True,significant_suppression
post2,-1.3371585683593004,0.3605323642421932,-3.7088447556431934,0.000208207029437391,-2.0437890175350755,-0.6305281191835254,Louisville,2,-73.74092568140046,-87.04630379763168,-46.76893966807205,76706,louisville,36,8,1,True,significant_suppression
post3,-1.6556122994770182,0.4363000194490773,-3.794664739111369,0.0001478430924039697,-2.5107446240513345,-0.8004799749027017,Louisville,3,-80.90249140463928,-91.87922525200516,-55.08866507596076,76706,louisville,36,8,1,True,significant_suppression
post4,-1.4837620425523042,0.4730548620972241,-3.136553836428713,0.0017094604874509,-2.410932534974425,-0.5565915501301831,Louisville,4,-77.32170854305326,-91.02684222906612,-42.68406768995246,76706,louisville,36,8,1,True,significant_suppression
post5,-1.8878682270914549,0.6460820113292365,-2.9220256778352205,0.0034776286832106,-3.154165700355957,-0.6215707538269524,Louisville,5,-84.86057968606787,-95.73260109610932,-46.28998774102566,76706,louisville,36,8,1,True,significant_suppression
post6,-1.8878682270914555,0.4402563462614469,-4.288111331325005,1.8019877432959116e-05,-2.7507548097290866,-1.0249816444538244,Louisville,6,-84.86057968606787,-93.61203739584148,-64.11969486285157,76706,louisville,36,8,1,True,significant_suppression
post7,-2.17555029954294,0.5880919974206937,-3.6993366838601136,0.00021616368622206952,-3.328189434083721,-1.0229111650021578,Louisville,7,-88.64543476454753,-96.41420304532836,-64.0453284678659,76706,louisville,36,8,1,True,significant_suppression
post8,-2.29333333520152,0.585795932179693,-3.9149014344777657,9.044114679052404e-05,-3.441472264563786,-1.145194405839254,Louisville,8,-89.90705312406443,-96.79824876380326,-68.18379407843608,76706,louisville,36,8,1,True,significant_suppression
post9,-0.9387876723948608,0.7291299902413133,-1.2875449987788312,0.1979043958589484,-2.367856193315876,0.4902808485261538,Louisville,9,-60.8898308556969,-90.6318654148154,63.27747179411985,76706,louisville,36,8,1,False,not_significant
post10,-1.539561532825548,0.4799316630256114,-3.2078765612582423,0.0013371887816319,-2.48021030739616,-0.5989127582549362,Louisville,10,-78.55248788864566,-91.62743843757062,-45.05913484938068,76706,louisville,36,8,1,True,significant_suppression
post11,-1.9748796040803456,0.3556091842537049,-5.553511246411996,2.7998764241310312e-08,-2.671860797789275,-1.2778984103714164,Louisville,11,-86.12219804555195,-93.08765192574604,-72.13777648087137,76706,louisville,36,8,1,True,significant_suppression
post12,-1.1146783388573456,0.4151107194621734,-2.6852554911170383,0.0072474381473555,-1.9282803985997157,-0.3010762791149758,Louisville,12,-67.19792265312645,-85.46019897442369,-25.997867757779304,76706,louisville,36,8,1,True,significant_suppression
post1,0.6691882519779709,0.1774037062645253,3.772121034383292,0.0001618656996195659,0.3214833769755786,1.0168931269803632,Lubbock,1,95.26516160396956,37.91720798244058,176.4592170476567,32874,lubbock,37,8,2,True,significant_enhancement
post2,0.6739829254948667,0.0760219730961124,8.865633159017973,7.607054260763257e-19,0.5249825961928134,0.82298325479692,Lubbock,2,96.20364235961154,69.04294282152495,127.72834306263934,32874,lubbock,37,8,2,True,significant_enhancement
post3,0.5365445702251738,0.0923422887105653,5.810388476583047,6.232804170048558e-09,0.3555570101024661,0.7175321303478814,Lubbock,3,71.00875537464792,42.69752725985268,104.9369388267868,32874,lubbock,37,8,2,True,significant_enhancement
post4,0.8606881844908739,0.0709042828389604,12.138733374480212,6.5837286326867975e-34,0.72171834377687,0.9996580252048778,Lubbock,4,136.47875439669997,105.7966467972375,171.73524035166835,32874,lubbock,37,8,2,True,significant_enhancement
post5,0.8542241864552307,0.1021034650098178,8.366260502257115,5.94756281649652e-17,0.6541050723392421,1.0543433005712193,Lubbock,5,134.95508599290991,92.34204247757474,187.0089748598357,32874,lubbock,37,8,2,True,significant_enhancement
post6,0.5378172517793733,0.1772463230571521,3.034292855857761,0.0024110026238203,0.1904208421952039,0.8852136613635427,Lubbock,6,71.2265336149996,20.975860801148396,142.35021449444628,32874,lubbock,37,8,2,True,significant_enhancement
post7,0.8634198630251763,0.0977370621129576,8.83410903048524,1.008992035418932e-18,0.671858741329025,1.0549809847213274,Lubbock,7,137.1256214480763,95.7873120269267,187.19205430126763,32874,lubbock,37,8,2,True,significant_enhancement
post8,0.8646358158697136,0.1049193929404879,8.240953284586288,1.7084392957899688e-16,0.6589975844265512,1.070274047312876,Lubbock,8,137.41413039307724,93.2853840185356,191.6178561380293,32874,lubbock,37,8,2,True,significant_enhancement
post9,0.7066575921085698,0.0932417584628148,7.578767322265668,3.4885349718182876e-14,0.5239071036662699,0.8894080805508697,Lubbock,9,102.72041791254205,68.86123612946491,143.36886772004897,32874,lubbock,37,8,2,True,significant_enhancement
post10,0.7725108506551874,0.0590485652468281,13.08263541080168,4.138391360714075e-39,0.6567777894326408,0.8882439118777341,Lubbock,10,116.51959179836872,92.85680594441142,143.08571016179226,32874,lubbock,37,8,2,True,significant_enhancement
post11,0.8807244352956158,0.0634901763648762,13.871822157716451,9.386169108798957e-44,0.7562859762483622,1.0051628943428694,Lubbock,11,141.26468800394375,113.03493412471632,173.23523213128706,32874,lubbock,37,8,2,True,significant_enhancement
post12,1.4325340470850043,0.2602207543822217,5.505072224104178,3.6901695380889257e-08,0.9225107404660065,1.9425573537040024,Lubbock,12,318.9301640307819,151.55984825371948,597.656973293483,32874,lubbock,37,8,2,True,significant_enhancement
post1,-0.2058493038096595,0.1352216201897283,-1.5223105855471493,0.1279312769399158,-0.4708788093126812,0.0591802016933621,Mesa,1,-18.60442729316395,-37.55467482553557,6.0966411458943215,27395,mesa,38,8,3,False,not_significant
post2,-0.2317007263420186,0.1634152187440431,-1.417865044166608,0.156230169660746,-0.551988669606078,0.0885872169220406,Mesa,2,-20.681653329286988,-42.41964120650225,9.262954424067704,27395,mesa,38,8,3,False,not_significant
post3,-0.1440790734166521,0.10871984577514,-1.3252325036833097,0.1850940478520972,-0.3571660555406758,0.0690079087073715,Mesa,3,-13.418071793651553,-30.034369371846616,7.144468285729966,27395,mesa,38,8,3,False,not_significant
post4,-0.3225690703211888,0.0849700075678608,-3.796269760992677,0.00014688965649056477,-0.4891072249202918,-0.1560309157220859,Mesa,4,-27.57140965807845,-38.68264240188927,-14.446725945027929,27395,mesa,38,8,3,True,significant_suppression
post5,0.160745367243976,0.1677815653783064,0.9580633419501988,0.3380308190383692,-0.1681004581672569,0.489591192655209,Mesa,5,17.438589362158872,-15.473108374681088,63.16490534762098,27395,mesa,38,8,3,False,not_significant
post6,-0.1599232042040652,0.1595441923840056,-1.002375591454607,0.3161622262367622,-0.4726240752192459,0.1527776668111153,Mesa,6,-14.779076746040063,-37.66356347512389,16.506591732414755,27395,mesa,38,8,3,False,not_significant
post7,-0.1260174576338121,0.0584446550023821,-2.156184472791836,0.0310692634916011,-0.2405668765273498,-0.0114680387402743,Mesa,7,-11.840054399139875,-21.38179334364868,-1.1402531436561891,27395,mesa,38,8,3,True,significant_suppression
post8,-0.2614434192730384,0.1238559154978844,-2.1108674399770924,0.034783707420017,-0.5041965529211281,-0.0186902856249486,Mesa,8,-23.00605620749553,-39.60093449394868,-1.8516705340513973,27395,mesa,38,8,3,True,significant_suppression
post9,-0.2357557745869802,0.1014590560348162,-2.323654327180802,0.0201440281922138,-0.4346118703206512,-0.0368996788533091,Mesa,9,-21.00264180003436,-35.24840615344914,-3.622718270646907,27395,mesa,38,8,3,True,significant_suppression
post10,-0.3827875340071781,0.1200290307073059,-3.189124595537357,0.0014270435578868,-0.6180401112927499,-0.1475349567216062,Mesa,10,-31.804222326922385,-46.1000217335326,-13.716772399347455,27395,mesa,38,8,3,True,significant_suppression
post11,-0.1293386331975425,0.0852642250185648,-1.5169156017002592,0.1292879940100986,-0.2964534434036485,0.0377761770085634,Mesa,11,-12.13236338275686,-25.65497610289204,3.8498766963235065,27395,mesa,38,8,3,False,not_significant
post12,-0.4520613400995955,0.1673064071461787,-2.7019965810671014,0.0068924471116755,-0.7799758724889005,-0.1241468077102904,Mesa,12,-36.36848631059109,-54.15829283652221,-11.674983656994796,27395,mesa,38,8,3,True,significant_suppression
post1,-0.0810076792817573,1.0000000000000002e-06,-81007.67928175736,0.0,-0.0810096392457419,-0.0810057193177728,Miami,1,-7.781339031339196,-7.781519776416268,-7.781158285907863,32874,miami,39,8,4,True,significant_suppression
post2,-9.125496234255596,1e-06,-9125496.234255595,0.0,-9.12549819421958,-9.12549427429161,Miami,2,-99.98911452610002,-99.98911454743514,-99.98911450476488,32874,miami,39,8,4,True,significant_suppression
post3,0.0860464053814154,1e-06,86046.40538141548,0.0,0.0860444454174309,0.0860483653454,Miami,3,8.985690235690758,8.985476627872412,8.98590384392779,32874,miami,39,8,4,True,significant_enhancement
post4,-9.125496234254827,1.0000000000000004e-06,-9125496.234254826,0.0,-9.125498194218814,-9.125494274290844,Miami,4,-99.9891145261,-99.98911454743512,-99.98911450476486,32874,miami,39,8,4,True,significant_suppression
post5,0.2867171008435031,9.999999999999995e-07,286717.1008435032,0.0,0.2867151408795185,0.2867190608074876,Miami,5,33.204732510280245,33.2044714340578,33.204993587014386,32874,miami,39,8,4,True,significant_enhancement
post6,0.2867171008435342,1.0000000000000004e-06,286717.1008435341,0.0,0.2867151408795496,0.2867190608075187,Miami,6,33.204732510284394,33.20447143406196,33.204993587018535,32874,miami,39,8,4,True,significant_enhancement
post7,0.2867171008435346,1.0000000000000002e-06,286717.1008435346,0.0,0.2867151408795501,0.2867190608075192,Miami,7,33.204732510284465,33.204471434062,33.204993587018606,32874,miami,39,8,4,True,significant_enhancement
post8,-9.1254962342604,1e-06,-9125496.234260404,0.0,-9.125498194224386,-9.125494274296416,Miami,8,-99.98911452610008,-99.9891145474352,-99.98911450476491,32874,miami,39,8,4,True,significant_suppression
post9,-9.125496234256682,1e-06,-9125496.234256685,0.0,-9.125498194220668,-9.125494274292697,Miami,9,-99.98911452610002,-99.98911454743514,-99.98911450476488,32874,miami,39,8,4,True,significant_suppression
post10,-9.125496234254811,1.0000000000000002e-06,-9125496.234254813,0.0,-9.125498194218798,-9.125494274290828,Miami,10,-99.9891145261,-99.98911454743512,-99.98911450476486,32874,miami,39,8,4,True,significant_suppression
post11,-9.125496234254816,1.0000000000000002e-06,-9125496.234254817,0.0,-9.1254981942188,-9.125494274290832,Miami,11,-99.9891145261,-99.98911454743512,-99.98911450476486,32874,miami,39,8,4,True,significant_suppression
post12,-9.125496234254816,1.0000000000000002e-06,-9125496.234254813,0.0,-9.1254981942188,-9.12549427429083,Miami,12,-99.9891145261,-99.98911454743512,-99.98911450476486,32874,miami,39,8,4,True,significant_suppression
post1,-3.2287819154849604,0.4935773311449651,-6.541592799643097,6.086704580803627e-11,-4.196175708114492,-2.261388122855429,Milwaukee,1,-96.03942874766328,-98.49469659201309,-89.57942660489056,65748,milwaukee,40,8,5,True,significant_suppression
post2,-3.18052582561595,0.3608613223982274,-8.813706618594304,1.2107465138613805e-18,-3.887801020929973,-2.4732506303019277,Milwaukee,2,-95.84362059334909,-97.95096456059656,-91.56896487009443,65748,milwaukee,40,8,5,True,significant_suppression
post3,-2.620912220273623,0.4649614795993457,-5.636837319366856,1.7320158892703977e-08,-3.532219974486796,-1.7096044660604506,Milwaukee,3,-92.72635191379229,-97.07600681404142,-81.90626546735646,65748,milwaukee,40,8,5,True,significant_suppression
post4,-2.9071212088360943,0.3342146322268971,-8.698366045393428,3.3669695033471982e-18,-3.5621698511071123,-2.2520725665650763,Milwaukee,4,-94.53672199321151,-97.16228164009004,-89.48189961303777,65748,milwaukee,40,8,5,True,significant_suppression
post5,-3.4049790919965144,0.6777479516856081,-5.02396072688687,5.061659203037463e-07,-4.7333406678960985,-2.0766175160969302,Milwaukee,5,-96.67924856224413,-99.12029660715284,-87.46464978875673,65748,milwaukee,40,8,5,True,significant_suppression
post6,-2.75489066746744,0.4715099084095073,-5.842699418046611,5.136164441464928e-09,-3.679033106303853,-1.830748228631026,Milwaukee,6,-93.63840254158218,-97.47526254353352,-83.9706413356785,65748,milwaukee,40,8,5,True,significant_suppression
post7,-3.265677573351418,0.5592062982592955,-5.839844049533886,5.224970858633231e-09,-4.361701777867601,-2.1696533688352355,Milwaukee,7,-96.18289373754044,-98.72433398348302,-88.57827987086301,65748,milwaukee,40,8,5,True,significant_suppression
post8,-3.17157738247979,0.7796634802387584,-4.067879877493492,4.74428259586668e-05,-4.699689723808913,-1.643465041150668,Milwaukee,8,-95.80626056081188,-99.09019004125156,-80.66909433702412,65748,milwaukee,40,8,5,True,significant_suppression
post9,-3.5307346016422145,0.5335478506835486,-6.617465700815504,3.654089621513296e-11,-4.576469173010724,-2.4850000302737048,Milwaukee,9,-97.07166036671698,-98.9708831441122,-91.66744480104904,65748,milwaukee,40,8,5,True,significant_suppression
post10,-2.837631323889552,0.537870126820081,-5.275681214470472,1.3226383716926888e-07,-3.891837400816901,-1.7834252469622018,Milwaukee,10,-94.14357785245096,-97.9592185766531,-83.19384919034853,65748,milwaukee,40,8,5,True,significant_suppression
post11,-2.4321671758706804,0.4876424770145373,-4.987603193964938,6.113296766536373e-07,-3.387928868151074,-1.4764054835902862,Milwaukee,11,-91.21537521270469,-96.62214356380235,-77.1542591844339,65748,milwaukee,40,8,5,True,significant_suppression
post12,-2.837631594706745,0.5185678610026164,-5.472054494893635,4.4484798582888025e-08,-3.8540059258118458,-1.8212572636016444,Milwaukee,12,-94.14357943847055,-97.88053380921926,-83.81778301409429,65748,milwaukee,40,8,5,True,significant_suppression
post1,0.0111305735762805,0.1511084396405407,0.0736595097054683,0.9412813177988896,-0.2850365258792237,0.3072976730317848,Minneapolis,1,1.1192748878480208,-24.801321316080514,35.97456674502331,38353,minneapolis,41,9,1,False,not_significant
post2,-0.0771620334891537,0.1355871346816315,-0.5690955389708309,0.5692913056165485,-0.3429079342321333,0.1885838672538257,Minneapolis,2,-7.426015940316266,-29.029645204536003,20.75383516654361,38353,minneapolis,41,9,1,False,not_significant
post3,0.3831796847673874,0.1571130615473188,2.4388786075050963,0.0147329164637092,0.0752437426338177,0.6911156269009571,Minneapolis,3,46.69415934475168,7.8146909227923,99.59410170988288,38353,minneapolis,41,9,1,True,significant_enhancement
post4,-0.2749877600592491,0.1179955762549118,-2.330492114934707,0.0197801562890529,-0.5062548398539259,-0.0437206802645722,Minneapolis,4,-24.04185796003489,-39.72512524728563,-4.277870906671788,38353,minneapolis,41,9,1,True,significant_suppression
post5,-0.5059744969574178,0.2315671251705277,-2.1850014184216104,0.0288887425903193,-0.9598377222951308,-0.0521112716197048,Minneapolis,5,-39.70822524552374,-61.70449740043076,-5.077676064097703,38353,minneapolis,41,9,1,True,significant_suppression
post6,-0.3262810503813436,0.1472735899714694,-2.2154756358186987,0.0267274348561438,-0.614931982599343,-0.0376301181633442,Minneapolis,6,-27.83976476866889,-45.93223304516657,-3.693090321431381,38353,minneapolis,41,9,1,True,significant_suppression
post7,-0.1740118594638725,0.0880140213240173,-1.977092477382214,0.0480311779499587,-0.3465161713934868,-0.0015075475342581,Minneapolis,7,-15.971306775317618,-29.28526163637876,-0.1506411755292758,38353,minneapolis,41,9,1,True,significant_suppression
post8,0.1051595234205144,0.2048607257559451,0.5133220290637511,0.6077260769012887,-0.296360120907875,0.5066791677489039,Minneapolis,8,11.088780884474955,-25.64803771596485,65.97702144370558,38353,minneapolis,41,9,1,False,not_significant
post9,-0.0874714031612556,0.0937341749255692,-0.933185822894514,0.3507240332923474,-0.2711870101359486,0.0962442038134373,Minneapolis,9,-8.375492701115927,-23.752610727502155,10.1027906379914,38353,minneapolis,41,9,1,False,not_significant
post10,-0.3873169613457587,0.2347610478442744,-1.6498348635872513,0.0989767159946129,-0.847440160093421,0.0728062374019036,Minneapolis,10,-32.11241165920359,-57.14895526780405,7.552212076329878,38353,minneapolis,41,9,1,False,not_significant
post11,-0.4085191406643115,0.1856871199912608,-2.2000402649550383,0.0278040383877526,-0.7724592082401502,-0.0445790730884728,Minneapolis,11,-33.536624916176635,-53.81241783053905,-4.360002839599897,38353,minneapolis,41,9,1,True,significant_suppression
post12,-0.2261976021264752,0.3427480180319924,-0.659953056549438,0.5092839547175603,-0.8979713732416652,0.4455761689887147,Minneapolis,12,-20.24395135544785,-59.260472501907934,56.13895609589663,38353,minneapolis,41,9,1,False,not_significant
post1,-0.0717605343322176,0.1692711936967806,-0.4239382541412446,0.671610844717117,-0.4035259775980111,0.2600049089335757,Miramar,1,-6.924624730421536,-33.203932544028525,29.6936453225046,16437,miramar,42,9,2,False,not_significant
post2,-0.2312332450105408,0.1048375241537723,-2.205634355418154,0.0274096115733884,-0.4367110165802826,-0.025755473440799,Miramar,2,-20.644564814556052,-35.38418665804935,-2.5426630452580423,16437,miramar,42,9,2,True,significant_suppression
post3,0.1587808521145786,0.2171096674715106,0.7313393915792075,0.464571875406281,-0.2667462768250493,0.5843079810542067,Miramar,3,17.20810594478783,-23.41326348846011,79.37492475729977,16437,miramar,42,9,2,False,not_significant
post4,0.3371885088106593,0.2275160117343256,1.4820429834380189,0.1383288582389902,-0.1087346800948111,0.7831116977161299,Miramar,4,40.10031402830803,-10.30316305071095,118.8270919957574,16437,miramar,42,9,2,False,not_significant
post5,0.0350635259876704,0.1767677145688068,0.1983593331689646,0.8427639326448506,-0.3113948281966471,0.381521880171988,Miramar,5,3.5685499654168007,-26.75753631253226,46.451170562882126,16437,miramar,42,9,2,False,not_significant
post6,-0.2526185464377111,0.2160677404499759,-1.1691636424373928,0.2423377064675894,-0.676103535940612,0.1708664430651899,Miramar,6,-22.32358752388678,-49.140514189279486,18.63322955356084,16437,miramar,42,9,2,False,not_significant
post7,0.2144066900860837,0.3466516487950911,0.6185076310218891,0.5362407691266944,-0.4650180567337224,0.8938314369058898,Miramar,7,23.91264927935708,-37.18762367762955,144.44775934962598,16437,miramar,42,9,2,False,not_significant
post8,0.196521179467886,0.4310554037500973,0.4559070081437104,0.648456849775852,-0.6483318872236763,1.0413742461594484,Miramar,8,21.716109942962248,-47.70826652825616,183.3107727754436,16437,miramar,42,9,2,False,not_significant
post9,0.1965211793138922,0.3132116970383108,0.6274388254722636,0.5303716243162133,-0.4173624664178677,0.8104048250456521,Miramar,9,21.716109924218728,-34.12179097215498,124.88181803519672,16437,miramar,42,9,2,False,not_significant
post10,0.3506718591414054,0.0908490776529987,3.859938572858262,0.00011341553162941236,0.1726109389128452,0.5287327793699657,Miramar,10,42.00212824495804,18.84036535114959,69.67807500856402,16437,miramar,42,9,2,True,significant_enhancement
post11,0.5448278736345856,0.1052381874286452,5.177092906545883,2.253700024124356e-07,0.338564816476165,0.7510909307930063,Miramar,11,72.43115573502533,40.29326791594414,111.9310777330428,16437,miramar,42,9,2,True,significant_enhancement
post12,0.0141996225198147,0.030369140570619,0.4675674797841433,0.6400939253449061,-0.0453227992400327,0.0737220442796621,Miramar,12,1.4300916035031364,-4.431106362571002,7.650754247779412,16437,miramar,42,9,2,False,not_significant
post1,-0.2095942671474077,0.1260503164785538,-1.6627825538468042,0.0963559701012877,-0.4566483476852488,0.0374598133904335,Nashville,1,-18.90868066435609,-36.6596961451078,3.817027569997711,126017,nashville,43,9,3,False,not_significant
post2,-0.1006100621613824,0.1112671184516444,-0.9042209734685146,0.3658782410517086,-0.3186896069901576,0.1174694826673927,Nashville,2,-9.57144206899092,-27.28987985855249,12.464730818406156,126017,nashville,43,9,3,False,not_significant
post3,-0.0590773156064096,0.0851942337738443,-0.6934426543847515,0.4880318018930927,-0.2260549454936305,0.1079003142808111,Nashville,3,-5.73661139708862,-20.232572814506344,11.393669627085544,126017,nashville,43,9,3,False,not_significant
post4,0.1525547170345173,0.0675981070206198,2.2567897794531824,0.0240212136850345,0.0200648618510182,0.2850445722180164,Nashville,4,16.480619509174097,2.0267514320151614,32.98212998854284,126017,nashville,43,9,3,True,significant_enhancement
post5,0.038505945865922,0.086118322719935,0.4471283769790438,0.6547823711968277,-0.1302828650741481,0.2072947568059922,Nashville,5,3.925690762184475,-12.215291648255588,23.03451709516984,126017,nashville,43,9,3,False,not_significant
post6,-0.0347751884287453,0.1340198510425621,-0.259477891955733,0.7952665376939813,-0.2974492696855898,0.227898892828099,Nashville,6,-3.417748006879806,-25.728973980989306,25.59583326174739,126017,nashville,43,9,3,False,not_significant
post7,-0.0366407981763656,0.093488299976832,-0.3919292380484604,0.6951104989298593,-0.2198744991068331,0.1465929027541018,Nashville,7,-3.597764824867733,-19.738047889130385,15.788249629464657,126017,nashville,43,9,3,False,not_significant
post8,0.1195462413883342,0.1353086053492536,0.8835080450335425,0.376961837756381,-0.1456537518945465,0.3847462346712149,Nashville,8,12.698535622983156,-13.55430320408758,46.92414315949349,126017,nashville,43,9,3,False,not_significant
post9,0.056516662779705,0.1047955247000977,0.5393041634310589,0.5896769965107524,-0.148878791373464,0.2619121169328742,Nashville,9,5.814424627780279,-13.832644916281856,29.941234106927816,126017,nashville,43,9,3,False,not_significant
post10,0.1886060940874409,0.0877326852733919,2.1497813899085383,0.0315725109228374,0.0166531906846051,0.3605589974902768,Nashville,10,20.756519171774613,1.6792628014719255,43.413086608964655,126017,nashville,43,9,3,True,significant_enhancement
post11,0.1792965131805871,0.0625944077554695,2.8644174393505613,0.0041777704599253,0.0566137283462521,0.301979298014922,Nashville,11,19.63754326650935,5.824696063348922,35.25332262969829,126017,nashville,43,9,3,True,significant_enhancement
post12,0.4588152749934268,0.1213796854437016,3.780000527404848,0.000156828026569,0.2209154630689709,0.6967150869178826,Nashville,12,58.21984041753223,24.721799012611267,100.7148557824931,126017,nashville,43,9,3,True,significant_enhancement
post1,0.4376687596621625,0.0727492220189919,6.016129760781556,1.786363961126984e-09,0.29508290460163,0.580254614722695,New York,1,54.90917007685252,34.32377146578798,78.64932403279916,164370,newyork,44,9,4,True,significant_enhancement
post2,0.4922508344678676,0.0642419075998814,7.662456686899126,1.824096598887393e-14,0.3663390092739499,0.6181626596617853,New York,2,63.59944315355197,44.244416172376354,85.55156941512092,164370,newyork,44,9,4,True,significant_enhancement
post3,0.5961841172516763,0.063571197738741,9.378211178304646,6.710144740863378e-21,0.4715868592296697,0.7207813752736829,New York,3,81.5179057737611,60.25351743267397,105.60391212838437,164370,newyork,44,9,4,True,significant_enhancement
post4,0.5180297831044305,0.0534692520278397,9.688367864856406,3.3788485651703656e-22,0.4132319748495694,0.6228275913592916,New York,4,67.87169528709904,51.1695660636676,86.4191769042703,164370,newyork,44,9,4,True,significant_enhancement
post5,0.3928259889176694,0.0837308254471828,4.691533695263317,2.7116460092510715e-06,0.2287165866453812,0.5569353911899577,New York,5,48.11606285392202,25.698574197671388,74.53155865433357,164370,newyork,44,9,4,True,significant_enhancement
post6,0.4099555615749822,0.0773914298998245,5.297170011015799,1.1761118397629177e-07,0.2582711462592698,0.5616399768906946,New York,6,50.67508259914844,29.46898213375213,75.35459182652839,164370,newyork,44,9,4,True,significant_enhancement
post7,0.3234381337185264,0.0549910552619258,5.881649882475804,4.0619687584753374e-09,0.2156576459333,0.4312186215037528,New York,7,38.18706624241042,24.067755527824364,53.913200053029,164370,newyork,44,9,4,True,significant_enhancement
post8,0.548062070203427,0.0643607077861586,8.515476119752876,1.659072317645937e-17,0.4219174009230494,0.6742067394838046,New York,8,72.9897347775804,52.48825655889229,96.24756039400413,164370,newyork,44,9,4,True,significant_enhancement
post9,0.4693005926863062,0.0697154859476177,6.731654901450815,1.677441202740042e-11,0.3326607510642673,0.6059404343083451,New York,9,59.88755368205902,39.46740765081693,83.29751913391618,164370,newyork,44,9,4,True,significant_enhancement
post10,0.5367557908814603,0.0570107889464994,9.414986194721278,4.731445712505889e-21,0.4250166978161073,0.6484948839468133,New York,10,71.04487977116396,52.96159606961648,91.26598863819824,164370,newyork,44,9,4,True,significant_enhancement
post11,0.2241545688366747,0.0527655734772874,4.24812153199018,2.155704483987914e-05,0.1207359451975894,0.32757319247576,New York,11,25.126441096620034,12.832693288230155,38.75966092124739,164370,newyork,44,9,4,True,significant_enhancement
post12,-0.0979655275254643,0.0659704219010658,-1.4849916781247938,0.1375460285829437,-0.2272651784964657,0.0313341234455369,New York,12,-9.331984127611667,-20.32905159475976,3.183020496025102,164370,newyork,44,9,4,False,not_significant
post1,0.3438905176755744,0.1789864443535417,1.921321577830258,0.0546911784441732,-0.0069164669782497,0.6946975023293986,Newark,1,41.04242105334348,-0.68926032697324,100.3103048279042,27395,newark,45,9,5,False,not_significant
post2,1.442502806343932,0.1789864443534271,8.059285224391417,7.674184771109666e-16,1.0916958216903323,1.7933097909975315,Newark,2,323.1272631601353,197.932219019221,500.93091448372667,27395,newark,45,9,5,True,significant_enhancement
post3,-11.544311420703847,0.0093215679260477,-1238.4516759723422,0.0,-11.562581358118344,-11.52604148328935,Newark,3,-99.99903089852938,-99.9990484431946,-99.99901303037818,27395,newark,45,9,5,True,significant_suppression
post4,-11.544311420703917,0.009321567926086,-1238.451675967254,0.0,-11.56258135811849,-11.526041483289344,Newark,4,-99.99903089852938,-99.9990484431946,-99.99901303037818,27395,newark,45,9,5,True,significant_suppression
post5,2.135649986903685,0.1789864443534861,11.93190911534016,8.070119061582733e-33,1.7848430022499695,2.4864569715574003,Newark,5,746.254526320108,495.8644380382585,1101.8618289673611,27395,newark,45,9,5,True,significant_enhancement
post6,1.0370376982354312,0.1789864443534773,5.793945468783114,6.875179000684662e-09,0.6862307135817332,1.387844682889129,Newark,6,182.084842106662,98.62147934606098,300.62060965572243,27395,newark,45,9,5,True,significant_enhancement
post7,-11.544311420703844,0.0093215679260456,-1238.4516759726196,0.0,-11.562581358118337,-11.526041483289353,Newark,7,-99.99903089852938,-99.9990484431946,-99.99901303037818,27395,newark,45,9,5,True,significant_suppression
post8,0.3438905176755745,0.1789864443535418,1.9213215778302568,0.0546911784441734,-0.0069164669782499,0.694697502329399,Newark,8,41.04242105334348,-0.6892603269732622,100.31030482790425,27395,newark,45,9,5,False,not_significant
post9,0.3438905176755745,0.1789864443535417,1.9213215778302584,0.0546911784441731,-0.0069164669782496,0.6946975023293986,Newark,9,41.04242105334348,-0.6892603269732289,100.3103048279042,27395,newark,45,9,5,False,not_significant
post10,1.4425028063437482,0.1789864443535979,8.0592852243827,7.674184771656833e-16,1.0916958216898138,1.7933097909976825,Newark,10,323.1272631600575,197.9322190190665,500.9309144838173,27395,newark,45,9,5,True,significant_enhancement
post11,-11.54431142070388,0.0093215679260662,-1238.4516759698815,0.0,-11.562581358118411,-11.526041483289346,Newark,11,-99.99903089852938,-99.9990484431946,-99.99901303037818,27395,newark,45,9,5,True,significant_suppression
post12,-11.544311420703863,0.0093215679260596,-1238.4516759707633,0.0,-11.562581358118385,-11.526041483289342,Newark,12,-99.99903089852938,-99.9990484431946,-99.99901303037818,27395,newark,45,9,5,True,significant_suppression
post1,0.4820001440620398,0.0392364538409889,12.28449813572375,1.0972381681626955e-34,0.4050981076526331,0.5589021804714464,Oklahoma City,1,61.93100185830147,49.94496003213473,74.87516324132312,115059,oklahomacity,47,10,2,True,significant_enhancement
post2,0.5440953692637056,0.0318196195604491,17.0993675216658,1.500235428563893e-65,0.4817300609234591,0.6064606776039521,Oklahoma City,2,72.30489540853956,61.88727293057492,83.39290324866877,115059,oklahomacity,47,10,2,True,significant_enhancement
post3,0.3974256484020902,0.0747795305626007,5.314631496240676,1.068733827716508e-07,0.2508604617185805,0.5439908350856,Oklahoma City,3,48.79891554824085,28.51307468834472,72.28688459930343,115059,oklahomacity,47,10,2,True,significant_enhancement
post4,0.3857286146661183,0.0655837367708913,5.881467474377276,4.066448652919072e-09,0.2571868526236161,0.5142703767086205,Oklahoma City,4,47.06854941779783,29.328675820777477,67.24178215377954,115059,oklahomacity,47,10,2,True,significant_enhancement
post5,0.3532589821208258,0.0462477434454686,7.638404726435112,2.1992960364985923e-14,0.262615070601459,0.4439028936401926,Oklahoma City,5,42.3699808488534,30.03260888649928,55.877911090710654,115059,oklahomacity,47,10,2,True,significant_enhancement
post6,0.3224975925479383,0.073425493256565,4.392174682723066,1.1222247444350109e-05,0.1785862702179822,0.4664089148778944,Oklahoma City,6,38.057156719570685,19.55260171148252,59.4258782212808,115059,oklahomacity,47,10,2,True,significant_enhancement
post7,0.3772380712343492,0.0389289392644091,9.690427696272732,3.3113904707485445e-22,0.3009387523197602,0.4535373901489383,Oklahoma City,7,45.82514357684864,35.11265856346575,57.386974139213166,115059,oklahomacity,47,10,2,True,significant_enhancement
post8,0.3881655537184815,0.0416388684766667,9.322192651224391,1.1396045580808635e-20,0.3065548711472146,0.4697762362897485,Oklahoma City,8,47.42738356013268,35.87360208360417,59.96362126333305,115059,oklahomacity,47,10,2,True,significant_enhancement
post9,0.364708990569766,0.0474526567172229,7.685744398740801,1.5210992700868312e-14,0.2717034924332664,0.4577144887062656,Oklahoma City,9,44.00948659785817,31.219786702670422,58.04577001157889,115059,oklahomacity,47,10,2,True,significant_enhancement
post10,0.3020614382717382,0.0530430449538904,5.694647404467744,1.2362713899557089e-08,0.1980989805317739,0.4060238960117026,Oklahoma City,10,35.2644328286454,21.90830533389687,50.0838416081874,115059,oklahomacity,47,10,2,True,significant_enhancement
post11,0.1761754518748469,0.0715708667202991,2.461552583446352,0.0138337117658257,0.0358991307607442,0.3164517729889496,Oklahoma City,11,19.26472924983973,3.6551285077921936,37.225006112150936,115059,oklahomacity,47,10,2,True,significant_enhancement
post12,0.1789505561987743,0.0667124322570223,2.6824169070816275,0.007309230708404,0.0481965916539425,0.3097045207436062,Oklahoma City,12,19.59616098178727,4.937693379451713,36.302230980639735,115059,oklahomacity,47,10,2,True,significant_enhancement
post1,-0.5520543988914834,0.1315573561472151,-4.196302016541928,2.7130841016115923e-05,-0.809902078841334,-0.2942067189416328,Orlando,1,-42.42342579795852,-55.50983706269301,-25.487755540149735,65748,orlando,48,10,3,True,significant_suppression
post2,-0.4316192089309569,0.1154047700783859,-3.7400465218013954,0.00018398619922907396,-0.6578084019287189,-0.205430015933195,Orlando,2,-35.05433631080204,-48.20146929683561,-18.57029196056461,65748,orlando,48,10,3,True,significant_suppression
post3,-0.487035669857864,0.1340125798929134,-3.634253368206504,0.0002787867945421974,-0.749695499923271,-0.224375839792457,Orlando,3,-38.5554884616196,-52.7489589706225,-20.09852236180666,65748,orlando,48,10,3,True,significant_suppression
post4,-0.2843207975739333,0.1018257682130048,-2.792228357945457,0.0052346399037731,-0.4838956359695462,-0.0847459591783203,Orlando,4,-24.74748022772896,-38.36224738014244,-8.12543463416866,65748,orlando,48,10,3,True,significant_suppression
post5,-0.284320797545081,0.1074931729459014,-2.6450126064115023,0.0081687873651655,-0.495003545102983,-0.073638049987179,Orlando,5,-24.74748022555775,-39.04312536915021,-7.099211258825722,65748,orlando,48,10,3,True,significant_suppression
post6,-0.4468397271209008,0.070558064677505,-6.332936272603857,2.40538932874378e-10,-0.5851309927076584,-0.3085484615341431,Orlando,6,-36.0353581967162,-44.29671102136113,-26.548764425895875,65748,orlando,48,10,3,True,significant_suppression
post7,-0.1230526500352767,0.1167604557251272,-1.0538897717645288,0.2919333862617287,-0.3518989380750097,0.1057936380044562,Orlando,7,-11.578289272662731,-29.664879958912348,11.159246239739652,65748,orlando,48,10,3,False,not_significant
post8,-0.0413746190197987,0.1119974466372663,-0.3694246633479195,0.7118112174117575,-0.2608855807892873,0.1781363427496899,Orlando,8,-4.0530372957519045,-22.963094040771427,19.498823811051214,65748,orlando,48,10,3,False,not_significant
post9,-0.2122835018846457,0.0675694889840945,-3.1417064872965983,0.0016796632421866,-0.3447172667472468,-0.0798497370220445,Orlando,9,-19.126461294335535,-29.157938077843816,-7.674493298013019,65748,orlando,48,10,3,True,significant_suppression
post10,-0.357875494826375,0.1145366205158608,-3.124550848580493,0.0017807674073069,-0.5823631459483938,-0.1333878437043562,Orlando,10,-30.083988136031525,-44.14231928571457,-12.487438567917009,65748,orlando,48,10,3,True,significant_suppression
post11,-0.1370550101467757,0.0881048146124712,-1.5555904719805809,0.1198055058450482,-0.3097372736517977,0.0356272533582461,Orlando,11,-12.807773975869674,-26.636032261994767,3.626950851305488,65748,orlando,48,10,3,False,not_significant
post12,-0.2548380457733359,0.1546907550057646,-1.6474032062474528,0.0994751967811768,-0.5580263543259436,0.0483502627792718,Orlando,12,-22.4957990873505,-42.76624586122426,4.9538205119883605,65748,orlando,48,10,3,False,not_significant
post1,0.1149415482709302,0.0215856214250072,5.324912635490245,1.0100157181394032e-07,0.0726345076939997,0.1572485888478606,Overland Park,1,12.180786404617638,7.533743752190936,17.028649791633832,32874,overlandpark,49,10,4,True,significant_enhancement
post2,0.3768953759970633,0.0412236719203446,9.142692982937763,6.091613774078696e-20,0.2960984637226928,0.4576922882714339,Overland Park,2,45.77517855654456,34.460254488634725,58.04226136570823,32874,overlandpark,49,10,4,True,significant_enhancement
post3,0.2766852417426113,0.0778199674530126,3.5554530642752167,0.0003773283038891658,0.1241609082566274,0.4292095752285952,Overland Park,3,31.87512178666776,13.219803635501414,53.604291721234574,32874,overlandpark,49,10,4,True,significant_enhancement
post4,0.5287408029521725,0.0618137825981408,8.553768766904016,1.1913344522603437e-17,0.4075880153116277,0.6498935905927173,Overland Park,4,69.67943644000931,50.3187743249556,91.53370082940684,32874,overlandpark,49,10,4,True,significant_enhancement
post5,0.2926069318480753,0.0513497601311803,5.6983115617399,1.2099977513090362e-08,0.1919632513761911,0.3932506123199594,Overland Park,5,33.9916008598649,21.16259905590394,48.17896975539091,32874,overlandpark,49,10,4,True,significant_enhancement
post6,0.463564729991647,0.0135630246833165,34.17856568246645,5.0347479888158294e-256,0.4369816900909189,0.4901477698923752,Overland Park,6,58.97308576593064,54.80277325498102,63.25574449699823,32874,overlandpark,49,10,4,True,significant_enhancement
post7,0.5244274482947335,0.0664976603346927,7.886404508898675,3.1101734070610324e-15,0.394094428982558,0.654760467606909,Overland Park,7,68.94912503091643,48.30405840763954,92.46814386059894,32874,overlandpark,49,10,4,True,significant_enhancement
post8,0.6252565516061706,0.0879040219182541,7.112945892141593,1.135918211497123e-12,0.4529678345501729,0.7975452686621682,Overland Park,8,86.87253204213665,57.29735902973563,122.0084523176122,32874,overlandpark,49,10,4,True,significant_enhancement
post9,0.3630714213904563,0.0328995635144755,11.03575192511924,2.5689362242495993e-28,0.2985894617949962,0.4275533809859163,Overland Park,9,43.77385408600348,34.795612237710706,53.3501037280832,32874,overlandpark,49,10,4,True,significant_enhancement
post10,0.3873311966543352,0.0633047607050436,6.118516085370426,9.445074978781267e-10,0.2632561456225233,0.5114062476861472,Overland Park,10,47.304427782854354,30.115996269908663,66.76346541914222,32874,overlandpark,49,10,4,True,significant_enhancement
post11,0.4484239661819076,0.0645073562096588,6.95151673437771,3.6137953260878e-12,0.32199187127308,0.5748560610907352,Overland Park,11,56.584241917734325,37.98735592963103,77.6874747093149,32874,overlandpark,49,10,4,True,significant_enhancement
post12,0.3788548918556067,0.105393430438817,3.5946727445743343,0.0003247995823819663,0.1722875639883978,0.5854222197228156,Overland Park,12,46.0611073802502,18.80194156996138,79.57490262549014,32874,overlandpark,49,10,4,True,significant_enhancement
post1,-0.1543428212438053,1e-06,-154342.82124380532,0.0,-0.1543447812077898,-0.1543408612798207,Palm Bay,1,-14.302181967877193,-14.30234993234948,-14.30201400307569,5479,palmbay,50,10,5,True,significant_suppression
post2,-0.5730531559634121,1e-06,-573053.1559634121,0.0,-0.5730551159273967,-0.5730511959994276,Palm Bay,2,-43.61985655000088,-43.6199670529432,-43.61974604684199,5479,palmbay,50,10,5,True,significant_suppression
post3,0.302415581251752,1e-06,302415.58125175204,0.0,0.3024136212877675,0.3024175412157366,Palm Bay,3,35.31234426122523,35.31207905416369,35.31260946880654,5479,palmbay,50,10,5,True,significant_enhancement
post4,0.3824582889252951,1e-06,382458.2889252951,0.0,0.3824563289613105,0.3824602488892796,Palm Bay,4,46.588372949661625,46.58808564201165,46.58866025787472,5479,palmbay,50,10,5,True,significant_enhancement
post5,0.0147335088000015,1e-06,14733.50880000157,0.0,0.014731548836017,0.0147354687639861,Palm Bay,5,1.484258195922017,1.484059290625872,1.4844571016079833,5479,palmbay,50,10,5,True,significant_enhancement
post6,0.6367847676762046,1e-06,636784.7676762047,0.0,0.6367828077122201,0.6367867276401892,Palm Bay,6,89.03930448259754,89.0389339727322,89.0396749931891,5479,palmbay,50,10,5,True,significant_enhancement
post7,0.1865837657266561,1e-06,186583.7657266562,0.0,0.1865818057626716,0.1865857256906407,Palm Bay,7,20.51255660765683,20.512320407617658,20.51279280815894,5479,palmbay,50,10,5,True,significant_enhancement
post8,0.3872544611887521,1e-06,387254.46118875215,0.0,0.3872525012247675,0.3872564211527367,Palm Bay,8,47.293124742683545,47.29283605374679,47.293413432186114,5479,palmbay,50,10,5,True,significant_enhancement
post9,-0.4012028991730793,1e-06,-401202.8991730793,0.0,-0.4012048591370638,-0.4012009392090947,Palm Bay,9,-33.048579662253296,-33.04871088449728,-33.04844843975212,5479,palmbay,50,10,5,True,significant_suppression
post10,-0.4012028991688044,1e-06,-401202.89916880446,0.0,-0.401204859132789,-0.4012009392048199,Palm Bay,10,-33.04857966196709,-33.04871088421108,-33.048448439465915,5479,palmbay,50,10,5,True,significant_suppression
post11,0.1333392512078506,1e-06,133339.25120785064,0.0,0.1333372912438661,0.1333412111718351,Palm Bay,11,14.263757376149467,14.263533423519736,14.263981329218131,5479,palmbay,50,10,5,True,significant_enhancement
post12,-0.0112419776032562,1e-06,-11241.977603256271,0.0,-0.0112439375672408,-0.0112400176392717,Palm Bay,12,-1.1179022706398145,-1.1180960758001568,-1.1177084650996316,5479,palmbay,50,10,5,True,significant_suppression
post1,0.4258908653263229,0.0576434402674721,7.3883665400632035,1.486435161017868e-13,0.3129117984570917,0.5388699321955541,Philadelphia,1,53.09536858848743,36.74009188377772,71.40687533811312,71227,philadelphia,51,11,1,True,significant_enhancement
post2,0.306345714676494,0.0552340309317435,5.546321887226844,2.9174152443865205e-08,0.1980890033293053,0.4146024260236827,Philadelphia,2,35.84518621231354,21.907089036119576,51.37687859637492,71227,philadelphia,51,11,1,True,significant_enhancement
post3,0.3604129359468854,0.0612240597162765,5.886785972983575,3.937781159222243e-09,0.2404159839156539,0.480409887978117,Philadelphia,3,43.39214100190312,27.177807952612064,61.67369474374842,71227,philadelphia,51,11,1,True,significant_enhancement
post4,0.4477750788180096,0.0785321684911706,5.701804590667234,1.1854567899941681e-08,0.2938548569474839,0.6016953006885354,Philadelphia,4,56.48266933991346,34.15891671880416,82.52104595528937,71227,philadelphia,51,11,1,True,significant_enhancement
post5,0.2639986140979203,0.0617091713478691,4.278109855173679,1.884869993099933e-05,0.1430508607402857,0.3849463674555549,Philadelphia,5,30.212639167996947,15.378848271008083,46.95355043993305,71227,philadelphia,51,11,1,True,significant_enhancement
post6,0.1918172185862632,0.0488591637045264,3.92592103594464,8.639849790416952e-05,0.0960550174106448,0.2875794197618816,Philadelphia,6,21.1449066353971,10.081962657340648,33.31964701049437,71227,philadelphia,51,11,1,True,significant_enhancement
post7,0.1736898339938334,0.0411252830460118,4.2234319408697,2.4061005251082937e-05,0.0930857603696346,0.2542939076180323,Philadelphia,7,18.968650827590693,9.755585802810218,28.95507573679046,71227,philadelphia,51,11,1,True,significant_enhancement
post8,0.3796127875565568,0.0443033613769761,8.56848726051375,1.0485328856754809e-17,0.2927797948636208,0.4664457802494929,Philadelphia,8,46.17184842538986,34.01476505410586,59.431755623859495,71227,philadelphia,51,11,1,True,significant_enhancement
post9,0.3544858374788698,0.0426243194886231,8.31651605777508,9.058672433604696e-17,0.2709437064156397,0.4380279685420999,Philadelphia,9,42.54475541231509,31.12012560884489,54.96482482156868,71227,philadelphia,51,11,1,True,significant_enhancement
post10,0.3721407727175015,0.0353036779407718,10.541133230986118,5.582214144974562e-26,0.3029468354317876,0.4413347100032154,Philadelphia,10,45.083720521427374,35.3842486077756,55.478101601922326,71227,philadelphia,51,11,1,True,significant_enhancement
post11,0.2612092120103426,0.0362662193976709,7.20254871747447,5.909731639484517e-13,0.1901287281354797,0.3322896958852055,Philadelphia,11,29.84992986669344,20.94052721229143,39.41566714678242,71227,philadelphia,51,11,1,True,significant_enhancement
post12,0.272320437435452,0.047768625518678,5.7008221291393815,1.1923099478785245e-08,0.178695651827862,0.3659452230430419,Philadelphia,12,31.30076707191296,19.56567928273289,44.18762588975183,71227,philadelphia,51,11,1,True,significant_enhancement
post1,-0.0215056474504974,0.0363444248206197,-0.5917179197810936,0.5540394947887646,-0.0927394111377358,0.0497281162367408,Phoenix,1,-2.1276049841519207,-8.856902188562133,5.098531168600462,180807,phoenix,52,11,2,False,not_significant
post2,-0.1267752779651512,0.0275379600889551,-4.6036553744588335,4.151392164300784e-06,-0.1807486879472047,-0.0728018679830977,Phoenix,2,-11.906838489958917,-16.535491128855504,-7.021496803929239,180807,phoenix,52,11,2,True,significant_suppression
post3,-0.0184880661037945,0.057775390713308,-0.3199989801113702,0.7489691036913342,-0.1317257510946081,0.0947496188870191,Phoenix,3,-1.8318210189526285,-12.341863640308135,9.93835557843732,180807,phoenix,52,11,2,False,not_significant
post4,-0.0332738284386594,0.0472721686915024,-0.7038777648599979,0.4815088996375444,-0.1259255765451061,0.0593779196677871,Phoenix,4,-3.2726343713399,-11.831953795217354,6.11762043279771,180807,phoenix,52,11,2,False,not_significant
post5,-0.0060881403929655,0.0405076528516173,-0.1502960543102023,0.8805310458367559,-0.0854816810803867,0.0733054002944557,Phoenix,5,-0.606964521901665,-8.193003905007036,7.605911550887812,180807,phoenix,52,11,2,False,not_significant
post6,-0.0090478566473434,0.0486798865137256,-0.1858643742892109,0.8525511205474676,-0.1044586809857428,0.086362967691056,Phoenix,6,-0.9007047962174997,-9.918798269748086,9.020196458906238,180807,phoenix,52,11,2,False,not_significant
post7,-0.0292637184851805,0.0414963640785255,-0.7052116284164908,0.4806785457877485,-0.1105950975684522,0.0520676605980911,Phoenix,7,-2.883968223508915,-10.469881482473433,5.344701695732645,180807,phoenix,52,11,2,False,not_significant
post8,-0.0381232504798006,0.040526933633668,-0.9406892419842368,0.3468641336403334,-0.1175545808056348,0.0413080798460336,Phoenix,8,-3.740570662884346,-11.090801693462636,4.217312862957789,180807,phoenix,52,11,2,False,not_significant
post9,-0.1954904232568046,0.0451869745658546,-4.326256075672881,1.5166509653975764e-05,-0.2840552659762072,-0.1069255805374021,Phoenix,9,-17.756878026094448,-24.72749565277027,-10.14074567237856,180807,phoenix,52,11,2,True,significant_suppression
post10,-0.12652246690917,0.0543324261057781,-2.328673243172452,0.0198763826368038,-0.2330120652691789,-0.020032868549161,Phoenix,10,-11.884564749367533,-20.785598396412464,-1.983354387205705,180807,phoenix,52,11,2,True,significant_suppression
post11,-0.2510342928351145,0.0404424667612131,-6.207195379977962,5.39385238332581e-10,-0.3303000711330505,-0.1717685145371785,Phoenix,11,-22.200430857647454,-28.129196246366728,-15.782589833222673,180807,phoenix,52,11,2,True,significant_suppression
post12,-0.1766058462692998,0.0662569293879673,-2.6654698293545205,0.0076880829877841,-0.3064670415959292,-0.0467446509426703,Phoenix,12,-16.18899363633347,-26.395722342515736,-4.566894598464877,180807,phoenix,52,11,2,True,significant_suppression
post1,-0.3830877644252203,0.0809983702625057,-4.729573733195868,2.249917327102292e-06,-0.5418416529461716,-0.224333875904269,Raleigh,1,-31.824693700543584,-41.83239800188424,-20.09516931478004,65748,raleigh,55,11,5,True,significant_suppression
post2,-0.1874472845523173,0.0465327762645322,-4.028284998228044,5.618520937280258e-05,-0.2786498501314609,-0.0962447189731738,Raleigh,2,-17.09271780265704,-24.31951480541227,-9.175827511192749,65748,raleigh,55,11,5,True,significant_suppression
post3,-0.1331100369644421,0.067648545096508,-1.9676703582397252,0.0491059785275638,-0.2656987489601314,-0.0005213249687527899,Raleigh,3,-12.463123611250982,-23.332994713331846,-0.0521189102502428,65748,raleigh,55,11,5,True,significant_suppression
post4,0.0368537840169849,0.0612770033785968,0.6014292799092303,0.5475541016821168,-0.0832469356856039,0.1569545037195739,Raleigh,4,3.754130462498528,-7.987609226348702,16.994238466324152,65748,raleigh,55,11,5,False,not_significant
post5,0.1019034507828141,0.0376302610552068,2.7080187042368085,0.0067686207615834,0.0281494943857684,0.1756574071798598,Raleigh,5,10.727655988182416,2.85494352947544,19.20296079034556,65748,raleigh,55,11,5,True,significant_enhancement
post6,-0.2896144298443965,0.0716713793417802,-4.040865858926874,5.325421453099626e-05,-0.4300877520765938,-0.1491411076121993,Raleigh,6,-25.144786869404545,-34.9547986296063,-13.85524504844876,65748,raleigh,55,11,5,True,significant_suppression
post7,0.0175280675967551,0.0293673293450003,0.5968560297342539,0.5506035060382406,-0.0400308402415718,0.0750869754350821,Raleigh,7,1.768258565434433,-3.924019136917134,7.7977904404690435,65748,raleigh,55,11,5,False,not_significant
post8,0.0744169098696537,0.0691920883839704,1.0755118339063408,0.2821456369014477,-0.0611970913780406,0.210030911117348,Raleigh,8,7.725583047611062,-5.936217010086608,23.371619491341832,65748,raleigh,55,11,5,False,not_significant
post9,-0.0275130706914042,0.0608636366020017,-0.4520444756089277,0.6512369423638003,-0.1468036063994613,0.0917774650166529,Raleigh,9,-2.713803350819255,-13.653646052122548,9.61208696983693,65748,raleigh,55,11,5,False,not_significant
post10,-0.0275130706913842,0.0655617983441422,-0.4196509459207421,0.6747404652353146,-0.1560118342075807,0.1009856928248122,Raleigh,10,-2.713803350817312,-14.445093443412826,10.6260814182928,65748,raleigh,55,11,5,False,not_significant
post11,0.1324912843873291,0.0732954664543549,1.8076327335994045,0.0706636801200157,-0.0111651900932702,0.2761477588679286,Raleigh,11,14.166906570044802,-1.110309069045201,31.804260212257997,65748,raleigh,55,11,5,False,not_significant
post12,0.1928869946771035,0.0727429313054692,2.6516252674382,0.0080105392048482,0.0503134691885126,0.3354605201656945,Raleigh,12,21.27457390514904,5.160068912939941,39.85843132198343,65748,raleigh,55,11,5,True,significant_enhancement
post1,-0.0196823857982473,0.0567315489958508,-0.3469389809836999,0.7286371607525666,-0.1308741786172845,0.0915094070207898,Richmond,1,-1.948995222820482,-12.267184591172253,9.582708511222716,38353,richmond,56,12,1,False,not_significant
post2,0.1041558776206526,0.0868435928260176,1.1993501677126428,0.230391815589323,-0.0660544366064027,0.2743661918477081,Richmond,2,10.977343027551337,-6.392009410876831,31.569651137088496,38353,richmond,56,12,1,False,not_significant
post3,0.172769889470494,0.0597085831912225,2.893551985937795,0.0038091122958789,0.0557432168477842,0.2897965620932038,Richmond,3,18.859256594840424,5.732614533434077,33.61556356681983,38353,richmond,56,12,1,True,significant_enhancement
post4,0.1699138064432397,0.0186381654952339,9.116444774926448,7.762913809045756e-20,0.1333836733346841,0.2064439395517953,Richmond,4,18.52026900822685,14.268833328013542,22.929881724265023,38353,richmond,56,12,1,True,significant_enhancement
post5,-0.0650413280328521,0.0216755062852696,-3.000683221736476,0.0026937463954102,-0.1075245396986522,-0.022558116367052,Richmond,5,-6.2971262977260185,-10.194551580601786,-2.2305584505298626,38353,richmond,56,12,1,True,significant_suppression
post6,-0.0663305193562406,0.0256466760581703,-2.5863203171355797,0.0097006733821293,-0.1165970807534201,-0.016063957959061,Richmond,6,-6.41784939517438,-11.005630362171814,-1.5935620706759024,38353,richmond,56,12,1,True,significant_suppression
post7,0.0727004288343439,0.0344448119446682,2.11063509219122,0.0348036889536304,0.0051898379685392,0.1402110197001487,Richmond,7,7.540832732858838,0.5203328505412497,15.05165549016041,38353,richmond,56,12,1,True,significant_enhancement
post8,0.1784265083785198,0.0923312116754696,1.932461462822152,0.0533025741748367,-0.0025393411543447,0.3593923579113844,Richmond,8,19.533503293560383,-0.2536119754916632,43.24587278409413,38353,richmond,56,12,1,False,not_significant
post9,-0.0038950484154109,0.0859622496245322,-0.0453111503296365,0.9638592998900132,-0.1723779617095359,0.164587864878714,Richmond,9,-0.3887472553639748,-15.833900258627065,17.89071495347281,38353,richmond,56,12,1,False,not_significant
post10,0.2368372705350137,0.0945737357855364,2.5042604965091617,0.0122707651839416,0.0514761545119555,0.422198386558072,Richmond,10,26.723488454085363,5.282408088877544,52.53110958875595,38353,richmond,56,12,1,True,significant_enhancement
post11,0.1803044432027415,0.0297316594036998,6.064392194009327,1.3245358640584924e-09,0.1220314615708782,0.2385774248346049,Richmond,11,19.758190329829063,12.978964617820507,26.944198856760917,38353,richmond,56,12,1,True,significant_enhancement
post12,0.1708793027431901,0.0519833623574639,3.287192189842157,0.0010119174704899,0.0689937847272657,0.2727648207591144,Richmond,12,18.634755148502325,7.142954990078354,31.359127909514896,38353,richmond,56,12,1,True,significant_enhancement
post1,-0.1891079394954974,0.0735771928621926,-2.570197803682039,0.0101640461502945,-0.3333165875889525,-0.0448992914020422,Riverside,1,-17.23028393411088,-28.345669047557763,-4.39062361527216,32874,riverside,57,12,2,True,significant_suppression
post2,-0.0493459971203394,0.1063596631499009,-0.4639540560672166,0.6426806627586071,-0.2578071063019572,0.1591151120612783,Riverside,2,-4.814826524227578,-22.72557247673829,17.24729046857729,32874,riverside,57,12,2,False,not_significant
post3,-0.3814798321429049,0.0456432612446158,-8.357856597898223,6.386801449868628e-17,-0.4709389803193047,-0.292020683966505,Riverside,3,-31.71498424563816,-37.558432110569306,-25.32469100022854,32874,riverside,57,12,2,True,significant_suppression
post4,-0.267069480965226,0.3559973929815145,-0.7502006650343471,0.4531338583420608,-0.9648115497991464,0.4306725878686945,Riverside,4,-23.43801263905385,-61.89449971347059,53.82918120956537,32874,riverside,57,12,2,False,not_significant
post5,0.2491469914356992,0.1252266220814781,1.9895688895416568,0.0466384460576182,0.0037073222503938,0.4945866606210046,Riverside,5,28.293059902133443,0.3714202869791405,63.98202966534674,32874,riverside,57,12,2,True,significant_enhancement
post6,-0.2144257474797271,0.1914020927539926,-1.1202894618050314,0.2625904313203653,-0.5895669558431476,0.1607154608836932,Riverside,6,-19.29952683575325,-44.54326150906181,17.435077253911757,32874,riverside,57,12,2,False,not_significant
post7,-0.3516268689932866,0.2189925109752711,-1.6056570493088351,0.10834928322653,-0.7808443033888104,0.0775905654022372,Riverside,7,-29.645741343995248,-54.19808591025927,8.068010025474415,32874,riverside,57,12,2,False,not_significant
post8,-0.3226393321200508,0.1644105068596706,-1.9624009333870205,0.0497158241899182,-0.6448780042449807,-0.0004006599951209,Riverside,8,-27.57649844234925,-47.52734473860267,-0.0400579741623552,32874,riverside,57,12,2,True,significant_suppression
post9,0.2163571686126758,0.0286727418091269,7.545743970107733,4.4971277574305374e-14,0.1601596273287711,0.2725547098965805,Riverside,9,24.154574098834768,17.369821034927323,31.331530829172817,32874,riverside,57,12,2,True,significant_enhancement
post10,-0.2404012338830108,0.1135090872328025,-2.117902978022874,0.0341832853564506,-0.4628749567773191,-0.0179275109887025,Riverside,10,-21.368769737402417,-37.052866128800055,-1.776776917900691,32874,riverside,57,12,2,True,significant_suppression
post11,0.1995500502962333,0.2562475783766437,0.7787392628660321,0.4361333225266087,-0.3026859744475929,0.7017860750400595,Riverside,11,22.085331197180057,-26.116892821907545,101.73526348313446,32874,riverside,57,12,2,False,not_significant
post12,0.3561191109879283,0.2666914926729008,1.3353223510009415,0.1817708663847024,-0.1665866096341848,0.8788248316100415,Riverside,12,42.77776021367339,-15.345050558176364,140.8068157390193,32874,riverside,57,12,2,False,not_significant
post1,0.5468835417713095,0.2383464603658101,2.2944898822158373,0.0217623755718747,0.0797330636117182,1.0140340199309008,Sacramento,1,72.7859815447528,8.29979375290364,175.66991943217073,65748,sacramento,58,12,3,True,significant_enhancement
post2,-0.3975780670700554,0.2339972125216388,-1.6990718085297252,0.0893056544131598,-0.8562041760952326,0.0610480419551216,Sacramento,2,-32.80545162151953,-57.52286165550251,6.294997915575018,65748,sacramento,58,12,3,False,not_significant
post3,-0.0409031231312363,0.3485114936358094,-0.1173652056766301,0.9065706553227568,-0.723973098855683,0.6421668525932103,Sacramento,3,-4.007788030733872,-51.51778221367064,90.05947292598388,65748,sacramento,58,12,3,False,not_significant
post4,0.8551849014255875,0.1868956606170042,4.575734388922354,4.745523197100904e-06,0.4888761377494382,1.2214936651017367,Sacramento,4,135.18091932474627,63.04827518505694,239.2250838081965,65748,sacramento,58,12,3,True,significant_enhancement
post5,0.2592014693192455,0.146212518764009,1.7727720684273538,0.0762664835393707,-0.0273698015470988,0.54577274018559,Sacramento,5,29.58948615852792,-2.699864242174377,72.59415716160129,65748,sacramento,58,12,3,False,not_significant
post6,-0.0409031231312636,0.1325011539677782,-0.3087001275567044,0.7575496467872708,-0.3006006128181054,0.2187943665555781,Sacramento,6,-4.007788030736492,-25.962659064444598,24.457532406149383,65748,sacramento,58,12,3,False,not_significant
post7,0.4291005061148427,0.2433266812171026,1.7634749463910526,0.0778204191712358,-0.0478110255483371,0.9060120377780224,Sacramento,7,53.58753915087857,-4.668607796780488,147.44348778770916,65748,sacramento,58,12,3,False,not_significant
post8,0.6009507630409616,0.1325239367800726,4.534658248481232,5.769682978413702e-06,0.3412086198625563,0.8606929062193669,Sacramento,8,82.38520274156976,40.66466646879383,136.47987098780868,65748,sacramento,58,12,3,True,significant_enhancement
post9,0.6769366700184689,0.132956009127365,5.091433433219241,3.553666348659152e-07,0.4163476806006548,0.9375256594362832,Sacramento,9,96.78403453687524,51.64130046121074,155.36549825695766,65748,sacramento,58,12,3,True,significant_enhancement
post10,0.4291005061147351,0.1578079092728861,2.7191318108949907,0.0065453519398242,0.119802687464314,0.7383983247651562,Sacramento,10,53.58753915086205,12.727440426315638,109.2581193470514,65748,sacramento,58,12,3,True,significant_enhancement
post11,0.4897251279309751,0.2359484137351918,2.075560162403128,0.0379346491489007,0.0272747348006434,0.952175521061307,Sacramento,11,63.18676034775914,2.7650095227975457,159.13410485199591,65748,sacramento,58,12,3,True,significant_enhancement
post12,-0.0409031231312715,0.1814854533110782,-0.2253796234630486,0.8216839620067444,-0.3966080753389102,0.3148018290763672,Sacramento,12,-4.007788030737247,-32.74024184385471,36.99877923081672,65748,sacramento,58,12,3,False,not_significant
post1,0.2472066160661243,0.0335892043115999,7.359704438748849,1.8431787257943428e-13,0.1813729853460309,0.3130402467862178,San Antonio,1,28.044364567791916,19.88622539645044,36.75765704818858,98622,sanantonio,60,12,5,True,significant_enhancement
post2,0.1843442911031339,0.0284105828324906,6.4885782945753485,8.665012447162998e-11,0.1286605719716602,0.2400280102346075,San Antonio,2,20.24297376994888,13.73040257800382,27.128475880704865,98622,sanantonio,60,12,5,True,significant_enhancement
post3,0.0431165638171247,0.0467692339324477,0.9219001508427784,0.3565806604707677,-0.0485494502750013,0.1347825779092508,San Antonio,3,4.405958732880966,-4.738976869681444,14.428796382124176,98622,sanantonio,60,12,5,False,not_significant
post4,0.0541824459431643,0.0458242970522154,1.182395572406162,0.2370487791993406,-0.0356315258960429,0.1439964177823715,San Antonio,4,5.567718860658988,-3.500419605491789,15.487997148611113,98622,sanantonio,60,12,5,False,not_significant
post5,-0.0194922062387394,0.0236299693505425,-0.8248934202824894,0.4094321021888579,-0.0658060951215881,0.0268216826441092,San Antonio,5,-1.930346152642892,-6.368759776698574,2.7184621586050284,98622,sanantonio,60,12,5,False,not_significant
post6,0.03140560691001,0.0607105568857722,0.5173005902268384,0.6049463421021724,-0.0875848980674738,0.1503961118874939,San Antonio,6,3.1903966394379646,-8.385891025889492,16.229455024374605,98622,sanantonio,60,12,5,False,not_significant
post7,0.0680202884384985,0.092621063373157,0.7343933006302734,0.4627090686614347,-0.1135136599826911,0.2495542368596882,San Antonio,7,7.038702473980019,-10.730799782939949,28.345317303779737,98622,sanantonio,60,12,5,False,not_significant
post8,0.0020972665395131,0.0600587215354134,0.0349202661311484,0.972143320431708,-0.1156156646274172,0.1198101977064435,San Antonio,8,0.209946734126909,-10.918246979969371,12.728287039867014,98622,sanantonio,60,12,5,False,not_significant
post9,0.0359494971666169,0.0359488188684644,1.0000188684405749,0.3173013767285871,-0.0345088931023272,0.1064078874355611,San Antonio,9,3.660349375542471,-3.392025179776781,11.22754671812196,98622,sanantonio,60,12,5,False,not_significant
post10,-0.0488448735172641,0.0354115814877128,-1.379347418702901,0.1677876628621215,-0.1182502978687866,0.0205605508342583,San Antonio,10,-4.767115033457436,-11.152635827770386,2.077337505139587,98622,sanantonio,60,12,5,False,not_significant
post11,-0.009543502286055,0.0590679079206675,-0.1615683138612703,0.871645811290495,-0.1253144744526916,0.1062274698805815,San Antonio,11,-0.9498107591011884,-11.778057651351649,11.207481126243657,98622,sanantonio,60,12,5,False,not_significant
post12,-0.0277252662649628,0.0550397141723692,-0.5037320175416427,0.6144497058436003,-0.1356011237621853,0.0801505912322595,San Antonio,12,-2.73444486102058,-12.680914188098155,8.345021349322712,98622,sanantonio,60,12,5,False,not_significant
post1,0.2760126843748926,0.3607839589626678,0.7650359100456932,0.4442501615545445,-0.431110881391713,0.9831362501414982,San Bernardino,1,31.786458020967917,-35.02131424909373,167.28257607872754,38353,sanbernardino,61,13,1,False,not_significant
post2,0.1526277940262199,0.476655336179443,0.3202057806581678,0.748812341388171,-0.78159949792432,1.08685508597676,San Bernardino,2,16.48913187346468,-54.2326622079369,196.4934929421804,38353,sanbernardino,61,13,1,False,not_significant
post3,-1.6219671024740792,0.9319393706217344,-1.7404212694566163,0.0817850734581809,-3.448534704667604,0.2046004997194452,San Bernardino,3,-80.24902053041728,-96.82078127920956,22.70347662990848,38353,sanbernardino,61,13,1,False,not_significant
post4,0.6806179905199043,0.136160991838005,4.998626855844711,5.774001512585205e-07,0.4137473504181623,0.9474886306216465,San Bernardino,4,97.50979469581486,51.24749524440462,157.92241344390865,38353,sanbernardino,61,13,1,True,significant_enhancement
post5,-0.523354813805941,0.2506835359520121,-2.087711152702608,0.0368238981968199,-1.0146855157890364,-0.0320241118228454,San Bernardino,5,-40.747061591250166,-63.74835824025757,-3.151677009840126,38353,sanbernardino,61,13,1,True,significant_suppression
post6,0.7240929203085473,0.4474330564332359,1.61832683101409,0.1055921813144187,-0.1528597557932725,1.6010455964103671,San Bernardino,6,106.28590734843554,-14.174992202707148,395.8214005767864,38353,sanbernardino,61,13,1,False,not_significant
post7,0.2132672965427961,0.437832617253808,0.4870977815231314,0.6261890384961887,-0.6448688645315775,1.0714034576171698,San Bernardino,7,23.771544409090996,-47.52686515138045,191.94739840885643,38353,sanbernardino,61,13,1,False,not_significant
post8,-0.1292235022827759,0.5052580627749155,-0.2557574273492455,0.7981381488030428,-1.119511108220088,0.8610641036545359,San Bernardino,8,-12.122246519004031,-67.35606508681519,136.56766800339386,38353,sanbernardino,61,13,1,False,not_significant
post9,0.969388786385527,0.4303342984025644,2.2526412372520066,0.0242817788123115,0.1259490602041884,1.8128285125668653,San Bernardino,9,163.63326044303884,13.422438965260833,512.7755375910623,38353,sanbernardino,61,13,1,True,significant_enhancement
post10,0.2762416058253483,0.2723908711070094,1.0141367979869862,0.3105174813754077,-0.2576346912618819,0.8101179029125787,San Bernardino,10,31.816630221488683,-22.71224805458769,124.81730372001168,38353,sanbernardino,61,13,1,False,not_significant
post11,-0.4169055747346997,0.3047471617596374,-1.3680375965684128,0.1713003081107585,-1.014199036174391,0.1803878867049915,San Bernardino,11,-34.09168488926244,-63.73071826514779,19.768183789592157,38353,sanbernardino,61,13,1,False,not_significant
post12,-0.129223502282775,0.3966624298656054,-0.325777014794564,0.7445930703837194,-0.9066675788395068,0.6482205742739566,San Bernardino,12,-12.122246519003957,-59.61321582178844,91.2135297227492,38353,sanbernardino,61,13,1,False,not_significant
post1,0.768132707901085,0.1190727803170474,6.450951307728159,1.1115021088057904e-10,0.5347543469406222,1.0015110688615478,San Jose,1,115.573710229582,70.70288538838996,172.23924444166713,82185,sanjose,64,13,4,True,significant_enhancement
post2,0.2961469174512199,0.1803300533281912,1.642249375439645,0.1005383338705741,-0.057293492402222,0.649587327304662,San Jose,2,34.46676974714642,-5.568312113737662,91.47505007016304,82185,sanjose,64,13,4,False,not_significant
post3,0.571852798856293,0.1281944740152286,4.460822537392375,8.164567925531402e-06,0.3205962467693892,0.8231093509431968,San Jose,3,77.15463315894031,37.79491171566283,127.75706053964106,82185,sanjose,64,13,4,True,significant_enhancement
post4,0.1783638817948638,0.1678886859781971,1.0623936970834775,0.2880569939598479,-0.1506918961341572,0.507419659723885,San Jose,4,19.5260175530223,-13.988733812480216,66.09997161230442,82185,sanjose,64,13,4,False,not_significant
post5,0.6638716975766373,0.1979966218418394,3.3529445674428784,0.0007995671850445956,0.2758054497060356,1.051937945447239,San Jose,5,94.22977852367536,31.759150127648937,186.31944596491104,82185,sanjose,64,13,4,True,significant_enhancement
post6,0.3725198962357839,0.1545113022255108,2.4109556444750395,0.0159107833088194,0.0696833086693993,0.6753564838021686,San Jose,6,45.13873560009309,7.216858098828327,96.47332467228796,82185,sanjose,64,13,4,True,significant_enhancement
post7,0.1603453762921599,0.1325782584023875,1.2094394527758587,0.2264940591923149,-0.0995032353095643,0.4201939878938842,San Jose,7,17.391624382429605,-9.471297901998742,52.22568263739309,82185,sanjose,64,13,4,False,not_significant
post8,0.1960634588943432,0.0899464015712395,2.1797810192446296,0.0292736975550607,0.0197717512757368,0.3723551665129496,San Jose,8,21.660410723621524,1.9968506945341025,45.1148289055308,82185,sanjose,64,13,4,True,significant_enhancement
post9,0.4570772842639266,0.1335658577175491,3.4221116988632296,0.0006213678110291409,0.195293013573329,0.7188615549545241,San Jose,9,57.94509462364328,21.5667141281134,105.20956821602935,82185,sanjose,64,13,4,True,significant_enhancement
post10,0.5597314383242478,0.0491209613069115,11.394960998971555,4.4302834635316885e-30,0.4634561232767156,0.6560067533717798,San Jose,10,75.0202399884031,58.95582115886617,92.70816370407348,82185,sanjose,64,13,4,True,significant_enhancement
post11,0.3273994609551984,0.0820105566133987,3.992162405366585,6.54735057779102e-05,0.1666617236408537,0.488137198269543,San Jose,11,38.735556088308186,18.13545733850632,62.92783688118296,82185,sanjose,64,13,4,True,significant_enhancement
post12,0.3577048104506828,0.0802530296497495,4.457212544022619,8.30322678668558e-06,0.2004117626869486,0.514997858214417,San Jose,12,43.00434242950912,22.19057897994388,67.36349172265538,82185,sanjose,64,13,4,True,significant_enhancement
post1,-0.1618685042754302,0.0748331293736945,-2.1630594047070613,0.0305366108949114,-0.308538742698298,-0.0151982658525625,Scottsdale,1,-14.944695872450698,-26.548050561925752,-1.5083355094737685,10958,scottsdale,66,14,1,True,significant_suppression
post2,-0.2689496702741724,0.0118458823513814,-22.70406393516204,4.084401009931783e-114,-0.2921671730479787,-0.2457321675003661,Scottsdale,2,-23.58182842634165,-25.335629316461173,-21.78683228426963,10958,scottsdale,66,14,1,True,significant_suppression
post3,-0.0078470977817172,0.0339093949810004,-0.2314136771273572,0.8169934407012551,-0.0743082906820213,0.0586140951185868,Scottsdale,3,-0.7816389685561531,-7.1614562861176845,6.036596137320727,10958,scottsdale,66,14,1,False,not_significant
post4,-0.1990972853199835,0.0032105561149394,-62.01333295298619,0.0,-0.2053898596756096,-0.1928047109643574,Scottsdale,4,-18.052983296252776,-18.56702198257888,-17.535699784826665,10958,scottsdale,66,14,1,True,significant_suppression
post5,0.0034980686999559,0.0811140891597829,0.0431252910091273,0.9656016587400224,-0.1554826246919894,0.1624787620919013,Scottsdale,5,0.350419408252467,-14.399804990274356,17.64233334127363,10958,scottsdale,66,14,1,False,not_significant
post6,-0.1194636424348652,0.0230032061458373,-5.193347469804047,2.065461718630491e-07,-0.1645490980096569,-0.0743781868600736,Scottsdale,6,-11.260372919973882,-15.172389274661624,-7.167945118724283,10958,scottsdale,66,14,1,True,significant_suppression
post7,-0.0157105618537375,0.0070757185992807,-2.2203485954535624,0.0263951135774162,-0.0295787154730679,-0.0018424082344071,Scottsdale,7,-1.5587794731176663,-2.9145546634229635,-0.1840712042208814,10958,scottsdale,66,14,1,True,significant_suppression
post8,-0.0925433345075242,0.0275402585136228,-3.360292876762488,0.0007785988663479343,-0.1465212493191475,-0.0385654196959009,Scottsdale,8,-8.839029404915898,-13.629262105398087,-3.783124210668853,10958,scottsdale,66,14,1,True,significant_suppression
post9,-0.2434925470704213,0.0368647794475726,-6.605018413760083,3.9746793768451256e-11,-0.315746187085676,-0.1712389070551666,Scottsdale,9,-21.61146817474232,-27.0755481643259,-15.737975849775754,10958,scottsdale,66,14,1,True,significant_suppression
post10,-0.1222112086759154,0.0610840608678173,-2.0007053712485483,0.0454241502527521,-0.2419337680062898,-0.0024886493455409,Scottsdale,10,-11.50385627708247,-21.48918248904248,-0.2485555225017699,10958,scottsdale,66,14,1,True,significant_suppression
post11,-0.3324142996510354,0.0295980552111705,-11.230950725626704,2.8736961921150837e-29,-0.3904254218773578,-0.2744031774247131,Scottsdale,11,-28.28098703252714,-32.32310990489956,-23.99744116786892,10958,scottsdale,66,14,1,True,significant_suppression
post12,-0.0114487048209295,0.0714888503153113,-0.1601467189699293,0.8727654996535186,-0.1515642767351146,0.1286668670932555,Scottsdale,12,-1.1383417788069838,-14.063735652734078,13.73111852697062,10958,scottsdale,66,14,1,False,not_significant
post1,0.0418393027037339,0.0570220210821322,0.7337393854116514,0.4631075894440903,-0.0699218049429289,0.1536004103503968,St. Louis,1,4.272690189267192,-6.7533268655471606,16.60248622092244,38353,stlouis,68,14,3,False,not_significant
post2,0.2364754991018391,0.0243224934455647,9.722502326132226,2.4176575999966062e-22,0.1888042879343207,0.2841467102693575,St. Louis,2,26.67765180774497,20.780454742708176,32.86278398031188,38353,stlouis,68,14,3,True,significant_enhancement
post3,0.2396682438817449,0.0209476749901328,11.44128138300018,2.6001653389993813e-30,0.1986115553412342,0.2807249324222556,St. Louis,3,27.08274755884128,21.970808477675053,32.40893397915128,38353,stlouis,68,14,3,True,significant_enhancement
post4,0.2056718338073286,0.1435262682012685,1.432990883027159,0.1518604427810246,-0.075634482702594,0.4869781503172514,St. Louis,4,22.83500348914773,-7.284496416539598,62.73910510119447,38353,stlouis,68,14,3,False,not_significant
post5,0.4363816255049965,0.0694494850723642,6.283439323564464,3.3116349713724086e-10,0.3002631360183105,0.5725001149916825,St. Louis,5,54.70990945787264,35.021405078450194,77.2693453349588,38353,stlouis,68,14,3,True,significant_enhancement
post6,0.3956561006129759,0.025657420165098,15.4207281194697,1.1875783185940716e-53,0.3453684811531721,0.4459437200727797,St. Louis,6,48.535841585831065,41.25103072121388,56.19635568646915,38353,stlouis,68,14,3,True,significant_enhancement
post7,0.7184294928760686,0.280088172148135,2.565011893812141,0.0103172268350928,0.1694667629700695,1.2673922227820675,St. Louis,7,105.12092409472764,18.46729713677524,255.1578749441561,38353,stlouis,68,14,3,True,significant_enhancement
post8,1.0939558490084391,0.1517672082096403,7.208117365493916,5.673072512401908e-13,0.7964975868833527,1.391414111133526,St. Louis,8,198.60631542436923,121.77597990719444,302.0531513314953,38353,stlouis,68,14,3,True,significant_enhancement
post9,1.1233121645191655,0.1156130097200349,9.716139794642013,2.573534054220222e-22,0.896714829323618,1.3499094997147134,St. Louis,9,207.5022334607716,145.15361530628442,285.7076448382237,38353,stlouis,68,14,3,True,significant_enhancement
post10,1.064766441628308,0.2236347907173277,4.761184242456097,1.924602412698273e-06,0.6264503061321933,1.5030825771244227,St. Louis,10,190.0161547943494,87.09574517738903,349.55255375772623,38353,stlouis,68,14,3,True,significant_enhancement
post11,0.7161911828357989,0.3269273590142832,2.190673747817199,0.0284754101459153,0.0754253336070076,1.35695703206459,St. Louis,11,104.66231331888024,7.834270875158644,288.4355330925206,38353,stlouis,68,14,3,True,significant_enhancement
post12,0.3876025528433052,0.0643681866772966,6.021647848905718,1.726502111538099e-09,0.2614432252056528,0.5137618804809576,St. Louis,12,47.34440517480696,29.88032001940204,67.15676195650349,38353,stlouis,68,14,3,True,significant_enhancement
post1,-0.5030136310087345,0.0030233684651211,-166.3752323978052,0.0,-0.5089393243123662,-0.4970879377051028,St. Petersburg,1,-39.52944484087122,-39.886715221865096,-39.170051100197256,43832,stpetersburg,69,14,4,True,significant_suppression
post2,-0.2600467377903434,0.1508272878285632,-1.7241358744441773,0.0846833171383936,-0.5556627898201837,0.0355693142394968,St. Petersburg,2,-22.89844506016574,-42.63081019899867,3.620946971025929,43832,stpetersburg,69,14,4,False,not_significant
post3,-0.0800753583416427,0.0478887825053903,-1.672110965289823,0.0945024427656178,-0.1739356473156796,0.0137849306323942,St. Petersburg,3,-7.695321550930368,-15.964902524059356,1.3880380876034604,43832,stpetersburg,69,14,4,False,not_significant
post4,-0.2886201102333744,0.1008867064475531,-2.8608339036562374,0.0042252835306123,-0.4863544213894434,-0.0908857990773054,St. Petersburg,4,-25.07031984712652,-38.5136152208201,-8.687801568176601,43832,stpetersburg,69,14,4,True,significant_suppression
post5,-0.1318195267076296,0.0658444132130661,-2.00198498665444,0.0452863462456377,-0.2608722051884126,-0.0027668482268467,St. Petersburg,5,-12.3500834503667,-22.96206361897346,-0.2763024030095318,43832,stpetersburg,69,14,4,True,significant_suppression
post6,0.0397135409481452,0.1216313597658501,0.3265074157240114,0.7440404795322058,-0.1986795435835552,0.2781066254798456,St. Petersburg,6,4.0512667224611,-18.018743455992603,32.062700219006835,43832,stpetersburg,69,14,4,False,not_significant
post7,0.0606464993119858,0.036391421310669,1.666505377579353,0.0956127980127509,-0.0106793758031488,0.1319723744271206,St. Petersburg,7,6.252324509329421,-1.0622553724041084,14.107679593162503,43832,stpetersburg,69,14,4,False,not_significant
post8,-0.3202556705836332,0.0348216906018402,-9.197016717123685,3.6802522215255134e-20,-0.3885049300440368,-0.2520064111232295,St. Petersburg,8,-27.40365941431904,-32.19301210427206,-22.276024492687576,43832,stpetersburg,69,14,4,True,significant_suppression
post9,0.1256197714689814,0.1566235096240147,0.8020492694266665,0.4225244586296236,-0.1813566665263498,0.4325962094643127,St. Petersburg,9,13.38509638237324,-16.586220339668657,54.12537513575846,43832,stpetersburg,69,14,4,False,not_significant
post10,-0.0106306647862256,0.0199463062664191,-0.5329640808796281,0.5940584448664403,-0.0497247066930127,0.0284633771205614,St. Petersburg,10,-1.0574358968713835,-4.850867235687462,2.8872329877240865,43832,stpetersburg,69,14,4,False,not_significant
post11,-0.0933223806312528,0.0454903789794769,-2.0514751190214406,0.0402207002239184,-0.1824818850741054,-0.0041628761884001,St. Petersburg,11,-8.910020349492786,-16.680026285688243,-0.4154223430271164,43832,stpetersburg,69,14,4,True,significant_suppression
post12,-0.1107141233431385,0.0412126660225672,-2.686410126501251,0.0072224375444066,-0.1914894644542479,-0.0299387822320292,St. Petersburg,12,-10.48053724002026,-17.42716754408018,-2.9495056123525543,43832,stpetersburg,69,14,4,True,significant_suppression
post1,-0.1642654429674887,0.1147081957183422,-1.4320288270493828,0.1521355715072384,-0.3890893753070111,0.0605584893720337,Tallahassee,1,-15.148324082219078,-32.23262999877118,6.242973660119455,27395,tallahassee,70,14,5,False,not_significant
post2,-0.085628238004393,0.0454631134257241,-1.883466211443904,0.0596372147005571,-0.1747343029438717,0.0034778269350855,Tallahassee,2,-8.206457870047036,-16.03199083383007,0.3483881592162507,27395,tallahassee,70,14,5,False,not_significant
post3,-0.026218879651666,0.0847803069323807,-0.3092567201081002,0.7571262506357667,-0.1923852278373837,0.1399474685340515,Tallahassee,3,-2.5878149178603205,-17.501100145833693,15.02133748754253,27395,tallahassee,70,14,5,False,not_significant
post4,-0.1233096401524389,0.0525079030145251,-2.348401537161521,0.0188541834212417,-0.2262232389646303,-0.0203960413402475,Tallahassee,4,-11.60100985885414,-20.245996022149328,-2.018944902821207,27395,tallahassee,70,14,5,True,significant_suppression
post5,-0.3360904044309727,0.1127025573940218,-2.9821009585076217,0.0028627757671796,-0.5569833578888139,-0.1151974509731316,Tallahassee,5,-28.544149635897853,-42.70652011811968,-10.880983983104777,27395,tallahassee,70,14,5,True,significant_suppression
post6,-0.0363366126468327,0.0780272835783656,-0.4656911144463799,0.6414366134548246,-0.1892672782719229,0.1165940529782573,Tallahassee,6,-3.568436199467251,-17.243471308735934,12.366318936693666,27395,tallahassee,70,14,5,False,not_significant
post7,-0.1600908137341908,0.1179594662771392,-1.3571680068309766,0.1747278337909061,-0.3912871192729507,0.071105491804569,Tallahassee,7,-14.79335938795664,-32.38140178624824,7.369448586312122,27395,tallahassee,70,14,5,False,not_significant
post8,-0.0432847074233204,0.0821122616401025,-0.5271406067590373,0.5980959497549132,-0.2042217829270513,0.1176523680804103,Tallahassee,8,-4.236129559694635,-18.47184643904264,12.485300858074556,27395,tallahassee,70,14,5,False,not_significant
post9,-0.2044823130160819,0.1168149788323436,-1.7504802471398897,0.0800354796727027,-0.4334354643822842,0.0244708383501203,Tallahassee,9,-18.49308420948913,-35.172187170487405,2.4772706608583883,27395,tallahassee,70,14,5,False,not_significant
post10,-0.2616407268559995,0.0553386546649081,-4.727992186299268,2.267509088815411e-06,-0.3701024969521189,-0.15317895675988,Tallahassee,10,-23.021246197848452,-30.933646389808555,-14.20238325629718,27395,tallahassee,70,14,5,True,significant_suppression
post11,0.1078923720258873,0.1096818221337494,0.9836850804166984,0.3252703777654795,-0.1070800491149897,0.3228647931667644,Tallahassee,11,11.39278491367779,-10.154625031587594,38.10786070164856,27395,tallahassee,70,14,5,False,not_significant
post12,-0.2269551688682658,0.1361207105471808,-1.6673081411046624,0.0954531486696569,-0.4937468590907416,0.0398365213542099,Tallahassee,12,-20.304349004843804,-38.966473563913695,4.064063776371496,27395,tallahassee,70,14,5,False,not_significant
post1,-0.3787653421246504,0.1029873861314295,-3.677783817537429,0.00023526922621384288,-0.5806169098041722,-0.1769137744451286,Tampa,1,-31.52937344661805,-44.04469337057597,-16.214797433575413,54790,tampa,71,15,1,True,significant_suppression
post2,-0.2692724444354135,0.1594579185247366,-1.6886740208742992,0.0912819168448823,-0.5818042217936197,0.0432593329227926,Tampa,2,-23.606490257259917,-44.111090352244055,4.420865742340552,54790,tampa,71,15,1,False,not_significant
post3,-0.2169044589315879,0.0904859652757266,-2.397106095631978,0.016525138082286,-0.3942536919783541,-0.0395552258848217,Tampa,3,-19.499312315187836,-32.581700027544414,-3.8783131527302617,54790,tampa,71,15,1,True,significant_suppression
post4,-0.3475246413515677,0.121707920124505,-2.8553987365494065,0.0042982827368155,-0.5860677814288752,-0.1089815012742602,Tampa,4,-29.356539378840186,-44.34886879998727,-10.325299397827605,54790,tampa,71,15,1,True,significant_suppression
post5,-0.1013915718116149,0.1316695530503556,-0.7700456898554127,0.4412727904191128,-0.359459153650798,0.156676010027568,Tampa,5,-9.642085251910537,-30.194623617637404,16.961660845451764,54790,tampa,71,15,1,False,not_significant
post6,0.010026077923099,0.1823218426038932,0.0549910958550447,0.9561455575384734,-0.3473181671755121,0.3673703230217102,Tampa,6,1.0076507438200766,-29.34195182258972,44.39325415795084,54790,tampa,71,15,1,False,not_significant
post7,-0.1705578589624594,0.2242640174963503,-0.760522623586885,0.4469422513845522,-0.6101072562835667,0.2689915383586476,Tampa,7,-15.68056981302355,-45.67074055951718,30.864406772285857,54790,tampa,71,15,1,False,not_significant
post8,0.2349072491325048,0.171029722286484,1.3734878709504217,0.1696007293171395,-0.1003048468348912,0.5701193450999009,Tampa,8,26.47914527879516,-9.54383767473006,76.84780980350783,54790,tampa,71,15,1,False,not_significant
post9,0.018850916400005,0.1429255163914069,0.1318932887279629,0.8950686970730851,-0.2612779481989417,0.2989797809989518,Tampa,9,1.90297166737452,-22.99331488278597,34.8482358231059,54790,tampa,71,15,1,False,not_significant
post10,-0.056968324627052,0.1235001301738466,-0.4612814945770489,0.6445966598903643,-0.2990241318537999,0.1850874825996957,Tampa,10,-5.537600979017066,-25.84584855523214,20.332370540921275,54790,tampa,71,15,1,False,not_significant
post11,0.0462159116080982,0.0714663061474496,0.6466811298844145,0.5178383383388707,-0.0938554745490165,0.186287297765213,Tampa,11,4.730051088472664,-8.958566922522593,20.47683379126799,54790,tampa,71,15,1,False,not_significant
post12,0.0559720865529675,0.062338538432992,0.8978729363880121,0.3692532945243384,-0.0662092036245629,0.178153376730498,Tampa,12,5.7568162951699975,-6.406495719425964,19.500859369059388,54790,tampa,71,15,1,False,not_significant
post1,-0.3185602188064715,0.045447653680316,-7.009387570308037,2.3936354695930197e-12,-0.4076359832017402,-0.2294844544112029,Tucson,1,-27.28047141951449,-33.47790136322855,-20.505667359614456,76706,tucson,72,15,2,True,significant_suppression
post2,-0.3012042251775879,0.0241146519423218,-12.49050684612893,8.411605231260279e-36,-0.3484680744842577,-0.2539403758709181,Tucson,2,-26.00733543353576,-29.42315533140861,-22.42619466265572,76706,tucson,72,15,2,True,significant_suppression
post3,-0.2422363751176796,0.0291918378133786,-8.298085809680074,1.058022486163832e-16,-0.2994513258744363,-0.185021424360923,Tucson,3,-21.51293682644535,-25.877519999927166,-16.891352183527786,76706,tucson,72,15,2,True,significant_suppression
post4,-0.3290506683528547,0.0630063134172679,-5.222503119229836,1.7652058286479217e-07,-0.4525407734493427,-0.2055605632563667,Tucson,4,-28.03934454554789,-36.39898606846393,-18.58092169711889,76706,tucson,72,15,2,True,significant_suppression
post5,-0.3669887183368541,0.0602061261436166,-6.095537810578169,1.0907012729006255e-09,-0.4849905572270181,-0.2489868794466901,Tucson,5,-30.71825388664795,-38.42969893194106,-22.04097980275973,76706,tucson,72,15,2,True,significant_suppression
post6,-0.3241064620347373,0.0417762033011373,-7.758159823631316,8.617051780155675e-15,-0.4059863159157897,-0.2422266081536849,Tucson,6,-27.682675221401237,-33.36807146682875,-21.51217024238169,76706,tucson,72,15,2,True,significant_suppression
post7,-0.3088292667749766,0.0768195863089361,-4.020189142037228,5.815143498550431e-05,-0.4593928892477575,-0.1582656443021956,Tucson,7,-26.569387022188696,-36.833297904026765,-14.637700823693256,76706,tucson,72,15,2,True,significant_suppression
post8,-0.435146260541368,0.0628508535633498,-6.92347415938858,4.406995650668018e-12,-0.5583316699231345,-0.3119608511596015,Tucson,8,-35.282999527972805,-42.783717551723086,-26.798981498272777,76706,tucson,72,15,2,True,significant_suppression
post9,-0.4341864201005475,0.1152038228089985,-3.768854275091238,0.0001639985934792356,-0.6599817636875185,-0.2083910765135764,Tucson,9,-35.22085171248921,-48.31392399599152,-18.81105362825633,76706,tucson,72,15,2,True,significant_suppression
post10,-0.3088926799176498,0.103008640396606,-2.998706503923795,0.0027112834911216,-0.5107859051914352,-0.1069994546438643,Tucson,10,-26.5740433404886,-39.99761683819909,-10.1473836993072,76706,tucson,72,15,2,True,significant_suppression
post11,-0.3237353385632652,0.0638156022980329,-5.072981009430103,3.916315967358386e-07,-0.4488116207191413,-0.1986590564073891,Tucson,11,-27.65583158393796,-36.161365387185576,-18.017063874342583,76706,tucson,72,15,2,True,significant_suppression
post12,-0.4370640238704248,0.0868904957035832,-5.030055592747651,4.903376435775955e-07,-0.6073662660482804,-0.2667617816925693,Tucson,12,-35.40699248566901,-45.52162031469504,-23.4144509464578,76706,tucson,72,15,2,True,significant_suppression
post1,0.255276892374621,0.0434426980659507,5.876174909465405,4.198547084588767e-09,0.1701307687741097,0.3404230159751322,Virginia Beach,1,29.08189893294677,18.54598623177972,40.554203155878014,54790,virginiabeach,73,15,3,True,significant_enhancement
post2,0.3189311076765565,0.0546873634219699,5.83189767653765,5.480052253637581e-09,0.2117458449600423,0.4261163703930707,Virginia Beach,2,37.565654946547376,23.583375178434878,53.12989626273617,54790,virginiabeach,73,15,3,True,significant_enhancement
post3,0.3113711578910668,0.0683846238691182,4.553233464981865,5.282759043570194e-06,0.1773397580112769,0.4454025577708566,Virginia Beach,3,36.529586749231854,19.40367077550458,56.11185097451838,54790,virginiabeach,73,15,3,True,significant_enhancement
post4,0.3045914709056358,0.0356879231096393,8.534861218173974,1.4032376263959917e-17,0.2346444269277079,0.3745385148835636,Virginia Beach,4,35.6070895414597,26.44590811889529,45.432011264566064,54790,virginiabeach,73,15,3,True,significant_enhancement
post5,-0.0608683025887698,0.0359708790043614,-1.6921549951945756,0.0906164249283118,-0.1313699299295662,0.0096333247520265,Virginia Beach,5,-5.9052848079611415,-12.31066747030358,0.9679874581383308,54790,virginiabeach,73,15,3,False,not_significant
post6,0.0656841032226384,0.0915512215085967,0.7174574204503719,0.4730919003045953,-0.1137529936748599,0.2451212001201368,Virginia Beach,6,6.788932108252266,-10.752162353731409,27.77761704457049,54790,virginiabeach,73,15,3,False,not_significant
post7,0.3620985256736393,0.0174169307772329,20.790030706613734,5.3276765768410265e-96,0.3279619686290355,0.3962350827182432,Virginia Beach,7,43.63404513996305,38.81361785635538,48.62186608101864,54790,virginiabeach,73,15,3,True,significant_enhancement
post8,0.1597884758080672,0.0349606699538492,4.570520988842607,4.865131896559094e-06,0.091266821823131,0.2283101297930033,Virginia Beach,8,17.326267130414386,9.556128592296332,25.647493532601008,54790,virginiabeach,73,15,3,True,significant_enhancement
post9,0.4200715740716694,0.113262659601871,3.708826682582421,0.00020822188917238085,0.1980808404587824,0.6420623076845564,Virginia Beach,9,52.20704925025754,21.90609392839744,90.03960421435247,54790,virginiabeach,73,15,3,True,significant_enhancement
post10,0.2845859667724347,0.0411972826649051,6.907881985499629,4.919429471032219e-12,0.2038407764883043,0.3653311570565652,Virginia Beach,10,32.9211576417588,22.610291350163948,44.0991123523798,54790,virginiabeach,73,15,3,True,significant_enhancement
post11,0.3275110114894486,0.0548536276913383,5.970635403229021,2.363313494997136e-09,0.2199998767930565,0.4350221461858408,Virginia Beach,11,38.75103297692088,24.607657706208496,54.49972743692282,54790,virginiabeach,73,15,3,True,significant_enhancement
post12,0.1430787852111366,0.1852821438680334,0.772221123008184,0.4399834729333213,-0.2200675437485775,0.5062251141708509,Virginia Beach,12,15.382070209278709,-19.753540533487225,65.90167608995267,54790,virginiabeach,73,15,3,False,not_significant
post1,0.3464281836904089,0.0495032220334906,6.998093648450566,2.5946864606798065e-12,0.2494036513860776,0.4434527159947402,Visalia,1,41.40079413517637,28.325991818493044,55.80775413244976,10958,visalia,74,15,4,True,significant_enhancement
post2,0.4558043835354226,0.0040909353117936,111.4181351686004,0.0,0.4477862976612239,0.4638224694096213,Visalia,2,57.74417410070212,56.48442490429424,59.01406467724301,10958,visalia,74,15,4,True,significant_enhancement
post3,0.5652075435805873,0.0782059214686607,7.227170692018272,4.931601081791234e-13,0.4119267541242445,0.7184883330369302,Visalia,3,75.98129827106435,50.97238512332108,105.1329937979856,10958,visalia,74,15,4,True,significant_enhancement
post4,0.4720486592090771,0.1303224585812037,3.6221589459574552,0.00029215450961628253,0.2166213340132049,0.7274759844049493,Visalia,4,60.32753959412516,24.187375773972185,106.98496761128229,10958,visalia,74,15,4,True,significant_enhancement
post5,0.2626762782628866,0.1267612469591675,2.072212798186659,0.0382456003953274,0.0142287995875309,0.5111237569382423,Visalia,5,30.04056812197917,1.4330510793285178,66.71636293639378,10958,visalia,74,15,4,True,significant_enhancement
post6,0.0429570735173648,0.0850599826136111,0.5050209534194161,0.6135441191334295,-0.1237574289309161,0.2096715759656458,Visalia,6,4.389308323050667,-11.640585073338292,23.327295695762,10958,visalia,74,15,4,False,not_significant
post7,0.3040833021202707,0.161500945201494,1.8828577240887727,0.0597196517792661,-0.0124527339438344,0.6206193381843759,Visalia,7,35.53819575779826,-1.2375519495151257,86.00797035618896,10958,visalia,74,15,4,False,not_significant
post8,-0.059882075081023,0.0404832375307902,-1.4791819709448544,0.1390916867577076,-0.1392277626189521,0.019463612456906,Visalia,8,-5.812440236095185,-12.997015438641702,1.965426347215904,10958,visalia,74,15,4,False,not_significant
post9,0.2284581697051822,0.0148971140719568,15.33573339115688,4.41260815775324e-53,0.1992603626505619,0.2576559767598025,Visalia,9,25.66609575341068,22.049969707155228,29.38936125749461,10958,visalia,74,15,4,True,significant_enhancement
post10,0.1958485453136881,0.0157348038671156,12.446837403737495,1.4549708390230342e-35,0.16500889643034,0.2266881941970363,Visalia,10,21.63426705854392,17.940361114678716,25.443866569845746,10958,visalia,74,15,4,True,significant_enhancement
post11,0.4265876941135284,0.0308893122823896,13.810203678659766,2.2120526398262767e-43,0.3660457545328339,0.4871296336942229,Visalia,11,53.20208702642928,44.20212201523843,62.763759237699325,10958,visalia,74,15,4,True,significant_enhancement
post12,0.2173586277322475,0.1148293284878142,1.892884253479839,0.0583732637516347,-0.0077027204727876,0.4424199759372826,Visalia,12,24.27897210866652,-0.767313054450447,55.64692828343707,10958,visalia,74,15,4,False,not_significant
post1,0.1825614521792673,0.0528458668042202,3.4546022843301736,0.0005511051274332229,0.0789854565111948,0.2861374478473397,Washington,1,20.0287908995014,8.218858315832156,33.12754236188924,38353,washington,75,15,5,True,significant_enhancement
post2,0.2708512001012557,0.1812859436425923,1.494055163125292,0.13516120175639,-0.084462720341583,0.6261651205440945,Washington,2,31.10799673029081,-8.099408503517214,87.04239577487176,38353,washington,75,15,5,False,not_significant
post3,0.007715429873457,0.1217239638035273,0.0633846420406613,0.9494602165346124,-0.2308591552369136,0.2462900149838276,Washington,3,0.7745270497568901,-20.61487320445385,27.92705273693603,38353,washington,75,15,5,False,not_significant
post4,-0.0148918398089043,0.2187964404209723,-0.0680625323714219,0.9457358559989012,-0.4437249829795736,0.413941303361765,Washington,4,-1.4781504738862972,-35.83581410032999,51.27683298629855,38353,washington,75,15,5,False,not_significant
post5,-0.1550558663591279,0.0372964517005806,-4.157389223080273,3.219052816673818e-05,-0.2281555684434036,-0.0819561642748522,Washington,5,-14.363266597782188,-20.39995823431875,-7.868765579412596,38353,washington,75,15,5,True,significant_suppression
post6,0.0460365920784613,0.1113578471057882,0.4134112976764659,0.6793052986821052,-0.1722207776448013,0.2642939618017241,Washington,6,4.71127262869524,-15.82066964916361,30.251102851782186,38353,washington,75,15,5,False,not_significant
post7,0.0403145073989735,0.0706934421573028,0.5702722369815871,0.5684930680614704,-0.0982420931725055,0.1788711079704526,Washington,7,4.113816836304896,-9.357056318874148,19.58665965611994,38353,washington,75,15,5,False,not_significant
post8,0.0339774882468587,0.0261290909381578,1.3003700866316563,0.1934741572319687,-0.0172345889407024,0.0851895654344199,Washington,8,3.4561316676998466,-1.7086922950575012,8.892346938489727,38353,washington,75,15,5,False,not_significant
post9,0.0086667035315047,0.0328493865373015,0.2638315184870637,0.7919097465451427,-0.0557169109958411,0.0730503180588507,Washington,9,0.870436813724984,-5.419315448619377,7.57846669490152,38353,washington,75,15,5,False,not_significant
post10,0.2604630595326226,0.0515988205247855,5.0478490958433655,4.4681183865598473e-07,0.1593312296592969,0.3615948894059483,Washington,10,29.753078157356548,17.272632409688637,43.561724038848816,38353,washington,75,15,5,True,significant_enhancement
post11,-0.0844766281877204,0.0575022939779053,-1.469100140947068,0.1418056295506073,-0.1971790534128493,0.0282257970374083,Washington,11,-8.100686633915632,-17.89563905098852,2.862791933824238,38353,washington,75,15,5,False,not_significant
post12,-0.1233164615040022,0.0226893143475053,-5.435001675912717,5.479591742971192e-08,-0.1677867004590207,-0.0788462225489838,Washington,12,-11.6016128573871,-15.44658324986682,-7.581796812451569,38353,washington,75,15,5,True,significant_suppression
