city_key,lag,city,city_order,panel_row,panel_col,model_available,estimate,std.error,p.value,conf.low,conf.high,pct,pct_low,pct_high,n_obs,significant_05,effect_direction
abilene,1,Abilene,1,1,1,True,-0.225721348712495,0.1490370292199586,0.1298909661746236,-0.5178285583464575,0.0663858609214673,-20.20595821853285,-40.41870827035734,6.86389836450616,21916.0,False,not_significant
abilene,2,Abilene,1,1,1,True,-0.0014487215727106,0.315233898247893,0.9963331719294836,-0.6192958088447448,0.6163983656993236,-0.1447672682190925,-46.16766132797009,85.22449051798071,21916.0,False,not_significant
abilene,3,Abilene,1,1,1,True,-0.0578353263413553,0.059310308065569,0.3294952302954055,-0.174081394061846,0.0584107413791354,-5.619464547850184,-15.977149473582053,6.015035391280965,21916.0,False,not_significant
abilene,4,Abilene,1,1,1,True,0.8475121163884249,0.0879189519620086,5.4347802368873725e-22,0.6751941369843809,1.0198300957924689,133.3833317563248,96.44143044228068,177.27236265308463,21916.0,True,significant_enhancement
abilene,5,Abilene,1,1,1,True,0.2955301382691331,0.2381305350125256,0.2145900122354302,-0.1711971339746712,0.7622574105129376,34.383859014319285,-15.734455891938993,114.31086400417465,21916.0,False,not_significant
abilene,6,Abilene,1,1,1,True,0.378615077670131,0.0443942413356463,1.482924143273725e-17,0.2916039635312848,0.4656261918089771,46.02608405446716,33.857278901080925,59.301140732438085,21916.0,True,significant_enhancement
abilene,7,Abilene,1,1,1,True,-0.0124534774791537,0.0432726277534486,0.7735066444823104,-0.0972662693923215,0.0723593144340139,-1.2376253828561778,-9.26856160832502,7.5041552621525565,21916.0,False,not_significant
abilene,8,Abilene,1,1,1,True,-0.221203378851238,0.4875280352310335,0.650027182643047,-1.1767407693576382,0.734334011655162,-19.844635534769814,-69.17181352965909,108.40935481998316,21916.0,False,not_significant
abilene,9,Abilene,1,1,1,True,0.1465214011451705,0.2659399736477945,0.5816633810575451,-0.3747113692540376,0.6677541715443787,15.779970879296323,-31.251231976079676,94.98533635026874,21916.0,False,not_significant
abilene,10,Abilene,1,1,1,True,-0.115842862432593,0.3338212781421473,0.7285758378039078,-0.7701205448643297,0.5384348199991437,-10.93848385976235,-53.70427421723731,71.3323103393515,21916.0,False,not_significant
abilene,11,Abilene,1,1,1,True,0.4147853876268179,0.2151685591785279,0.053889585512176,-0.006937238968472,0.836508014222108,51.40457728658164,-0.691323187261772,130.82923626657478,21916.0,False,not_significant
abilene,12,Abilene,1,1,1,True,0.4411721428856723,0.2461254262804504,0.0730579056266118,-0.0412248283035786,0.9235691140749231,55.45282802948539,-4.038664255042135,151.82623350086598,21916.0,False,not_significant
amarillo,1,Amarillo,2,1,2,True,0.6329667877185694,0.0992959534109391,1.8350374248985487e-10,0.4383502952225616,0.8275832802145772,88.31893226529172,55.01478217000238,128.77831232021913,27395.0,True,significant_enhancement
amarillo,2,Amarillo,2,1,2,True,0.316797454517235,0.1602811617544691,0.0480969486360862,0.0026521500782368,0.6309427589562333,37.27245046182799,0.2655670139477983,87.93815481214698,27395.0,True,significant_enhancement
amarillo,3,Amarillo,2,1,2,True,0.1934113850272035,0.32193230589433,0.5479846763404894,-0.4375643399856149,0.824387110040022,21.33818579869125,-35.439301325266506,128.04826520069406,27395.0,False,not_significant
amarillo,4,Amarillo,2,1,2,True,0.5287535024777948,0.2197179746339835,0.0161057632137034,0.098114185439102,0.9593928195164876,69.68159130204282,10.308873458910009,161.0111183622815,27395.0,True,significant_enhancement
amarillo,5,Amarillo,2,1,2,True,0.3395487443241745,0.1724433763927669,0.0489479396132742,0.0015659372218667,0.6775315514264822,40.431374301352285,0.1567163941796678,96.90113252667034,27395.0,True,significant_enhancement
amarillo,6,Amarillo,2,1,2,True,0.2582954557559765,0.0477900002073912,6.48802720988319e-08,0.164628776528328,0.3519621349836249,29.4721294978022,17.89553815575764,42.18546841483675,27395.0,True,significant_enhancement
amarillo,7,Amarillo,2,1,2,True,0.3636559714138734,0.0602487261326089,1.5806799266606399e-09,0.2455706380795428,0.481741304748204,43.85792166423481,27.835058063152964,61.889093172933386,27395.0,True,significant_enhancement
amarillo,8,Amarillo,2,1,2,True,0.8942842224763594,0.1172452506102518,2.3941197421528436e-14,0.664487753921893,1.124080691030826,144.55846682927637,94.3494718763116,207.738647913332,27395.0,True,significant_enhancement
amarillo,9,Amarillo,2,1,2,True,0.8022447681371406,0.0727457287912504,2.798146810085641e-28,0.6596657596771712,0.94482377659711,123.05423632872046,93.41457568497388,157.2360028606362,27395.0,True,significant_enhancement
amarillo,10,Amarillo,2,1,2,True,0.4593000170100136,0.1822687447340905,0.0117386335992805,0.1020598418238716,0.8165401921961555,58.296554813883695,10.744974155744092,126.26579180654574,27395.0,True,significant_enhancement
amarillo,11,Amarillo,2,1,2,True,0.5874673658154088,0.2502094331963879,0.0188794601313032,0.097065888158308,1.0778688434725097,79.94253533908726,10.1932975563519,193.8410660385235,27395.0,True,significant_enhancement
amarillo,12,Amarillo,2,1,2,True,0.546645371295056,0.1765211305050207,0.001956414928665,0.2006703129949207,0.8926204295951912,72.74483392550688,22.222175476236327,144.15191049968587,27395.0,True,significant_enhancement
arlington,1,Arlington,3,1,3,True,0.4360181826966202,0.042149333414832,4.427407228572167e-25,0.3534070072311787,0.5186293581620618,54.653691470526034,42.39105674082164,67.97237714862577,21916.0,True,significant_enhancement
arlington,2,Arlington,3,1,3,True,0.5879021044006635,0.0554160949764771,2.710089717025004e-26,0.4792885540829174,0.6965156547184096,80.02078030914916,61.49250615530831,100.67483076860842,21916.0,True,significant_enhancement
arlington,3,Arlington,3,1,3,True,0.2901427426397119,0.1362458371890108,0.0332085279763019,0.0231058087057427,0.5571796765736811,33.661826682870746,2.3374815783580027,74.57419937115115,21916.0,True,significant_enhancement
arlington,4,Arlington,3,1,3,True,0.0936946772387892,0.0268515846907147,0.0004841899596410767,0.0410665383171613,0.1463228161604171,9.822438182194638,4.192143093768541,15.75698099834264,21916.0,True,significant_enhancement
arlington,5,Arlington,3,1,3,True,-0.0145189074013969,0.0476465404146464,0.7605785588476512,-0.1079044106020361,0.0788665957992422,-1.441401631359196,-10.228659578693478,8.205996109706648,21916.0,False,not_significant
arlington,6,Arlington,3,1,3,True,0.2561914158893892,0.1209011187388265,0.0340891072013217,0.0192295774706885,0.4931532543080898,29.200001360344107,1.941565662292488,63.7471451714952,21916.0,True,significant_enhancement
arlington,7,Arlington,3,1,3,True,0.2533700374420263,0.1508848495271453,0.0931076514047403,-0.0423588334439237,0.5490989083279765,28.83599300523485,-4.147423224780889,73.169190146761,21916.0,False,not_significant
arlington,8,Arlington,3,1,3,True,0.2769005348524133,0.0427928719756727,9.753940743636292e-11,0.1930280469850613,0.3607730227197653,31.903516648242068,21.29168117017619,43.44378391261934,21916.0,True,significant_enhancement
arlington,9,Arlington,3,1,3,True,0.1777049947400119,0.0543111549069847,0.0010679725506874,0.0712570871635459,0.2841529023164778,19.447289346684805,7.385726530212922,32.86360667547792,21916.0,True,significant_enhancement
arlington,10,Arlington,3,1,3,True,-0.0165507306497502,0.1010680839992237,0.8699214745033275,-0.2146405352746976,0.1815390739751972,-1.6414519805521333,-19.316858451060934,19.90613878893073,21916.0,False,not_significant
arlington,11,Arlington,3,1,3,True,-0.0683054008691516,0.0119655790461454,1.1398217186403222e-08,-0.0917575048537638,-0.0448532968845393,-6.60248068187731,-8.76736425634519,-4.386226007004424,21916.0,True,significant_suppression
arlington,12,Arlington,3,1,3,True,-0.3175211924921244,0.0463051080765639,7.024658009636366e-12,-0.4082775366224245,-0.2267648483618243,-27.204874649036597,-33.52056515614559,-20.289179844729887,21916.0,True,significant_suppression
atlanta,1,Atlanta,4,1,4,True,-2.800239152783925,0.2769708232230936,4.9766520241583375e-24,-3.343091991069598,-2.257386314498252,-93.9204478531701,-96.46724438137647,-89.5376419157957,65748.0,True,significant_suppression
atlanta,2,Atlanta,4,1,4,True,-2.5416586914647032,0.1289644537933815,1.833339015711202e-86,-2.794424376185611,-2.288893006743796,-92.12643068025872,-93.88499363634033,-89.86213747851767,65748.0,True,significant_suppression
atlanta,3,Atlanta,4,1,4,True,-1.9598711675814475,0.0882611840683513,3.0485800026646947e-109,-2.1328599095882765,-1.7868824255746183,-85.91234307788946,-88.15020845366523,-83.25185073686173,65748.0,True,significant_suppression
atlanta,4,Atlanta,4,1,4,True,-2.480142565333684,0.1479054858330543,4.153490011661931e-63,-2.77003199068237,-2.1902531399849985,-91.62687124377096,-93.73399998260732,-88.81115784012354,65748.0,True,significant_suppression
atlanta,5,Atlanta,4,1,4,True,-1.9917897974210688,0.1875020288268719,2.3354181582939263e-26,-2.359287020949929,-1.6242925738922094,-86.35490128616323,-90.55124331582044,-80.29489750518258,65748.0,True,significant_suppression
atlanta,6,Atlanta,4,1,4,True,-1.926341108906283,0.1643754047100254,1.0167921803869899e-31,-2.248510982082128,-1.6041712357304376,-85.43197472950217,-89.44437172019882,-79.89438859949503,65748.0,True,significant_suppression
atlanta,7,Atlanta,4,1,4,True,-2.365707768695021,0.2128618694657526,1.0746602822801823e-28,-2.782909366529762,-1.94850617086028,-90.61171704794732,-93.81417230742112,-85.75132364363395,65748.0,True,significant_suppression
atlanta,8,Atlanta,4,1,4,True,-2.267267695880543,0.1362824988106114,3.7895977372449057e-62,-2.534376485272464,-2.000158906488622,-89.64051536323953,-92.06888444754608,-86.46862207094296,65748.0,True,significant_suppression
atlanta,9,Atlanta,4,1,4,True,-2.095417438951126,0.1644630906898194,3.5006663896049852e-37,-2.4177591734893165,-1.7730757044129353,-87.69811199381301,-91.08789012047764,-83.01901002539279,65748.0,True,significant_suppression
atlanta,10,Atlanta,4,1,4,True,-1.903235407499037,0.0757700244368735,3.1168527116340983e-139,-2.051741926503029,-1.7547288884950452,-85.09145142213868,-87.14891479553063,-82.70458742105676,65748.0,True,significant_suppression
atlanta,11,Atlanta,4,1,4,True,-2.235369242520743,0.108371033233552,1.5710069199200492e-94,-2.447772564625898,-2.022965920415588,-89.30473688978542,-91.35139858830216,-86.77373975843096,65748.0,True,significant_suppression
atlanta,12,Atlanta,4,1,4,True,-1.7360441114287752,0.1475270627494783,5.731102274069457e-32,-2.025191841162733,-1.4468963816948173,-82.37838850592868,-86.80314762357891,-76.47005643536663,65748.0,True,significant_suppression
aurora,1,Aurora,5,1,5,False,,,,,,,,,,,
aurora,2,Aurora,5,1,5,False,,,,,,,,,,,
aurora,3,Aurora,5,1,5,False,,,,,,,,,,,
aurora,4,Aurora,5,1,5,False,,,,,,,,,,,
aurora,5,Aurora,5,1,5,False,,,,,,,,,,,
aurora,6,Aurora,5,1,5,False,,,,,,,,,,,
aurora,7,Aurora,5,1,5,False,,,,,,,,,,,
aurora,8,Aurora,5,1,5,False,,,,,,,,,,,
aurora,9,Aurora,5,1,5,False,,,,,,,,,,,
aurora,10,Aurora,5,1,5,False,,,,,,,,,,,
aurora,11,Aurora,5,1,5,False,,,,,,,,,,,
aurora,12,Aurora,5,1,5,False,,,,,,,,,,,
austin,1,Austin,6,2,1,True,0.222838536364031,0.0379317788027657,4.235615513260406e-09,0.1484936160410702,0.2971834566869917,24.961878945269,16.008539181329095,34.60622209132416,120538.0,True,significant_enhancement
austin,2,Austin,6,2,1,True,0.2966664815832667,0.0117124234915102,1.5229567044476873e-141,0.2737105533682258,0.3196224097983076,34.536652010245874,31.483417283276417,37.660787254486536,120538.0,True,significant_enhancement
austin,3,Austin,6,2,1,True,-0.0102252680146735,0.063900344292222,0.8728661217716788,-0.1354676414271383,0.1150171053977911,-1.0173167692819507,-12.66925785468983,12.189262782748743,120538.0,False,not_significant
austin,4,Austin,6,2,1,True,0.1051073866067336,0.031295058129414,0.0007834014332229083,0.0437701997789946,0.1664445734344727,11.08298922037363,4.474224530201831,18.10980698465494,120538.0,True,significant_enhancement
austin,5,Austin,6,2,1,True,0.1727064364920313,0.030554673548847,1.5824697207195502e-08,0.1128203767769125,0.2325924962071502,18.85171486026691,11.943083911322017,26.18671588872945,120538.0,True,significant_enhancement
austin,6,Austin,6,2,1,True,0.0933219012335805,0.0326980603914099,0.0043165728799384,0.0292348805021013,0.1574089219650597,9.781506642028814,2.966641463906572,17.047414864147626,120538.0,True,significant_enhancement
austin,7,Austin,6,2,1,True,0.1090435071034943,0.0370380871799755,0.0032390452109036,0.0364501901744877,0.181636824032501,11.52108688806801,3.712264383324393,19.91786019374309,120538.0,True,significant_enhancement
austin,8,Austin,6,2,1,True,-0.0204145601334803,0.0319821209335384,0.5232708349371369,-0.0830983653124203,0.0422692450454595,-2.0207593769203003,-7.973937895561722,4.317531072671654,120538.0,False,not_significant
austin,9,Austin,6,2,1,True,0.1242336725973812,0.0189405125952358,5.4115167223341245e-11,0.0871109500619918,0.1613563951327707,13.228042299610076,9.101772148719078,17.510369543092775,120538.0,True,significant_enhancement
austin,10,Austin,6,2,1,True,0.0495707365947019,0.0397397681368558,0.2122568626742471,-0.0283177777075078,0.1274592508969116,5.081992100876764,-2.792058745277526,13.593857881979176,120538.0,False,not_significant
austin,11,Austin,6,2,1,True,0.1553978840310018,0.0403207716153532,0.00011618439617193826,0.0763706238360445,0.2344251442259591,16.812264600074034,7.936253751886602,26.41818375838534,120538.0,True,significant_enhancement
austin,12,Austin,6,2,1,True,0.1374884849355142,0.0494321304594026,0.0054131893559733,0.0406032895559996,0.2343736803150289,14.738849364350749,4.143887390617906,26.411677951644982,120538.0,True,significant_enhancement
bakersfield,1,Bakersfield,7,2,2,True,0.3464936754414474,0.0413656619375002,5.4589768261895096e-17,0.2654184678472876,0.4275688830356071,41.410055024035096,30.397653387419044,53.35248098743743,76706.0,True,significant_enhancement
bakersfield,2,Bakersfield,7,2,2,True,0.301296186982901,0.0653742124307982,4.050140782185365e-06,0.1731650851008658,0.4294272888649362,35.16096114305931,18.906238536593523,53.63773711076938,76706.0,True,significant_enhancement
bakersfield,3,Bakersfield,7,2,2,True,0.2664647567400148,0.0242563685710035,4.49480950727511e-28,0.2189231479451187,0.314006365534911,30.534158403183987,24.47356125219782,36.889845029051685,76706.0,True,significant_enhancement
bakersfield,4,Bakersfield,7,2,2,True,0.243141793740592,0.0384706682016201,2.6124799498399076e-10,0.1677406696042263,0.3185429178769577,27.52494336867144,18.26298790025349,37.51226372615604,76706.0,True,significant_enhancement
bakersfield,5,Bakersfield,7,2,2,True,0.2902604517324086,0.0933800985772161,0.0018811860641418,0.107238821648265,0.4732820818165523,33.67756082122519,11.32000790134542,60.52541321187226,76706.0,True,significant_enhancement
bakersfield,6,Bakersfield,7,2,2,True,0.1168247498310972,0.0308010453444717,0.0001489085502771312,0.0564558102697475,0.177193689392447,12.392244483193585,5.807985750364875,19.386230919970004,76706.0,True,significant_enhancement
bakersfield,7,Bakersfield,7,2,2,True,0.2085761164230751,0.0991303512165264,0.0353732930012282,0.014284198263877,0.4028680345822732,23.19226960414589,1.4386704917486393,49.61094439279998,76706.0,True,significant_enhancement
bakersfield,8,Bakersfield,7,2,2,True,0.1470388317511119,0.0667624049169488,0.0276356798725608,0.0161869225926125,0.2778907409096114,15.839894481600236,1.631864056730148,32.03419299697148,76706.0,True,significant_enhancement
bakersfield,9,Bakersfield,7,2,2,True,0.2536953883042825,0.0694167879014773,0.00025751391189016447,0.1176409840949311,0.3897497925136338,28.87791672623832,12.484020334331714,47.66112884592335,76706.0,True,significant_enhancement
bakersfield,10,Bakersfield,7,2,2,True,0.2529328801577487,0.0207637366568279,3.901747275898732e-34,0.2122367041258919,0.2936290561896055,28.77968372131905,23.64405210158147,34.128626953587585,76706.0,True,significant_enhancement
bakersfield,11,Bakersfield,7,2,2,True,0.2625075995946704,0.0788746946142401,0.000874216584368598,0.1079160388591644,0.4170991603301765,30.01863490201944,11.395421259343452,51.75529865296604,76706.0,True,significant_enhancement
bakersfield,12,Bakersfield,7,2,2,True,0.121911933267271,0.0689266036493013,0.0769404413048904,-0.0131817274620266,0.2570055939965687,12.96546124087039,-1.3095228976200857,29.30523600695876,76706.0,False,not_significant
baltimore,1,Baltimore,8,2,3,True,0.3660036146752941,0.0493139249939956,1.1544145669231746e-13,0.2693500977507531,0.4626571315998352,44.19604548639271,30.911337847712492,58.82886750497875,49311.0,True,significant_enhancement
baltimore,2,Baltimore,8,2,3,True,0.3080499721651398,0.0526797758074692,4.987322368661614e-09,0.2047995088688556,0.4113004354614239,36.07689878106866,22.72789817439711,50.87785790611798,49311.0,True,significant_enhancement
baltimore,3,Baltimore,8,2,3,True,0.3339642609308659,0.0171798448135199,3.5898873418966844e-84,0.3002923838363797,0.3676361380253522,39.64932333144269,35.02535421769295,44.431641153024295,49311.0,True,significant_enhancement
baltimore,4,Baltimore,8,2,3,True,0.3539418522218569,0.0345502994692833,1.255971448015874e-24,0.2862245096069882,0.4216591948367256,42.46723425400156,33.13913318453632,52.44888824574363,49311.0,True,significant_enhancement
baltimore,5,Baltimore,8,2,3,True,0.3462133547250256,0.0606136511633082,1.117841457231519e-08,0.2274127814734672,0.465013927976584,41.37042041156256,25.53479453811469,59.20363625778624,49311.0,True,significant_enhancement
baltimore,6,Baltimore,8,2,3,True,0.3166015006783935,0.0875162730068488,0.00029731292967532884,0.1450727575237948,0.4881302438329921,37.24555403350804,15.612368390447596,62.9267038138189,49311.0,True,significant_enhancement
baltimore,7,Baltimore,8,2,3,True,0.3749735069004061,0.0762674731138042,8.807880505146295e-07,0.225492006405473,0.5244550073953392,45.49528678963591,25.293901858988143,68.95378118100976,49311.0,True,significant_enhancement
baltimore,8,Baltimore,8,2,3,True,0.2342978267069512,0.0287432592970053,3.5973271515933574e-16,0.1779620736865247,0.2906335797273777,26.402089533431862,19.478000677443006,33.72744896822009,49311.0,True,significant_enhancement
baltimore,9,Baltimore,8,2,3,True,0.1762662791347535,0.0372828640844527,2.26954958351177e-06,0.1031932082887243,0.2493393499807827,19.27556223035851,10.870559949523638,28.317740542170444,49311.0,True,significant_enhancement
baltimore,10,Baltimore,8,2,3,True,0.1475561732522961,0.0670662360185048,0.0277958376531283,0.0161087660773637,0.2790035804272285,15.899838771005737,1.623921174795262,32.181207651301634,49311.0,True,significant_enhancement
baltimore,11,Baltimore,8,2,3,True,0.2375414098416269,0.0270894965954217,1.806377774808241e-18,0.1844469721552798,0.290635847527974,26.81275086627541,20.25532107891521,33.72775223575248,49311.0,True,significant_enhancement
baltimore,12,Baltimore,8,2,3,True,0.0877504851358279,0.0576785716178122,0.1281668536034803,-0.0252974379147982,0.2007984081864541,9.17156887497419,-2.4980138979961097,22.237832551990238,49311.0,False,not_significant
boston,1,Boston,9,2,4,True,0.8071651303614107,0.0844313225590248,1.177339763737429e-21,0.6416827789786379,0.9726474817441836,124.15444846856768,89.96749241440638,164.49376222032686,43832.0,True,significant_enhancement
boston,2,Boston,9,2,4,True,0.7775333327542073,0.0478914788838934,2.837789915492516e-59,0.6836677589754158,0.8713989065329989,117.60979303864735,98.11307329976528,139.02522553204486,43832.0,True,significant_enhancement
boston,3,Boston,9,2,4,True,0.5411445546905505,0.1153836237807817,2.7325875718851497e-06,0.314996807674499,0.7672923017066019,71.7972050306096,37.02549366502375,115.39261685479292,43832.0,True,significant_enhancement
boston,4,Boston,9,2,4,True,0.2309896263867178,0.194954844826581,0.2360820770007457,-0.1511148480849757,0.6130941008584115,25.98461702244792,-14.025104753184236,84.61346978937698,43832.0,False,not_significant
boston,5,Boston,9,2,4,True,0.2816333592056257,0.1952312999051892,0.1491437431835257,-0.1010129572634831,0.6642796756747346,32.52927245220574,-9.607867953673344,94.30903618590708,43832.0,False,not_significant
boston,6,Boston,9,2,4,True,0.4197836976864211,0.1170291867823577,0.00033450427219738107,0.190410706452989,0.6491566889198531,52.16323874141808,20.9746346272232,91.39261131578964,43832.0,True,significant_enhancement
boston,7,Boston,9,2,4,True,0.6407743956396319,0.1018881113848881,3.1951619529224395e-10,0.4410773668724457,0.8404714244068181,89.79500746243332,55.43809552835484,131.74592261453694,43832.0,True,significant_enhancement
boston,8,Boston,9,2,4,True,0.4618951830364805,0.0601765514498598,1.6455983558656533e-14,0.3439513094809338,0.5798390565920273,58.70789417114579,41.0509955373781,78.5751002768698,43832.0,True,significant_enhancement
boston,9,Boston,9,2,4,True,0.5219131927627313,0.0593968369670343,1.5376365177578461e-18,0.4054975315117467,0.6383288540137159,68.52487731575239,50.00486358938399,89.33142295993753,43832.0,True,significant_enhancement
boston,10,Boston,9,2,4,True,0.2179175448194536,0.0570108627684295,0.0001321663869968809,0.1061783070657763,0.3296567825731309,24.34845316502454,11.202013987835135,39.04908058792722,43832.0,True,significant_enhancement
boston,11,Boston,9,2,4,True,0.2566320570002141,0.0513940966341128,5.932087624842509e-07,0.1559014785793818,0.3573626354210464,29.2569447373372,16.871105434428713,42.95541828518778,43832.0,True,significant_enhancement
boston,12,Boston,9,2,4,True,0.461895183036323,0.2215800153098461,0.0371099366299153,0.0276063333351908,0.8961840327374553,58.70789417112079,2.7990918998789027,145.02352313348936,43832.0,True,significant_enhancement
capecoral,1,Cape Coral,10,2,5,True,-0.458920047346282,0.1577750018574194,0.0036293568844113,-0.7681533686475642,-0.1496867260449998,-36.80342297799597,-53.61311273058329,-13.902234394347058,21916.0,True,significant_suppression
capecoral,2,Cape Coral,10,2,5,True,-0.9685039628644176,0.3050537392937264,0.0014990703402848,-1.5663983052293924,-0.3706096204994429,-62.03494151644888,-79.12041513737287,-30.96866268450785,21916.0,True,significant_suppression
capecoral,3,Cape Coral,10,2,5,True,-0.3183011584346253,0.0895224163652076,0.0003771935130328631,-0.4937618703194314,-0.1428404465498191,-27.26163023100268,-38.96738974526025,-13.310762646916308,21916.0,True,significant_suppression
capecoral,4,Cape Coral,10,2,5,True,-0.5451673039753727,0.2266764792634412,0.0161704410883452,-0.989445039474058,-0.1008895684766875,-42.02552183809806,-62.82170413521757,-9.596713890035248,21916.0,True,significant_suppression
capecoral,5,Cape Coral,10,2,5,True,-0.6571265651609169,0.2490466859221712,0.0083257051129557,-1.145249100037431,-0.1690040302844029,-48.16613911074288,-68.18553419272048,-15.549450021816844,21916.0,True,significant_suppression
capecoral,6,Cape Coral,10,2,5,True,-0.3168007616023784,0.218605566547425,0.1472848351346571,-0.7452597988553056,0.1116582756505487,-27.15241189648617,-52.53890194679721,11.81307028654166,21916.0,False,not_significant
capecoral,7,Cape Coral,10,2,5,True,-0.5068443639044364,0.2123564855120977,0.0169974967937111,-0.9230554273916498,-0.0906333004172231,-39.76064826372878,-60.26967465883845,-8.664742449347607,21916.0,True,significant_suppression
capecoral,8,Cape Coral,10,2,5,True,-0.8845134426177207,0.302573928974107,0.0034634604111774,-1.477547446067751,-0.2914794391676906,-58.70849687326643,-77.18033327256644,-25.28426243774492,21916.0,True,significant_suppression
capecoral,9,Cape Coral,10,2,5,True,-0.3603837672661263,0.1945608453210494,0.0639837047303873,-0.7417160168970514,0.0209484823647986,-30.259136789588997,-52.37041179394581,2.11694420475852,21916.0,False,not_significant
capecoral,10,Cape Coral,10,2,5,True,-0.496550892657596,0.1547954990073956,0.0013376081490629,-0.7999444956809971,-0.1931572896341949,-39.13737390362262,-55.06460954924734,-17.564769813068526,21916.0,True,significant_suppression
capecoral,11,Cape Coral,10,2,5,True,-0.4185893523018328,0.1515004129798205,0.0057280050586098,-0.7155247053852256,-0.12165399921844,-34.202566455589675,-51.106450260977,-11.45453164805128,21916.0,True,significant_suppression
capecoral,12,Cape Coral,10,2,5,True,-0.6653161638164576,0.2287793767194667,0.0036361750960276,-1.1137155025921337,-0.2169168250407817,-48.5889041274022,-67.1663244139584,-19.500307789326836,21916.0,True,significant_suppression
chandler,1,Chandler,11,3,1,True,0.0433522922488291,0.082122728372161,0.5975712470241462,-0.1176052976727721,0.2043098821704305,4.430573086831213,-11.095310775116218,22.66782202745223,16437.0,False,not_significant
chandler,2,Chandler,11,3,1,True,-0.1004949442968521,0.1119542066101859,0.3693757428139402,-0.3199211571705725,0.1189312685768682,-9.56103152730118,-27.379370902464007,12.629250394132583,16437.0,False,not_significant
chandler,3,Chandler,11,3,1,True,-0.0313508952114238,0.0712598109228879,0.6599718840585274,-0.1710175581654182,0.1083157677425704,-3.086455158261192,-15.71932247990695,11.439958127443251,16437.0,False,not_significant
chandler,4,Chandler,11,3,1,True,-0.0797065208516883,0.0040667924440151,1.565870710690592e-85,-0.0876772875745577,-0.0717357541288189,-7.661269845633456,-8.394354817270766,-6.922318275113848,16437.0,True,significant_suppression
chandler,5,Chandler,11,3,1,True,0.039271380690863,0.0549905775763387,0.4751360081845723,-0.0685081708478169,0.1470509322295429,4.005269557405122,-6.621416974956085,15.841296208225607,16437.0,False,not_significant
chandler,6,Chandler,11,3,1,True,-0.0272944643279222,0.1217030800899909,0.8225464858263167,-0.2658281181118982,0.2112391894560537,-2.692533644390916,-23.34291241723797,23.520776840434543,16437.0,False,not_significant
chandler,7,Chandler,11,3,1,True,0.1402046149440093,0.0940267691762548,0.13593161461288,-0.0440844662241109,0.3244936961121296,15.05091861472332,-4.312686940077059,38.33300832475428,16437.0,False,not_significant
chandler,8,Chandler,11,3,1,True,-0.0020466109734667,0.0683189610696078,0.976101581938708,-0.1359493141310922,0.1318560921841587,-0.2044518093242353,-12.711312560282297,14.09441166766725,16437.0,False,not_significant
chandler,9,Chandler,11,3,1,True,-0.1261453470192982,0.1274259558260483,0.3221984740806894,-0.3758956311339447,0.1236049370953482,-11.85132839947941,-31.332600331110672,13.156874184895218,16437.0,False,not_significant
chandler,10,Chandler,11,3,1,True,-0.0820422473133665,0.0939768165725107,0.3826602563610374,-0.2662334231772144,0.1021489285504813,-7.876696174663833,-23.373975627664144,10.754840502453831,16437.0,False,not_significant
chandler,11,Chandler,11,3,1,True,-0.1698169584266647,0.1030035925868235,0.099219188862739,-0.3717002901750756,0.0320663733217462,-15.618074353419177,-31.04391202723865,3.25860391960926,16437.0,False,not_significant
chandler,12,Chandler,11,3,1,True,-0.2008814118035318,0.0679898779110557,0.0031309678265229,-0.3341391238224763,-0.0676236997845873,-18.19905679345696,-28.40458309826277,-6.538789785052335,16437.0,True,significant_suppression
charleston,1,Charleston,12,3,2,True,-0.7118307864106539,0.1333006238255469,9.292560245653099e-08,-0.9730952082254478,-0.45056636459586,-50.92550746158943,-62.20884888390528,-36.273287614230654,60269.0,True,significant_suppression
charleston,2,Charleston,12,3,2,True,-0.6353254332693914,0.1110382233208077,1.0547442253179394e-08,-0.8529563518854901,-0.4176945146532926,-47.023694226211575,-57.38467910237258,-34.14366208388265,60269.0,True,significant_suppression
charleston,3,Charleston,12,3,2,True,-0.5118949494681405,0.080127631777264,1.6752664979090914e-10,-0.6689422219180653,-0.3548476770182157,-40.06412525062929,-48.7749861720623,-29.87197438269821,60269.0,True,significant_suppression
charleston,4,Charleston,12,3,2,True,-0.559255900899618,0.046766782111921,5.868149499534431e-33,-0.6509171095118153,-0.4675946922874207,-42.83657418269067,-47.843277690985055,-37.34925995136328,60269.0,True,significant_suppression
charleston,5,Charleston,12,3,2,True,-0.3987747068412122,0.05082237509235,4.280140511015497e-15,-0.4983847316310039,-0.2991646820514205,-32.88581120019101,-39.2488838824592,-25.856270203472587,60269.0,True,significant_suppression
charleston,6,Charleston,12,3,2,True,-0.3943932329824442,0.0772622765338289,3.314900392003548e-07,-0.545824512352323,-0.2429619536125654,-32.59110698847297,-42.0636106332868,-21.569864696294218,60269.0,True,significant_suppression
charleston,7,Charleston,12,3,2,True,-0.3446317234236329,0.0374486621366038,3.488130745018399e-20,-0.4180297524805851,-0.2712336943666806,-29.151877753208865,-34.16573591932005,-23.75617019512952,60269.0,True,significant_suppression
charleston,8,Charleston,12,3,2,True,-0.3946188690026424,0.150059609841479,0.0085448332539721,-0.6887302998260736,-0.1005074381792112,-32.60631514699936,-49.77866752355905,-9.562161454075358,60269.0,True,significant_suppression
charleston,9,Charleston,12,3,2,True,-0.4158962674499541,0.0399616731195383,2.294525971240937e-25,-0.4942197075262116,-0.3375728273736966,-34.02512956495903,-38.9953263493654,-28.64999895175795,60269.0,True,significant_suppression
charleston,10,Charleston,12,3,2,True,-0.221107941890875,0.1389812516555755,0.1116277606810045,-0.4935061896621007,0.0512903058803507,-19.836985385380768,-38.95178289225152,5.262843315501664,60269.0,False,not_significant
charleston,11,Charleston,12,3,2,True,-0.187979703017712,0.0440229019100997,1.954349087850836e-05,-0.274263005256447,-0.1016964007789769,-17.13684742186008,-23.98678697771063,-9.669624764122398,60269.0,True,significant_suppression
charleston,12,Charleston,12,3,2,True,-0.3303230186656189,0.1149690454055124,0.0040640439918023,-0.5556582069973734,-0.1049878303338643,-28.13084548505353,-42.6305472855646,-9.96645206982112,60269.0,True,significant_suppression
charlotte,1,Charlotte,13,3,3,True,-0.3745205792862431,0.1442909305486269,0.0094427749438953,-0.6573256064573221,-0.0917155521151641,-31.238114149507425,-48.176455162917705,-8.763536717138765,115059.0,True,significant_suppression
charlotte,2,Charlotte,13,3,3,True,-0.3641658731550268,0.0654215884999329,2.5998425515271068e-08,-0.4923898304262952,-0.2359419158837584,-30.522405949290565,-38.88359309618134,-21.01734510224344,115059.0,True,significant_suppression
charlotte,3,Charlotte,13,3,3,True,-0.2496761373256029,0.0450152184244789,2.9147318963945505e-08,-0.3379043441937855,-0.1614479304574202,-22.09469515767063,-28.673648756848117,-14.908916315006628,115059.0,True,significant_suppression
charlotte,4,Charlotte,13,3,3,True,-0.2381750241898625,0.0569772324154006,2.912798603270612e-05,-0.3498483476628159,-0.1265017007169092,-21.193525137169942,-29.5205034581725,-11.88273490829862,115059.0,True,significant_suppression
charlotte,5,Charlotte,13,3,3,True,-0.2612079523236368,0.0604206924130165,1.538143524763376e-05,-0.3796303333741216,-0.142785571273152,-22.98792454380833,-31.58857433161758,-13.306005420506628,115059.0,True,significant_suppression
charlotte,6,Charlotte,13,3,3,True,-0.4643412553860709,0.1013003175561284,4.565824514590285e-06,-0.6628862294185531,-0.2657962813535888,-37.1450977875188,-48.4638266335993,-23.340471865218472,115059.0,True,significant_suppression
charlotte,7,Charlotte,13,3,3,True,-0.4808025324405906,0.0707830089905752,1.1011029995422427e-11,-0.6195346807794928,-0.3420703841016884,-38.17130027264821,-46.18051882715171,-28.97017907516337,115059.0,True,significant_suppression
charlotte,8,Charlotte,13,3,3,True,-0.4441385480683932,0.1265227123165845,0.0004475232732221699,-0.6921185074352213,-0.1961585887015652,-35.86234468113149,-49.94853988048062,-17.811811683836975,115059.0,True,significant_suppression
charlotte,9,Charlotte,13,3,3,True,-0.2252610813021021,0.0862637622940028,0.0090197143127136,-0.394334948569272,-0.0561872140349323,-20.1692231682326,-32.58717798620252,-5.463786573730878,115059.0,True,significant_suppression
charlotte,10,Charlotte,13,3,3,True,-0.2885101116096658,0.0378044624610852,2.317829120834768e-14,-0.3626054964882893,-0.2144147267310422,-25.06207723210493,-30.413910107496367,-19.298637451218926,115059.0,True,significant_suppression
charlotte,11,Charlotte,13,3,3,True,-0.4006606577118746,0.0745965488485633,7.828611063110947e-08,-0.5468672068260415,-0.2544541085977077,-33.01226598175781,-42.12398910268813,-22.46603663026152,115059.0,True,significant_suppression
charlotte,12,Charlotte,13,3,3,True,-0.2914613657464793,0.1032985458662194,0.0047793119093084,-0.4939227952996282,-0.0889999361933304,-25.282912056545868,-38.97721062662309,-8.515436805229692,115059.0,True,significant_suppression
chicago,1,Chicago,14,3,4,True,-3.334466429313682,0.4048327494932514,1.7709681475610227e-16,-4.12792403808278,-2.5410088205445835,-96.43664058188236,-98.3883699053932,-92.12131221352908,87664.0,True,significant_suppression
chicago,2,Chicago,14,3,4,True,-3.234313661313402,0.1949660258023775,8.354346377634934e-62,-3.616440050094969,-2.852187272531835,-96.06127713558853,-97.31218086074696,-94.2282062151886,87664.0,True,significant_suppression
chicago,3,Chicago,14,3,4,True,-3.4280573821494085,0.1710278680804693,2.283870683485928e-89,-3.763265843939796,-3.092848920359021,-96.75500826278936,-97.67921766534428,-95.46274925600574,87664.0,True,significant_suppression
chicago,4,Chicago,14,3,4,True,-3.636787810092528,0.3811358371183197,1.4014055952552265e-21,-4.383800324061959,-2.889775296123097,-97.36631929368488,-98.7522151466633,-94.4411297794902,87664.0,True,significant_suppression
chicago,5,Chicago,14,3,4,True,-3.819109367036957,0.3630350927967898,6.991406159876537e-26,-4.5306450740428215,-3.107573660031093,-97.80526607840098,-98.92262760190074,-95.52906961871722,87664.0,True,significant_suppression
chicago,6,Chicago,14,3,4,True,-3.388729279451064,0.2257991411907989,6.536027035172292e-51,-3.831287463925104,-2.9461710949770232,-96.62484615652646,-97.831831673229,-94.74595061349336,87664.0,True,significant_suppression
chicago,7,Chicago,14,3,4,True,-3.4300971726105445,0.270253047783298,6.535111519622512e-37,-3.959783412977991,-2.900410932243098,-96.76162061977732,-98.09327564380766,-94.49993861137128,87664.0,True,significant_suppression
chicago,8,Chicago,14,3,4,True,-4.552097130374142,0.5525113110738409,1.7377040008197163e-16,-5.6349994011298765,-3.4691948596184083,-98.94549332006169,-99.64293206284091,-96.88579056724676,87664.0,True,significant_suppression
chicago,9,Chicago,14,3,4,True,-4.191810648228357,0.36960477111355,8.18878816751739e-30,-4.916222688125084,-3.4673986083316284,-98.48811149076566,-99.26732459216512,-96.88019163750891,87664.0,True,significant_suppression
chicago,10,Chicago,14,3,4,True,-3.721807020529941,0.2802446118394727,3.0011766740218956e-40,-4.271076366596715,-3.1725376744631677,-97.58097838896806,-98.6033258274513,-95.8102858421437,87664.0,True,significant_suppression
chicago,11,Chicago,14,3,4,True,-3.855338335196019,0.4659295986149763,1.2898677650401042e-16,-4.768543567812576,-2.9421331025794624,-97.8833559253368,-99.15072597427832,-94.72469190965796,87664.0,True,significant_suppression
chicago,12,Chicago,14,3,4,True,-3.162191232821264,0.3361800287745107,5.1418526045099376e-21,-3.821091981540944,-2.5032904841015835,-95.766712181654,-97.80961307906912,-91.81846568671956,87664.0,True,significant_suppression
cincinnati,1,Cincinnati,15,3,5,True,-2.39403873667699,0.8536655561738321,0.0050406832813994,-4.067192481620055,-0.7208849917339253,-90.87396379885764,-98.287459904402,-51.36783252045338,60269.0,True,significant_suppression
cincinnati,2,Cincinnati,15,3,5,True,-3.08718591706617,1.0658729885978036,0.0037748063863224,-5.176258586811937,-0.9981132473204036,-95.43698189864962,-99.43508974481,-63.14258060999733,60269.0,True,significant_suppression
cincinnati,3,Cincinnati,15,3,5,True,-1.9885736029076573,0.7432709562000165,0.0074632202346726,-3.445357907814337,-0.5317892980009775,-86.31094534700934,-96.81066548778172,-41.244727834387575,60269.0,True,significant_suppression
cincinnati,4,Cincinnati,15,3,5,True,-1.9885736284998463,0.7600689180100835,0.0088886599495999,-3.478281333567937,-0.4988659234317558,-86.3109456973422,-96.9139595778285,-39.27810978922422,60269.0,True,significant_suppression
cincinnati,5,Cincinnati,15,3,5,True,-2.6817208076840866,1.0658362357334592,0.0118670905990682,-4.77072144313941,-0.592720172228764,-93.15547283925504,-99.15257357457284,-44.71785319821632,60269.0,True,significant_suppression
cincinnati,6,Cincinnati,15,3,5,True,-2.1708951853835674,0.7113614617498519,0.0022751379890607,-3.565138030403044,-0.7766523403640906,-88.59245474880917,-97.17069200905742,-54.00568298871802,60269.0,True,significant_suppression
cincinnati,7,Cincinnati,15,3,5,True,-3.0871859054397253,1.087780752500078,0.0045388798359189,-5.219197003415756,-0.9551748074636944,-95.43698184559794,-99.45883270629416,-61.525511760287486,60269.0,True,significant_suppression
cincinnati,8,Cincinnati,15,3,5,True,-2.681720771892745,0.7304342599262889,0.00024121973610296345,-4.113345614422439,-1.250095929363051,-93.15547259428024,-98.36470278358983,-71.35226860442539,60269.0,True,significant_suppression
cincinnati,9,Cincinnati,15,3,5,True,-1.700891556106043,0.5610091893551727,0.0024306591779007,-2.8004493622381927,-0.6013337499738931,-81.74792759751448,-93.92172569819684,-45.19198534907424,60269.0,True,significant_suppression
cincinnati,10,Cincinnati,15,3,5,True,-3.0871859171993004,0.8123211650722477,0.0001444335993299565,-4.679306144620521,-1.4950656897780792,-95.43698189925708,-99.07145455850944,-77.57661256267218,60269.0,True,significant_suppression
cincinnati,11,Cincinnati,15,3,5,True,-2.394038735405206,0.8791623927187101,0.0064674343927617,-4.117165361695937,-0.6709121091144756,-90.8739637872513,-98.37093729097194,-48.875794347971926,60269.0,True,significant_suppression
cincinnati,12,Cincinnati,15,3,5,True,-1.3824368222727923,0.9597089287000852,0.1497330276532562,-3.263431758166477,0.4985581136208925,-74.9033752818401,-96.17431158898104,64.63457150092297,60269.0,False,not_significant
clearwater,1,Clearwater,16,4,1,True,0.1965950690802738,1e-06,0.0,0.1965931091162893,0.1965970290442583,21.72510383142065,21.724865254834945,21.725342408473992,5479.0,True,significant_enhancement
clearwater,2,Clearwater,16,4,1,True,-0.0078063004582517,1e-06,0.0,-0.0078082604222363,-0.0078043404942672,-0.7775910424157262,-0.7777855145731594,-0.7773965698771312,5479.0,True,significant_suppression
clearwater,3,Clearwater,16,4,1,True,0.2750564856221624,1e-06,0.0,0.2750545256581778,0.2750584455861469,31.66050420222051,31.660246152626968,31.66076225231982,5479.0,True,significant_enhancement
clearwater,4,Clearwater,16,4,1,True,0.1680843660054201,1e-06,0.0,0.1680824060414355,0.1680863259694046,18.30364144942831,18.30340957877905,18.303873320532027,5479.0,True,significant_enhancement
clearwater,5,Clearwater,16,4,1,True,0.1071236662157242,1e-06,0.0,0.1071217062517396,0.1071256261797087,11.307189535751473,11.306971377882547,11.307407694047969,5479.0,True,significant_enhancement
clearwater,6,Clearwater,16,4,1,True,0.1133156364674593,1e-06,0.0,0.1133136765034747,0.1133175964314438,11.9985385395063,11.99831902661954,11.998758052823266,5479.0,True,significant_enhancement
clearwater,7,Clearwater,16,4,1,True,0.1847746005359533,1e-06,0.0,0.1847726405719687,0.1847765604999378,20.29472658985705,20.29449081675645,20.294962363419742,5479.0,True,significant_enhancement
clearwater,8,Clearwater,16,4,1,True,-0.0245541577594862,1e-06,0.0,-0.0245561177234708,-0.0245521977955017,-2.425515666712419,-2.4257069090001138,-2.4253244240499017,5479.0,True,significant_suppression
clearwater,9,Clearwater,16,4,1,True,0.4072282907764548,1e-06,0.0,0.4072263308124703,0.4072302507404394,50.264710698323256,50.264416185190754,50.26500521203299,5479.0,True,significant_enhancement
clearwater,10,Clearwater,16,4,1,True,-0.0210515272082781,1e-06,0.0,-0.0210534871722626,-0.0210495672442935,-2.083149055016076,-2.083340968329339,-2.082957141326669,5479.0,True,significant_suppression
clearwater,11,Clearwater,16,4,1,True,-0.1041854274080797,1e-06,0.0,-0.1041873873720642,-0.1041834674440951,-9.89417989571889,-9.894356499708024,-9.894003291383624,5479.0,True,significant_suppression
clearwater,12,Clearwater,16,4,1,True,0.2196016496430282,1e-06,0.0,0.2195996896790437,0.2196036096070127,24.5580454329412,24.5578013038974,24.558289562463465,5479.0,True,significant_enhancement
cleveland,1,Cleveland,17,4,2,True,-13.952085730578569,0.00011966335292317172,0.0,-13.952320266440568,-13.95185119471657,-99.99991276592584,-99.99991278638296,-99.99991274546392,54790.0,True,significant_suppression
cleveland,2,Cleveland,17,4,2,True,-13.95208573057859,0.0001196633529247302,0.0,-13.952320266440593,-13.951851194716587,-99.99991276592584,-99.99991278638296,-99.99991274546392,54790.0,True,significant_suppression
cleveland,3,Cleveland,17,4,2,True,-13.952085730578569,0.00011966335292326626,0.0,-13.952320266440566,-13.951851194716568,-99.99991276592584,-99.99991278638296,-99.99991274546392,54790.0,True,significant_suppression
cleveland,4,Cleveland,17,4,2,True,-13.95208573057856,0.000119663352935781,0.0,-13.952320266440584,-13.951851194716536,-99.99991276592584,-99.99991278638296,-99.99991274546392,54790.0,True,significant_suppression
cleveland,5,Cleveland,17,4,2,True,-3.0884329230343432,0.7937511232565129,9.985925535046116e-05,-4.644156537305322,-1.532709308763365,-95.44266846312809,-99.03823616413372,-78.4050200658042,54790.0,True,significant_suppression
cleveland,6,Cleveland,17,4,2,True,-1.9898206343669804,0.7937511232582928,0.0121809948128935,-3.5455442486414475,-0.4340970200925136,-86.3280053893944,-97.11470849241338,-35.21506019723498,54790.0,True,significant_suppression
cleveland,7,Cleveland,17,4,2,True,-2.395285742472563,0.2742305993415119,2.4458967751398094e-18,-2.93276784064076,-1.8578036443043664,-90.8853369262394,-94.67505519998532,-84.39850814078936,54790.0,True,significant_suppression
cleveland,8,Cleveland,17,4,2,True,-13.952085730578576,0.00011966335292485782,0.0,-13.952320266440578,-13.951851194716571,-99.99991276592584,-99.99991278638296,-99.99991274546392,54790.0,True,significant_suppression
cleveland,9,Cleveland,17,4,2,True,-14.001118437792613,0.00011958913207434488,0.0,-14.00135282818442,-14.000884047400804,-99.9999169400774,-99.99991695954358,-99.9999169206067,54790.0,True,significant_suppression
cleveland,10,Cleveland,17,4,2,True,-14.001118437792623,0.00011958913206282008,0.0,-14.00135282818441,-14.00088404740084,-99.9999169400774,-99.99991695954358,-99.9999169206067,54790.0,True,significant_suppression
cleveland,11,Cleveland,17,4,2,True,-14.00111843779258,0.000119589132071666,0.0,-14.001352828184384,-14.000884047400778,-99.9999169400774,-99.99991695954358,-99.9999169206067,54790.0,True,significant_suppression
cleveland,12,Cleveland,17,4,2,True,-3.08760410745176,0.7936875708257446,0.00010016126166753597,-4.643203161247302,-1.5320050536562178,-95.43888971000688,-99.03731880429416,-78.38980633435156,54790.0,True,significant_suppression
columbia,1,Columbia,18,4,3,True,-0.4388841574411789,0.0754233137755568,5.92200135512793e-09,-0.586711136035934,-0.2910571788464238,-35.52445345732502,-44.38466069695739,-25.252706284411357,60269.0,True,significant_suppression
columbia,2,Columbia,18,4,3,True,-0.334901149028529,0.0885743344977113,0.000156188408305948,-0.5085036545986469,-0.1612986434584111,-28.45911982875905,-39.86051997847233,-14.89621237423786,60269.0,True,significant_suppression
columbia,3,Columbia,18,4,3,True,-0.2667699382855429,0.1155333346604877,0.0209419153391802,-0.4932111132339119,-0.0403287633371738,-23.415075621061465,-38.9337663444015,-3.952638127208097,60269.0,True,significant_suppression
columbia,4,Columbia,18,4,3,True,-0.2099262917140152,0.1114256406645444,0.0595645084621937,-0.428316534370824,0.0084639509427935,-18.93560050524259,-34.839487326699334,0.8499871447182894,60269.0,False,not_significant
columbia,5,Columbia,18,4,3,True,0.1178700516893202,0.092119262615046,0.20070784025468,-0.0626803853185568,0.2984204886971974,12.509789729630928,-6.07563782283187,34.77283732976877,60269.0,False,not_significant
columbia,6,Columbia,18,4,3,True,0.0583286579983198,0.0823255701787571,0.4786273355511281,-0.1030264945587687,0.2196838105554084,6.006333675896758,-9.789692765797277,24.568279656019065,60269.0,False,not_significant
columbia,7,Columbia,18,4,3,True,-0.0802354532789541,0.094134710647207,0.3940214383014432,-0.2647360958425789,0.1042651892846707,-7.710097879800937,-23.259155446581293,10.989474808646492,60269.0,False,not_significant
columbia,8,Columbia,18,4,3,True,-0.3849989541553396,0.0727754258530344,1.22160683449459e-07,-0.5276361677868522,-0.2423617405238271,-31.954865214937566,-41.00020211621814,-21.52277577225281,60269.0,True,significant_suppression
columbia,9,Columbia,18,4,3,True,0.0532622753669025,0.1265149962557389,0.6737581874162394,-0.1947025607985655,0.3012271115323706,5.47062323108205,-17.692056225864437,35.151625161221524,60269.0,False,not_significant
columbia,10,Columbia,18,4,3,True,-0.1529684213507326,0.1235299515134768,0.2156009959866667,-0.3950826773291263,0.0891458346276609,-14.184317918322254,-32.637565651504296,9.32400769610908,60269.0,False,not_significant
columbia,11,Columbia,18,4,3,True,0.0782321806783695,0.0591209414360065,0.1857500326311938,-0.037642735268305,0.1941070966250441,8.137370360513764,-3.694305428153655,21.422631553351717,60269.0,False,not_significant
columbia,12,Columbia,18,4,3,True,-0.1584326908783061,0.1781638161086826,0.3738671761721228,-0.5076273537995413,0.1907619720429289,-14.651959112567258,-39.807796606679126,21.017136317876982,60269.0,False,not_significant
columbus,1,Columbus,19,4,4,True,-0.0982261666484144,0.1445349650701422,0.4967568740444977,-0.3815094926926479,0.185057159395819,-9.355612680351877,-31.717009586708123,20.32872173323843,109580.0,False,not_significant
columbus,2,Columbus,19,4,4,True,-0.2343583409731359,0.1208209650620793,0.0524142322157227,-0.4711630810721836,0.0024463991259117,-20.892171066500108,-37.57242374511779,0.2449394001976079,109580.0,False,not_significant
columbus,3,Columbus,19,4,4,True,0.0215750331641008,0.2037704336471416,0.9156782647800296,-0.3778076778984054,0.4209577442266071,2.180945705774384,-31.463770169077133,52.34199037624276,109580.0,False,not_significant
columbus,4,Columbus,19,4,4,True,0.3603487667736945,0.1580125507397703,0.0225776215844044,0.0506498582184368,0.6700476753289522,43.3829399419883,5.195449557004972,95.43304917640158,109580.0,True,significant_enhancement
columbus,5,Columbus,19,4,4,True,0.1571205251604579,0.143445428651973,0.2733707340718145,-0.1240273487443191,0.438268399065235,17.013663630821753,-11.664431811629338,55.00208757484022,109580.0,False,not_significant
columbus,6,Columbus,19,4,4,True,0.0053145122923392,0.1762871310460974,0.9759498888615916,-0.3402019154959045,0.3508309400805829,0.5328659363282862,-28.83733801866667,42.02471987378558,109580.0,False,not_significant
columbus,7,Columbus,19,4,4,True,0.2638885005859485,0.139878041346982,0.0592193551061231,-0.0102674226821407,0.5380444238540378,30.198301786379236,-1.0214892634328732,71.26543592046997,109580.0,False,not_significant
columbus,8,Columbus,19,4,4,True,0.2119287616553816,0.1210284325102082,0.0799345584167355,-0.025282607169963,0.4491401304807264,23.6059827086057,-2.4965678601964303,56.696422126489,109580.0,False,not_significant
columbus,9,Columbus,19,4,4,True,-0.1935363464529988,0.1524127491235689,0.2041497147965485,-0.4922598455199326,0.1051871526139349,-17.596011527613996,-38.87564836941664,11.091850220290311,109580.0,False,not_significant
columbus,10,Columbus,19,4,4,True,-0.1543156332991689,0.1691074108971476,0.3614896362623875,-0.4857600681763945,0.1771288015780565,-14.299851988671552,-38.47705972810667,19.378484459705447,109580.0,False,not_significant
columbus,11,Columbus,19,4,4,True,0.1985057413232278,0.1747857171228287,0.2560783024700329,-0.1440679692495222,0.541079451895978,21.95790293915603,-13.417110368112406,71.78602091652483,109580.0,False,not_significant
columbus,12,Columbus,19,4,4,True,0.1571205251604625,0.1556964666163245,0.3129044391109215,-0.1480389419276762,0.4622799922486014,17.013663630822286,-13.760246913413988,58.76897818295062,109580.0,False,not_significant
corpuschristi,1,Corpus Christi,20,4,5,True,-10.19698050150264,1.0000000000000002e-06,0.0,-10.196982461466623,-10.196978541538655,-99.9962717275976,-99.99627173490488,-99.99627172029032,21916.0,True,significant_suppression
corpuschristi,2,Corpus Christi,20,4,5,True,-10.196980501506989,1e-06,0.0,-10.196982461470972,-10.196978541543002,-99.99627172759762,-99.99627173490488,-99.99627172029034,21916.0,True,significant_suppression
corpuschristi,3,Corpus Christi,20,4,5,True,-10.196980501504012,1.0000000000000002e-06,0.0,-10.196982461467996,-10.196978541540028,-99.9962717275976,-99.99627173490488,-99.99627172029032,21916.0,True,significant_suppression
corpuschristi,4,Corpus Christi,20,4,5,True,-10.196980501504244,1.0000000000000002e-06,0.0,-10.196982461468227,-10.196978541540258,-99.9962717275976,-99.99627173490488,-99.99627172029032,21916.0,True,significant_suppression
corpuschristi,5,Corpus Christi,20,4,5,True,-10.196980501504418,1.0000000000000002e-06,0.0,-10.196982461468403,-10.196978541540432,-99.9962717275976,-99.99627173490488,-99.99627172029032,21916.0,True,significant_suppression
corpuschristi,6,Corpus Christi,20,4,5,True,-10.196980501506465,1.0000000000000002e-06,0.0,-10.196982461470448,-10.196978541542478,-99.9962717275976,-99.99627173490488,-99.99627172029034,21916.0,True,significant_suppression
corpuschristi,7,Corpus Christi,20,4,5,True,-10.19698050150642,1.0000000000000002e-06,0.0,-10.196982461470403,-10.196978541542435,-99.9962717275976,-99.99627173490488,-99.99627172029034,21916.0,True,significant_suppression
corpuschristi,8,Corpus Christi,20,4,5,True,-10.196980501506436,1e-06,0.0,-10.19698246147042,-10.19697854154245,-99.9962717275976,-99.99627173490488,-99.99627172029034,21916.0,True,significant_suppression
corpuschristi,9,Corpus Christi,20,4,5,True,-10.196980501506433,1.0000000000000002e-06,0.0,-10.196982461470416,-10.196978541542446,-99.9962717275976,-99.99627173490488,-99.99627172029034,21916.0,True,significant_suppression
corpuschristi,10,Corpus Christi,20,4,5,True,-10.196980501505225,1.0000000000000004e-06,0.0,-10.196982461469208,-10.196978541541238,-99.9962717275976,-99.99627173490488,-99.99627172029032,21916.0,True,significant_suppression
corpuschristi,11,Corpus Christi,20,4,5,True,-10.19698050150769,1e-06,0.0,-10.196982461471675,-10.196978541543706,-99.99627172759762,-99.99627173490488,-99.99627172029034,21916.0,True,significant_suppression
corpuschristi,12,Corpus Christi,20,4,5,True,-10.196980501507548,1e-06,0.0,-10.196982461471531,-10.196978541543562,-99.99627172759762,-99.99627173490488,-99.99627172029034,21916.0,True,significant_suppression
dallas,1,Dallas,21,5,1,True,0.424765554874961,0.0622727024612852,9.037406390804402e-12,0.302713300830863,0.5468178089190588,52.923185667949646,35.35263539283897,72.77462420263625,147933.0,True,significant_enhancement
dallas,2,Dallas,21,5,1,True,0.4842872102071383,0.032933435909891,5.984312975001021e-49,0.4197388619365937,0.548835558477683,62.30177259748109,52.15641654145331,73.12359207084715,147933.0,True,significant_enhancement
dallas,3,Dallas,21,5,1,True,0.3180291693650457,0.0271750973722621,1.2307894489967663e-31,0.2647669572390429,0.3712913814910485,37.441635149513615,30.312725601627697,44.96054000374667,147933.0,True,significant_enhancement
dallas,4,Dallas,21,5,1,True,0.2653348210408115,0.0329429725107793,7.989057156130229e-16,0.200767781375991,0.329901860705632,30.38674649631088,22.23408885439031,39.08316265313756,147933.0,True,significant_enhancement
dallas,5,Dallas,21,5,1,True,0.0359010188182235,0.0447020613665848,0.4219066809051345,-0.051713411494982,0.1235154491314291,3.655324214817579,-5.039902742706682,13.146748459692992,147933.0,False,not_significant
dallas,6,Dallas,21,5,1,True,0.2120720709393415,0.043119437965001,8.73224306428047e-07,0.1275595254943303,0.2965846163843526,23.623697862823544,13.605249031459454,34.52563859128182,147933.0,True,significant_enhancement
dallas,7,Dallas,21,5,1,True,0.1829947335307613,0.0480871840438681,0.00014153044515588287,0.0887455846868306,0.2772438823746919,20.08080840453419,9.280259524183032,31.948813169642285,147933.0,True,significant_enhancement
dallas,8,Dallas,21,5,1,True,0.260847992068596,0.0419347001588525,4.960863066593516e-10,0.178657490054759,0.343038494082433,29.803033952970704,19.56111653147108,40.92230076289969,147933.0,True,significant_enhancement
dallas,9,Dallas,21,5,1,True,0.2415292008484461,0.0268202094114597,2.1469951771860728e-19,0.1889625563441628,0.2940958453527295,27.31946327382253,20.79957198600826,34.1912513581738,147933.0,True,significant_enhancement
dallas,10,Dallas,21,5,1,True,0.0288931308758206,0.025566906440317,0.2584345856506811,-0.021217084943306,0.0790033466949472,2.931458664863529,-2.0993586052343582,8.22079438841119,147933.0,False,not_significant
dallas,11,Dallas,21,5,1,True,0.0415248777817443,0.0279916650879313,0.137948800014812,-0.0133377776579084,0.096387533221397,4.2399094106057245,-1.32492236432743,10.118572736780653,147933.0,False,not_significant
dallas,12,Dallas,21,5,1,True,-0.1070625053602525,0.0393324955942351,0.0064890876424697,-0.1841527801470337,-0.0299722305734714,-10.153048792538357,-16.819128973882545,-2.952751736136938,147933.0,True,significant_suppression
denver,1,Denver,22,5,2,False,,,,,,,,,,,
denver,2,Denver,22,5,2,False,,,,,,,,,,,
denver,3,Denver,22,5,2,False,,,,,,,,,,,
denver,4,Denver,22,5,2,False,,,,,,,,,,,
denver,5,Denver,22,5,2,False,,,,,,,,,,,
denver,6,Denver,22,5,2,False,,,,,,,,,,,
denver,7,Denver,22,5,2,False,,,,,,,,,,,
denver,8,Denver,22,5,2,False,,,,,,,,,,,
denver,9,Denver,22,5,2,False,,,,,,,,,,,
denver,10,Denver,22,5,2,False,,,,,,,,,,,
denver,11,Denver,22,5,2,False,,,,,,,,,,,
denver,12,Denver,22,5,2,False,,,,,,,,,,,
detroit,1,Detroit,23,5,3,True,-1.3589763697341533,0.5521718692196749,0.0138493447717705,-2.4412133466808763,-0.27673939278743,-74.30763627941963,-91.2944840734238,-24.17479226757274,71227.0,True,significant_suppression
detroit,2,Detroit,23,5,3,True,-1.8698019935010883,0.8409978078761451,0.026194650705111,-3.5181274080154683,-0.2214765789867085,-84.58458176766634,-97.03450852379564,-19.86653100014217,71227.0,True,significant_suppression
detroit,3,Detroit,23,5,3,True,-1.0225041331134497,0.7319891667533531,0.1624483836651609,-2.457176537023505,0.4121682707966063,-64.03069079120579,-91.43234857497085,51.00885187488156,71227.0,False,not_significant
detroit,4,Detroit,23,5,3,True,-2.9684142821714103,0.8409978078781637,0.0004161352366004,-4.616739696689747,-1.3200888676530742,-94.86152725590014,-99.01150284127132,-73.28884366666747,71227.0,True,significant_suppression
detroit,5,Detroit,23,5,3,True,-2.968414282171413,0.8409978078781637,0.0004161352366004738,-4.6167396966897485,-1.3200888676530764,-94.86152725590016,-99.01150284127132,-73.28884366666753,71227.0,True,significant_suppression
detroit,6,Detroit,23,5,3,True,-1.582119921047212,0.8409978078774789,0.0599390839375925,-3.230445335564206,0.066205493469782,-79.44610902351205,-96.0460113650629,6.844625333646981,71227.0,False,not_significant
detroit,7,Detroit,23,5,3,True,-1.8698019935009773,0.6589132748267079,0.0045439049490175,-3.161248281096668,-0.5783557059052877,-84.58458176766463,-95.7627185129825,-43.918023854232345,71227.0,True,significant_suppression
detroit,8,Detroit,23,5,3,True,-1.1766548129408512,0.258635198649396,5.377948527220775e-06,-1.6835704874280295,-0.6697391384536726,-69.16916353532368,-81.4290283328404,-48.81579197105095,71227.0,True,significant_suppression
detroit,9,Detroit,23,5,3,True,-1.176654812940817,0.6254485461916678,0.0599314551318016,-2.402511437659422,0.0492018117777879,-69.16916353532261,-90.95095933406752,5.043231896420264,71227.0,False,not_significant
detroit,10,Detroit,23,5,3,True,-1.358976369734157,0.5028425095378359,0.0068801871423271,-2.344529578324054,-0.3734231611442602,-74.30763627941973,-90.41076986610494,-31.1626121874641,71227.0,True,significant_suppression
detroit,11,Detroit,23,5,3,True,-2.2752671016087467,0.8409978078772975,0.0068214460179094,-3.923592516125385,-0.6269416870921083,-89.72305451177236,-98.02300568253388,-46.577687333280416,71227.0,True,significant_suppression
detroit,12,Detroit,23,5,3,True,-11.932614134619346,0.0014641869241904,0.0,-11.935483888257394,-11.929744380981298,-99.99934274858973,-99.99934463203554,-99.9993408597311,71227.0,True,significant_suppression
fortworth,1,Fort Worth,24,5,4,True,0.2339730660827335,0.0318491726139028,2.0379318255218638e-13,0.1715498348220846,0.2963962973433824,26.36104577699128,18.714330233343237,34.500307237299424,131496.0,True,significant_enhancement
fortworth,2,Fort Worth,24,5,4,True,0.4695248352714556,0.0205969683137627,5.044196608171506e-115,0.4291555191857679,0.5098941513571434,59.92341130068222,53.59598870547895,66.51149354615184,131496.0,True,significant_enhancement
fortworth,3,Fort Worth,24,5,4,True,0.2724778305461612,0.036105867708761,4.46645640541672e-14,0.201711630206422,0.3432440308859005,31.32143453449636,22.3495138194846,40.95126845899764,131496.0,True,significant_enhancement
fortworth,4,Fort Worth,24,5,4,True,0.2435162312715855,0.0479179145434773,3.735885681047322e-07,0.1495988445521018,0.3374336179910692,27.57270243444183,16.13682600642492,40.13465811030763,131496.0,True,significant_enhancement
fortworth,5,Fort Worth,24,5,4,True,0.1064358932880875,0.0418940047233619,0.0110662556918726,0.0243251528621473,0.1885466337140278,11.230661784012064,2.462342297125386,20.749339157517863,131496.0,True,significant_enhancement
fortworth,6,Fort Worth,24,5,4,True,0.2091250720483346,0.0394918623841266,1.1875840695729243e-07,0.1317224440930342,0.286527700003635,23.25991525906619,14.079164186260984,33.17950581112281,131496.0,True,significant_enhancement
fortworth,7,Fort Worth,24,5,4,True,0.1111415087575318,0.0571279047985447,0.0517165767277829,-0.0008271271598488117,0.2231101446749125,11.755303920769222,-0.0826785184471767,24.995824239837305,131496.0,False,not_significant
fortworth,8,Fort Worth,24,5,4,True,0.2907167641092615,0.0421867150007481,5.53267003011541e-12,0.2080323220817394,0.3734012061367835,33.738573466089235,23.12529655647142,45.26670418650427,131496.0,True,significant_enhancement
fortworth,9,Fort Worth,24,5,4,True,0.1124648419220636,0.0690587403591541,0.1034106775004039,-0.022887801999581,0.2478174858437083,11.90329131747847,-2.26278631788478,28.1226068958,131496.0,False,not_significant
fortworth,10,Fort Worth,24,5,4,True,-0.1223289176698268,0.0602490725308656,0.0423172439381124,-0.240414929932265,-0.0042429054073886,-11.514272456074137,-21.369846667230156,-0.4233917001053466,131496.0,True,significant_suppression
fortworth,11,Fort Worth,24,5,4,True,-0.0966549161182587,0.0471142141821103,0.0402180613289288,-0.1889970790751012,-0.0043127531614161,-9.2130756873823,-17.221107539951685,-0.4303466596517813,131496.0,True,significant_suppression
fortworth,12,Fort Worth,24,5,4,True,-0.0883847359454641,0.0627739011262523,0.1591353948575226,-0.2114193213219971,0.0346498494310688,-8.459138163582802,-19.056541746947964,3.5257149448276737,131496.0,False,not_significant
fresno,1,Fresno,25,5,5,True,0.2527240951405559,0.0810220118509103,0.0018134103243447,0.0939238699577942,0.4115243203233176,28.75279925947329,9.847611570077785,50.911640956113736,65748.0,True,significant_enhancement
fresno,2,Fresno,25,5,5,True,0.2747805783226192,0.0461336156305892,2.581862101955507e-09,0.1843603532100503,0.3652008034351881,31.624183118906004,20.2449051409604,44.08032973546512,65748.0,True,significant_enhancement
fresno,3,Fresno,25,5,5,True,0.262099391461131,0.0446866977526023,4.484118836123754e-09,0.1745150732780035,0.3496837096442585,29.965571069021717,19.066868952992056,41.86187821874756,65748.0,True,significant_enhancement
fresno,4,Fresno,25,5,5,True,0.4386050995602816,0.0405413520435836,2.8070271101168783e-27,0.3591455096702985,0.5180646894502648,55.05428564152424,43.21051715627136,67.8775551768236,65748.0,True,significant_enhancement
fresno,5,Fresno,25,5,5,True,0.4426285878949413,0.0452097970741417,1.2362675035091814e-22,0.3540190138812591,0.5312381619086235,55.67940148088071,42.47822768633733,70.10371646958178,65748.0,True,significant_enhancement
fresno,6,Fresno,25,5,5,True,0.3489710120184718,0.0383700925378532,9.46994996854403e-20,0.2737670125608104,0.4241750114761332,41.76080961490647,31.49084094041936,52.8329045502085,65748.0,True,significant_enhancement
fresno,7,Fresno,25,5,5,True,0.3192435301414908,0.0850248821465602,0.00017354428909245782,0.1525978233444702,0.4858892369385114,37.60864026199555,16.485640667083178,62.56199275990526,65748.0,True,significant_enhancement
fresno,8,Fresno,25,5,5,True,0.3322394604133702,0.043994400735678,4.290926920963629e-14,0.2460120194500188,0.4184669013767215,39.408663710874,27.89149453036215,51.96300261420148,65748.0,True,significant_enhancement
fresno,9,Fresno,25,5,5,True,0.2257550214283571,0.0795007773060194,0.0045161918083384,0.0699363611656199,0.3815736816910944,25.326860371554805,7.243993025542839,46.45875715248893,65748.0,True,significant_enhancement
fresno,10,Fresno,25,5,5,True,0.2371594812874257,0.0646863651036276,0.0002460872834548761,0.110376535393507,0.3639424271813444,26.76432670355664,11.669846780366754,43.89913649842359,65748.0,True,significant_enhancement
fresno,11,Fresno,25,5,5,True,0.3337433357570544,0.0691012129656621,1.3668716933570478e-06,0.1983074470563244,0.4691792244577843,39.618474688159445,21.93372178377111,59.86814959044986,65748.0,True,significant_enhancement
fresno,12,Fresno,25,5,5,True,0.1825617140411703,0.0394253572195308,3.6466772543141366e-06,0.1052894338132636,0.259833994269077,20.02882233047312,11.103213409076872,29.671480670812667,65748.0,True,significant_enhancement
gilbert,1,Gilbert,26,6,1,True,-0.2014060331275572,1e-06,0.0,-0.2014079930915417,-0.2014040731635726,-18.24196005762085,-18.242120300277552,-18.241799814650093,5479.0,True,significant_suppression
gilbert,2,Gilbert,26,6,1,True,0.2407024673327827,1e-06,0.0,0.2407005073687982,0.2407044272967672,27.214247505031807,27.21399816993273,27.214496840619585,5479.0,True,significant_enhancement
gilbert,3,Gilbert,26,6,1,True,0.1581219797341703,1e-06,0.0,0.1581200197701858,0.1581239396981548,17.1309061962047,17.130676624072038,17.13113576878729,5479.0,True,significant_enhancement
gilbert,4,Gilbert,26,6,1,True,-0.0374288740286977,1e-06,0.0,-0.0374308339926823,-0.0374269140647132,-3.673707170425322,-3.6738959663050186,-3.6735183741756,5479.0,True,significant_suppression
gilbert,5,Gilbert,26,6,1,True,0.1106081399239419,1e-06,0.0,0.1106061799599573,0.1106100998879264,11.69571301804735,11.695494098687153,11.695931937836646,5479.0,True,significant_enhancement
gilbert,6,Gilbert,26,6,1,True,-0.0409417581962272,1e-06,0.0,-0.0409437181602117,-0.0409397982322427,-4.01149662444058,-4.011684758265755,-4.011308490246668,5479.0,True,significant_suppression
gilbert,7,Gilbert,26,6,1,True,0.1261123264711492,1e-06,0.0,0.1261103665071646,0.1261142864351337,13.440958535229663,13.440736195254456,13.441180875640658,5479.0,True,significant_enhancement
gilbert,8,Gilbert,26,6,1,True,0.0298676442472131,1e-06,0.0,0.0298656842832285,0.0298696042111976,3.0318156393339235,3.031613700883895,3.0320175781797243,5479.0,True,significant_enhancement
gilbert,9,Gilbert,26,6,1,True,-0.0497073365159874,1e-06,0.0,-0.049709296479972,-0.0497053765520029,-4.849214464053109,-4.849400955983107,-4.849027971757602,5479.0,True,significant_suppression
gilbert,10,Gilbert,26,6,1,True,-0.0080346401871667,1e-06,0.0,-0.0080366001511512,-0.0080326802231821,-0.8002448738960943,-0.8004393016528777,-0.8000504457582269,5479.0,True,significant_suppression
gilbert,11,Gilbert,26,6,1,True,-0.3932969858884809,1e-06,0.0,-0.3932989458524655,-0.3932950259244964,-32.51716966601893,-32.517301929806344,-32.51703740197228,5479.0,True,significant_suppression
gilbert,12,Gilbert,26,6,1,True,0.1347703892030317,1e-06,0.0,0.1347684292390472,0.1347723491670162,14.427401651642048,14.427177378275749,14.427625925447906,5479.0,True,significant_enhancement
henderson,1,Henderson,27,6,2,True,0.1348604249179433,0.1358195157691152,0.3207399309327065,-0.1313409343871923,0.401061784223079,14.437704668368024,-12.308124833684095,49.340953479747625,21916.0,False,not_significant
henderson,2,Henderson,27,6,2,True,0.1535966285408563,0.0605298958653943,0.0111636735620781,0.0349602126567234,0.2722330444249892,16.602045253361442,3.5578505062464405,31.289292803995195,21916.0,True,significant_enhancement
henderson,3,Henderson,27,6,2,True,0.0781575068248484,0.1502342583946452,0.6028979965280806,-0.2162962288727403,0.3726112425224372,8.129295627848766,-19.450334483795302,45.1519940901874,21916.0,False,not_significant
henderson,4,Henderson,27,6,2,True,-0.0615116181608595,0.0743758259203276,0.408215646693072,-0.2072855582851223,0.0842623219634032,-5.965797936889472,-18.72124813643574,8.791424018037809,21916.0,False,not_significant
henderson,5,Henderson,27,6,2,True,0.1409851901119536,0.081036359568088,0.081898192201806,-0.0178431560797366,0.299813536303644,15.14075956408858,-1.7684909573834506,34.96071313781501,21916.0,False,not_significant
henderson,6,Henderson,27,6,2,True,0.1139565177239656,0.165220031871737,0.4903666415390157,-0.2098687942691988,0.4377818297171301,12.070339309038513,-18.93093937540582,54.92668665550968,21916.0,False,not_significant
henderson,7,Henderson,27,6,2,True,0.2768747274638276,0.1420411723761387,0.0512647595061681,-0.0015208547152499,0.5552703096429052,31.90011260685701,-0.151969880178393,74.2411911864831,21916.0,False,not_significant
henderson,8,Henderson,27,6,2,True,-0.1447197933664802,0.1716019173717545,0.3990349542411534,-0.4810533710931373,0.1916137843601767,-13.473528794247423,-38.18680735540736,21.120264121721743,21916.0,False,not_significant
henderson,9,Henderson,27,6,2,True,-0.1087202870416688,0.1066225693603543,0.3078829841251886,-0.3176966829270872,0.1002561088437494,-10.301872030079206,-27.21764837638133,10.545399836975754,21916.0,False,not_significant
henderson,10,Henderson,27,6,2,True,0.0919504084205155,0.092538221936874,0.320394323366728,-0.0894211737691318,0.2733219906101629,9.631045296573504,-8.553965425432109,31.432337648481838,21916.0,False,not_significant
henderson,11,Henderson,27,6,2,True,0.0099650685716723,0.1034956603523543,0.9232943090643628,-0.1928826982751321,0.2128128354184767,1.0014885205376078,-17.542130703067095,23.715307833496663,21916.0,False,not_significant
henderson,12,Henderson,27,6,2,True,0.0269146268854426,0.0165375305273455,0.1036335670061074,-0.0054983373413861,0.0593275911122715,2.728009691828537,-0.5483249150613267,6.112279820640354,21916.0,False,not_significant
hollywood,1,Hollywood,28,6,3,False,,,,,,,,,,,
hollywood,2,Hollywood,28,6,3,False,,,,,,,,,,,
hollywood,3,Hollywood,28,6,3,False,,,,,,,,,,,
hollywood,4,Hollywood,28,6,3,False,,,,,,,,,,,
hollywood,5,Hollywood,28,6,3,False,,,,,,,,,,,
hollywood,6,Hollywood,28,6,3,False,,,,,,,,,,,
hollywood,7,Hollywood,28,6,3,False,,,,,,,,,,,
hollywood,8,Hollywood,28,6,3,False,,,,,,,,,,,
hollywood,9,Hollywood,28,6,3,False,,,,,,,,,,,
hollywood,10,Hollywood,28,6,3,False,,,,,,,,,,,
hollywood,11,Hollywood,28,6,3,False,,,,,,,,,,,
hollywood,12,Hollywood,28,6,3,False,,,,,,,,,,,
houston,1,Houston,29,6,4,True,0.2856107947038573,0.0184670532869041,5.888442905500858e-54,0.2494160353609432,0.3218055540467714,33.05744878234238,28.3275810141906,37.96164890311389,295866.0,True,significant_enhancement
houston,2,Houston,29,6,4,True,0.2242250125299741,0.0373608106387561,1.9537058590800242e-09,0.1509991692447911,0.2974508558151571,25.135255775725906,16.299569191668994,34.6422204905128,295866.0,True,significant_enhancement
houston,3,Houston,29,6,4,True,0.3414798140353495,0.0308822959663095,2.017249415102385e-28,0.2809516261814763,0.4020080018892228,40.70281907980713,32.43895366065806,49.48232940385924,295866.0,True,significant_enhancement
houston,4,Houston,29,6,4,True,0.3105115241932575,0.0302583214212514,1.0449668734692944e-24,0.2512063039749679,0.3698167444115472,36.41227174690322,28.557527626479363,44.746933351246,295866.0,True,significant_enhancement
houston,5,Houston,29,6,4,True,0.1973542056481426,0.020685163432249,1.4165552214169982e-21,0.1568120303066094,0.2378963809896757,21.81754489222214,16.977571085230213,26.85777372447273,295866.0,True,significant_enhancement
houston,6,Houston,29,6,4,True,0.2118117875538587,0.0337001855624647,3.2747058399679114e-10,0.145760637579111,0.2778629375286063,23.5915248554492,15.691923191754851,32.030522051030474,295866.0,True,significant_enhancement
houston,7,Houston,29,6,4,True,0.0797470964984661,0.0316918115200979,0.0118583663399514,0.0176322873142426,0.1418619056826897,8.301313522307542,1.7788653773011864,15.241749524091318,295866.0,True,significant_enhancement
houston,8,Houston,29,6,4,True,0.1207246753431339,0.0534393539776111,0.0238773620930429,0.0159854661899288,0.225463884496339,12.831421687364376,1.6113917292091884,25.29037840480839,295866.0,True,significant_enhancement
houston,9,Houston,29,6,4,True,0.1019820505127415,0.0269175451379231,0.00015144790362719225,0.0492246314901809,0.1547394695353021,10.736359494080697,5.04562898011125,16.73537902585167,295866.0,True,significant_enhancement
houston,10,Houston,29,6,4,True,0.1503440611710754,0.0243546569508845,6.695811508341481e-10,0.1026098106915136,0.1980783116506372,16.223405355417817,10.805897195129454,21.905785651663944,295866.0,True,significant_enhancement
houston,11,Houston,29,6,4,True,0.0398618766771448,0.0817636150689778,0.6258857220616152,-0.120391864103848,0.2001156174581378,4.0667023877657416,-11.342704747722344,22.154398180623303,295866.0,False,not_significant
houston,12,Houston,29,6,4,True,-0.0535822498327003,0.0528793512840386,0.3109204708992349,-0.1572238738752578,0.0500593742098572,-5.217202089503948,-14.54872656750842,5.133351661977503,295866.0,False,not_significant
indianapolis,1,Indianapolis,30,6,5,True,0.3866741011550568,0.3902595873049515,0.3217771146298132,-0.3782206345841128,1.1515688368942265,47.2076665005176,-31.492066820351205,216.3151487828713,115059.0,False,not_significant
indianapolis,2,Indianapolis,30,6,5,True,-0.0079800952619225,0.1995000908314784,0.968092760125927,-0.3989930882040896,0.3830328976802445,-0.7948338830988,-32.9004660879741,46.67262811669235,115059.0,False,not_significant
indianapolis,3,Indianapolis,30,6,5,True,0.1228595057093173,0.1615782951847037,0.4470326463682061,-0.1938281335360834,0.4395471449547182,13.072554930346511,-17.620052439460554,55.20042264023635,115059.0,False,not_significant
indianapolis,4,Indianapolis,30,6,5,True,0.1599007773774982,0.1069766385398678,0.134985930810921,-0.0497695813478021,0.3695711361027985,17.339443794214795,-4.855136924372649,44.71138666720822,115059.0,False,not_significant
indianapolis,5,Indianapolis,30,6,5,True,0.1228595058181604,0.1175070702838851,0.2957688896073989,-0.1074501198670711,0.3531691315033921,13.07255494265367,-10.187868025563915,42.35718939283883,115059.0,False,not_significant
indianapolis,6,Indianapolis,30,6,5,True,-0.366192318512306,0.1236166679066742,0.0030532874459524,-0.6084765354982359,-0.1239081015263762,-30.663055939298555,-45.582072430064336,-11.653897412791082,115059.0,True,significant_suppression
indianapolis,7,Indianapolis,30,6,5,True,-0.0297200818813697,0.2689964509752077,0.9120247187841692,-0.556943437761871,0.4975032739991315,-2.928278314074117,-42.70423290947727,64.46099999293831,115059.0,False,not_significant
indianapolis,8,Indianapolis,30,6,5,True,-0.2778997113234728,0.1676577045475299,0.0974099153962824,-0.6065027739672887,0.0507033513203429,-24.26272263811921,-45.47455834935852,5.2010769384198685,115059.0,False,not_significant
indianapolis,9,Indianapolis,30,6,5,True,-0.4630421445210736,0.1255107188750785,0.0002249039734680608,-0.7090386331899591,-0.2170456558521881,-37.06338923839581,-50.7882924857213,-19.510677961979084,115059.0,True,significant_suppression
indianapolis,10,Indianapolis,30,6,5,True,0.1868082302945058,0.1557913693293214,0.2304920605034121,-0.118537242693142,0.4921537032821537,20.53961044279633,-11.17812646169959,63.583553317368136,115059.0,False,not_significant
indianapolis,11,Indianapolis,30,6,5,True,0.0132973031810759,0.139143811662282,0.9238659222130742,-0.2594195563486212,0.286014162710773,1.3386105490883482,-22.85007322840757,33.111130726324504,115059.0,False,not_significant
indianapolis,12,Indianapolis,30,6,5,True,0.1133807617827042,0.167005887133,0.4971994613737645,-0.213944762204137,0.4407062857695455,12.005832717150875,-19.26070176003173,55.3804260891148,115059.0,False,not_significant
jacksonville,1,Jacksonville,31,7,1,True,-0.1182165800798717,0.1533235124332781,0.4406908805880076,-0.418725142432276,0.1822919822725324,-11.14964004059421,-34.21150049108286,19.99645110990795,126017.0,False,not_significant
jacksonville,2,Jacksonville,31,7,1,True,-0.359609852139905,0.1430122054786126,0.0119187920773902,-0.6399086242276275,-0.0793110800521825,-30.205142389788328,-47.265939200304885,-7.62474812374233,126017.0,True,significant_suppression
jacksonville,3,Jacksonville,31,7,1,True,-0.2216497293478526,0.1125721699815084,0.048958062535176,-0.4422871281731302,-0.001012330522575,-19.88040493806588,-35.74348895806413,-0.1011818288896071,126017.0,True,significant_suppression
jacksonville,4,Jacksonville,31,7,1,True,-0.073489845989528,0.1004864980283472,0.4645711968509548,-0.2704397630576437,0.1234600710785877,-7.085441970242745,-23.695613795896755,13.14048278656994,126017.0,False,not_significant
jacksonville,5,Jacksonville,31,7,1,True,-0.3064081088528575,0.1314384539249848,0.0197433033334305,-0.564022744729455,-0.04879347297626,-26.39138451271272,-43.1084148805154,-4.762219885843233,126017.0,True,significant_suppression
jacksonville,6,Jacksonville,31,7,1,True,-0.37304320553242,0.1511607809402798,0.0135924572037202,-0.6693128920503172,-0.0767735190145229,-31.13645206613257,-48.79397023608239,-7.390042619909487,126017.0,True,significant_suppression
jacksonville,7,Jacksonville,31,7,1,True,-0.0575043403450258,0.1152573604325223,0.6178348997696834,-0.2834046157459215,0.1683959350558697,-5.588220741943561,-24.678503643880013,18.34050694543501,126017.0,False,not_significant
jacksonville,8,Jacksonville,31,7,1,True,-0.1045054887436948,0.1456472399389212,0.4730504157447668,-0.3899688334716442,0.1809578559842545,-9.923014670153806,-32.292202366072395,19.83646743292624,126017.0,False,not_significant
jacksonville,9,Jacksonville,31,7,1,True,-0.3501680572129011,0.1643063474838857,0.033073486239609,-0.6722025807126404,-0.0281335337131617,-29.5430328246834,-48.94172613264705,-2.774147115894199,126017.0,True,significant_suppression
jacksonville,10,Jacksonville,31,7,1,True,0.008770830722212,0.0985763308122799,0.929101764802572,-0.1844352273979626,0.2019768888423867,0.8809407157972293,-16.84261986460883,22.381972389398964,126017.0,False,not_significant
jacksonville,11,Jacksonville,31,7,1,True,0.026977835408947,0.13107654513572,0.8369335388831547,-0.229927472275003,0.2838831430928971,2.734503182863524,-20.54087696922613,32.82777032590924,126017.0,False,not_significant
jacksonville,12,Jacksonville,31,7,1,True,-0.1750017529627834,0.1128072204964572,0.1208215007428301,-0.396099842331908,0.0460963364063412,-16.054445076641855,-32.70604952662066,4.717528720181008,126017.0,False,not_significant
kansascity,1,Kansas City,32,7,2,True,-0.0254776066672607,0.0449946403308891,0.5712330356141168,-0.1136654812131367,0.0627102678786153,-2.515579126794532,-10.744351713996348,6.471831144320683,197244.0,False,not_significant
kansascity,2,Kansas City,32,7,2,True,0.2514781916113369,0.0515015310547831,1.0452283100393686e-06,0.1505370455952908,0.352419337627383,28.592485580905613,16.245836826773363,42.25049084998196,197244.0,True,significant_enhancement
kansascity,3,Kansas City,32,7,2,True,0.2476587379263788,0.0441734949806029,2.0645794131239764e-08,0.1610802786931362,0.3342371971596213,28.102269313109616,17.477927477334365,39.687443893105545,197244.0,True,significant_enhancement
kansascity,4,Kansas City,32,7,2,True,0.1824644448678462,0.0484797567846093,0.00016740135229590804,0.0874458675907505,0.2774830221449418,20.017147793945437,9.138318364272813,31.980371151742325,197244.0,True,significant_enhancement
kansascity,5,Kansas City,32,7,2,True,0.0328949594209566,0.0398253124523886,0.4088147557368186,-0.0451612186587795,0.1109511375006928,3.344198019584521,-4.415663037550233,11.734030948048924,197244.0,False,not_significant
kansascity,6,Kansas City,32,7,2,True,0.3005868869962456,0.0395613256430719,3.007461633611853e-14,0.2230481135551637,0.3781256604373274,35.06512546726395,24.988070849374,45.95463385839689,197244.0,True,significant_enhancement
kansascity,7,Kansas City,32,7,2,True,0.2853864816149238,0.0370988537601443,1.4417960099848493e-14,0.2126740643773225,0.3580988988525251,33.02760560223348,23.69814092258449,43.06070988842507,197244.0,True,significant_enhancement
kansascity,8,Kansas City,32,7,2,True,0.2944573614457432,0.0398079745979323,1.3935421394044912e-13,0.2164351649363105,0.3724795579551758,34.23977242512626,24.16425807682936,45.13288107113096,197244.0,True,significant_enhancement
kansascity,9,Kansas City,32,7,2,True,0.2683606967615375,0.0373570370420843,6.786362051972998e-13,0.1951422495899235,0.3415791439331515,30.781878094911,21.548387627564768,40.71679577058691,197244.0,True,significant_enhancement
kansascity,10,Kansas City,32,7,2,True,0.3979774493967914,0.0663786339832217,2.02778510986884e-09,0.2678777174467103,0.5280771813468725,48.88104559548776,30.71872840426164,69.56687085462094,197244.0,True,significant_enhancement
kansascity,11,Kansas City,32,7,2,True,0.296708251964932,0.0531564798324585,2.380571413770015e-08,0.1925234659483836,0.4008930379814804,34.54227177491735,21.23049512590798,49.31575488127535,197244.0,True,significant_enhancement
kansascity,12,Kansas City,32,7,2,True,0.3984372200912031,0.0529617674192887,5.348824547280981e-14,0.2946340633918103,0.502240376790596,48.949512475532345,34.26349494999981,65.24191683644828,197244.0,True,significant_enhancement
lasvegas,1,Las Vegas,33,7,3,True,0.1566920028137808,0.0731117249460244,0.0320981907272487,0.0133956550719743,0.2999883505555873,16.963531403246446,1.348577883201929,34.98430825624534,82185.0,True,significant_enhancement
lasvegas,2,Las Vegas,33,7,3,True,0.1484355324360382,0.0432911373396575,0.0006063138531335155,0.0635864624005324,0.2332846024715441,16.001801182844467,6.565162061556062,26.274080734670523,82185.0,True,significant_enhancement
lasvegas,3,Las Vegas,33,7,3,True,0.1675183145479827,0.0789216720219833,0.0337882632658375,0.0128346797852128,0.3222019493107525,18.23669445027649,1.2917397795373151,38.01634708768453,82185.0,True,significant_enhancement
lasvegas,4,Las Vegas,33,7,3,True,0.2777059752320555,0.0491798241850691,1.6351313823839136e-08,0.181315291063308,0.374096659400803,32.009799863418166,19.879308846192465,45.3677655277307,82185.0,True,significant_enhancement
lasvegas,5,Las Vegas,33,7,3,True,0.0140817810442494,0.0809261046824609,0.8618592583741268,-0.1445304695424921,0.172694031630991,1.4181396360744447,-13.457145721038463,18.850240530404115,82185.0,False,not_significant
lasvegas,6,Las Vegas,33,7,3,True,0.3068674650750903,0.0527835088171525,6.110702435975758e-09,0.2034136888158189,0.4103212413343616,35.916081985707926,22.5579371869131,50.73019150258893,82185.0,True,significant_enhancement
lasvegas,7,Las Vegas,33,7,3,True,0.1149936180770554,0.0432298696640191,0.0078129034547404,0.0302646304792171,0.1997226056748935,12.18662778849524,3.0727259714831368,22.106399495405448,82185.0,True,significant_enhancement
lasvegas,8,Las Vegas,33,7,3,True,0.0240246073935877,0.0929554748017958,0.7960574331675985,-0.1581647753837525,0.2062139901709279,2.4315523315740606,-14.629089986623924,22.901617323887645,82185.0,False,not_significant
lasvegas,9,Las Vegas,33,7,3,True,0.112628056510219,0.0802213303259704,0.1603288397433724,-0.0446028617205737,0.2698589747410118,11.92155705766118,-4.362277957245397,30.97797256830725,82185.0,False,not_significant
lasvegas,10,Las Vegas,33,7,3,True,0.2602189374460061,0.0379208563216084,6.782760692315704e-12,0.1858954247927355,0.3345424500992767,29.721406431213083,20.42963142556524,39.73009040464221,82185.0,True,significant_enhancement
lasvegas,11,Las Vegas,33,7,3,True,0.2278054387432489,0.0762295273884828,0.0028042878424473,0.078398310503313,0.3772125669831848,25.58409636652785,8.155336695252323,45.821424463187576,82185.0,True,significant_enhancement
lasvegas,12,Las Vegas,33,7,3,True,0.1386726339595716,0.0266264290779662,1.908023003107792e-07,0.0864857919298478,0.1908594759892954,14.874797736527468,9.033587603910998,21.028936541520803,82185.0,True,significant_enhancement
longbeach,1,Long Beach,34,7,4,False,,,,,,,,,,,
longbeach,2,Long Beach,34,7,4,False,,,,,,,,,,,
longbeach,3,Long Beach,34,7,4,False,,,,,,,,,,,
longbeach,4,Long Beach,34,7,4,False,,,,,,,,,,,
longbeach,5,Long Beach,34,7,4,False,,,,,,,,,,,
longbeach,6,Long Beach,34,7,4,False,,,,,,,,,,,
longbeach,7,Long Beach,34,7,4,False,,,,,,,,,,,
longbeach,8,Long Beach,34,7,4,False,,,,,,,,,,,
longbeach,9,Long Beach,34,7,4,False,,,,,,,,,,,
longbeach,10,Long Beach,34,7,4,False,,,,,,,,,,,
longbeach,11,Long Beach,34,7,4,False,,,,,,,,,,,
longbeach,12,Long Beach,34,7,4,False,,,,,,,,,,,
losangeles,1,Los Angeles,35,7,5,True,1.018628976598316,0.1137377121926282,3.3683033098018754e-19,0.7957071570167826,1.2415507961798495,176.9395254249006,121.60075081126668,246.0976574392987,208202.0,True,significant_enhancement
losangeles,2,Los Angeles,35,7,5,True,0.964388184138061,0.2605301881480905,0.00021421294000110173,0.4537583984823597,1.4750179697937624,162.3182260905437,57.42176181611156,337.11143202468634,208202.0,True,significant_enhancement
losangeles,3,Los Angeles,35,7,5,True,0.5859517484178949,0.0525424510233342,7.003966397673843e-29,0.4829704367527001,0.6889330600830896,79.67001787024958,62.08819857687645,99.15894929380175,208202.0,True,significant_enhancement
losangeles,4,Los Angeles,35,7,5,True,0.6629127895539823,0.1484188068390186,7.950918967958703e-06,0.3720172735210986,0.9538083055868658,94.0436192998616,45.06580390489847,159.55756062037847,208202.0,True,significant_enhancement
losangeles,5,Los Angeles,35,7,5,True,0.8328118263493357,0.1120624410349406,1.0722967279413762e-13,0.6131734779012086,1.0524501747974628,129.97762287389995,84.62812444228317,186.46614475718005,208202.0,True,significant_enhancement
losangeles,6,Los Angeles,35,7,5,True,0.9366086200310426,0.0734289521412011,2.9123574909721004e-37,0.7926905184117732,1.080526721650312,155.13142537574888,120.93326871378194,194.62309860896409,208202.0,True,significant_enhancement
losangeles,7,Los Angeles,35,7,5,True,0.9080352475870176,0.1022421776148881,6.613116159507799e-19,0.7076442617608896,1.1084262334131456,147.94462466094677,102.92053470515027,202.95867782718517,208202.0,True,significant_enhancement
losangeles,8,Los Angeles,35,7,5,True,1.1512655574675774,0.2212282874326088,1.9507462626227286e-07,0.7176660817381891,1.5848650331969658,216.2192314515198,104.96439225333933,387.8632880592981,208202.0,True,significant_enhancement
losangeles,9,Los Angeles,35,7,5,True,1.092769350786062,0.1655597002130293,4.0989780067974356e-11,0.7682783010772762,1.4172604004948477,198.25222966452932,115.6050985756667,312.5801898355598,208202.0,True,significant_enhancement
losangeles,10,Los Angeles,35,7,5,True,0.801063128034691,0.1636082801699244,9.769466660808529e-07,0.4803967913291005,1.1217294647402816,122.7908221590762,61.671577373978415,207.0159346778673,208202.0,True,significant_enhancement
losangeles,11,Los Angeles,35,7,5,True,0.7848026071627117,0.1460974867074777,7.796600352188247e-08,0.4984567949842361,1.071148419341187,119.19742180162812,64.61789179558876,191.87295014167097,208202.0,True,significant_enhancement
losangeles,12,Los Angeles,35,7,5,True,0.922423985039448,0.1011363916497912,7.471356784383295e-20,0.7242002998795197,1.1206476701993764,151.538025018435,106.30805942998352,206.68398609821529,208202.0,True,significant_enhancement
louisville,1,Louisville,36,8,1,True,-1.9958091206223267,0.5287589882107131,0.00016031878995323665,-3.0321576940171635,-0.9594605472274902,-86.4096352775211,-95.17884998479082,-61.69005056732608,76706.0,True,significant_suppression
louisville,2,Louisville,36,8,1,True,-1.3371585683593004,0.3605323642421932,0.000208207029437391,-2.0437890175350755,-0.6305281191835254,-73.74092568140046,-87.04630379763168,-46.76893966807205,76706.0,True,significant_suppression
louisville,3,Louisville,36,8,1,True,-1.6556122994770182,0.4363000194490773,0.0001478430924039697,-2.5107446240513345,-0.8004799749027017,-80.90249140463928,-91.87922525200516,-55.08866507596076,76706.0,True,significant_suppression
louisville,4,Louisville,36,8,1,True,-1.4837620425523042,0.4730548620972241,0.0017094604874509,-2.410932534974425,-0.5565915501301831,-77.32170854305326,-91.02684222906612,-42.68406768995246,76706.0,True,significant_suppression
louisville,5,Louisville,36,8,1,True,-1.8878682270914549,0.6460820113292365,0.0034776286832106,-3.154165700355957,-0.6215707538269524,-84.86057968606787,-95.73260109610932,-46.28998774102566,76706.0,True,significant_suppression
louisville,6,Louisville,36,8,1,True,-1.8878682270914555,0.4402563462614469,1.8019877432959116e-05,-2.7507548097290866,-1.0249816444538244,-84.86057968606787,-93.61203739584148,-64.11969486285157,76706.0,True,significant_suppression
louisville,7,Louisville,36,8,1,True,-2.17555029954294,0.5880919974206937,0.00021616368622206952,-3.328189434083721,-1.0229111650021578,-88.64543476454753,-96.41420304532836,-64.0453284678659,76706.0,True,significant_suppression
louisville,8,Louisville,36,8,1,True,-2.29333333520152,0.585795932179693,9.044114679052404e-05,-3.441472264563786,-1.145194405839254,-89.90705312406443,-96.79824876380326,-68.18379407843608,76706.0,True,significant_suppression
louisville,9,Louisville,36,8,1,True,-0.9387876723948608,0.7291299902413133,0.1979043958589484,-2.367856193315876,0.4902808485261538,-60.8898308556969,-90.6318654148154,63.27747179411985,76706.0,False,not_significant
louisville,10,Louisville,36,8,1,True,-1.539561532825548,0.4799316630256114,0.0013371887816319,-2.48021030739616,-0.5989127582549362,-78.55248788864566,-91.62743843757062,-45.05913484938068,76706.0,True,significant_suppression
louisville,11,Louisville,36,8,1,True,-1.9748796040803456,0.3556091842537049,2.7998764241310312e-08,-2.671860797789275,-1.2778984103714164,-86.12219804555195,-93.08765192574604,-72.13777648087137,76706.0,True,significant_suppression
louisville,12,Louisville,36,8,1,True,-1.1146783388573456,0.4151107194621734,0.0072474381473555,-1.9282803985997157,-0.3010762791149758,-67.19792265312645,-85.46019897442369,-25.997867757779304,76706.0,True,significant_suppression
lubbock,1,Lubbock,37,8,2,True,0.6691882519779709,0.1774037062645253,0.0001618656996195659,0.3214833769755786,1.0168931269803632,95.26516160396956,37.91720798244058,176.4592170476567,32874.0,True,significant_enhancement
lubbock,2,Lubbock,37,8,2,True,0.6739829254948667,0.0760219730961124,7.607054260763257e-19,0.5249825961928134,0.82298325479692,96.20364235961154,69.04294282152495,127.72834306263934,32874.0,True,significant_enhancement
lubbock,3,Lubbock,37,8,2,True,0.5365445702251738,0.0923422887105653,6.232804170048558e-09,0.3555570101024661,0.7175321303478814,71.00875537464792,42.69752725985268,104.9369388267868,32874.0,True,significant_enhancement
lubbock,4,Lubbock,37,8,2,True,0.8606881844908739,0.0709042828389604,6.5837286326867975e-34,0.72171834377687,0.9996580252048778,136.47875439669997,105.7966467972375,171.73524035166835,32874.0,True,significant_enhancement
lubbock,5,Lubbock,37,8,2,True,0.8542241864552307,0.1021034650098178,5.94756281649652e-17,0.6541050723392421,1.0543433005712193,134.95508599290991,92.34204247757474,187.0089748598357,32874.0,True,significant_enhancement
lubbock,6,Lubbock,37,8,2,True,0.5378172517793733,0.1772463230571521,0.0024110026238203,0.1904208421952039,0.8852136613635427,71.2265336149996,20.975860801148396,142.35021449444628,32874.0,True,significant_enhancement
lubbock,7,Lubbock,37,8,2,True,0.8634198630251763,0.0977370621129576,1.008992035418932e-18,0.671858741329025,1.0549809847213274,137.1256214480763,95.7873120269267,187.19205430126763,32874.0,True,significant_enhancement
lubbock,8,Lubbock,37,8,2,True,0.8646358158697136,0.1049193929404879,1.7084392957899688e-16,0.6589975844265512,1.070274047312876,137.41413039307724,93.2853840185356,191.6178561380293,32874.0,True,significant_enhancement
lubbock,9,Lubbock,37,8,2,True,0.7066575921085698,0.0932417584628148,3.4885349718182876e-14,0.5239071036662699,0.8894080805508697,102.72041791254205,68.86123612946491,143.36886772004897,32874.0,True,significant_enhancement
lubbock,10,Lubbock,37,8,2,True,0.7725108506551874,0.0590485652468281,4.138391360714075e-39,0.6567777894326408,0.8882439118777341,116.51959179836872,92.85680594441142,143.08571016179226,32874.0,True,significant_enhancement
lubbock,11,Lubbock,37,8,2,True,0.8807244352956158,0.0634901763648762,9.386169108798957e-44,0.7562859762483622,1.0051628943428694,141.26468800394375,113.03493412471632,173.23523213128706,32874.0,True,significant_enhancement
lubbock,12,Lubbock,37,8,2,True,1.4325340470850043,0.2602207543822217,3.6901695380889257e-08,0.9225107404660065,1.9425573537040024,318.9301640307819,151.55984825371948,597.656973293483,32874.0,True,significant_enhancement
mesa,1,Mesa,38,8,3,True,-0.2058493038096595,0.1352216201897283,0.1279312769399158,-0.4708788093126812,0.0591802016933621,-18.60442729316395,-37.55467482553557,6.0966411458943215,27395.0,False,not_significant
mesa,2,Mesa,38,8,3,True,-0.2317007263420186,0.1634152187440431,0.156230169660746,-0.551988669606078,0.0885872169220406,-20.681653329286988,-42.41964120650225,9.262954424067704,27395.0,False,not_significant
mesa,3,Mesa,38,8,3,True,-0.1440790734166521,0.10871984577514,0.1850940478520972,-0.3571660555406758,0.0690079087073715,-13.418071793651553,-30.034369371846616,7.144468285729966,27395.0,False,not_significant
mesa,4,Mesa,38,8,3,True,-0.3225690703211888,0.0849700075678608,0.00014688965649056477,-0.4891072249202918,-0.1560309157220859,-27.57140965807845,-38.68264240188927,-14.446725945027929,27395.0,True,significant_suppression
mesa,5,Mesa,38,8,3,True,0.160745367243976,0.1677815653783064,0.3380308190383692,-0.1681004581672569,0.489591192655209,17.438589362158872,-15.473108374681088,63.16490534762098,27395.0,False,not_significant
mesa,6,Mesa,38,8,3,True,-0.1599232042040652,0.1595441923840056,0.3161622262367622,-0.4726240752192459,0.1527776668111153,-14.779076746040063,-37.66356347512389,16.506591732414755,27395.0,False,not_significant
mesa,7,Mesa,38,8,3,True,-0.1260174576338121,0.0584446550023821,0.0310692634916011,-0.2405668765273498,-0.0114680387402743,-11.840054399139875,-21.38179334364868,-1.1402531436561891,27395.0,True,significant_suppression
mesa,8,Mesa,38,8,3,True,-0.2614434192730384,0.1238559154978844,0.034783707420017,-0.5041965529211281,-0.0186902856249486,-23.00605620749553,-39.60093449394868,-1.8516705340513973,27395.0,True,significant_suppression
mesa,9,Mesa,38,8,3,True,-0.2357557745869802,0.1014590560348162,0.0201440281922138,-0.4346118703206512,-0.0368996788533091,-21.00264180003436,-35.24840615344914,-3.622718270646907,27395.0,True,significant_suppression
mesa,10,Mesa,38,8,3,True,-0.3827875340071781,0.1200290307073059,0.0014270435578868,-0.6180401112927499,-0.1475349567216062,-31.804222326922385,-46.1000217335326,-13.716772399347455,27395.0,True,significant_suppression
mesa,11,Mesa,38,8,3,True,-0.1293386331975425,0.0852642250185648,0.1292879940100986,-0.2964534434036485,0.0377761770085634,-12.13236338275686,-25.65497610289204,3.8498766963235065,27395.0,False,not_significant
mesa,12,Mesa,38,8,3,True,-0.4520613400995955,0.1673064071461787,0.0068924471116755,-0.7799758724889005,-0.1241468077102904,-36.36848631059109,-54.15829283652221,-11.674983656994796,27395.0,True,significant_suppression
miami,1,Miami,39,8,4,True,-0.0810076792817573,1.0000000000000002e-06,0.0,-0.0810096392457419,-0.0810057193177728,-7.781339031339196,-7.781519776416268,-7.781158285907863,32874.0,True,significant_suppression
miami,2,Miami,39,8,4,True,-9.125496234255596,1e-06,0.0,-9.12549819421958,-9.12549427429161,-99.98911452610002,-99.98911454743514,-99.98911450476488,32874.0,True,significant_suppression
miami,3,Miami,39,8,4,True,0.0860464053814154,1e-06,0.0,0.0860444454174309,0.0860483653454,8.985690235690758,8.985476627872412,8.98590384392779,32874.0,True,significant_enhancement
miami,4,Miami,39,8,4,True,-9.125496234254827,1.0000000000000004e-06,0.0,-9.125498194218814,-9.125494274290844,-99.9891145261,-99.98911454743512,-99.98911450476486,32874.0,True,significant_suppression
miami,5,Miami,39,8,4,True,0.2867171008435031,9.999999999999995e-07,0.0,0.2867151408795185,0.2867190608074876,33.204732510280245,33.2044714340578,33.204993587014386,32874.0,True,significant_enhancement
miami,6,Miami,39,8,4,True,0.2867171008435342,1.0000000000000004e-06,0.0,0.2867151408795496,0.2867190608075187,33.204732510284394,33.20447143406196,33.204993587018535,32874.0,True,significant_enhancement
miami,7,Miami,39,8,4,True,0.2867171008435346,1.0000000000000002e-06,0.0,0.2867151408795501,0.2867190608075192,33.204732510284465,33.204471434062,33.204993587018606,32874.0,True,significant_enhancement
miami,8,Miami,39,8,4,True,-9.1254962342604,1e-06,0.0,-9.125498194224386,-9.125494274296416,-99.98911452610008,-99.9891145474352,-99.98911450476491,32874.0,True,significant_suppression
miami,9,Miami,39,8,4,True,-9.125496234256682,1e-06,0.0,-9.125498194220668,-9.125494274292697,-99.98911452610002,-99.98911454743514,-99.98911450476488,32874.0,True,significant_suppression
miami,10,Miami,39,8,4,True,-9.125496234254811,1.0000000000000002e-06,0.0,-9.125498194218798,-9.125494274290828,-99.9891145261,-99.98911454743512,-99.98911450476486,32874.0,True,significant_suppression
miami,11,Miami,39,8,4,True,-9.125496234254816,1.0000000000000002e-06,0.0,-9.1254981942188,-9.125494274290832,-99.9891145261,-99.98911454743512,-99.98911450476486,32874.0,True,significant_suppression
miami,12,Miami,39,8,4,True,-9.125496234254816,1.0000000000000002e-06,0.0,-9.1254981942188,-9.12549427429083,-99.9891145261,-99.98911454743512,-99.98911450476486,32874.0,True,significant_suppression
milwaukee,1,Milwaukee,40,8,5,True,-3.2287819154849604,0.4935773311449651,6.086704580803627e-11,-4.196175708114492,-2.261388122855429,-96.03942874766328,-98.49469659201309,-89.57942660489056,65748.0,True,significant_suppression
milwaukee,2,Milwaukee,40,8,5,True,-3.18052582561595,0.3608613223982274,1.2107465138613805e-18,-3.887801020929973,-2.4732506303019277,-95.84362059334909,-97.95096456059656,-91.56896487009443,65748.0,True,significant_suppression
milwaukee,3,Milwaukee,40,8,5,True,-2.620912220273623,0.4649614795993457,1.7320158892703977e-08,-3.532219974486796,-1.7096044660604506,-92.72635191379229,-97.07600681404142,-81.90626546735646,65748.0,True,significant_suppression
milwaukee,4,Milwaukee,40,8,5,True,-2.9071212088360943,0.3342146322268971,3.3669695033471982e-18,-3.5621698511071123,-2.2520725665650763,-94.53672199321151,-97.16228164009004,-89.48189961303777,65748.0,True,significant_suppression
milwaukee,5,Milwaukee,40,8,5,True,-3.4049790919965144,0.6777479516856081,5.061659203037463e-07,-4.7333406678960985,-2.0766175160969302,-96.67924856224413,-99.12029660715284,-87.46464978875673,65748.0,True,significant_suppression
milwaukee,6,Milwaukee,40,8,5,True,-2.75489066746744,0.4715099084095073,5.136164441464928e-09,-3.679033106303853,-1.830748228631026,-93.63840254158218,-97.47526254353352,-83.9706413356785,65748.0,True,significant_suppression
milwaukee,7,Milwaukee,40,8,5,True,-3.265677573351418,0.5592062982592955,5.224970858633231e-09,-4.361701777867601,-2.1696533688352355,-96.18289373754044,-98.72433398348302,-88.57827987086301,65748.0,True,significant_suppression
milwaukee,8,Milwaukee,40,8,5,True,-3.17157738247979,0.7796634802387584,4.74428259586668e-05,-4.699689723808913,-1.643465041150668,-95.80626056081188,-99.09019004125156,-80.66909433702412,65748.0,True,significant_suppression
milwaukee,9,Milwaukee,40,8,5,True,-3.5307346016422145,0.5335478506835486,3.654089621513296e-11,-4.576469173010724,-2.4850000302737048,-97.07166036671698,-98.9708831441122,-91.66744480104904,65748.0,True,significant_suppression
milwaukee,10,Milwaukee,40,8,5,True,-2.837631323889552,0.537870126820081,1.3226383716926888e-07,-3.891837400816901,-1.7834252469622018,-94.14357785245096,-97.9592185766531,-83.19384919034853,65748.0,True,significant_suppression
milwaukee,11,Milwaukee,40,8,5,True,-2.4321671758706804,0.4876424770145373,6.113296766536373e-07,-3.387928868151074,-1.4764054835902862,-91.21537521270469,-96.62214356380235,-77.1542591844339,65748.0,True,significant_suppression
milwaukee,12,Milwaukee,40,8,5,True,-2.837631594706745,0.5185678610026164,4.4484798582888025e-08,-3.8540059258118458,-1.8212572636016444,-94.14357943847055,-97.88053380921926,-83.81778301409429,65748.0,True,significant_suppression
minneapolis,1,Minneapolis,41,9,1,True,0.0111305735762805,0.1511084396405407,0.9412813177988896,-0.2850365258792237,0.3072976730317848,1.1192748878480208,-24.801321316080514,35.97456674502331,38353.0,False,not_significant
minneapolis,2,Minneapolis,41,9,1,True,-0.0771620334891537,0.1355871346816315,0.5692913056165485,-0.3429079342321333,0.1885838672538257,-7.426015940316266,-29.029645204536003,20.75383516654361,38353.0,False,not_significant
minneapolis,3,Minneapolis,41,9,1,True,0.3831796847673874,0.1571130615473188,0.0147329164637092,0.0752437426338177,0.6911156269009571,46.69415934475168,7.8146909227923,99.59410170988288,38353.0,True,significant_enhancement
minneapolis,4,Minneapolis,41,9,1,True,-0.2749877600592491,0.1179955762549118,0.0197801562890529,-0.5062548398539259,-0.0437206802645722,-24.04185796003489,-39.72512524728563,-4.277870906671788,38353.0,True,significant_suppression
minneapolis,5,Minneapolis,41,9,1,True,-0.5059744969574178,0.2315671251705277,0.0288887425903193,-0.9598377222951308,-0.0521112716197048,-39.70822524552374,-61.70449740043076,-5.077676064097703,38353.0,True,significant_suppression
minneapolis,6,Minneapolis,41,9,1,True,-0.3262810503813436,0.1472735899714694,0.0267274348561438,-0.614931982599343,-0.0376301181633442,-27.83976476866889,-45.93223304516657,-3.693090321431381,38353.0,True,significant_suppression
minneapolis,7,Minneapolis,41,9,1,True,-0.1740118594638725,0.0880140213240173,0.0480311779499587,-0.3465161713934868,-0.0015075475342581,-15.971306775317618,-29.28526163637876,-0.1506411755292758,38353.0,True,significant_suppression
minneapolis,8,Minneapolis,41,9,1,True,0.1051595234205144,0.2048607257559451,0.6077260769012887,-0.296360120907875,0.5066791677489039,11.088780884474955,-25.64803771596485,65.97702144370558,38353.0,False,not_significant
minneapolis,9,Minneapolis,41,9,1,True,-0.0874714031612556,0.0937341749255692,0.3507240332923474,-0.2711870101359486,0.0962442038134373,-8.375492701115927,-23.752610727502155,10.1027906379914,38353.0,False,not_significant
minneapolis,10,Minneapolis,41,9,1,True,-0.3873169613457587,0.2347610478442744,0.0989767159946129,-0.847440160093421,0.0728062374019036,-32.11241165920359,-57.14895526780405,7.552212076329878,38353.0,False,not_significant
minneapolis,11,Minneapolis,41,9,1,True,-0.4085191406643115,0.1856871199912608,0.0278040383877526,-0.7724592082401502,-0.0445790730884728,-33.536624916176635,-53.81241783053905,-4.360002839599897,38353.0,True,significant_suppression
minneapolis,12,Minneapolis,41,9,1,True,-0.2261976021264752,0.3427480180319924,0.5092839547175603,-0.8979713732416652,0.4455761689887147,-20.24395135544785,-59.260472501907934,56.13895609589663,38353.0,False,not_significant
miramar,1,Miramar,42,9,2,True,-0.0717605343322176,0.1692711936967806,0.671610844717117,-0.4035259775980111,0.2600049089335757,-6.924624730421536,-33.203932544028525,29.6936453225046,16437.0,False,not_significant
miramar,2,Miramar,42,9,2,True,-0.2312332450105408,0.1048375241537723,0.0274096115733884,-0.4367110165802826,-0.025755473440799,-20.644564814556052,-35.38418665804935,-2.5426630452580423,16437.0,True,significant_suppression
miramar,3,Miramar,42,9,2,True,0.1587808521145786,0.2171096674715106,0.464571875406281,-0.2667462768250493,0.5843079810542067,17.20810594478783,-23.41326348846011,79.37492475729977,16437.0,False,not_significant
miramar,4,Miramar,42,9,2,True,0.3371885088106593,0.2275160117343256,0.1383288582389902,-0.1087346800948111,0.7831116977161299,40.10031402830803,-10.30316305071095,118.8270919957574,16437.0,False,not_significant
miramar,5,Miramar,42,9,2,True,0.0350635259876704,0.1767677145688068,0.8427639326448506,-0.3113948281966471,0.381521880171988,3.5685499654168007,-26.75753631253226,46.451170562882126,16437.0,False,not_significant
miramar,6,Miramar,42,9,2,True,-0.2526185464377111,0.2160677404499759,0.2423377064675894,-0.676103535940612,0.1708664430651899,-22.32358752388678,-49.140514189279486,18.63322955356084,16437.0,False,not_significant
miramar,7,Miramar,42,9,2,True,0.2144066900860837,0.3466516487950911,0.5362407691266944,-0.4650180567337224,0.8938314369058898,23.91264927935708,-37.18762367762955,144.44775934962598,16437.0,False,not_significant
miramar,8,Miramar,42,9,2,True,0.196521179467886,0.4310554037500973,0.648456849775852,-0.6483318872236763,1.0413742461594484,21.716109942962248,-47.70826652825616,183.3107727754436,16437.0,False,not_significant
miramar,9,Miramar,42,9,2,True,0.1965211793138922,0.3132116970383108,0.5303716243162133,-0.4173624664178677,0.8104048250456521,21.716109924218728,-34.12179097215498,124.88181803519672,16437.0,False,not_significant
miramar,10,Miramar,42,9,2,True,0.3506718591414054,0.0908490776529987,0.00011341553162941236,0.1726109389128452,0.5287327793699657,42.00212824495804,18.84036535114959,69.67807500856402,16437.0,True,significant_enhancement
miramar,11,Miramar,42,9,2,True,0.5448278736345856,0.1052381874286452,2.253700024124356e-07,0.338564816476165,0.7510909307930063,72.43115573502533,40.29326791594414,111.9310777330428,16437.0,True,significant_enhancement
miramar,12,Miramar,42,9,2,True,0.0141996225198147,0.030369140570619,0.6400939253449061,-0.0453227992400327,0.0737220442796621,1.4300916035031364,-4.431106362571002,7.650754247779412,16437.0,False,not_significant
nashville,1,Nashville,43,9,3,True,-0.2095942671474077,0.1260503164785538,0.0963559701012877,-0.4566483476852488,0.0374598133904335,-18.90868066435609,-36.6596961451078,3.817027569997711,126017.0,False,not_significant
nashville,2,Nashville,43,9,3,True,-0.1006100621613824,0.1112671184516444,0.3658782410517086,-0.3186896069901576,0.1174694826673927,-9.57144206899092,-27.28987985855249,12.464730818406156,126017.0,False,not_significant
nashville,3,Nashville,43,9,3,True,-0.0590773156064096,0.0851942337738443,0.4880318018930927,-0.2260549454936305,0.1079003142808111,-5.73661139708862,-20.232572814506344,11.393669627085544,126017.0,False,not_significant
nashville,4,Nashville,43,9,3,True,0.1525547170345173,0.0675981070206198,0.0240212136850345,0.0200648618510182,0.2850445722180164,16.480619509174097,2.0267514320151614,32.98212998854284,126017.0,True,significant_enhancement
nashville,5,Nashville,43,9,3,True,0.038505945865922,0.086118322719935,0.6547823711968277,-0.1302828650741481,0.2072947568059922,3.925690762184475,-12.215291648255588,23.03451709516984,126017.0,False,not_significant
nashville,6,Nashville,43,9,3,True,-0.0347751884287453,0.1340198510425621,0.7952665376939813,-0.2974492696855898,0.227898892828099,-3.417748006879806,-25.728973980989306,25.59583326174739,126017.0,False,not_significant
nashville,7,Nashville,43,9,3,True,-0.0366407981763656,0.093488299976832,0.6951104989298593,-0.2198744991068331,0.1465929027541018,-3.597764824867733,-19.738047889130385,15.788249629464657,126017.0,False,not_significant
nashville,8,Nashville,43,9,3,True,0.1195462413883342,0.1353086053492536,0.376961837756381,-0.1456537518945465,0.3847462346712149,12.698535622983156,-13.55430320408758,46.92414315949349,126017.0,False,not_significant
nashville,9,Nashville,43,9,3,True,0.056516662779705,0.1047955247000977,0.5896769965107524,-0.148878791373464,0.2619121169328742,5.814424627780279,-13.832644916281856,29.941234106927816,126017.0,False,not_significant
nashville,10,Nashville,43,9,3,True,0.1886060940874409,0.0877326852733919,0.0315725109228374,0.0166531906846051,0.3605589974902768,20.756519171774613,1.6792628014719255,43.413086608964655,126017.0,True,significant_enhancement
nashville,11,Nashville,43,9,3,True,0.1792965131805871,0.0625944077554695,0.0041777704599253,0.0566137283462521,0.301979298014922,19.63754326650935,5.824696063348922,35.25332262969829,126017.0,True,significant_enhancement
nashville,12,Nashville,43,9,3,True,0.4588152749934268,0.1213796854437016,0.000156828026569,0.2209154630689709,0.6967150869178826,58.21984041753223,24.721799012611267,100.7148557824931,126017.0,True,significant_enhancement
newyork,1,New York,44,9,4,True,0.4376687596621625,0.0727492220189919,1.786363961126984e-09,0.29508290460163,0.580254614722695,54.90917007685252,34.32377146578798,78.64932403279916,164370.0,True,significant_enhancement
newyork,2,New York,44,9,4,True,0.4922508344678676,0.0642419075998814,1.824096598887393e-14,0.3663390092739499,0.6181626596617853,63.59944315355197,44.244416172376354,85.55156941512092,164370.0,True,significant_enhancement
newyork,3,New York,44,9,4,True,0.5961841172516763,0.063571197738741,6.710144740863378e-21,0.4715868592296697,0.7207813752736829,81.5179057737611,60.25351743267397,105.60391212838437,164370.0,True,significant_enhancement
newyork,4,New York,44,9,4,True,0.5180297831044305,0.0534692520278397,3.3788485651703656e-22,0.4132319748495694,0.6228275913592916,67.87169528709904,51.1695660636676,86.4191769042703,164370.0,True,significant_enhancement
newyork,5,New York,44,9,4,True,0.3928259889176694,0.0837308254471828,2.7116460092510715e-06,0.2287165866453812,0.5569353911899577,48.11606285392202,25.698574197671388,74.53155865433357,164370.0,True,significant_enhancement
newyork,6,New York,44,9,4,True,0.4099555615749822,0.0773914298998245,1.1761118397629177e-07,0.2582711462592698,0.5616399768906946,50.67508259914844,29.46898213375213,75.35459182652839,164370.0,True,significant_enhancement
newyork,7,New York,44,9,4,True,0.3234381337185264,0.0549910552619258,4.0619687584753374e-09,0.2156576459333,0.4312186215037528,38.18706624241042,24.067755527824364,53.913200053029,164370.0,True,significant_enhancement
newyork,8,New York,44,9,4,True,0.548062070203427,0.0643607077861586,1.659072317645937e-17,0.4219174009230494,0.6742067394838046,72.9897347775804,52.48825655889229,96.24756039400413,164370.0,True,significant_enhancement
newyork,9,New York,44,9,4,True,0.4693005926863062,0.0697154859476177,1.677441202740042e-11,0.3326607510642673,0.6059404343083451,59.88755368205902,39.46740765081693,83.29751913391618,164370.0,True,significant_enhancement
newyork,10,New York,44,9,4,True,0.5367557908814603,0.0570107889464994,4.731445712505889e-21,0.4250166978161073,0.6484948839468133,71.04487977116396,52.96159606961648,91.26598863819824,164370.0,True,significant_enhancement
newyork,11,New York,44,9,4,True,0.2241545688366747,0.0527655734772874,2.155704483987914e-05,0.1207359451975894,0.32757319247576,25.126441096620034,12.832693288230155,38.75966092124739,164370.0,True,significant_enhancement
newyork,12,New York,44,9,4,True,-0.0979655275254643,0.0659704219010658,0.1375460285829437,-0.2272651784964657,0.0313341234455369,-9.331984127611667,-20.32905159475976,3.183020496025102,164370.0,False,not_significant
newark,1,Newark,45,9,5,True,0.3438905176755744,0.1789864443535417,0.0546911784441732,-0.0069164669782497,0.6946975023293986,41.04242105334348,-0.68926032697324,100.3103048279042,27395.0,False,not_significant
newark,2,Newark,45,9,5,True,1.442502806343932,0.1789864443534271,7.674184771109666e-16,1.0916958216903323,1.7933097909975315,323.1272631601353,197.932219019221,500.93091448372667,27395.0,True,significant_enhancement
newark,3,Newark,45,9,5,True,-11.544311420703847,0.0093215679260477,0.0,-11.562581358118344,-11.52604148328935,-99.99903089852938,-99.9990484431946,-99.99901303037818,27395.0,True,significant_suppression
newark,4,Newark,45,9,5,True,-11.544311420703917,0.009321567926086,0.0,-11.56258135811849,-11.526041483289344,-99.99903089852938,-99.9990484431946,-99.99901303037818,27395.0,True,significant_suppression
newark,5,Newark,45,9,5,True,2.135649986903685,0.1789864443534861,8.070119061582733e-33,1.7848430022499695,2.4864569715574003,746.254526320108,495.8644380382585,1101.8618289673611,27395.0,True,significant_enhancement
newark,6,Newark,45,9,5,True,1.0370376982354312,0.1789864443534773,6.875179000684662e-09,0.6862307135817332,1.387844682889129,182.084842106662,98.62147934606098,300.62060965572243,27395.0,True,significant_enhancement
newark,7,Newark,45,9,5,True,-11.544311420703844,0.0093215679260456,0.0,-11.562581358118337,-11.526041483289353,-99.99903089852938,-99.9990484431946,-99.99901303037818,27395.0,True,significant_suppression
newark,8,Newark,45,9,5,True,0.3438905176755745,0.1789864443535418,0.0546911784441734,-0.0069164669782499,0.694697502329399,41.04242105334348,-0.6892603269732622,100.31030482790425,27395.0,False,not_significant
newark,9,Newark,45,9,5,True,0.3438905176755745,0.1789864443535417,0.0546911784441731,-0.0069164669782496,0.6946975023293986,41.04242105334348,-0.6892603269732289,100.3103048279042,27395.0,False,not_significant
newark,10,Newark,45,9,5,True,1.4425028063437482,0.1789864443535979,7.674184771656833e-16,1.0916958216898138,1.7933097909976825,323.1272631600575,197.9322190190665,500.9309144838173,27395.0,True,significant_enhancement
newark,11,Newark,45,9,5,True,-11.54431142070388,0.0093215679260662,0.0,-11.562581358118411,-11.526041483289346,-99.99903089852938,-99.9990484431946,-99.99901303037818,27395.0,True,significant_suppression
newark,12,Newark,45,9,5,True,-11.544311420703863,0.0093215679260596,0.0,-11.562581358118385,-11.526041483289342,-99.99903089852938,-99.9990484431946,-99.99901303037818,27395.0,True,significant_suppression
oakland,1,Oakland,46,10,1,False,,,,,,,,,,,
oakland,2,Oakland,46,10,1,False,,,,,,,,,,,
oakland,3,Oakland,46,10,1,False,,,,,,,,,,,
oakland,4,Oakland,46,10,1,False,,,,,,,,,,,
oakland,5,Oakland,46,10,1,False,,,,,,,,,,,
oakland,6,Oakland,46,10,1,False,,,,,,,,,,,
oakland,7,Oakland,46,10,1,False,,,,,,,,,,,
oakland,8,Oakland,46,10,1,False,,,,,,,,,,,
oakland,9,Oakland,46,10,1,False,,,,,,,,,,,
oakland,10,Oakland,46,10,1,False,,,,,,,,,,,
oakland,11,Oakland,46,10,1,False,,,,,,,,,,,
oakland,12,Oakland,46,10,1,False,,,,,,,,,,,
oklahomacity,1,Oklahoma City,47,10,2,True,0.4820001440620398,0.0392364538409889,1.0972381681626955e-34,0.4050981076526331,0.5589021804714464,61.93100185830147,49.94496003213473,74.87516324132312,115059.0,True,significant_enhancement
oklahomacity,2,Oklahoma City,47,10,2,True,0.5440953692637056,0.0318196195604491,1.500235428563893e-65,0.4817300609234591,0.6064606776039521,72.30489540853956,61.88727293057492,83.39290324866877,115059.0,True,significant_enhancement
oklahomacity,3,Oklahoma City,47,10,2,True,0.3974256484020902,0.0747795305626007,1.068733827716508e-07,0.2508604617185805,0.5439908350856,48.79891554824085,28.51307468834472,72.28688459930343,115059.0,True,significant_enhancement
oklahomacity,4,Oklahoma City,47,10,2,True,0.3857286146661183,0.0655837367708913,4.066448652919072e-09,0.2571868526236161,0.5142703767086205,47.06854941779783,29.328675820777477,67.24178215377954,115059.0,True,significant_enhancement
oklahomacity,5,Oklahoma City,47,10,2,True,0.3532589821208258,0.0462477434454686,2.1992960364985923e-14,0.262615070601459,0.4439028936401926,42.3699808488534,30.03260888649928,55.877911090710654,115059.0,True,significant_enhancement
oklahomacity,6,Oklahoma City,47,10,2,True,0.3224975925479383,0.073425493256565,1.1222247444350109e-05,0.1785862702179822,0.4664089148778944,38.057156719570685,19.55260171148252,59.4258782212808,115059.0,True,significant_enhancement
oklahomacity,7,Oklahoma City,47,10,2,True,0.3772380712343492,0.0389289392644091,3.3113904707485445e-22,0.3009387523197602,0.4535373901489383,45.82514357684864,35.11265856346575,57.386974139213166,115059.0,True,significant_enhancement
oklahomacity,8,Oklahoma City,47,10,2,True,0.3881655537184815,0.0416388684766667,1.1396045580808635e-20,0.3065548711472146,0.4697762362897485,47.42738356013268,35.87360208360417,59.96362126333305,115059.0,True,significant_enhancement
oklahomacity,9,Oklahoma City,47,10,2,True,0.364708990569766,0.0474526567172229,1.5210992700868312e-14,0.2717034924332664,0.4577144887062656,44.00948659785817,31.219786702670422,58.04577001157889,115059.0,True,significant_enhancement
oklahomacity,10,Oklahoma City,47,10,2,True,0.3020614382717382,0.0530430449538904,1.2362713899557089e-08,0.1980989805317739,0.4060238960117026,35.2644328286454,21.90830533389687,50.0838416081874,115059.0,True,significant_enhancement
oklahomacity,11,Oklahoma City,47,10,2,True,0.1761754518748469,0.0715708667202991,0.0138337117658257,0.0358991307607442,0.3164517729889496,19.26472924983973,3.6551285077921936,37.225006112150936,115059.0,True,significant_enhancement
oklahomacity,12,Oklahoma City,47,10,2,True,0.1789505561987743,0.0667124322570223,0.007309230708404,0.0481965916539425,0.3097045207436062,19.59616098178727,4.937693379451713,36.302230980639735,115059.0,True,significant_enhancement
orlando,1,Orlando,48,10,3,True,-0.5520543988914834,0.1315573561472151,2.7130841016115923e-05,-0.809902078841334,-0.2942067189416328,-42.42342579795852,-55.50983706269301,-25.487755540149735,65748.0,True,significant_suppression
orlando,2,Orlando,48,10,3,True,-0.4316192089309569,0.1154047700783859,0.00018398619922907396,-0.6578084019287189,-0.205430015933195,-35.05433631080204,-48.20146929683561,-18.57029196056461,65748.0,True,significant_suppression
orlando,3,Orlando,48,10,3,True,-0.487035669857864,0.1340125798929134,0.0002787867945421974,-0.749695499923271,-0.224375839792457,-38.5554884616196,-52.7489589706225,-20.09852236180666,65748.0,True,significant_suppression
orlando,4,Orlando,48,10,3,True,-0.2843207975739333,0.1018257682130048,0.0052346399037731,-0.4838956359695462,-0.0847459591783203,-24.74748022772896,-38.36224738014244,-8.12543463416866,65748.0,True,significant_suppression
orlando,5,Orlando,48,10,3,True,-0.284320797545081,0.1074931729459014,0.0081687873651655,-0.495003545102983,-0.073638049987179,-24.74748022555775,-39.04312536915021,-7.099211258825722,65748.0,True,significant_suppression
orlando,6,Orlando,48,10,3,True,-0.4468397271209008,0.070558064677505,2.40538932874378e-10,-0.5851309927076584,-0.3085484615341431,-36.0353581967162,-44.29671102136113,-26.548764425895875,65748.0,True,significant_suppression
orlando,7,Orlando,48,10,3,True,-0.1230526500352767,0.1167604557251272,0.2919333862617287,-0.3518989380750097,0.1057936380044562,-11.578289272662731,-29.664879958912348,11.159246239739652,65748.0,False,not_significant
orlando,8,Orlando,48,10,3,True,-0.0413746190197987,0.1119974466372663,0.7118112174117575,-0.2608855807892873,0.1781363427496899,-4.0530372957519045,-22.963094040771427,19.498823811051214,65748.0,False,not_significant
orlando,9,Orlando,48,10,3,True,-0.2122835018846457,0.0675694889840945,0.0016796632421866,-0.3447172667472468,-0.0798497370220445,-19.126461294335535,-29.157938077843816,-7.674493298013019,65748.0,True,significant_suppression
orlando,10,Orlando,48,10,3,True,-0.357875494826375,0.1145366205158608,0.0017807674073069,-0.5823631459483938,-0.1333878437043562,-30.083988136031525,-44.14231928571457,-12.487438567917009,65748.0,True,significant_suppression
orlando,11,Orlando,48,10,3,True,-0.1370550101467757,0.0881048146124712,0.1198055058450482,-0.3097372736517977,0.0356272533582461,-12.807773975869674,-26.636032261994767,3.626950851305488,65748.0,False,not_significant
orlando,12,Orlando,48,10,3,True,-0.2548380457733359,0.1546907550057646,0.0994751967811768,-0.5580263543259436,0.0483502627792718,-22.4957990873505,-42.76624586122426,4.9538205119883605,65748.0,False,not_significant
overlandpark,1,Overland Park,49,10,4,True,0.1149415482709302,0.0215856214250072,1.0100157181394032e-07,0.0726345076939997,0.1572485888478606,12.180786404617638,7.533743752190936,17.028649791633832,32874.0,True,significant_enhancement
overlandpark,2,Overland Park,49,10,4,True,0.3768953759970633,0.0412236719203446,6.091613774078696e-20,0.2960984637226928,0.4576922882714339,45.77517855654456,34.460254488634725,58.04226136570823,32874.0,True,significant_enhancement
overlandpark,3,Overland Park,49,10,4,True,0.2766852417426113,0.0778199674530126,0.0003773283038891658,0.1241609082566274,0.4292095752285952,31.87512178666776,13.219803635501414,53.604291721234574,32874.0,True,significant_enhancement
overlandpark,4,Overland Park,49,10,4,True,0.5287408029521725,0.0618137825981408,1.1913344522603437e-17,0.4075880153116277,0.6498935905927173,69.67943644000931,50.3187743249556,91.53370082940684,32874.0,True,significant_enhancement
overlandpark,5,Overland Park,49,10,4,True,0.2926069318480753,0.0513497601311803,1.2099977513090362e-08,0.1919632513761911,0.3932506123199594,33.9916008598649,21.16259905590394,48.17896975539091,32874.0,True,significant_enhancement
overlandpark,6,Overland Park,49,10,4,True,0.463564729991647,0.0135630246833165,5.0347479888158294e-256,0.4369816900909189,0.4901477698923752,58.97308576593064,54.80277325498102,63.25574449699823,32874.0,True,significant_enhancement
overlandpark,7,Overland Park,49,10,4,True,0.5244274482947335,0.0664976603346927,3.1101734070610324e-15,0.394094428982558,0.654760467606909,68.94912503091643,48.30405840763954,92.46814386059894,32874.0,True,significant_enhancement
overlandpark,8,Overland Park,49,10,4,True,0.6252565516061706,0.0879040219182541,1.135918211497123e-12,0.4529678345501729,0.7975452686621682,86.87253204213665,57.29735902973563,122.0084523176122,32874.0,True,significant_enhancement
overlandpark,9,Overland Park,49,10,4,True,0.3630714213904563,0.0328995635144755,2.5689362242495993e-28,0.2985894617949962,0.4275533809859163,43.77385408600348,34.795612237710706,53.3501037280832,32874.0,True,significant_enhancement
overlandpark,10,Overland Park,49,10,4,True,0.3873311966543352,0.0633047607050436,9.445074978781267e-10,0.2632561456225233,0.5114062476861472,47.304427782854354,30.115996269908663,66.76346541914222,32874.0,True,significant_enhancement
overlandpark,11,Overland Park,49,10,4,True,0.4484239661819076,0.0645073562096588,3.6137953260878e-12,0.32199187127308,0.5748560610907352,56.584241917734325,37.98735592963103,77.6874747093149,32874.0,True,significant_enhancement
overlandpark,12,Overland Park,49,10,4,True,0.3788548918556067,0.105393430438817,0.0003247995823819663,0.1722875639883978,0.5854222197228156,46.0611073802502,18.80194156996138,79.57490262549014,32874.0,True,significant_enhancement
palmbay,1,Palm Bay,50,10,5,True,-0.1543428212438053,1e-06,0.0,-0.1543447812077898,-0.1543408612798207,-14.302181967877193,-14.30234993234948,-14.30201400307569,5479.0,True,significant_suppression
palmbay,2,Palm Bay,50,10,5,True,-0.5730531559634121,1e-06,0.0,-0.5730551159273967,-0.5730511959994276,-43.61985655000088,-43.6199670529432,-43.61974604684199,5479.0,True,significant_suppression
palmbay,3,Palm Bay,50,10,5,True,0.302415581251752,1e-06,0.0,0.3024136212877675,0.3024175412157366,35.31234426122523,35.31207905416369,35.31260946880654,5479.0,True,significant_enhancement
palmbay,4,Palm Bay,50,10,5,True,0.3824582889252951,1e-06,0.0,0.3824563289613105,0.3824602488892796,46.588372949661625,46.58808564201165,46.58866025787472,5479.0,True,significant_enhancement
palmbay,5,Palm Bay,50,10,5,True,0.0147335088000015,1e-06,0.0,0.014731548836017,0.0147354687639861,1.484258195922017,1.484059290625872,1.4844571016079833,5479.0,True,significant_enhancement
palmbay,6,Palm Bay,50,10,5,True,0.6367847676762046,1e-06,0.0,0.6367828077122201,0.6367867276401892,89.03930448259754,89.0389339727322,89.0396749931891,5479.0,True,significant_enhancement
palmbay,7,Palm Bay,50,10,5,True,0.1865837657266561,1e-06,0.0,0.1865818057626716,0.1865857256906407,20.51255660765683,20.512320407617658,20.51279280815894,5479.0,True,significant_enhancement
palmbay,8,Palm Bay,50,10,5,True,0.3872544611887521,1e-06,0.0,0.3872525012247675,0.3872564211527367,47.293124742683545,47.29283605374679,47.293413432186114,5479.0,True,significant_enhancement
palmbay,9,Palm Bay,50,10,5,True,-0.4012028991730793,1e-06,0.0,-0.4012048591370638,-0.4012009392090947,-33.048579662253296,-33.04871088449728,-33.04844843975212,5479.0,True,significant_suppression
palmbay,10,Palm Bay,50,10,5,True,-0.4012028991688044,1e-06,0.0,-0.401204859132789,-0.4012009392048199,-33.04857966196709,-33.04871088421108,-33.048448439465915,5479.0,True,significant_suppression
palmbay,11,Palm Bay,50,10,5,True,0.1333392512078506,1e-06,0.0,0.1333372912438661,0.1333412111718351,14.263757376149467,14.263533423519736,14.263981329218131,5479.0,True,significant_enhancement
palmbay,12,Palm Bay,50,10,5,True,-0.0112419776032562,1e-06,0.0,-0.0112439375672408,-0.0112400176392717,-1.1179022706398145,-1.1180960758001568,-1.1177084650996316,5479.0,True,significant_suppression
philadelphia,1,Philadelphia,51,11,1,True,0.4258908653263229,0.0576434402674721,1.486435161017868e-13,0.3129117984570917,0.5388699321955541,53.09536858848743,36.74009188377772,71.40687533811312,71227.0,True,significant_enhancement
philadelphia,2,Philadelphia,51,11,1,True,0.306345714676494,0.0552340309317435,2.9174152443865205e-08,0.1980890033293053,0.4146024260236827,35.84518621231354,21.907089036119576,51.37687859637492,71227.0,True,significant_enhancement
philadelphia,3,Philadelphia,51,11,1,True,0.3604129359468854,0.0612240597162765,3.937781159222243e-09,0.2404159839156539,0.480409887978117,43.39214100190312,27.177807952612064,61.67369474374842,71227.0,True,significant_enhancement
philadelphia,4,Philadelphia,51,11,1,True,0.4477750788180096,0.0785321684911706,1.1854567899941681e-08,0.2938548569474839,0.6016953006885354,56.48266933991346,34.15891671880416,82.52104595528937,71227.0,True,significant_enhancement
philadelphia,5,Philadelphia,51,11,1,True,0.2639986140979203,0.0617091713478691,1.884869993099933e-05,0.1430508607402857,0.3849463674555549,30.212639167996947,15.378848271008083,46.95355043993305,71227.0,True,significant_enhancement
philadelphia,6,Philadelphia,51,11,1,True,0.1918172185862632,0.0488591637045264,8.639849790416952e-05,0.0960550174106448,0.2875794197618816,21.1449066353971,10.081962657340648,33.31964701049437,71227.0,True,significant_enhancement
philadelphia,7,Philadelphia,51,11,1,True,0.1736898339938334,0.0411252830460118,2.4061005251082937e-05,0.0930857603696346,0.2542939076180323,18.968650827590693,9.755585802810218,28.95507573679046,71227.0,True,significant_enhancement
philadelphia,8,Philadelphia,51,11,1,True,0.3796127875565568,0.0443033613769761,1.0485328856754809e-17,0.2927797948636208,0.4664457802494929,46.17184842538986,34.01476505410586,59.431755623859495,71227.0,True,significant_enhancement
philadelphia,9,Philadelphia,51,11,1,True,0.3544858374788698,0.0426243194886231,9.058672433604696e-17,0.2709437064156397,0.4380279685420999,42.54475541231509,31.12012560884489,54.96482482156868,71227.0,True,significant_enhancement
philadelphia,10,Philadelphia,51,11,1,True,0.3721407727175015,0.0353036779407718,5.582214144974562e-26,0.3029468354317876,0.4413347100032154,45.083720521427374,35.3842486077756,55.478101601922326,71227.0,True,significant_enhancement
philadelphia,11,Philadelphia,51,11,1,True,0.2612092120103426,0.0362662193976709,5.909731639484517e-13,0.1901287281354797,0.3322896958852055,29.84992986669344,20.94052721229143,39.41566714678242,71227.0,True,significant_enhancement
philadelphia,12,Philadelphia,51,11,1,True,0.272320437435452,0.047768625518678,1.1923099478785245e-08,0.178695651827862,0.3659452230430419,31.30076707191296,19.56567928273289,44.18762588975183,71227.0,True,significant_enhancement
phoenix,1,Phoenix,52,11,2,True,-0.0215056474504974,0.0363444248206197,0.5540394947887646,-0.0927394111377358,0.0497281162367408,-2.1276049841519207,-8.856902188562133,5.098531168600462,180807.0,False,not_significant
phoenix,2,Phoenix,52,11,2,True,-0.1267752779651512,0.0275379600889551,4.151392164300784e-06,-0.1807486879472047,-0.0728018679830977,-11.906838489958917,-16.535491128855504,-7.021496803929239,180807.0,True,significant_suppression
phoenix,3,Phoenix,52,11,2,True,-0.0184880661037945,0.057775390713308,0.7489691036913342,-0.1317257510946081,0.0947496188870191,-1.8318210189526285,-12.341863640308135,9.93835557843732,180807.0,False,not_significant
phoenix,4,Phoenix,52,11,2,True,-0.0332738284386594,0.0472721686915024,0.4815088996375444,-0.1259255765451061,0.0593779196677871,-3.2726343713399,-11.831953795217354,6.11762043279771,180807.0,False,not_significant
phoenix,5,Phoenix,52,11,2,True,-0.0060881403929655,0.0405076528516173,0.8805310458367559,-0.0854816810803867,0.0733054002944557,-0.606964521901665,-8.193003905007036,7.605911550887812,180807.0,False,not_significant
phoenix,6,Phoenix,52,11,2,True,-0.0090478566473434,0.0486798865137256,0.8525511205474676,-0.1044586809857428,0.086362967691056,-0.9007047962174997,-9.918798269748086,9.020196458906238,180807.0,False,not_significant
phoenix,7,Phoenix,52,11,2,True,-0.0292637184851805,0.0414963640785255,0.4806785457877485,-0.1105950975684522,0.0520676605980911,-2.883968223508915,-10.469881482473433,5.344701695732645,180807.0,False,not_significant
phoenix,8,Phoenix,52,11,2,True,-0.0381232504798006,0.040526933633668,0.3468641336403334,-0.1175545808056348,0.0413080798460336,-3.740570662884346,-11.090801693462636,4.217312862957789,180807.0,False,not_significant
phoenix,9,Phoenix,52,11,2,True,-0.1954904232568046,0.0451869745658546,1.5166509653975764e-05,-0.2840552659762072,-0.1069255805374021,-17.756878026094448,-24.72749565277027,-10.14074567237856,180807.0,True,significant_suppression
phoenix,10,Phoenix,52,11,2,True,-0.12652246690917,0.0543324261057781,0.0198763826368038,-0.2330120652691789,-0.020032868549161,-11.884564749367533,-20.785598396412464,-1.983354387205705,180807.0,True,significant_suppression
phoenix,11,Phoenix,52,11,2,True,-0.2510342928351145,0.0404424667612131,5.39385238332581e-10,-0.3303000711330505,-0.1717685145371785,-22.200430857647454,-28.129196246366728,-15.782589833222673,180807.0,True,significant_suppression
phoenix,12,Phoenix,52,11,2,True,-0.1766058462692998,0.0662569293879673,0.0076880829877841,-0.3064670415959292,-0.0467446509426703,-16.18899363633347,-26.395722342515736,-4.566894598464877,180807.0,True,significant_suppression
pittsburgh,1,Pittsburgh,53,11,3,False,,,,,,,,,,,
pittsburgh,2,Pittsburgh,53,11,3,False,,,,,,,,,,,
pittsburgh,3,Pittsburgh,53,11,3,False,,,,,,,,,,,
pittsburgh,4,Pittsburgh,53,11,3,False,,,,,,,,,,,
pittsburgh,5,Pittsburgh,53,11,3,False,,,,,,,,,,,
pittsburgh,6,Pittsburgh,53,11,3,False,,,,,,,,,,,
pittsburgh,7,Pittsburgh,53,11,3,False,,,,,,,,,,,
pittsburgh,8,Pittsburgh,53,11,3,False,,,,,,,,,,,
pittsburgh,9,Pittsburgh,53,11,3,False,,,,,,,,,,,
pittsburgh,10,Pittsburgh,53,11,3,False,,,,,,,,,,,
pittsburgh,11,Pittsburgh,53,11,3,False,,,,,,,,,,,
pittsburgh,12,Pittsburgh,53,11,3,False,,,,,,,,,,,
portland,1,Portland,54,11,4,False,,,,,,,,,,,
portland,2,Portland,54,11,4,False,,,,,,,,,,,
portland,3,Portland,54,11,4,False,,,,,,,,,,,
portland,4,Portland,54,11,4,False,,,,,,,,,,,
portland,5,Portland,54,11,4,False,,,,,,,,,,,
portland,6,Portland,54,11,4,False,,,,,,,,,,,
portland,7,Portland,54,11,4,False,,,,,,,,,,,
portland,8,Portland,54,11,4,False,,,,,,,,,,,
portland,9,Portland,54,11,4,False,,,,,,,,,,,
portland,10,Portland,54,11,4,False,,,,,,,,,,,
portland,11,Portland,54,11,4,False,,,,,,,,,,,
portland,12,Portland,54,11,4,False,,,,,,,,,,,
raleigh,1,Raleigh,55,11,5,True,-0.3830877644252203,0.0809983702625057,2.249917327102292e-06,-0.5418416529461716,-0.224333875904269,-31.824693700543584,-41.83239800188424,-20.09516931478004,65748.0,True,significant_suppression
raleigh,2,Raleigh,55,11,5,True,-0.1874472845523173,0.0465327762645322,5.618520937280258e-05,-0.2786498501314609,-0.0962447189731738,-17.09271780265704,-24.31951480541227,-9.175827511192749,65748.0,True,significant_suppression
raleigh,3,Raleigh,55,11,5,True,-0.1331100369644421,0.067648545096508,0.0491059785275638,-0.2656987489601314,-0.0005213249687527899,-12.463123611250982,-23.332994713331846,-0.0521189102502428,65748.0,True,significant_suppression
raleigh,4,Raleigh,55,11,5,True,0.0368537840169849,0.0612770033785968,0.5475541016821168,-0.0832469356856039,0.1569545037195739,3.754130462498528,-7.987609226348702,16.994238466324152,65748.0,False,not_significant
raleigh,5,Raleigh,55,11,5,True,0.1019034507828141,0.0376302610552068,0.0067686207615834,0.0281494943857684,0.1756574071798598,10.727655988182416,2.85494352947544,19.20296079034556,65748.0,True,significant_enhancement
raleigh,6,Raleigh,55,11,5,True,-0.2896144298443965,0.0716713793417802,5.325421453099626e-05,-0.4300877520765938,-0.1491411076121993,-25.144786869404545,-34.9547986296063,-13.85524504844876,65748.0,True,significant_suppression
raleigh,7,Raleigh,55,11,5,True,0.0175280675967551,0.0293673293450003,0.5506035060382406,-0.0400308402415718,0.0750869754350821,1.768258565434433,-3.924019136917134,7.7977904404690435,65748.0,False,not_significant
raleigh,8,Raleigh,55,11,5,True,0.0744169098696537,0.0691920883839704,0.2821456369014477,-0.0611970913780406,0.210030911117348,7.725583047611062,-5.936217010086608,23.371619491341832,65748.0,False,not_significant
raleigh,9,Raleigh,55,11,5,True,-0.0275130706914042,0.0608636366020017,0.6512369423638003,-0.1468036063994613,0.0917774650166529,-2.713803350819255,-13.653646052122548,9.61208696983693,65748.0,False,not_significant
raleigh,10,Raleigh,55,11,5,True,-0.0275130706913842,0.0655617983441422,0.6747404652353146,-0.1560118342075807,0.1009856928248122,-2.713803350817312,-14.445093443412826,10.6260814182928,65748.0,False,not_significant
raleigh,11,Raleigh,55,11,5,True,0.1324912843873291,0.0732954664543549,0.0706636801200157,-0.0111651900932702,0.2761477588679286,14.166906570044802,-1.110309069045201,31.804260212257997,65748.0,False,not_significant
raleigh,12,Raleigh,55,11,5,True,0.1928869946771035,0.0727429313054692,0.0080105392048482,0.0503134691885126,0.3354605201656945,21.27457390514904,5.160068912939941,39.85843132198343,65748.0,True,significant_enhancement
richmond,1,Richmond,56,12,1,True,-0.0196823857982473,0.0567315489958508,0.7286371607525666,-0.1308741786172845,0.0915094070207898,-1.948995222820482,-12.267184591172253,9.582708511222716,38353.0,False,not_significant
richmond,2,Richmond,56,12,1,True,0.1041558776206526,0.0868435928260176,0.230391815589323,-0.0660544366064027,0.2743661918477081,10.977343027551337,-6.392009410876831,31.569651137088496,38353.0,False,not_significant
richmond,3,Richmond,56,12,1,True,0.172769889470494,0.0597085831912225,0.0038091122958789,0.0557432168477842,0.2897965620932038,18.859256594840424,5.732614533434077,33.61556356681983,38353.0,True,significant_enhancement
richmond,4,Richmond,56,12,1,True,0.1699138064432397,0.0186381654952339,7.762913809045756e-20,0.1333836733346841,0.2064439395517953,18.52026900822685,14.268833328013542,22.929881724265023,38353.0,True,significant_enhancement
richmond,5,Richmond,56,12,1,True,-0.0650413280328521,0.0216755062852696,0.0026937463954102,-0.1075245396986522,-0.022558116367052,-6.2971262977260185,-10.194551580601786,-2.2305584505298626,38353.0,True,significant_suppression
richmond,6,Richmond,56,12,1,True,-0.0663305193562406,0.0256466760581703,0.0097006733821293,-0.1165970807534201,-0.016063957959061,-6.41784939517438,-11.005630362171814,-1.5935620706759024,38353.0,True,significant_suppression
richmond,7,Richmond,56,12,1,True,0.0727004288343439,0.0344448119446682,0.0348036889536304,0.0051898379685392,0.1402110197001487,7.540832732858838,0.5203328505412497,15.05165549016041,38353.0,True,significant_enhancement
richmond,8,Richmond,56,12,1,True,0.1784265083785198,0.0923312116754696,0.0533025741748367,-0.0025393411543447,0.3593923579113844,19.533503293560383,-0.2536119754916632,43.24587278409413,38353.0,False,not_significant
richmond,9,Richmond,56,12,1,True,-0.0038950484154109,0.0859622496245322,0.9638592998900132,-0.1723779617095359,0.164587864878714,-0.3887472553639748,-15.833900258627065,17.89071495347281,38353.0,False,not_significant
richmond,10,Richmond,56,12,1,True,0.2368372705350137,0.0945737357855364,0.0122707651839416,0.0514761545119555,0.422198386558072,26.723488454085363,5.282408088877544,52.53110958875595,38353.0,True,significant_enhancement
richmond,11,Richmond,56,12,1,True,0.1803044432027415,0.0297316594036998,1.3245358640584924e-09,0.1220314615708782,0.2385774248346049,19.758190329829063,12.978964617820507,26.944198856760917,38353.0,True,significant_enhancement
richmond,12,Richmond,56,12,1,True,0.1708793027431901,0.0519833623574639,0.0010119174704899,0.0689937847272657,0.2727648207591144,18.634755148502325,7.142954990078354,31.359127909514896,38353.0,True,significant_enhancement
riverside,1,Riverside,57,12,2,True,-0.1891079394954974,0.0735771928621926,0.0101640461502945,-0.3333165875889525,-0.0448992914020422,-17.23028393411088,-28.345669047557763,-4.39062361527216,32874.0,True,significant_suppression
riverside,2,Riverside,57,12,2,True,-0.0493459971203394,0.1063596631499009,0.6426806627586071,-0.2578071063019572,0.1591151120612783,-4.814826524227578,-22.72557247673829,17.24729046857729,32874.0,False,not_significant
riverside,3,Riverside,57,12,2,True,-0.3814798321429049,0.0456432612446158,6.386801449868628e-17,-0.4709389803193047,-0.292020683966505,-31.71498424563816,-37.558432110569306,-25.32469100022854,32874.0,True,significant_suppression
riverside,4,Riverside,57,12,2,True,-0.267069480965226,0.3559973929815145,0.4531338583420608,-0.9648115497991464,0.4306725878686945,-23.43801263905385,-61.89449971347059,53.82918120956537,32874.0,False,not_significant
riverside,5,Riverside,57,12,2,True,0.2491469914356992,0.1252266220814781,0.0466384460576182,0.0037073222503938,0.4945866606210046,28.293059902133443,0.3714202869791405,63.98202966534674,32874.0,True,significant_enhancement
riverside,6,Riverside,57,12,2,True,-0.2144257474797271,0.1914020927539926,0.2625904313203653,-0.5895669558431476,0.1607154608836932,-19.29952683575325,-44.54326150906181,17.435077253911757,32874.0,False,not_significant
riverside,7,Riverside,57,12,2,True,-0.3516268689932866,0.2189925109752711,0.10834928322653,-0.7808443033888104,0.0775905654022372,-29.645741343995248,-54.19808591025927,8.068010025474415,32874.0,False,not_significant
riverside,8,Riverside,57,12,2,True,-0.3226393321200508,0.1644105068596706,0.0497158241899182,-0.6448780042449807,-0.0004006599951209,-27.57649844234925,-47.52734473860267,-0.0400579741623552,32874.0,True,significant_suppression
riverside,9,Riverside,57,12,2,True,0.2163571686126758,0.0286727418091269,4.4971277574305374e-14,0.1601596273287711,0.2725547098965805,24.154574098834768,17.369821034927323,31.331530829172817,32874.0,True,significant_enhancement
riverside,10,Riverside,57,12,2,True,-0.2404012338830108,0.1135090872328025,0.0341832853564506,-0.4628749567773191,-0.0179275109887025,-21.368769737402417,-37.052866128800055,-1.776776917900691,32874.0,True,significant_suppression
riverside,11,Riverside,57,12,2,True,0.1995500502962333,0.2562475783766437,0.4361333225266087,-0.3026859744475929,0.7017860750400595,22.085331197180057,-26.116892821907545,101.73526348313446,32874.0,False,not_significant
riverside,12,Riverside,57,12,2,True,0.3561191109879283,0.2666914926729008,0.1817708663847024,-0.1665866096341848,0.8788248316100415,42.77776021367339,-15.345050558176364,140.8068157390193,32874.0,False,not_significant
sacramento,1,Sacramento,58,12,3,True,0.5468835417713095,0.2383464603658101,0.0217623755718747,0.0797330636117182,1.0140340199309008,72.7859815447528,8.29979375290364,175.66991943217073,65748.0,True,significant_enhancement
sacramento,2,Sacramento,58,12,3,True,-0.3975780670700554,0.2339972125216388,0.0893056544131598,-0.8562041760952326,0.0610480419551216,-32.80545162151953,-57.52286165550251,6.294997915575018,65748.0,False,not_significant
sacramento,3,Sacramento,58,12,3,True,-0.0409031231312363,0.3485114936358094,0.9065706553227568,-0.723973098855683,0.6421668525932103,-4.007788030733872,-51.51778221367064,90.05947292598388,65748.0,False,not_significant
sacramento,4,Sacramento,58,12,3,True,0.8551849014255875,0.1868956606170042,4.745523197100904e-06,0.4888761377494382,1.2214936651017367,135.18091932474627,63.04827518505694,239.2250838081965,65748.0,True,significant_enhancement
sacramento,5,Sacramento,58,12,3,True,0.2592014693192455,0.146212518764009,0.0762664835393707,-0.0273698015470988,0.54577274018559,29.58948615852792,-2.699864242174377,72.59415716160129,65748.0,False,not_significant
sacramento,6,Sacramento,58,12,3,True,-0.0409031231312636,0.1325011539677782,0.7575496467872708,-0.3006006128181054,0.2187943665555781,-4.007788030736492,-25.962659064444598,24.457532406149383,65748.0,False,not_significant
sacramento,7,Sacramento,58,12,3,True,0.4291005061148427,0.2433266812171026,0.0778204191712358,-0.0478110255483371,0.9060120377780224,53.58753915087857,-4.668607796780488,147.44348778770916,65748.0,False,not_significant
sacramento,8,Sacramento,58,12,3,True,0.6009507630409616,0.1325239367800726,5.769682978413702e-06,0.3412086198625563,0.8606929062193669,82.38520274156976,40.66466646879383,136.47987098780868,65748.0,True,significant_enhancement
sacramento,9,Sacramento,58,12,3,True,0.6769366700184689,0.132956009127365,3.553666348659152e-07,0.4163476806006548,0.9375256594362832,96.78403453687524,51.64130046121074,155.36549825695766,65748.0,True,significant_enhancement
sacramento,10,Sacramento,58,12,3,True,0.4291005061147351,0.1578079092728861,0.0065453519398242,0.119802687464314,0.7383983247651562,53.58753915086205,12.727440426315638,109.2581193470514,65748.0,True,significant_enhancement
sacramento,11,Sacramento,58,12,3,True,0.4897251279309751,0.2359484137351918,0.0379346491489007,0.0272747348006434,0.952175521061307,63.18676034775914,2.7650095227975457,159.13410485199591,65748.0,True,significant_enhancement
sacramento,12,Sacramento,58,12,3,True,-0.0409031231312715,0.1814854533110782,0.8216839620067444,-0.3966080753389102,0.3148018290763672,-4.007788030737247,-32.74024184385471,36.99877923081672,65748.0,False,not_significant
saltlakecity,1,Salt Lake City,59,12,4,False,,,,,,,,,,,
saltlakecity,2,Salt Lake City,59,12,4,False,,,,,,,,,,,
saltlakecity,3,Salt Lake City,59,12,4,False,,,,,,,,,,,
saltlakecity,4,Salt Lake City,59,12,4,False,,,,,,,,,,,
saltlakecity,5,Salt Lake City,59,12,4,False,,,,,,,,,,,
saltlakecity,6,Salt Lake City,59,12,4,False,,,,,,,,,,,
saltlakecity,7,Salt Lake City,59,12,4,False,,,,,,,,,,,
saltlakecity,8,Salt Lake City,59,12,4,False,,,,,,,,,,,
saltlakecity,9,Salt Lake City,59,12,4,False,,,,,,,,,,,
saltlakecity,10,Salt Lake City,59,12,4,False,,,,,,,,,,,
saltlakecity,11,Salt Lake City,59,12,4,False,,,,,,,,,,,
saltlakecity,12,Salt Lake City,59,12,4,False,,,,,,,,,,,
sanantonio,1,San Antonio,60,12,5,True,0.2472066160661243,0.0335892043115999,1.8431787257943428e-13,0.1813729853460309,0.3130402467862178,28.044364567791916,19.88622539645044,36.75765704818858,98622.0,True,significant_enhancement
sanantonio,2,San Antonio,60,12,5,True,0.1843442911031339,0.0284105828324906,8.665012447162998e-11,0.1286605719716602,0.2400280102346075,20.24297376994888,13.73040257800382,27.128475880704865,98622.0,True,significant_enhancement
sanantonio,3,San Antonio,60,12,5,True,0.0431165638171247,0.0467692339324477,0.3565806604707677,-0.0485494502750013,0.1347825779092508,4.405958732880966,-4.738976869681444,14.428796382124176,98622.0,False,not_significant
sanantonio,4,San Antonio,60,12,5,True,0.0541824459431643,0.0458242970522154,0.2370487791993406,-0.0356315258960429,0.1439964177823715,5.567718860658988,-3.500419605491789,15.487997148611113,98622.0,False,not_significant
sanantonio,5,San Antonio,60,12,5,True,-0.0194922062387394,0.0236299693505425,0.4094321021888579,-0.0658060951215881,0.0268216826441092,-1.930346152642892,-6.368759776698574,2.7184621586050284,98622.0,False,not_significant
sanantonio,6,San Antonio,60,12,5,True,0.03140560691001,0.0607105568857722,0.6049463421021724,-0.0875848980674738,0.1503961118874939,3.1903966394379646,-8.385891025889492,16.229455024374605,98622.0,False,not_significant
sanantonio,7,San Antonio,60,12,5,True,0.0680202884384985,0.092621063373157,0.4627090686614347,-0.1135136599826911,0.2495542368596882,7.038702473980019,-10.730799782939949,28.345317303779737,98622.0,False,not_significant
sanantonio,8,San Antonio,60,12,5,True,0.0020972665395131,0.0600587215354134,0.972143320431708,-0.1156156646274172,0.1198101977064435,0.209946734126909,-10.918246979969371,12.728287039867014,98622.0,False,not_significant
sanantonio,9,San Antonio,60,12,5,True,0.0359494971666169,0.0359488188684644,0.3173013767285871,-0.0345088931023272,0.1064078874355611,3.660349375542471,-3.392025179776781,11.22754671812196,98622.0,False,not_significant
sanantonio,10,San Antonio,60,12,5,True,-0.0488448735172641,0.0354115814877128,0.1677876628621215,-0.1182502978687866,0.0205605508342583,-4.767115033457436,-11.152635827770386,2.077337505139587,98622.0,False,not_significant
sanantonio,11,San Antonio,60,12,5,True,-0.009543502286055,0.0590679079206675,0.871645811290495,-0.1253144744526916,0.1062274698805815,-0.9498107591011884,-11.778057651351649,11.207481126243657,98622.0,False,not_significant
sanantonio,12,San Antonio,60,12,5,True,-0.0277252662649628,0.0550397141723692,0.6144497058436003,-0.1356011237621853,0.0801505912322595,-2.73444486102058,-12.680914188098155,8.345021349322712,98622.0,False,not_significant
sanbernardino,1,San Bernardino,61,13,1,True,0.2760126843748926,0.3607839589626678,0.4442501615545445,-0.431110881391713,0.9831362501414982,31.786458020967917,-35.02131424909373,167.28257607872754,38353.0,False,not_significant
sanbernardino,2,San Bernardino,61,13,1,True,0.1526277940262199,0.476655336179443,0.748812341388171,-0.78159949792432,1.08685508597676,16.48913187346468,-54.2326622079369,196.4934929421804,38353.0,False,not_significant
sanbernardino,3,San Bernardino,61,13,1,True,-1.6219671024740792,0.9319393706217344,0.0817850734581809,-3.448534704667604,0.2046004997194452,-80.24902053041728,-96.82078127920956,22.70347662990848,38353.0,False,not_significant
sanbernardino,4,San Bernardino,61,13,1,True,0.6806179905199043,0.136160991838005,5.774001512585205e-07,0.4137473504181623,0.9474886306216465,97.50979469581486,51.24749524440462,157.92241344390865,38353.0,True,significant_enhancement
sanbernardino,5,San Bernardino,61,13,1,True,-0.523354813805941,0.2506835359520121,0.0368238981968199,-1.0146855157890364,-0.0320241118228454,-40.747061591250166,-63.74835824025757,-3.151677009840126,38353.0,True,significant_suppression
sanbernardino,6,San Bernardino,61,13,1,True,0.7240929203085473,0.4474330564332359,0.1055921813144187,-0.1528597557932725,1.6010455964103671,106.28590734843554,-14.174992202707148,395.8214005767864,38353.0,False,not_significant
sanbernardino,7,San Bernardino,61,13,1,True,0.2132672965427961,0.437832617253808,0.6261890384961887,-0.6448688645315775,1.0714034576171698,23.771544409090996,-47.52686515138045,191.94739840885643,38353.0,False,not_significant
sanbernardino,8,San Bernardino,61,13,1,True,-0.1292235022827759,0.5052580627749155,0.7981381488030428,-1.119511108220088,0.8610641036545359,-12.122246519004031,-67.35606508681519,136.56766800339386,38353.0,False,not_significant
sanbernardino,9,San Bernardino,61,13,1,True,0.969388786385527,0.4303342984025644,0.0242817788123115,0.1259490602041884,1.8128285125668653,163.63326044303884,13.422438965260833,512.7755375910623,38353.0,True,significant_enhancement
sanbernardino,10,San Bernardino,61,13,1,True,0.2762416058253483,0.2723908711070094,0.3105174813754077,-0.2576346912618819,0.8101179029125787,31.816630221488683,-22.71224805458769,124.81730372001168,38353.0,False,not_significant
sanbernardino,11,San Bernardino,61,13,1,True,-0.4169055747346997,0.3047471617596374,0.1713003081107585,-1.014199036174391,0.1803878867049915,-34.09168488926244,-63.73071826514779,19.768183789592157,38353.0,False,not_significant
sanbernardino,12,San Bernardino,61,13,1,True,-0.129223502282775,0.3966624298656054,0.7445930703837194,-0.9066675788395068,0.6482205742739566,-12.122246519003957,-59.61321582178844,91.2135297227492,38353.0,False,not_significant
sandiego,1,San Diego,62,13,2,False,,,,,,,,,,,
sandiego,2,San Diego,62,13,2,False,,,,,,,,,,,
sandiego,3,San Diego,62,13,2,False,,,,,,,,,,,
sandiego,4,San Diego,62,13,2,False,,,,,,,,,,,
sandiego,5,San Diego,62,13,2,False,,,,,,,,,,,
sandiego,6,San Diego,62,13,2,False,,,,,,,,,,,
sandiego,7,San Diego,62,13,2,False,,,,,,,,,,,
sandiego,8,San Diego,62,13,2,False,,,,,,,,,,,
sandiego,9,San Diego,62,13,2,False,,,,,,,,,,,
sandiego,10,San Diego,62,13,2,False,,,,,,,,,,,
sandiego,11,San Diego,62,13,2,False,,,,,,,,,,,
sandiego,12,San Diego,62,13,2,False,,,,,,,,,,,
sanfrancisco,1,San Francisco,63,13,3,False,,,,,,,,,,,
sanfrancisco,2,San Francisco,63,13,3,False,,,,,,,,,,,
sanfrancisco,3,San Francisco,63,13,3,False,,,,,,,,,,,
sanfrancisco,4,San Francisco,63,13,3,False,,,,,,,,,,,
sanfrancisco,5,San Francisco,63,13,3,False,,,,,,,,,,,
sanfrancisco,6,San Francisco,63,13,3,False,,,,,,,,,,,
sanfrancisco,7,San Francisco,63,13,3,False,,,,,,,,,,,
sanfrancisco,8,San Francisco,63,13,3,False,,,,,,,,,,,
sanfrancisco,9,San Francisco,63,13,3,False,,,,,,,,,,,
sanfrancisco,10,San Francisco,63,13,3,False,,,,,,,,,,,
sanfrancisco,11,San Francisco,63,13,3,False,,,,,,,,,,,
sanfrancisco,12,San Francisco,63,13,3,False,,,,,,,,,,,
sanjose,1,San Jose,64,13,4,True,0.768132707901085,0.1190727803170474,1.1115021088057904e-10,0.5347543469406222,1.0015110688615478,115.573710229582,70.70288538838996,172.23924444166713,82185.0,True,significant_enhancement
sanjose,2,San Jose,64,13,4,True,0.2961469174512199,0.1803300533281912,0.1005383338705741,-0.057293492402222,0.649587327304662,34.46676974714642,-5.568312113737662,91.47505007016304,82185.0,False,not_significant
sanjose,3,San Jose,64,13,4,True,0.571852798856293,0.1281944740152286,8.164567925531402e-06,0.3205962467693892,0.8231093509431968,77.15463315894031,37.79491171566283,127.75706053964106,82185.0,True,significant_enhancement
sanjose,4,San Jose,64,13,4,True,0.1783638817948638,0.1678886859781971,0.2880569939598479,-0.1506918961341572,0.507419659723885,19.5260175530223,-13.988733812480216,66.09997161230442,82185.0,False,not_significant
sanjose,5,San Jose,64,13,4,True,0.6638716975766373,0.1979966218418394,0.0007995671850445956,0.2758054497060356,1.051937945447239,94.22977852367536,31.759150127648937,186.31944596491104,82185.0,True,significant_enhancement
sanjose,6,San Jose,64,13,4,True,0.3725198962357839,0.1545113022255108,0.0159107833088194,0.0696833086693993,0.6753564838021686,45.13873560009309,7.216858098828327,96.47332467228796,82185.0,True,significant_enhancement
sanjose,7,San Jose,64,13,4,True,0.1603453762921599,0.1325782584023875,0.2264940591923149,-0.0995032353095643,0.4201939878938842,17.391624382429605,-9.471297901998742,52.22568263739309,82185.0,False,not_significant
sanjose,8,San Jose,64,13,4,True,0.1960634588943432,0.0899464015712395,0.0292736975550607,0.0197717512757368,0.3723551665129496,21.660410723621524,1.9968506945341025,45.1148289055308,82185.0,True,significant_enhancement
sanjose,9,San Jose,64,13,4,True,0.4570772842639266,0.1335658577175491,0.0006213678110291409,0.195293013573329,0.7188615549545241,57.94509462364328,21.5667141281134,105.20956821602935,82185.0,True,significant_enhancement
sanjose,10,San Jose,64,13,4,True,0.5597314383242478,0.0491209613069115,4.4302834635316885e-30,0.4634561232767156,0.6560067533717798,75.0202399884031,58.95582115886617,92.70816370407348,82185.0,True,significant_enhancement
sanjose,11,San Jose,64,13,4,True,0.3273994609551984,0.0820105566133987,6.54735057779102e-05,0.1666617236408537,0.488137198269543,38.735556088308186,18.13545733850632,62.92783688118296,82185.0,True,significant_enhancement
sanjose,12,San Jose,64,13,4,True,0.3577048104506828,0.0802530296497495,8.30322678668558e-06,0.2004117626869486,0.514997858214417,43.00434242950912,22.19057897994388,67.36349172265538,82185.0,True,significant_enhancement
santaana,1,Santa Ana,65,13,5,False,,,,,,,,,,,
santaana,2,Santa Ana,65,13,5,False,,,,,,,,,,,
santaana,3,Santa Ana,65,13,5,False,,,,,,,,,,,
santaana,4,Santa Ana,65,13,5,False,,,,,,,,,,,
santaana,5,Santa Ana,65,13,5,False,,,,,,,,,,,
santaana,6,Santa Ana,65,13,5,False,,,,,,,,,,,
santaana,7,Santa Ana,65,13,5,False,,,,,,,,,,,
santaana,8,Santa Ana,65,13,5,False,,,,,,,,,,,
santaana,9,Santa Ana,65,13,5,False,,,,,,,,,,,
santaana,10,Santa Ana,65,13,5,False,,,,,,,,,,,
santaana,11,Santa Ana,65,13,5,False,,,,,,,,,,,
santaana,12,Santa Ana,65,13,5,False,,,,,,,,,,,
scottsdale,1,Scottsdale,66,14,1,True,-0.1618685042754302,0.0748331293736945,0.0305366108949114,-0.308538742698298,-0.0151982658525625,-14.944695872450698,-26.548050561925752,-1.5083355094737685,10958.0,True,significant_suppression
scottsdale,2,Scottsdale,66,14,1,True,-0.2689496702741724,0.0118458823513814,4.084401009931783e-114,-0.2921671730479787,-0.2457321675003661,-23.58182842634165,-25.335629316461173,-21.78683228426963,10958.0,True,significant_suppression
scottsdale,3,Scottsdale,66,14,1,True,-0.0078470977817172,0.0339093949810004,0.8169934407012551,-0.0743082906820213,0.0586140951185868,-0.7816389685561531,-7.1614562861176845,6.036596137320727,10958.0,False,not_significant
scottsdale,4,Scottsdale,66,14,1,True,-0.1990972853199835,0.0032105561149394,0.0,-0.2053898596756096,-0.1928047109643574,-18.052983296252776,-18.56702198257888,-17.535699784826665,10958.0,True,significant_suppression
scottsdale,5,Scottsdale,66,14,1,True,0.0034980686999559,0.0811140891597829,0.9656016587400224,-0.1554826246919894,0.1624787620919013,0.350419408252467,-14.399804990274356,17.64233334127363,10958.0,False,not_significant
scottsdale,6,Scottsdale,66,14,1,True,-0.1194636424348652,0.0230032061458373,2.065461718630491e-07,-0.1645490980096569,-0.0743781868600736,-11.260372919973882,-15.172389274661624,-7.167945118724283,10958.0,True,significant_suppression
scottsdale,7,Scottsdale,66,14,1,True,-0.0157105618537375,0.0070757185992807,0.0263951135774162,-0.0295787154730679,-0.0018424082344071,-1.5587794731176663,-2.9145546634229635,-0.1840712042208814,10958.0,True,significant_suppression
scottsdale,8,Scottsdale,66,14,1,True,-0.0925433345075242,0.0275402585136228,0.0007785988663479343,-0.1465212493191475,-0.0385654196959009,-8.839029404915898,-13.629262105398087,-3.783124210668853,10958.0,True,significant_suppression
scottsdale,9,Scottsdale,66,14,1,True,-0.2434925470704213,0.0368647794475726,3.9746793768451256e-11,-0.315746187085676,-0.1712389070551666,-21.61146817474232,-27.0755481643259,-15.737975849775754,10958.0,True,significant_suppression
scottsdale,10,Scottsdale,66,14,1,True,-0.1222112086759154,0.0610840608678173,0.0454241502527521,-0.2419337680062898,-0.0024886493455409,-11.50385627708247,-21.48918248904248,-0.2485555225017699,10958.0,True,significant_suppression
scottsdale,11,Scottsdale,66,14,1,True,-0.3324142996510354,0.0295980552111705,2.8736961921150837e-29,-0.3904254218773578,-0.2744031774247131,-28.28098703252714,-32.32310990489956,-23.99744116786892,10958.0,True,significant_suppression
scottsdale,12,Scottsdale,66,14,1,True,-0.0114487048209295,0.0714888503153113,0.8727654996535186,-0.1515642767351146,0.1286668670932555,-1.1383417788069838,-14.063735652734078,13.73111852697062,10958.0,False,not_significant
seattle,1,Seattle,67,14,2,False,,,,,,,,,,,
seattle,2,Seattle,67,14,2,False,,,,,,,,,,,
seattle,3,Seattle,67,14,2,False,,,,,,,,,,,
seattle,4,Seattle,67,14,2,False,,,,,,,,,,,
seattle,5,Seattle,67,14,2,False,,,,,,,,,,,
seattle,6,Seattle,67,14,2,False,,,,,,,,,,,
seattle,7,Seattle,67,14,2,False,,,,,,,,,,,
seattle,8,Seattle,67,14,2,False,,,,,,,,,,,
seattle,9,Seattle,67,14,2,False,,,,,,,,,,,
seattle,10,Seattle,67,14,2,False,,,,,,,,,,,
seattle,11,Seattle,67,14,2,False,,,,,,,,,,,
seattle,12,Seattle,67,14,2,False,,,,,,,,,,,
stlouis,1,St. Louis,68,14,3,True,0.0418393027037339,0.0570220210821322,0.4631075894440903,-0.0699218049429289,0.1536004103503968,4.272690189267192,-6.7533268655471606,16.60248622092244,38353.0,False,not_significant
stlouis,2,St. Louis,68,14,3,True,0.2364754991018391,0.0243224934455647,2.4176575999966062e-22,0.1888042879343207,0.2841467102693575,26.67765180774497,20.780454742708176,32.86278398031188,38353.0,True,significant_enhancement
stlouis,3,St. Louis,68,14,3,True,0.2396682438817449,0.0209476749901328,2.6001653389993813e-30,0.1986115553412342,0.2807249324222556,27.08274755884128,21.970808477675053,32.40893397915128,38353.0,True,significant_enhancement
stlouis,4,St. Louis,68,14,3,True,0.2056718338073286,0.1435262682012685,0.1518604427810246,-0.075634482702594,0.4869781503172514,22.83500348914773,-7.284496416539598,62.73910510119447,38353.0,False,not_significant
stlouis,5,St. Louis,68,14,3,True,0.4363816255049965,0.0694494850723642,3.3116349713724086e-10,0.3002631360183105,0.5725001149916825,54.70990945787264,35.021405078450194,77.2693453349588,38353.0,True,significant_enhancement
stlouis,6,St. Louis,68,14,3,True,0.3956561006129759,0.025657420165098,1.1875783185940716e-53,0.3453684811531721,0.4459437200727797,48.535841585831065,41.25103072121388,56.19635568646915,38353.0,True,significant_enhancement
stlouis,7,St. Louis,68,14,3,True,0.7184294928760686,0.280088172148135,0.0103172268350928,0.1694667629700695,1.2673922227820675,105.12092409472764,18.46729713677524,255.1578749441561,38353.0,True,significant_enhancement
stlouis,8,St. Louis,68,14,3,True,1.0939558490084391,0.1517672082096403,5.673072512401908e-13,0.7964975868833527,1.391414111133526,198.60631542436923,121.77597990719444,302.0531513314953,38353.0,True,significant_enhancement
stlouis,9,St. Louis,68,14,3,True,1.1233121645191655,0.1156130097200349,2.573534054220222e-22,0.896714829323618,1.3499094997147134,207.5022334607716,145.15361530628442,285.7076448382237,38353.0,True,significant_enhancement
stlouis,10,St. Louis,68,14,3,True,1.064766441628308,0.2236347907173277,1.924602412698273e-06,0.6264503061321933,1.5030825771244227,190.0161547943494,87.09574517738903,349.55255375772623,38353.0,True,significant_enhancement
stlouis,11,St. Louis,68,14,3,True,0.7161911828357989,0.3269273590142832,0.0284754101459153,0.0754253336070076,1.35695703206459,104.66231331888024,7.834270875158644,288.4355330925206,38353.0,True,significant_enhancement
stlouis,12,St. Louis,68,14,3,True,0.3876025528433052,0.0643681866772966,1.726502111538099e-09,0.2614432252056528,0.5137618804809576,47.34440517480696,29.88032001940204,67.15676195650349,38353.0,True,significant_enhancement
stpetersburg,1,St. Petersburg,69,14,4,True,-0.5030136310087345,0.0030233684651211,0.0,-0.5089393243123662,-0.4970879377051028,-39.52944484087122,-39.886715221865096,-39.170051100197256,43832.0,True,significant_suppression
stpetersburg,2,St. Petersburg,69,14,4,True,-0.2600467377903434,0.1508272878285632,0.0846833171383936,-0.5556627898201837,0.0355693142394968,-22.89844506016574,-42.63081019899867,3.620946971025929,43832.0,False,not_significant
stpetersburg,3,St. Petersburg,69,14,4,True,-0.0800753583416427,0.0478887825053903,0.0945024427656178,-0.1739356473156796,0.0137849306323942,-7.695321550930368,-15.964902524059356,1.3880380876034604,43832.0,False,not_significant
stpetersburg,4,St. Petersburg,69,14,4,True,-0.2886201102333744,0.1008867064475531,0.0042252835306123,-0.4863544213894434,-0.0908857990773054,-25.07031984712652,-38.5136152208201,-8.687801568176601,43832.0,True,significant_suppression
stpetersburg,5,St. Petersburg,69,14,4,True,-0.1318195267076296,0.0658444132130661,0.0452863462456377,-0.2608722051884126,-0.0027668482268467,-12.3500834503667,-22.96206361897346,-0.2763024030095318,43832.0,True,significant_suppression
stpetersburg,6,St. Petersburg,69,14,4,True,0.0397135409481452,0.1216313597658501,0.7440404795322058,-0.1986795435835552,0.2781066254798456,4.0512667224611,-18.018743455992603,32.062700219006835,43832.0,False,not_significant
stpetersburg,7,St. Petersburg,69,14,4,True,0.0606464993119858,0.036391421310669,0.0956127980127509,-0.0106793758031488,0.1319723744271206,6.252324509329421,-1.0622553724041084,14.107679593162503,43832.0,False,not_significant
stpetersburg,8,St. Petersburg,69,14,4,True,-0.3202556705836332,0.0348216906018402,3.6802522215255134e-20,-0.3885049300440368,-0.2520064111232295,-27.40365941431904,-32.19301210427206,-22.276024492687576,43832.0,True,significant_suppression
stpetersburg,9,St. Petersburg,69,14,4,True,0.1256197714689814,0.1566235096240147,0.4225244586296236,-0.1813566665263498,0.4325962094643127,13.38509638237324,-16.586220339668657,54.12537513575846,43832.0,False,not_significant
stpetersburg,10,St. Petersburg,69,14,4,True,-0.0106306647862256,0.0199463062664191,0.5940584448664403,-0.0497247066930127,0.0284633771205614,-1.0574358968713835,-4.850867235687462,2.8872329877240865,43832.0,False,not_significant
stpetersburg,11,St. Petersburg,69,14,4,True,-0.0933223806312528,0.0454903789794769,0.0402207002239184,-0.1824818850741054,-0.0041628761884001,-8.910020349492786,-16.680026285688243,-0.4154223430271164,43832.0,True,significant_suppression
stpetersburg,12,St. Petersburg,69,14,4,True,-0.1107141233431385,0.0412126660225672,0.0072224375444066,-0.1914894644542479,-0.0299387822320292,-10.48053724002026,-17.42716754408018,-2.9495056123525543,43832.0,True,significant_suppression
tallahassee,1,Tallahassee,70,14,5,True,-0.1642654429674887,0.1147081957183422,0.1521355715072384,-0.3890893753070111,0.0605584893720337,-15.148324082219078,-32.23262999877118,6.242973660119455,27395.0,False,not_significant
tallahassee,2,Tallahassee,70,14,5,True,-0.085628238004393,0.0454631134257241,0.0596372147005571,-0.1747343029438717,0.0034778269350855,-8.206457870047036,-16.03199083383007,0.3483881592162507,27395.0,False,not_significant
tallahassee,3,Tallahassee,70,14,5,True,-0.026218879651666,0.0847803069323807,0.7571262506357667,-0.1923852278373837,0.1399474685340515,-2.5878149178603205,-17.501100145833693,15.02133748754253,27395.0,False,not_significant
tallahassee,4,Tallahassee,70,14,5,True,-0.1233096401524389,0.0525079030145251,0.0188541834212417,-0.2262232389646303,-0.0203960413402475,-11.60100985885414,-20.245996022149328,-2.018944902821207,27395.0,True,significant_suppression
tallahassee,5,Tallahassee,70,14,5,True,-0.3360904044309727,0.1127025573940218,0.0028627757671796,-0.5569833578888139,-0.1151974509731316,-28.544149635897853,-42.70652011811968,-10.880983983104777,27395.0,True,significant_suppression
tallahassee,6,Tallahassee,70,14,5,True,-0.0363366126468327,0.0780272835783656,0.6414366134548246,-0.1892672782719229,0.1165940529782573,-3.568436199467251,-17.243471308735934,12.366318936693666,27395.0,False,not_significant
tallahassee,7,Tallahassee,70,14,5,True,-0.1600908137341908,0.1179594662771392,0.1747278337909061,-0.3912871192729507,0.071105491804569,-14.79335938795664,-32.38140178624824,7.369448586312122,27395.0,False,not_significant
tallahassee,8,Tallahassee,70,14,5,True,-0.0432847074233204,0.0821122616401025,0.5980959497549132,-0.2042217829270513,0.1176523680804103,-4.236129559694635,-18.47184643904264,12.485300858074556,27395.0,False,not_significant
tallahassee,9,Tallahassee,70,14,5,True,-0.2044823130160819,0.1168149788323436,0.0800354796727027,-0.4334354643822842,0.0244708383501203,-18.49308420948913,-35.172187170487405,2.4772706608583883,27395.0,False,not_significant
tallahassee,10,Tallahassee,70,14,5,True,-0.2616407268559995,0.0553386546649081,2.267509088815411e-06,-0.3701024969521189,-0.15317895675988,-23.021246197848452,-30.933646389808555,-14.20238325629718,27395.0,True,significant_suppression
tallahassee,11,Tallahassee,70,14,5,True,0.1078923720258873,0.1096818221337494,0.3252703777654795,-0.1070800491149897,0.3228647931667644,11.39278491367779,-10.154625031587594,38.10786070164856,27395.0,False,not_significant
tallahassee,12,Tallahassee,70,14,5,True,-0.2269551688682658,0.1361207105471808,0.0954531486696569,-0.4937468590907416,0.0398365213542099,-20.304349004843804,-38.966473563913695,4.064063776371496,27395.0,False,not_significant
tampa,1,Tampa,71,15,1,True,-0.3787653421246504,0.1029873861314295,0.00023526922621384288,-0.5806169098041722,-0.1769137744451286,-31.52937344661805,-44.04469337057597,-16.214797433575413,54790.0,True,significant_suppression
tampa,2,Tampa,71,15,1,True,-0.2692724444354135,0.1594579185247366,0.0912819168448823,-0.5818042217936197,0.0432593329227926,-23.606490257259917,-44.111090352244055,4.420865742340552,54790.0,False,not_significant
tampa,3,Tampa,71,15,1,True,-0.2169044589315879,0.0904859652757266,0.016525138082286,-0.3942536919783541,-0.0395552258848217,-19.499312315187836,-32.581700027544414,-3.8783131527302617,54790.0,True,significant_suppression
tampa,4,Tampa,71,15,1,True,-0.3475246413515677,0.121707920124505,0.0042982827368155,-0.5860677814288752,-0.1089815012742602,-29.356539378840186,-44.34886879998727,-10.325299397827605,54790.0,True,significant_suppression
tampa,5,Tampa,71,15,1,True,-0.1013915718116149,0.1316695530503556,0.4412727904191128,-0.359459153650798,0.156676010027568,-9.642085251910537,-30.194623617637404,16.961660845451764,54790.0,False,not_significant
tampa,6,Tampa,71,15,1,True,0.010026077923099,0.1823218426038932,0.9561455575384734,-0.3473181671755121,0.3673703230217102,1.0076507438200766,-29.34195182258972,44.39325415795084,54790.0,False,not_significant
tampa,7,Tampa,71,15,1,True,-0.1705578589624594,0.2242640174963503,0.4469422513845522,-0.6101072562835667,0.2689915383586476,-15.68056981302355,-45.67074055951718,30.864406772285857,54790.0,False,not_significant
tampa,8,Tampa,71,15,1,True,0.2349072491325048,0.171029722286484,0.1696007293171395,-0.1003048468348912,0.5701193450999009,26.47914527879516,-9.54383767473006,76.84780980350783,54790.0,False,not_significant
tampa,9,Tampa,71,15,1,True,0.018850916400005,0.1429255163914069,0.8950686970730851,-0.2612779481989417,0.2989797809989518,1.90297166737452,-22.99331488278597,34.8482358231059,54790.0,False,not_significant
tampa,10,Tampa,71,15,1,True,-0.056968324627052,0.1235001301738466,0.6445966598903643,-0.2990241318537999,0.1850874825996957,-5.537600979017066,-25.84584855523214,20.332370540921275,54790.0,False,not_significant
tampa,11,Tampa,71,15,1,True,0.0462159116080982,0.0714663061474496,0.5178383383388707,-0.0938554745490165,0.186287297765213,4.730051088472664,-8.958566922522593,20.47683379126799,54790.0,False,not_significant
tampa,12,Tampa,71,15,1,True,0.0559720865529675,0.062338538432992,0.3692532945243384,-0.0662092036245629,0.178153376730498,5.7568162951699975,-6.406495719425964,19.500859369059388,54790.0,False,not_significant
tucson,1,Tucson,72,15,2,True,-0.3185602188064715,0.045447653680316,2.3936354695930197e-12,-0.4076359832017402,-0.2294844544112029,-27.28047141951449,-33.47790136322855,-20.505667359614456,76706.0,True,significant_suppression
tucson,2,Tucson,72,15,2,True,-0.3012042251775879,0.0241146519423218,8.411605231260279e-36,-0.3484680744842577,-0.2539403758709181,-26.00733543353576,-29.42315533140861,-22.42619466265572,76706.0,True,significant_suppression
tucson,3,Tucson,72,15,2,True,-0.2422363751176796,0.0291918378133786,1.058022486163832e-16,-0.2994513258744363,-0.185021424360923,-21.51293682644535,-25.877519999927166,-16.891352183527786,76706.0,True,significant_suppression
tucson,4,Tucson,72,15,2,True,-0.3290506683528547,0.0630063134172679,1.7652058286479217e-07,-0.4525407734493427,-0.2055605632563667,-28.03934454554789,-36.39898606846393,-18.58092169711889,76706.0,True,significant_suppression
tucson,5,Tucson,72,15,2,True,-0.3669887183368541,0.0602061261436166,1.0907012729006255e-09,-0.4849905572270181,-0.2489868794466901,-30.71825388664795,-38.42969893194106,-22.04097980275973,76706.0,True,significant_suppression
tucson,6,Tucson,72,15,2,True,-0.3241064620347373,0.0417762033011373,8.617051780155675e-15,-0.4059863159157897,-0.2422266081536849,-27.682675221401237,-33.36807146682875,-21.51217024238169,76706.0,True,significant_suppression
tucson,7,Tucson,72,15,2,True,-0.3088292667749766,0.0768195863089361,5.815143498550431e-05,-0.4593928892477575,-0.1582656443021956,-26.569387022188696,-36.833297904026765,-14.637700823693256,76706.0,True,significant_suppression
tucson,8,Tucson,72,15,2,True,-0.435146260541368,0.0628508535633498,4.406995650668018e-12,-0.5583316699231345,-0.3119608511596015,-35.282999527972805,-42.783717551723086,-26.798981498272777,76706.0,True,significant_suppression
tucson,9,Tucson,72,15,2,True,-0.4341864201005475,0.1152038228089985,0.0001639985934792356,-0.6599817636875185,-0.2083910765135764,-35.22085171248921,-48.31392399599152,-18.81105362825633,76706.0,True,significant_suppression
tucson,10,Tucson,72,15,2,True,-0.3088926799176498,0.103008640396606,0.0027112834911216,-0.5107859051914352,-0.1069994546438643,-26.5740433404886,-39.99761683819909,-10.1473836993072,76706.0,True,significant_suppression
tucson,11,Tucson,72,15,2,True,-0.3237353385632652,0.0638156022980329,3.916315967358386e-07,-0.4488116207191413,-0.1986590564073891,-27.65583158393796,-36.161365387185576,-18.017063874342583,76706.0,True,significant_suppression
tucson,12,Tucson,72,15,2,True,-0.4370640238704248,0.0868904957035832,4.903376435775955e-07,-0.6073662660482804,-0.2667617816925693,-35.40699248566901,-45.52162031469504,-23.4144509464578,76706.0,True,significant_suppression
virginiabeach,1,Virginia Beach,73,15,3,True,0.255276892374621,0.0434426980659507,4.198547084588767e-09,0.1701307687741097,0.3404230159751322,29.08189893294677,18.54598623177972,40.554203155878014,54790.0,True,significant_enhancement
virginiabeach,2,Virginia Beach,73,15,3,True,0.3189311076765565,0.0546873634219699,5.480052253637581e-09,0.2117458449600423,0.4261163703930707,37.565654946547376,23.583375178434878,53.12989626273617,54790.0,True,significant_enhancement
virginiabeach,3,Virginia Beach,73,15,3,True,0.3113711578910668,0.0683846238691182,5.282759043570194e-06,0.1773397580112769,0.4454025577708566,36.529586749231854,19.40367077550458,56.11185097451838,54790.0,True,significant_enhancement
virginiabeach,4,Virginia Beach,73,15,3,True,0.3045914709056358,0.0356879231096393,1.4032376263959917e-17,0.2346444269277079,0.3745385148835636,35.6070895414597,26.44590811889529,45.432011264566064,54790.0,True,significant_enhancement
virginiabeach,5,Virginia Beach,73,15,3,True,-0.0608683025887698,0.0359708790043614,0.0906164249283118,-0.1313699299295662,0.0096333247520265,-5.9052848079611415,-12.31066747030358,0.9679874581383308,54790.0,False,not_significant
virginiabeach,6,Virginia Beach,73,15,3,True,0.0656841032226384,0.0915512215085967,0.4730919003045953,-0.1137529936748599,0.2451212001201368,6.788932108252266,-10.752162353731409,27.77761704457049,54790.0,False,not_significant
virginiabeach,7,Virginia Beach,73,15,3,True,0.3620985256736393,0.0174169307772329,5.3276765768410265e-96,0.3279619686290355,0.3962350827182432,43.63404513996305,38.81361785635538,48.62186608101864,54790.0,True,significant_enhancement
virginiabeach,8,Virginia Beach,73,15,3,True,0.1597884758080672,0.0349606699538492,4.865131896559094e-06,0.091266821823131,0.2283101297930033,17.326267130414386,9.556128592296332,25.647493532601008,54790.0,True,significant_enhancement
virginiabeach,9,Virginia Beach,73,15,3,True,0.4200715740716694,0.113262659601871,0.00020822188917238085,0.1980808404587824,0.6420623076845564,52.20704925025754,21.90609392839744,90.03960421435247,54790.0,True,significant_enhancement
virginiabeach,10,Virginia Beach,73,15,3,True,0.2845859667724347,0.0411972826649051,4.919429471032219e-12,0.2038407764883043,0.3653311570565652,32.9211576417588,22.610291350163948,44.0991123523798,54790.0,True,significant_enhancement
virginiabeach,11,Virginia Beach,73,15,3,True,0.3275110114894486,0.0548536276913383,2.363313494997136e-09,0.2199998767930565,0.4350221461858408,38.75103297692088,24.607657706208496,54.49972743692282,54790.0,True,significant_enhancement
virginiabeach,12,Virginia Beach,73,15,3,True,0.1430787852111366,0.1852821438680334,0.4399834729333213,-0.2200675437485775,0.5062251141708509,15.382070209278709,-19.753540533487225,65.90167608995267,54790.0,False,not_significant
visalia,1,Visalia,74,15,4,True,0.3464281836904089,0.0495032220334906,2.5946864606798065e-12,0.2494036513860776,0.4434527159947402,41.40079413517637,28.325991818493044,55.80775413244976,10958.0,True,significant_enhancement
visalia,2,Visalia,74,15,4,True,0.4558043835354226,0.0040909353117936,0.0,0.4477862976612239,0.4638224694096213,57.74417410070212,56.48442490429424,59.01406467724301,10958.0,True,significant_enhancement
visalia,3,Visalia,74,15,4,True,0.5652075435805873,0.0782059214686607,4.931601081791234e-13,0.4119267541242445,0.7184883330369302,75.98129827106435,50.97238512332108,105.1329937979856,10958.0,True,significant_enhancement
visalia,4,Visalia,74,15,4,True,0.4720486592090771,0.1303224585812037,0.00029215450961628253,0.2166213340132049,0.7274759844049493,60.32753959412516,24.187375773972185,106.98496761128229,10958.0,True,significant_enhancement
visalia,5,Visalia,74,15,4,True,0.2626762782628866,0.1267612469591675,0.0382456003953274,0.0142287995875309,0.5111237569382423,30.04056812197917,1.4330510793285178,66.71636293639378,10958.0,True,significant_enhancement
visalia,6,Visalia,74,15,4,True,0.0429570735173648,0.0850599826136111,0.6135441191334295,-0.1237574289309161,0.2096715759656458,4.389308323050667,-11.640585073338292,23.327295695762,10958.0,False,not_significant
visalia,7,Visalia,74,15,4,True,0.3040833021202707,0.161500945201494,0.0597196517792661,-0.0124527339438344,0.6206193381843759,35.53819575779826,-1.2375519495151257,86.00797035618896,10958.0,False,not_significant
visalia,8,Visalia,74,15,4,True,-0.059882075081023,0.0404832375307902,0.1390916867577076,-0.1392277626189521,0.019463612456906,-5.812440236095185,-12.997015438641702,1.965426347215904,10958.0,False,not_significant
visalia,9,Visalia,74,15,4,True,0.2284581697051822,0.0148971140719568,4.41260815775324e-53,0.1992603626505619,0.2576559767598025,25.66609575341068,22.049969707155228,29.38936125749461,10958.0,True,significant_enhancement
visalia,10,Visalia,74,15,4,True,0.1958485453136881,0.0157348038671156,1.4549708390230342e-35,0.16500889643034,0.2266881941970363,21.63426705854392,17.940361114678716,25.443866569845746,10958.0,True,significant_enhancement
visalia,11,Visalia,74,15,4,True,0.4265876941135284,0.0308893122823896,2.2120526398262767e-43,0.3660457545328339,0.4871296336942229,53.20208702642928,44.20212201523843,62.763759237699325,10958.0,True,significant_enhancement
visalia,12,Visalia,74,15,4,True,0.2173586277322475,0.1148293284878142,0.0583732637516347,-0.0077027204727876,0.4424199759372826,24.27897210866652,-0.767313054450447,55.64692828343707,10958.0,False,not_significant
washington,1,Washington,75,15,5,True,0.1825614521792673,0.0528458668042202,0.0005511051274332229,0.0789854565111948,0.2861374478473397,20.0287908995014,8.218858315832156,33.12754236188924,38353.0,True,significant_enhancement
washington,2,Washington,75,15,5,True,0.2708512001012557,0.1812859436425923,0.13516120175639,-0.084462720341583,0.6261651205440945,31.10799673029081,-8.099408503517214,87.04239577487176,38353.0,False,not_significant
washington,3,Washington,75,15,5,True,0.007715429873457,0.1217239638035273,0.9494602165346124,-0.2308591552369136,0.2462900149838276,0.7745270497568901,-20.61487320445385,27.92705273693603,38353.0,False,not_significant
washington,4,Washington,75,15,5,True,-0.0148918398089043,0.2187964404209723,0.9457358559989012,-0.4437249829795736,0.413941303361765,-1.4781504738862972,-35.83581410032999,51.27683298629855,38353.0,False,not_significant
washington,5,Washington,75,15,5,True,-0.1550558663591279,0.0372964517005806,3.219052816673818e-05,-0.2281555684434036,-0.0819561642748522,-14.363266597782188,-20.39995823431875,-7.868765579412596,38353.0,True,significant_suppression
washington,6,Washington,75,15,5,True,0.0460365920784613,0.1113578471057882,0.6793052986821052,-0.1722207776448013,0.2642939618017241,4.71127262869524,-15.82066964916361,30.251102851782186,38353.0,False,not_significant
washington,7,Washington,75,15,5,True,0.0403145073989735,0.0706934421573028,0.5684930680614704,-0.0982420931725055,0.1788711079704526,4.113816836304896,-9.357056318874148,19.58665965611994,38353.0,False,not_significant
washington,8,Washington,75,15,5,True,0.0339774882468587,0.0261290909381578,0.1934741572319687,-0.0172345889407024,0.0851895654344199,3.4561316676998466,-1.7086922950575012,8.892346938489727,38353.0,False,not_significant
washington,9,Washington,75,15,5,True,0.0086667035315047,0.0328493865373015,0.7919097465451427,-0.0557169109958411,0.0730503180588507,0.870436813724984,-5.419315448619377,7.57846669490152,38353.0,False,not_significant
washington,10,Washington,75,15,5,True,0.2604630595326226,0.0515988205247855,4.4681183865598473e-07,0.1593312296592969,0.3615948894059483,29.753078157356548,17.272632409688637,43.561724038848816,38353.0,True,significant_enhancement
washington,11,Washington,75,15,5,True,-0.0844766281877204,0.0575022939779053,0.1418056295506073,-0.1971790534128493,0.0282257970374083,-8.100686633915632,-17.89563905098852,2.862791933824238,38353.0,False,not_significant
washington,12,Washington,75,15,5,True,-0.1233164615040022,0.0226893143475053,5.479591742971192e-08,-0.1677867004590207,-0.0788462225489838,-11.6016128573871,-15.44658324986682,-7.581796812451569,38353.0,True,significant_suppression
